{
  "absence_rates": {
    "note": "Absence rates need to be calculated from politician-level ballot data",
    "annual_ballot_years": [
      2002,
      2003,
      2004,
      2005,
      2006,
      2007,
      2008,
      2009,
      2010,
      2011,
      2012,
      2013,
      2014,
      2015,
      2016,
      2017,
      2018,
      2019,
      2020,
      2021,
      2022,
      2023,
      2024,
      2025
    ]
  },
  "document_productivity": {
    "committee_docs_per_member": {
      "metric": "Committee Documents per Member",
      "count": 7,
      "mean": 0.48142857142857143,
      "median": 0.49,
      "std_dev": 0.19030051422496397,
      "min": 0.26,
      "max": 0.85,
      "P1": 0.2654,
      "P10": 0.314,
      "P25": 0.365,
      "P75": 0.52,
      "P90": 0.6700000000000002,
      "P95": 0.7599999999999998,
      "P99": 0.8319999999999999,
      "inactive_committees": 21
    },
    "committee_total_documents": {
      "metric": "Committee Total Documents",
      "count": 162,
      "mean": 134.58024691358025,
      "median": 32.0,
      "std_dev": 200.54276439885254,
      "min": 1.0,
      "max": 991.0,
      "P1": 1.0,
      "P10": 1.0,
      "P25": 5.0,
      "P75": 218.5,
      "P90": 447.00000000000006,
      "P95": 597.3999999999996,
      "P99": 768.1199999999999
    }
  },
  "ministry_effectiveness": {},
  "coalition_alignment": {},
  "party_effectiveness": {},
  "politician_risk": {
    "risk_level_distribution": {
      "HIGH": 1,
      "MEDIUM": 1,
      "LOW": 1
    }
  },
  "behavioral_patterns": {
    "politician_count": {
      "metric": "Behavioral Politician Count",
      "count": 20,
      "mean": 455.45,
      "median": 291.0,
      "std_dev": 486.89753326006576,
      "min": 3.0,
      "max": 1813.0,
      "P1": 4.9,
      "P10": 13.9,
      "P25": 157.75,
      "P75": 623.5,
      "P90": 1167.1000000000001,
      "P95": 1260.1000000000004,
      "P99": 1702.4199999999992
    },
    "avg_absence_rate": {
      "metric": "Behavioral Avg Absence Rate",
      "count": 20,
      "mean": 14.872500000000002,
      "median": 14.465,
      "std_dev": 1.092688018266494,
      "min": 12.32,
      "max": 16.01,
      "P1": 12.6525,
      "P10": 14.07,
      "P25": 14.07,
      "P75": 15.99,
      "P90": 15.99,
      "P95": 15.991,
      "P99": 16.0062
    }
  },
  "distribution_gaps": [
    {
      "category": "document_productivity",
      "metric": "committee_docs_per_member",
      "issue": "Low sample size",
      "count": 7,
      "recommendation": "Add more test cases"
    },
    {
      "category": "behavioral_patterns",
      "metric": "politician_count",
      "issue": "Low sample size",
      "count": 20,
      "recommendation": "Add more test cases"
    },
    {
      "category": "behavioral_patterns",
      "metric": "avg_absence_rate",
      "issue": "Low sample size",
      "count": 20,
      "recommendation": "Add more test cases"
    },
    {
      "category": "behavioral_patterns",
      "metric": "avg_absence_rate",
      "issue": "Insufficient extreme values",
      "P10": 14.07,
      "P90": 15.99,
      "median": 14.465,
      "recommendation": "Add edge cases at P1-P10 and P90-P99"
    }
  ]
}