column_name,data_type,distinct_count,min_value,max_value,p1,p10,p25,median,p75,p90,p99
crisis_period_votes,bigint,182,0,8884,0.720000000000006,337.8,1309,2774,3939.5,5527.40000000001,7417.54
crisis_absence_rate,numeric,347,0.00,100.00,0,2.75,10.1675,20.565,29.25,35.268,64.8637
crisis_party_discipline,numeric,35,61.20,100.00,83.6093,99.89,99.95,100,100,100,100
normal_period_votes,bigint,168,0,1800,0,72,257,504,729,1097.8,1580.48
normal_absence_rate,numeric,303,0.00,59.70,0,2.31,9.2525,13.9,20.8225,26.085,42.113
absence_rate_change,numeric,365,-45.16,84.27,-21.115,-5.62,0.45,6.1,10.815,16.342,33.998
resilience_score,numeric,384,20.0000,100.0000,20.020265,49.09982,60.122675,71.62485,82.901675,89.51265,100
