column_name,data_type,distinct_count,min_value,max_value,p1,p10,p25,median,p75,p90,p99
crisis_period_votes,bigint,185,0,8922,0.960000000000001,324,1347,2812,3948,5536.2,7454.72
crisis_absence_rate,numeric,349,0.00,79.23,0,3.011,10.64,20.7,28.81,34.924,65.0468999999999
crisis_party_discipline,numeric,38,46.15,100.00,85.0504,99.873,99.95,100,100,100,100
normal_period_votes,bigint,172,0,1809,0,76.4,266,513,737,1104.4,1588.64
normal_absence_rate,numeric,303,0.00,59.19,0,2.472,8.85,13.91,20.535,25.648,40.9462
absence_rate_change,numeric,371,-45.16,68.33,-21.2513,-5.644,0.6325,6.24,10.9975,16.598,33.0848999999996
resilience_score,numeric,386,18.2759,100.0000,20.060795,48.9701,60.2043,71.17605,82.695925,89.76687,100
