column_name,data_type,distinct_count,min_value,max_value,p1,p10,p25,median,p75,p90,p99
total_days,numeric,1827,0,71329,21,441.6,3260.75,7780.5,18525,27106.5,43864.26
total_weighted_exp,numeric,1950,0.0,482569250000.0,35000000,518000000,16434000000,43820000000,81513450000,126974080000,293482909100
govt_days,numeric,92,0,5849,0,0,0,0,0,0,2917.14
riksdag_days,numeric,938,0,12970,0,61,1099,2912,4382,5946.2,9439.50000000001
party_days,numeric,156,0,7583,0,0,0,0,0,0,3153.04000000001
committee_days,numeric,1653,0,59639,0,0,1071,4847.5,13955.75,21616.5,35497.6700000001
total_substitute_days,numeric,1613,0,45026,0,0,694.5,3157,7747.25,15649.3,24862.26
total_leadership_days,numeric,347,0,9960,0,0,0,0,0,1454.7,5439.72000000005
