column_name,data_type,distinct_count,min_value,max_value,p1,p10,p25,median,p75,p90,p99
year,numeric,17,2010,2026,2010,2011,2014,2018,2022,2024,2026
quarter,numeric,4,1,4,1,1,1,2,4,4,4
ballots_participated,bigint,49,5,428,5,36,87.5,129,193.5,255,428
participation_rate,numeric,437,0.0000,0.9126,0,0.13146,0.3681,0.5322,0.80445,0.85938,0.902184
prev_quarter_rate,numeric,413,0.0000,1.0000,0,0.12262,0.369125,0.5573,0.819525,0.875,0.959167
momentum,numeric,419,-0.7781,0.7339,-0.586403,-0.21666,-0.0624,-0.00335,0.0392,0.14548,0.588767
moving_avg_4q,numeric,438,0.0000,0.9025,0.03561,0.21478,0.39105,0.5508,0.77955,0.85572,0.900314
volatility,numeric,409,0.0000,0.4594,0.005749,0.01765,0.035925,0.0929,0.17515,0.27977,0.37359
acceleration,numeric,436,-1.4204,1.2965,-1.112004,-0.35238,-0.11955,0,0.1029,0.3267,0.826022
