column_name,data_type,distinct_count,min_value,max_value,p1,p10,p25,median,p75,p90,p99
total_days,numeric,1841,0,71345,21,425.8,3255,7755.5,18525,27103.5,43867.02
total_weighted_exp,numeric,1956,0.0,482569250000.0,34986000,496775000,16314750000,43820000000,81349950000,126967240000,293372501300
govt_days,numeric,94,0,5849,0,0,0,0,0,0,2917.02
riksdag_days,numeric,941,0,12970,0,59.9,1099,2912,4382,5942.6,9436.49999999999
party_days,numeric,155,0,7724,0,0,0,0,0,0,3194.25999999999
committee_days,numeric,1655,0,59655,0,0,1056,4821.5,13934,21603.9,35484.6499999999
total_substitute_days,numeric,1616,0,45026,0,0,681.5,3148,7708.25,15595.9,24855.18
total_leadership_days,numeric,348,0,9960,0,0,0,0,0,1455,5421.95999999993
