column_name,data_type,distinct_count,min_value,max_value,p1,p10,p25,median,p75,p90,p99
year,numeric,17,2010,2026,2010,2011,2014,2018,2022,2024,2026
quarter,numeric,4,1,4,1,1,1,2,4,4,4
ballots_participated,bigint,49,5,428,5,36,69,128,193.5,255,428
participation_rate,numeric,437,0.0000,0.9085,0,0.13146,0.36775,0.5284,0.804,0.85482,0.899286
prev_quarter_rate,numeric,413,0.0000,1.0000,0,0.12262,0.369125,0.5573,0.819525,0.875,0.959167
momentum,numeric,418,-0.7781,0.7339,-0.586403,-0.21666,-0.0624,-0.00435,0.037075,0.14127,0.588767
moving_avg_4q,numeric,439,0.0000,0.9025,0.03561,0.21556,0.39105,0.5506,0.77955,0.85572,0.900314
volatility,numeric,408,0.0000,0.4594,0.005749,0.01719,0.03575,0.0929,0.17515,0.27977,0.37359
acceleration,numeric,435,-1.4204,1.2965,-1.112004,-0.35238,-0.11955,-0.0011,0.1029,0.32532,0.826022
