column_name,data_type,distinct_count,min_value,max_value,p1,p10,p25,median,p75,p90,p99
total_days,numeric,1825,0,71329,21,441.2,3262.25,7799,18526.25,27107.5,43868.62
total_weighted_exp,numeric,1948,0.0,482569250000.0,35000000,514000000,16434000000,43820000000,81540407500,126976360000,293519711700
govt_days,numeric,92,0,5849,0,0,0,0,0,0,2917.18
riksdag_days,numeric,938,0,12970,0,61.3000000000001,1099,2912,4382,5947.4,9440.50000000001
party_days,numeric,156,0,7580,0,0,0,0,0,0,3154.48000000001
committee_days,numeric,1651,0,59639,0,0,1068.75,4857.5,13980.75,21625.5,35507.2900000001
total_substitute_days,numeric,1613,0,45026,0,0,705.75,3162.5,7772,15667.1,24864.62
total_leadership_days,numeric,348,0,9960,0,0,0,0,0,1454.9,5445.64000000004
