column_name,data_type,distinct_count,min_value,max_value,p1,p10,p25,median,p75,p90,p99
year,numeric,17,2010,2026,2010,2011,2014,2018,2022,2024,2026
quarter,numeric,4,1,4,1,1,1,2,4,4,4
ballots_participated,bigint,48,5,428,5,36,87.5,129,218,255,428
participation_rate,numeric,439,0.0000,0.9366,0,0.13146,0.3681,0.5322,0.80445,0.8597,0.904064
prev_quarter_rate,numeric,413,0.0000,1.0000,0,0.12262,0.369125,0.5573,0.819525,0.875,0.959167
momentum,numeric,421,-0.7781,0.7339,-0.586403,-0.21666,-0.063475,-0.00335,0.0392,0.14463,0.588767
moving_avg_4q,numeric,439,0.0000,0.9025,0.03561,0.21422,0.39105,0.5508,0.77955,0.8563,0.900314
volatility,numeric,413,0.0000,0.4594,0.005749,0.01765,0.03615,0.0929,0.17515,0.27977,0.37359
acceleration,numeric,435,-1.4204,1.2965,-1.112004,-0.35238,-0.11955,-0.0001,0.10415,0.3267,0.826022
