hjid,chamber,committee,decision_type,designation,processed_in,proposal_number,wording,wording_2,wording_3,wording_4
1309105,Avslag,Avslag,"",0,2018/19:UbU12,9,Riksdagen ställer sig bakom det som anförs i motionen om att se över möjligheterna att bygga ut yrkeshögskolan och tillkännager detta för regeringen.,"",,
404583,Avslag, Avslag,Acklamation,0,2005/06:TU5,0,Riksdagen tillkännager för regeringen som sin mening vad i motionen anförs om Norrland som utvecklingsområde för gränslöst resande och upphandlad tågtrafik.,"",,
411038,Avslag,Avslag,"",0,2017/18:MJU16,1,Riksdagen ställer sig bakom det som anförs i motionen om att påtagligt stärka konsumentskyddet i fråga om märkningen av förpackningsdatum på livsmedel och tillkännager detta för regeringen.,"",,
185338,Avslag, Avslag,Acklamation,0,2002/03:UbU10,0,Riksdagen tillkännager för regeringen som sin mening vad  i motionen anförs om vikten av att snarast inrätta en lärlingsutbildning och en yrkeshögskola i syfte att värna och trygga hantverksutbildningarna.,"",,
1159908,Avslag, Avslag,Acklamation,35,2012/13:UbU7,35,Riksdagen tillkännager för regeringen som sin mening vad som anförs i motionen om elevinflytande.,"",,
2149291,=utskottet,Avslag,"",0,2001/02:FöU2,0,Riksdagen tillkännager för regeringen som sin mening vad i motionen anförs om ett upphörande av militär övningsverksamhet på Rinkaby skjutfält samt att diskussioner med Kristianstads kommun inleds om ett kommunalt övertagande av markområdet.,"",,
848479,Bifall, Bifall,Röstning,0,2011/12:FiU41,0,Riksdagen bemyndigar regeringen att under 2012 besluta om ett lån till Irland på högst 600 000 000 euro.,"",,
788435,Avslag, Avslag,Acklamation,0,2008/09:SoU1,0,Riksdagen tillkännager för regeringen som sin mening vad som anförs i motionen om användning av PKU-registret enbart för forskningsändamål.,"",,
1332173,Avslag, Avslag,Acklamation,2,2012/13:JuU1,2,"Riksdagen tillkännager för regeringen som sin mening vad som anförs i motionen om att utvidga antalet säkerhetspersonal, i form av synliga uniformerade vakter, för att ge ökad upplevd och faktiskt trygghet i Sveriges domstolar.","",,
1435982,Avslag,Avslag,"",0,2019/20:KrU10,1,Riksdagen ställer sig bakom det som anförs i motionen om att utifrån en stark upphovsrätt se över översättningsmöjligheter för att utveckla svensk litteratur för utrikeshandel och export och tillkännager detta för regeringen.,"",,
2095156,Avslag, Avslag,Acklamation,4,2004/05:KU26,4,Riksdagen tillkännager för regeringen som sin mening vad i motionen anförs om att utreda en förstärkt valfrihet när det gäller konsumentens möjlighet att välja tv-utbud.,"",,
1108046,Avslag, Avslag,Acklamation,0,2005/06:SoU17,0,Riksdagen tillkännager för regeringen som sin mening vad i motionen anförs om att se över tillgången på psykoterapeuter med annat arbetsspråk än svenska och i vilken mån de finns att tillgå i den offentliga sektorn.,"",,
173267,Avslag,Avslag,"",0,2020/21:MJU11,2,"Riksdagen ställer sig bakom det som anförs i motionen om att avsteg från gällande regler ska kunna göras om en avloppsanläggning ligger i ett område där miljöpåverkan är lägre, och detta tillkännager riksdagen för regeringen.","",,
512714,Avslag, Avslag,Acklamation,3,2005/06:FiU19,3,Riksdagen tillkännager för regeringen som sin mening vad i motionen anförs om att miljökrav alltid skall vara obligatoriskt vid upphandling.,"",,
1100598,Avslag,Avslag,"",0,2016/17:MJU24,1,Riksdagen ställer sig bakom det som anförs i motionen om odling av sjöpungar och tillkännager detta för regeringen.,"",,
1368182,Avslag, Avslag,Acklamation,0,2008/09:KrU3,0,Riksdagen tillkännager för regeringen som sin mening vad som anförs i motionen om att skapa ett nationellt centrum för dokumentärfotografi vid Västerbottens museum i Umeå.,"",,
1850488,=utskottet,"","",0,2001/02:KU34,0,Riksdagen tillkännager för regeringen som sin mening vad i motionen anförs om hanteringen av skattemedel inom EU.,"",,
2081468,Avslag, Avslag,Röstning,0,2011/12:TU10,0,Riksdagen tillkännager för regeringen som sin mening vad som anförs i motionen om en koldioxidoberoende fordonsflotta 2030.,"",,
870190,Avslag,Avslag,"",0,2024/25:MJU4,3,Riksdagen avslår proposition 2023/24:152 i den del som avser förslag om att tillståndsmyndigheten ska få förlänga giltigheten för ett vid tidpunkten för ansökan gällande tillstånd för en miljöfarlig verksamhet eller en vattenverksamhet eller ett gällande Natura 2000-tillstånd (giltighetsförlängning).,"",,
1566959,Avslag,Avslag,"",0,2014/15:UbU12,1,Riksdagen tillkännager för regeringen som sin mening vad som anförs i motionen om behovet av att Capellagårdens utbildningar inordnas under samma förordning vad gäller yrkesutbildningar.,"",,
2144769,Avslag, Avslag,Röstning,2,2003/04:NU1,2,"Riksdagen tillkännager för regeringen som sin mening vad i motionen anförs om att utreda förutsättningarna för att inrätta s.k. ""one stop shops"" med en god regional spridning.","",,
1917786,Avslag, Avslag,Acklamation,2,2003/04:TU10,2,Riksdagen tillkännager för regeringen som sin mening vad i motionen anförs om att en upprustning av riksväg 45 skall ges extra hög prioritet och snarast genomföras.,"",,
685537,Avslag, Avslag,Röstning,0,2008/09:CU15,0,Riksdagen tillkännager för regeringen som sin mening vad som anförs i motionen om att i sambolagstiftningen införa arvsrätt mellan sambor.,"",,
2141649,Avslag, Avslag,Acklamation,0,2008/09:UbU8,0,Riksdagen tillkännager för regeringen som sin mening vad som anförs i motionen om att avveckla Centrala studiestödsnämnden.,"",,
481618,Bifall,Bifall,"",1,2016/17:MJU21,1,Riksdagen antar regeringens förslag till lag om ändring i lagen (2009:1424) om kontroll av skyddade beteckningar på jordbruksprodukter och livsmedel. ,"",,
334236,Avslag, Avslag,Acklamation,23,2008/09:SoU13,23,"Riksdagen tillkännager för regeringen som sin mening vad som anförs i motionen om uppdrag till Socialstyrelsen att sprida den kunskap som finns i fråga om tortyr- och traumaskador till primärvård, socialtjänst, barnavård och psykiatri.","",,
269352,Avslag, Avslag,Acklamation,0,2007/08:SoU11,0,"Riksdagen tillkännager för regeringen som sin mening vad som anförs i motionen om att utreda och uppmärksamma sällskapsdjurens positiva effekter på människan och hur de kan nyttjas än mer i samhällets tjänst inom vården, äldreomsorgen, skolan och kriminalvården.","",,
1419934,Avslag, Avslag,Röstning,0,2010/11:UbU7,0,Riksdagen tillkännager för regeringen som sin mening vad som anförs i motionen om god elevhälsovård.,"",,
2106843,"","","",0,2018/19:SoU8,1,Riksdagen ställer sig bakom det som anförs i motionen om att se över förutsättningarna för att ta fram progressiva nationella riktlinjer enligt intentionerna i motionen och tillkännager detta för regeringen.,"",,
1958753,=utskottet,avslag,"",1,2000/01:KU15,1,Riksdagen begär att regeringen lägger fram förslag till ändring i lagen om allmänna helgdagar (1989:253) i enlighet med vad som anförs i motionen.,"",,
424635,Avslag, Avslag,Acklamation,0,2006/07:MJU7,0,Riksdagen tillkännager för regeringen som sin mening vad som i motionen anförs om att stöd för ekologisk produktion även bör kunna innefatta stöd till ekologisk fritidsodling.,"",,
1256898,Avslag, Avslag,Acklamation,0,2009/10:SoU1,0,Riksdagen tillkännager för regeringen som sin mening vad som anförs i motionen om att komplettera socialtjänstlagen med skrivningar om kommuners skyldighet att erbjuda behandling av spelmissbruk.,"",,
95954,Avslag, Avslag,Röstning,3,2012/13:JuU22,3,Riksdagen tillkännager för regeringen som sin mening vad som anförs i motionen om en uppföljning av lagens konsekvenser med återrapportering till riksdagen.,"",,
903638,Avslag,Avslag,"",0,2017/18:SoU18,2,"Riksdagen ställer sig bakom det som anförs i motionen om att tillgängligheten för patienter som har behov av högspecialiserad vård bör säkerställas och därför bör det nordiska samarbetet utökas, och detta tillkännager riksdagen för regeringen.","",,
715554,"","","",0,2025/26:SoU14,1,Riksdagen ställer sig bakom det som anförs i motionen om en tandvårdsreform som säkerställer att alla har ekonomisk tillgång till nödvändig tandvård och tillkännager detta för regeringen.,"",,
2121241,Avslag,Avslag,"",0,2020/21:NU13,17,Riksdagen ställer sig bakom det som anförs i motionen om att underlätta steget till export för små och medelstora företag och tillkännager detta för regeringen.,"",,
2064471,=utskottet,Avslag,"",0,2001/02:UbU9,0,"Riksdagen tillkännager för regeringen som sin mening vad i motionen anförs om behovet av en samlad treårig utbildning inom hotell, restaurang och turism med möjlighet till ett fjärde utbildningsår, vilket avslutas med gesällprov.","",,
1609523,Avslag,Avslag,"",0,2014/15:JuU1,1,Riksdagen tillkännager för regeringen som sin mening vad som anförs i motionen om att det är angeläget att finna mer långsiktiga förutsättningar för brottsofferjourernas viktiga verksamhet.,"",,
1458966,Avslag,Avslag,"",0,2019/20:CU11,1,Riksdagen ställer sig bakom det som anförs i motionen om en enklare metod för att ombilda gamla stiftelser och tillkännager detta för regeringen.,"",,
1825133,Bifall,Bifall,"",0,2016/17:SfU10,1,"Riksdagen ställer sig bakom det som anförs i motionen om att regeringen bör se till att Försäkringskassan regelbundet mäter storleken på felaktiga utbetalningar, och detta tillkännager riksdagen för regeringen.","",,
308724,Avslag,Avslag,"",0,2015/16:UbU14,1,Riksdagen ställer sig bakom det som anförs i motionen om en hårdare granskning av de konfessionella friskolorna och om att de ska följa styrdokument och lagstiftning och tillkännager detta för regeringen.,"",,
2205811,Avslag,Avslag,"",0,2017/18:FöU2,4,"Riksdagen ställer sig bakom det som anförs i motionen om vikten av att kunna återanvända kärnavfall som nytt kärnbränsle i fjärde generationens kärnreaktorer och om att regeringen bör vidta åtgärder för att möjliggöra detta, och riksdagen tillkännager detta för regeringen.","",,
1522248,Avslag,Avslag,"",0,2017/18:FiU20,1,Riksdagen godkänner de riktlinjer för den ekonomiska politiken och budgetpolitiken som anförs i motionen.,"",,
1779146,Avslag,Avslag,"",0,2023/24:NU14,2,Riksdagen ställer sig bakom det som anförs i motionen om att överväga möjligheten att starta ett utvecklingsprojekt med målet att driva tågen på Kinnekullebanan med vätgas och tillkännager detta för regeringen.,"",,
1138142,"","","",0,2025/26:AU11,1,Riksdagen ställer sig bakom det som anförs i motionen om att verka för högre ambitioner och större insatser för att minska ojämställdheten på arbetsmarknaden genom att stärka kvinnors möjlighet till heltidsarbete och tillgång till tryggare anställningsformer genom hela arbetslivet och tillkännager detta för regeringen.,"",,
1151459,Avslag,Avslag,"",0,2015/16:UbU14,1,Riksdagen ställer sig bakom det som anförs i motionen om att överväga möjligheten att erbjuda barn och unga minst 100 timmars idrottande under skoltid och tillkännager detta för regeringen.,"",,
830874,Avslag, Avslag,Acklamation,0,2013/14:MJU8,0,Riksdagen tillkännager för regeringen som sin mening vad som anförs i motionen om att man bör se över Naturvårdsverkets regeringsuppdrag när det gäller hållbar återföring av fosfor.,"",,
1715167,Avslag,Avslag,"",0,2023/24:TU14,1,Riksdagen ställer sig bakom det som anförs i motionen om att utreda om en formell utbildning för piloter som flyger fallskärmshoppare ska krävas och tillkännager detta för regeringen.,"",,
1999884,Avslag,Avslag,"",0,2024/25:FöU6,2,Riksdagen ställer sig bakom det som anförs i motionen om att skapa bättre förutsättningar för nyrekrytering av deltidsbrandmän och tillkännager detta för regeringen.,"",,
1714471,Avslag, Avslag,Acklamation,0,2007/08:SoU14,0,Riksdagen tillkännager för regeringen som sin mening vad i motionen anförs om tydligare och mer precisa mål i den nationella strategin för att förverkliga barnkonventionen.,"",,
157261,Avslag, Avslag,Acklamation,7,2012/13:FöU3,7,"Riksdagen tillkännager för regeringen som sin mening vad som anförs i motionen om gränsvärdena för strålning i intervallet 0,1 MHz-300 GHz.","",,
997452,Avslag,Avslag,"",0,2021/22:TU12,1,"Riksdagen ställer sig bakom det som anförs i motionen om grunderna inför trafikupphandling, biogasproduktionens förutsättningar och att utreda möjligheten till statliga insatser för att möjliggöra omställningen till förnybart och tillkännager detta för regeringen.","",,
746929,"","","",0,2018/19:SoU8,2,Riksdagen ställer sig bakom det som anförs i motionen om att följa upp journalföringen efter att ett nationellt system har införts och tillkännager detta för regeringen.,"",,
3282057,Avslag,Avslag,"",0,2024/25:UU15,15,Riksdagen ställer sig bakom det som anförs i motionen om att Sverige ska kräva att EU ser över sina handelsavtal med Israel för att förhindra handel med varor producerade i de illegala bosättningarna på ockuperade områden och tillkännager detta för regeringen.,"",,
1844387,Avslag,Avslag,"",0,2021/22:SoU22,2,Riksdagen ställer sig bakom det som anförs i motionen om informationsinsatser och tillkännager detta för regeringen.,"",,
308251,Avslag,Avslag,"",0,2016/17:SoU10,2,Riksdagen ställer sig bakom det som anförs i motionen om att tillsätta en utredning med syfte att se över vilka ytterligare områden inom sjukvården som ska omfattas av vårdvalet och tillkännager detta för regeringen.,"",,
505823,Bifall,Bifall,"",0,2017/18:CU2,1,Riksdagen ställer sig bakom det som anförs i motionen om en översyn av lagstiftningen om sjöfylleri och tillkännager detta för regeringen.,"",,
996808,Avslag,Avslag,"",6,2002/03:SfU4,6,Riksdagen tillkännager för regeringen som sin mening att kommunerna har skyldighet att erbjuda asylsökande ungdomar gymnasieutbildning t.o.m. det år de fyller 20 år.,"",,
1558520,Bifall,Bifall,"",0,2016/17:KU15,1,"Riksdagen ställer sig bakom det som anförs i motionen om att överväga att se över möjligheten till att i offentlighets- och sekretesslagen införa en sekretessbrytande klausul som möjliggör för hemtjänstpersonal att anmäla djurplågeri, och detta tillkännager riksdagen för regeringen.","",,
1510899,Avslag,Avslag,"",0,2014/15:SoU7,1,Riksdagen tillkännager för regeringen som sin mening vad som anförs i motionen om att se över möjligheterna att utforma nationella riktlinjer för it-användning i vård och omsorg.,"",,
1536701,Avslag,Avslag,"",0,2016/17:TU16,1,Riksdagen ställer sig bakom det som anförs i motionen om att främja användning och försäljning av elcyklar i Sverige och tillkännager detta för regeringen.,"",,
1143268,Avslag, Avslag,Acklamation,0,2013/14:CU19,0,Riksdagen tillkännager för regeringen som sin mening vad som anförs i motionen om att se över behovet av en förändrad lagstiftning för flersamma förhållanden.,"",,
403995,Avslag,Avslag,"",0,2021/22:CU10,5,Riksdagen ställer sig bakom det som anförs i motionen om att i väntan på resultat och politisk behandling av utredningsarbetet införa ett generellt hyresstopp och även ett generellt prisstopp på bostadsrätter och villor och tillkännager detta för regeringen.,"",,
2019189,Avslag,Avslag,"",0,2024/25:KrU5,1,Riksdagen ställer sig bakom det som anförs i motionen om det som avser utbildning samt myndigheten Forum för levande historia och tillkännager detta för regeringen.,"",,
982815,Avslag,Avslag,"",0,2021/22:TU16,1,Riksdagen ställer sig bakom det som anförs i motionen om att i infrastrukturplaneringen studera förutsättningarna att lösa trafiksituationen i Örnsköldsvik så att luftkvaliteten och stadens utvecklingsmöjligheter säkerställs och tillkännager detta för regeringen.,"",,
2018155,Avslag, Avslag,Röstning,0,2013/14:JuU1,0,Riksdagen tillkännager för regeringen som sin mening vad som anförs i motionen om att den polisiära närvaron och andra relevanta samhällsinstitutioners närvaro kopplad till landsbygden är viktig.,"",,
3270656,Avslag,Avslag,"",0,2021/22:UbU1,1,Riksdagen anvisar anslagen för 2022 inom utgiftsområde 16 Utbildning och universitetsforskning enligt förslaget i tabell 1 i motionen.,"",,
1450206,Avslag, Avslag,Acklamation,3,2002/03:UbU7,3,Riksdagen tillkännager för regeringen som sin mening vad i motionen anförs om att möjligheten att införa ett barntillägg i studiemedelssystemet bör övervägas.,"",,
312191,"","","",0,2025/26:SoU17,1,"Riksdagen ställer sig bakom det som anförs i motionen om att se över hur man kan förenkla och sänka trösklarna för att anmäla sig som organdonator, exempelvis genom att införa en kryssruta på deklarationsblanketten, och tillkännager detta för regeringen.","",,
1751583,Avslag,Avslag,"",0,2019/20:KU15,5,"Riksdagen ställer sig bakom det som anförs i motionen om att revisorer som granskar politiker inte ska tillsättas av politiker, och detta tillkännager riksdagen för regeringen.","",,
1595393,Avslag,Avslag,"",0,2019/20:UU14,15,"Riksdagen ställer sig bakom det som anförs i motionen om att regeringen ska arbeta för att utreda en utvidgning av svanmärkningen till nya produktgrupper, bl.a. inom området cirkulära produkter, och tillkännager detta för regeringen.","",,
1379537,Avslag, Avslag,Röstning,0,2013/14:SkU19,0,Riksdagen tillkännager för regeringen som sin mening vad som anförs i motionen om beskattning av biodrivmedel.,"",,
1292630,Avslag, Avslag,Röstning,0,2012/13:SfU1,0,Riksdagen tillkännager för regeringen som sin mening vad som anförs i motionen om att se över möjligheterna att en studie-SGI fastställs som grund för beräkning av föräldrapenning.,"",,
348895,=utskottet,avslag,"",1,2000/01:NU3,1,Riksdagen tillkännager för regeringen som sin mening vad i motionen anförs om behovet av åtgärder för att säkra försörjningstryggheten av el vid situationer med extremt stor elförbrukning.,"",,
442903,Avslag,Avslag,"",0,2021/22:KU29,1,"Riksdagen ställer sig bakom det som anförs i motionen om att snarast möjligt införa förbud i offentliga miljöer (skolor, gator, torg, butiker, offentliga kontor) mot att bära ansiktstäckande slöja och tillkännager detta för regeringen.","",,
1994306,Avslag, Avslag,Acklamation,0,2012/13:KU17,0,Riksdagen tillkännager för riksdagsstyrelsen som sin mening vad som anförs i motionen om ett digitaliserat system för att förenkla signering och motionsinlämning i riksdagen.,"",,
1112100,Avslag, Avslag,Acklamation,2,2005/06:JuU22,2,Riksdagen tillkännager för regeringen som sin mening vad som i motionen anförs om behovet av skärpta straff vid köp av sexuella tjänster.,"",,
188187,Avslag, Avslag,Röstning,14,2012/13:UU8,14,"Riksdagen tillkännager för regeringen som sin mening vad som anförs i motionen om att Sverige ska stoppa all vapenhandel, kalla hem militärattachén från Tel Aviv och avbryta allt militärt samarbete med Israel.","",,
743420,Avslag,Avslag,"",0,2023/24:UU15,1,Riksdagen ställer sig bakom det som anförs i motionen om att flytta Sveriges ambassad till Jerusalem och tillkännager detta för regeringen.,"",,
280662,Avslag, Avslag,Acklamation,0,2012/13:TU2,0,Riksdagen tillkännager för regeringen som sin mening vad som anförs i motionen om att överväga en återföring av det löpande och avhjälpande underhållet till Trafikverket.,"",,
1289394,Avslag,Avslag,"",0,2018/19:UU10,5,Riksdagen ställer sig bakom det som anförs i motionen om att regeringen ska verka för att hjälpa vissa bönder inom UNODC:s skördeutbytesprogram att lättare kunna sälja sina produkter i Europa och tillkännager detta för regeringen.,"",,
139977,Avslag,Avslag,"",0,2015/16:TU17,1,Riksdagen ställer sig bakom det som anförs i motionen om att skapa rimliga villkor för föreningsdriven passagerartrafik och båtcharterverksamheten i Sverige och tillkännager detta för regeringen.,"",,
1495803,=utskottet,avslag,"",1,2000/01:SkU15,1,Riksdagen tillkännager för regeringen som sin mening att momsen på bilar importerade från tredje land till EU bör sänkas till en sådan nivå att svenska staten inte förlorar intäkter på försäljning riktad mot svenska konsumenter.,"",,
3306289,Avslag, Avslag,Röstning,3,2008/09:SkU6,3,Riksdagen tillkännager för regeringen som sin mening vad som anförs i motionen om satsningar på och investeringar i kollektivtrafik i Stockholm.,"",,
920741,"","","",0,2025/26:KrU7,1,Riksdagen ställer sig bakom det som anförs i motionen om att se över förutsättningarna för ett nationellt centrum för keramisk konst på Kullahalvön och tillkännager detta för regeringen.,"",,
178262,Bifall, Avslag,"",0,2012/13:FöU8,0,Riksdagen tillkännager för regeringen som sin mening vad som anförs i motionen om hjärtstartare i miljöer där många människor vistas.,"",,
563253,Avslag,Avslag,"",0,2021/22:MJU22,1,Riksdagen ställer sig bakom det som anförs i motionen om att inom ramen för EU-samarbetet verka för att minska incitamenten att överanvända antibiotika och tillkännager detta för regeringen.,"",,
616290,Avslag, Avslag,Röstning,3,2010/11:SoU14,3,Riksdagen tillkännager för regeringen som sin mening vad som anförs i motionen om 24-timmarsregeln på apotek.,"",,
352136,Avslag, Avslag,Acklamation,0,2003/04:BoU1,0,"Riksdagen anvisar med följande ändringar i förhållande till regeringens förslag anslagen under utgiftsområde 18 Samhällsplanering, bostadsförsörjning och byggande enligt följande uppställning:","",,
2240163,=utskottet,Avslag,"",2,2001/02:FiU11,2,"Riksdagen anvisar med följande förändringar i förhållande till regeringens förslag anslagen för 2001 under utgiftsområde 2 Samhällsekonomi och finansförvaltning enligt uppställning: 
Anslag Uo2 (tusental kr)	Regeringens förslag	Anslagsförändring
2:10 Avsättning för garantiverksamhet	501 400	-200 000
Totalt för Uo2	2 112 411	-200 000","",,
1684142,"","","",0,2025/26:SfU18,1,Riksdagen ställer sig bakom det som anförs i motionen om att utreda hur basinkomst kan utformas och tillkännager detta för regeringen.,"",,
2021999,Avslag,Avslag,"",0,2018/19:JuU11,1,"Riksdagen ställer sig bakom det som anförs i motionen om behovet av att förbättra förutsättningarna för det demokratiska samtalet i Sverige, genom att på ett strategiskt och effektivt sätt motverka hatbrott på nätet, och tillkännager detta för regeringen.","",,
3349786,Avslag,Avslag,"",0,2020/21:JuU27,1,Riksdagen ställer sig bakom det som anförs i motionen om att ändra vapenlagen (1996:67) i enlighet med motionens intention och tillkännager detta för regeringen.,"",,
348297,=utskottet,avslag,"",27,2000/01:NU2,27,Riksdagen anvisar med följande ändringar i förhållande till regeringens förslag anslagen under utgiftsområde 19 Regional utjämning och utveckling enligt tabell i motionen,"",,
2204432,=utskottet,avslag,"",3,2000/01:UU10,3,Riksdagen tillkännager för regeringen som sin mening vad i motionen anförs om en strategi för relationerna med Turkiet inkluderande ett sändebud för mänskliga rättigheter.,"",,
1040030,Avslag,Avslag,"",0,2021/22:UU7,1,Riksdagen ställer sig bakom det som anförs i motionen om skydd för kristna i världen och tillkännager detta för regeringen.,"",,
223425,Avslag, Avslag,Acklamation,4,2005/06:KU40,4,Riksdagen begär att regeringen återkommer med förslag till ett slutgiltigt avskaffande av resterande delar av presstödet senast i samband med budgetpropositionen 2008.,"",,
521160,Avslag, Avslag,Acklamation,0,2007/08:JuU1,0,Riksdagen tillkännager för regeringen som sin mening vad som anförs i motionen om att polisens insatser för att bekämpa de brott som vissa s.k. djurrättsaktivister begår riktade bl.a. mot människors egendom ska intensifieras.,"",,
668741,=utskottet,Avslag,"",2,2001/02:SoU11,2,Riksdagen tillkännager för regeringen som sin mening vad i motionen anförs om behovet av översyn av villkoren för familjehem.,"",,
2253684,Avslag, Avslag,Acklamation,0,2010/11:SfU7,0,Riksdagen tillkännager för regeringen som sin mening vad som anförs i motionen om vikten av sänkta arbetsgivaravgifter för små och medelstora företag.,"",,
1832707,Avslag,Avslag,"",0,2016/17:UbU20,3,Riksdagen ställer sig bakom det som anförs i motionen om att förslaget till fribelopp för studiestartsstöd bör läggas på en nivå som uppmuntrar till fokus på studierna och tillkännager detta för regeringen.,"",,
1838910,Avslag, Avslag,Röstning,0,2011/12:SkU14,0,Riksdagen tillkännager för regeringen som sin mening vad som anförs i motionen om att utforma en proposition om tonnageskatt.,"",,
1544199,Avslag,Avslag,"",0,2014/15:UbU8,1,Riksdagen tillkännager för regeringen som sin mening vad som anförs i motionen om att kommunerna bör stimuleras till att erbjuda barnomsorg även på obekväma tider.,"",,
3279525,Avslag,Avslag,"",0,2016/17:SoU7,1,Riksdagen ställer sig bakom det som anförs i motionen om att se över möjligheterna att införa influensavaccination mot influensa och pneumokockinfektion som ett nationellt särskilt vaccinationsprogram för alla över 65 år och tillkännager detta för regeringen.,"",,
2194955,Avslag, Avslag,Acklamation,0,2010/11:JuU8,0,Riksdagen tillkännager för regeringen som sin mening vad som anförs i motionen om effektivare medel för att stoppa rattfylleri och återfall i rattfylleri.,"",,
3324823,Avslag, Avslag,Röstning,0,2009/10:TU13,0,Riksdagen tillkännager för regeringen som sin mening vad som anförs i motionen om behovet av att utreda möjligheten att införa ett krav på katalytisk avgasrening på fartyg i färjetrafik till och från svenska hamnar.,"",,
1429106,Avslag, Avslag,Röstning,0,2006/07:NU6,0,Riksdagen tillkännager för regeringen som sin mening vad i motionen anförs om att se över finansieringen av groddföretag genom garantier från staten.,"",,
1494897,Avslag, Avslag,Acklamation,0,2005/06:KU15,0,Riksdagen tillkännager för regeringen som sin mening vad i motionen anförs om karantänsregler för ministrar.,"",,
1370704,Avslag, Avslag,Acklamation,0,2012/13:SoU6,0,Riksdagen tillkännager för regeringen som sin mening vad som anförs i motionen om en översyn av smittskyddslagen vad avser den s.k. informationsplikten.,"",,
1392641,Avslag, Avslag,Acklamation,0,2007/08:SkU22,0,Riksdagen tillkännager för regeringen som sin mening vad som anförs i motionen om att debiterade sociala avgifter ska redovisas både i deklarationsblanketten och i det slutliga skattebeskedet.,"",,
105684,Avslag,Avslag,"",0,2017/18:MJU15,1,Riksdagen ställer sig bakom det som anförs i motionen om att införa pant på batterier och tillkännager detta för regeringen.,"",,
656489,=utskottet,Avslag,"",0,2001/02:AU6,0,Riksdagen tillkännager för regeringen som sin mening vad i motionen anförs om integritetsskydd vid psykologiska tester vid anställning.,"",,
317529,Avslag, Avslag,Röstning,0,2009/10:MJU12,0,Riksdagen tillkännager för regeringen som sin mening vad som anförs i motionen om att förbud mot sexuella övergrepp på djur införs genom en särskild bestämmelse i djurskyddslagen.,"",,
1969424,Avslag,Avslag,"",0,2021/22:FiU48,2,Riksdagen ställer sig bakom det som anförs i motionen om att regeringen så snart som möjligt ska avveckla sitt ägande i SAS AB och tillkännager detta för regeringen.,"",,
65239,Avslag,Avslag,"",0,2015/16:TU14,2,Riksdagen ställer sig bakom det som anförs i motionen om att regeringen ska återkalla sitt eget beslut om tillsättandet av förhandlingspersonen för Bromma flygplats och tillkännager detta för regeringen.,"",,
584784,Avslag,Avslag,"",0,2016/17:KrU7,1,Riksdagen ställer sig bakom det som anförs i motionen om att finansiera public service på annat sätt än genom radio- och tv-avgift och tillkännager detta för regeringen.,"",,
791509,Avslag,Avslag,"",0,2023/24:KU15,1,"Riksdagen ställer sig bakom det som anförs i motionen om att verka för inrättandet av en politik- och demokrativecka som varje år flyttar till en ny kommun, och detta tillkännager riksdagen för regeringen.","",,
509942,Avslag, Avslag,Röstning,0,2008/09:CU10,0,Riksdagen tillkännager för regeringen som sin mening vad som anförs i motionen om att utreda möjligheten att låta barn ha fler än två vårdnadshavare.,"",,
1368648,Avslag,Avslag,"",0,2014/15:SkU19,2,Riksdagen tillkännager för regeringen som sin mening vad som anförs i motionen om att målet ska vara en återställd momsbefriad djursjukvård.,"",,
1883258,Avslag,Avslag,"",0,2016/17:JuU1,1,"Riksdagen ställer sig bakom det som anförs i motionen om att den polisiära närvaron och andra relevanta samhällsinstitutioners närvaro på landsbygden är viktig, och detta tillkännager riksdagen för regeringen.","",,
277114,Avslag,Avslag,"",0,2020/21:NU17,1,Riksdagen ställer sig bakom det som anförs i motionen om behovet av minskat regelkrångel för företag och tillkännager detta för regeringen.,"",,
1069064,Avslag, Avslag,Acklamation,0,2007/08:UbU9,0,Riksdagen tillkännager för regeringen som sin mening vad som anförs i motionen om översyn av behoven vid Tekniska högskolan i Jönköping.,"",,
3314655,Avslag,Avslag,"",0,2024/25:CU12,1,Riksdagen ställer sig bakom det som anförs i motionen om att intensifiera arbetet för att motverka och förebygga överskuldsättning i Sverige och tillkännager detta för regeringen.,"",,
2032853,Avslag,Avslag,"",0,2020/21:MJU17,3,Riksdagen ställer sig bakom det som anförs i motionen om att tillåta privatpersoner att sälja ägg som tvättats och rengjorts och tillkännager detta för regeringen.,"",,
175372,Avslag,Avslag,"",0,2020/21:SfU20,2,Riksdagen ställer sig bakom det som anförs i motionen om att de personer som inte har rätt till uppehälle i vårt land bör avvisas omgående och tillkännager detta för regeringen.,"",,
1679240,Avslag, Avslag,Acklamation,0,2005/06:TU5,0,Riksdagen tillkännager för regeringen som sin mening vad i motionen anförs om att uppta överläggningar med företrädare för regeringarna i Danmark och Tyskland och delstatsregeringen i Schleswig-Holstein för att i processen för fast förbindelse över Fehmarn bält framföra Sveriges intressen.,"",,
3268859,Avslag,Avslag,"",0,2024/25:MJU8,1,Riksdagen ställer sig bakom det som anförs i motionen om att se över möjligheten för Sverige att öka självförsörjningsgraden på livsmedel och tillkännager detta för regeringen.,"",,
1229205,Avslag,Avslag,"",0,2022/23:AU7,1,Riksdagen ställer sig bakom det som anförs i motionen om ökad tillgänglighet för assistans- och ledarhundsförare och tillkännager detta för regeringen.,"",,
1534898,"","","",0,"",1,Riksdagen ställer sig bakom det som anförs i motionen om att ta inriktningsbeslut gällande fyrspår genom Kungsbacka och tillkännager detta för regeringen.,"",,
3310281,Avslag,Avslag,"",0,2020/21:KU23,1,Riksdagen ställer sig bakom det som anförs i motionen om att se över relevant lagstiftning för att säkerställa möjligheten att lokalt kunna stoppa regelbundna och institutionaliserade offentliga böneutrop och tillkännager detta för regeringen.,"",,
1905827,Avslag, Avslag,Acklamation,0,2013/14:SoU17,0,Riksdagen tillkännager för regeringen som sin mening vad som anförs i motionen om effektivare narkotikaklassning.,"",,
3355864,Avslag,Avslag,"",0,2022/23:TU9,1,Riksdagen ställer sig bakom det som anförs i motionen om att se över åtgärder enligt motionens intentioner vad gäller cyklar och tillkännager detta för regeringen.,"",,
1731235,Delvis bifall, Delvis bifall,Acklamation,0,2003/04:FiU15,0,Riksdagen tillkännager för regeringen som sin mening vad i motionen anförs om möjligheterna för spar- och låneföreningar att bedriva sin verksamhet.,"",,
1317584,Avslag,Avslag,"",0,2021/22:MJU24,1,"Riksdagen ställer sig bakom det som anförs i motionen om möjligheten till en översyn av allemansrättens regler om ockupation av mark, ersättning vid markskador och kommersiell verksamhet utan avtal och tillkännager detta för regeringen.","",,
1699983,Avslag, Avslag,Acklamation,42,2005/06:SoU1,42,Riksdagen tillkännager för regeringen som sin mening vad i motionen anförs om återredovisning av hur de statliga medlen till särskilda insatser mot hiv/aids i storstadsregionerna har använts.,"",,
1882189,Avslag, Avslag,Acklamation,0,2003/04:TU1,0,Riksdagen tillkännager för regeringen som sin mening vad i motionen anförs om generösare skyltningsregler vid allmänna vägar.,"",,
1220867,Avslag,Avslag,"",0,2022/23:MJU15,1,Riksdagen ställer sig bakom det som anförs i motionen om avverkningsanmälan och dess offentlighet och tillkännager detta för regeringen.,"",,
661311,Avslag,Avslag,"",0,2018/19:TU5,1,"Riksdagen ställer sig bakom det som anförs i motionen om att överväga en satsning på att anlägga dubbelspår över hela sträckan Borås-Göteborg, med anslutning till Landvetter flygplats, och detta tillkännager riksdagen för regeringen.","",,
241196,Avslag,Avslag,"",0,2020/21:MJU20,1,Riksdagen ställer sig bakom det som anförs i motionen om att regeringen ska utreda förutsättningarna för att flygbolag som köper biojetbränsle enligt reduktionsplikten även ska kunna tillgodoräkna sig utsläppskrediten och tillkännager detta för regeringen.,"",,
1156163,Avslag, Avslag,Acklamation,2,2008/09:SoU13,2,Riksdagen tillkännager för regeringen som sin mening vad som anförs i motionen om en utredning av svensk sjukvårds bemötande av gravida.,"",,
659438,Avslag, Avslag,Acklamation,2,2011/12:AU13,2,Riksdagen tillkännager för regeringen som sin mening vad som anförs i motionen om att införa rätt till tjänstledighet på deltid för vård av barn ända tills barnet fyllt 18 år.,"",,
3280681,"","","",1,"",1,Riksdagen tillkännager för regeringen som sin mening vad i motionen anförs om behovet av satsningar på infrastruktur i Västmanlands län och Södertälje kanal.,"",,
1849028,Avslag, Avslag,Röstning,0,2006/07:SoU13,0,Riksdagen tillkännager för regeringen som sin mening vad i motionen anförs om det ideella arbetet och äldrevården.,"",,
488648,Avslag, Avslag,Acklamation,5,2010/11:JuU7,5,Riksdagen tillkännager för regeringen som sin mening vad som anförs i motionen om att säkerställa att de judiska institutionerna och den judiska livsstilen skyddas i Sverige.,"",,
1600330,Bifall, Bifall,Acklamation,0,2002/03:JuU14,0,Regeringen föreslår att riksdagen antar regeringens förslag till,"1. lag om EG:s förordning om bevisupptagning i mål och ärenden av civil eller kommersiell natur,
2. lag om ändring i lagen (1946:816) om bevisupptagning åt utländsk domstol,
3. lag om ändring i lagen (1946:817) om bevisupptagning vid utländsk domstol.",,
929733,Avslag," Avslag,  Avslag",Acklamation,0,2005/06:SoU31,0,Riksdagen tillkännager för regeringen som sin mening vad i motionen anförs om behovet av svenska socialarbetare i Köpenhamn.,"",,
1100074,Avslag,Avslag,"",0,2023/24:JuU20,1,Riksdagen ställer sig bakom det som anförs i motionen om att överväga möjligheterna att ändra maxstraffet för gromningsbrott från två år till tio år och tillkännager detta för regeringen.,"",,
1420739,Avslag, Avslag,Acklamation,0,2009/10:JuU12,0,Riksdagen tillkännager för regeringen som sin mening vad som anförs i motionen om att se över rättshjälpslagen så att den anpassas till dagens förhållanden när det gäller vårdnadstvister och liknande.,"",,
235878,Avslag, Avslag,Acklamation,3,2005/06:LU34,3,Riksdagen tillkännager för regeringen som sin mening vad som i motionen anförs om att regeringen bör uppdra åt Kronofogdemyndigheterna att snarast vidta erforderliga åtgärder gällande omyndigas restförda fordonsrelaterade skulder så att de som saknar rättsligt bindande grund inte blir föremål för indrivningsåtgärder utan avförs.,"",,
242316,Avslag, Avslag,Acklamation,0,2009/10:NU25,0,Riksdagen tillkännager för regeringen som sin mening vad som anförs i motionen om att stödja egenorganisering av de sociala företagen.,"",,
833188,Avslag, Avslag,Acklamation,0,2008/09:JuU21,0,Riksdagen tillkännager för regeringen som sin mening vad som anförs i motionen om behovet av att överväga en översyn av straffpåföljderna vid brott mot kvinnor och barn.,"",,
1681971,Avslag,Avslag,"",0,2017/18:UU14,2,"Riksdagen ställer sig bakom det som anförs i motionen om de pågående brott som Islamiska staten gör sig skyldig till mot kristna yazidier, och detta tillkännager riksdagen för regeringen.","",,
747626,Avslag,Avslag,"",0,2017/18:TU5,1,Riksdagen ställer sig bakom det som anförs i motionen om att ta bort den s.k. GC-skylten och tillkännager detta för regeringen.,"",,
2050084,Avslag,Avslag,"",0,2015/16:CU13,1,Riksdagen tillkännager för regeringen som sin mening vad som anförs i motionen om vattenkraftens miljöeffekter och den biologiska mångfalden.,"",,
289092,Bifall, Bifall,Röstning,0,2003/04:KU16,0,Riksdagen antar regeringens förslag till,lag om ändring i radio- och TV-lagen (1996:844).,,
890214,"","","",0,2025/26:KrU7,1,"Riksdagen ställer sig bakom det som anförs i motionen om stärkt läs- och språkutveckling med inspiration och kunskap från modellen ”Läs för mig, pappa!” och tillkännager detta för regeringen.","",,
3321231,Avslag,Avslag,"",0,2021/22:CU19,3,Riksdagen ställer sig bakom det som anförs i motionen om att ett nytt förslag inte ska missgynna företag och tillkännager detta för regeringen.,"",,
3290250,Avslag, Avslag,Acklamation,2,2005/06:KrU14,2,Riksdagen tillkännager för regeringen som sin mening vad i motionen anförs om att folkbildningsanslaget inte skall användas till att finansiera forskning om folkbildningen.,"",,
1934180,Avslag,Avslag,"",0,2016/17:FöU10,3,Riksdagen ställer sig bakom det som anförs i motionen om en utredning av ett tillståndskrav för innehav och nyttjande av krigsmateriel och tillkännager detta för regeringen.,"",,
144003,Avslag, Avslag,Acklamation,0,2007/08:SoU1,0,Riksdagen tillkännager för regeringen som sin mening vad som anförs i motionen om en tandvårdsreform.,"",,
2115386,=utskottet,avslag,"",1,2000/01:NU4,1,att riksdagen hos regeringen begär förslag till ändring av konkurrenslagstiftningen i enlighet med vad som anförts i motionen.,"",,
314715,"","","",0,2025/26:MJU17,1,Riksdagen ställer sig bakom det som anförs i motionen om att se över möjligheten att införa krav på skriftlig information vid ursprungsmärkning av kött på restaurang och i storhushåll och tillkännager detta för regeringen.,"",,
1993693,Avslag,Avslag,"",0,2021/22:KU26,1,Riksdagen ställer sig bakom det som anförs i motionen om att rösträtten vid allmänna val ska gälla alla som fyller 18 år under det kalenderår ett val inträffar och tillkännager detta för regeringen.,"",,
2102025,Avslag, Avslag,Acklamation,0,2008/09:SkU22,0,Riksdagen tillkännager för regeringen som sin mening vad som anförs i motionen om förlängd uppbördstid för småföretagare.,"",,
1815919,Avslag, Avslag,Acklamation,0,2005/06:LU14,0,Riksdagen tillkännager för regeringen som sin mening vad i motionen anförs om samordning mellan myndigheter samt automatisk försäkringsutbetalning till efterlevande.,"",,
2038193,Avslag, Avslag,Röstning,2,2007/08:TU14,2,Riksdagen tillkännager för regeringen som sin mening vad som anförs i motionen om behovet av att lämna in en formell begäran från Sverige för att få undantag från de EU-gemensamma reglerna och införa alkolås som ett obligatorium i alla nya fordon.,"",,
1714996,Avslag,Avslag,"",0,2019/20:UFöU2,5,Riksdagen ställer sig bakom det som anförs i motionen om att stödja uppbyggnaden av området Nineveslätten i Irak och tillkännager detta för regeringen.,"",,
1487047,Avslag, Avslag,Acklamation,3,2012/13:JuU1,3,"Riksdagen tillkännager för regeringen som sin mening vad som anförs i motionen om att se över möjligheten till att polisen prioriterar mängdbrott, arbetar med mer förebyggande brottsbekämpning och om att en översyn av straffskalorna för mängdbrotten bör göras.","",,
1780445,Avslag,Avslag,"",0,2024/25:CU15,1,Riksdagen ställer sig bakom det som anförs i motionen om att se över ökade möjligheter till statliga insatser för att motverka stranderosionen i Skåne och förbättrat samhällsskydd vid ökade vattenflöden vid extremväder och tillkännager detta för regeringen.,"",,
373502,Bifall, Bifall,Röstning,3,2009/10:TU7,3,Riksdagen bemyndigar regeringen att genomföra överföringen av flygplatsverksamheten vid Luftfartsverket till aktiebolagsform i enlighet med de riktlinjer som regeringen förordrar samt vidta de åtgärder som är nödvändiga för att förvärva aktiebolag (avsnitt 4.1 och 4.3).,"",,
2126868,Avslag, Avslag,Acklamation,0,2012/13:KU17,0,"Riksdagen tillkännager för riksdagsstyrelsen som sin mening vad som anförs i motionen om att utreda möjligheten att införa elektroniska signaturer som ett alternativ till dagens undertecknande för hand av motioner, interpellationer och enkla frågor.","",,
1686362,Avslag,Avslag,"",0,2021/22:TU16,1,Riksdagen ställer sig bakom det som anförs i motionen om att utreda hur Skenäsfärjan och andra vägfärjor ska fungera bättre i framtiden och tillkännager detta för regeringen.,"",,
190049,Avslag, Avslag,Röstning,0,2009/10:NU1,0,Riksdagen tillkännager för regeringen som sin mening vad som anförs i motionen om inrättande av ett övergripande mål för entreprenörskapspolitiken.,"",,
737737,Avslag, Avslag,Acklamation,0,2010/11:AU2,0,Riksdagen tillkännager för regeringen som sin mening vad som anförs i motionen om att överväga ett införande av studentmedarbetare i Sverige.,"",,
872037,Avslag, Avslag,Acklamation,0,2009/10:UbU13,0,Riksdagen tillkännager för regeringen som sin mening vad som anförs i motionen om att följa upp konsekvenserna av kårobligatoriets avskaffande för studentinflytandet.,"",,
1438942,Avslag,Avslag,"",0,2019/20:MJU14,2,Riksdagen ställer sig bakom det som anförs i motionen om att regeringen ska återkomma med förslag till en ny strategi om hur man ska arbeta mot potentiellt skadliga kemikalier och tillkännager detta för regeringen.,"",,
246262,Avslag,Avslag,"",0,2020/21:KrU10,8,Riksdagen ställer sig bakom det som anförs i motionen om en skärpning av bidragssystem och tillsyn av studieförbunden och tillkännager detta för regeringen.,"",,
1707227,Bifall,Avslag,"",0,2019/20:NU9,1,"Riksdagen ställer sig bakom det som anförs i motionen om att regeringen ska återkomma med det aviserade förslaget om nätföretagens möjligheter att ta ut outnyttjade underskott senast i september 2020, och detta tillkännager riksdagen för regeringen.","",,
1926337,Avslag,Avslag,"",0,2020/21:AU9,1,Riksdagen ställer sig bakom det som anförs i motionen om att skärpa kraven för efterskänkning av CSN:s hemutrustningslån och tillkännager detta för regeringen.,"",,
688875,Avslag, Avslag,Röstning,0,2006/07:CU9,0,Riksdagen tillkännager för regeringen som sin mening vad  i motionen anförs om vikten av att säkerställa bra villkor för de allmännyttiga och kommunala bostadsföretagen genom att bibehålla lagen om allmännyttan.,"",,
778300,Avslag, Avslag,Acklamation,0,2008/09:SoU15,0,"Riksdagen tillkännager för regeringen som sin mening vad som anförs i motionen om att utreda hur bristen på kontaktpersoner, gode män, ledsagare och andra personer till frivilliga samhällsuppdrag ska lösas.","",,
1211698,Avslag, Avslag,Acklamation,0,2005/06:JuU1,0,Riksdagen tillkännager för regeringen som sin mening vad i motionen anförs om förläggandet av en polishögskola till Dalarna.,"",,
3333479,Avslag,Avslag,"",0,2020/21:SoU7,1,Riksdagen ställer sig bakom det som anförs i motionen om att utreda möjligheten att erbjuda fler synskadade frihetsgraden det innebär att ha tillgång till en ledarhund i vardagen och tillkännager detta för regeringen.,"",,
1902046,Avslag,Avslag,"",0,2024/25:NU18,5,"Riksdagen ställer sig bakom det som anförs i motionen om att en utförlig utredning av gruvverksamheters prövningsprocesser bör tillsättas i syfte att främja en tydligare, effektivare och mer förutsägbar prövningsordning där miljö och människors rättigheter värnas och tillkännager detta för regeringen.","",,
856422,=utskottet,Avslag,"",3,2001/02:SoU5,3,Riksdagen tillkännager för regeringen som sin mening vad i motionen anförs om placeringen av institutet.,"",,
2116386,=utskottet,avslag,"",1,2000/01:LU10,1,Riksdagen tillkännager för regeringen som sin mening vad i motionen anförs om en översyn av lagstiftningen i syfte att undvika problem av det slag som beskrivits i motionen.,"",,
246891,Avslag,Avslag,"",0,2020/21:SoU16,2,Riksdagen ställer sig bakom det som anförs i motionen om att regeringen bör utreda förutsättningarna för att flytta över primärvårdens ansvar till kommunerna och tillkännager detta för regeringen.,"",,
917752,Avslag, Avslag,Acklamation,0,2009/10:UbU8,0,Riksdagen tillkännager för regeringen som sin mening vad som anförs i motionen om kommunala musik- och kulturskolan.,"",,
1284831,Avslag, Avslag,Röstning,0,2012/13:SoU13,0,Riksdagen tillkännager för regeringen som sin mening vad som anförs i motionen om att utreda möjligheten till en värdighetsgaranti inom hälso- och sjukvården.,"",,
175701,Avslag,Avslag,"",0,2016/17:TU4,1,Riksdagen ställer sig bakom det som anförs i motionen om att befria alla privatbilister från avgift på E4:an i Sundsvall och tillkännager detta för regeringen.,"",,
1032185,Avslag, Avslag,Acklamation,0,2003/04:UbU11,0,Riksdagen tillkännager för regeringen som sin mening vad i motionen anförs om fysisk aktivitet och kreativt skapande i skolarbetet.,"",,
1717882,Bifall, Bifall,Röstning,0,2013/14:TU14,0,Riksdagen tillkännager för regeringen som sin mening vad som anförs i motionen om behovet av åtgärder mot illegal verksamhet inom åkeribranschen.,"",,
1696777,Avslag, Avslag,Acklamation,0,2013/14:TU20,0,Riksdagen tillkännager för regeringen som sin mening vad som anförs i motionen om att i infrastrukturplaneringen studera förutsättningarna för motorvägsstandard på sträckan Köping-Västjädra.,"",,
3348017,Avslag, Avslag,Röstning,0,2005/06:KrU4,0,Riksdagen tillkännager för regeringen som sin mening vad i motionen anförs om behovet av lagstiftning för att stärka svenska språkets ställning.,"",,
1303527,Avslag, Avslag,Röstning,0,2009/10:JuU14,0,Riksdagen tillkännager för regeringen som sin mening vad som anförs i motionen om att utbilda kvinnofridshundar.,"",,
1873873,Avslag,Avslag,"",0,2024/25:CU15,1,Riksdagen ställer sig bakom det som anförs i motionen om att snarast påbörja en revidering av lagstiftningen för att kulturhistoriska värden ska ges högre status vid beslut om utrivning av dammar och tillkännager detta för regeringen.,"",,
628048,=utskottet,Avslag,"",13,2001/02:TU8,13,Riksdagen beslutar att ge regeringen i uppdrag att genomföra en översyn av den svenska lagstiftningen som tar sikte på dataintrång i syfte att uppdatera och komplettera densamma.,"",,
1514169,Avslag, Avslag,Acklamation,2,2008/09:UU15,2,Riksdagen tillkännager för regeringen som sin mening vad som anförs i motionen om att Sverige som nation ska uppmärksamma och aktivt agera mot antisemitism när den uppstår i andra länder.,"",,
1906998,Avslag, Avslag,Röstning,0,2003/04:JuU15,0,Riksdagen begär att regeringen  återkommer till riksdagen med förslag om lag som inte tillåter demonstranter att använda  ansiktsmasker vid demonstrationer.,"",,
788474,Avslag, Avslag,Acklamation,0,2008/09:SoU12,0,Riksdagen tillkännager för regeringen som sin mening vad som anförs i motionen om gårdsförsäljning av egenproducerat öl.,"",,
159152,Avslag, Avslag,Röstning,0,2012/13:TU7,0,Riksdagen tillkännager för regeringen som sin mening vad som anförs i motionen om att alla bilar som utför tjänster åt staten ska vara utrustade med alkolås.,"",,
581057,Avslag,Avslag,"",0,2015/16:FiU2,3,Riksdagen ställer sig bakom det som anförs i motionen om justering av de förvaltningsanslag som berörs av PLO-uppräkning och tillkännager detta för regeringen.,"",,
170469,= utskottet,avslag,"",19,2000/01:BoU9,19,Riksdagen begär att regeringen utvärderar hur plan- och bygglagens möjligheter till flexibilitet har tagits till vara i den kommunala planeringen.,"",,
1393488,Avslag, Avslag,Acklamation,0,2013/14:UbU12,0,Riksdagen tillkännager för regeringen som sin mening vad som anförs i motionen om att utreda frågan om skolgång under sjukhusvistelse.,"",,
1547723,Avslag, Avslag,Röstning,0,2013/14:SkU17,0,Riksdagen tillkännager för regeringen som sin mening vad som anförs i motionen om att se över möjligheten att införa en schablonbeskattning för små företag.,"",,
305295,Avslag,Avslag,"",0,2015/16:KrU7,2,Riksdagen ställer sig bakom det som anförs i motionen om att utreda förutsättningarna för att etablera ett Europeiskt Sign Language Institute (ESI) i Sverige och Örebro och tillkännager detta för regeringen.,"",,
85713,Avslag, Avslag,Acklamation,3,2003/04:UU9,3,Riksdagen tillkännager för regeringen som sin mening vad i motionen anförs om att regeringen bör verka för att en FN-sanktionerad folkomröstning anordnas i olika delar av Kurdistan.,"",,
1260745,Avslag,Avslag,"",0,2018/19:KU30,2,Riksdagen ställer sig bakom det som anförs i motionen om att en lag som hanterar politiska vildar ska införas och tillkännager detta för regeringen.,"",,
1444172,Avslag, Avslag,Acklamation,0,2002/03:SoU3,0,Riksdagen tillkännager för regeringen som sin mening vad i motionen anförs om etiska riktlinjer vid stamcellsforskning.,"",,
1771754,Avslag,Avslag,"",0,2016/17:CU1,2,Riksdagen ställer sig bakom det som anförs i motionen om förstärkning till  Lantmäteriet och tillkännager detta för regeringen.,"",,
1305426,Avslag, Avslag,Acklamation,0,2004/05:FöU7,0,Riksdagen tillkännager för regeringen som sin mening vad i motionen anförs om behovet av svensk brandforskning.,"",,
178539,Avslag, Avslag,Acklamation,0,2002/03:UbU11,0,Riksdagen tillkännager för regeringen som sin mening vad i motionen anförs om att införa flexibel arbetstid i skolan samt om ett läsår med varvad teoretisk och praktisk undervisning.,"",,
1881250,Avslag,Avslag,"",0,2016/17:AU14,1,"Riksdagen ställer sig bakom det som anförs i motionen om att regeringen bör tillsätta en utredning för att se över hur lagen efterlevs och baserat på resultatet lämna rekommendationer, och detta tillkännager riksdagen för regeringen.","",,
840809,Avslag, Avslag,Acklamation,0,2008/09:SfU1,0,Riksdagen tillkännager för regeringen som sin mening vad som anförs i motionen om målsättningen för svenska pensionärers ekonomiska situation.,"",,
962502,Avslag,Avslag,"",0,2019/20:CU10,11,Riksdagen ställer sig bakom det som anförs i motionen om att nedskrivningsreglerna behöver förändras så att fler hyresbostäder byggs i landsbygdskommuner och tillkännager detta för regeringen.,"",,
3268610,Avslag, Avslag,Acklamation,0,2009/10:KrU5,0,Riksdagen tillkännager för regeringen som sin mening vad som anförs i motionen om att bevara folkbiblioteken.,"",,
251829,Avslag,Avslag,"",0,2020/21:KU15,2,Riksdagen ställer sig bakom det som anförs i motionen om att inrätta en utmärkelse för extraordinära insatser inom polis och räddningstjänst och tillkännager detta för riksdagsstyrelsen.,"",,
1205268,Avslag, Avslag,Acklamation,3,2010/11:SoU4,3,Riksdagen tillkännager för regeringen som sin mening vad som anförs i motionen om att kartlägga hur omfattande konsumtionen av alkohol kombinerad med läkemedelsanvändning är i gruppen.,"",,
1033280,=utskottet,delvis bifall,"",3,2000/01:FiU21,3,Riksdagen tillkännager för regeringen som sin mening vad som i motionen anförs om att det även för juridisk person bör anges varifrån uppgift som används vid kreditupplysning hämtats.,"",,
3217457,Avslag,"","",0,2012/13:MJU2,0,Riksdagen tillkännager för regeringen som sin mening vad som anförs i motionen om att utveckla Statens lantbruksuniversitet i Skara.,"",,
712498,Avslag,Avslag,"",0,2015/16:FiU39,25,Riksdagen ställer sig bakom det som anförs i motionen om att offentliga upphandlingar av livsmedel som görs i Sverige måste ställa krav på minst svenskt djurskydd och tillkännager detta för regeringen.,"",,
1563256,Avslag, Avslag,Acklamation,0,2008/09:KU7,0,Riksdagen tillkännager för regeringen som sin mening vad som anförs i motionen om att Svenska kyrkans begravningsmonopol bör avskaffas.,"",,
82085,Avslag, Avslag,Acklamation,4,2005/06:MJU23,4,"Riksdagen tillkännager för regeringen som sin mening vad som i motionen anförs om att regeringen inte skall kunna besluta om att kontrollen skall flyttas från kommunerna till Jordbruksverket eller myndigheten, innan andra åtgärder först har vidtagits.","",,
1091315,Avslag, Avslag,Acklamation,0,2010/11:CU9,0,Riksdagen tillkännager för regeringen som sin mening vad som anförs i motionen om beräkning av förbehållsbeloppet vid skuldsanering.,"",,
1838781,Avslag, Avslag,Acklamation,0,2011/12:SkU17,0,Riksdagen tillkännager för regeringen som sin mening vad som anförs i motionen om förbättrade möjligheter till svenskt personnummer för långtidsbesökare i Sverige.,"",,
63430,Avslag, Avslag,Röstning,0,2012/13:SkU16,0,Riksdagen tillkännager för regeringen som sin mening vad som anförs i motionen om att utreda möjligheten att inkludera ytterligare tjänster i HUS-avdraget.,"",,
480268,Avslag,Avslag,"",0,2021/22:SoU12,1,Riksdagen ställer sig bakom det som anförs i motionen om att se över möjligheterna att skärpa kontrollerna i fråga om assistansersättning och tillkännager detta för regeringen.,"",,
1432288,Avslag,Avslag,"",0,2021/22:KU30,1,Riksdagen ställer sig bakom det som anförs i motionen om att använda folkomröstningar som ett mer generellt verktyg i stora avgörande frågor och tillkännager detta för regeringen.,"",,
976993,=utskottet,Avslag,"",0,2001/02:SoU11,0,Riksdagen tillkännager för regeringen som sin mening vad i motionen anförs om betalningsansvar för vistelsekommun enligt socialtjänstlagen.,"",,
112331,Avslag, Avslag,Acklamation,2,2010/11:SoU10,2,Riksdagen tillkännager för regeringen som sin mening vad som anförs i motionen om behovet av gemensam kunskapsuppbyggnad och specifika åtgärder för att förebygga dagens och framtida brister inom den sociala barnavården.,"",,
1319572,Avslag, Avslag,Röstning,0,2006/07:TU15,0,Riksdagen avslår regeringens proposition 2006/07:73 Nya hastighetsgränser.,"",,
135436,Avslag, Avslag,Acklamation,0,2011/12:CU16,0,Riksdagen tillkännager för regeringen som sin mening vad som anförs i motionen om att införa en barnbalk som är likställd med föräldrabalken enligt motionens intentioner.,"",,
860823,Avslag,Avslag,"",0,2023/24:SoU8,1,Riksdagen ställer sig bakom det som anförs i motionen om att regeringen bör ge en lämplig myndighet i uppdrag att kvantitativt undersöka den nya kömiljardens effekt på vårdköer samt eventuella undanträngningseffekter och tillkännager detta för regeringen.,"",,
1225887,Avslag, Avslag,Acklamation,32,2005/06:JuU14,32,Riksdagen tillkännager för regeringen som sin mening vad i motionen anförs om att det internationella perspektivet inom polisväsendet skall öka.,"",,
1353708,=utskottet,Avslag,"",0,2001/02:KrU13,0,Riksdagen tillkännager för regeringen som sin mening vad i motionen anförs om att en speciell seriegrupp åter bör tillsättas inom Statens kulturråd.,"",,
369323,Avslag,Avslag,"",0,2017/18:SkU9,1,Riksdagen ställer sig bakom det som anförs i motionen om att regeringen bör se över lagändringar så att globala digitala reklam- och medieleverantörer ska kunna beskattas i Sverige baserat på faktiska intäkter och vinst för den verksamhet de bedriver här och tillkännager detta för regeringen.,"",,
731455,Avslag,Avslag,"",0,2017/18:SkU11,1,Riksdagen ställer sig bakom det som anförs i motionen om att utreda möjligheten att införa enhetlig moms och tillkännager detta för regeringen.,"",,
405925,"","","",0,"",1,"Riksdagen ställer sig bakom det som anförs i motionen om att regeringen bör överväga att anslagen till länsplanerna för regional transportinfrastruktur även ska baseras på vägnätets omfattning i respektive län, inte enbart på befolkning och trafikarbete, och tillkännager detta för regeringen.","",,
1273360,Avslag,Avslag,"",0,2019/20:UU2,1,Riksdagen ställer sig bakom det som anförs i motionen om att ompröva biståndet till Palestina för att försäkra sig om att svenska skattepengar inte går till korruption eller terrorverksamhet utan till humanitär hjälp och tillkännager detta för regeringen.,"",,
459488,=utskottet,avslag,"",1,2000/01:SoU10,1,Riksdagen tillkännager för regeringen som sin mening vad i motionen anförs om att ge Socialstyrelsen i uppdrag att driva en ny kampanj för att få fram fler människor som efter det att de avlidit kan tänka sig att donera sina organ.,"",,
2214366,Avslag, Avslag,Acklamation,0,2011/12:UbU15,0,Riksdagen tillkännager för regeringen som sin mening vad som anförs i motionen om att överväga en nationell strategi för karriärvägledning.,"",,
683821,Avslag, Avslag,Röstning,0,2012/13:SoU1,0,Riksdagen tillkännager för regeringen som sin mening vad som anförs i motionen om att ta krafttag mot hemlösheten.,"",,
295937,Avslag,Avslag,"",0,2015/16:UbU11,1,Riksdagen ställer sig bakom det som anförs i motionen om att se över möjligheten att öka tillgången till barnomsorg på obekväm arbetstid och tillkännager detta för regeringen.,"",,
3227531,Avslag,Avslag,"",0,2024/25:SoU15,1,Riksdagen ställer sig bakom det som anförs i motionen om att se över möjligheten till ett statligt övertagande av det totala ekonomiska ansvaret för LSS för att säkerställa likvärdighet i hela landet och tillkännager detta för regeringen.,"",,
1992090,Bifall,Bifall,"",1,2014/15:CU18,1,Riksdagen antar regeringens förslag till lag om ändring i lagen (2014:912) med kompletterande bestämmelser om domstols behörighet och om erkännande och internationell verkställighet av vissa avgöranden.,"",,
1552827,Delvis bifall,Delvis bifall,"",0,2016/17:JuU21,1,Riksdagen ställer sig bakom det som anförs i motionen om att utreda om dagens straff ska skärpas vid allvarliga brott som begås i de övre tonåren och däröver och tillkännager detta för regeringen.,"",,
271799,Avslag, Avslag,Acklamation,0,2005/06:UbU10,0,Riksdagen tillkännager för regeringen som sin mening vad i motionen anförs om adekvat utbildning i kost- och näringslära för dem som arbetar med att servera och laga mat.,"",,
3282950,Avslag,Avslag,"",0,2024/25:SfU18,1,Riksdagen ställer sig bakom det som anförs i motionen om att överföra Migrationsverkets förvarsverksamhet till gränspolisen för att renodla myndigheternas uppdrag och effektivisera återvändandet och tillkännager detta för regeringen.,"",,
3127961,Avslag, Avslag,Acklamation,0,2013/14:NU12,0,Riksdagen tillkännager för regeringen som sin mening vad som anförs i motionen om internationella evenemang.,"",,
1555297,"","","",0,2025/26:SoU18,4,"Riksdagen ställer sig bakom det som anförs i motionen om att se över möjligheterna att ge Socialstyrelsen i uppdrag att ta fram nationella riktlinjer för att tidigt upptäcka, utreda och hantera föräldraalienation och tillkännager detta för regeringen.","",,
1958336,Avslag,Avslag,"",0,2018/19:KU30,1,"Riksdagen ställer sig bakom det som anförs i motionen om att tillsätta en utredning med syftet att minska antalet ledamöter i Sveriges riksdag till 249 och att en del av de resurser som lösgörs bör fördelas så att ledamöterna får större personella resurser för att kunna arbeta mer effektivt, och detta tillkännager riksdagen för regeringen.","",,
222769,Avslag,Avslag,"",0,2017/18:UU11,2,Riksdagen ställer sig bakom det som anförs i motionen om att Sverige under innevarande mandatperiod bör söka medlemskap i Nato och tillkännager detta för regeringen.,"",,
2017738,Avslag, Avslag,Röstning,0,2007/08:TU14,0,Riksdagen tillkännager för regeringen som sin mening vad som anförs i motionen om att lagstifta om krav på säkerhetsbälten och alkolås i skolskjutsar.,"",,
1852290,=utskottet,avslag,"",1,2000/01:KU4,1,Riksdagen begär att riksdagsstyrelsen utreder förutsättningarna för att ge riksdagen fler tillfällen att väcka motioner.,"",,
466018,Avslag,Avslag,"",0,2015/16:MJU18,1,Riksdagen ställer sig bakom det som anförs i motionen om krafttag mot PFAS och andra högfluorerade ämnen och tillkännager detta för regeringen.,"",,
2136611,Avslag,Avslag,"",0,2018/19:CU8,1,Riksdagen ställer sig bakom det som anförs i motionen om att se över garantisystemet vid köp av nyproducerade bostadsrätter och tillkännager detta för regeringen.,"",,
1068759,"","","",3,2025/26:MJU24,3,Riksdagen antar regeringens förslag till lag om ändring i lagen (2010:921) om mark- och miljödomstolar.,"",,
1888009,Avslag,Avslag,"",0,2016/17:NU12,1,Riksdagen ställer sig bakom det som anförs i motionen om näringspolitikens inriktning och tillkännager detta för regeringen.,"",,
357922,"","","",27,"",27,Riksdagen tillkännager för regeringen som sin mening vad i motionen anförs om att de arbetsmarknadspolitiska medlen skall användas friare i samtliga län.,"",,
1850637,Avslag, Avslag,Acklamation,0,2006/07:SoU1,0,Riksdagen tillkännager för regeringen som sin mening vad som i motionen anförs om omskärelse av pojkar.,"",,
1801740,Avslag,Avslag,"",0,2021/22:CU13,1,Riksdagen ställer sig bakom det som anförs i motionen om att regeringens myndigheter ska värna den värdefulla åkermarken i sin planering och tillkännager detta för regeringen.,"",,
2087692,Avslag, Avslag,Acklamation,0,2005/06:NU13,0,Riksdagen tillkännager för regeringen som sin mening vad i motionen anförs om en plan för stöd till lokala kooperativ för arbete med samordnare och serviceutvecklare.,"",,
1114706,Avslag,Avslag,"",0,2021/22:KU29,1,Riksdagen ställer sig bakom det som anförs i motionen om att se över relevant lagstiftning för att säkerställa möjligheten att stoppa regelbundna och institutionaliserade offentliga böneutrop och tillkännager detta för regeringen.,"",,
833234,Avslag,Avslag,"",0,2018/19:CU12,7,Riksdagen ställer sig bakom det som anförs i motionen om att verka för gemensamma bygg- och regelstandarder i Norden och tillkännager detta för regeringen.,"",,
3296943,"","","",1,2025/26:KU16,1,Riksdagen antar regeringens förslag till lag om ändring i offentlighets- och sekretesslagen (2009:400).,"",,
971578,Avslag,Avslag,"",0,2019/20:FiU26,2,Riksdagen ställer sig bakom det som anförs i motionen om att se över möjligheten att göra kommuner och stat skyldiga att redovisa kostnaden för den motprestation som avgiften avser och tillkännager detta för regeringen.,"",,
1959400,Avslag, Avslag,Acklamation,0,2004/05:SkU28,0,"Riksdagen tillkännager för regeringen som sin mening vad i motionen anförs om att samtliga skatter och avgifter som arbetsgivaren är skyldig att betala, och som är direkt kopplade till löntagaren, skall redovisas på lönebeskedet.","",,
1380569,Avslag, Avslag,Acklamation,0,2012/13:SoU13,0,Riksdagen tillkännager för regeringen som sin mening vad som anförs i motionen om behovet av fler utbildade neurologer.,"",,
345422,Avslag, Avslag,Acklamation,0,2007/08:SfU4,0,Riksdagen tillkännager för regeringen som sin mening vad som anförs i motionen om differentierade arbetsgivaravgifter i Norrlands inland.,"",,
1300325,Bifall, Bifall,Röstning,0,2010/11:UbU7,0,"Riksdagen tillkännager för regeringen som sin mening vad som anförs i motionen om att regeringen tillsätter en utredning med uppdrag att utvärdera de senaste årens stora skolreformer i syfte att stärka möjligheterna till en likvärdig utbildning, ökad kvalitet och en sammanhållen skola.","",,
1578541,"","","",0,2025/26:UbU8,1,Riksdagen ställer sig bakom det som anförs i motionen om att se över om ett omdöme i ordning och reda för skolans senare år skulle kunna utformas för att sedan vara en bra grund inför vuxenlivet och tillkännager detta för regeringen.,"",,
1687499,Avslag,Avslag,"",0,2016/17:JuU16,2,Riksdagen ställer sig bakom det som anförs i motionen om att överväga att jämställa omotiverad fotografering vid olycksplatser med brott mot griftefriden och tillkännager detta för regeringen.,"",,
616710,=utskottet,Avslag,"",0,2001/02:JuU1,0,Riksdagen tillkännager för regeringen som sin mening vad i motionen anförs om att Kalmar län bör tillföras 63 nya polistjänster.,"",,
395616,Avslag, Avslag,Acklamation,0,2010/11:KrU1,0,Riksdagen tillkännager för regeringen som sin mening vad som anförs i motionen om att de kulturfrämjande organ som ersätter Stiftelsen framtidens kultur ska ha ett inkluderande synsätt gentemot olika former av deltagarkultur som lajv och sällskapsspel.,"",,
940246,"","","",0,2025/26:SfU17,1,Riksdagen ställer sig bakom det som anförs i motionen om att se över möjligheten att utreda ett inverterat flerbarnstillägg för barn- och studiebidrag och tillkännager detta för regeringen.,"",,
1501081,Avslag, Avslag,Röstning,0,2013/14:SkU20,0,Riksdagen tillkännager för regeringen som sin mening vad som anförs i motionen om problemet med offentliga personnummer.,"",,
229283,Avslag, Avslag,Röstning,0,2002/03:UbU12,0,Riksdagen tillkännager för regeringen som sin mening vad i motionen anförs om att försök med ett betygsfritt antagningssystem till gymnasieskolan bör införas.,"",,
3123133,Avslag, Avslag,Röstning,8,2012/13:NU17,8,Riksdagen tillkännager för regeringen som sin mening vad som anförs i motionen om behovet av att ta fram en nationell gasstrategi för maximal samhällsnytta.,"",,
1347642,Avslag, Avslag,"",0,2002/03:SfU8,0,Riksdagen tillkännager för regeringen som sin mening vad som i motionen anförs om att möjliggöra en svensk motsvarighet till Green Card.,"",,
96636,Avslag, Avslag,Acklamation,2,2003/04:JuU3,2,"Riksdagen tillkännager för regeringen som sin mening vad i motionen anförs om att inventera, analysera och forska kring de klotterförebyggande åtgärder som vidtagits i Sverige.","",,
2069322,Avslag,Avslag,"",0,2015/16:TU13,1,"Riksdagen ställer sig bakom det som anförs i motionen om att utveckla bilprovningens synbesiktning eller annan kontroll i syfte att se till att alla bilister kontrollerar sin syn vid behov, och riksdagen tillkännager detta för regeringen.","",,
290943,= utskottet,avslag,"",7,2000/01:BoU1,7,Riksdagen tillkännager för regeringen som sin mening vad i motionen anförs om funktionshindrade studenters rätt till studentbostäder.,"",,
119151,Avslag,Avslag,"",0,2018/19:TU5,1,Riksdagen ställer sig bakom det som anförs i motionen om att i infrastrukturplaneringen studera förutsättningarna för hur infrastrukturen kring Gekås i Halland kan förbättras och tillkännager detta för regeringen.,"",,
1802329,Avslag, Avslag,Acklamation,0,2013/14:TU20,0,Riksdagen tillkännager för regeringen som sin mening vad som anförs i motionen om att se över behovet av en upprustning av Ådalsbanan mellan Nyland och Långsele.,"",,
1127519,Avslag,Avslag,"",0,2024/25:KU7,1,Riksdagen ställer sig bakom det som anförs i motionen om en översyn av offentlighets- och sekretesslagen för att möjliggöra informationsutbyte och tillkännager detta för regeringen.,"",,
1198293,Avslag, Avslag,Acklamation,4,2003/04:UU10,4,Riksdagen tillkännager för regeringen som sin mening vad i motionen anförs om att EU bör genomföra en uppföljningskonferens om transnationell organiserad brottslighet i EU:s närområde.,"",,
3324306,"","","",1,"",1,Riksdagen tillkännager för regeringen som sin mening vad i motionen anförs om väg E 22.,"",,
549124,Avslag, Avslag,Acklamation,0,2004/05:KrU1,0,Riksdagen tillkännager för regeringen som sin mening vad i motionen anförs om Museum Anna Nordlander.,"",,
1111590,"","","",0,2025/26:SoU16,12,Riksdagen ställer sig bakom det som anförs i motionen om att regeringen bör vidta åtgärder för att inrätta ett nationellt kunskapscentrum för samisk hälsa och tillkännager detta för regeringen.,"",,
477710,Avslag,Avslag,"",0,2016/17:NU12,1,Riksdagen ställer sig bakom det som anförs i motionen om att se över möjligheten att ge dispenser vid start av företag och tillkännager detta för regeringen.,"",,
1717820,Avslag,Avslag,"",0,2017/18:SoU13,1,Riksdagen ställer sig bakom det som anförs i motionen om vikten av att ge vård och behandling till missbrukspatienter och beroende som baseras på vetenskaplig grund i syfte att ge alla medborgare den säkraste och mest effektiva vården och tillkännager detta för regeringen.,"",,
1322600,Avslag, Avslag,Röstning,0,2003/04:SkU22,0,Riksdagen beslutar att slopa sambeskattning av förmögenhet i enlighet med vad som anförs i motionen.,"",,
894873,Avslag, Avslag,Acklamation,0,2009/10:UbU10,0,Riksdagen tillkännager för regeringen som sin mening vad som anförs i motionen om forskning angående bättre sex- och samlevnadsundervisning i skolan.,"",,
643828,Avslag, Avslag,Acklamation,0,2013/14:AU8,0,"Riksdagen tillkännager för regeringen som sin mening vad som anförs i motionen om en skärpt lagstiftning när det gäller diskriminering på grund av bristande tillgänglighet, i detta fall för synskadade i behov av ledarhundar.","",,
1597558,Avslag,Avslag,"",0,2019/20:UbU22,1,Riksdagen avslår propositionen.,"",,
1127539,Avslag,Avslag,"",0,2022/23:CU12,9,Riksdagen ställer sig bakom det som anförs i motionen om att utreda icke hälsovådliga störningar och tillkännager detta för regeringen.,"",,
2057773,Bifall, Bifall,Acklamation,0,2010/11:CU4,0,Riksdagen antar regeringens förslag till,lag om ändring i försäkringsavtalslagen (2005:104).,,
771841,Avslag,Avslag,"",0,2019/20:NU14,4,Riksdagen ställer sig bakom det som anförs i motionen om att ta fram en strategi för etablering av fjärde generationens kärnkraft och tillkännager detta för regeringen.,"",,
1402052,Avslag, Avslag,Röstning,0,2013/14:SkU16,0,Riksdagen tillkännager för regeringen som sin mening vad som anförs i motionen om beskattning av pensionärer.,"",,
1634996,Avslag,Avslag,"",0,2014/15:TU6,1,Riksdagen tillkännager för regeringen som sin mening vad som anförs i motionen om behovet av krav på operatörer i fråga om mobiltäckning.,"",,
1805099,Avslag, Avslag,Acklamation,2,2004/05:AU7,2,Riksdagen tillkännager för regeringen som sin mening vad  i motionen anförs om svårigheterna med att tillämpa 11 § jämställdhetslagen.,"",,
1437754,BifallDelvis,BifallDelvis,"",0,2021/22:SfU18,1,Riksdagen ställer sig bakom det som anförs i motionen om att även dagar med föräldrapenning på grundnivå ska ingå i den tid för vilken en förälder inte kan lämna över sin rätt till föräldrapenning till någon annan (den s.k. reserverade tiden) och tillkännager detta för regeringen.,"",,
1122439,Avslag,Avslag,"",0,2023/24:SoU16,1,Riksdagen ställer sig bakom det som anförs i motionen om att överväga möjligheten till en parlamentarisk utredning om dödshjälp och tillkännager detta för regeringen.,"",,
3283199,Avslag,Avslag,"",0,2016/17:TU16,15,Riksdagen ställer sig bakom det som anförs i motionen om elcyklar och trafiksäkerhet och tillkännager detta för regeringen.,"",,
3276860,Avslag, Avslag,Acklamation,15,2013/14:UU3,15,Riksdagen tillkännager för regeringen som sin mening vad som anförs i motionen om att stödja miljövänlig utveckling av gruv- och mineralnäring i utvecklingsländer och i Barentsregionen.,"",,
370971,Avslag,Avslag,"",0,2015/16:AU6,5,Riksdagen ställer sig bakom det som anförs i motionen om ett nytt kunskapsmål om svensk kultur och tradition och tillkännager detta för regeringen.,"",,
1756381,Avslag,Avslag,"",0,2016/17:AU4,1,Riksdagen ställer sig bakom det som anförs i motionen om att se över möjligheterna att öppna upp för privata arbetsförmedlingar i Sverige och tillkännager detta för regeringen.,"",,
201281,Avslag, Avslag,Acklamation,0,2007/08:SoU1,0,Riksdagen tillkännager för regeringen som sin mening vad som anförs i motionen om att ta fram ett samlat åtgärdspaket för att ge hemlösa ett värdigt liv.,"",,
1936100,Avslag,Avslag,"",0,2022/23:CU1,1,Riksdagen ställer sig bakom det som anförs i motionen om att utvärdera promillegränsen på sjön och tillkännager detta för regeringen.,"",,
1064269,Avslag,Avslag,"",0,2017/18:NU19,9,Riksdagen ställer sig bakom det som anförs i motionen om att det ska bli enklare för lanthandlare att bli ombud för statliga bolag och tillkännager detta för regeringen.,"",,
1714560,Avslag,Avslag,"",0,2021/22:JuU26,26,Riksdagen ställer sig bakom det som anförs i motionen om att kriminalisera oskuldskontroller och tillkännager detta för regeringen.,"",,
2067379,=utskottet,Avslag,"",0,2001/02:SkU17,0,Riksdagen tillkännager för regeringen som sin mening vad i motionen anförs om att skattefrihet införs för bensin som stjäls.,"",,
1199168,Avslag, Avslag,Acklamation,0,2005/06:JuSoU1,0,Riksdagen tillkännager för regeringen som sin mening vad i motionen anförs om § 34-placeringar.,"",,
2141212,Avslag, Avslag,Röstning,0,2010/11:JuU9,0,Riksdagen tillkännager för regeringen som sin mening vad som anförs i motionen om höjt arvode till nämndemän och ledamöter.,"",,
1469348,Avslag, Avslag,Acklamation,0,2012/13:SfU7,0,Riksdagen tillkännager för regeringen som sin mening vad som anförs i motionen om en översyn av situationen för bärplockarnäringen i Sverige.,"",,
517337,=utskottet,Avslag,"",0,2001/02:SfU1,0,Riksdagen tillkännager för regeringen som sin mening vad i motionen  anförs om att under en övergångsperiod införa en änklingspension.,"",,
232093,Avslag,Avslag,"",0,2018/19:TU5,1,Riksdagen ställer sig bakom det som anförs i motionen om Strömsholms kanal och tillkännager detta för regeringen.,"",,
451257,Avslag,Avslag,"",0,2015/16:KU14,1,Riksdagen ställer sig bakom det som anförs i motionen om att se över möjligheten att återinföra namnet Skaraborg på Västra Götalands läns östra valkrets och tillkännager detta för regeringen.,"",,
1559087,Avslag,Avslag,"",0,2022/23:KU25,1,Riksdagen ställer sig bakom det som anförs i motionen om förändring av riktlinjer och förordningar så att myndigheters möjligheter till offentliggörande eller försäljning av personuppgifter begränsas avsevärt samt att det främst görs till allmännyttiga applikationer och tillkännager detta för regeringen.,"",,
1342626,Avslag, Avslag,Acklamation,6,2002/03:SoU10,6,Riksdagen tillkännager för regeringen som sin mening vad i motionen anförs om att forskningen och metodutvecklingen av familjehemsvården skall ha ett klass och könspersperktiv och ett etniskt perspektiv samt utgå från FN:s barnkonvention.,"",,
1478609,=utskottet,Avslag,"",2,2001/02:UU8,2,"Riksdagen tillkännager för regeringen som sin mening vad i motionen anförs om behovet av att Sverige tydligt deklarerar hållningen att Taiwan, liksom andra suveräna, fria och demokratiska stater, fritt och självständigt avgör sitt lands framtid.","",,
989456,Avslag, Avslag,Acklamation,0,2011/12:CU24,0,Riksdagen beslutar om ändring i 20 kap. 13 § Sjölagen (1994:1009) enligt nedanstående lydelse.,"",,
923731,Avslag, Avslag,Acklamation,5,2004/05:SoU10,5,Riksdagen tillkännager för regeringen som sin mening vad i motionen anförs om aborter på grund av selektion.,"",,
603949,Bifall,Bifall,"",3,2022/23:JuU21,3,Riksdagen antar regeringens förslag till lag om ändring i socialtjänstlagen (2001:453). ,"",,
1010416,Avslag,Avslag,"",0,2017/18:SoU14,3,Riksdagen ställer sig bakom det som anförs i motionen om att uppdra åt Socialstyrelsen och Folkhälsomyndigheten att utreda införandet av äldrehälsovårdsprogram i hela landet och tillkännager detta för regeringen.,"",,
3216116,Avslag,Avslag,"",0,2024/25:JuU10,1,Riksdagen ställer sig bakom det som anförs i motionen om att överväga att avskaffa dagsböter som straffpåföljd och tillkännager detta för regeringen.,"",,
1095227,"","","",9,2025/26:SoU34,9,Riksdagen antar regeringens förslag till lag om ändring i socialtjänstlagen (2025:400).,"",,
1696530,Avslag,Avslag,"",0,2021/22:UbU16,3,"Riksdagen ställer sig bakom det som anförs i motionen om att beakta behovet av samverkan mellan skola, sjukvård och socialtjänst för att ge bättre stöd till elever med neuropsykiatrisk funktionsnedsättning och tillkännager detta för regeringen.","",,
228468,Avslag, Avslag,Acklamation,0,2004/05:TU2,0,Riksdagen tillkännager för regeringen som sin mening vad i motionen anförs om att göra ett tillägg i körkortslagen så att samtliga nordiska körkort omfattas.,"",,
157607,Avslag, Avslag,Acklamation,3,2009/10:AU1,3,Riksdagen tillkännager för regeringen som sin mening vad som anförs i motionen om frivilligorganisationer som arbetar för invandrare.,"",,
320452,Avslag, Avslag,Acklamation,0,2007/08:JuSoU1,0,Riksdagen tillkännager för regeringen som sin mening vad som anförs i motionen om inrättande av en haverikommission som får i uppdrag att utreda myndigheters agerande när en kvinna berövats livet av en närstående man.,"",,
3213228,Avslag, Avslag,Acklamation,0,2009/10:KrU6,0,Riksdagen tillkännager för regeringen som sin mening vad som anförs i motionen om ytterligare stödjande insatser för lokala och regionala ungdomsinsatser.,"",,
2190167,Avslag,Avslag,"",0,2024/25:SfU13,1,Riksdagen ställer sig bakom det som anförs i motionen om att överväga möjligheten att framöver höja nivån på bostadstillägget och tillkännager detta för regeringen.,"",,
906207,=utskottet,Avslag,"",6,2001/02:UbU10,6,Riksdagen tillkännager för regeringen som sin mening vad i motionen anförs om att idrottsämnets och hemkunskapsämnets innehåll och timplan blir föremål för särskild utredning.,"",,
989534,Avslag, Avslag,Acklamation,0,2004/05:BoU5,0,Riksdagen tillkännager för regeringen som sin mening vad i motionen anförs om att inlåsta patienters och fångars säkerhet måste säkerställas så långt det går.,"",,
74204,Avslag, Avslag,Röstning,2,2002/03:UU2,2,Riksdagen tillkännager för regeringen som sin mening vad i motionen anförs om att lägga ned Sida.,"",,
517225,Avslag, Avslag,Acklamation,5,2007/08:UU9,5,"Riksdagen tillkännager för regeringen som sin mening vad i motionen anförs om att FN:s högkommissarie för mänskliga rättigheter, Louise Arbour, ska släppas in i Eritrea.","",,
127321,Avslag, Avslag,Acklamation,0,2010/11:SoU1,0,Riksdagen tillkännager för regeringen som sin mening vad som anförs i motionen om att patienter med bröstcancer ska ges skriftlig information om diagnos och planerad behandling och rehabilitering.,"",,
1362216,Avslag,Avslag,"",0,2019/20:SkU24,1,Riksdagen ställer sig bakom det som anförs i motionen om skatter och avgifter på lönebesked och tillkännager detta för regeringen.,"",,
2189882,"","","",0,2018/19:SoU8,9,Riksdagen ställer sig bakom det som anförs i motionen om surrogatmödraskap och tillkännager detta för regeringen.,"",,
3314728,Avslag, Avslag,Acklamation,0,2012/13:KU19,0,Riksdagen tillkännager för regeringen som sin mening vad som anförs i motionen om kvalitetssäkring av statliga myndigheter.,"",,
1459995,=utskottet,Avslag,"",3,2001/02:KrU8,3,Riksdagen tillkännager för regeringen som sin mening vad som i motionen anförs om att allmänt stödja ungdomsutbytet mellan länderna som ett led i demokrati- och fredsarbete.,"",,
1760493,Avslag, Avslag,"",2,2007/08:SoU9,2,Riksdagen begär att regeringen återkommer med förslag om tandvårdsreform i enlighet med det som anförs i motionen.,"",,
1226293,"","","",0,2025/26:UbU8,1,"Riksdagen ställer sig bakom det som anförs i motionen om att överväga möjligheterna att införa obligatorisk och återkommande undervisning i skolan om sexuella övergrepp, barns rättigheter och vägar till hjälp och tillkännager detta för regeringen.","",,
408039,Avslag, Avslag,Acklamation,0,2009/10:MJU16,0,Riksdagen tillkännager för regeringen som sin mening vad som anförs i motionen om att införa symbolmärkning för förenklad källsortering.,"",,
652525,Avslag,Avslag,"",0,2023/24:UU1,1,Riksdagen anvisar anslagen för 2024 inom utgiftsområde 5 Internationell samverkan enligt förslaget i tabell A i motionen.,"",,
951560,Avslag,Avslag,"",0,2021/22:SfU16,1,Riksdagen ställer sig bakom det som anförs i motionen om att förtydliga socialtjänstlagen så att det klart framgår att utlänningar som vistas illegalt i landet inte har rätt till försörjningsstöd och tillkännager detta för regeringen.,"",,
354114,Avslag, Avslag,Acklamation,3,2003/04:BoU6,3,Riksdagen tillkännager för regeringen som sin mening vad i motionen anförs om att den i yrkande 1 omnämnda utredningen även tar upp frågan om att en helhetsansvarig för en byggnation utses. ,"",,
1122343,Avslag, Avslag,Acklamation,0,2003/04:UbU1,0,Riksdagen anvisar för budgetåret 2004  anslagen under utgiftsområde 16 Utbildning och universitetsforskning med de ändringar i förhållande till regeringens förslag som framgår av i motionen redovisad uppställning.,"",,
1952479,Bifall,Bifall,"",0,2021/22:NU13,1,Riksdagen ställer sig bakom det som anförs i motionen om att regeringen efter införandet av krav på rapportering av betaltider bör följa upp och utvärdera utfallet och tillkännager detta för regeringen.,"",,
242497,Avslag, Avslag,Röstning,2,2002/03:LU10,2,Riksdagen tillkännager för regeringen som sin mening vad i motionen anförs om att överväga åtgärder för att komma till rätta med problemet vårdnads- och umgängestvister i domstol.,"",,
904758,=utskottet,Avslag,"",0,2001/02:BoU11,0,"Riksdagen tillkännager för regeringen som sin mening behovet av att omförhandla vattendomar där enskilda ekonomiska intressen, som saknar riksintresse, står i strid med många människors intressen och där vattendomen motverkar viktiga naturvårds- och miljöintressen.","",,
172721,Avslag,Avslag,"",0,2020/21:SoU13,5,Riksdagen ställer sig bakom det som anförs i motionen om bättre samordning mellan de instanser som ska motverka ungas psykiska ohälsa och tillkännager detta för regeringen.,"",,
636831,Avslag, Avslag,Röstning,2,2009/10:SoU3,2,Riksdagen beslutar om ändring i föreslagna 2 kap. 7 § SOL samt 3 f § HSL genom ett tillägg till tredje stycket: Inom vilka tidsramar insatserna ska genomföras.,"",,
675269,Avslag,Avslag,"",0,2020/21:KU22,1,Riksdagen ställer sig bakom det som anförs i motionen om att tillsätta en utredning i syfte att begränsa rätten till gratis tolk och tillkännager detta för regeringen.,"",,
1804358,Avslag, Avslag,Acklamation,4,2002/03:AU1,4,Riksdagen anvisar med följande ändringar i förhållande till regeringens förslag anslagen under utgiftsområde 13 Arbetsmarknad:,"",,
1235907,Avslag, Avslag,Acklamation,2,2005/06:SoU16,2,"Riksdagen begär att regeringen snarast lägger fram lagförslag om förbud av produktion av korsningar mellan människa och andra arter, en s.k. hybrid eller bastard, enligt vad som anförs i motionen.","",,
1953031,Bifall,Bifall,"",4,2016/17:NU7,4,Riksdagen antar regeringens förslag till lag om ändring i minerallagen (1991:45).,"",,
249281,Avslag,Avslag,"",0,2020/21:UbU12,16,Riksdagen ställer sig bakom det som anförs i motionen om att stärka rektorns befogenheter att stänga av elever från gymnasieskolan och tillkännager detta för regeringen.,"",,
527421,Avslag, Avslag,Acklamation,2,2013/14:AU6,2,Riksdagen tillkännager för regeringen som sin mening vad som anförs i motionen om att värna den svenska modellen med svenska kollektivavtal.,"",,
722430,"","","",0,"",9,"","",,
169444,Avslag, Avslag,Röstning,0,2009/10:NU24,0,Riksdagen tillkännager för regeringen som sin mening vad som anförs i motionen om att utvärdera avregleringarna av de statliga bolagen.,"",,
848916,Bifall, Bifall,Acklamation,3,2011/12:SoU20,3,Riksdagen antar regeringens förslag till,lag om ändring i lagen (2002:160) om läkemedelsförmåner m.m.,,
1963480,Avslag, Avslag,Acklamation,0,2004/05:UbU9,0,Riksdagen tillkännager för regeringen som sin mening vad i motionen anförs om utbildningsinsatser inom IT-området.,"",,
1682734,Avslag,Avslag,"",0,2014/15:SoU7,1,Riksdagen tillkännager för regeringen som sin mening vad som anförs i motionen om att utreda möjligheterna att göra de nationella riktlinjerna mer bindande.,"",,
758997,=utskottet,Avslag,"",0,2001/02:AU1,0,Riksdagen anvisar med följande ändringar i förhållande till regeringens förslag anslagen under utgiftsområde 14 Arbetsliv:,"",,
455626,Avslag,Avslag,"",0,2021/22:JuU23,2,Riksdagen ställer sig bakom det som anförs i motionen om att skärpa straffen för hot mot förtroendevalda politiker genom att låta det klassas som demokratibrott och tillkännager detta för regeringen.,"",,
1219382,Avslag, Avslag,Acklamation,0,2005/06:SfU2,0,Riksdagen tillkännager för regeringen som sin mening vad som i motionen anförs om översyn av förutsättningarna för att inrätta länsexperter för integration.,"",,
1958317,Bifall,Bifall,"",2,2014/15:MJU13,2,Riksdagen godkänner Islandsavtalet.,"",,
1721757,Bifall, Bifall,Acklamation,0,2006/07:NU13,0,Riksdagen antar regeringens förslag till,lag om ändring i lagen (1960:729) om upphovsrätt till litterära och konstnärliga verk.,,
1731095,Avslag,"","",3,2012/13:MJU2,3,"Riksdagen anvisar med följande ändringar i förhållande till regeringens förslag anslagen inom utgiftsområde 23 Areella näringar, landsbygd och livsmedel enligt tabell 2 i motionen.","",,
383526,Avslag, Avslag,Acklamation,0,2012/13:TU17,0,Riksdagen tillkännager för regeringen som sin mening vad som anförs i motionen om övergivna fordon i naturen.,"",,
2211579,Avslag,Avslag,"",0,2020/21:MJU19,1,Riksdagen ställer sig bakom det som anförs i motionen om att se över lagstiftningen så att böter kan utdömas för att skräpa ned med tobaksfimpar och tillkännager detta för regeringen.,"",,
572288,Avslag, Avslag,Acklamation,0,2007/08:NU2,0,Riksdagen tillkännager för regeringen som sin mening vad som anförs i motionen om att tillsätta en utredning för att finna en lösning som låter en del av vattenkraftens genererade värden stanna i de energiproducerande regionerna.,"",,
1129267,Avslag,Avslag,"",0,2023/24:UbU11,3,Riksdagen ställer sig bakom det som anförs i motionen om att ge Skolverket och Specialpedagogiska skolmyndigheten i uppdrag att utveckla och verka för en positiv rörelsekultur inom alla skolformer och tillkännager detta för regeringen.,"",,
346807,Avslag, Avslag,Acklamation,0,2005/06:SkU22,0,Riksdagen tillkännager för regeringen som sin mening vad i motionen anförs om att införa ett lägsta försäljningspris på cigaretter.,"",,
840202,Avslag,Avslag,"",0,2015/16:JuU23,1,Riksdagen ställer sig bakom det som anförs i motionen om att se över straffrabatten för gärningsmän mellan 15 och 18 år samt för gärningsmän mellan 18 och 21 år vid grova våldsbrott och tillkännager detta för regeringen.,"",,
1957658,=utskottet,avslag,"",1,2000/01:KU15,1,Riksdagen tillkännager för regeringen som sin mening vad i motionen anförs om att göra Sveriges nationaldag den 6 juni till helgdag.,"",,
1388764,=utskottet,Avslag,"",0,2001/02:UFöU1,0,Riksdagen tillkännager för regeringen som sin mening vad som i motionen anförs om tillsättande av en utredning av konsekvensen av ett svenskt Natomedlemskap.,"",,
1355548,Avslag, Avslag,Acklamation,0,2008/09:KrU3,0,Riksdagen tillkännager för regeringen som sin mening vad som anförs i motionen om behovet av åtgärder för att säkerställa långsiktigt bevarande av kulturhistoriskt unika miljöer.,"",,
1348361,Avslag,Avslag,"",0,2017/18:UU11,1,Riksdagen ställer sig bakom det som anförs i motionen om att Sverige bör ansöka om medlemskap i Nato och tillkännager detta för regeringen.,"",,
1510252,Avslag, Avslag,Röstning,0,2009/10:SfU10,0,Riksdagen tillkännager för regeringen som sin mening vad som anförs i motionen om behovet av en bättre sjukförsäkring.,"",,
1004722,Avslag, Avslag,Acklamation,0,2011/12:MJU25,0,Riksdagen tillkännager för regeringen som sin mening vad som anförs i motionen om att underlätta etableringen av mindre gårdsbiogasanläggningar.,"",,
1958428,Avslag,Avslag,"",0,2020/21:SoU17,4,Riksdagen ställer sig bakom det som anförs i motionen om att ta fram nationella riktlinjer för att främja hbtq-personers psykiska hälsa och tillkännager detta för regeringen.,"",,
2092448,Avslag,Avslag,"",0,2018/19:CU7,1,Riksdagen ställer sig bakom det som anförs i motionen om en översyn av barns rätt att testamentera sin kvarlåtenskap och tillkännager detta för regeringen.,"",,
732208,Avslag, Avslag,Röstning,0,2012/13:NU1,0,Riksdagen tillkännager för regeringen som sin mening vad som anförs i motionen om behovet av ökade satsningar för ett bättre företagsklimat.,"",,
1204223,Avslag, Avslag,Acklamation,7,2012/13:UbU7,7,Riksdagen tillkännager för regeringen som sin mening vad som anförs i motionen om att tillåta kommunala och fristående skolor att lägga ut delar av sin undervisning på entreprenad till andra friskolor.,"",,
1006757,Avslag,Avslag,"",0,2021/22:MJU24,1,Riksdagen ställer sig bakom det som anförs i motionen om att vidta adekvata och direkta beslut och åtgärder för att komma till rätta med de problem som skarven utgör och tillkännager detta för regeringen.,"",,
1202982,Avslag, Avslag,Acklamation,0,2006/07:NU6,0,Riksdagen tillkännager för regeringen som sin mening vad i motionen anförs om nödvändigheten av att se över turistföretagens villkor.,"",,
816559,Avslag,Avslag,"",0,2023/24:FiU22,67,Riksdagen ställer sig bakom det som anförs i motionen om att möjligheten att betala med olika betalningsmedel bör ses som en rättighet och tillkännager detta för regeringen.,"",,
1077888,Avslag,Avslag,"",0,2019/20:CU15,1,Riksdagen ställer sig bakom det som anförs i motionen om att se över förutsättningarna för att ändra kriterierna för riksintressen så att hela dricksvattentäkter ska kunna omfattas och tillkännager detta för regeringen.,"",,
947169,Bifall, Bifall,Röstning,0,2013/14:KU2,0,Riksdagen antar regeringens förslag till,lag om ändring i lagen (2009:47) om vissa kommunala befogenheter.,,
143704,Avslag, Avslag,Acklamation,25,2002/03:SkU11,25,Riksdagen tillkännager för regeringen som sin mening vad i motionen anförs om behovet av översyn av energiskatterna för hotell- och restaurangbranschen.,"",,
869864,Avslag,Avslag,"",0,2024/25:SfU5,3,Riksdagen ställer sig bakom det som anförs i motionen om att se över de ekonomiska och verksamhetsmässiga konsekvenserna av denna lagstiftning för kommuner och regioner och tillkännager detta för regeringen.,"",,
2119996,Avslag,Avslag,"",0,2020/21:MJU8,1,Riksdagen ställer sig bakom det som anförs i motionen om att tillstånd att fiska ål ska få överlåtas på vissa villkor och tillkännager detta för regeringen.,"",,
1413474,Avslag,Avslag,"",0,2022/23:SoU17,1,Riksdagen ställer sig bakom det som anförs i motionen om att överväga en regelförändring så att kommuner ges möjligheter att anställa familje- och jourhem och tillkännager detta för regeringen.,"",,
2169022,Avslag, Avslag,Acklamation,6,2003/04:SfU12,6,Riksdagen tillkännager för regeringen som sin mening vad i motionen anförs om att asylsökande som fått ett arbete i Sverige skall beviljas uppehållstillstånd på dessa grunder.,"",,
244968,Avslag, Avslag,Acklamation,4,2002/03:UbU15,4,Riksdagen tillkännager för regeringen som sin mening vad i motionen anförs om fristående skolors rätt att bedriva vuxenutbildning.,"",,
1267323,Avslag, Avslag,Acklamation,0,2012/13:SoU12,0,Riksdagen tillkännager för regeringen som sin mening vad som anförs i motionen om att tillsammans med SKL (Sveriges Kommuner och Landsting) göra en översyn så att anhörigstödet blir bättre och de anhörigas insatser uppvärderas.,"",,
1049478,"","","",0,2025/26:SfU23,2,Riksdagen ställer sig bakom det som anförs i motionen om att regeringen ska återkomma med tydligare besked om att arbete inom studentkårer och studentorganisationer och andra bisysslor som är godkända av lärosätet bör undantas från begränsningen och tillkännager detta för regeringen.,"",,
420731,Avslag, Avslag,Acklamation,0,2009/10:MJU2,0,Riksdagen tillkännager för regeringen som sin mening vad som anförs i motionen om att regeringen tydligt bör reglera vildsvinsjakt vid åtel i en kommande ny förvaltningsplan för vildsvinsstammen.,"",,
1190956,Avslag, Avslag,Acklamation,0,2009/10:AU2,0,Riksdagen tillkännager för regeringen som sin mening vad som anförs i motionen om arbetslöshetsförsäkringen.,"",,
448093,Avslag,Avslag,"",0,2017/18:SoU15,1,Riksdagen ställer sig bakom det som anförs i motionen om att se över förutsättningarna för att även pojkar ska omfattas av vaccination mot HPV inom det nationella vaccinationsprogrammet och tillkännager detta för regeringen.,"",,
379329,Avslag, Avslag,Acklamation,7,2006/07:AU9,7,Riksdagen tillkännager för regeringen som sin mening vad i motionen anförs om att Sverige bör driva kravet på att införa en europeisk strejkrätt som ger anställda i ett land möjligheter att genomföra sympatiåtgärder för anställda i ett annat land.,"",,
3208688,Avslag, Avslag,Acklamation,0,2008/09:UbU4,0,Riksdagen tillkännager för regeringen som sin mening vad som anförs i motionen om stöd till klimatforskning.,"",,
2103735,Avslag, Avslag,Acklamation,0,2007/08:CU13,0,Riksdagen tillkännager för regeringen som sin mening vad som anförs i motionen om arbetsgivares regressrätt vid personskada.,"",,
2104458,Avslag,Avslag,"",0,2020/21:JuU27,1,"Riksdagen ställer sig bakom det som anförs i motionen om att kontinuerligt förbättra och förändra rättsprocesser där barn är inblandade, och detta tillkännager riksdagen för regeringen.","",,
1464038,Avslag, Avslag,Acklamation,0,2005/06:TU5,0,Riksdagen tillkännager för regeringen som sin mening vad i motionen anförs om ett svenskt båtregister.,"",,
1308335,Avslag,Avslag,"",0,2022/23:UbU10,1,"Riksdagen ställer sig bakom det som anförs i motionen om att se över möjligheten att implementera kost-, nutritions- och näringskunskap som en obligatorisk del av undervisningen för samtliga medicinstudenter och tillkännager detta för regeringen.","",,
523318,=utskottet,Avslag,"",0,2001/02:SfU1,0,"Riksdagen tillkännager för regeringen som sin mening vad i motionen anförs om att se över lagstiftningen så att Läkare utan gränser, samt andra organisationer som eventuellt inte omfattas av det svenska sjukförsäkringssystemet, får samma sociala försäkringsskydd som volontärer från andra svenska organisationer.","",,
444227,Avslag,Avslag,"",0,2021/22:MJU18,2,Riksdagen ställer sig bakom det som anförs i motionen om att noga analysera och utreda vilka siffror man har över skyddet av natur i Sverige så att det stämmer överens med verkligheten och tillkännager detta för regeringen.,"",,
81742,Avslag, Avslag,Acklamation,0,2008/09:UbU8,0,Riksdagen tillkännager för regeringen som sin mening vad som anförs i motionen om att se över möjligheterna att avskaffa fribeloppet för studerande.,"",,
1039102,Avslag, Avslag,Röstning,0,2006/07:UbU7,0,Riksdagen tillkännager för regeringen som sin mening vad i motionen anförs om att se över möjligheten att utöka rätten till undervisning i svenska som andraspråk att gälla även i förskolan.,"",,
1080390,Avslag, Avslag,Acklamation,25,2004/05:BoU10,25,Riksdagen beslutar att upphäva lagen (2002:102) om allmännyttiga bostadsföretag samt de övergångsregler från den s.k. stopplagen som fortfarande tillämpas.,"",,
720727,Avslag,Avslag,"",0,2021/22:SoU16,1,Riksdagen ställer sig bakom det som anförs i motionen om att tillföra mer resurser till forskningen om självmordsförebyggande åtgärder och tillkännager detta för regeringen.,"",,
1311230,Avslag, Avslag,Röstning,0,2003/04:SkU20,0,Riksdagen tillkännager för regeringen som sin mening vad i motionen anförs om vikten av att bryta bidragsberoendet.,"",,
1106115,Avslag,Avslag,"",0,2023/24:KrU5,1,Riksdagen ställer sig bakom det som anförs i motionen om att Statens försvarshistoriska museer bör få uppdraget att förvalta hemvärnets militärhistoriska arv och tillkännager detta för regeringen.,"",,
181621,Avslag,Avslag,"",0,2020/21:AU10,2,Riksdagen ställer sig bakom det som anförs i motionen om att de jämställdhetspolitiska målen bör ändras i linje med motionens intentioner och tillkännager detta för regeringen.,"",,
650538,Bifall,Bifall,"",1,2019/20:FiU37,1,Riksdagen antar regeringens förslag till lag om ändring i lagen (2010:751) om betaltjänster.,"",,
1268535,Avslag,Avslag,"",0,2022/23:MJU11,1,Riksdagen ställer sig bakom det som anförs i motionen om att se över hur regelverk kan förenklas för att gynna småskalig livsmedels- och djurproduktion och tillkännager detta för regeringen.,"",,
1667256,=utskottet,Avslag,"",11,2001/02:NU4,11,Riksdagen tillkännager för regeringen som sin mening vad i motionen anförs om att påbörja utvecklingen i full skala med början i Sveriges glesbygdskommuner.,"",,
393052,"","","",0,2025/26:NU17,1,Riksdagen ställer sig bakom det som anförs i motionen om att införandet av flödesbaserad kapacitetsberäkning bör pausas eller stoppas och tillkännager detta för regeringen.,"",,
138887,Avslag,Avslag,"",0,2018/19:TU5,1,Riksdagen ställer sig bakom det som anförs i motionen om att utreda ett alternativ till Västlänken och tillkännager detta för regeringen.,"",,
1674452,Avslag,Avslag,"",0,2016/17:UbU1,1,Riksdagen ställer sig bakom det som anförs i motionen om att införa en barnomsorgspeng som också ska gälla för vård av egna barn och tillkännager detta för regeringen.,"",,
3355040,Avslag, Avslag,Röstning,0,2006/07:KrU6,0,Riksdagen tillkännager för regeringen som sin mening vad i motionen anförs om fria boklån och folkbiblioteken.,"",,
1847209,Bifall,Bifall,"",1,2020/21:CU5,1,Riksdagen antar regeringens förslag till lag om fortsatt giltighet av lagen (2020:198) om tillfälliga undantag för att underlätta genomförandet av bolags- och föreningsstämmor.,"",,
1896781,Bifall,Bifall,"",6,2023/24:SkU24,6,Riksdagen antar regeringens förslag till lag om ändring i skatteförfarandelagen (2011:1244).,"",,
887789,Avslag, Avslag,Röstning,0,2009/10:SkU27,0,Riksdagen tillkännager för regeringen som sin mening vad som anförs i motionen om att Sverige ska se över möjligheterna att förenkla och anpassa sin aktiebeskattning till omvärlden.,"",,
1368552,Avslag,Avslag,"",0,2014/15:SfU13,2,Riksdagen tillkännager för regeringen som sin mening vad som anförs i motionen om att regeringen bör återkomma med förslag som syftar till att ålägga Skatteverket att genomföra efterhandskontroller av att den utbetalda lönen till arbetskraftsinvandrare överensstämmer med den utlovade.,"",,
1355724,Avslag,Avslag,"",0,2019/20:MJU9,1,Riksdagen ställer sig bakom det som anförs i motionen om behovet av att se över möjligheten att sätta ett slutdatum för användningen av burar i äggindustrin och tillkännager detta för regeringen.,"",,
2171506,Avslag,"","",2,2011/12:UbU2,2,Riksdagen bemyndigar regeringen att under 2012 ta upp lån i Riksgäldskontoret för studielån intill ett belopp av 177 575 000 000 kr.,"",,
1036707,Bifall, Bifall,Röstning,0,2008/09:JuU6,0,Riksdagen godkänner det inom Europeiska unionen upprättade utkastet till rådsbeslut om inrättande av en Europeisk polisbyrå (Europol).,"",,
1508348,Avslag, Avslag,Röstning,0,2013/14:KU12,0,Riksdagen tillkännager för regeringen som sin mening vad som anförs i motionen om att verka för kompetensutvidgande bestämmelser för kommunal tolkförmedling.,"",,
1906699,Avslag,Avslag,"",0,2024/25:MJU21,1,Riksdagen ställer sig bakom det som anförs i motionen om att minska vargstammen och tillkännager detta för regeringen.,"",,
2025282,Avslag,Avslag,"",0,2024/25:UU7,2,Riksdagen ställer sig bakom det som anförs i motionen om en handlingsplan för att öka det svenska inflytandet i det internationella arbetet och tillkännager detta för regeringen.,"",,
808440,Avslag, Avslag,Acklamation,0,2011/12:KrU1,0,"Riksdagen anvisar till utgiftsområde 17 Kultur, medier, trossamfund och fritid 341 000 000 kr utöver vad regeringen föreslagit för budgetåret 2012 eller således 12 641 000 000 kr.","",,
1410636,Avslag,Avslag,"",0,2019/20:MJU15,1,Riksdagen ställer sig bakom det som anförs i motionen om bildande av naturreservat och tillkännager detta för regeringen.,"",,
1820201,Avslag,Avslag,"",0,2024/25:SkU9,1,Riksdagen ställer sig bakom det som anförs i motionen om att genom ett blått avdrag skapa ekonomiska incitament för medborgarna att investera i vattenbaserade teknologier och tillkännager detta för regeringen.,"",,
2239477,=utskottet,Avslag,"",0,2001/02:FiU1,0,Riksdagen tillkännager för regeringen som sin mening vad i motionen anförs om skatten på diesel.,"",,
959145,=utskottet,Avslag,"",0,2001/02:KU1,0,Riksdagen beslutar om ändring i förhållande till regeringens förslag gällande anslagen under utgiftsområde 1 Rikets styrelse enligt uppställning: Anslag	Regeringens förslag	Anslagsförändring 27:2 Presstöd	515 029	-415 000 90:5 Regeringskansliet m.m.	4 998 149	-475 000 90:6 Stöd till politiska partier	145 200	-30 000 90:7 Expertgruppen för EU-frågor	9 000	-9 000 Summa för utgiftsområdet	7 284 122 -929 000.,"",,
2143249,Avslag,Avslag,"",0,2015/16:JuU19,1,Riksdagen ställer sig bakom det som anförs i motionen om offentligt biträde och tillkännager detta för regeringen.,"",,
2136964,Avslag, Avslag,Acklamation,6,2003/04:JuU1,6,Riksdagen anslår 41 951 000 kr till anslag 4:7 Brottsförebyggande rådet för budgetåret 2004.,"",,
1153848,Avslag,Avslag,"",0,2023/24:KU18,21,Riksdagen ställer sig bakom det som anförs i motionen om att stärka urfolket samernas rättigheter och tillkännager detta för regeringen.,"",,
2057704,Avslag,Avslag,"",0,2015/16:SfU7,5,"Riksdagen ställer sig bakom det som anförs i motionen om sanktioner mot föräldrar som underlåter att fullfölja sitt försörjningsansvar, och riksdagen tillkännager detta för regeringen.","",,
1082376,"","","",1,2025/26:UU23,1,"Riksdagen godkänner avtalet om fördjupat partnerskap och samarbete mellan Europeiska unionen och dess medlemsstater, å ena sidan, och Republiken Kirgizistan, å andra sidan.","",,
517511,Avslag, Avslag,Röstning,11,2005/06:SfU4,11,Riksdagen tillkännager för regeringen som sin mening vad i motionen anförs om tillämpningen av UNHCR:s aktuella riktlinjer vad gäller de svenska myndigheternas tolkning av den nya bestämmelsen om förföljelse på grund av kön eller sexuell läggning.,"",,
66559,Avslag, Avslag,Acklamation,2,2012/13:SkU16,2,Riksdagen tillkännager för regeringen som sin mening vad som anförs i motionen om att utreda en höjning av grundavdraget för plockning av vilt växande bär och svamp.,"",,
960674,Avslag,Avslag,"",0,2019/20:TU7,1,Riksdagen ställer sig bakom det som anförs i motionen om att regeringen bör säkerställa att även vägarna i Norrland har en godtagbar vägstandard och tillkännager detta för regeringen.,"",,
1783290,Avslag, Avslag,Acklamation,0,2009/10:KrU5,0,Riksdagen tillkännager för regeringen som sin mening vad som anförs i motionen om att bibliotekslagen bör avskaffas.,"",,
731169,Avslag, Avslag,Röstning,0,2012/13:NU11,0,Riksdagen tillkännager för regeringen som sin mening vad som anförs i motionen om att utveckla nyföretagarstödet.,"",,
1312518,Avslag, Avslag,Röstning,0,2005/06:SoU8,0,Riksdagen tillkännager för regeringen som sin mening vad i motionen anförs om behovet av en utbyggnad av tandvårdsförsäkringen.,"",,
1428723,Avslag,Avslag,"",0,2014/15:SfU1,1,Riksdagen tillkännager för regeringen som sin mening vad som anförs i motionen om sjukförsäkringen.,"",,
116685,Avslag, Avslag,Acklamation,0,2009/10:NU2,0,Riksdagen tillkännager för regeringen som sin mening vad som anförs i motionen om en landsbygdsstrategi för Värmland och norra Älvsborg.,"",,
3346097,Avslag, Avslag,Acklamation,0,2013/14:KU25,0,Riksdagen tillkännager för regeringen som sin mening vad som anförs i motionen om ändring i sekretesslagen.,"",,
2160115,Avslag,Avslag,"",0,2020/21:SoU16,4,Riksdagen ställer sig bakom det som anförs i motionen om vikten av att hälso- och vårddata från olika regioner är standardiserade och kompatibla och tillkännager detta för regeringen.,"",,
1832471,Avslag,Avslag,"",0,2019/20:NU13,13,Riksdagen ställer sig bakom det som anförs i motionen om att alla regioner i landet ska arbeta strategiskt med utveckling av den sociala ekonomin och tillkännager detta för regeringen.,"",,
362620,Avslag, Avslag,Acklamation,0,2004/05:JuU6,0,Riksdagen tillkännager för regeringen som sin mening vad i motionen anförs om att inrätta ett tingsställe i Bollnäs.,"",,
245875,Avslag, Avslag,Acklamation,0,2009/10:MJU2,0,Riksdagen tillkännager för regeringen som sin mening vad som anförs i motionen om behovet av en nationell strategi beträffande den spanska skogssnigeln.,"",,
1176240,Avslag, Avslag,Röstning,0,2003/04:LU8,0,Riksdagen tillkännager för regeringen som sin mening vad i motionen anförs om könsdiskriminerande reklam.,"",,
1579104,Avslag, Avslag,Acklamation,2,2013/14:KU15,2,Riksdagen tillkännager för riksdagsstyrelsen som sin mening vad som anförs i motionen om att arvodesnämnden bör få i uppdrag att utreda skäliga ersättningsnivåer för riksdagsledamöter efter att arvoden baseras på uppdrag i riksdagens utskott och EU-nämnden.,"",,
233598,Avslag, Avslag,Acklamation,0,2009/10:UbU3,0,Riksdagen tillkännager för regeringen som sin mening vad som anförs i motionen om att utreda möjligheten att införa ett övergångsår i den svenska skolan.,"",,
771103,Avslag,Avslag,"",0,2019/20:KU12,1,Riksdagen ställer sig bakom det som anförs i motionen om att Skåne län ska utgöra en valkrets i valet till Sveriges riksdag och tillkännager detta för regeringen.,"",,
1975562,Avslag,Avslag,"",0,2021/22:CU35,2,Riksdagen ställer sig bakom det som anförs i motionen om att regeringen bör utreda andra sätt för att öka förutsägbarheten i byggprocessen och då fokusera på att tydliggöra Boverkets byggregel samt stärka kommunernas kompetens i frågan och tillkännager detta för regeringen.,"",,
1111362,Avslag, Avslag,Röstning,0,2010/11:TU25,0,Riksdagen tillkännager för regeringen som sin mening vad som anförs i motionen om att införa fastighetsboxar i landets flerfamiljshus.,"",,
1102375,Avslag,Avslag,"",0,2023/24:UbU7,1,Riksdagen ställer sig bakom det som anförs i motionen om att se över möjligheten att koppla rätten till studiemedel mot avklarade poäng i studier i stället för mot intjänad inkomst och tillkännager detta för regeringen.,"",,
1977497,Avslag, Avslag,Acklamation,0,2005/06:MJU8,0,Riksdagen tillkännager för regeringen som sin mening vad i motionen anförs om införande av avståndsmärkning för livsmedel.,"",,
1316951,Avslag,Avslag,"",0,2022/23:KrU8,1,Riksdagen ställer sig bakom det som anförs i motionen om att tryggheten bör stärkas för konstnärer och kulturarbetare och tillkännager detta för regeringen.,"",,
2055605,Bifall," Bifall,  Delvis bifall",Acklamation,0,2010/11:JuU3,0,Riksdagen antar regeringens förslag till,"1. lag om mark- och miljödomstolar, 
2. lag om ändring i rättegångsbalken,
3. lag om ändring i jordabalken,
4. lag om ändring i miljöbalken,
5. lag om ändring i lagen (1929:405) med vissa föreskrifter angående tillämpningen här i riket av svensk-norska vattenrättskonventionen av den 11 maj 1929,
6. lag om ändring i ägofredslagen (1933:269),
7. lag om ändring i lagen (1945:119) om stängselskydd för järnväg m.m.,
8. lag om ändring i lagen (1957:390) om fiskearrenden,
9. lag om ändring i lagen (1962:627) om vissa åtgärder för utnyttjande av vattenkraft vid krig m.m.,
10. lag om upphävande av lagen (1969:246) om domstolar i fastighetsmål,
11. lag om ändring i fastighetsbildningslagen (1970:988),
12. lag om ändring i väglagen (1971:948),
13. lag om ändring i expropriationslagen (1972:719),
14. lag om ändring i lagen (1973:1084) om avveckling av vissa godmanskap för delägare i skifteslag,
15. lag om ändring i anläggningslagen (1973:1149),
16. lag om ändring i lagen (1973:1150) om förvaltning av samfälligheter,
17. lag om ändring i lagen (1976:997) om vattenförbund,
18. lag om ändring i bostadsförvaltningslagen (1977:792),
19. lag om ändring i lagen (1978:160) om vissa rörledningar,
20. lag om ändring i jordförvärvslagen (1979:230),
21. lag om ändring i skogsvårdslagen (1979:429),
23. lag om ändring i lagen (1985:620) om vissa torvfyndigheter,
24. lag om ändring i lagen (1987:11) om exploateringssamverkan,
25. lag om ändring i lagen (1988:97) om förfarandet hos kommunerna, förvaltningsmyndigheterna och domstolarna under krig eller krigsfara m.m.,
26. lag om ändring i lagen (1988:950) om kulturminnen,
27. lag om ändring i minerallagen (1991:45),
28. lag om ändring i bostadsrättslagen (1991:614),
29. lag om ändring i ellagen (1997:857),
30. lag om ändring i lagen (1998:811) om införande av miljöbalken,
31. lag om ändring i lagen (1998:812) med särskilda bestämmelser om vattenverksamhet,
32. lag om ändring i lagen (1998:813) om införande av lagen med särskilda bestämmelser om vattenverksamhet,
33. lag om ändring i lagen (1999:381) om åtgärder för att förebygga och begränsa följderna av allvarliga kemikalieolyckor,
34. lag om ändring i lagen (2004:875) om särskilda förvaltningar av vissa elektriska anläggningar,
35. lag om ändring i lagen (2004:1199) om handel med utsläppsrätter,
36. lag om ändring i naturgaslagen (2005:403),
37. lag om ändring i lagen (2009:724) om nationella minoriteter och minoritetsspråk,
38. lag om ändring i lagen (2009:1326) om ändring i miljöbalken,
41. lag om ändring i lagen (2010:000) om ansvar och ersättning vid radiologiska olyckor.",,
780198,Avslag,Avslag,"",0,2017/18:MJU17,1,Riksdagen ställer sig bakom det som anförs i motionen om inventeringen av nyckelbiotoper och deras påverkan på skogsbruket och tillkännager detta för regeringen.,"",,
826910,Avslag, Avslag,Acklamation,0,2008/09:JuU24,0,Riksdagen tillkännager för regeringen som sin mening vad som anförs i motionen om rättshjälp.,"",,
3282543,"","","",1,"",1,Riksdagen tillkännager för regeringen som sin mening vad i motionen anförs om ökade väganslag.,"",,
207437,Avslag, Avslag,Acklamation,0,2002/03:LU10,0,Riksdagen tillkännager för regeringen som sin mening vad i motionen anförs om barns rättigheter i familjerättsprocesser.,"",,
393370,Avslag, Avslag,Acklamation,0,2010/11:KrU1,0,Riksdagen tillkännager för regeringen som sin mening vad som anförs i motionen om att bevara och utveckla Klaverens Hus.,"",,
1092784,Avslag, Avslag,Acklamation,0,2008/09:TU2,0,Riksdagen tillkännager för regeringen som sin mening vad som anförs i motionen om satsningar på järnvägen.,"",,
1859108,Avslag, Avslag,Acklamation,2,2006/07:SoU6,2,Riksdagen tillkännager för regeringen som sin mening vad i motionen anförs om marknadsföringen för snus riktad till kvinnor.,"",,
3252273,Avslag,"","",2,2011/12:AU2,2,Riksdagen tillkännager för regeringen som sin mening vad som anförs i motionen om att tiden för vilken starta-eget-bidraget utbetalas bör öka från sex till nio månader.,"",,
964408,Avslag,Avslag,"",0,2019/20:SoU5,1,"Riksdagen ställer sig bakom det som anförs i motionen om att utreda möjligheten till ett preventivt program med ökad kunskap för tidig upptäckt av och stöd till äldre som mår psykiskt dåligt, och detta tillkännager riksdagen för regeringen.","",,
1008291,Avslag,Avslag,"",0,2022/23:MJU17,37,Riksdagen ställer sig bakom det som anförs i motionen om att se över i vilken omfattning det är möjligt att förhindra import av produkter från haj och då i synnerhet vad avser hotade hajarter och tillkännager detta för regeringen.,"",,
176671,Avslag,Avslag,"",0,2015/16:SkU16,1,"Riksdagen ställer sig bakom det som anförs i motionen om att överväga en översyn av möjligheten till enskild skattereduktion för hälsofrämjande åtgärder, s.k. BOT-avdrag, och tillkännager detta för regeringen.","",,
472727,Avslag,Avslag,"",0,2021/22:KU29,1,Riksdagen ställer sig bakom det som anförs i motionen om att regeringen bör tillsätta en utredning som ser över möjligheten att införa ett tredje kön som juridiskt sett är jämställt med kvinna och man och tillkännager detta för regeringen.,"",,
1630250,Avslag,Avslag,"",0,2015/16:UU12,3,"Riksdagen tillkännager för regeringen som sin mening vad som anförs i motionen om att skydda civila i Kobane enligt FN-principen om skyldighet att skydda, responsibility to protect (R2P).","",,
1251236,Avslag, Avslag,Acklamation,0,2009/10:SoU11,0,Riksdagen tillkännager för regeringen som sin mening vad som anförs i motionen om att ett nationellt kompetenscentrum bör byggas upp i Göteborg.,"",,
2237748,Avslag, Avslag,Röstning,0,2010/11:JuU9,0,Riksdagen tillkännager för regeringen som sin mening vad som anförs i motionen om nämndemännen.,"",,
2191269,Avslag,Avslag,"",0,2015/16:MJU1,1,Riksdagen ställer sig bakom det som anförs i motionen om sanering av förorenad mark och tillkännager detta för regeringen.,"",,
1269440,Avslag,Avslag,"",0,2022/23:MJU11,2,Riksdagen ställer sig bakom det som anförs i motionen om behovet av fler åtgärder för fler svenska får för att öka självförsörjningen och tillkännager detta för regeringen.,"",,
262317,Avslag, Avslag,Acklamation,0,2005/06:UbU8,0,Riksdagen tillkännager för regeringen som sin mening vad i motionen anförs om inrättandet av en samlad musikinstrumentmakarutbildning med hög internationell klass i Sverige.,"",,
989069,Avslag, Avslag,Röstning,0,2010/11:TU25,0,Riksdagen tillkännager för regeringen som sin mening vad som anförs i motionen om brevbärarnas arbetssituation.,"",,
3134562,Avslag, Avslag,Röstning,0,2012/13:AU2,0,Riksdagen tillkännager för regeringen som sin mening vad som anförs i motionen om småföretagares möjlighet till rådgivning vid rekryteringar med konsultcheckar.,"",,
1142487,Avslag, Avslag,Acklamation,7,2013/14:CU10,7,Riksdagen tillkännager för regeringen som sin mening vad som anförs i motionen om behovet av en fond för att hantera kostnader som uppstår när ansvar ska tas för dem som skadas av ohälsosamma byggda miljöer.,"",,
1821259,Avslag, Avslag,Acklamation,0,2007/08:AU6,0,Riksdagen tillkännager för regeringen som sin mening vad som anförs i motionen om familjehemsföräldrars villkor.,"",,
932979,"","","",0,2025/26:MJU8,1,Riksdagen ställer sig bakom det som anförs i motionen om att överväga att jordbrukare inte ska drabbas av mer än en ekonomisk sanktion för ett och samma fel och tillkännager detta för regeringen.,"",,
1636312,=utskottet,Avslag,"",0,2001/02:MJU24,0,Riksdagen tillkännager för regeringen som sin mening vad i motionen anförs om behovet av åtgärder för att bättre kunna möta det växnde problemet med den spanska skogssnigeln,"",,
1065642,=utskottet,Avslag,"",6,2001/02:KU1,6,Riksdagen tillkännager för regeringen som sin mening vad i motionen anförs om åtgärder för att förbättra villkoren för medföljare inom utrikesförvaltningen.,"",,
282372,Avslag,Avslag,"",0,2020/21:CU13,1,Riksdagen ställer sig bakom det som anförs i motionen om att förändra och förbättra synsättet på äganderätten och tillkännager detta för regeringen.,"",,
1979796,Avslag, Avslag,Acklamation,0,2003/04:NU4,0,Riksdagen tillkännager för regeringen som sin mening vad i motionen anförs om ökad jämställdhet i de statliga företagen.,"",,
1860203,Avslag, Avslag,Acklamation,0,2006/07:SoU5,0,Riksdagen tillkännager för regeringen som sin mening vad som i motionen anförs om behovet av en översyn av alkohollagen.,"",,
1757908,Avslag,Avslag,"",0,2016/17:NU23,1,Riksdagen ställer sig bakom det som anförs i motionen om en översyn av handläggningstiderna hos Patent- och registreringsverket och tillkännager detta för regeringen.,"",,
1446919,Avslag, Avslag,Acklamation,0,2005/06:KU24,0,Riksdagen tillkännager för regeringen som sin mening vad som i motionen anförs om att ändra Sveriges nationaldag från den 6 juni till den 24 maj.,"",,
1381160,Avslag,Avslag,"",0,2019/20:AU2,10,Riksdagen ställer sig bakom det som anförs i motionen om att avveckla subventionerade anställningar och tillkännager detta för regeringen.,"",,
1672835,Avslag,Avslag,"",0,2024/25:SkU12,1,Riksdagen ställer sig bakom det som anförs i motionen om att överväga att se över Tullverkets befogenheter i syfte att ge tullen möjlighet att vid behov utföra polisiära uppdrag och tillkännager detta för regeringen.,"",,
1027439,Avslag, Avslag,Röstning,0,2011/12:JuU24,0,Riksdagen tillkännager för regeringen som sin mening vad som anförs i motionen om att göra det möjligt för domstolar att på sikt införa permanenta säkerhetskontroller.,"",,
471474,Avslag, Avslag,Acklamation,0,2004/05:KU18,0,Riksdagen tillkännager för regeringen som sin mening vad i motionen anförs om lagförtydligande om kommuners möjlighet att underlätta för företag i den egna kommunen (kommunallagen 1 kap. 1 § och 2 kap. 8 §).,"",,
568963,Avslag,Avslag,"",0,2015/16:NU22,13,Riksdagen ställer sig bakom det som anförs i motionen om immaterialrätt och tillkännager detta för regeringen.,"",,
2176962,Avslag, Avslag,Röstning,0,2008/09:SkU25,0,Riksdagen tillkännager för regeringen som sin mening vad som anförs i motionen om att överväga införande av ROT-avdrag.,"",,
771697,"","","",0,"",4,"Riksdagen ställer sig bakom det som anförs i motionen om att Sveriges politik gentemot Palestina och Israel alltid ska utgå från folkrätten, mänskliga rättigheter och internationella konventioner och tillkännager detta för regeringen.","",,
1277060,"","","",0,2025/26:TU10,1,Riksdagen ställer sig bakom det som anförs i motionen om att se över möjligheten att Sverige ska delta vid internationella upphandlingar för att hyra ut isbrytaren Oden och tillkännager detta för regeringen.,"",,
2028166,Avslag,Avslag,"",0,2024/25:KU23,3,"Riksdagen ställer sig bakom det som anförs i motionen om att offentligfinansierade verksamheter inte ska tillåtas köpa tjänster, certifieringar och liknande av ideella föreningar som helt eller delvis producerar ideologi och propaganda, och detta tillkännager riksdagen för regeringen.","",,
1703356,Avslag,Avslag,"",0,2021/22:AU8,2,Riksdagen ställer sig bakom det som anförs i motionen om att se över skadeståndsbeloppen i diskrimineringsmål och tillkännager detta för regeringen.,"",,
1212992,Avslag, Avslag,Acklamation,0,2005/06:JuU29,0,Riksdagen begär att regeringen låter göra en översyn av bestämmelserna för innehav och förvaring av skjutvapen.,"",,
1486621,Avslag,Avslag,"",0,2014/15:MJU12,26,Riksdagen tillkännager för regeringen som sin mening vad som anförs i motionen om att regeringen bör återkomma med förslag på en långsiktig strategi och målsättning att öka skyddet av betydelsefulla havsmiljöer till 20 procent.,"",,
362884,Bifall, Bifall,Röstning,8,2009/10:NU10,8,"Riksdagen godkänner att de direkta kostnader som uppkommer för staten i samband med transaktionerna enligt 1-7 och som inbringar försäljningsintäkter för staten, får avräknas mot dessa intäkter (avsnitt 6).","",,
1826384,Delvis bifall, Delvis bifall,Acklamation,0,2009/10:SfU11,0,Riksdagen antar regeringens förslag till,"1. socialförsäkringsbalk,
2. lag om införande av socialförsäkringsbalken.",,
339852,Avslag, Avslag,Acklamation,0,2005/06:SkU16,0,Riksdagen tillkännager för regeringen som sin mening vad som i motionen anförs om att göra Östergötland till försökslän för sänkt skatt på hushållsnära tjänster.,"",,
3257490,Avslag, Avslag,Röstning,0,2002/03:MJU15,0,Riksdagen tillkännager för regeringen som sin mening vad i motionen anförs om förändringar i strandskyddet.,"",,
824907,Avslag,Avslag,"",0,2018/19:TU11,1,Riksdagen ställer sig bakom det som anförs i motionen om att möjliggöra klampning av bilar med hjälp av besiktningsmän och tillkännager detta för regeringen.,"",,
1321163,Avslag,Avslag,"",0,2022/23:SoU21,1,Riksdagen ställer sig bakom det som anförs i motionen om att förvaltningen av bilstödet bör överföras till annan myndighet för effektivare handläggning och tillkännager detta för regeringen.,"",,
3242120,Avslag," Avslag,  Avslag",Acklamation,3,2009/10:CU1,3,"Riksdagen anvisar med följande ändringar i förhållande till regeringens förslag anslagen under utgiftsområde 18 Samhällsplanering, bostadsförsörjning, byggande samt konsumentpolitik enligt uppställning:","",,
443229,=utskottet,Avslag,"",0,2001/02:JuU7,0,Riksdagen tillkännager för regeringen som sin mening vad i motionen anförs om att tillåta övervakningskameror i taxibilar.,"",,
638838,Bifall, Bifall,Acklamation,0,2013/14:KU39,0,Riksdagen antar regeringens förslag till,lag om ändring i offentlighets- och sekretesslagen (2009:400).,,
1917908,Avslag,Avslag,"",0,2022/23:MJU17,1,Riksdagen ställer sig bakom det som anförs i motionen om att överväga att se över biotopskyddet i syfte att underlätta för landets privata markägare och tillkännager detta för regeringen.,"",,
3330602,Avslag,Avslag,"",0,2020/21:CU14,1,"Riksdagen ställer sig bakom det som anförs i motionen om möjligheten att utreda och införa ett ackrediteringssystem för vattentorn och stora vattenreservoarer, där vattnet är dricksvatten, och tillkännager detta för regeringen.","",,
673742,Avslag,Avslag,"",0,2019/20:MJU10,1,Riksdagen ställer sig bakom det som anförs i motionen om ökade krav på kommunernas dokumentation vid underkännande av enskilt avlopp och tillkännager detta för regeringen.,"",,
692391,Avslag,Avslag,"",0,2017/18:MJU2,3,"Riksdagen ställer sig bakom det som anförs i motionen om att begreppet ""relevans"" vid bedömning av forskning även måste beakta de samhällsutmaningar världen står inför, och detta tillkännager riksdagen för regeringen.","",,
233755,Avslag,Avslag,"",0,2017/18:SkU8,1,Riksdagen ställer sig bakom det som anförs i motionen om att möjligheten till ROT- och RUT-avdrag enbart ska gälla arbete som utförs inom Sveriges gränser och tillkännager detta för regeringen.,"",,
1706961,Bifall,Bifall,"",1,2019/20:JuU6,1,Riksdagen antar regeringens förslag till lag om ändring i brottsbalken.,"",,
1733114,Avslag,Avslag,"",0,2016/17:MJU23,1,Riksdagen ställer sig bakom det som anförs i motionen om behovet av en återrapport om regeringens åtgärder med anledning av Statskontorets förbättringsförslag rörande livsmedelskontroller och tillkännager detta för regeringen.,"",,
1325641,Avslag, Avslag,Acklamation,0,2006/07:NU11,0,Riksdagen tillkännager för regeringen som sin mening vad som i motionen anförs om prisreglering på fjärrvärme.,"",,
312559,Avslag, Avslag,Acklamation,0,2011/12:TU1,0,Riksdagen tillkännager för regeringen som sin mening vad som anförs i motionen om att utreda förutsättningarna för flygplatsberedskap för ambulansflyg.,"",,
1539546,=utskottet,avslag,"",1,2000/01:SkU18,1,Riksdagen tillkännager för regeringen som sin mening vad i motionen anförs om att undanta energisparande åtgärder från fastighetsskatt.,"",,
2092923,Avslag, Avslag,Röstning,4,2008/09:SkU1,4,Riksdagen tillkännager för regeringen som sin mening vad som anförs i motionen om att en utredning snarast bör tillsättas för att utröna vilka arbetsuppgifter och befogenheter som kan tillföras Tullverket för att uppfylla ett bättre resursutnyttjande och samtidigt se till att privata inslag i så stor utsträckning som möjligt hålls borta från brottsbekämpningen.,"",,
1969931,Avslag,Avslag,"",0,2022/23:KrU2,3,Riksdagen ställer sig bakom det som anförs i motionen om att inte tillåta undantag från förbudet mot att erbjuda spel på kredit och tillkännager detta för regeringen.,"",,
306448,Avslag,Avslag,"",0,2015/16:JuU18,1,"Riksdagen ställer sig bakom det som anförs i motionen om att regeringen ska återkomma med ett lagförslag som ger illegalt gatuspel om pengar minst fängelse som straff och utvisning ur landet efter avtjänat straff, och riksdagen tillkännager detta för regeringen.","",,
1794259,Avslag,Avslag,"",0,2014/15:SfU1,1,Riksdagen tillkännager för regeringen som sin mening vad som anförs i motionen om Finsam.,"",,
110305,Avslag, Avslag,Acklamation,0,2012/13:UU2,0,Riksdagen tillkännager för regeringen som sin mening vad som anförs i motionen om att utreda hur ett system skulle kunna utformas så att pengar avsätts under år med ökade biståndsanslag för att användas under år med minskande anslag.,"",,
817778,"","","",0,"",1,Riksdagen ställer sig bakom det som anförs i motionen om att de tidigare utlovade satsningarna på Sydostlänken bör genomföras och tillkännager detta för regeringen.,"",,
1564639,Avslag, Avslag,Acklamation,0,2007/08:KU14,0,Riksdagen tillkännager för regeringen som sin mening vad som anförs i motionen om att se över valsystemet vad gäller proportionaliteten på kommunal nivå.,"",,
1780375,Avslag,Avslag,"",0,2024/25:CU14,13,Riksdagen ställer sig bakom det som anförs i motionen om ekologisk kompensation och tillkännager detta för regeringen.,"",,
263916,Avslag,Avslag,"",0,2015/16:MJU16,1,Riksdagen ställer sig bakom det som anförs i motionen om att förbjuda vilda djur på cirkus och tillkännager detta för regeringen.,"",,
661512,Avslag, Avslag,Röstning,0,2008/09:SoU14,0,Riksdagen tillkännager för regeringen som sin mening vad som anförs i motionen om att tillsätta en utredning i syfte att finna en behandlingsmetod för att ändra beteendet hos män som utövar våld mot kvinnor och barn.,"",,
1317969,Avslag, Avslag,Acklamation,0,2005/06:SoU5,0,Riksdagen begär att regeringen lägger fram förslag till en skärpning av lagen (1982:316) om skydd mot könsstympning av flickor enligt vad i motionen anförs.,"",,
2222883,Avslag, Avslag,Röstning,2,2011/12:UbU14,2,"Riksdagen tillkännager för regeringen som sin mening vad som anförs i motionen om att undersöka hur goda exempel, såsom ""Mullsjömodellen"", kan tjäna som inspiration för andra skolors värdegrundsarbete.","",,
92221,Bifall,Bifall,"",0,2017/18:JuU29,4,Riksdagen ställer sig bakom det som anförs i motionen om att höja straffen vid köp av sexuell tjänst från barn och tillkännager detta för regeringen.,"",,
300101,Avslag,Avslag,"",0,2021/22:UU10,17,Riksdagen ställer sig bakom det som anförs i motionen om att verka mot det kinesiska informationssamlandet genom sina produkter och AI och tillkännager detta för regeringen.,"",,
130501,Avslag,Avslag,"",0,2015/16:UU18,1,Riksdagen ställer sig bakom det som anförs i motionen om att utse en särskild förhandlingsperson med uppdraget att ta bort gränshinder i Öresundsregionen och tillkännager detta för regeringen.,"",,
697826,Avslag, Avslag,Acklamation,3,2004/05:AU5,3,Riksdagen tillkännager för regeringen som sin mening vad i motionen anförs om att utarbeta en uppförandekod mot åldersdiskriminering på den svenska arbetsmarknaden.,"",,
850359,Avslag,Avslag,"",0,2019/20:UbU9,1,Riksdagen ställer sig bakom det som anförs i motionen om avskrivning av studieskuld och tillkännager detta för regeringen.,"",,
587132,Avslag, Avslag,Acklamation,0,2011/12:SoU1,0,Riksdagen tillkännager för regeringen som sin mening vad som anförs i motionen om behovet av att öka antalet vårdplatser.,"",,
597799,Avslag, Avslag,Acklamation,0,2013/14:KrU9,0,Riksdagen tillkännager för regeringen som sin mening vad som anförs i motionen om behovet av insatser för att öppna fler fritidsgårdar och det särskilt i socioekonomiskt utsatta områden.,"",,
1121681,Avslag, Avslag,Acklamation,0,2006/07:FöU4,0,Riksdagen tillkännager för regeringen som sin mening vad i motionen anförs om vikten av att återupprätta skogsbrandflyget.,"",,
103448,Avslag,Avslag,"",0,2017/18:UU14,2,"Riksdagen ställer sig bakom det som anförs i motionen om att Sverige, genom EU och det internationella samfundet, bör arbeta för att lyfta religionsfrihetsfrågorna och skyddet för minoriteter, särskilt i Mellanöstern och Nordafrika, och detta tillkännager riksdagen för regeringen.","",,
373623,Avslag,Avslag,"",0,2015/16:FiU1,1,Riksdagen ställer sig bakom det som anförs i motionen om att bevara RUT-avdraget och tillkännager detta för regeringen.,"",,
1540551,Avslag,Avslag,"",0,2022/23:MJU12,1,Riksdagen ställer sig bakom det som anförs i motionen om att utreda förutsättningarna för jakt på vildsvin och tillkännager detta för regeringen.,"",,
914435,Avslag, Avslag,Acklamation,0,2010/11:TU13,0,"Riksdagen tillkännager för regeringen som sin mening vad som anförs i motionen om att regeringen ska återkomma med förslag där banavgifterna bara höjs måttligt samtidigt som kilometerskatt för lastbilar och andra ekonomiska styrmedel införs, så att politiken bidrar till att förändra prisrelationen mellan olika transportalternativ till förmån för dem som ger lägst klimat- och miljöbelastning.","",,
1886891,Avslag,Avslag,"",0,2017/18:SoU8,2,Riksdagen ställer sig bakom det som anförs i motionen om att möjliggöra gårdsförsäljning av alkohol och tillkännager detta för regeringen.,"",,
154859,Avslag, Avslag,Röstning,0,2013/14:FöU4,0,Riksdagen tillkännager för regeringen som sin mening vad som anförs i motionen om att regeringen skyndsamt ser över möjligheten att upprätta en ersättningsfond eller katastroffond.,"",,
1040914,Avslag, Avslag,Acklamation,0,2003/04:UbU5,0,Riksdagen tillkännager för regeringen som sin mening vad i motionen anförs om behovet av att regeringen följer upp konsekvenserna av de nuvarande dispensreglerna.,"",,
1651470,Avslag, Avslag,Acklamation,0,2004/05:MJU15,0,"Riksdagen tillkännager för regeringen som sin mening vad i motionen anförs om lokaliseringen av kansliet för den organisation som skall ersätta ESO, och som skall syssla med miljöstudier.","",,
2124082,Avslag,Avslag,"",0,2024/25:KU23,1,"Riksdagen ställer sig bakom det som anförs i motionen om att verka för att landets riksdagsledamöter ska beredas möjlighet att boka ""ledamotsrum"" hos den egna valkretsens länsstyrelse och tillkännager detta för regeringen.","",,
504702,Avslag, Avslag,Röstning,0,2007/08:JuU10,0,Riksdagen tillkännager för regeringen som sin mening vad som anförs i motionen om att utreda hur ordningsvakter på ett bättre sätt skulle kunna fullgöra sina åligganden.,"",,
1558697,"","","",0,2025/26:CU19,39,Riksdagen ställer sig bakom det som anförs i motionen om att åstadkomma en hållbar politik för att färre hus ska stå öde och tillkännager detta för regeringen.,"",,
898427,Avslag, Avslag,Acklamation,3,2004/05:FiU21,3,Riksdagen tillkännager för regeringen som sin mening vad i motionen anförs om återredovisning av hur de statliga medlen till särskilda insatser mot hiv/aids i storstadsregionerna har använts.,"",,
1558809,Avslag,Avslag,"",0,2022/23:UbU5,2,Riksdagen ställer sig bakom det som anförs i motionen om förbud mot konfessionella friskolor och tillkännager detta för regeringen.,"",,
1483698,Avslag, Avslag,Röstning,0,2002/03:SoU17,0,Riksdagen tillkännager för regeringen som sin mening vad i motionen anförs om prisreglering i tandvården.,"",,
685941,Avslag, Avslag,Röstning,0,2008/09:CU10,0,Riksdagen tillkännager för regeringen som sin mening vad som anförs i motionen om att se över frågan om barn som får skulder för obetalda vårdavgifter.,"",,
1118066,Avslag, Avslag,Acklamation,0,2012/13:SoU13,0,Riksdagen tillkännager för regeringen som sin mening vad som anförs i motionen om sjukvårdens helhetsansvar tills en patient är färdigbehandlad.,"",,
3261456,Avslag,Avslag,"",0,2020/21:SkU22,3,Riksdagen ställer sig bakom det som anförs i motionen om att uppmana till mer synliga skatter och tillkännager detta för regeringen.,"",,
97347,Avslag, Avslag,Röstning,2,2012/13:JuU25,2,Riksdagen tillkännager för regeringen som sin mening vad som anförs i motionen om att minimistraffen för grov fridskränkning och grov kvinnofridskränkning bör höjas till fängelse i minst ett år.,"",,
771663,Avslag, Avslag,Röstning,0,2008/09:JuU24,0,Riksdagen tillkännager för regeringen som sin mening vad som anförs i motionen om att människor som placeras på FN:s sanktionskommittés lista ska ha möjlighet att få sin sak prövad i svensk domstol.,"",,
1395065,Avslag, Avslag,Acklamation,0,2009/10:KU34,0,Riksdagen tillkännager för regeringen som sin mening vad som anförs i motionen om att ta bort kravet på dubbel straffbarhet för barnpornografibrott.,"",,
3254770,Avslag, Avslag,Acklamation,2,2007/08:SoU14,2,Riksdagen tillkännager för regeringen som sin mening vad i motionen anförs om grunder för tillståndsgivning till adoptionsorganisationer.,"",,
2113798,Avslag,Avslag,"",0,2018/19:FöU7,1,Riksdagen ställer sig bakom det som anförs i motionen om att problemet med att ljud inte når alla vid brandlarm bör ses över och åtgärdas och tillkännager detta för regeringen.,"",,
1678571,Avslag,Avslag,"",0,2019/20:KrU8,4,Riksdagen ställer sig bakom det som anförs i motionen om en utvecklingsfunktion för idrottsanläggningar och tillkännager detta för regeringen.,"",,
394152,Avslag, Avslag,Acklamation,0,2010/11:KrU10,0,Riksdagen tillkännager för regeringen som sin mening vad som anförs i motionen om ett ökat nationellt uppdrag för Textilmuseet och Textilhögskolan.,"",,
276860,Avslag,Avslag,"",0,2017/18:SoU9,1,Riksdagen ställer sig bakom det som anförs i motionen om att kontinuitet ska vara en grundläggande parameter i hälso- och sjukvård nationellt och tillkännager detta för regeringen.,"",,
563780,Avslag,Avslag,"",0,2015/16:AU11,1,Riksdagen antar regeringens lagförslag med de motivuttalanden som framgår av motionen. ,"",,
1361356,=utskottet,Avslag,"",0,2001/02:JuU29,0,Riksdagen avslår regeringens begäran om godkännande av utkast till rambeslut om en europeisk arresteringsorder och om överlämnande mellan medlemsstaterna.,"",,
763013,Avslag,Avslag,"",0,2017/18:JuU14,1,Riksdagen ställer sig bakom det som anförs i motionen om att överväga skärpta åtgärder mot övergrepp i rättssak och tillkännager detta för regeringen.,"",,
1222586,Avslag, Avslag,Acklamation,0,2008/09:KU23,0,Riksdagen tillkännager för regeringen som sin mening vad som anförs i motionen om den finska minoriteten i Sverige.,"",,
249380,Avslag,Avslag,"",0,2020/21:UbU11,11,Riksdagen ställer sig bakom det som anförs i motionen om att säkerställa att det professionsprogram för rektorer som tas fram tydligt premierar arbete i skolor i utsatta områden och tillkännager detta för regeringen.,"",,
86148,"","","",1,"",1,Riksdagen tillkännager för regeringen som sin mening vad i motionen anförs om hjulångaren Erik Nordevalls bärgning och framtida förvaring i ett museum.,"",,
1813242,Avslag, Avslag,Röstning,0,2009/10:TU13,0,Riksdagen tillkännager för regeringen som sin mening vad som anförs i motionen om behovet av bättre förutsättningar för Vänersjöfarten.,"",,
1400200,"","","",2,"",2,Riksdagen tillkännager att regeringen i den aviserade översynen av alla trafikrelaterade skatter överväger de i motionen framförda synpunkterna på miljöstyrning.,"",,
907366,Avslag, Avslag,Röstning,5,2006/07:NU16,5,Riksdagen tillkännager för regeringen som sin mening vad i motionen anförs om att innan en försäljning sker av statens andelar i Nordea vidtas sådana åtgärder att tillgången till plusgirot - som en del i en grundläggande infrastruktur - säkras för konsumenterna.,"",,
1273544,"","","",0,2025/26:KrU6,6,Riksdagen ställer sig bakom det som anförs i motionen om att se över möjligheten till utbildningsinsatser riktade mot idrottande ungdomar om riskerna med kosttillskott och tillkännager detta för regeringen.,"",,
436330,Avslag,Avslag,"",0,2021/22:UbU19,1,Riksdagen ställer sig bakom det som anförs i motionen om att verka för att ledarskap ska ingå i samtliga vårdutbildningar och tillkännager detta för regeringen.,"",,
921433,Avslag, Avslag,Röstning,10,2006/07:UbU4,10,Riksdagen tillkännager för regeringen som sin mening vad i motionen anförs om att rätten för universitet och högskolor att själva utforma antagningskriterier för sina utbildningar bör öka.,"",,
2092183,Avslag,Avslag,"",0,2016/17:KrU9,1,Riksdagen ställer sig bakom det som anförs i motionen om att utreda möjligheten att uppgradera Norrköpings skolmuseum till riksmuseum och tillkännager detta för regeringen.,"",,
1812445,Avslag, Avslag,Acklamation,2,2006/07:SoU5,2,Riksdagen tillkännager för regeringen som sin mening vad i motionen anförs om att Socialstyrelsen bör inhämta uppgifter om de gravida kvinnornas alkoholkonsumtion från mödravårdscentralerna.,"",,
179974,Bifall, Bifall,Acklamation,5,2010/11:KU3,5,Riksdagen antar regeringens förslag till,lag om ändring i offentlighets- och sekretesslagen (2009:400).,,
249175,Avslag, Avslag,Röstning,4,2011/12:NU4,4,Riksdagen tillkännager för regeringen som sin mening vad som anförs i motionen om att införa ett fastprissystem.,"",,
1965825,Avslag, Avslag,Röstning,10,2013/14:MJU20,10,Riksdagen tillkännager för regeringen som sin mening vad som anförs i motionen om att ett större finansiellt fokus bör läggas på att förbereda Sverige för eventuella framtida klimatförändringar.,"",,
465755,Avslag,Avslag,"",0,2015/16:SoU8,1,Riksdagen ställer sig bakom det som anförs i motionen om att ställa sig bakom intentionerna i WHO:s tobakspreventiva strategi och tillkännager detta för regeringen.,"",,
412506,=utskottet,Avslag,"",3,2001/02:KU7,3,Riksdagen begär att regeringen tillsätter en utredning om länsstyrelsernas roll och uppgifter i enlighet med vad som anförs i motionen.,"",,
1332242,Avslag, Avslag,Acklamation,4,2012/13:CU9,4,Riksdagen tillkännager för regeringen som sin mening vad som anförs i motionen om behovet av att investera i miljonprogramsområdena.,"",,
2237458,Avslag,Avslag,"",0,2024/25:TU5,1,"Riksdagen ställer sig bakom det som anförs i motionen om behovet av en översyn av hur järnvägsförbindelsen mellan Stockholm och Oslo skulle kunna förbättras, där man tar vidare de utredningar som redan har gjorts angående denna viktiga tågsträcka, och detta tillkännager riksdagen för regeringen.","",,
1473915,Avslag, Avslag,Röstning,0,2012/13:SfU1,0,Riksdagen tillkännager för regeringen som sin mening vad som anförs i motionen om att se över möjligheten att stärka samordningsförbundens viktiga arbete.,"",,
1604866,Avslag,Avslag,"",0,2021/22:AU8,3,Riksdagen ställer sig bakom det som anförs i motionen om att snarast utvärdera regeringens jämställdhetsmål nummer 2 och tillkännager detta för regeringen.,"",,
1824396,Avslag, Avslag,Acklamation,0,2009/10:CU4,0,Riksdagen tillkännager för regeringen som sin mening vad som anförs i motionen om bruksvärdessystemet vid hyressättningen.,"",,
2069021,Avslag,Avslag,"",0,2024/25:KrU3,1,Riksdagen ställer sig bakom det som anförs i motionen om att kartlägga förekomsten av övergrepp och mobbning och tillkännager detta för regeringen.,"",,
2192040,Avslag, Avslag,Acklamation,0,2008/09:SkU26,0,Riksdagen tillkännager för regeringen som sin mening vad som anförs i motionen om att göra en översyn av energibeskattningen av sågspån som används för energiframställning för att värna konkurrensneutraliteten mellan olika industrier på en fri marknad.,"",,
1973636,Avslag, Avslag,Röstning,0,2008/09:NU11,0,Riksdagen beslutar att avslå regeringens proposition 2008/09:67.,"",,
276470,Avslag, Avslag,Acklamation,0,2008/09:SoU13,0,Riksdagen tillkännager för regeringen som sin mening vad som anförs i motionen om färre restriktioner för sjukgymnaster.,"",,
740467,Avslag, Avslag,Röstning,0,2004/05:NU3,0,Riksdagen tillkännager för regeringen som sin mening vad i motionen anförs om svensk basindustris behov av ansvarsfull och långsiktig energipolitik.,"",,
1267338,Avslag, Avslag,Acklamation,2,2012/13:SoU13,2,Riksdagen tillkännager för regeringen som sin mening vad som anförs i motionen om att överväga att inom nationella it-strategiprojekt verka för att livstestamentet görs åtkomligt för vårdgivare även utanför det egna landstinget.,"",,
529037,"","","",0,2025/26:SoU17,1,Riksdagen ställer sig bakom det som anförs i motionen om att Socialstyrelsen ska åläggas att inhämta och redovisa information om hur och i vilken omfattning könskorrigerande vård för barn bedrivs och tillkännager detta för regeringen.,"",,
1454383,Avslag, Avslag,Acklamation,0,2005/06:BoU7,0,"Riksdagen tillkännager för regeringen som sin mening vad i motionen anförs att utifrån brandsäkerhetsaspekten låta byggbranschen själv välja byggmaterial, utan statliga pekpinnar.","",,
2167608,Avslag, Avslag,Röstning,0,2008/09:FöU1,0,Riksdagen tillkännager för regeringen som sin mening vad som anförs i motionen om finansieringen av Göteborg Wind Orchestras försvarsmusikuppdrag att verka som flygvapnets musikkår.,"",,
1422701,Avslag, Avslag,Acklamation,0,2010/11:UbU9,0,Riksdagen tillkännager för regeringen som sin mening vad som anförs i motionen om vuxenutbildning och rekryteringsbidrag.,"",,
1399131,Avslag,Avslag,"",0,2018/19:SoU13,1,Riksdagen ställer sig bakom det som anförs i motionen om att se över socialtjänstlagen där äldres rättigheter till goda levnadsvillkor ingår och tillkännager detta för regeringen.,"",,
1317053,Avslag,Avslag,"",0,2021/22:TU16,1,Riksdagen ställer sig bakom det som anförs i motionen om att regeringen i nästa nationella transportplan behöver prioritera en modern järnväg längs hela Norrlandskusten och tillkännager detta för regeringen.,"",,
3337263,Bifall, Bifall,Röstning,0,2005/06:KU4,0,Riksdagen antar regeringens förslag till,lag om vissa kommunala befogenheter i fråga om kollektivtrafik.,,
355660,Avslag, Avslag,Acklamation,5,2004/05:JuU1,5,Riksdagen begär att regeringen utreder och lägger fram förslag i syfte att förändra Ekobrottsmyndighetens ansvarsområde i enlighet med vad i motionen anförs.,"",,
1818093,Avslag, Avslag,Acklamation,0,2007/08:AU6,0,Riksdagen tillkännager för regeringen som sin mening vad som anförs i motionen om vissa regler i a-kassan.,"",,
3261890,Avslag, Avslag,Acklamation,0,2012/13:AU8,0,Riksdagen tillkännager för regeringen som sin mening vad som anförs i motionen om en utredning om röddagskonto.,"",,
228618,Avslag,Avslag,"",0,2020/21:SfU20,2,Riksdagen ställer sig bakom det som anförs i motionen om att följa upp dagens rapportering och tillkännager detta för regeringen.,"",,
76570,Avslag,Avslag,"",0,2017/18:SoU13,1,Riksdagen ställer sig bakom det som anförs i motionen om stöd till kvinnojourer och tillkännager detta för regeringen.,"",,
418412,Avslag,Avslag,"",0,2017/18:SkU10,2,Riksdagen ställer sig bakom det som anförs i motionen om att överväga att bussbolags eller busschaufförers ansvar för herrelös alkohol på bussar förstärks och tillkännager detta för regeringen.,"",,
271202,Avslag, Avslag,Acklamation,0,2005/06:UbU13,0,Riksdagen tillkännager för regeringen som sin mening vad som i motionen anförs om tillåtelse av kommunala friskolor.,"",,
1849156,Bifall,Bifall,"",0,2016/17:KU30,1,Riksdagen ställer sig bakom det som anförs i motionen om en översyn av reglerna för proportionella val på så sätt att ersättare för avgående ledamot i nämnd eller styrelse blir någon tillhörande samma parti som en avgående ledamot och tillkännager detta för regeringen.,"",,
295148,Avslag,Avslag,"",0,2020/21:SoU14,9,"Riksdagen ställer sig bakom det som anförs i motionen om att nyckelkompetens inom t.ex. it, sjöfart och flyg ska kunna röra sig fritt över gränserna även i händelse av stängda gränser och att in- och utreseförbud därför bör hanteras i särskild ordning för denna personalkategori och tillkännager detta för regeringen.","",,
468660,Avslag,Avslag,"",0,2017/18:SkU12,1,"Riksdagen ställer sig bakom det som anförs i motionen om att överväga en översyn av möjligheten att samköra adressregistrering för Skatteverket, Valmyndigheten och Pensionsmyndigheten och tillkännager detta för regeringen.","",,
1996899,Avslag,Avslag,"",0,2020/21:UbU8,6,Riksdagen ställer sig bakom det som anförs i motionen om att regeringen bör tillsätta en utredning om ekonomiska villkor för studerande med funktionsnedsättning och tillkännager detta för regeringen.,"",,
631266,Avslag, Avslag,Acklamation,0,2013/14:AU6,0,Riksdagen tillkännager för regeringen som sin mening vad som anförs i motionen om att undantagen i turordningsregeln inom LAS bör tas bort.,"",,
2113204,Avslag,Avslag,"",0,2018/19:SoU12,1,Riksdagen ställer sig bakom det som anförs i motionen om att se över förutsättningarna för att de som har behov av personlig assistans ska kunna behålla den insatsen i både skola och arbete för att bevara den personliga integriteten och tillkännager detta för regeringen.,"",,
1335522,Avslag, Avslag,Acklamation,0,2013/14:UbU12,0,Riksdagen tillkännager för regeringen som sin mening vad som anförs i motionen om elevers hälsa.,"",,
1678885,Avslag, Avslag,Röstning,0,2003/04:KU1,0,Riksdagen tillkännager för regeringen som sin mening vad i motionen anförs om att se över presstödsreglerna.,"",,
1049075,Avslag,Avslag,"",0,2019/20:SoU7,1,Riksdagen ställer sig bakom det som anförs i motionen om gårdsförsäljning av lokalproducerade produkter och tillkännager detta för regeringen.,"",,
3346839,Avslag,Avslag,"",0,2020/21:SoU17,1,Riksdagen ställer sig bakom det som anförs i motionen om att införa ett förbud mot icke-medicinsk omskärelse av barn och tillkännager detta för regeringen.,"",,
1390785,=utskottet,Avslag,"",0,2001/02:LU2,0,Riksdagen tillkännager för regeringen som sin mening vad som i motionen anförs om införande av dubbel prismärkning i såväl svenska kronor som euro.,"",,
2207619,Avslag, Avslag,Röstning,9,2009/10:CU25,9,Riksdagen tillkännager för regeringen som sin mening vad som anförs i motionen om obligatoriska klimat- och sårbarhetsplaner.,"",,
577620,Avslag,Avslag,"",0,2019/20:SkU22,1,Riksdagen ställer sig bakom det som anförs i motionen om att ta bort överindexeringen av bensin och diesel och tillkännager detta för regeringen.,"",,
1134674,Avslag,Avslag,"",0,2021/22:CU10,1,Riksdagen ställer sig bakom det som anförs i motionen om fler industriellt producerade byggnader i trä och tillkännager detta för regeringen.,"",,
1988502,Avslag, Avslag,Acklamation,0,2004/05:KrU9,0,Riksdagen tillkännager för regeringen som sin mening vad i motionen anförs om åtgärder för att säkra idrottens historiska arv.,"",,
750364,=utskottet,Avslag,"",5,2001/02:TU2,5,Riksdagen tillkännager för regeringen som sin mening vad i motionen anförs om behovet av upprustning av Inlandsbanan syd mellan Kristinehamn och Mora.,"",,
128811,Avslag,Avslag,"",0,2017/18:KU33,1,Riksdagen ställer sig bakom det som anförs i motionen om att vara föräldraledig från alla former av politiska uppdrag och tillkännager detta för regeringen.,"",,
1715094,Avslag,Avslag,"",0,2019/20:UFöU2,2,Riksdagen ställer sig bakom det som anförs i motionen om att Sverige inte ska delta i den Natoledda insatsen Nato Mission in Iraq (NMI) och tillkännager detta för regeringen.,"",,
1853703,Avslag, Avslag,Acklamation,32,2005/06:UU2,32,Riksdagen tillkännager för regeringen som sin mening vad i motionen anförs om vikten av enprocentsmålet.,"",,
2159295,Avslag,Avslag,"",0,2015/16:KU17,1,Riksdagen ställer sig bakom det som anförs i motionen om möjligheten till mer företagandevänliga myndigheter och tillkännager detta för regeringen.,"",,
395647,Avslag, Avslag,Acklamation,0,2010/11:KrU9,0,Riksdagen tillkännager för regeringen som sin mening vad som anförs i motionen om Opera på Skäret i Ljusnarsberg.,"",,
2100161,Avslag,Avslag,"",0,2020/21:SoU16,1,Riksdagen ställer sig bakom det som anförs i motionen om att undersöka möjligheterna att verka för fler psykologer i primärvården och tillkännager detta för regeringen.,"",,
1717578,Avslag,Avslag,"",0,2016/17:SoU10,1,Riksdagen ställer sig bakom det som anförs i motionen om en påbörjad legitimeringsprocess av legitimerade yrkesgrupper med arbetsrätt i Sverige och tillkännager detta för regeringen.,"",,
2193776,Avslag, Avslag,Acklamation,2,2005/06:NU13,2,Riksdagen tillkännager för regeringen som sin mening vad i motionen anförs om regeringens engagemang för att ESS-anläggningen skall hamna i Lund.,"",,
3352749,Avslag,Avslag,"",0,2024/25:UU15,1,Riksdagen ställer sig bakom det som anförs i motionen om att flytta Sveriges ambassad i Israel från Tel Aviv till Jerusalem och tillkännager detta för regeringen.,"",,
1551475,Bifall, Bifall,Acklamation,2,2004/05:FiU15,2,Riksdagen antar regeringens förslag till,lag om ändring i lagen (1976:661) om immunitet och privilegier i vissa fall.,,
1965753,Avslag,Avslag,"",0,2024/25:TU5,1,Riksdagen ställer sig bakom det som anförs i motionen om att överväga en reformering av den långsiktiga finansieringen av infrastruktur och tillkännager detta för regeringen.,"",,
875909,Avslag,"","",0,2008/09:KU1,0,Riksdagen anvisar med följande ändringar i förhållande till regeringens förslag anslagen under utgiftsområde 1 Rikets styrelse enligt uppställning:,"",,
1969829,Avslag,Avslag,"",0,2016/17:TU10,1,Riksdagen ställer sig bakom det som anförs i motionen om att ge Trafikverket i uppdrag att utreda möjligheten att belägga Mora-Siljan flygplats med trafikplikt och tillgång till flygtrafik upphandlad av Trafikverket och tillkännager detta för regeringen.,"",,
480251,Avslag, Avslag,Acklamation,10,2005/06:UU20,10,"Riksdagen tillkännager för regeringen som sin mening vad i motionen anförs om att inrätta svenska ambassader i Kathmandu respektive Kabul, för bl.a. samordning av biståndsinsatser.","",,
92306,Avslag,Avslag,"",0,2017/18:NU10,1,"Riksdagen ställer sig bakom det som anförs i motionen om att med hänvisning till försiktighetsprincipen bör Sverige införa ett förbud mot gas- och oljeutvinning ur skiffer, och detta tillkännager riksdagen för regeringen.","",,
2055732,=utskottet,Avslag,"",0,2001/02:FöU3,0,Riksdagen tillkännager för regeringen som sin mening vad som i motionen anförs om allmän värnplikt för både män och kvinnor.,"",,
1484176,Avslag, Avslag,Acklamation,6,2003/04:TU10,6,Riksdagen tillkännager för regeringen som sin mening vad i motionen anförs om utbyggnad av väg 67.,"",,
1951814,Avslag, Avslag,Acklamation,0,2012/13:KU22,0,Riksdagen tillkännager för regeringen som sin mening vad som anförs i motionen om en översyn av kommunallagen.,"",,
1942641,Avslag,Avslag,"",0,2020/21:FiU25,1,Riksdagen ställer sig bakom det som anförs i motionen om att staten ska motverka åldersdiskriminering genom en utnämningspolicy där även äldre kompetenta personer utnämns till tjänster som tillsätts för viss tid och tillkännager detta för regeringen.,"",,
1175495,Avslag, Avslag,Röstning,0,2007/08:UbU6,0,Riksdagen tillkännager för regeringen som sin mening vad som anförs i motionen om studiemedlen.,"",,
1376610,Avslag, Avslag,Acklamation,2,2012/13:JuU20,2,Riksdagen tillkännager för regeringen som sin mening vad som anförs i motionen om att Europarådets konvention om skydd för barn mot sexuell exploatering och sexuella övergrepp bör ratificeras.,"",,
934549,=utskottet,Avslag,"",0,2001/02:SoU10,0,Riksdagen tillkännager för regeringen som sin mening vad i motionen anförs om införande av testdos vid medicinering.,"",,
281364,"","","",0,2025/26:KU19,2,Riksdagen ställer sig bakom det som anförs i motionen om att låta utarbeta ett regelverk för donation av den svenska flagga som vajat på Riksdagshusets tak till allmänheten och tillkännager detta för riksdagsstyrelsen.,"",,
1777678,Avslag, Avslag,Röstning,2,2009/10:FiU6,2,Riksdagen tillkännager för regeringen som sin mening vad som anförs i motionen om att återkomma till riksdagen med riktlinjer som reglerar fondernas möjlighet att investera i bolag med fossil energi som huvudsaklig inriktning.,"",,
1449947,Avslag, Avslag,Acklamation,0,2007/08:FöU5,0,Riksdagen tillkännager för regeringen som sin mening vad som anförs i motionen om hur höga vattenflöden ska hanteras och förebyggas genom nationella riktlinjer inom samhällsplaneringen.,"",,
1590796,Avslag,Avslag,"",0,2014/15:FiU26,1,Riksdagen tillkännager för regeringen som sin mening vad som anförs i motionen om att en kommun inte får ta ut tillsynsavgifter annat än i samband med tillsynsbesök.,"",,
989152,Avslag,Avslag,"",0,2021/22:FöU10,1,Riksdagen ställer sig bakom det som anförs i motionen om att utreda möjligheten till att offentlig verksamhets serverbehov byggs upp inom Sveriges gränser och tillkännager detta för regeringen.,"",,
1851270,Avslag, Avslag,Acklamation,3,2006/07:SoU1,3,Riksdagen tillkännager för regeringen som sin mening vad i motionen anförs om att Föräldraföreningen för dyslektiska barn i avvaktan på denna översyn bör få dispens från denna regel.,"",,
311118,Avslag, Avslag,Acklamation,2,2006/07:MJU12,2,"Riksdagen tillkännager för regeringen som sin mening vad i motionen anförs om att tillåta skyddsjakt på säl på allt vatten i de berörda länen, inte bara i de särskilda skyddsområdena.","",,
1344694,Avslag, Avslag,Acklamation,0,2005/06:SoU1,0,Riksdagen tillkännager för regeringen som sin mening vad i motionen anförs om att regeringen skall se över möjligheten för kostnadsfria mensskydd.,"",,
1522138,Avslag,Avslag,"",0,2017/18:SkU24,2,"Riksdagen ställer sig bakom det som anförs i motionen om att införa normer för skatteutgifter i fråga om inkomst av tjänst, näringsverksamhet respektive kapital och tillkännager detta för regeringen.","",,
774818,"","","",0,2025/26:CU12,1,Riksdagen ställer sig bakom det som anförs i motionen om att se över hur barnets rätt till skydd i vårdnadsmål där en förälder dömts för sexualbrott mot barn eller barnpornografibrott kan stärkas och tillkännager detta för regeringen.,"",,
2254317,Avslag,Avslag,"",0,2020/21:SkU18,1,Riksdagen ställer sig bakom det som anförs i motionen om att se över möjligheten till en produktionsrabatt i form av skattereduktion för film- och tv-inspelningar och tillkännager detta för regeringen.,"",,
1917287,Avslag,Avslag,"",0,2024/25:CU13,1,Riksdagen ställer sig bakom det som anförs i motionen om att se över formerna för hur staten ska kunna bidra med fler aktiva åtgärder inom bostadspolitiken och tillkännager detta för regeringen.,"",,
815347,Avslag,Avslag,"",0,2021/22:MJU21,1,Riksdagen ställer sig bakom det som anförs i motionen om att verka för ett slopat stöd till sockerproduktion för livsmedelsändamål och tillkännager detta för regeringen.,"",,
1662754,Avslag,Avslag,"",0,2023/24:UbU10,1,Riksdagen ställer sig bakom det som anförs i motionen om att införa totalförsvarskunskap i skolan för att förbereda och öka medvetenheten hos eleverna om samhället och individens roll i kris eller krig och tillkännager detta för regeringen.,"",,
1017397,"","","",0,"",1,"","",,
1770236,Avslag, Avslag,Röstning,0,2008/09:AU8,0,Riksdagen avslår propositionen i sin helhet.,"",,
1005128,=utskottet,Avslag,"",6,2001/02:SoU13,6,Riksdagen tillkännager för regeringen som sin mening vad i motionen anförs om rättssäkerheten i tvångsvården.,"",,
1155819,Avslag,Avslag,"",0,2023/24:SoU21,1,Riksdagen ställer sig bakom det som anförs i motionen om att marknadsföringen av sjukvårdstjänster bör regleras och tillkännager detta för regeringen.,"",,
946116,"","","",0,2025/26:KrU7,6,"Riksdagen ställer sig bakom det som anförs i motionen om att undersöka möjligheterna till gränsöverskridande samarbete mellan Sverige, Norge och Finland avseende nyhetsmedier på finska, meänkieli och samiska och tillkännager detta för regeringen.","",,
1575946,Avslag,Avslag,"",0,2014/15:JuU15,1,Riksdagen tillkännager för regeringen som sin mening vad som anförs i motionen om en omprövning av nämndemannasystemet.,"",,
2044092,Avslag, Avslag,Acklamation,0,2002/03:TU4,0,Riksdagen tillkännager för regeringen som sin mening vad i motionen anförs om behovet av förbättrad säkerhet för barn vid färd med taxifordon.,"",,
1683013,Avslag,Avslag,"",0,2016/17:SfU4,1,Riksdagen ställer sig bakom det som anförs i motionen om att se över möjligheten med ett system där man tar hänsyn till flyktingars kvalifikationer i samband med vidarebosättning för att möjliggöra en snabbare anpassning och tillkännager detta för regeringen.,"",,
984380,Avslag, Avslag,Röstning,0,2004/05:BoU1,0,Riksdagen tillkännager för regeringen som sin mening vad i motionen anförs om behovet av att kartlägga träffsäkerheten i dagens bostadsbidragssystem och att - med ledning härav - skapa ett träffsäkrare och effektivare system.,"",,
2249568,Avslag,Avslag,"",0,2015/16:SfU14,1,"Riksdagen ställer sig bakom det som anförs i motionen om att utreda en flyktingamnesti för papperslösa irakiska flyktingar som tillhör de folkmordsutsatta folkgrupperna assyrier och yazidier, och riksdagen tillkännager detta för regeringen.","",,
2079797,Avslag,Avslag,"",0,2020/21:SoU14,1,Riksdagen ställer sig bakom det som anförs i motionen om att regeringen bör arbeta fram särskilda direktiv för hantering av långtidssjuka covid-19-patienter och tillkännager detta för regeringen.,"",,
1267845,Avslag,Avslag,"",0,2019/20:SfU17,2,Riksdagen ställer sig bakom det som anförs i motionen om att det bör utredas hur inkomsterna ska ingå i SGI och tillkännager detta för regeringen.,"",,
1590888,Avslag,Avslag,"",0,2023/24:AU6,1,Riksdagen ställer sig bakom det som anförs i motionen om att ta fram en vitbok om hur hbt-personer historiskt behandlats i Sverige och tillkännager detta för regeringen.,"",,
1453819,Avslag, Avslag,Röstning,0,2002/03:SfU2,0,Riksdagen tillkännager för regeringen som sin mening vad i motionen anförs om rätt till en adekvat vård och behandling med bromsmediciner mot hivinfektion för alla som vistas i landet.,"",,
1528062,=utskottet,avslag,"",1,2000/01:SkU16,1,Riksdagen tillkännager för regeringen som sin mening att församling även i fortsättningen bör vara basenhet i folkbokföringen.,"",,
1196374,Avslag, Avslag,Acklamation,0,2005/06:SoU18,0,Riksdagen tillkännager för regeringen som sin mening vad i motionen anförs om behovet av förebyggande åtgärder inom hälsoområdet.,"",,
2034921,=utskottet,avslag,"",1,2000/01:TU1,1,Riksdagen tillkännager för regeringen som sin mening vad i motionen anförs om att staten även fortsättningsvis måste ta ansvar för att upprätthålla en god postservice med en väl fungerande betalnings- och kassaservice i hela landet.,"",,
293530,Avslag,Avslag,"",0,2020/21:MJU15,1,Riksdagen ställer sig bakom det som anförs i motionen om att regeringen ska informera berörda myndigheter om att värna äganderätten när det gäller skog och inte fortsätta att peka ut nyckelbiotoper och tillkännager detta för regeringen.,"",,
268482,Avslag," Avslag,  Avslag",Röstning,6,2006/07:AU4,6,Riksdagen tillkännager för regeringen som sin mening vad i motionen anförs om att regeringen ska tillsätta en utredning om konsekvenserna av de aviserade förändringarna i arbetslöshetsförsäkringen innan en proposition om arbetslöshetsförsäkringen lämnas till riksdagen.,"",,
627153,Avslag, Avslag,Röstning,0,2010/11:AU10,0,Riksdagen begär att regeringen återkommer med ett tydliggörande i lagen om anställningsskydd (LAS) om att företrädesrätten inte får sättas ur spel när arbetsgivare hyr in personal från bemanningsföretag.,"",,
1319122,Avslag, Avslag,Röstning,14,2005/06:SoU17,14,Riksdagen tillkännager för regeringen som sin mening vad som i motionen anförs om bättre vård för hemlösa kvinnor.,"",,
352976,Avslag, Avslag,Acklamation,0,2005/06:JuU7,0,Riksdagen tillkännager för regeringen som sin mening vad i motionen anförs om att gränsen för registrering av DNA för dömda brottslingar bör sänkas från två till ett års fängelse.,"",,
834605,"","","",0,2025/26:SfU18,1,"Riksdagen ställer sig bakom det som anförs i motionen om att utreda förutsättningarna att förändra Arbetsförmedlingens, Försäkringskassans och kommunens roll i förhållande till personer som befinner sig i utanförskap samt för de som är arbetslösa, och detta tillkännager riksdagen för regeringen.","",,
1616525,Avslag,Avslag,"",0,2023/24:MJU13,1,"Riksdagen ställer sig bakom det som anförs i motionen om att regeringen bör ge Jordbruksverket i uppdrag att om möjligt genomföra det som Konkurrenskraftsutredningen (SOU 2015:15) beskrev om ny vägledning, tillståndsprövning, färre miljöprövningsdelegationer och inget samråd för anmälningspliktig verksamhet, och detta tillkännager riksdagen för regeringen.","",,
89530,Avslag,"","",0,2011/12:UU2,0,Riksdagen tillkännager för regeringen som sin mening vad som anförs i motionen om att utreda hur ett system skulle kunna utformas så att pengar avsätts under år med ökade biståndsanslag för att användas under år med minskade anslag.,"",,
1396663,=utskottet,avslag,"",1,2000/01:SkU15,1,Riksdagen tillkännager för regeringen som sin mening vad som i motionen anförs om behovet av att lösa frågan om momspliktighet i samband med strukturfondsprojekt.,"",,
189515,Avslag, Avslag,Röstning,0,2011/12:TU5,0,Riksdagen tillkännager för regeringen som sin mening vad som anförs i motionen om ökad valfrihet inom färdtjänsten.,"",,
1281797,Avslag, Avslag,Acklamation,0,2012/13:SoU12,0,Riksdagen tillkännager för regeringen som sin mening vad som anförs i motionen om rätten till ett fungerande sexualliv som äldre.,"",,
232437,Avslag,Avslag,"",0,2017/18:CU17,1,Riksdagen ställer sig bakom det som anförs i motionen om att vidta fler effektiva åtgärder mot bilmålvakter och tillkännager detta för regeringen.,"",,
1433409,Avslag, Avslag,Acklamation,0,2009/10:SfU1,0,Riksdagen tillkännager för regeringen som sin mening vad som anförs i motionen om översyn av eventuella marginaleffekter som kan uppstå för förtidspensionärer som provar på att arbeta och samtidigt uppbär bostadstillägg eller bostadsbidrag.,"",,
776632,Avslag,Avslag,"",0,2017/18:AU9,1,Riksdagen ställer sig bakom det som anförs i motionen om en översyn av fackliga sympatiåtgärder och tillkännager detta för regeringen.,"",,
1223740,"","","",0,2025/26:MJU11,22,Riksdagen ställer sig bakom det som anförs i motionen om den svenska sjömatens roll i Livsmedelsstrategin 2.0 och tillkännager detta för regeringen.,"",,
1253964,"","","",0,2018/19:SoU8,3,Riksdagen ställer sig bakom det som anförs i motionen om likvärdig cancerbehandling för äldre kvinnor och tillkännager detta för regeringen.,"",,
392785,Bifall, Bifall,Röstning,0,2003/04:LU19,0,Riksdagen antar de i propositionen framlagda förslagen till,"1. lag om ändring i äktenskapsbalken,
2. lag om ändring i lagen (1994:1117) om registrerat partnerskap,
3. lag om ändring i lagen (1904:26 s. 1) om vissa internationella rättsförhållanden rörande äktenskap och förmynderskap,
4. lag om ändring i lagen (1993:305) om rätt att förrätta vigsel inom andra trossamfund än Svenska kyrkan.",,
111617,Avslag, Avslag,Acklamation,0,2010/11:SoU1,0,"Riksdagen tillkännager för regeringen som sin mening vad som anförs i motionen om mammografi, kallelse och information samt nationella behandlingsriktlinjer.","",,
2063096,Avslag, Avslag,Acklamation,11,2004/05:UbU8,11,Riksdagen tillkännager för regeringen som sin mening vad i motionen anförs om Skolverket som tillsynsmyndighet för fristående skolor för funktionshindrade.,"",,
1498321,"","","",0,2025/26:JuU12,1,Riksdagen ställer sig bakom det som anförs i motionen om att överväga lagstiftnings- och rättsväsendeförändringar för att stärka skyddet mot sexuella övergrepp för vuxna med funktionsnedsättning och tillkännager detta för regeringen.,"",,
908836,Avslag,Avslag,"",0,2017/18:FiU3,1,Riksdagen anvisar anslagen för 2018 inom utgiftsområde 25 Allmänna bidrag till kommuner enligt förslaget i tabell 1 i motionen.,"",,
118630,Avslag, Avslag,Acklamation,0,2008/09:UbU17,0,Riksdagen tillkännager för regeringen som sin mening vad som anförs i motionen om behovet av att förbättra sex- och samlevnadsundervisningen.,"",,
1515298,"","","",2,"",2,Riksdagen begär att regeringen lägger fram förslag till ändring av betalningstid för kvarskatt enligt vad i motionen anförs.,"",,
3332673,Avslag,Avslag,"",0,2020/21:SoU24,1,Riksdagen ställer sig bakom det som anförs i motionen om att regeringen skyndsamt bör tillsätta en utredning kring hur innehavet av brottsverktyg kan begränsas och tillkännager detta för regeringen.,"",,
2073283,Avslag, Avslag,Röstning,0,2004/05:SkU22,0,Riksdagen tillkännager för regeringen som sin mening vad i motionen anförs om att ideella föreningar skall undantas momsbeläggning.,"",,
1172739,Avslag, Avslag,Acklamation,0,2011/12:MJU15,0,Riksdagen tillkännager för regeringen som sin mening vad som anförs i motionen om en tremetersregel för kustnära fiske.,"",,
2187366,Avslag,Avslag,"",0,2020/21:MJU16,3,Riksdagen ställer sig bakom det som anförs i motionen om att se över möjligheterna att i sammanhanget allemansrätten införa begränsning av kommersiell verksamhet utan avtal med markägaren och tillkännager detta för regeringen.,"",,
799873,Avslag,Avslag,"",0,2019/20:TU15,1,Riksdagen ställer sig bakom det som anförs i motionen om att överväga att göra den marknadsledande biljettplattformen konkurrensneutral och tillkännager detta för regeringen.,"",,
2244517,Avslag,Avslag,"",0,2015/16:SoU6,6,Riksdagen ställer sig bakom det som anförs i motionen om Bostad Först och tillkännager detta för regeringen.,"",,
525119,Bifall,Bifall,"",2,2016/17:FiU40,2,Riksdagen antar regeringens förslag till lag om ändring i offentlighets- och sekretesslagen (2009:400).,"",,
879883,Avslag, Avslag,Acklamation,0,2008/09:SoU13,0,Riksdagen tillkännager för regeringen som sin mening vad som anförs i motionen om att tatuering på barn bör kriminaliseras.,"",,
508503,Avslag,Avslag,"",0,2024/25:MJU21,1,Riksdagen ställer sig bakom det som anförs i motionen om att möjliggöra cykelförbud på privat mark med vandringsleder och tillkännager detta för regeringen.,"",,
1731639,Avslag,Avslag,"",0,2019/20:TU7,1,Riksdagen ställer sig bakom det som anförs i motionen om att överväga att bygga en Öresundsmetro och tillkännager detta för regeringen.,"",,
81475,Avslag, Avslag,Röstning,0,2009/10:NU14,0,Riksdagen tillkännager för regeringen som sin mening vad som anförs i motionen om att genomföra en översyn av minerallagen för att pröva möjligheten att stärka det kommunala medinflytandet redan i prospekterings- och provborrningsskedet.,"",,
2246106,Avslag,Avslag,"",0,2015/16:JuU18,1,"Riksdagen ställer sig bakom det som anförs i motionen om stopp för att människor utnyttjas som slavar i olika näringsverksamheter i Sverige, och riksdagen tillkännager detta för regeringen.","",,
1999153,Avslag,Avslag,"",0,2024/25:SkU12,1,Riksdagen ställer sig bakom det som anförs i motionen om att se över reglerna för F‑skatt i syfte att motverka löne- och villkorsdumpning på arbetsmarknaden och tillkännager detta för regeringen.,"",,
675634,Avslag,Avslag,"",0,2019/20:CU10,1,Riksdagen ställer sig bakom det som anförs i motionen om att studera förutsättningarna för stimulansåtgärder för ökat bostadsbyggande i trä och tillkännager detta för regeringen.,"",,
1855490,=utskottet,Avslag,"",4,2001/02:MJU24,4,Riksdagen tillkännager för regeringen som sin mening vad i motionen anförs om småskalig vattenkraft.,"",,
835303,"","","",0,"",1,"Riksdagen ställer sig bakom det som anförs i motionen om att se över möjligheten att göra en översyn av tillstånd och regelverk i syfte att underlätta och uppmuntra användningen av drönare för skötsel av sina egna marker, skogar och grödor och tillkännager detta för regeringen.","",,
3128940,Avslag, Avslag,Acklamation,0,2009/10:TU7,0,Riksdagen tillkännager för regeringen som sin mening vad som anförs i motionen om det statliga driftsstödet till icke-statliga flygplatser.,"",,
1158453,Avslag, Avslag,Acklamation,0,2008/09:TU13,0,Riksdagen tillkännager för regeringen som sin mening vad som anförs i motionen om en översyn av möjligheten att ta ut avgifter för utlandsregistrerade fordon på svenska vägar.,"",,
734833,Avslag,Avslag,"",0,2015/16:FöU4,4,Riksdagen ställer sig bakom det som anförs i motionen om återupprättandet av SOS-centraler på fler orter och tillkännager detta för regeringen.,"",,
603932,Avslag, Avslag,Acklamation,2,2006/07:KU9,2,Riksdagen tillkännager för regeringen som sin mening vad i motionen anförs om kommunal parlamentarism.,"",,
1883623,Avslag,Avslag,"",0,2016/17:SfU1,1,Riksdagen ställer sig bakom det som anförs i motionen om att utreda förutsättningarna för ett system med vård av förälder/nära släkting - oberoende av anställningsform - och tillkännager detta för regeringen.,"",,
915015,Avslag, Avslag,Acklamation,0,2010/11:TU13,0,Riksdagen tillkännager för regeringen som sin mening vad som anförs i motionen om beslut med anledning av regionalt inflytande och ansvarstagande för Gotlandstrafiken.,"",,
1747014,Avslag,Avslag,"",0,2016/17:SfU16,2,"Riksdagen ställer sig bakom det som anförs i motionen om att regeringen ska verka för bättre samordning mellan ansvariga myndigheter - ett aktivt samarbete mellan länsstyrelser, Migrationsverket, kommuner, landsting och kvinnojourer - så att nolltolerans mot våld mot kvinnor ska gälla alla kvinnor i Sverige, och detta tillkännager riksdagen för regeringen.","",,
752883,Avslag, Avslag,Röstning,0,2010/11:MJU10,0,Riksdagen tillkännager för regeringen som sin mening vad som anförs i motionen om att inom ramen för den nya myndighetsstrukturen skapa ett nära samarbete mellan fisket och havsforskningen.,"",,
271585,Avslag, Avslag,Röstning,8,2012/13:SkU17,8,Riksdagen tillkännager för regeringen som sin mening vad som anförs i motionen om att påskynda arbetet med att införa tonnageskatt i syfte att behålla en betydande rederinäring.,"",,
1826040,Avslag,Avslag,"",0,2019/20:NU15,6,Riksdagen ställer sig bakom det som anförs i motionen om handel som ett viktigt verktyg i kampen för bättre miljö och tillkännager detta för regeringen.,"",,
562547,Avslag,Avslag,"",0,2019/20:MJU2,1,"Riksdagen anvisar anslagen för 2020 inom utgiftsområde 23 Areella näringar, landsbygd och livsmedel enligt förslaget i tabell 1 i motionen.","",,
654413,Avslag, Avslag,Röstning,0,2011/12:SfU1,0,Riksdagen tillkännager för regeringen som sin mening vad som anförs i motionen om förändringar i sjukförsäkringen.,"",,
1056622,Avslag,Avslag,"",0,2019/20:SoU7,1,Riksdagen ställer sig bakom det som anförs i motionen om att överväga Systembolagets monopol och tillkännager detta för regeringen.,"",,
1614029,Avslag,Avslag,"",0,2014/15:TU12,1,Riksdagen tillkännager för regeringen som sin mening vad som anförs i motionen om en ändring i trafikförordningen i fråga om ledbussars längd.,"",,
253562,Avslag, Avslag,Röstning,0,2005/06:UbU14,0,Riksdagen tillkännager för regeringen som sin mening vad i motionen anförs om rätten för alla elever att ta examen.,"",,
1369943,Avslag, Avslag,Acklamation,0,2008/09:KrU5,0,Riksdagen tillkännager för regeringen som sin mening vad som anförs i motionen om att Biografbyrån bör avskaffas.,"",,
1938883,"","","",2,"",2,Riksdagen tillkännager för regeringen som sin mening vad i motionen anförs om att frånta den finansiella skyldigheten för Öresundsbrons ekonomiska förluster från de länstrafikbolag och övriga transportbolag som av utredningen inte får del av brons positiva effekter.,"",,
1408336,Avslag,"",Acklamation,2,2007/08:UbU1,2,Riksdagen tillkännager för regeringen som sin mening vad som anförs i motionen om satsning på forskning med genusperspektiv på äldre och åldrandet.,"",,
1333302,Avslag,Avslag,"",0,2016/17:SfU2,1,"Riksdagen ställer sig bakom det som anförs i motionen om att skrota rabattavtalet för att göra premiepensionssystemet enklare och tydligare och i stället sätta ett maxtak för vad en fond på fondtorget får kosta, och detta tillkännager riksdagen för regeringen.","",,
1333249,Avslag, Avslag,Acklamation,0,2010/11:FöU6,0,Riksdagen tillkännager för regeringen som sin mening vad som anförs i motionen om fyrverkerier.,"",,
531749,Avslag, Avslag,Acklamation,0,2013/14:AU2,0,Riksdagen tillkännager för regeringen som sin mening vad som anförs i motionen om möjligheten att se över förutsättningarna kring regelverken för sociala företag.,"",,
2215616,Avslag,Avslag,"",0,2015/16:KU16,1,Riksdagen ställer sig bakom det som anförs i motionen om att utreda möjligheten att införa en demokratikanon och tillkännager detta för regeringen.,"",,
1164523,"","","",0,2025/26:KU27,1,Riksdagen ställer sig bakom det som anförs i motionen om att se över möjligheten att återinföra namnet Skaraborg på valkretsen Västra Götalands läns östra och tillkännager detta för regeringen.,"",,
687360,=utskottet,Avslag,"",2,2001/02:FiU1,2,Riksdagen tillkännager för Riksdagens revisorer som sin mening vad som anförs i motionen om ett vidgat synsätt vid utvärdering av skatteförändringar.,"",,
254167,"Bifall,Bifall","Bifall,Bifall","",9,"2021/22:FiU32,2022/23:KU8",9,Riksdagen antar regeringens förslag till lag om ändring i lagen (2022:000) om Sveriges riksbank.,"",,
1741455,Avslag,Avslag,"",0,2016/17:JuU1,44,Riksdagen ställer sig bakom det som anförs i motionen om att presentera en samlad strategi mot it-brott och tillkännager detta för regeringen.,"",,
925111,Avslag, Avslag,Acklamation,3,2009/10:UbU8,3,Riksdagen tillkännager för regeringen som sin mening vad som anförs i motionen om att huvudregeln är att svenska ska vara det språk som används inom hela utbildningsväsendet.,"",,
68700,Avslag, Avslag,Acklamation,0,2010/11:SoU8,0,Riksdagen tillkännager för regeringen som sin mening vad som anförs i motionen om metadon- och Subutexbehandling för heroinmissbrukare.,"",,
2116284,Avslag, Avslag,Acklamation,2,2004/05:SoU8,2,Riksdagen tillkännager för regeringen som sin mening vad i motionen anförs om att organdonatorer får årlig hälsokontroll för resten av livet som ett erkännande för sin insats.,"",,
763893,Avslag,Avslag,"",0,2017/18:SoU9,1,Riksdagen ställer sig bakom det som anförs i motionen om omskärelse av omyndiga pojkar och tillkännager detta för regeringen.,"",,
953974,Avslag, Avslag,Röstning,17,2004/05:FiU9,17,"Riksdagen begär att regeringen lägger fram förslag innebärande att arbetsmarknadspolitiska, sociala och miljömässiga krav på olika företags verksamhet regleras i särskild lagstiftning i enlighet med vad som anförs i motionen.","",,
2055895,Avslag, Avslag,Röstning,0,2013/14:JuU15,0,Riksdagen tillkännager för regeringen som sin mening vad som anförs i motionen om gromning.,"",,
565332,"","","",2,"",2,Riksdagen tillkännager för regeringen som sin mening vad i motionen anförs om nivån på de flygande inspektionerna.,"",,
594274,Avslag,Avslag,"",0,2018/19:CU11,1,Riksdagen ställer sig bakom det som anförs i motionen om behovet av en översyn av årsredovisningslagen samt dess tillämpning och tillkännager detta för regeringen.,"",,
1014057,Avslag,Avslag,"",0,2023/24:MJU9,1,Riksdagen ställer sig bakom det som anförs i motionen om att utreda möjligheterna till en översyn av hur riktlinjer för det kommunala tillsynsuppdraget kan utformas för att ytterligare främja möjligheterna att komma åt svarthandel och stöldgods i fråga om livsmedel och tillkännager detta för regeringen.,"",,
770814,Avslag,Avslag,"",0,2019/20:TU7,1,"Riksdagen ställer sig bakom det som anförs i motionen om att regeringen snarast bör säkerställa full finansiering av Tvärförbindelse Södertörn så att projektet kan fortlöpa enligt plan, och detta tillkännager riksdagen för regeringen.","",,
1696594,Avslag,Avslag,"",0,2014/15:SoU7,2,Riksdagen tillkännager för regeringen som sin mening vad som anförs i motionen om att stärka den nationella samordningen av medicinska centrum för sällsynta diagnoser.,"",,
1188775,Avslag, Avslag,Acklamation,0,2009/10:AU9,0,Riksdagen tillkännager för regeringen som sin mening vad som anförs i motionen om arbetsgivarens ansvar för rehabilitering och företagshälsovård.,"",,
242464,Avslag, Avslag,Röstning,0,2003/04:LU22,0,Riksdagen begär att regeringen verkar för att vigselförrättare och registreringsförrättare  inte görs till ett gemensamt uppdrag enligt vad i motionen anförs.,"",,
1266687,"","","",0,"",1,Riksdagen ställer sig bakom det som anförs i motionen om att lämna Ottawafördraget och tillkännager detta för regeringen.,"",,
974007,=utskottet,Avslag,"",2,2001/02:TU2,2,Riksdagen tillkännager för regeringen som sin mening vad i motionen anförs om upprustning av bandelen mellan Varberg och Herrljunga.,"",,
821507,Avslag, Avslag,Acklamation,0,2011/12:KrU3,0,Riksdagen tillkännager för regeringen som sin mening vad som anförs i motionen om att fortsätta att prioritera barns och ungas kulturskapande och kulturupplevelser.,"",,
1032484,Avslag, Avslag,Acklamation,0,2013/14:CU19,0,Riksdagen tillkännager för regeringen som sin mening vad som anförs i motionen om att äktenskapsbalken bör ändras så att äktenskap enbart kan ingås i civilrättslig ordning.,"",,
3336233,Avslag,Avslag,"",0,2020/21:FiU26,1,Riksdagen ställer sig bakom det som anförs i motionen om att bygga en nationell bank av förebilder och framgångsprojekt för att förenkla möjligheten att utbyta funktionella lösningar och kompetenshöjande insatser inom kommuner och regioner och därmed stå bättre rustade för framtida utmaningar och tillkännager detta för regeringen.,"",,
694077,Avslag, Avslag,Acklamation,2,2011/12:SoU12,2,"Riksdagen tillkännager för regeringen som sin mening vad som anförs i motionen om behovet av att samordna det preventiva arbetet för att förhindra oönskade graviditeter, STI  och hiv.","",,
1787601,Avslag, Avslag,Acklamation,0,2006/07:JuU6,0,Riksdagen tillkännager för regeringen som sin mening vad som i motionen anförs om att införa liknande säkerhetssystem för värdetransporter som Norge har.,"",,
1215902,Avslag, Avslag,Röstning,0,2011/12:UU8,0,Riksdagen tillkännager för regeringen som sin mening vad som anförs i motionen om att stödja kravet på en undersökningskommission med FN-mandat för att undersöka brott mot mänskliga rättigheter i Burma.,"",,
3127406,Avslag,Avslag,"",8,2023/24:FiU18,8,Riksdagen antar regeringens förslag till lag om ändring i lagen (2023:000) om ändring i offentlighets- och sekretesslagen.,"",,
1268572,Avslag, Avslag,Acklamation,0,2010/11:CU22,0,Riksdagen tillkännager för regeringen som sin mening vad som anförs i motionen om innovativa miljölösningar på den egna tomtmarken.,"",,
534718,=utskottet,avslag,"",1,2000/01:SfU1,1,"Riksdagen begär att regeringen utreder frågan om en utebliven pension till 1,3 miljoner pensionärer i enlighet med vad som anförs i motionen.","",,
1815989,Avslag, Avslag,Acklamation,0,2005/06:LU15,0,Riksdagen tillkännager för regeringen som sin mening vad som i motionen anförs om rutinmässiga alkoholutandningsprov till sjöss samt promillegränser i sjötrafiken.,"",,
1896253,Avslag,Avslag,"",0,2024/25:AU8,1,Riksdagen ställer sig bakom det som anförs i motionen om att utreda hur staten kan säkerställa ordning och reda på svenska byggen och tillkännager detta för regeringen.,"",,
2062136,Avslag, Avslag,Acklamation,0,2011/12:UbU13,0,Riksdagen tillkännager för regeringen som sin mening vad som anförs i motionen om medicinering av barn i förskolan och på fritidshem.,"",,
1734870,=utskottet,Avslag,"",0,2001/02:MJU24,0,Riksdagen tillkännager för regeringen som sin mening vad i motionen anförs om ny nationalparksplan.,"",,
2222984,Avslag, Avslag,Acklamation,0,2011/12:UbU17,0,Riksdagen tillkännager för regeringen som sin mening vad som anförs i motionen om att låta utreda förutsättningarna för en utbildning i religionsvetenskap för döva och hörselskadade.,"",,
1393584,Avslag,Avslag,"",0,2018/19:JuU10,1,Riksdagen ställer sig bakom det som anförs i motionen om behovet av en översyn av karriärmöjligheter för polis i yttre tjänst och tillkännager detta för regeringen.,"",,
1781791,Avslag,Avslag,"",0,2021/22:NU21,4,"Riksdagen ställer sig bakom det som anförs i motionen om att se över befintliga och nya styrmedel så att de inte indirekt styr mot ökad elanvändning, och detta tillkännager riksdagen för regeringen.","",,
73322,Avslag, Avslag,Acklamation,0,2012/13:UbU6,0,Riksdagen tillkännager för regeringen som sin mening vad som anförs i motionen om att komma med förslag om att i skollagen göra ett tillägg som förpliktar alla gymnasieskolor att erbjuda sina elever kostnadsfri och näringsriktig mat.,"",,
1990991,Avslag, Avslag,Acklamation,0,2013/14:SoU1,0,Riksdagen tillkännager för regeringen som sin mening vad som anförs i motionen om Sveriges kvinno- och tjejjourer.,"",,
273273,Avslag, Avslag,Acklamation,0,2005/06:UbU8,0,Riksdagen tillkännager för regeringen som sin mening vad i motionen anförs om att uppvärdera och säkerställa hantverksyrkenas fortlevnad.,"",,
1695048,Avslag,Avslag,"",0,2023/24:JuU16,1,Riksdagen ställer sig bakom det som anförs i motionen om att utreda möjligheten att ersätta kravet på hotelltillstånd med en anmälningsplikt och tillkännager detta för regeringen.,"",,
1721356,Avslag, Avslag,Acklamation,0,2008/09:AU7,0,Riksdagen tillkännager för regeringen som sin mening vad som anförs i motionen om att Sverige bör agera starkare för att skapa en internationellt erkänd rätt till fackliga sympatiåtgärder mot företag som inte respekterar ILO:s konventioner om rättigheter i arbetslivet.,"",,
196047,Avslag, Avslag,Röstning,0,2011/12:TU10,0,Riksdagen tillkännager för regeringen som sin mening vad som anförs i motionen om behovet av en översyn av reglerna för import och besiktning av historiska fordon.,"",,
1121801,Avslag, Avslag,Acklamation,0,2007/08:FöU13,0,Riksdagen tillkännager för regeringen som sin mening vad i motionen anförs om att Försvarsmaktens centrallager förläggs i Skövde.,"",,
570421,Avslag, Avslag,Röstning,11,2005/06:NU19,11,Riksdagen tillkännager för regeringen som sin mening vad i motionen anförs om granskning av CDM-projekt.,"",,
2090684,Avslag, Avslag,Acklamation,0,2004/05:SkU20,0,"Riksdagen tillkännager för regeringen som sin mening vad i motionen anförs om ett ""fruktodlingskonto"" för fruktodlingsföretag.","",,
98454,Avslag, Avslag,Röstning,3,2007/08:NU7,3,Riksdagen tillkännager för regeringen som sin mening vad som anförs i motionen om åtgärder för att stärka småföretagarnas trygghet.,"",,
536902,Avslag,Avslag,"",0,2015/16:SoU1,10,"Riksdagen anvisar anslagen för 2016 inom utgiftsområde 9 Hälsovård, sjukvård och social omsorg enligt förslaget i tabell 1 i motionen.","",,
880310,"","","",0,2025/26:JuU16,1,Riksdagen ställer sig bakom det som anförs i motionen om att prioritera hotet från djurrättsextremister samt flytta över ansvaret för dessa frågor till Säkerhetspolisen och tillkännager detta för regeringen.,"",,
1593114,Avslag,Avslag,"",0,2014/15:JuU16,1,Riksdagen tillkännager för regeringen som sin mening vad som anförs i motionen om att regeringen bör utreda en eventuell lagskärpning i syfte att få Eritreas ekonomiska indrivning i Sverige att upphöra i sin helhet.,"",,
630916,=utskottet,Avslag,"",6,2001/02:SfU1,6,Riksdagen tillkännager för regeringen som sin mening vad i motionen anförs om att ett socialförsäkringssystem med ett direkt samband mellan avgifter och ersättningar skulle kunna redovisas vid sidan av statsbudgeten i enlighet med vad som sker med det reformerade ålderspensionssystemet.,"",,
1141851,Avslag, Avslag,Acklamation,18,2005/06:JuU22,18,Riksdagen tillkännager för regeringen som sin mening vad i motionen anförs om att straffskalorna skall ses över för att se om det är fler straffskalor som behöver justeras för att möjliggöra frihetsberövande åtgärder.,"",,
873410,Avslag, Avslag,Acklamation,0,2008/09:JuU20,0,Riksdagen tillkännager för regeringen som sin mening vad som anförs i motionen om en kartläggning av förekomsten av hot riktade mot offentliganställda tjänstemän.,"",,
1047147,=utskottet,Avslag,"",0,2001/02:KU8,0,Riksdagen tillkännager för regeringen som sin mening vad i motionen anförs om personval.,"",,
844129,Avslag, Avslag,Röstning,0,2013/14:MJU2,0,Riksdagen tillkännager för regeringen som sin mening vad som anförs i motionen om att överväga en översyn vad gäller handläggningsärenden gällande stickmyggor.,"",,
1918990,"","","",4,"",4,att riksdagen som sin mening ger regeringen till känna vad i motionen anförts om fortsättning på SESAM-projektet.,"",,
974041,=utskottet,Avslag,"",0,2001/02:SoU19,0,"Riksdagen tillkännager för regeringen som sin mening vad i motionen anförs om att Socialstyrelsen skall verka för att lunchrestauranger näringsdeklarerar sina maträtter, åtminstone ""dagens rätt"".","",,
859379,=utskottet,delvis bifall,"",1,2000/01:MJU16,1,Riksdagen begär att regeringen lägger fram förslag till en utredning om vad som i motionen anförs om att justera miljöklassningen av diesel.,"",,
542392,Avslag,Avslag,"",0,2016/17:CU15,3,"Riksdagen ställer sig bakom det som anförs i motionen om behovet av att utreda fler bygglovsbefriade åtgärder inom detaljplanelagt område som möjliggör utveckling och start av näringsverksamhet, och riksdagen tillkännager detta för regeringen.","",,
89496,Avslag, Avslag,Acklamation,3,2002/03:UbU6,3,Riksdagen tillkännager för regeringen som sin mening vad i motionen anförs om angelägenheten av att regelbundet förnya läromedlen för att så långt som möjligt slippa de äldre och stereotypa könsrollerna som finns i gammal skollitteratur.,"",,
1980873,Avslag, Avslag,Röstning,0,2008/09:JuU5,0,Riksdagen tillkännager för regeringen som sin mening vad som anförs i motionen om att inte inskränka tryck- och yttrandefriheten.,"",,
235957,Avslag,Avslag,"",0,2015/16:NU1,1,Riksdagen anvisar anslagen för 2016 inom utgiftsområde 24 Näringsliv enligt förslaget i tabell 1 i motionen.,"",,
1588842,Avslag,Avslag,"",0,2014/15:CU9,1,Riksdagen tillkännager för regeringen som sin mening vad som anförs i motionen om en utredning om hemförsäkringar.,"",,
987579,Avslag, Avslag,Röstning,0,2009/10:SkU26,0,Riksdagen tillkännager för regeringen som sin mening vad som anförs i motionen om att utreda möjligheten att låta det utökade jobbskatteavdraget gälla från den dag man fyller 65 år.,"",,
517242,Avslag,Avslag,"",0,2017/18:NU12,1,Riksdagen ställer sig bakom det som anförs i motionen om utökat stöd för innovatörer och uppfinnare och tillkännager detta för regeringen.,"",,
683895,Avslag, Avslag,Röstning,0,2011/12:SoU10,0,Riksdagen tillkännager för regeringen som sin mening vad som anförs i motionen om en parlamentarisk utredning inom äldrepolitiken i de delar som motionen berör.,"",,
1398456,Avslag, Avslag,Acklamation,0,2013/14:UbU12,0,Riksdagen tillkännager för regeringen som sin mening vad som anförs i motionen om att ta bort kravet på synnerliga skäl och återställa lagformuleringen till motsvarande lagen från 1985.,"",,
603986,Avslag, Avslag,Röstning,0,2004/05:NU3,0,Riksdagen tillkännager för regeringen som sin mening vad i motionen anförs om en långsiktig energipolitik.,"",,
257979,Avslag, Avslag,Röstning,3,2002/03:FiU2,3,Riksdagen beslutar att för budgetåret 2003 anvisa anslagen under utgiftsområde 2 Samhällsekonomi och finansförvaltning med följande ändringar i förhållande till regeringens förslag enligt uppställning:,"",,
1496605,Avslag,"","",4,2013/14:FöU1,4,Riksdagen avslår bemyndigandet att för 2014 besluta om en kredit i Riksgäldskontoret som inklusive tidigare utnyttjad kredit uppgår till högst 7 miljarder kronor för att tillgodose Försvarsexportmyndighetens behov av rörelsekapital (avsnitt 3.5.13 i propositionen).,"",,
222866,Avslag, Avslag,Röstning,0,2005/06:TU6,0,Riksdagen tillkännager för regeringen som sin mening vad som i motionen anförs om att bygga ut infrastrukturen för distribution och försäljning av fordonsgas.,"",,
1778051,Avslag, Avslag,Röstning,0,2005/06:KrU1,0,Riksdagen tillkännager för regeringen som sin mening vad i motionen anförs om den ekumeniska sjukhuskyrkans betydelsefulla roll i vården och omsorgen.,"",,
1835255,Avslag,Avslag,"",0,2024/25:UU7,7,Riksdagen ställer sig bakom det som anförs i motionen om att Utrikesdepartementet bör insistera på att Ryssland delar med sig av all ytterligare information om fånge nummer 7 och tillkännager detta för regeringen.,"",,
744777,Avslag,Avslag,"",0,2019/20:CU12,3,Riksdagen ställer sig bakom det som anförs i motionen om att om en myndighet på grund av sin försumlighet bryter mot gällande tids- och handläggningslagar gör att ett företag förlorar pengar eller drabbas av annan skada ska myndigheten vara skyldig att ersätta företaget och tillkännager detta för regeringen.,"",,
2169734,Avslag, Avslag,Acklamation,2,2003/04:BoU2,2,Riksdagen beslutar att införa tredimensionell fastighetsbildning enligt av bostadsutskottet utformad lagtext.,"",,
1837779,Avslag,Avslag,"",0,2021/22:UbU24,2,"Riksdagen ställer sig bakom det som anförs i motionen om att en uppföljning av kommunernas implementering i den uppsökande verksamheten för ökat deltagande i förskolan bör göras efter tre år, och detta tillkännager riksdagen för regeringen.","",,
229319,Avslag, Avslag,Acklamation,3,2012/13:FiU22,3,Riksdagen tillkännager för regeringen som sin mening vad som anförs i motionen om att regeringen snarast ska göra en översyn av banklagstiftningen.,"",,
1287518,Avslag, Avslag,Acklamation,0,2003/04:UbU5,0,Riksdagen tillkännager för regeringen som sin mening vad  i motionen anförs om problemen med studiefinansieringen för teckenspråks- och dövblindtolkar samt för vuxendövtolkar.,"",,
469152,Bifall, Bifall,Acklamation,14,2013/14:JuU25,14,"Riksdagen godkänner en förklaring enligt artikel 35.3 av innebörd att en framställning ställd till Sverige enligt konventionen och bifogade handlingar ska vara avfattade på svenska, danska, norska eller engelska eller vara åtföljda av en översättning till något av dessa språk.","",,
142634,Avslag,Avslag,"",0,2020/21:KrU2,1,Riksdagen ställer sig bakom det som anförs i motionen om att utreda möjligheten till ett nationellt bidrag till folkparker och tillkännager detta för regeringen.,"",,
2184018,Avslag, Avslag,Acklamation,0,2011/12:UbU16,0,Riksdagen tillkännager för regeringen som sin mening vad som anförs i motionen om studiemedlets fribelopp.,"",,
2126227,Avslag,Avslag,"",0,2018/19:MJU3,4,Riksdagen ställer sig bakom det som anförs i motionen om att verka för att minimimåttet för havskräfta åter ska höjas till det tidigare minimimåttet på 13 centimeter och tillkännager detta för regeringen.,"",,
1390255,Avslag, Avslag,Röstning,0,2012/13:JuU12,0,Riksdagen tillkännager för regeringen som sin mening vad som anförs i motionen om att regeringen ska återkomma med ett förslag om att bygga nya kriminalvårdsanstalter av lägre standard men med bibehållen säkerhet där utländska medborgare samt de som döms till riktiga livstidsstraff ska tas emot.,"",,
1483552,Avslag,Avslag,"",0,2022/23:TU12,1,Riksdagen ställer sig bakom det som anförs i motionen om en strategi för mobiltelefonitäckning och tillkännager detta för regeringen.,"",,
1145619,=utskottet,Avslag,"",0,2001/02:TU2,0,"Riksdagen tillkännager för regeringen som sin mening att, inom ramen för de medel som avsätts för infrastruktursatsningar under perioden 2004-2015, trafikhuvudmännen i ett eller flera län bör tilldelas medel för att införa nolltaxa i kollektivtrafiken samt att forskning bör knytas till försöksprojektet/en för att utvärdera hur nolltaxan påverkar resemönster, val av färdsätt, olycksstatistik och utvecklingen av trafikskadeskostnader, miljöpåverkan, om det påverkar pendling till arbete på annan ort, om det påverkar utflyttningen från periferi till centrum osv.","",,
2200337,Avslag,Avslag,"",0,2024/25:CU12,1,Riksdagen ställer sig bakom det som anförs i motionen om att se över och om möjligt förbjuda sms-lån och tillkännager detta för regeringen.,"",,
1854853,Avslag, Avslag,Acklamation,0,2007/08:UU2,0,Riksdagen tillkännager för regeringen som sin mening vad som anförs i motionen om bättre kvalitet i biståndet.,"",,
851589,Avslag, Avslag,Acklamation,2,2008/09:UU2,2,Riksdagen tillkännager för regeringen som sin mening vad som anförs i motionen om att avveckla Unrwa och överföra administrationen av de palestinska flyktingarna till UNHCR.,"",,
1648736,Avslag, Avslag,Acklamation,0,2008/09:MJU12,0,Riksdagen tillkännager för regeringen som sin mening vad som anförs i motionen om att regeringen bör verka för en översyn av EU:s fågel- och habitatdirektiv.,"",,
1552601,"","","",0,2025/26:SfU9,2,Riksdagen ställer sig bakom det som anförs i motionen om en längre period än två veckor för arbetsprövning och tillkännager detta för regeringen.,"",,
2048157,Avslag,Avslag,"",0,2024/25:SoU12,1,Riksdagen ställer sig bakom det som anförs i motionen om att se över möjligheterna att verka för att TBE-vaccination blir möjlig för fler och tillkännager detta för regeringen.,"",,
644395,=utskottet,Bifall,"",1,2000/01:SkU20,1,att riksdagen antar de i propositionen framlagda förslagen till,"",,
1449852,Avslag, Avslag,Röstning,0,2005/06:KU15,0,Riksdagen tillkännager för regeringen som sin mening vad i motionen anförs om republikanskt statsskick.,"",,
3252345,Avslag,Avslag,"",0,2017/18:UU18,16,Riksdagen ställer sig bakom det som anförs i motionen om att regeringen bör verka för att Sverige ska fortsätta att vara drivande för att miljö- och säkerhetsfrågor ska prioriteras i Arktiska rådet och tillkännager detta för regeringen.,"",,
1655831,"","","",0,2025/26:SoU13,61,Riksdagen ställer sig bakom det som anförs i motionen om att Systembolagets informations- och forskningsuppdrag bör flyttas till en lämplig myndighet med folkhälsokompetens och tillkännager detta för regeringen.,"",,
388871,Avslag,Avslag,"",0,2020/21:TU7,1,Riksdagen ställer sig bakom det som anförs i motionen om att se över de ekonomiska förutsättningarna för den svenska sjöfartsnäringen och tillkännager detta för regeringen.,"",,
1308204,Avslag,Avslag,"",0,2022/23:SkU8,6,Riksdagen ställer sig bakom det som anförs i motionen om att se över möjligheten att ytterligare skydda privatpersoners känsliga uppgifter från offentligheten och tillkännager detta för regeringen.,"",,
2151168,Avslag,"",Acklamation,21,2005/06:NU3,21,Riksdagen beslutar att för budgetåret 2006 anvisa anslagen under utgiftsområde 21 Energi med ändringar i förhållande till regeringens förslag enligt uppställning i motionen.,"",,
1322970,Avslag, Avslag,Acklamation,0,2009/10:JuU11,0,Riksdagen tillkännager för regeringen som sin mening vad som anförs i motionen om unga rånare.,"",,
616331,Avslag, Avslag,Acklamation,11,2010/11:UU3,11,Riksdagen tillkännager för regeringen som sin mening vad som anförs i motionen om att Sverige ska motsätta sig alla riktlinjer och regelverk inom EU som kan leda till att Sveriges möjligheter att reglera vapenhandeln begränsas.,"",,
1590270,Avslag,Avslag,"",0,2014/15:TU6,1,Riksdagen tillkännager för regeringen som sin mening vad som anförs i motionen om tillgång till telefoni i hela landet.,"",,
1991105,Avslag, Avslag,Acklamation,0,2013/14:SoU10,0,Riksdagen tillkännager för regeringen som sin mening vad som anförs i motionen om att regeringen bör låta utreda frågan om hur byråkratin kring turisters vårdbehov skulle kunna underlättas.,"",,
1534515,Delvis bifall, Delvis bifall,Acklamation,2,2002/03:TU4,2,Riksdagen tillkännager för regeringen som sin mening vad i motionen anförs om möjligheten att återkalla förarbevis för terrängskoter och EU-moped.,"",,
297202,"","","",0,"",1,Riksdagen ställer sig bakom det som anförs i motionen om att komplettera den utredning som tillsatts kring möjliga framtida Öresundsförbindelser med en utredning kring hur Sverige kan finansiera infrastruktur på ett liknande sätt som Danmark och tillkännager detta för regeringen.,"",,
627924,Avslag,Avslag,"",0,2023/24:SoU20,1,Riksdagen ställer sig bakom det som anförs i motionen om att se över möjligheten att ge kommunerna rätt att anställa läkare för att säkerställa en trygg och säker vård i hela kedjan och tillkännager detta för regeringen.,"",,
1597440,Avslag,Avslag,"",0,2023/24:UU8,1,"Riksdagen ställer sig bakom det som anförs i motionen om att med ekonomiskt stöd från biståndsbudgeten inrätta återetableringskontor i länder som många människor som i dag vistas i Sverige kommer att återvandra till, och detta tillkännager riksdagen för regeringen.","",,
218939,Avslag, Avslag,Acklamation,0,2007/08:JuU13,0,Riksdagen tillkännager för regeringen som sin mening vad som anförs i motionen om möjligheten att vittna under sekretessbelagd identitet för att allmänhetens vittnesbenägenhet ska upprätthållas på en hög nivå.,"",,
1921713,Avslag, Avslag,Acklamation,0,2013/14:NU12,0,Riksdagen tillkännager för regeringen som sin mening vad som anförs i motionen om att ta fram en handlingsplan för hur den sociala ekonomins andel av välfärdssektorn ska kunna öka.,"",,
2012496,Avslag, Avslag,Acklamation,0,2013/14:SoU13,0,Riksdagen tillkännager för regeringen som sin mening vad som anförs i motionen om att uppdra åt regeringen att ytterligare förbättra tillsynen av försäljningen av vattenpipstobak.,"",,
2088893,Avslag, Avslag,Röstning,0,2013/14:SfU2,0,Riksdagen tillkännager för regeringen som sin mening vad som anförs i motionen om Migrationsverkets arbetssätt för att placera nyanlända.,"",,
2096229,Avslag,Avslag,"",0,2020/21:CU13,1,Riksdagen ställer sig bakom det som anförs i motionen om behovet av att se över möjligheten att begränsa rätten att överklaga byggnation i andra kommuner och tillkännager detta för regeringen.,"",,
1367811,Avslag,Avslag,"",0,2022/23:UbU5,5,Riksdagen ställer sig bakom det som anförs i motionen om att vidare undersöka frågan om mer flexibilitet för kulturskola under skoltid och tillkännager detta för regeringen.,"",,
2172459,Avslag, Avslag,Acklamation,18,2004/05:LU23,18,Riksdagen tillkännager för regeringen som sin mening vad i motionen anförs om att utdelning ej får verkställas innan registrering skett vid PRV av utdelningsbeslutet.,"",,
779954,Avslag,Avslag,"",0,2023/24:SkU13,1,Riksdagen ställer sig bakom det som anförs i motionen om att överväga att ta fram en plan för att avveckla flygskatten och tillkännager detta för regeringen.,"",,
2118981,Avslag,Avslag,"",0,2020/21:NU4,1,Riksdagen ställer sig bakom det som anförs i motionen om överskottet från vattenkraften och tillkännager detta för regeringen.,"",,
206649,Avslag, Avslag,Acklamation,8,2005/06:UU15,8,Riksdagen tillkännager för regeringen som sin mening vad i motionen anförs om att Sverige bör markera sitt stöd för Taiwans öppning om att avskaffa dödsstraffet.,"",,
1642258,Avslag,Avslag,"",0,2014/15:JuU16,1,Riksdagen tillkännager för regeringen som sin mening vad som anförs i motionen om regelverket för ordningsvakter och väktare.,"",,
1095221,Avslag, Avslag,Röstning,4,2010/11:JuU25,4,Riksdagen avslår förslaget om att införa drogkontroller genom saliv- och svettprov.,"",,
353449,Avslag,Avslag,"",0,2024/25:NU16,1,Riksdagen ställer sig bakom det som anförs i motionen om att möjliggöra och stimulera regulatoriska sandlådor för grön omställning och tillkännager detta för regeringen.,"",,
838618,Avslag,Avslag,"",0,2023/24:UU11,2,Riksdagen ställer sig bakom det som anförs i motionen om att göra Stockholm till en kärnvapenfri zon och tillkännager detta för regeringen.,"",,
895613,Avslag, Avslag,Acklamation,2,2011/12:MJU19,2,Riksdagen tillkännager för regeringen som sin mening vad som anförs i motionen om att bristfällig eller ofullständig information i samband med registrering av kemikalier enligt EU-reglerna ska straffsanktioneras.,"",,
1319762,Avslag, Avslag,Röstning,0,2003/04:UU11,0,Riksdagen tillkännager för regeringen som sin mening vad i motionen anförs om att en kampanj genomförs för att upplysa om och hävda folkrättens värde som ett skydd för folk och inte för stater.,"",,
1579528,Avslag, Avslag,Acklamation,0,2005/06:TU4,0,Riksdagen tillkännager för regeringen som sin mening vad i motionen anförs om mobiloperatörernas ansvar för att mobiltelefoner skall kunna användas i katastroflägen.,"",,
1334793,Avslag,Avslag,"",0,2022/23:MJU9,5,"Riksdagen ställer sig bakom det som anförs i motionen om att omsorgsprogram alltid ska ha som syfte att förbättra djurvälfärden, inte användas för att kompromissa bort viktiga djurskyddsparametrar såsom utrymmeskrav, och tillkännager detta för regeringen.","",,
2147473,Avslag, Avslag,Röstning,3,2003/04:TU1,3,Riksdagen tillkännager för regeringen som sin mening vad i motionen anförts om att Posten AB i högre utsträckning tar ansvar för handikapptillgängligheten vid sina serviceställen.,"",,
2226112,Avslag,Avslag,"",0,2015/16:MJU18,1,Riksdagen ställer sig bakom det som anförs i motionen om behovet av skärpta regler för vilka ämnen som tillåts i livsmedelsförpackningar och tillkännager detta för regeringen.,"",,
2130272,Avslag,Avslag,"",0,2020/21:SoU20,6,Riksdagen ställer sig bakom det som anförs i motionen om att tillåta gårdsförsäljning av lokalt producerade alkoholhaltiga drycker och tillkännager detta för regeringen.,"",,
1329589,Avslag, Avslag,Acklamation,0,2009/10:JuU1,0,Riksdagen tillkännager för regeringen som sin mening vad som anförs i motionen om att öka Ekobrottsmyndighetens möjligheter att bekämpa brottslighet i byggsektorn.,"",,
1591410,Avslag, Avslag,Röstning,0,2003/04:TU1,0,Riksdagen tillkännager för regeringen som sin mening vad i motionen anförs om farledsavgifter.,"",,
512137,=utskottet,Avslag,"",0,2001/02:JuU10,0,Riksdagen tillkännager för regeringen som sin mening vad i motionen anförs om straff samt rehabiliteringsprogram för klottrande ungdomar.,"",,
2061728,Avslag,Avslag,"",0,2020/21:CU9,1,Riksdagen ställer sig bakom det som anförs i motionen om att vidta åtgärder för en hög nyproduktion av bostäder med rimliga boendekostnader samt minskad boendesegregation och tillkännager detta för regeringen.,"",,
1670614,Avslag, Avslag,Acklamation,2,2005/06:TU13,2,Riksdagen tillkännager för regeringen som sin mening vad i motionen anförs om att utreda möjligheten att ungdomar skall få köra moped från det år de fyller 15 år.,"",,
215884,Avslag, Avslag,Röstning,0,2004/05:UU2,0,Riksdagen tillkännager för regeringen som sin mening vad i motionen anförs om svensk biståndpolitik och den svenska läkemedelsindustrin.,"",,
916781,Avslag, Avslag,Röstning,0,2013/14:FiU27,0,Riksdagen tillkännager för regeringen som sin mening vad som anförs i motionen om ett nationellt införande av vita jobb-modellen.,"",,
1537773,=utskottet,Avslag,"",13,2001/02:UbU7,13,Riksdagen tillkännager för regeringen som sin mening vad i motionen anförs om riksrekrytering till gymnasieskolan.,"",,
1700750,Avslag, Avslag,Röstning,19,2005/06:UU17,19,Riksdagen tillkännager för regeringen som sin mening vad i motionen anförs om WTO:s handelsregler som underordnade multilaterala miljöavtal.,"",,
716568,=utskottet,avslag,"",1,2000/01:MJU12,1,"Riksdagen tillkännager för regeringen som sin mening vad i motionen anförs om att Sverige aktivt bör verka för att få till stånd en internationell konferens om gen-etik, gärna i FN:s regi.","",,
492780,Avslag, Avslag,Acklamation,4,2013/14:SoU12,4,Riksdagen tillkännager för regeringen som sin mening vad som anförs i motionen om spelmissbruk.,"",,
506648,Avslag, Avslag,Acklamation,7,2007/08:JuSoU1,7,Riksdagen tillkännager för regeringen som sin mening vad som anförs i motionen om att Sverige bör arbeta för ett EG-direktiv om våld mot kvinnor.,"",,
1723165,Avslag, Avslag,Acklamation,0,2009/10:CU8,0,Riksdagen tillkännager för regeringen som sin mening vad som anförs i motionen om umgängesrätt för mor- och farföräldrar.,"",,
2072499,Delvis bifall, Delvis bifall,Acklamation,0,2005/06:SkU13,0,"Riksdagen tillkännager för regeringen som sin mening vad i motionen anförs om att tillsätta en utredning om hur de tidigare sockenområdena kan återställas som territoriella, administrativa enheter.","",,
698676,Avslag, Avslag,Acklamation,0,2011/12:SoU13,0,Riksdagen tillkännager för regeringen som sin mening vad som anförs i motionen om att tillsätta en kompletterande LSS-utredning för att lösa de frågor som återstår efter SOU 2008:77.,"",,
343453,Avslag, Avslag,Acklamation,0,2005/06:KU9,0,Riksdagen begär att regeringen lägger fram förslag till ändring av vallagen så att rösträtten gäller fr.o.m. det år man fyller 18 år.,"",,
3355756,Avslag, Avslag,Acklamation,0,2007/08:TU1,0,Riksdagen tillkännager för regeringen som sin mening vad som anförs i motionen om fullföljande av projekt Bergslagsdiagonalen omfattande riksväg 50 från Ödeshög till Söderhamn.,"",,
2240863,Avslag,Avslag,"",0,2015/16:KU16,2,Riksdagen ställer sig bakom det som anförs i motionen om att göra det svenska statsskicket demokratiskt i verklig mening och tillkännager detta för regeringen.,"",,
713548,Avslag, Avslag,Acklamation,0,2008/09:KU4,0,Riksdagen tillkännager för regeringen som sin mening vad som anförs i motionen om att de nuvarande fyra riksdagsvalkretsarna i Skåne ska slås samman till en.,"",,
1169917,Avslag, Avslag,Acklamation,4,2010/11:JuU7,4,Riksdagen tillkännager för regeringen som sin mening vad som anförs i motionen om uppföljning av Rikspolisstyrelsens riktlinjer för riskanalyser.,"",,
1171793,Avslag,Avslag,"",0,2017/18:SoU9,1,Riksdagen ställer sig bakom det som anförs i motionen om att våldsutsatta kvinnors rätt till tandvård måste förbättras och tillkännager detta för regeringen.,"",,
3222416,Avslag,Avslag,"",0,2024/25:MJU7,1,Riksdagen ställer sig bakom det som anförs i motionen om att se över möjligheten att ge länsstyrelserna i uppdrag att på egen hand besluta om licensjakt på varg efter beslut om gynnsam bevarandestatus och tillkännager detta för regeringen.,"",,
850026,"","","",0,2025/26:KrU8,1,Riksdagen ställer sig bakom det som anförs i motionen om folkhögskolornas uppdrag och finansiering och tillkännager detta för regeringen.,"",,
227088,Avslag, Avslag,Acklamation,2,2002/03:UbU11,2,Riksdagen tillkännager för regeringen som sin mening vad i motionen anförs om andra förebyggande åtgärder mot ett ökande drogbruk.,"",,
654310,Avslag, Avslag,Acklamation,0,2004/05:NU9,0,Riksdagen tillkännager för regeringen som sin mening vad i motionen anförs om småföretagare med invandrarbakgrund.,"",,
403776,Avslag, Avslag,Röstning,4,2004/05:TU7,4,Riksdagen begär att regeringen låter utreda förutsättningarna för att med lagstiftning tvinga fram en ny haveriutredning både då nya fakta kommer i dagen och om det visar sig att fakta undanhållits i en gjord utredning.,"",,
790764,Avslag, Avslag,Acklamation,0,2002/03:NU10,0,Riksdagen tillkännager för regeringen som sin mening vad i motionen anförs om betydelsen av att förbättra möjligheten för kvinnligt egenföretagande.,"",,
1705407,Avslag,Avslag,"",0,2021/22:SkU17,1,Riksdagen ställer sig bakom det som anförs i motionen om att se över utformningen av det nordiska skatteavtalet och tillkännager detta för regeringen.,"",,
2064450,Avslag,Avslag,"",0,2024/25:UU7,5,"Riksdagen ställer sig bakom det som anförs i motionen om att regeringen bör vidta åtgärder för att utreda vilka länder som skulle kunna ha varit inblandade i att använda M/S Estonia för att frakta militär materiel, vilket slags materiel det i så fall varit fråga om samt vilket land eller vilka länder som var slutliga mottagare av materielen, och detta tillkännager riksdagen för regeringen.","",,
574291,Avslag, Avslag,Acklamation,0,2004/05:NU13,0,Riksdagen tillkännager för regeringen som sin mening vad i motionen anförs om bättre samordning av utlandsmarknadsföring av Sverige som turistland.,"",,
1764927,Avslag,Avslag,"",0,2023/24:JuU15,6,"Riksdagen ställer sig bakom det som anförs i motionen om att utreda möjligheten att omhänderta alla som visat sig ha befunnit sig i områden kontrollerade av terrorister, och detta tillkännager riksdagen för regeringen.","",,
2211394,Avslag,Avslag,"",0,2020/21:SfU1,1,Riksdagen anvisar anslagen för 2021 inom utgiftsområde 10 Ekonomisk trygghet vid sjukdom och funktionsnedsättning enligt förslaget i tabell 1 i motionen.,"",,
882162,=utskottet,avslag,"",1,2000/01:MJU6,1,Riksdagen tillkännager för regeringen som sin mening vad i motionen anförs om aktivering och utveckling av svensk biodling.,"",,
1865117,Avslag, Avslag,Röstning,2,2005/06:JuU12,2,Riksdagen tillkännager för regeringen som sin mening vad i motionen anförs om att möjligheterna för offentliga ombud att utöva sina uppdrag bör förbättras.,"",,
108028,Avslag,Avslag,"",0,2017/18:JuU15,2,Riksdagen ställer sig bakom det som anförs i motionen om att regeringen bör återkomma till riksdagen med ett konkret förslag om hur ett förändrat nämndemannasystem enligt motionen kan verkställas och tillkännager detta för regeringen.,"",,
673081,Avslag, Avslag,Röstning,0,2012/13:JuU11,0,Riksdagen tillkännager för regeringen som sin mening vad som anförs i motionen om översyn av nämndemännens villkor.,"",,
1973882,Avslag, Avslag,Acklamation,0,2004/05:AU8,0,Riksdagen tillkännager för regeringen som sin mening vad i motionen anförs om tjänstedirektivet.,"",,
164987,Avslag,Avslag,"",0,2015/16:SkU1,1,Riksdagen ställer sig bakom det som anförs i motionen om att överväga att låta utreda möjligheten för tulltjänstemän att bära vapen och även få fler polisiära befogenheter och tillkännager detta för regeringen.,"",,
3242700,Bifall,Bifall,"",2,2023/24:NU5,2,Riksdagen antar regeringens förslag till lag om ändring i lagen (1984:3) om kärnteknisk verksamhet.,"",,
2101378,Avslag, Avslag,Röstning,0,2004/05:FiU24,0,Riksdagen tillkännager för regeringen som sin mening vad i motionen anförs om vidgning av möjligheten till undantag från de särskilda villkoren enligt 3 kap. 1 och 3 §§ lagen (1991:980) om handel med finansiella instrument.,"",,
1603946,Avslag,Avslag,"",0,2014/15:SoU7,2,Riksdagen tillkännager för regeringen som sin mening vad som anförs i motionen om behovet av förbättrade villkor för sjuksköterskor som vidareutbildar sig till specialistsjuksköterskor.,"",,
1578917,Avslag, Avslag,Röstning,5,2003/04:TU10,5,Riksdagen tillkännager för regeringen som sin mening vad i motionen anförs om finansieringen av ny infrastruktur.,"",,
2113491,= utskottet,avslag,"",1,2000/01:SoU19,1,Riksdagen beslutar om förtydliganden i alkohollagen utifrån vad i motionen anförs om biljettförsäljning vid jazzkonserter på restaurang.,"",,
1874016,Avslag, Bifall,"",0,2004/05:AU8,0,Riksdagen beslutar om ändring i 22 § lagen 1982:80 om anställningsskydd enligt vad som anförs i motionen om borttagande av undantagsreglerna.,"",,
1882088,Avslag, Avslag,Acklamation,2,2003/04:TU10,2,Riksdagen tillkännager för regeringen som sin mening vad i motionen anförs om att ombyggnaden skall finansieras enligt Private Public Partnership-modellen.,"",,
1196066,Avslag, Avslag,Acklamation,0,2009/10:AU2,0,Riksdagen tillkännager för regeringen som sin mening vad som anförs i motionen om a-kassans regler.,"",,
1856233,Avslag, Avslag,Acklamation,0,2007/08:UU5,0,Riksdagen tillkännager för regeringen som sin mening vad som anförs i motionen om att Sveriges regering tydligare driver frågor gällande sexuell och reproduktiv hälsa och rättigheter (SRHR) i utrikespolitiken.,"",,
1752717,Avslag,Avslag,"",0,2014/15:SoU7,1,"Riksdagen tillkännager för regeringen som sin mening vad som anförs i motionen om att möjliggöra anmälan till donationsregistret i samband med pass-, id-korts- och körkortsansökan.","",,
1284725,Avslag, Avslag,Röstning,0,2012/13:SoU1,0,Riksdagen tillkännager för regeringen som sin mening vad som anförs i motionen om en översyn av socialtjänstlagen så att kvinno- och mansjourerna får långsiktiga villkor för sin verksamhet.,"",,
458763,= utskottet,avslag,"",1,2000/01:SoU19,1,Riksdagen tillkännager för regeringen som sin mening vad i motionen anförs om att kommunerna bör ges möjlighet att bli tillståndsgivare för öl- och vinservering i teater- och konsertlokaler.,"",,
564223,Avslag,Avslag,"",0,2016/17:SoU10,1,Riksdagen ställer sig bakom det som anförs i motionen om att värna aborträtten och inte införa rätt till vårdvägran och tillkännager detta för regeringen.,"",,
122985,Avslag, Avslag,Acklamation,2,2002/03:SkU9,2,Riksdagen tillkännager för riksdagen som sin mening vad i motionen  anförs om ändrade regler så att bostadsrättsföreningar inte klassas som oäkta  bostadsföretag.,"",,
1703298,Delvis bifall, Delvis bifall,Röstning,0,2005/06:UU2,0,Riksdagen tillkännager för regeringen som sin mening vad i motionen anförs om en förnyad och fördjupad Afrikapolitik.,"",,
952719,Avslag,Avslag,"",0,2017/18:FiU34,1,Riksdagen ställer sig bakom det som anförs i motionen om obligatorisk utmaningsrätt för kommuner och landsting och tillkännager detta för regeringen.,"",,
574616,Avslag,Avslag,"",0,2021/22:SfU20,3,Riksdagen ställer sig bakom det som anförs i motionen om att se över möjligheten med ett system där man tar hänsyn till flyktingars kvalifikationer i samband med vidarebosättning för att möjliggöra en snabbare anpassning och tillkännager detta för regeringen.,"",,
3104451,Avslag, Avslag,Acklamation,0,2009/10:KrU8,0,Riksdagen tillkännager för regeringen som sin mening vad som anförs i motionen om att staten ser över möjligheten till bättre uppmärksamhet åt Uppåkra Arkeologiska Center med dess olika publika aktiviteter.,"",,
343243,Avslag, Avslag,Acklamation,0,2012/13:TU17,0,Riksdagen tillkännager för regeringen som sin mening vad som anförs i motionen om att utreda lagen om kontrollavgift vid olovlig parkering för att stärka rättssäkerheten för de parkerande.,"",,
3274429,Avslag,Avslag,"",0,2024/25:TU14,2,"Riksdagen ställer sig bakom det som anförs i motionen om att se över möjligheten att stärka svensk trafiksäkerhet inom ramen för EU:s körkortsdirektiv, där vikten av synkontroll betonas, och tillkännager detta för regeringen.","",,
515101,=utskottet,"","",5,2001/02:MJU3,5,Riksdagen tillkännager för regeringen som sin mening vad i motionen anförs om att ett mer miljörelaterat skatte- och avgiftssystem  förutsätter generella skattesänkningar på arbete.,"",,
1393200,Avslag,Avslag,"",0,2021/22:KrU5,4,Riksdagen ställer sig bakom det som anförs i motionen om det bör vara en målsättning att allmän kurs utgör runt 15 procent av folkhögskolornas statligt finansierade verksamhet och tillkännager detta för regeringen.,"",,
1794768,Avslag,Avslag,"",0,2021/22:UbU13,1,Riksdagen ställer sig bakom det som anförs i motionen om att överväga att barn bör få mer tid i barnomsorg oavsett föräldrarnas sysselsättning och tillkännager detta för regeringen.,"",,
1972525,Avslag,Avslag,"",0,2018/19:JuU10,1,Riksdagen ställer sig bakom det som anförs i motionen om att utreda hur en lex Ahmed kan införas för polisen och tillkännager detta för regeringen.,"",,
400704,"","","",0,2025/26:AU12,1,Riksdagen ställer sig bakom det som anförs i motionen om att förbjuda vårdnadshavare att använda sina minderåriga barn i kommersiella samarbeten på sociala medier och tillkännager detta för regeringen.,"",,
722211,Avslag,Avslag,"",0,2017/18:TU16,4,Riksdagen ställer sig bakom det som anförs i motionen om att ersätta en obligatorisk lotsplikt med en säkerhetsmotiverad lotsanvändning och tillkännager detta för regeringen.,"",,
2165459,Avslag, Avslag,Acklamation,0,2008/09:FöU10,0,Riksdagen tillkännager för regeringen som sin mening vad som anförs i motionen om att se över behovet av en svensk övervakningssatellit för försvars- och säkerhetsändamål.,"",,
358420,=utskottet,"","",7,2001/02:SoU8,7,Riksdagen tillkännager för regeringen som sin mening vad i motionen anförs om neutrala cigarettpaket med stor synlig varningstext.,"",,
1955142,Avslag,Avslag,"",0,2018/19:SkU14,1,Riksdagen ställer sig bakom det som anförs i motionen om att överväga att ta bort det skatterättsliga företrädaransvaret och tillkännager detta för regeringen.,"",,
3283922,=utskottet,"","",2,2001/02:TU2,2,Riksdagen tillkännager för regeringen som sin mening vad i motionen anförs om att använda E 22 som prov för att kunna utvärdera den s.k. PPP-modellen.,"",,
1362530,Avslag, Avslag,Röstning,0,2005/06:BoU7,0,Riksdagen tillkännager för regeringen som sin mening vad i motionen anförs om vikten av konstnärsateljéer.,"",,
1061860,Avslag, Avslag,Röstning,0,2008/09:TU2,0,Riksdagen tillkännager för regeringen som sin mening vad som anförs i motionen om statens ansvar för infrastrukturinvesteringar.,"",,
1673739,Avslag,Avslag,"",0,2016/17:MJU23,1,Riksdagen ställer sig bakom det som anförs i motionen om att minska handläggningstiden för att ta jordbruksmark ur produktion och tillkännager detta för regeringen.,"",,
1525444,Avslag, Avslag,Acklamation,0,2008/09:KU11,0,"Riksdagen tillkännager för regeringen som sin mening vad som anförs i motionen om behovet av en översyn av regeringsformen i syfte att underlätta för lokala och regionala beslutsfattare att själva kunna införa, utforma, justera och avskaffa trängselavgifter.","",,
510372,Avslag,Avslag,"",0,2024/25:FiU22,13,Riksdagen ställer sig bakom det som anförs i motionen om behovet av att utvärdera och utreda om det finns anledning att i lag reglera bankernas ansvar att erbjuda privatpersoner tjänsten insättning av kontanter i syfte att stärka kontanternas ställning och tillkännager detta för regeringen.,"",,
841297,Avslag,"","",0,2013/14:MJU1,0,Riksdagen tillkännager för regeringen som sin mening vad som anförs i motionen om förutsättningar för lokalt och regionalt miljöarbete.,"",,
3307565,Avslag, Avslag,Acklamation,0,2013/14:SoU10,0,Riksdagen tillkännager för regeringen som sin mening vad som anförs i motionen om att överväga en översyn av hälso- och sjukvårdslagstiftningen när det gäller information och samtycke vid förlossningar.,"",,
893423,Avslag, Avslag,Acklamation,0,2009/10:SkU26,0,Riksdagen tillkännager för regeringen som sin mening vad som anförs i motionen om utvidgad möjlighet till avdrag för hushållsnära arbete.,"",,
3120355,Avslag, Avslag,Röstning,7,2013/14:CU31,7,Riksdagen avslår förslaget om att kommuner inte ska få ställa egna krav på ett byggnadsverks egenskaper vid planläggning eller andra ärenden enligt plan- och bygglagen eller i samband med genomföranden av detaljplaner.,"",,
1481855,Avslag, Avslag,Röstning,2,2003/04:TU14,2,Riksdagen tillkännager för regeringen som sin mening vad i motionen anförs om att avskaffa SJ:s trafikeringsrätt.,"",,
688309,Avslag,Avslag,"",0,2019/20:UbU16,1,Riksdagen ställer sig bakom det som anförs i motionen om att se över möjligheterna att instifta ett nationellt kunskapscentrum för s.k. deep brain stimulation vid Norrlands universitetssjukhus och tillkännager detta för regeringen.,"",,
836137,Avslag, Avslag,Röstning,0,2007/08:MJU9,0,Riksdagen tillkännager för regeringen som sin mening vad som anförs i motionen om att strandstädning av Bohuskusten bör bli en nationell angelägenhet.,"",,
849880,=utskottet,Avslag,"",0,2001/02:TU14,0,Riksdagen tillkännager för regeringen som sin mening vad i motionen anförs om en utförsäljning av SJ AB och Green Cargo AB.,"",,
1029494,Avslag,Avslag,"",0,2017/18:SoU13,38,Riksdagen ställer sig bakom det som anförs i motionen om att regeringen skyndsamt bör ta fram lagförslag på hur LVU kan bli en rättighetslagstiftning och tillkännager detta för regeringen.,"",,
311655,Avslag, Avslag,Acklamation,0,2011/12:TU4,0,Riksdagen tillkännager för regeringen som sin mening vad som anförs i motionen om att göra en översyn av regelverket för husbilar och husvagnar med låg lastförmåga.,"",,
1038560,Avslag, Avslag,Acklamation,0,2006/07:UbU8,0,Riksdagen tillkännager för regeringen som sin mening vad som i motionen anförs om tillvalsspråk i grundskolan.,"",,
293608,Delvis bifall, Delvis bifall,Röstning,0,2005/06:SkU35,0,Riksdagen antar regeringens förslag till,"1. lag med anledning av inrättande av Kronofogdemyndigheten,
2. lag om ändring i utsökningsbalken,
3. lag om ändring i miljöbalken,
4. lag om ändring i lagen (1845:50 s. 1) om handel med lösören, som köparen låter i säljarens vård kvarbliva,
5. lag om ändring i växellagen (1932:130),
6. lag om ändring i checklagen (1932:131),
7. lag om ändring i lagen (1933:269) om ägofred,
8. lag om ändring i lagen (1936:320) om skydd mot vräkning vid arbetskonflikter,
9. lag om ändring i varumärkeslagen (1960:644),
10. lag om ändring i lagen (1960:729) om upphovsrätt till litterära och konstnärliga verk,
11. lag om ändring i lagen (1962:512) om indrivning i Sverige av underhållsbidrag, fastställda i Danmark, Finland, Island eller Norge,
12. lag om ändring i patentlagen (1967:837),
13. lag om ändring i lagen (1970:215) om arbetsgivares kvittningsrätt,
14. lag om ändring i delgivningslagen (1970:428),
15. lag om ändring i mönsterskyddslagen (1970:485),
16. lag om ändring i rennäringslagen (1971:437),
17. lag om ändring i lagen (1972:180) om avrundning av vissa fordringar till helt krontal, m.m.,
18. lag om ändring i kreditupplysningslagen (1973:1173),
19. lag om ändring i firmalagen (1974:156),
20. lag om ändring i handelsregisterlagen (1974:157),
21. lag om ändring i inkassolagen (1974:182),
22. lag om ändring i lagen (1977:595) om erkännande och verkställighet av nordiska domar på privaträttens område,
23. lag om ändring i lagen (1978:599) om avbetalningsköp mellan näringsidkare m.fl.,
24. lag om ändring i lagen (1978:880) om betalningssäkring för skatter, tullar och avgifter,
25. lag om ändring i bötesverkställighetslagen (1979:189),
26. lag om ändring i skogsvårdslagen (1979:429),
27. lag om ändring i sekretesslagen (1980:100),
28. lag om ändring i preskriptionslagen (1981:130),
29. lag om ändring i lagen (1981:131) om kallelse på okända borgenärer,
30. lag om ändring i lagen (1981:775) om införande av utsökningsbalken,
31. lag om ändring i lagen (1982:188) om preskription av skattefordringar m.m.,
32. lag om ändring i lagen (1985:146) om avräkning vid återbetalning av skatter och avgifter,
33. lag om ändring i förvaltningslagen (1986:223),
34. lag om ändring i lagen (1986:436) om näringsförbud,
35. lag om ändring i lagen (1987:667) om ekonomiska föreningar,
36. lag om ändring i konkurslagen (1987:672),
37. lag om ändring i lagen (1988:950) om kulturminnen m.m.,
38. lag om ändring i lagen (1990:314) om ömsesidig handräckning i skatteärenden,
39. lag om ändring i lagen (1990:746) om betalningsföreläggande och handräckning,
40. lag om ändring i bostadsrättslagen (1991:614),
41. lag om ändring i lönegarantilagen (1992:497),
42. lag om ändring i konsumentkreditlagen (1992:830),
43. lag om ändring i lagen (1992:1685) om skydd för kretsmönster för halvledarprodukter,
44. lag om ändring i konkurrenslagen (1993:20),
45. lag om ändring i lagen (1993:891) om indrivning av statliga fordringar m.m.,
46. lag om ändring i lagen (1993:892) om ackord rörande statliga fordringar m.m.,
47. lag om ändring i postlagen (1993:1684),
48. lag om ändring i skuldsaneringslagen (1994:334),
49. lag om ändring i lagen (1994:448) om pantbrevsregister,
50. lag om ändring i alkohollagen (1994:1738),
51. lag om ändring i lagen (1994:1845) om tillämpningen av Europeiska gemenskapernas konkurrens- och statsstödsregler,
52. lag om ändring i lagen (1995:439) om beskattning, förtullning och folkbokföring under krig eller krigsfara m.m.,
53. lag om ändring i lagen (1996:764) om företagsrekonstruktion,
54. lag om ändring i rättshjälpslagen (1996:1619),
55. lag om ändring i växtförädlarrättslagen (1997:306),
56. lag om ändring i lagen (1997:379) om försöksverksamhet avseende medverkan av Konsumentombudsmannen i vissa tvister,
57. lag om ändring i skattebetalningslagen (1997:483),
58. lag om ändring i lagen (1998:531) om yrkesverksamhet på hälso- och sjukvårdens område,
59. lag om ändring i lagen (1998:1479) om kontoföring av finansiella instrument,
60. lag om ändring i lagen (1999:116) om skiljeförfarande,
61. lag om ändring i tullagen (2000:1281),
62. lag om ändring i lagen (2001:181) om behandling av uppgifter i Skatteverkets beskattningsverksamhet,
63. lag om ändring i lagen (2001:184) om behandling av uppgifter i kronofogdemyndigheternas verksamhet,
64. lag om ändring i lagen (2001:185) om behandling av uppgifter i Tullverkets verksamhet,
65. lag om ändring i socialtjänstlagen (2001:453),
66. lag om ändring i lagen (2001:845) om upplösning av stiftelser i vissa fall,
67. lag om ändring i lagen (2003:389) om elektronisk kommunikation,
68. lag om ändring i lagen (2004:487) om sjöfartsskydd,
69. lag om ändring i järnvägslagen (2004:519),
70. lag om ändring i lagen (2004:575) om europabolag,
71. lag om ändring i lagen (2004:1100) om luftfartsskydd,
72. lag om ändring i aktiebolagslagen (2005:551),
73. lag om ändring i lagen (2006:74) med kompletterande bestämmelser om domstols behörighet och om erkännande och verkställighet av vissa utländska avgöranden,
74. lag om ändring i lagen (2004:671) om ändring i lagen (1990:746) om betalningsföreläggande och handräckning,
75. lag om ändring i skuldsaneringslagen (2006:000),
76. lag om ändring i lagen (2006:000) om ändring i sekretesslagen,
77. lag om ändring i lagen (2006:000) om ändring i lagen (1993:892) om ackord rörande statliga fordringar m.m.",,
1621682,Avslag,Avslag,"",0,2019/20:SoU9,1,Riksdagen ställer sig bakom det som anförs i motionen om att utreda möjligheten att begränsa användningen av medel från välfärdssystemet och tillkännager detta för regeringen.,"",,
2030283,Avslag,Avslag,"",0,2024/25:SkU12,1,Riksdagen ställer sig bakom det som anförs i motionen om ett nytt skatteavtal och tillkännager detta för regeringen.,"",,
150119,Avslag, Avslag,Acklamation,0,2005/06:UbU11,0,Riksdagen tillkännager för regeringen som sin mening vad i motionen anförs om idrott och hälsa i grund- och gymnasieskolan.,"",,
1755672,Avslag,Avslag,"",0,2021/22:TU19,1,Riksdagen ställer sig bakom det som anförs i motionen om att se över möjligheten att ge behörighet att köra lätt motorcykel vid innehav av B-körkort och tillkännager detta för regeringen.,"",,
887631,Avslag, Avslag,Röstning,2,2009/10:SkU26,2,Riksdagen tillkännager för regeringen som sin mening vad som anförs i motionen om att jobbskatteavdragets regler snarast bör prövas mot FN:s konvention om rättigheter för personer med funktionsnedsättning.,"",,
1571498,Avslag,Avslag,"",0,2023/24:JuU15,4,Riksdagen ställer sig bakom det som anförs i motionen om förbud mot rättfärdigande av terrorhandlingar och tillkännager detta för regeringen.,"",,
724703,Avslag, Avslag,Acklamation,0,2007/08:MJU7,0,Riksdagen tillkännager för regeringen som sin mening vad som anförs i motionen om att se över tvärreglerna inom lantbruket.,"",,
498878,Avslag, Avslag,Acklamation,0,2007/08:KU15,0,Riksdagen tillkännager för regeringen som sin mening vad i motionen anförs om att i det fortsatta arbetet med digitaliseringen av televisionen arbeta för att det ska vara möjligt att följa grannländernas public service-sändningar i gränsregionerna och pröva frågan om vidaresändningsplikt i regionerna nära landsgränsen.,"",,
2132465,"","","",2,"",2,Riksdagen tillkännager för regeringen som sin mening vad i motionen anförs om att i FN belysa Ilascus situation och verka för att han tillsammans med de övriga i Ilascu-gruppen får en rättvis och fri rättegång.,"",,
2127143,Avslag,Avslag,"",0,2020/21:TU3,1,"Riksdagen ställer sig bakom det som anförs i motionen om att det ska krävas förarbevis för att få framföra övriga motordrivna fordon, liknande det för moped klass 2, samt att en åldersgräns på 15 år ska införas och tillkännager detta för regeringen.","",,
1056986,Avslag,Avslag,"",0,2021/22:UbU14,1,Riksdagen ställer sig bakom det som anförs i motionen om en ändring i skollagen för att låta kommunala utbildningsförvaltningar bedöma enskilda lovangelägenheter och tillkännager detta för regeringen.,"",,
573397,Avslag,Avslag,"",0,2021/22:UbU16,1,Riksdagen ställer sig bakom det som anförs i motionen om ändringar i skollagen och liknande gällande bosatta i Sverige och tillkännager detta för regeringen.,"",,
452806,Avslag,Avslag,"",0,2017/18:AU9,2,Riksdagen ställer sig bakom det som anförs i motionen om att ändra regelverket för att underlätta för personer med funktionsnedsättning och nyanlända invandrare att få anställning i företag och tillkännager detta för regeringen.,"",,
1050253,"","","",0,2025/26:TU10,18,Riksdagen ställer sig bakom det som anförs i motionen om att regeringen bör tillse att en översyn skyndsamt genomförs i syfte att se över förutsättningarna för ett riktat investeringsstöd i form av klimatkliv för sjöfarten för att minska utsläppen av växthusgaser och tillkännager detta för regeringen.,"",,
1061443,Avslag, Avslag,Acklamation,0,2012/13:FiU3,0,Riksdagen tillkännager för regeringen som sin mening vad som anförs i motionen om behovet av barnomsorg på obekväm arbetstid.,"",,
1271671,Avslag, Avslag,Röstning,0,2003/04:SkU26,0,Riksdagen begär att regeringen  återkommer till riksdagen med ett förslag om sänkt förmögenhetsskatt genom slopad sambeskattning mellan makar samt om höjt fribelopp enligt vad som anförs i motionen.,"",,
1067846,"","","",0,2025/26:FiU39,2,Riksdagen ställer sig bakom det som anförs i motionen om att regeringen bör återkomma med en plan för hur skyldigheten att ta emot kontanter kan förenas med ändamålsenlig tillsyn och sanktioner och tillkännager detta för regeringen.,"",,
1025559,Avslag, Avslag,Acklamation,2,2006/07:UbU9,2,Riksdagen tillkännager för regeringen som sin mening vad i motionen anförs om vikten av att folkbildningens pedagogik används i gymnasie- och vuxenutbildningen.,"",,
843779,Avslag,Avslag,"",0,2018/19:TU5,1,Riksdagen ställer sig bakom det som anförs i motionen om att åtgärda farliga korsningar mellan väg och järnväg på Västra stambanan mellan Floby och Göteborg och tillkännager detta för regeringen.,"",,
86348,Avslag, Avslag,Acklamation,20,2002/03:UbU11,20,Riksdagen tillkännager för regeringen som sin mening vad i motionen anförs om samarbete mellan skola och föräldrar.,"",,
1752545,Avslag,Avslag,"",0,2019/20:SkU24,5,Riksdagen ställer sig bakom det som anförs i motionen om en rättvisare hantering av kassaregister vid fäbodverksamhet och tillkännager detta för regeringen.,"",,
330375,Avslag,Avslag,"",0,2021/22:SoU13,1,Riksdagen ställer sig bakom det som anförs i motionen om att genomföra pilotprojekt i ett lämpligt antal utvalda kommuner och implementera begreppet äldreombudsman och tillkännager detta för regeringen.,"",,
1971010,Avslag, Avslag,Röstning,3,2012/13:KrU7,3,Riksdagen tillkännager för regeringen som sin mening vad som anförs i motionens avsnitt 4.2.3 om att återkomma med förslag på en hållbar lösning för e-boken i Sverige.,"",,
1264986,Avslag, Avslag,Röstning,0,2010/11:SkU21,0,Riksdagen tillkännager för regeringen som sin mening vad som anförs i motionen om att skatten på handelsgödsel ska återinföras.,"",,
351744,=utskottet,avslag,"",1,2000/01:JuU14,1,Riksdagen tillkännager för regeringen som sin mening vad i motionen anförs om att ljuddämpare ner till 125 decibel på jaktvapen bör undantas från licenskrav.,"",,
1253341,Avslag, Avslag,Röstning,0,2010/11:FiU1,0,Riksdagen tillkännager för regeringen som sin mening vad som anförs i motionen om en översyn av välfärdens framtida finansiering.,"",,
2213639,Avslag, Avslag,Röstning,0,2011/12:UbU17,0,Riksdagen tillkännager för regeringen som sin mening vad som anförs i motionen om behovet av ökad samverkan mellan universitet och högskolor.,"",,
1802970,Avslag,Avslag,"",0,2021/22:SkU1,53,Riksdagen ställer sig bakom det som anförs i motionen om att utreda hur regelverket för tulltillägg och deklarationer kan förenklas och tillkännager detta för regeringen.,"",,
164394,Avslag, Avslag,Acklamation,0,2002/03:SkU11,0,Riksdagen tillkännager för regeringen som sin mening vad i motionen anförs om skatten på naturgrus.,"",,
1667004,Avslag,Avslag,"",0,2016/17:JuU17,1,Riksdagen ställer sig bakom det som anförs i motionen om att överväga att se över rättsprocesser om misstänkta ekobrott i syfte att förkorta handläggandet av dessa och tillkännager detta för regeringen.,"",,
1774312,Avslag,Avslag,"",0,2021/22:UbU20,1,Riksdagen ställer sig bakom det som anförs i motionen om att stärka forskningen om amyotrofisk lateral skleros (ALS) och tillkännager detta för regeringen.,"",,
86616,"","","",1,"",1,Riksdagen tillkännager för regeringen som sin mening vad i motionen anförs om att Kumla skoindustrimuseum skall få statsbidrag.,"",,
1804321,Avslag, Avslag,Röstning,0,2011/12:TU5,0,Riksdagen tillkännager för regeringen som sin mening vad som anförs i motionen om konkurrenskraftig färjetrafik till Gotland.,"",,
54716,Avslag, Avslag,Röstning,0,2012/13:UbU6,0,Riksdagen tillkännager för regeringen som sin mening vad som anförs i motionen om möjligheten att ytterligare integrera undervisning i privatekonomi inom ramen för gymnasieskolans befintliga läroplan.,"",,
241054,Avslag, Avslag,Acklamation,0,2009/10:MJU1,0,Riksdagen tillkännager för regeringen som sin mening vad som anförs i motionen om att intensifiera klimatforskningen för att bidra till ett bredare forskningsunderlag.,"",,
3352206,Avslag,Avslag,"",0,2024/25:SoU16,1,Riksdagen ställer sig bakom det som anförs i motionen om att utreda möjligheterna att inkludera viss vård utförd av optiker i högkostnadsskyddet för öppenvård och tillkännager detta för regeringen.,"",,
530375,"","","",0,2025/26:SoU22,1,Riksdagen ställer sig bakom det som anförs i motionen om införande av en medicinskt ansvarig sjuksköterska (MAS) som ansvarar för regionala sjukvården och tillkännager detta för regeringen.,"",,
2199084,Avslag, Avslag,Röstning,0,2010/11:JuU12,0,"Riksdagen tillkännager för regeringen som sin mening vad som anförs i motionen om att regeringen ska överväga att införa helgavskiljning, en ny straffpåföljd för unga lagöverträdare.","",,
273727,Avslag, Avslag,Acklamation,5,2008/09:SoU12,5,Riksdagen tillkännager för regeringen som sin mening vad som anförs i motionen om en riktad informationskampanj till ungdomar.,"",,
644793,Delvis bifall, Delvis bifall,Acklamation,0,2012/13:SkU14,0,Riksdagen begär att regeringen återkommer med ett lagförslag som innebär krav på personalliggare och oannonserade kontrollbesök inom byggbranschen senast den 31 mars 2013.,"",,
217767,Avslag, Avslag,Röstning,12,2005/06:UU10,12,Riksdagen tillkännager för regeringen som sin mening vad som i motionen anförs om krigsmaterielbyrån i EU:s regi.,"",,
833489,=utskottet,avslag,"",1,2000/01:MJU1,1,"Riksdagen tillkännager för regeringen som sin mening vad i motionen anförs om behovet av ett särskilt statsanslag för att parera, motverka och förebygga effekter av klimatförändringar.","",,
1327051,Avslag, Avslag,Acklamation,0,2013/14:UbU9,0,Riksdagen tillkännager för regeringen som sin mening vad som anförs i motionen om att regeringen bör återkomma med förslag om att slopa 15-timmarsgränsen inom förskolan.,"",,
1986542,Avslag, Avslag,Röstning,0,2004/05:SkU28,0,Riksdagen tillkännager för regeringen som sin mening vad som i motionen anförs om svartarbete.,"",,
854986,Avslag,Avslag,"",0,2018/19:KrU7,1,Riksdagen ställer sig bakom det som anförs i motionen om betydelsen av att skapa ett museum/center över Raoul Wallenbergs gärning och tillkännager detta för regeringen.,"",,
1974353,Avslag, Avslag,"",0,2004/05:AU8,0,Riksdagen tillkännager för regeringen som sin mening vad i motionen anförs om att ta bort möjligheten för arbetsgivare med färre anställda än tio att undanta två stycken anställda från turordningen i lagen om anställningsskydd.,"",,
3123560,Avslag, Avslag,Acklamation,5,2009/10:SfU16,5,Riksdagen tillkännager för regeringen som sin mening vad som anförs i motionen om att utreda gränsdragningar och nivåer för det undantag för arbetsgivaravgifter som i dag gäller för idrottsföreningar.,"",,
1260942,Avslag, Avslag,Röstning,2,2010/11:CU17,2,Riksdagen tillkännager för regeringen som sin mening vad som anförs i motionen om att reglerna som gäller skyddet mot exploatering av värdefull jordbruksmark för andra ändamål bör ses över.,"",,
989925,Avslag,"","",0,2012/13:UbU1,0,Riksdagen tillkännager för regeringen som sin mening vad som anförs i motionen om behovet av utbildningsplatser och forskningsresurser på Blekinge Tekniska Högskola.,"",,
2217859,Avslag, Avslag,Röstning,0,2003/04:SoU9,0,Riksdagen tillkännager för regeringen som sin mening vad i motionen anförs om insatser för de glömda barnen.,"",,
211140,Avslag, Avslag,Acklamation,0,2008/09:SoU15,0,Riksdagen tillkännager för regeringen som sin mening vad som anförs i motionen om skillnaderna i bidragssystemen för glasögon till barn och ungdom.,"",,
303927,Avslag, Avslag,Acklamation,0,2004/05:SfU11,0,Riksdagen tillkännager för regeringen som sin mening vad i motionen anförs om ansvarsfördelning för rehabiliteringsåtgärder.,"",,
1664410,Avslag,Avslag,"",0,2014/15:SoU11,1,Riksdagen tillkännager för regeringen som sin mening vad som anförs i motionen om att låta förstärka de fysioterapeutiska insatserna för äldre.,"",,
1332128,Avslag, Avslag,Acklamation,0,2013/14:JuU14,0,Riksdagen tillkännager för regeringen som sin mening vad som anförs i motionen om att överväga att se över ett avskaffande av det s.k. danstillståndet.,"",,
248782,Avslag, Avslag,Acklamation,0,2007/08:SoU5,0,Riksdagen tillkännager för regeringen som sin mening vad som anförs i motionen om behov av föräldrautbildning.,"",,
1928612,Avslag,Avslag,"",0,2016/17:UFöU3,1,"Riksdagen ställer sig bakom det som anförs i motionen om att regeringen senast i september 2017 bör återkomma och fastställa konkreta nationella mål för att kunna utvärdera de insatser som Sverige genomför i Mali, och detta tillkännager riksdagen för regeringen.","",,
787112,=utskottet,Delvis bifall,"",17,2001/02:FöU1,17,Riksdagen tillkännager för regeringen som sin mening vad i motionen anförs om att regeringen snarast bör utarbeta ett förslag till upphandling av ett nationellt radiokommunikationssystem baserat på Tetra-standard.,"",,
1337875,Avslag, Avslag,Acklamation,0,2005/06:SoU15,0,Riksdagen tillkännager för regeringen som sin mening vad i motionen anförs om läkemedelsuttag för utsatta grupper med svag ekonomi.,"",,
2236148,Avslag, Avslag,Röstning,0,2005/06:NU18,0,Riksdagen tillkännager för regeringen som sin mening vad i motionen anförs om att utreda ett förstatligande av det svenska elnätet.,"",,
3312390,= utskottet,avslag,"",3,2000/01:TU9,3,Riksdagen tillkännager som sin mening vad i motionen anförs om att ackrediterings- och certifieringssystem för konverteringstrimning till alternavita bränslen bör utarbetas.,"",,
2057592,Avslag,Avslag,"",0,2019/20:UU2,13,Riksdagen ställer sig bakom det som anförs i motionen om att frysa betalningar och tillkännager detta för regeringen.,"",,
1422215,Avslag, Avslag,Acklamation,0,2010/11:UbU7,0,Riksdagen tillkännager för regeringen som sin mening vad som anförs i motionen om att kvalitetssäkra lärarkompetensen vad avser undervisning av elever med adhd-liknande beteende samt dyslexi.,"",,
857699,Avslag,Avslag,"",0,2020/21:KU22,1,Riksdagen ställer sig bakom det som anförs i motionen om att utreda frågan om tillsättandet av en medborgarombudsman med syftet att stärka enskilda människor och näringsidkare gentemot staten och kommunerna och tillkännager detta för regeringen.,"",,
2073162,=utskottet,Avslag,"",0,2001/02:SkU14,0,Riksdagen tillkännager för regeringen som sin mening vad i motionen anförs om behovet av en skattereducering på hushållsnära tjänster.,"",,
1829622,Bifall, Bifall,Acklamation,0,2004/05:JuU32,0,Riksdagen antar regeringens förslag till,"1. lag om tillträdesförbud vid idrottsarrangemang,
2. lag om ändring i lagen (1998:620) om belastningsregister.",,
2008488,Avslag,Avslag,"",0,2024/25:SoU14,1,"Riksdagen ställer sig bakom det som anförs i motionen om att det ska finnas samma krav på forskning, registrering av antal användare och uppföljning av biverkningar för medicintekniska produkter som ska placeras inne i kroppen som för läkemedel och tillkännager detta för regeringen.","",,
182210,Avslag, Avslag,Acklamation,0,2007/08:SoU1,0,Riksdagen tillkännager för regeringen som sin mening vad som anförs i motionen om rätt till daglig sysselsättning enligt LSS för personkrets 3.,"",,
1778068,Avslag,Avslag,"",0,2016/17:KU23,1,"Riksdagen ställer sig bakom det som anförs i motionen om att tillsätta en nationell samordnare med uppdrag att förbättra insatserna och de förebyggande metoderna avseende högerextrema våldsverkare som radikaliseras i hemmen, och detta tillkännager riksdagen för regeringen.","",,
801362,Avslag,Avslag,"",0,2019/20:SoU9,1,Riksdagen ställer sig bakom det som anförs i motionen om att skyndsamt arbeta fram en nationell handlingsplan mot bortförande och bortgifte av barn och tillkännager detta för regeringen.,"",,
773024,Avslag, Avslag,Acklamation,0,2008/09:KU9,0,Riksdagen tillkännager för regeringen som sin mening vad som anförs i motionen om att göra en översyn av den svenska förvaltningsmodellen med oberoende myndigheter.,"",,
3327134,Avslag, Avslag,Acklamation,0,2005/06:MJU3,0,Riksdagen tillkännager för regeringen som sin mening vad i motionen anförs om vikten av en kraftig lansering av akrylatbensinen i tvåtaktsmotorer.,"",,
358280,Avslag,Avslag,"",0,2020/21:FiU20,1,Riksdagen ställer sig bakom det som anförs i motionen om att regeringen tydligare bör redogöra för vilka avvägningar som ligger till grund för hur nivån på utgiftstaken sätts samt vilket skatteuttag som behövs för att utgiftsnivån ska vara förenlig med överskottsmålet och tillkännager detta för regeringen.,"",,
2100141,Bifall, Bifall,Röstning,6,2009/10:FiU38,6,Riksdagen godkänner det mål för förvaltningspolitiken som regeringen föreslår och godkänner att det tidigare målet upphör att gälla (avsnitt 4.2).,"",,
412376,"","","",0,"",1,Riksdagen ställer sig bakom det som anförs i motionen om att regeringen i samtal med företrädare för den kinesiska regimen bör lyfta mongolernas situation i Kina och tillkännager detta för regeringen.,"",,
1325146,Avslag,Avslag,"",0,2019/20:JuU27,1,"Riksdagen ställer sig bakom det som anförs i motionen om att förändra reglerna för hemlig avlyssning av elektronisk kommunikation på så sätt att det ska få användas om det samlade straffvärdet överstiger två års fängelse, och detta tillkännager riksdagen för regeringen.","",,
1795210,Avslag,Avslag,"",0,2021/22:AU10,9,"Riksdagen ställer sig bakom det som anförs i motionen om att utreda och utvärdera organisationen med regionala skyddsombud, deras verksamhet, roll och effektivitet, och tillkännager detta för regeringen.","",,
1480071,=utskottet,avslag,"",1,2000/01:UbU10,1,Riksdagen tillkännager för regeringen som sin mening vad i motionen anförs om att en utvidgad satsning på distansundervisning görs inom såväl högskola som gymnasieskola.,"",,
1943870,=utskottet,Avslag,"",0,2001/02:SkU17,0,Riksdagen tillkännager för regeringen som sin mening vad i motionen anförs om svensk travsports konkurrensförmåga.,"",,
3236551,Avslag, Avslag,Acklamation,0,2012/13:AU7,0,Riksdagen tillkännager för regeringen som sin mening vad som anförs i motionen om möjligheten att införa ekonomiska frizoner i glesbygdsområden.,"",,
1789477,Avslag,Avslag,"",0,2024/25:SfU20,1,Riksdagen ställer sig bakom det som anförs i motionen om att se över förutsättningar och möjligheter hur ett system liknande vård av barn skulle kunna se ut för möjligheten att vårda sjuk förälder och tillkännager detta för regeringen.,"",,
1734731,Avslag,Avslag,"",0,2017/18:UbU11,6,Riksdagen ställer sig bakom det som anförs i motionen om att öka möjligheterna för äldre att studera med CSN-lån och tillkännager detta för regeringen.,"",,
3124897,Avslag, Avslag,Acklamation,0,2009/10:KrU1,0,Riksdagen tillkännager för regeringen som sin mening vad som anförs i motionen om att Arbetets museum bör beviljas statsbidrag för att driva EWK-museet vidare.,"",,
915474,Avslag, Avslag,Acklamation,0,2013/14:FiU22,0,Riksdagen tillkännager för regeringen som sin mening vad som anförs i motionen om att regeringen bör överväga att ändra kreditupplysningslagen.,"",,
1454150,Avslag,Avslag,"",0,2018/19:TU5,1,Riksdagen ställer sig bakom det som anförs i motionen om att se över möjligheterna att bygga ut E6:an till trefilig motorväg och tillkännager detta för regeringen.,"",,
716670,=delvis bifall,avslag,"",1,2000/01:MJU8,1,Riksdagen begär att regeringen ändrar 33 § djurskyddsförordningen i motionens anda.,"",,
1077672,Avslag,Avslag,"",0,2019/20:SfU17,1,Riksdagen ställer sig bakom det som anförs i motionen om att i framtiden överväga behovet av åtgärder för att tillgodose rimlig kompensation vid inkomstbortfall på grund av bestående arbetsoförmåga och tillkännager detta för regeringen.,"",,
1438998,Avslag,Avslag,"",0,2019/20:NU16,5,Riksdagen ställer sig bakom det som anförs i motionen om regelförenklingar för att ge livsvetenskaperna konkurrenskraftiga villkor gentemot omvärlden och tillkännager detta för regeringen.,"",,
1064764,"","","",4,"",4,Riksdagen godkänner den föreslagna ändringen av ändamål och verksamheter som ska innefattas i utgiftsområde 22 Kommunikationer och utgiftsområde 24 Näringsliv (avsnitt 11.3).,"",,
1259228,Avslag, Avslag,Acklamation,0,2010/11:CU14,0,Riksdagen tillkännager för regeringen som sin mening vad som anförs i motionen om redovisning av alla kostnader vid annonsering av flygresor.,"",,
913608,Avslag, Avslag,Acklamation,0,2011/12:KrU5,0,Riksdagen tillkännager för regeringen som sin mening vad som anförs i motionen om behovet av att göra en översyn av främjandeförbudet i 38 och 54 §§ andra stycket lotterilagen (1994:1000).,"",,
2180574,Avslag,Avslag,"",0,2020/21:TU16,1,Riksdagen ställer sig bakom det som anförs i motionen om att se över möjligheten att inleda planering och byggnation av Österleden och tillkännager detta för regeringen.,"",,
912592,=utskottet,Avslag,"",0,2001/02:BoU10,0,Riksdagen tillkännager för regeringen som sin mening vad i motionen anförs om att stimulera omarronderingsverksamheten.,"",,
128709,Avslag, Avslag,Röstning,0,2009/10:NU2,0,Riksdagen tillkännager för regeringen som sin mening vad som anförs i motionen om att undersöka förutsättningarna för stöd till affärslokaler.,"",,
1713046,Avslag,Avslag,"",0,2023/24:KU14,1,Riksdagen ställer sig bakom det som anförs i motionen om hörselskadade och riksdagen och tillkännager detta för riksdagsstyrelsen.,"",,
1254275,Avslag,Avslag,"",0,2021/22:UbU17,3,"Riksdagen ställer sig bakom det som anförs i motionen om fortbildning till SYV, studie- och yrkesvägledare, om yrken och om arbetsplatser och tillkännager detta för regeringen.","",,
1136189,Avslag,Avslag,"",0,2021/22:MJU15,2,Riksdagen ställer sig bakom det som anförs i motionen om att överväga att utreda om det finns möjlighet för ett utökat EU-samarbete för att minska andelen marint skräp från källan och ta fram en långsiktig strategi för insamling och finansiering av hanteringen av marint skräp och tillkännager detta för regeringen.,"",,
526776,Avslag, Avslag,Acklamation,3,2013/14:AU5,3,Riksdagen tillkännager för regeringen som sin mening vad som anförs i motionen om de regionala skyddsombudens möjligheter att besöka arbetsplatser som har en lokal skyddskommitté eller saknar fackliga medlemmar.,"",,
664106,Bifall,Bifall,"",1,2024/25:CU17,1,Riksdagen antar regeringens förslag till lag om ändring i konsumentkreditlagen (2010:1846).,"",,
211614,Avslag, Avslag,Röstning,0,2004/05:LU9,0,Riksdagen begär att regeringen ser över möjligheten att utforma arvslagstiftningen så att den efterlevande partnerns intresse bättre tas till vara i förhållande till särkullbarns rätt att få ut sin laglott.,"",,
581566,Avslag, Avslag,Acklamation,0,2007/08:NU3,0,Riksdagen tillkännager för regeringen som sin mening vad som anförs i motionen om säkrare energiöverföring och Sydlänken.,"",,
1515464,Bifall, Bifall,Acklamation,2,2010/11:SoU6,2,Riksdagen antar regeringens förslag till,lag om ändring i lagen (1976:661) om immunitet och privilegier i vissa fall.,,
1023991,Avslag,Avslag,"",0,2021/22:CU13,1,Riksdagen ställer sig bakom det som anförs i motionen om att se över möjligheterna att vid tillståndsprövning för utrivning av dammar ta större hänsyn till allmänintresset och tillkännager detta för regeringen.,"",,
1319837,Avslag, Avslag,Röstning,0,2009/10:SoU11,0,Riksdagen tillkännager för regeringen som sin mening vad som anförs i motionen om möjligheten för ensamstående att insemineras inom svensk sjukvård.,"",,
2102251,=utskottet,avslag,"",1,2000/01:LU21,1,Riksdagen tillkännager för regeringen som sin mening vad i motionen anförs om bolagsöverlåtelser.,"",,
853976,Avslag,Avslag,"",0,2018/19:CU8,2,Riksdagen ställer sig bakom det som anförs i motionen om att slopa kravet på tre bostadslägenheter vid etableringen av tredimensionella fastigheter med bostadsändamål och tillkännager detta för regeringen.,"",,
1203913,Avslag, Avslag,Röstning,2,2003/04:SkU23,2,Riksdagen tillkännager för regeringen som sin mening vad i motionen anförs om att anpassa momssatser och skatter efter verkligheten för små turistföretag.,"",,
109611,Avslag,Avslag,"",0,2017/18:MJU24,3,Riksdagen ställer sig bakom det som anförs i motionen om strängare regler vad gäller djurskydd för övriga domesticerade djur i cirkusverksamhet och tillkännager detta för regeringen.,"",,
89123,Avslag,Avslag,"",0,2017/18:FöU4,1,Riksdagen ställer sig bakom det som anförs i motionen om att införa en myndighet för cybersäkerhet och tillkännager detta för regeringen.,"",,
1354378,Avslag, Avslag,Acklamation,0,2010/11:SkU23,0,Riksdagen tillkännager för regeringen som sin mening vad som anförs i motionen om skattelättnad för donationer till forskning i Sverige.,"",,
231629,Avslag, Avslag,Acklamation,0,2012/13:CU13,0,Riksdagen tillkännager för regeringen som sin mening vad som anförs i motionen om behovet av bättre skydd för alla typer av konsumenter.,"",,
383327,"","","",0,2025/26:JuU16,1,Riksdagen ställer sig bakom det som anförs i motionen om att tillsätta en utvärdering av de regionala och nationella insynsråden inom Polismyndigheten och tillkännager detta för regeringen.,"",,
266129,Avslag,Avslag,"",0,2020/21:KrU6,39,Riksdagen ställer sig bakom det som anförs i motionen om arkeologiska undersökningar i samband med bostadsbyggande och tillkännager detta för regeringen.,"",,
2160386,Avslag, Avslag,Acklamation,0,2010/11:JuU9,0,Riksdagen tillkännager för regeringen som sin mening vad som anförs i motionen om att utreda gränsdragningsproblemen avseende domares löner i förhållande till kraven på domstolarnas oavhängighet.,"",,
1731254,Avslag, Avslag,Röstning,0,2008/09:AU7,0,Riksdagen tillkännager för regeringen som sin mening vad som anförs i motionen om att utreda möjligheterna att stärka deltidsarbetet.,"",,
1275405,"","","",0,2025/26:AU10,1,Riksdagen ställer sig bakom det som anförs i motionen om att se över möjligheten att införa en statlig reglering av blåljuspersonals arbetstider för att möjliggöra dygnspass i ordinarie schema och tillkännager detta för regeringen.,"",,
1415356,=utskottet,avslag,"",1,2000/01:UbU11,1,Riksdagen tillkännager för regeringen som sin mening vad i motionen anförs om att det juridiska skydd som återfinns i jämställdhetslagen också skall gälla elever i grundskola och gymnasium.,"",,
3265163,Avslag, Avslag,Acklamation,0,2009/10:KrU11,0,Riksdagen tillkännager för regeringen som sin mening vad som anförs i motionen om att det i de olika kulturmyndigheternas och kulturinstitutionernas regleringsbrev bör framgå att dessa ska arbeta med kulturuttryck som handlar om hbt-personer.,"",,
1336568,Avslag,Avslag,"",0,2022/23:FöU7,1,Riksdagen ställer sig bakom det som anförs i motionen om finansieringsfrågan och genomförande av framtida portar i Göta älvs mynning och tillkännager detta för regeringen.,"",,
103980,Avslag,Avslag,"",0,2017/18:CU1,3,Riksdagen ställer sig bakom det som anförs i motionen om att utreda en harmonisering av den offentliga sektorns geografiska data nationellt och internationellt och tillkännager detta för regeringen.,"",,
2190149,Avslag,Avslag,"",0,2018/19:SkU1,1,Riksdagen ställer sig bakom det som anförs i motionen om att överväga ökade resurser och befogenheter beträffande utförsel av gods från Sverige och tillkännager detta för regeringen.,"",,
1137238,Avslag, Avslag,Acklamation,0,2007/08:UbU11,0,Riksdagen tillkännager för regeringen som sin mening vad som anförs i motionen om staten som huvudman för lärarna i den offentligdrivna skolan.,"",,
1396868,Avslag,Avslag,"",0,2019/20:SoU11,1,Riksdagen ställer sig bakom det som anförs i motionen om att utreda vilka gränshinder som finns för utökad vårdsamverkan över gränserna samt föreslå åtgärder för att riva dessa hinder och tillkännager detta för regeringen.,"",,
654791,Avslag, Avslag,Acklamation,0,2011/12:NU10,0,Riksdagen tillkännager för regeringen som sin mening vad som anförs i motionen om arbetet för en väl fungerande riskkapitalmarknad.,"",,
1914367,Avslag,Avslag,"",0,2024/25:SkU9,1,Riksdagen ställer sig bakom det som anförs i motionen om att överväga att utreda ett skatteavdrag på drivmedel för landsbygdsbor och tillkännager detta för regeringen.,"",,
1961795,Bifall, Bifall,Acklamation,0,2013/14:JuU15,0,Riksdagen tillkännager för regeringen som sin mening vad som anförs i motionen om behovet av fungerande och mer relevanta straff för ekobrott.,"",,
1281294,Avslag, Avslag,Acklamation,0,2007/08:FöU13,0,Riksdagen tillkännager för regeringen som sin mening vad som anförs i motionen om samordning av Försvarsmaktens prov- och testverksamhet.,"",,
1896372,Avslag,"","",0,2012/13:KU1,0,Riksdagen anvisar anslagen för 2013 inom utgiftsområde 1 Rikets styrelse enligt förslaget i tabell 1 i motionen.,"",,
1604848,Avslag,Avslag,"",0,2015/16:KU13,4,Riksdagen tillkännager för regeringen som sin mening vad som anförs i motionen om att spärrarna i personvalet till regionfullmäktige bör avskaffas.,"",,
425116,Avslag, Avslag,Acklamation,2,2006/07:TU1,2,Riksdagen tillkännager för regeringen som sin mening vad i motionen anförs om att ge berörda myndigheter i uppdrag att planera för en utbyggd spårförbindelse mellan Sturup och Kastrup.,"",,
3271791,"","","",0,2025/26:CU19,1,Riksdagen ställer sig bakom det som anförs i motionen om att byggnader för statens myndigheter måste uppnå krav på arkitektonisk skönhet och tillkännager detta för regeringen.,"",,
864264,Avslag,Avslag,"",0,2023/24:KrU11,5,Riksdagen ställer sig bakom det som anförs i motionen om att ta del av erfarenheter från andra länder för att stärka beredskapen i fråga om det kyrkliga kulturarvet och tillkännager detta för regeringen.,"",,
1643677,Bifall, Bifall,Acklamation,0,2013/14:TU14,0,Riksdagen tillkännager för regeringen som sin mening vad som anförs i motionen om att möjliggöra betalning av böter på plats vid trafikbrott och att fordonet kan låsas fast tills boten är betald.,"",,
3215189,Avslag, Avslag,Acklamation,0,2012/13:MJU12,0,Riksdagen tillkännager för regeringen som sin mening vad som anförs i motionen om behovet av att samla kompetensen för bekämpning av mygg i en nationell organisation.,"",,
159296,Avslag, Avslag,Röstning,0,2012/13:SkU18,0,Riksdagen tillkännager för regeringen som sin mening vad som anförs i motionen om en översyn av mervärdesskattesatserna på kulturområdet i syfte att nå en enhetlig kulturmoms.,"",,
1874890,Avslag, Avslag,Acklamation,0,2006/07:JuU9,0,Riksdagen tillkännager för regeringen som sin mening vad i motionen anförs om att utreda en ändring av brottsbalken så att otillbörlig påverkan av människors fria vilja kan straffbeläggas.,"",,
1891693,Bifall,Bifall,"",0,2016/17:KU23,3,Riksdagen ställer sig bakom det som anförs i motionen om att öka kunskapen i kommuner och skolor och hos andra aktörer om hur radikalisering kan upptäckas och motverkas på ett tidigt stadium och tillkännager detta för regeringen.,"",,
618946,Avslag,Avslag,"",0,2019/20:JuU1,1,Riksdagen ställer sig bakom det som anförs i motionen om att se över möjligheten att förstärka polisen i Norrland och tillkännager detta för regeringen.,"",,
1162403,Avslag,Avslag,"",0,2022/23:JuU10,1,Riksdagen ställer sig bakom det som anförs i motionen om översyn av gällande lagstiftning som berör Tullverket och tillkännager detta för regeringen.,"",,
1482639,=utskottet,Avslag,"",3,2001/02:UU8,3,"Riksdagen tillkännager för regeringen som sin mening att regeringen i FN, EU, OSSE och andra internationella organisationer aktivt skall arbeta för att tvinga parterna till förhandlingsbordet.","",,
746346,Avslag,Avslag,"",0,2019/20:UbU14,1,"Riksdagen ställer sig bakom det som anförs i motionen om att överväga att ta fram en handlingsplan för hur vi kan säkra att Sverige utbildar fler hantverkare och för hur vi får fram fler hantverksutbildningar, och detta tillkännager riksdagen för regeringen.","",,
225693,Avslag, Avslag,Röstning,0,2002/03:UbU16,0,Riksdagen tillkännager för regeringen som sin mening vad i motionen anförs om att göra Småland till försöksområde för en ny lärlingsutbildning.,"",,
1568633,Avslag,Avslag,"",0,2021/22:SfU17,1,Riksdagen ställer sig bakom det som anförs i motionen om att en översyn bör göras så att kommunikationen mellan den sjukskrivne och Försäkringskassan förbättras och tillkännager detta för regeringen.,"",,
183585,Avslag, Avslag,Röstning,24,2002/03:UU8,24,Riksdagen tillkännager för regeringen som sin mening vad i motionen anförs om FN.,"",,
1018811,Bifall," Bifall,  Bifall,  Bifall,  Bifall,  Bifall,  Bifall",Acklamation,0,2003/04:SkU5,0,Riksdagen antar regeringens förslag till,"1. lag om ändring i skattebetalningslagen (1997:483),
2. lag om ändring i taxeringslagen (1990:324),
3. lag om ändring i lagen (1989:479) om ersättning för kostnader i ärenden och mål om skatt, m.m.,
4. lag om ändring i tullagen (2000:1281) och
5. lag om ändring i lagen (2001:1227) om självdeklarationer och kontrolluppgifter.",,
1655999,=utskottet,Avslag,"",9,2001/02:NU17,9,Riksdagen tillkännager för regeringen som sin mening vad i motionen anförs om en kampanj för grön el.,"",,
513751,Avslag, Avslag,Acklamation,3,2005/06:FiU16,3,Riksdagen tillkännager för regeringen som sin mening vad i motionen anförs om att skyndsamt se över verksstrukturen i syfte att effektivisera verksamheten efter dagens krav.,"",,
1469579,Avslag, Avslag,Acklamation,0,2003/04:TU8,0,Riksdagen tillkännager för regeringen som sin mening vad i motionen anförs om infrastrukturplanering.,"",,
511921,Avslag, Avslag,Acklamation,0,2005/06:FiU14,0,Riksdagen tillkännager för regeringen som sin mening vad som i motionen anförs om att undanröja legala och administrativa hinder för små banker att ge giroservice m.m. till sina kunder.,"",,
1854510,=utskottet,Avslag,"",0,2001/02:MJU10,0,Riksdagen tillkännager för regeringen som sin mening vad i motionen anförs om offentlig upphandling av fordon.,"",,
355079,Avslag, Avslag,Röstning,0,2005/06:KU19,0,"Riksdagen tillkännager för regeringen som sin mening vad i motionen anförs om behovet av grundlagsskydd för de nationella minoriteterna (samer, sverigefinnar, tornedalingar, romer och judar) och minoritetsspråken (samiska, finska, meänkieli, romani chib och jiddisch).","",,
1874830,Avslag, Avslag,Acklamation,3,2009/10:CU5,3,Riksdagen tillkännager för regeringen som sin mening vad som anförs i motionen om sandåterföring som metod.,"",,
1393315,Avslag,Avslag,"",0,2019/20:KrU8,3,Riksdagen ställer sig bakom det som anförs i motionen om en strategi för hemvändande svenskar och tillkännager detta för regeringen.,"",,
213106,Avslag, Avslag,Acklamation,0,2012/13:FiU3,0,Riksdagen tillkännager för regeringen som sin mening vad som anförs i motionen om anslagen för 2013 inom utgiftsområde 25 Allmänna bidrag till kommuner enligt förslaget i tabell 1 i motionen.,"",,
2145192,Avslag, Avslag,Acklamation,0,2008/09:FiU29,0,"Riksdagen tillkännager för regeringen som sin mening vad som anförs i motionen om att Försäkringskassan och Arbetsförmedlingen ska uppmanas att genomföra lokala upphandlingar för arbetsprövning, arbetsrehabilitering och arbetsträning för att ta till vara kompetensen hos lokala aktörer, t.ex. sociala företag.","",,
908775,Avslag, Avslag,Acklamation,0,2010/11:KU19,0,Riksdagen tillkännager för riksdagsstyrelsen som sin mening vad som anförs i motionen om att stolarna i riksdagens kammare ska fördelas efter partitillhörighet.,"",,
332472,Avslag, Avslag,Röstning,4,2010/11:KrU5,4,Riksdagen tillkännager för regeringen som sin mening vad som anförs i motionen om att lägga ned Radiotjänst.,"",,
783167,Avslag,Avslag,"",0,2023/24:SoU11,1,"Riksdagen ställer sig bakom det som anförs i motionen om att se över möjligheten att ordna så att ett utskänkningstillstånd för en restaurangägare som gäller i en kommun eller för en restaurang också med enkelhet ska kunna gälla i andra kommuner och i andra egna restauranger som restaurangägaren etablerar, och detta tillkännager riksdagen för regeringen.","",,
1015442,Avslag,Avslag,"",0,2023/24:UbU15,1,"Riksdagen ställer sig bakom det som anförs i motionen om att en översyn bör göras av Sveriges befintliga strukturer för stöd till svenska aktörer för att ta till vara den ekonomiska potentialen från forskning och innovationer, med syftet att förbättra dessa möjligheter, och tillkännager detta för regeringen.","",,
2199949,Avslag,Avslag,"",0,2015/16:SoU7,2,Riksdagen ställer sig bakom det som anförs i motionen om att se över om en nationell samordningsfunktion kan stärkas genom statliga stimulansmedel i syfte att stimulera och styra uppbyggnaden av de regionala centrumen för sällsynta diagnoser och tillkännager detta för regeringen.,"",,
1067724,"","","",0,2025/26:CU37,1,"Riksdagen ställer sig bakom det som anförs i motionen om att återkomma om en reglering av vilka krav en hyresvärd får ställa på en ny hyresgäst, i enlighet med förslaget från SOU 2022:14, och tillkännager detta för regeringen.","",,
454864,Avslag,Avslag,"",0,2016/17:FiU7,3,Riksdagen ställer sig bakom det som anförs i motionen om att ge Upphandlingsmyndigheten ett uppdrag att sprida kunskap om smakprovning som en del av upphandling och tillkännager detta för regeringen.,"",,
1870733,Avslag, Avslag,Röstning,0,2004/05:AU5,0,Riksdagen tillkännager för regeringen som sin mening vad  i motionen anförs om vikten av att motarbeta namndiskrimineringen på arbetsmarknaden.,"",,
2077069,Avslag, Avslag,Röstning,0,2002/03:KU23,0,Riksdagen tillkännager för regeringen som sin mening vad i motionen anförs om en översyn av förvaltningslagen med syfte att sätta en tydlig tidsgräns för myndigheters svar till medborgare.,"",,
393714,Delvis bifall, Bifall,Acklamation,0,2003/04:NU7,0,Riksdagen antar regeringens förslag till,"5. lag om ändring i aktiebolagslagen (1975:1385),
10. lag om ändring i bankrörelselagen (1987:617),
15. lag om ändring i lagen (1992:160) om utländska filialer m.m.















",,
1850614,Bifall,Bifall,"",7,2020/21:MJU4,7,Riksdagen antar regeringens förslag till lag om ändring i offentlighets- och sekretesslagen (2009:400).,"",,
756010,Avslag,Avslag,"",0,2018/19:JuU10,2,Riksdagen ställer sig bakom det som anförs i motionen om att upphäva förbudet för polisen att söka på känsliga personuppgifter och tillkännager detta för regeringen.,"",,
3113274,Avslag, Avslag,Acklamation,2,2003/04:MJU10,2,Riksdagen begär att regeringen lägger fram förslag till ändring av regelsystemet för arealuttag.,"",,
1481172,Avslag, Avslag,Acklamation,3,2005/06:TU5,3,Riksdagen tillkännager för regeringen som sin mening vad i motionen anförs om betydelsen av att aktuella utbyggnader och utredningar av sträckor som ingår i Europakorridoren under planperioden 2004-2015 utgår från en hastighetsstandard på 350 km/tim.,"",,
2064803,"Avslag,Avslag","Avslag,Avslag","",0,"2024/25:JuU12,2024/25:JuU10",1,Riksdagen ställer sig bakom det som anförs i motionen om att avskaffa ungdomsrabatten i 29 kap. 7 § BrB och ta bort vissa av de förmildrande omständigheterna vid straffmätning i 29 kap. 5 § BrB och tillkännager detta för regeringen.,"",,
728062,Avslag,Avslag,"",0,2017/18:SoU9,1,Riksdagen ställer sig bakom det som anförs i motionen om vårdskadades möjlighet till en oberoende granskning av medicinska intyg i vissa fall och tillkännager detta för regeringen.,"",,
1620980,Avslag,Avslag,"",0,2019/20:JuU7,3,Riksdagen ställer sig bakom det som anförs i motionen om att regeringen bör återkomma med förslag som innebär att den dubbla straffbarheten för köp av sexuella tjänster utomlands avskaffas och tillkännager detta för regeringen.,"",,
1978475,Bifall,Bifall,"",0,2021/22:MJU25,1,Riksdagen ställer sig bakom det som anförs i motionen om att avgifter för offentlig kontroll med anledning av den nya växtskyddslagen inte ska hämma svenska företags konkurrenskraft och tillkännager detta för regeringen.,"",,
304342,=utskottet,avslag,"",1,2000/01:SoU10,1,Riksdagen tillkännager för regeringen som sin mening vad i motionen anförs om att Folkhälsoinstitutet skall få i uppdrag att utarbeta riktlinjer för hur kunskapen om sambandet mellan abort och bröstcancer skall tas till vara.,"",,
1052933,Avslag, Avslag,Röstning,0,2008/09:TU8,0,Riksdagen tillkännager för regeringen som sin mening vad som anförs i motionen om att det förutom godkänt skriftligt teoriprov även ska vara krav på förarutbildning och avlagt prov för att få framföra en traktor på trafikerade vägar.,"",,
455113,Avslag, Avslag,Acklamation,0,2004/05:KU11,0,Riksdagen tillkännager för regeringen som sin mening vad i motionen anförs om barn och medier och vikten av att arbeta med dessa frågor även på EU-nivå.,"",,
417624,"","","",0,2025/26:SoU14,1,Riksdagen ställer sig bakom det som anförs i motionen om att överväga att HPV-vaccin som ordineras till kvinnor som genomgått konisering ska omfattas av läkemedelsförmånen och tillkännager detta för regeringen.,"",,
2098123,Delvis bifall, Delvis bifall,Röstning,18,2009/10:CU25,18,Riksdagen antar regeringens förslag till,lag om ändring i plan- och bygglagen (2010:000).,,
874712,"","","",0,"",1,Riksdagen ställer sig bakom det som anförs i motionen om att Sverige måste bli mer aktivt i kampen mot det kinesiska kommunistpartiets ökande globala makt och tillkännager detta för regeringen.,"",,
1663056,=utskottet,Avslag,"",0,2001/02:NU1,0,Riksdagen tillkännager för regeringen som sin mening vad i motionen anförs om en aktivare företagspolitik.,"",,
552740,=utskottet,avslag,"",1,2000/01:SfU1,1,Riksdagen tillkännager för regeringen som sin mening vad i motionen anförs om behovet av en översyn av de regler som tillämpas när löneökning inträffar under sjukperiod.,"",,
1857108,Avslag, Avslag,Röstning,10,2008/09:FiU18,10,Riksdagen begär att regeringen återkommer med förslag på ökad satsning på Banverket i enlighet med vad som anförs i motionen.,"",,
490471,Avslag,Avslag,"",0,2024/25:UU14,17,Riksdagen ställer sig bakom det som anförs i motionen om att Sverige bör utreda hur subventionerade aborter för utländska kvinnor ska kunna erbjudas inom ramen för utländska kvinnors aborträtt och tillkännager detta för regeringen.,"",,
76169,Avslag,Avslag,"",0,2017/18:CU8,2,Riksdagen ställer sig bakom det som anförs i motionen om att öka barnperspektivet i 2006 års vårdnadsreform och tillkännager detta för regeringen.,"",,
1157475,"","","",0,2025/26:SkU14,1,Riksdagen ställer sig bakom det som anförs i motionen om att se över möjligheten att se över hur handläggningstiden hos Skatteverket kan påskyndas för en normal bouppteckning och tillkännager detta för regeringen.,"",,
1775987,=utskottet,Avslag,"",5,2001/02:MJU20,5,Riksdagen tillkännager för regeringen som sin mening vad i motionen anförs om ansvar och kompetens vid omhändertagande av djur.,"",,
1303285,Avslag,Avslag,"",0,2019/20:AU7,2,Riksdagen ställer sig bakom det som anförs i motionen om att utreda möjligheterna att låta Diskrimineringsombudsmannen införliva politisk åskådning och tillkännager detta för regeringen.,"",,
876622,"","","",0,2025/26:KrU4,2,Riksdagen ställer sig bakom det som anförs i motionen om Forum för levande historias uppdrag och tillkännager detta för regeringen.,"",,
437108,Avslag,Avslag,"",0,2015/16:TU9,1,Riksdagen ställer sig bakom det som anförs i motionen om att ta bort skyldigheten för bensinstationer och andra försäljningsställen att tillhandahålla förnybara drivmedel och tillkännager detta för regeringen.,"",,
313360,Avslag, Avslag,Acklamation,0,2012/13:TU7,0,Riksdagen tillkännager för regeringen som sin mening vad som anförs i motionen om åldersgräns för att ta körkort för moped.,"",,
2242112,Avslag, Avslag,Acklamation,0,2004/05:SfU10,0,Riksdagen tillkännager för regeringen som sin mening vad i motionen anförs om asylsökandes boendesituation.,"",,
1180111,Avslag, Avslag,Acklamation,0,2009/10:AU9,0,Riksdagen begär att regeringen lägger fram förslag om att begränsa möjligheterna till ensamarbete i enlighet med vad som anförs i motionen.,"",,
2032255,Avslag, Avslag,Acklamation,0,2007/08:TU1,0,Riksdagen tillkännager för regeringen som sin mening vad som anförs i motionen om länsväg 288 mellan Uppsala och Östhammar.,"",,
121979,Avslag, Avslag,Acklamation,4,2010/11:SoU1,4,Riksdagen tillkännager för regeringen som sin mening vad som anförs i motionen om att alla bröstcancerpatienter vid behov ska erbjudas bröstrekonstruktion så snart det är medicinskt möjligt.,"",,
473280,Avslag, Avslag,Acklamation,0,2011/12:NU10,0,Riksdagen tillkännager för regeringen som sin mening vad som anförs i motionen om behovet av att se över möjligheterna att skapa en resursbank med företagsfaddrar.,"",,
988414,Avslag, Avslag,Acklamation,0,2009/10:SkU26,0,Riksdagen tillkännager för regeringen som sin mening vad som anförs i motionen om avdragsrätt för personvalskostnader.,"",,
151025,Avslag, Avslag,Röstning,6,2008/09:UU8,6,Riksdagen tillkännager för regeringen som sin mening vad som anförs i motionen om att regeringen vid alla kommande toppmöten i EU på eget initiativ driver frågor om förstärkning av löntagarnas rättigheter i Sverige och Europa.,"",,
2180442,Avslag, Avslag,Acklamation,0,2008/09:SkU25,0,Riksdagen tillkännager för regeringen som sin mening vad som anförs i motionen om att se över möjligheterna att göra gemensamma reseavdrag för föräldrar som delar på föräldraledigheten.,"",,
433384,"","","",0,"",1,Riksdagen ställer sig bakom det som anförs i motionen om att se över möjligheten att finansiera en elektrifiering av Tvärbanan i Västerbotten och tillkännager detta för regeringen.,"",,
1064893,"","","",0,2025/26:JuU35,1,Riksdagen avslår proposition 2025/26:185.,"",,
1846485,Avslag,Avslag,"",0,2024/25:NU10,1,Riksdagen ställer sig bakom det som anförs i motionen om att regeringen bör se över hur statlig närvaro kan stärkas i Dalarna och tillkännager detta för regeringen.,"",,
603005,Bifall,Bifall,"",5,2022/23:FiU38,5,Riksdagen bemyndigar regeringen att under 2023 ingå ekonomiska åtaganden som inklusive tidigare åtaganden medför behov av framtida anslag på högst det belopp och inom den tidsperiod som anges i tabell 1.2.,"",,
368247,Bifall,Bifall,"",0,2020/21:SoU5,2,Riksdagen ställer sig bakom det som anförs i motionen om uppföljning och utvärdering av socialnämndens skyldighet att överväga vårdens inriktning och utformning och tillkännager detta för regeringen.,"",,
2212759,Avslag,Avslag,"",0,2020/21:UbU8,1,Riksdagen ställer sig bakom det som anförs i motionen om kapitalinkomster och återbetalningsskyldighet i fråga om CSN-lån och tillkännager detta för regeringen.,"",,
88696,Avslag, Avslag,Acklamation,0,2012/13:CU9,0,Riksdagen tillkännager för regeringen som sin mening vad som anförs i motionen om undantag för energideklarationer vid uthyrning av småhus.,"",,
114471,Avslag, Avslag,Röstning,0,2008/09:AU9,0,Riksdagen tillkännager för regeringen som sin mening vad som anförs i motionen om det goda arbetet.,"",,
701921,Avslag,Avslag,"",0,2019/20:KrU8,3,Riksdagen ställer sig bakom det som anförs i motionen om att klargöra rättsläget för föreningslivet och tillkännager detta för regeringen.,"",,
2036830,Avslag, Avslag,Acklamation,15,2003/04:NU1,15,Riksdagen anvisar till utgiftsområde 24 anslag 40:6 Bidrag till miljömärkning av produkter 2 200 000 kr.,"",,
559440,Avslag,Avslag,"",0,2018/19:FöU7,1,Riksdagen ställer sig bakom det som anförs i motionen om att se över offentlig förvaltnings arbete med informationssäkerhet och tillkännager detta för regeringen.,"",,
950507,"","","",0,"",1,"Riksdagen ställer sig bakom det som anförs i motionen om att se över möjligheten att införa ett krav på att inneha minst en fungerande brandvarnare, en brandsläckare och en jordfelsbrytare i samtliga bostäder och tillkännager detta för regeringen.","",,
958959,=utskottet,Avslag,"",0,2001/02:KU12,0,Riksdagen beslutar att uppdra åt riksdagsstyrelsen att återkomma till riksdagen med  förslag om ändrad tidpunkt för riksdagens öppnande i enlighet med vad i motionen anförs.,"",,
478728,Avslag,Avslag,"",0,2017/18:SoU15,1,"Riksdagen ställer sig bakom det som anförs i motionen om att tillsätta en utredning om de bakomliggande orsakerna till det höga aborttalet i Sverige och att utifrån detta underlag utarbeta en handlingsplan för att minska antalet aborter, och detta tillkännager riksdagen för regeringen.","",,
218551,"","","",4,"",4,Riksdagen tillkännager för regeringen som sin mening vad i motionen anförs om att utforma näringslivet så att det leder till fler nya och växande företag.,"",,
1561096,Avslag,Avslag,"",0,2022/23:CU13,1,Riksdagen ställer sig bakom det som anförs i motionen om att se över förutsättningarna för att överväga ett starkare skydd för Vätterns vatten och tillkännager detta för regeringen.,"",,
822713,Avslag, Avslag,Acklamation,0,2007/08:MJU12,0,Riksdagen tillkännager för regeringen som sin mening vad som anförs i motionen om att stoppa natamycin som tillsats i livsmedel.,"",,
1435048,Avslag,Avslag,"",0,2022/23:SfU11,4,Riksdagen ställer sig bakom det som anförs i motionen om att se över regelverket för den omotiverade skillnaden mellan gifta och sambor och tillkännager detta för regeringen.,"",,
1388877,Avslag,Avslag,"",0,2021/22:UU10,4,Riksdagen ställer sig bakom det som anförs i motionen om att inom FN och EU verka för en översyn av de sanktioner som riktas mot Syrien i syfte att ge lindring till civila och tillkännager detta för regeringen.,"",,
3223725,Avslag,Avslag,"",0,2024/25:UU7,1,Riksdagen ställer sig bakom det som anförs i motionen om att Sveriges regering bör verka för att valet av Dalai lamas reinkarnation ska vara en religiös samt en tibetansk angelägenhet och tillkännager detta för regeringen.,"",,
356692,Avslag, Avslag,Acklamation,7,2005/06:SoU5,7,Riksdagen tillkännager för regeringen som sin mening vad i motionen anförs om resurser för verksamheter där utsatta barn kan få hjälp att bearbeta sina traumatiska upplevelser.,"",,
163994,Avslag, Avslag,Acklamation,0,2009/10:FiU2,0,Riksdagen tillkännager för regeringen som sin mening vad som anförs i motionen om en begränsning av incitamentsprogram och stopp för bonusar under jobbkrisen.,"",,
370278,Avslag,Avslag,"",0,2020/21:TU14,1,Riksdagen avslår proposition 2020/21:154 Miljöstyrande start- och landningsavgifter.,"",,
897044,Avslag, Avslag,Acklamation,0,2009/10:UbU8,0,Riksdagen tillkännager för regeringen som sin mening vad som anförs i motionen om att pröva schack som ett pedagogiskt verktyg i skolan.,"",,
2129693,Avslag, Avslag,Acklamation,0,2004/05:SoU11,0,Riksdagen tillkännager för regeringen som sin mening vad i motionen anförs om en nationell lag med fastställda gränsvärden för ljudnivåer i offentliga lokaler.,"",,
165019,Avslag, Avslag,Acklamation,0,2005/06:KrU2,0,Riksdagen tillkännager för regeringen som sin mening vad i motionen anförs om viss försäljning av arkeologiska fynd för kulturprojekt.,"",,
1698789,Avslag, Avslag,Acklamation,0,2007/08:SoU14,0,Riksdagen tillkännager för regeringen som sin mening vad i motionen anförs om utvärdering och eventuella förtydliganden av 6 kap. 12 § socialtjänstlagen vad avser föräldrautbildning vid adoption.,"",,
956093,Bifall,Bifall,"",1,2018/19:TU2,1,Riksdagen antar regeringens förslag till lag om tillgänglighet till digital offentlig service.,"",,
1977297,Avslag, Avslag,Acklamation,0,2005/06:MJU3,0,"Riksdagen tillkännager för regeringen som sin mening vad i motionen anförs om skyndsamma åtgärder för en kraftigt ökad användning av drivmedelsetanol, särskilt från inhemsk produktion.","",,
928894,Avslag, Avslag,Acklamation,0,2009/10:JuU7,0,Riksdagen tillkännager för regeringen som sin mening vad som anförs i motionen om att kriminalisera tvångsäktenskap.,"",,
345348,Avslag, Avslag,Röstning,0,2005/06:SkU16,0,Riksdagen tillkännager för regeringen som sin mening vad i motionen anförs om att se över skattereglerna för svenska militärer på utlandsuppdrag.,"",,
2090808,Avslag,Avslag,"",0,2020/21:SoU17,1,Riksdagen ställer sig bakom det som anförs i motionen om att uppmärksamma lipödem genom forskning och vårdinsatser och tillkännager detta för regeringen.,"",,
2221838,Avslag,Avslag,"",0,2020/21:KU15,1,Riksdagen ställer sig bakom det som anförs i motionen om att utreda en omreglering av de s.k. röda dagarna och tillkännager detta för regeringen.,"",,
569909,Avslag,Avslag,"",0,2016/17:SoU10,1,Riksdagen ställer sig bakom det som anförs i motionen om att se över och införa bättre fungerande och rättvisare ersättningsmodeller vid utförande av offentligfinansierad sjukvård och tillkännager detta för regeringen.,"",,
1307932,Avslag,Avslag,"",0,2022/23:CU11,1,Riksdagen ställer sig bakom det som anförs i motionen om att se över införandet av en ny bolagsform i Sverige som liknar vad som i USA kallas för benefit corporation och tillkännager detta för regeringen.,"",,
1995312,Avslag,Avslag,"",0,2020/21:MJU10,1,Riksdagen ställer sig bakom det som anförs i motionen om att inom ramen för EU-samarbetet verka för att minska incitamenten att överanvända antibiotika och tillkännager detta för regeringen.,"",,
1427453,Avslag, Avslag,Acklamation,0,2006/07:NU11,0,Riksdagen tillkännager för regeringen som sin mening vad som i motionen anförs om infrastruktur för naturgas och biogas.,"",,
1764790,Avslag,"",Acklamation,3,2007/08:UU2,3,Riksdagen tillkännager för regeringen som sin mening vad som anförs i motionen om att regeringen bör ge Sida i uppdrag att årligen redovisa biståndets resultat för den svenska allmänheten.,"",,
1156549,Avslag, Avslag,Acklamation,0,2010/11:CU14,0,Riksdagen tillkännager för regeringen som sin mening vad som anförs i motionen om att Sverige ska lagstifta om att införa ångerrätt vid gatuförsäljning.,"",,
1376626,Avslag,Avslag,"",0,2018/19:SfU21,1,Riksdagen ställer sig bakom det som anförs i motionen om behovet av att se över regelverket gällande tillfällig föräldrapenning för föräldrar till barn med funktionsnedsättning och tillkännager detta för regeringen.,"",,
1630288,"","","",0,"",1,"Riksdagen ställer sig bakom det som anförs i motionen om att se över reglerna för julgåvor, kostförmåner och representation och tillkännager detta för regeringen.","",,
1577231,Avslag, Avslag,Acklamation,0,2013/14:KU1,0,Riksdagen tillkännager för regeringen som sin mening vad som anförs i motionen om att göra en översyn av reglerna så att även statsråd kan vara föräldralediga.,"",,
138776,Avslag,Avslag,"",0,2017/18:UbU1,1,Riksdagen ställer sig bakom det som anförs i motionen om införandet av gemensam klädsel under skoltid och tillkännager detta för regeringen.,"",,
1083550,"","","",0,2025/26:MJU28,2,Riksdagen ställer sig bakom det som anförs i motionen om att regeringen skyndsamt bör återkomma med besked om när de nya ersättningsreglerna träder i kraft och tillkännager detta för regeringen.,"",,
870439,Avslag,Avslag,"",0,2017/18:UbU18,3,Riksdagen ställer sig bakom det som anförs i motionen om att tillåta fjärrundervisning i fler ämnen och tillkännager detta för regeringen.,"",,
628358,=utskottet,Avslag,"",0,2001/02:SfU1,0,Riksdagen tillkännager för regeringen som sin mening vad i motionen anförs om behovet av en översyn av kriterierna för bedömning vid ansökan om havandeskapspenning.,"",,
1809991,Avslag, Avslag,Acklamation,0,2013/14:TU20,0,Riksdagen tillkännager för regeringen som sin mening vad som anförs i motionen om en åtgärdsstudie för kollektiva persontransporter på sträckan Oslo-Karlstad-Örebro-Stockholm i den nationella planen för transportsystemet 2014-2025.,"",,
1686243,Avslag,Avslag,"",0,2015/16:UU11,1,Riksdagen tillkännager för regeringen som sin mening vad som anförs i motionen om att regeringen bör arbeta för ett starkare miljöskydd för Arktis inom ramen för samarbetsorganisationen Arktiska rådet.,"",,
1801243,Avslag, Avslag,Röstning,0,2005/06:LU6,0,Riksdagen tillkännager för regeringen som sin mening vad i motionen anförs om friköp av historiska arrenden.,"",,
1456611,Avslag, Avslag,Acklamation,0,2003/04:KU17,0,Riksdagen tillkännager för regeringen som sin mening vad i motionen anförs om en översyn av sekretesslagens bestämmelser vid förundersökningar och i samband med rättegångar.,"",,
3271556,Avslag, Avslag,Röstning,3,2002/03:MJU14,3,Riksdagen tillkännager för regeringen som sin mening vad i motionen anförs om ekologiska aspekter på läkemedel.,"",,
1382475,Avslag, Avslag,Acklamation,0,2003/04:SoU5,0,Riksdagen tillkännager för regeringen som sin mening vad i motionen anförs om behovet av en utredning om tillämpningen av tvångsvården för narkotikamissbrukare.,"",,
2228303,Avslag,Avslag,"",0,2016/17:CU2,1,Riksdagen avslår propositionen.,"",,
940349,"","","",0,2025/26:AU9,3,Riksdagen ställer sig bakom det som anförs i motionen om att beakta kompetensförsörjningen i välfärden och andra bristyrken när incitament för senior arbetskraft utformas och tillkännager detta för regeringen.,"",,
151095,Bifall,Bifall,"",7,2021/22:JuU39,7,Riksdagen antar regeringens förslag till lag om ändring i lagen (2021:1190) om ändring i offentlighets- och sekretesslagen (2009:400).,"",,
1938983,Avslag,Avslag,"",0,2024/25:CU10,1,Riksdagen ställer sig bakom det som anförs i motionen om att se över möjligheten att tillsätta en utredning om det solidariska betalningsansvaret gällande skadestånd och tillkännager detta för regeringen.,"",,
1558025,Avslag,Avslag,"",0,2021/22:SoU11,2,Riksdagen ställer sig bakom det som anförs i motionen om att regeringen ska pröva förutsättningarna att inkludera Skelleftesjukan i den s.k. solidariska finansieringen av läkemedel och tillkännager detta för regeringen.,"",,
537471,Avslag, Avslag,Acklamation,0,2011/12:NU19,0,Riksdagen tillkännager för regeringen som sin mening vad som anförs i motionen om behovet av statligt stöd till solel.,"",,
1177645,Avslag,Avslag,"",0,2022/23:JuU14,1,Riksdagen ställer sig bakom det som anförs i motionen om behovet av en bred kartläggning av porrens skadeverkningar inom olika delar av samhället och tillkännager detta för regeringen.,"",,
624083,Avslag, Avslag,Acklamation,2,2006/07:KU1,2,Riksdagen tillkännager för regeringen som sin mening vad i motionen anförs om att modernisera svensk utlandsrepresentation.,"",,
1195643,Avslag, Avslag,Röstning,0,2009/10:AU5,0,Riksdagen tillkännager för regeringen som sin mening vad som anförs i motionen om att ratificera ILO:s konvention 94.,"",,
383489,Avslag,Avslag,"",0,2020/21:JuU29,4,"Riksdagen ställer sig bakom det som anförs i motionen om att tillsätta en haverikommission när Sverige drabbas av ett terrorattentat, och detta tillkännager riksdagen för regeringen.","",,
574245,Avslag, Avslag,Acklamation,0,2011/12:JuU1,0,Riksdagen tillkännager för regeringen som sin mening vad som anförs i motionen om att inrätta ett häkte i Halland.,"",,
647725,Avslag, Avslag,Röstning,2,2011/12:SfU7,2,Riksdagen tillkännager för regeringen som sin mening vad som anförs i motionen om Inspektionen för socialförsäkringen och dess riktlinjer för att stävja fusk.,"",,
962202,Avslag,Avslag,"",0,2019/20:TU7,1,Riksdagen ställer sig bakom det som anförs i motionen om att ge Trafikverket i uppdrag att tillsammans med näringslivet och övriga berörda myndigheter undersöka behovet av att anpassa infrastrukturen till turistresmål som är starkt säsongsbundna och tillkännager detta för regeringen.,"",,
1410754,Avslag,Avslag,"",0,2019/20:CU12,2,Riksdagen ställer sig bakom det som anförs i motionen om att tingsrätterna ska få i uppdrag att vid ansökan om personlig konkurs kontrollera om det finns polisanmälan om kapad identitet och tillkännager detta för regeringen.,"",,
1148323,Avslag, Avslag,Röstning,0,2003/04:SkU23,0,"Riksdagen tillkännager för regeringen som sin mening vad i motionen anförs om att utreda möjligheten att momsbefria cykel-, motorcykel- och mopedhjälmar.","",,
1862218,Avslag,Avslag,"",0,2024/25:AU5,34,Riksdagen ställer sig bakom det som anförs i motionen om att en större del av integrationsprocessen bör ske i samverkan med civilsamhället och om att utreda hur statens tilldelning av resurser till civilsamhället kan allokeras för att skapa långsiktiga partnerskap och tillkännager detta för regeringen.,"",,
1893474,Avslag,Avslag,"",0,2020/21:TU4,1,Riksdagen ställer sig bakom det som anförs i motionen om att utarbeta ett regelverk i syfte att för en rimlig taxa göra mobiloperatörer skyldiga att samarbeta med rättsvårdande myndigheter i samband med brottsutredningar och tillkännager detta för regeringen.,"",,
334879,Avslag, Avslag,Röstning,0,2007/08:SfU6,0,Riksdagen tillkännager för regeringen som sin mening vad som anförs i motionen om underlättande av arbetskraftsinvandring.,"",,
1262052,Avslag,Avslag,"",0,2018/19:UbU12,1,Riksdagen ställer sig bakom det som anförs i motionen om att stärkta utbildningsinsatser ger fler jobb och tillkännager detta för regeringen.,"",,
219801,Avslag, Avslag,Acklamation,0,2009/10:UbU3,0,Riksdagen tillkännager för regeringen som sin mening vad som anförs i motionen om Ung Företagsamhet.,"",,
773915,Avslag, Avslag,Röstning,4,2006/07:CU16,4,Riksdagen tillkännager för regeringen som sin mening vad i motionen anförs om översyn av namnlagen och en utredning gällande person som har bytt namnidentitet eller personnummer.,"",,
1561871,=utskottet,Avslag,"",0,2001/02:KrU1,0,Riksdagen tillkännager för regeringen som sin mening vad i motionen anförs om att Röhsska museet får vidareutveckla sin centrala roll i förnyelsen av designsektorn i Sverige.,"",,
1134330,Avslag,Avslag,"",0,2021/22:AU8,1,Riksdagen ställer sig bakom det som anförs i motionen om att överväga att se över hur diskrimineringslagstiftningen kan stärkas så att skattefinansierade hjälpmedel kan användas fullt ut och tillkännager detta för regeringen.,"",,
1555775,Avslag,Avslag,"",0,2021/22:JuU22,1,Riksdagen ställer sig bakom det som anförs i motionen om att genomlysa polisens arbete med villkorsgivning för fotbollsevenemang i syfte att ändra strategisk inriktning till en mer dialoginriktad metod och tillkännager detta för regeringen.,"",,
1366560,Avslag, Avslag,Röstning,0,2012/13:SoU4,0,Riksdagen tillkännager för regeringen som sin mening vad som anförs i motionen om att göra barnkonventionen till svensk lag och utveckla barnperspektivet i beslutsprocesserna.,"",,
1066698,"","","",0,2025/26:UU10,39,Riksdagen ställer sig bakom det som anförs i motionen om att regeringen bör verka för att EU-parlamentet endast ska sammanträda i Bryssel och tillkännager detta för regeringen.,"",,
681722,Avslag, Avslag,Acklamation,0,2013/14:JuU1,0,Riksdagen tillkännager för regeringen som sin mening vad som anförs i motionen om krafttag mot den illegala spritinförseln.,"",,
2143212,Avslag,Avslag,"",0,2020/21:UU2,39,"Riksdagen ställer sig bakom det som anförs i motionen om att avräkningar från biståndet för mottagande av migranter bör avskaffas när en mer hållbar invandringspolitik kommit till stånd, och detta tillkännager riksdagen för regeringen.","",,
1230381,Avslag,Avslag,"",0,2019/20:NU16,7,Riksdagen ställer sig bakom det som anförs i motionen om att utreda inrättandet av ett implementeringsråd och tillkännager detta för regeringen.,"",,
1643793,"","","",0,2025/26:SoU17,1,"Riksdagen ställer sig bakom det som anförs i motionen om att se över möjligheten att tillsätta en utredning i syfte att skärpa straffen för föräldrar eller andra personer som medverkar till kvinnlig könsstympning, och detta tillkännager riksdagen för regeringen.","",,
1086887,Bifall, Bifall,Acklamation,0,2006/07:SkU10,0,Riksdagen tillkännager för regeringen som sin mening vad i motionen anförs om s.k. förmånsbeskattning av alkolås.,"",,
1887231,Avslag,Avslag,"",0,2016/17:NU1,27,Riksdagen ställer sig bakom det som anförs i motionen om att uppdra åt Tillväxtverket att återstarta nätverket för kvinnors företagande och tillkännager detta för regeringen.,"",,
901387,Avslag, Avslag,Röstning,0,2010/11:TU1,0,Riksdagen tillkännager för regeringen som sin mening vad som anförs i motionen om att regeringen bör undersöka och lägga fram förslag till hur byggnation av Norrbotniabanan kan påbörjas redan under denna mandatperiod.,"",,
1355579,"","","",2,"",2,Trafikskador är ett stort folkhälsoproblem i Sverige. 1998 dödades 540 människor i vägtrafiken och cirka 13 000 blev inlagda på sjukhus till följd av trafikolyckor. 1997 beslöts att det långsiktiga målet för trafiksäkerheten skall vara att ingen skall dödas eller skadas allvarligt till följd av trafikolyckor inom vägtransportsystemet samt att vägtransportsystemets utformning och funktion anpassas till de krav som följer av detta (nollvisionen).,"",,
1896616,Avslag, Avslag,Acklamation,2,2002/03:KrU1,2,Riksdagen tillkännager för regeringen som sin mening att ta initiativ till ett dokumentations- och forskningscentrum i Sverige för det assyriska/syrianska/kaldeiska folkets identitet och historia.,"",,
2210836,Avslag,Avslag,"",0,2024/25:TU12,2,Riksdagen ställer sig bakom det som anförs i motionen om att utreda förutsättningar för kommuner och regioner att använda sig av AI och tillkännager detta för regeringen.,"",,
350994,Avslag,Avslag,"",0,2016/17:MJU15,1,Riksdagen ställer sig bakom det som anförs i motionen om hur EU-direktivet kring plastpåsar kan användas för att stärka svensk innovation och konkurrenskraft och tillkännager detta för regeringen.,"",,
1290768,Avslag,Avslag,"",0,2022/23:KrU7,1,Riksdagen ställer sig bakom det som anförs i motionen om att regeringen bör överväga att utreda en reglering avseende s.k. lootlådor samt andra lotteriliknande moment inom dataspel och tillkännager detta för regeringen.,"",,
1780132,Avslag,Avslag,"",0,2014/15:MJU2,3,Riksdagen tillkännager för regeringen som sin mening vad som anförs i motionen om att förlägga den nya myndigheten till Skaraborg.,"",,
1873020,Avslag,Avslag,"",0,2016/17:MJU14,1,Riksdagen ställer sig bakom det som anförs i motionen om att dagens ålfisketillstånd ska övergå till att vara överförbara mellan personer och tillkännager detta för regeringen.,"",,
876070,Avslag, Avslag,Acklamation,0,2008/09:KU13,0,Riksdagen tillkännager för regeringen som sin mening vad som anförs i motionen om att införa någon form av kompetensprov och bevis som visar att en tjänsteman besitter tillräckliga kunskaper i förvaltningslagen.,"",,
667911,Avslag,Avslag,"",0,2024/25:TU5,2,Riksdagen ställer sig bakom det som anförs i motionen om att utreda förutsättningarna för en sydostkustbana och tillkännager detta för regeringen.,"",,
1808906,Avslag,Avslag,"",0,2021/22:UU15,3,Riksdagen ställer sig bakom det som anförs i motionen om att ta en ledande roll i att återupprätta samtal mellan den tibetanska exilregeringen och den kinesiska regeringen och tillkännager detta för regeringen.,"",,
1329107,Avslag, Avslag,Acklamation,0,2013/14:CU1,0,Riksdagen tillkännager för regeringen som sin mening vad som anförs i motionen om att öka möjligheterna för fler billiga bostäder.,"",,
1322695,Avslag, Avslag,Röstning,0,2010/11:SkU23,0,Riksdagen tillkännager för regeringen som sin mening vad som anförs i motionen om värnskatten.,"",,
590682,Avslag, Avslag,Acklamation,4,2008/09:JuU21,4,"Riksdagen tillkännager för regeringen som sin mening vad som anförs i motionen om att sekretesskydd inte ska försvåra kontraktsskrivning för att ta lån, avbetala lån eller hyra lägenhet.","",,
544755,Avslag,Avslag,"",0,2016/17:UbU15,1,Riksdagen ställer sig bakom det som anförs i motionen om att utveckla yrkesprogrammen som är kopplade till byggbranschen för att göra dem mer attraktiva och tillkännager detta för regeringen.,"",,
1813072,Avslag, Avslag,Acklamation,0,2009/10:TU15,0,Riksdagen tillkännager för regeringen som sin mening vad som anförs i motionen om förtydligandet av Vägverkets regler om skyltning.,"",,
1596409,Avslag,Avslag,"",0,2023/24:NU11,1,Riksdagen ställer sig bakom det som anförs i motionen om att stödja nyföretagare och ta bort hinder i regelverk för att förenkla steget att starta nya företag och tillkännager detta för regeringen.,"",,
1955167,Avslag,Bifall,"",0,2021/22:UbU10,3,Riksdagen ställer sig bakom det som anförs i motionen om ett stärkt uppdrag för Skolinspektionen och tillkännager detta för regeringen.,"",,
533868,Avslag, Avslag,Acklamation,5,2011/12:SfU2,5,Riksdagen tillkännager för regeringen som sin mening vad som anförs i motionen om utvisningar och förvar.,"",,
424654,Avslag, Avslag,Acklamation,0,2006/07:TU1,0,Riksdagen tillkännager för regeringen som sin mening vad som i motionen anförs om vikten av ett framtida fortsatt stöd till bevarande och utveckling av goda transportmöjligheter i Bergslagsregionen.,"",,
1208941,Avslag,Avslag,"",0,2022/23:KrU6,1,"Riksdagen ställer sig bakom det som anförs i motionen om att regeringen ska verka för att möjliggöra ett hemortsundantag för lokal förvaring av de för bygden allra viktigaste lokala arkivhandlingarna, utan att äventyra bevarandet av dessa, och tillkännager detta för regeringen.","",,
416389,Avslag, Avslag,Acklamation,2,2006/07:KU4,2,"Riksdagen tillkännager för riksdagsstyrelsen som sin mening vad i motionen anförs om att en utredning bör tillsättas med syfte att utforma regler för hur det ledamotsnära stödet kan omvandlas till en ledamotspeng, som ska betalas direkt till den enskilde riksdagsledamoten och inte som nu till partierna.","",,
1696156,Avslag,Avslag,"",0,2021/22:JuU40,4,"Riksdagen ställer sig bakom det som anförs i motionen om att skyndsamt återkomma med konkreta lagförslag i de delar det krävs enligt tidigare tillkännagivande om samhällets skydd för näringsidkare och forskare som arbetar med djur, och detta tillkännager riksdagen för regeringen.","",,
1177132,Avslag, Avslag,Röstning,0,2005/06:SfU1,0,"Riksdagen tillkännager för regeringen som sin mening vad i motionen anförs om en parlamentarisk arbetsgrupp för en stor socialförsäkringsreform, som omfattar främst sjukförsäkring och arbetslöshetsförsäkring.","",,
331790,Avslag,Avslag,"",0,2015/16:FiU22,1,Riksdagen ställer sig bakom det som anförs i motionen om att utreda en begränsning av bankers möjlighet till borgen vid bostadslån och tillkännager detta för regeringen.,"",,
3323816,"","","",1,"",1,Riksdagen tillkännager för regeringen som sin mening vad i motionen anförs om att E 4:ans vägsträckning mellan Markaryd och Örkelljunga lyfts in i den nationella vägplanen och prioriteras för omedelbar och samtidigt utbyggnad till motorväg.,"",,
2185162,Avslag, Avslag,Röstning,0,2010/11:SfU6,0,"Riksdagen tillkännager för regeringen som sin mening vad som anförs i motionen om att återinföra ""sista-länken""-bestämmelsen för en äldre förälder.","",,
3318843,Bifall,Bifall,"",2,2015/16:SkU24,2,Riksdagen antar regeringens förslag till lag om avtal mellan Sverige och Förenade Arabemiraten om utbyte av upplysningar i skatteärenden.,"",,
1766036,Delvis bifall, Delvis bifall,Röstning,0,2011/12:AU9,0,Riksdagen tillkännager för regeringen som sin mening vad som anförs i motionen om att utreda en lagstiftning om solidariskt ansvar för att säkra löneutbetalningar och  stärka motivationen för huvudentreprenörer att välja seriösa underentreprenörer.,"",,
343272,Avslag,Avslag,"",0,2017/18:SoU13,1,Riksdagen ställer sig bakom det som anförs i motionen om ett huvudmannaskap för missbruksvården och tillkännager detta för regeringen.,"",,
1245006,Avslag,Avslag,"",0,2018/19:AU8,2,Riksdagen ställer sig bakom det som anförs i motionen om behovet av att förstärka arbetet kring mänskliga rättigheter oberoende av kön och tillkännager detta för regeringen.,"",,
1896852,Bifall,Bifall,"",1,2023/24:JuU13,1,Riksdagen antar regeringens förslag till lag om ändring i polislagen (1984:387).,"",,
1351034,Avslag, Avslag,Acklamation,0,2009/10:SfU1,0,Riksdagen tillkännager för regeringen som sin mening vad som anförs i motionen om en reformering av arbetsskadeförsäkringen.,"",,
876167,Avslag, Avslag,Acklamation,0,2008/09:KU6,0,Riksdagen tillkännager för regeringen som sin mening vad som anförs i motionen om att byta någon av de nuvarande helgdagarna mot internationella kvinnodagen som helgdag.,"",,
642009,Avslag,Avslag,"",0,2017/18:SoU9,1,"Riksdagen ställer sig bakom det som anförs i motionen om att verka för att Socialstyrelsen ser över på vilket sätt kvinnor över 75 år kan inkluderas i det förebyggande arbetet mot bröstcancer, och detta tillkännager riksdagen för regeringen.","",,
1200985,Avslag, Avslag,Acklamation,0,2003/04:SkU23,0,Riksdagen tillkännager för regeringen som sin mening vad i motionen anförs om momsreglerna för arbetsbil och lastbil.,"",,
101440,Avslag,Avslag,"",0,2017/18:KrU2,2,"Riksdagen ställer sig bakom det som anförs i motionen om att utreda och kartlägga hur samhällsstöd för idrott, motion och fysisk aktivitet på ett jämställt sätt svarar mot flickors och pojkars preferenser för idrott och fysisk aktivitet och tillkännager detta för regeringen.","",,
873687,=utskottet,Avslag,"",0,2001/02:SoU15,0,Riksdagen tillkännager för regeringen som sin mening vad i motionen anförs om att anmäla nya partydroger till EU:s frivilliglista.,"",,
1107077,=utskottet,Avslag,"",0,2001/02:TU9,0,Riksdagen begär att regeringen lägger fram förslag till ändring av lagen om överlastavgift i enlighet med vad som anförs i motionen.,"",,
897337,"","","",0,"",1,Riksdagen ställer sig bakom det som anförs i motionen om att se över möjligheten att utreda hur vi genom en sänkt skatt på secondhand kan främja den cirkulära ekonomin och tillkännager detta för regeringen.,"",,
1563755,Avslag,Avslag,"",0,2014/15:JuU18,1,Riksdagen tillkännager för regeringen som sin mening vad som anförs i motionen om hur brottsoffers rättigheter kan tas till vara bättre vid skadestånd och ersättningar som beslutats av domstol.,"",,
740115,Avslag,Avslag,"",0,2017/18:MJU24,9,Riksdagen ställer sig bakom det som anförs i motionen om djurförsök och tillkännager detta för regeringen.,"",,
179754,Avslag, Avslag,Acklamation,0,2009/10:NU25,0,Riksdagen tillkännager för regeringen som sin mening vad som anförs i motionen om att öka användningen och återvinningen av trä.,"",,
1927256,Avslag,Avslag,"",0,2024/25:KU13,1,Riksdagen ställer sig bakom det som anförs i motionen om att återinföra namnet Skaraborg på valkretsen Västra Götalands läns östra och tillkännager detta för regeringen.,"",,
2149739,Avslag, Avslag,Röstning,0,2011/12:UbU17,0,Riksdagen tillkännager för regeringen som sin mening vad som anförs i motionen om behovet av utbildning inom geriatrik.,"",,
993415,Avslag, Avslag,Acklamation,0,2009/10:SkU26,0,Riksdagen tillkännager för regeringen som sin mening vad som anförs i motionen om att skattereduktion för hushållstjänster bör tas bort.,"",,
638059,Avslag,Avslag,"",0,2017/18:SkU8,1,Riksdagen ställer sig bakom det som anförs i motionen om behovet av en översyn av reglerna för ROT-avdrag avseende jordbruksarrendatorers kostnader för reparationer och om- och tillbyggnader på sina bostäder och tillkännager detta för regeringen.,"",,
1455212,Avslag, Avslag,Röstning,0,2010/11:UbU8,0,Riksdagen tillkännager för regeringen som sin mening vad som anförs i motionen om att skolmaten i gymnasieskolan ska vara avgiftsfri för eleverna i såväl kommunala som fristående gymnasieskolor.,"",,
399396,Avslag, Avslag,Acklamation,0,2008/09:JuU20,0,Riksdagen tillkännager för regeringen som sin mening vad som anförs i motionen om Brottsoffermyndighetens hantering av kränkningsersättning för utsatta grupper.,"",,
3352423,Avslag,Avslag,"",0,2022/23:KU38,1,Riksdagen ställer sig bakom det som anförs i motionen om implementering av EU-direktiv och att det av beredningen tydligare bör framgå vad som är en miniminivå så att en överimplementering av EU-direktiv kan undvikas och tillkännager detta för regeringen.,"",,
2101002,Avslag,Avslag,"",0,2020/21:UbU16,2,Riksdagen ställer sig bakom det som anförs i motionen om att ett nationellt universitet för samisk kultur och utbildning samt de samiska språken ska utses och tillkännager detta för regeringen.,"",,
1219110,Avslag, Avslag,Röstning,2,2012/13:SoU11,2,Riksdagen tillkännager för regeringen som sin mening vad som anförs i motionen om att socialtjänstlagen behöver moderniseras för att ge kommunerna förutsättningar att förenkla sin service till enskilda medborgare och därmed ge människor större möjligheter till egenmakt och inflytande över sitt liv.,"",,
263670,Avslag,Avslag,"",0,2016/17:TU4,1,Riksdagen ställer sig bakom det som anförs i motionen om att utreda förutsättningarna för ytterligare investeringar i Europaväg 16 Gävle-Oslo och tillkännager detta för regeringen.,"",,
2029766,Avslag, Avslag,Acklamation,14,2008/09:FöU10,14,Riksdagen tillkännager för regeringen som sin mening vad som anförs i motionen om ett kostnadseffektivt försvar som kostar ca 10 miljarder kronor mindre än dagens och samtidigt uppfyller riksdagens ambition om internationella åtaganden.,"",,
1166335,"","","",0,2025/26:MJU7,1,"Riksdagen ställer sig bakom det som anförs i motionen om att se över möjligheten att stärka den försvagade svenska äganderätten genom delaktighet, påverkan och rätt för markägare att överklaga samtliga beslut som berör dennes egendom och tillkännager detta för regeringen.","",,
607433,Avslag, Avslag,Acklamation,2,2003/04:MJU14,2,Riksdagen ger regeringen till känna vad som i motionen anförs om hästhållning på Lojsta hed på Gotland. ,"",,
1951847,Avslag, Avslag,Acklamation,2,2009/10:KU27,2,Riksdagen tillkännager för regeringen som sin mening vad som anförs i motionen om att införliva samvetsfriheten i rättighetskatalogen i Sveriges grundlag.,"",,
2076103,Avslag,Avslag,"",0,2022/23:UbU10,24,Riksdagen ställer sig bakom det som anförs i motionen om att bredda rekryteringen och tillkännager detta för regeringen.,"",,
3354525,Avslag, Avslag,Acklamation,10,2002/03:TU4,10,Riksdagen tillkännager för regeringen som sin mening vad i motionen anförs om skylt för nya körkortsinnehavare.,"",,
1301969,Avslag,Avslag,"",0,2014/15:SfU1,2,Riksdagen tillkännager för regeringen som sin mening vad som anförs i motionen om ett tryggare arbetsliv.,"",,
1760997,Avslag, Avslag,Acklamation,2,2003/04:LU19,2,Riksdagen tillkännager för regeringen som sin mening vad i motionen anförs om att en översyn av lagstiftningen sker i syfte att de familjemedlemmar och släktingar som medverkar till en religiös bröllopsceremoni för unga under 18 år skall kunna bli föremål för rättslig åtgärd.,"",,
1387154,"","","",0,2018/19:NU14,1,Riksdagen ställer sig bakom det som anförs i motionen om att se över möjligheterna att på ett långsiktigt sätt främja utveckling och produktion av svensk biogas och tillkännager detta för regeringen.,"",,
3126400,Avslag,Avslag,"",0,2016/17:SkU25,1,Riksdagen ställer sig bakom det som anförs i motionen om att se över möjligheten att ändra mervärdesskattelagen på så sätt att avdragsförbudet för stadigvarande bostad slopas och tillkännager detta för regeringen.,"",,
2257830,Avslag,Avslag,"",0,2024/25:UU10,4,Riksdagen ställer sig bakom det som anförs i motionen om att Sverige bör verka för en fredlig övergång till demokrati i Belarus och tillkännager detta för regeringen.,"",,
207503,Avslag, Avslag,Röstning,0,2005/06:FöU7,0,Riksdagen tillkännager för regeringen som sin mening vad i motionen anförs om att Räddningsverket skall utreda hur en inventering kan ske av bl.a. maskiner som kan användas vid bränder och andra stora olyckor där djur är inblandade.,"",,
1371875,Avslag, Avslag,Acklamation,0,2009/10:SoU1,0,Riksdagen tillkännager för regeringen som sin mening vad som anförs i motionen om behovet av en översyn av rutinerna för fotvård inom ramen för den kommunala äldreomsorgen för att motverka behovet av medicinsk behandling.,"",,
94816,Delvis bifall,Delvis bifall,"",0,2015/16:NU17,2,Riksdagen ställer sig bakom det som anförs i motionen om möjligheten att genomföra en utflyttning av vissa verk och statliga myndigheter till andra delar av landet än huvudstaden och tillkännager detta för regeringen.,"",,
3342153,Avslag,Avslag,"",0,2020/21:TU9,2,Riksdagen ställer sig bakom det som anförs i motionen om en översyn av vilka enskilda vägar som bör omklassificeras till allmänna vägar och tillkännager detta för regeringen.,"",,
514285,Avslag,Avslag,"",0,2024/25:NU1,1,Riksdagen anvisar anslagen för 2025 inom utgiftsområde 24 Näringsliv enligt förslaget i tabell A i motionen.,"",,
1476940,Bifall,Bifall,"",1,2015/16:UbU4,1,Riksdagen antar regeringens förslag till lag om ändring i skollagen (2010:800).,"",,
1661526,Avslag,Avslag,"",0,2016/17:KrU1,2,Riksdagen ställer sig bakom det som anförs i motionen om att anta de kulturpolitiska mål som anges i motionen att gälla från den 1 januari 2017 och tillkännager detta för regeringen.,"",,
1886952,Avslag,Avslag,"",0,2017/18:UbU11,1,Riksdagen ställer sig bakom det som anförs i motionen om studielån för körkort och tillkännager detta för regeringen.,"",,
3298156,Avslag, Avslag,Acklamation,2,2006/07:SoU6,2,"Riksdagen tillkännager för regeringen som sin mening vad i motionen anförs om att inrätta ett ""snabbspår"" för narkotikaklassningar i syfte att ge tull och polis ökade möjligheter att snabbt ingripa.","",,
629064,Avslag, Avslag,Acklamation,0,2013/14:AU6,0,Riksdagen tillkännager för regeringen som sin mening vad som anförs i motionen om utdrag ur brottsregistret vid nyanställning.,"",,
851755,Avslag, Avslag,Acklamation,0,2008/09:UU10,0,Riksdagen tillkännager för regeringen som sin mening vad som anförs i motionen om att Sverige låter Svenska kyrkan i S:t Petersburg bli en gudstjänstlokal igen och därmed ger upp sina ambitioner att i strid med rysk uppfattning inrätta ett kulturcentrum i lokalen.,"",,
2118390,Avslag,Avslag,"",0,2020/21:UbU10,4,Riksdagen ställer sig bakom det som anförs i motionen om att regeringen bör utreda vilka ekonomiska band som finns mellan offentligt finansierade trossamfund och vissa friskolor och tillkännager detta för regeringen.,"",,
461120,=utskottet,avslag,"",15,2000/01:SkU19,15,Riksdagen tillkännager för regeringen som sin mening vad i motionen anförs om ändrade 3:12-regler.,"",,
248859,Avslag, Avslag,Acklamation,2,2008/09:SoU12,2,Riksdagen tillkännager för regeringen som sin mening vad som anförs i motionen om att tillåta att vin fraktas direkt från svensk vingård till konsument med posten.,"",,
290342,"","","",0,2025/26:NU17,1,Riksdagen ställer sig bakom det som anförs i motionen om att staten genom Svenska kraftnät ska initiera projekt om att viltanpassa breda kraftledningsgator och tillkännager detta för regeringen.,"",,
3104530,Avslag,Avslag,"",0,2021/22:SoU13,39,Riksdagen ställer sig bakom det som anförs i motionen om att överväga att etablera ett fristående nationellt centrum för utveckling av äldreomsorgen och tillkännager detta för regeringen.,"",,
3124506,Avslag,Avslag,"",0,2019/20:MJU16,51,Riksdagen ställer sig bakom det som anförs i motionen om att tekniker för ökad kolinlagring i svensk jordbruksmark ska stimuleras och tillkännager detta för regeringen.,"",,
2026052,Avslag, Avslag,Röstning,4,2013/14:SoU18,4,Riksdagen tillkännager för regeringen som sin mening vad som anförs i motionen om ökad samverkan mellan myndigheter och inom politiken för att löpande lyfta fram och driva frågor om social hållbar utveckling och minskade skillnader i hälsa.,"",,
2197157,Avslag,Avslag,"",0,2024/25:CU15,1,Riksdagen ställer sig bakom det som anförs i motionen om att Jämtland ska pekas ut som riksintresse för frihet från vindkraft och tillkännager detta för regeringen.,"",,
1337247,Avslag, Avslag,Röstning,0,2006/07:NU3,0,Riksdagen tillkännager för regeringen som sin mening vad i motionen anförs om vikten av tydliga spelregler vad gäller en eventuell fortsatt förtida avveckling av de svenska kärnkraftverken.,"",,
1758433,Avslag, Avslag,Acklamation,0,2009/10:KrU5,0,Riksdagen tillkännager för regeringen som sin mening vad som anförs i motionen om fortsatt engagemang i kulturella mötesplatser.,"",,
1831343,Avslag, Avslag,Acklamation,0,2009/10:CU8,0,"Riksdagen begär att regeringen lägger fram förslag om en sådan ändring i föräldrabalken att nära anhöriga, som mor- och farföräldrar, får föra talan om umgänge.","",,
74902,Avslag,Avslag,"",0,2017/18:KrU2,3,Riksdagen ställer sig bakom det som anförs i motionen om en översyn av regelverket som styr Folkbildningsrådets förfarande vid utbetalning av medel till studieförbunden och tillkännager detta för regeringen.,"",,
140461,Avslag, Avslag,Acklamation,0,2008/09:UbU4,0,Riksdagen tillkännager för regeringen som sin mening vad som anförs i motionen om att stärka den högre utbildningen och göra Södertörns högskola till universitet.,"",,
1613876,Avslag,Avslag,"",0,2014/15:NU7,1,Riksdagen tillkännager för regeringen som sin mening vad som anförs i motionen om Sörmland som försökslän för ökad tillväxt inom besöksnäringen.,"",,
1798252,Avslag,Avslag,"",0,2019/20:JuU23,1,Riksdagen ställer sig bakom det som anförs i motionen om bortförda barn och ungdomar och tillkännager detta för regeringen.,"",,
59566,Avslag,Avslag,"",0,2017/18:SoU9,1,Riksdagen ställer sig bakom det som anförs i motionen om en analys av hur gränsen för det offentliga åtagandet och individers önskemål ska mötas i framtiden och tillkännager detta för regeringen.,"",,
915119,Avslag, Avslag,Acklamation,0,2010/11:TU13,0,Riksdagen tillkännager för regeringen som sin mening vad som anförs i motionen om avveckling av Gotlandstillägget för godstransporter till och från Gotland.,"",,
1789121,Avslag, Avslag,Röstning,0,2005/06:JuU17,0,Riksdagen avslår proposition 2005/06:111 Försvarsmaktens stöd till polisen vid terrorismbekämpning.,"",,
1813948,Avslag, Avslag,Acklamation,0,2006/07:SoU4,0,Riksdagen tillkännager för regeringen som sin mening vad som i motionen anförs om behovet av en ny hjälpmedelsutredning.,"",,
1496666,Avslag,Avslag,"",0,2014/15:SkU20,2,Riksdagen tillkännager för regeringen som sin mening vad som anförs i motionen om att uppmuntra arbetsgivare att redovisa sociala avgifter på löntagares lönespecifikation.,"",,
2206365,Avslag,Avslag,"",0,2024/25:FöU2,1,Riksdagen ställer sig bakom det som anförs i motionen om att MSB bör få ett samordningsansvar gällande funktionshindersperspektiv och tillgänglighet i krisberedskapen och tillkännager detta för regeringen.,"",,
799524,Avslag,Avslag,"",0,2023/24:TU18,1,Riksdagen ställer sig bakom det som anförs i motionen om att i infrastrukturplaneringen studera förutsättningarna för Strömsholms kanal och tillkännager detta för regeringen.,"",,
277584,Avslag, Avslag,Acklamation,0,2007/08:SoU1,0,Riksdagen tillkännager för regeringen som sin mening vad som anförs i motionen om behovet av åtgärder mot och utvecklingsarbete om hemlöshet.,"",,
530611,=utskottet,Avslag,"",3,2001/02:JuU1,3,Riksdagen tillkännager för regeringen som sin mening vad i motionen anförs om en ökning av polisens personella och materiella resurser.,"",,
349111,Avslag, Avslag,Röstning,2,2009/10:FiU23,2,Riksdagen tillkännager för regeringen som sin mening vad som anförs i motionen om att åter söka svenska folkets mandat för att anta samarbetet inom euroområdet och införa euron som svensk valuta.,"",,
1673083,Avslag,Avslag,"",0,2015/16:CU15,1,"Riksdagen tillkännager för regeringen som sin mening vad som anförs i motionen om att tillsätta en utredning för att utarbeta förslag till att belasta en fastighet med en störning som inte är av hälsovådlig karaktär, ett s.k. störningsservitut.","",,
306824,Avslag, Avslag,Acklamation,3,2005/06:FöU9,3,Riksdagen tillkännager för regeringen som sin mening vad i motionen anförs om att hela myndigheten lokaliseras till Karlstad.,"",,
1559588,Avslag,Avslag,"",0,2021/22:MJU14,1,Riksdagen ställer sig bakom det som anförs i motionen om att se över möjligheten att ställa tydligare krav på en enkel innehållsdeklaration på livsmedelsförpackningar och tillkännager detta för regeringen.,"",,
436014,Avslag,Avslag,"",0,2021/22:SoU13,1,Riksdagen ställer sig bakom det som anförs i motionen om att verka för att en SIP ska tas fram redan i första kontakten med den äldre och tillkännager detta för regeringen.,"",,
702090,Avslag,Avslag,"",0,2017/18:SoU5,1,Riksdagen ställer sig bakom det som anförs i motionen om att Försäkringskassans bedömning ska gälla även om behovet understiger 20 timmar i veckan och tillkännager detta för regeringen.,"",,
1575186,Avslag, Avslag,Röstning,0,2007/08:UU9,0,Riksdagen tillkännager för regeringen som sin mening vad som anförs i motionen om att regeringen tydligare bör kritisera kränkningar av mänskliga rättigheter.,"",,
1292535,Avslag,Avslag,"",0,2022/23:NU16,1,Riksdagen ställer sig bakom det som anförs i motionen om småföretagarlots och tillkännager detta för regeringen.,"",,
1439053,Avslag, Avslag,Röstning,0,2005/06:BoU1,0,Riksdagen tillkännager för regeringen som sin mening vad i motionen anförs om inrättande av ett nytt investeringsbidrag för byggande av studentbostäder.,"",,
3224304,Avslag, Avslag,Acklamation,0,2012/13:MJU10,0,Riksdagen tillkännager för regeringen som sin mening vad som anförs i motionen om att staten bör se över behovet av strategiska samverkansprogram för livsmedelsindustrin.,"",,
1440521,Avslag, Avslag,Acklamation,0,2002/03:JuU17,0,Riksdagen tillkännager för regeringen som sin mening vad i motionen anförs om skydd för kvinnor.,"",,
1911724,Avslag, Avslag,Acklamation,0,2003/04:SfU2,0,Riksdagen tillkännager för regeringen som sin mening vad i motionen anförs om att säkra stödet till arbetet mot rasism och nazism.,"",,
164534,Avslag, Avslag,Röstning,0,2008/09:AU9,0,Riksdagen tillkännager för regeringen som sin mening vad som anförs i motionen om en samlad strategi med insatser för en nollvision på arbetsmiljöområdet.,"",,
1216088,Avslag, Avslag,Acklamation,3,2005/06:SoU12,3,Riksdagen tillkännager för regeringen som sin mening vad som i motionen anförs om att Sverige aktivt och kraftfullt bör driva kravet att alkoholpolitiken får ett folkhälsoperspektiv och att alkohol inte bör betraktas som en handelsvara vilken som helst.,"",,
175618,"","","",0,2025/26:KU24,1,"Riksdagen ställer sig bakom det som anförs i motionen om att se över möjligheten att villkora rätten till mandatstöd för partier med att en person faktiskt innehar mandatet, och detta tillkännager riksdagen för regeringen.","",,
353924,Avslag,Avslag,"",0,2015/16:CU14,4,Riksdagen ställer sig bakom det som anförs i motionen om möjligheten till en ny typ av hyreskontrakt för ägarlägenheter som har sin grund i hyressättning av småhus och tillkännager detta för regeringen.,"",,
3318600,=utskottet,avslag,"",1,2000/01:TU1,1,Riksdagen tillkännager för regeringen som sin mening vad i motionen anförs om lagen om färdtjänst.,"",,
1082164,Avslag, Avslag,Acklamation,4,2007/08:UbU6,4,Riksdagen tillkännager för regeringen som sin mening vad som anförs i motionen om översyn av vilka utbildningar vid landets folkhögskolor som ska bedömas som eftergymnasiala.,"",,
1936479,Avslag, Avslag,Röstning,0,2009/10:CU8,0,Riksdagen tillkännager för regeringen som sin mening vad som anförs i motionen om att ingen förälder ska ha möjlighet att neka sitt barn vård.,"",,
787397,Avslag,Avslag,"",0,2017/18:JuU1,1,Riksdagen ställer sig bakom det som anförs i motionen om behovet av en översyn av karriärmöjligheter för polis i yttre tjänst och tillkännager detta för regeringen.,"",,
1021854,Avslag,Avslag,"",0,2021/22:JuU2,1,Riksdagen ställer sig bakom det som anförs i motionen om utökat tillämpningsområde och tillkännager detta för regeringen.,"",,
1622876,Avslag,Avslag,"",0,2014/15:FöU6,1,Riksdagen tillkännager för regeringen som sin mening vad som anförs i motionen om att se över möjligheten för ett maritimt kristräningscentrum i Kalmar.,"",,
655707,Avslag,Avslag,"",0,2021/22:SkU13,1,Riksdagen ställer sig bakom det som anförs i motionen om att utreda möjligheten att lagstifta om statligt gynnat bosparande och tillkännager detta för regeringen.,"",,
1924736,Avslag,Avslag,"",0,2020/21:UbU16,12,Riksdagen ställer sig bakom det som anförs i motionen om att förbättra anställningsvillkoren för forskare och tillkännager detta för regeringen.,"",,
954108,Avslag,Avslag,"",0,2021/22:TU16,1,Riksdagen ställer sig bakom det som anförs i motionen om att uppgradera möjligheten att rusta upp länsväg 131 mellan Österbymo och Tranås i Trafikverkets planering och tillkännager detta för regeringen.,"",,
249014,Avslag,Avslag,"",0,2020/21:TU16,1,Riksdagen ställer sig bakom det som anförs i motionen om att utreda möjligheten att Halmstad-Nässjö/Jönköpingsbanan klassas som nationell järnväg och tillkännager detta för regeringen.,"",,
1909835,Avslag, Avslag,Acklamation,0,2007/08:TU1,0,Riksdagen tillkännager för regeringen som sin mening vad som anförs i motionen om behovet av snara och långsiktiga investeringar i Dalabanan.,"",,
816928,Avslag, Avslag,Acklamation,0,2009/10:UbU8,0,"Riksdagen tillkännager för regeringen som sin mening vad som anförs i motionen om att personal med rätt kompetens och behörighet, exempelvis skolsköterskor och barnmorskor, bör ansvara för skolans undervisning om sex och samlevnad.","",,
1990615,"","","",0,2018/19:UbU12,10,Riksdagen ställer sig bakom det som anförs i motionen om att utöka möjligheterna till validering av kompetens som erhålls via spelande och tillkännager detta för regeringen.,"",,
3352242,Avslag, Avslag,Acklamation,0,2007/08:TU7,0,Riksdagen tillkännager för regeringen som sin mening vad som anförs i motionen om att säkerställa tvåhamnsalternativet i Gotlandstrafiken.,"",,
3278955,Avslag, Avslag,Acklamation,0,2013/14:KU14,0,Riksdagen tillkännager för regeringen som sin mening vad som anförs i motionen om att den privata äganderätten måste stärkas.,"",,
1631086,"","","",0,"",1,Riksdagen ställer sig bakom det som anförs i motionen om behovet av en översyn av citaträtten för bilder i upphovsrättslagen och tillkännager detta för regeringen.,"",,
504428,Avslag, Avslag,Röstning,3,2006/07:MJU13,3,Riksdagen tillkännager för regeringen som sin mening vad i motionen anförs om att införa ett märkningssystem för alla skinnprodukter som säljs där både djurart och djurens ursprungsland finns med.,"",,
680645,Avslag, Avslag,Röstning,0,2008/09:CU20,0,Riksdagen tillkännager för regeringen som sin mening vad som anförs i motionen om trafikskadeersättning till barn.,"",,
2088325,Avslag, Avslag,Acklamation,0,2004/05:SkU21,0,Riksdagen tillkännager för regeringen som sin mening vad i motionen anförs om att inkomstskatten för bostadsrättsföreningar skall avskaffas.,"",,
639078,Avslag, Avslag,Röstning,0,2013/14:AU2,0,Riksdagen tillkännager för regeringen som sin mening vad som anförs i motionen om kvalificerad praktik eller traineeplatser för nyexaminerade akademiker.,"",,
80325,Avslag, Avslag,Acklamation,0,2002/03:UbU11,0,Riksdagen tillkännager för regeringen som sin mening vad i motionen anförs om att förstärka modersmålsundervisning i grundskolan.,"",,
287592,Avslag, Avslag,Acklamation,0,2010/11:KrU1,0,Riksdagen tillkännager för regeringen som sin mening vad som anförs i motionen om att Föreningen Klaverens Hus stora och unika samling klaver ska få ett statligt huvudmannaskap och införlivas med Musikmuseets klaversamlingar.,"",,
251372,Avslag,Avslag,"",0,2020/21:MJU10,1,"Riksdagen ställer sig bakom det som anförs i motionen om att göra det olagligt att hålla delfiner, späckhuggare och andra valar i fångenskap och tillkännager detta för regeringen.","",,
1084786,"","","",0,"",3,Riksdagen ställer sig bakom det som anförs i motionen om att ge Riksbanken tillgång till informationen i Fasit och tillkännager detta för regeringen.,"",,
1078659,Avslag, Avslag,Röstning,0,2010/11:TU12,0,Riksdagen tillkännager för regeringen som sin mening vad som anförs i motionen om bilprovningen.,"",,
825581,Avslag, Avslag,Acklamation,2,2008/09:JuU1,2,Riksdagen tillkännager för regeringen som sin mening vad som anförs i motionen om att öppna för utbyte mellan dansk och svensk polisutbildning.,"",,
856693,=utskottet,Avslag,"",0,2001/02:SoU3,0,Riksdagen tillkännager för regeringen som sin mening vad i motionen anförs om en annan utformning av 8 kap. 4 § socialtjänstlagen.,"",,
1426368,Avslag,Avslag,"",0,2019/20:KU9,1,Riksdagen ställer sig bakom det som anförs i motionen om att samtliga inrikes flygresor som företas av riksdagsledamöter och anställda vid Riksdagsförvaltningen bör klimatkompenseras och tillkännager detta för riksdagsstyrelsen.,"",,
2158714,Avslag,Avslag,"",0,2022/23:JuU1,1,Riksdagen anvisar anslagen för 2023 inom utgiftsområde 4 Rättsväsendet enligt förslaget i tabell 1 i motionen.,"",,
1178138,Avslag, Avslag,Acklamation,2,2011/12:MJU17,2,Riksdagen tillkännager för regeringen som sin mening vad som anförs i motionen om att regeringen ska verka för att det nya jordbrukspolitiska programmet inom EU ger liknande lättnader för certifierad ekologisk produktion.,"",,
961353,Avslag,Avslag,"",0,2019/20:TU9,1,Riksdagen ställer sig bakom det som anförs i motionen om att vidta åtgärder vad gäller reglering och hantering av elsparkcyklar och tillkännager detta för regeringen.,"",,
1642134,Avslag,Avslag,"",0,2023/24:KrU10,1,Riksdagen ställer sig bakom det som anförs i motionen om kultur och natur på recept och tillkännager detta för regeringen.,"",,
1882362,Avslag, Avslag,Röstning,0,2002/03:SkU1,0,Riksdagen tillkännager för regeringen som sin mening vad i motionen anförs om att överväga en uppgradering av Ängelholms flygplats till internationell status.,"",,
136612,Avslag, Avslag,Acklamation,0,2002/03:SkU11,0,Riksdagen tillkännager för regeringen som sin mening vad i motionen anförs om att ändra koldioxidskatten på bränslen så att den blir relaterad till koldioxidutsläppen.,"",,
1075957,Avslag,Avslag,"",0,2017/18:SkU8,1,Riksdagen ställer sig bakom det som anförs i motionen om att se över möjligheterna att inkludera ridsport och golf som en del av friskvårdsförmånen och tillkännager detta för regeringen.,"",,
94778,Avslag,Avslag,"",0,2015/16:JuU18,1,"Riksdagen ställer sig bakom det som anförs i motionen om ett tydliggörande av att med ""barn"" i brottsbalkens mening avses verkliga barn av kött och blod och tillkännager detta för regeringen.","",,
3318730,Bifall,Bifall,"",1,2015/16:UU20,1,"Riksdagen godkänner regeringens förslag om avtalet om fördjupat partnerskap och samarbete mellan Europeiska unionen och dess medlemsstater, å ena sidan, och Republiken Kazakstan, å andra sidan (avsnitt 7).","",,
445896,Avslag,Avslag,"",0,2021/22:NU12,1,Riksdagen ställer sig bakom det som anförs i motionen om skäliga avgifter inom Tillväxtverket och tillkännager detta för regeringen.,"",,
283195,Avslag,Avslag,"",0,2020/21:UbU16,1,Riksdagen ställer sig bakom det som anförs i motionen om att skapa bättre villkor för den forskande life science-industrin i Sverige genom att förbättra möjligheterna till innovationsupphandling inom det medicinska området och tillkännager detta för regeringen.,"",,
2207135,Avslag,Avslag,"",0,2024/25:TU14,1,Riksdagen ställer sig bakom det som anförs i motionen om att utreda möjligheten att polisen får befogenheter att konfiskera fordon och tillkännager detta för regeringen.,"",,
2141991,"","","",4,"",4,Riksdagen tillkännager för regeringen som sin mening vad i motionen anförs om att utlandsmyndigheterna bör bemyndigas att förrätta partnerskap.,"",,
1914975,Bifall, Bifall,Acklamation,2,2010/11:SkU7,2,Riksdagen antar regeringens förslag till,lag om avtal mellan Sverige och St Vincent och Grenadinerna om utbyte av upplysningar i skatteärenden.,,
1788110,Avslag,Avslag,"",0,2016/17:SoU6,1,"Riksdagen ställer sig bakom det som anförs i motionen om vikten av att regeringen noga följer utvecklingen på apoteksmarknaden och föreslår de åtgärder som behövs för att säkerställa en god och säker tillgång på läkemedel i hela landet, och detta tillkännager riksdagen för regeringen.","",,
938069,Avslag, Avslag,Röstning,4,2012/13:UU13,4,Riksdagen tillkännager för regeringen som sin mening vad som anförs i motionen om att Sveriges bidrag till energiomställningen sker genom FN:s klimatfonder i stället för genom IMF och Världsbanken.,"",,
439832,Avslag,Avslag,"",0,2016/17:SfU1,1,Riksdagen ställer sig bakom det som anförs i motionen om behovet av att se över trygghetssystemen för småföretagare och tillkännager detta för regeringen.,"",,
569805,Bifall,Bifall,"",14,2015/16:CU10,14,Riksdagen antar regeringens förslag till lag om ändring i försäkringsrörelselagen (2010:2043).,"",,
2142761,"","","",4,"",4,Riksdagen tillkännager för regeringen som sin mening vad i motionen anförs om internationella adoptioner.,"",,
355676,Avslag, Avslag,Röstning,0,2003/04:BoU4,0,Riksdagen tillkännager för regeringen som sin mening vad i motionen anförs om behovet av vandringsvägar för att rädda ålens fortbestånd.,"",,
629211,Avslag,"","",0,2013/14:AU2,0,Riksdagen tillkännager för regeringen som sin mening vad som anförs i motionen om att avskaffa fas 3.,"",,
2155309,=utskottet,Avslag,"",0,2001/02:SkU14,0,Riksdagen tillkännager för regeringen som sin mening vad som i motionen anförs om att låta utreda ett system med avdragsrätt för fortbildningskostnader.,"",,
1520033,Avslag,Avslag,"",0,2017/18:SfU30,1,Riksdagen ställer sig bakom det som anförs i motionen om hållbarhetskravet i propositionen och tillkännager detta för regeringen.,"",,
3325702,Avslag, Avslag,Acklamation,0,2007/08:TU13,0,"Riksdagen tillkännager för regeringen som sin mening vad som anförs i motionen om bredbandutbyggnaden i hela landet, alla Sveriges hushåll ska få tillgång till snabba bredbandshastigheter i sina bostäder.","",,
3306700,Avslag,Avslag,"",0,2024/25:TU12,11,"Riksdagen ställer sig bakom det som anförs i motionen om att utreda lagstiftning som berör tjänster där automatiserat beslutsfattande ingår, och detta tillkännager riksdagen för regeringen.","",,
1709170,Avslag,Avslag,"",0,2021/22:MJU16,39,Riksdagen ställer sig bakom det som anförs i motionen om att göra en översyn av vilka organisationer som ska finansieras från Viltvårdsfonden och tillkännager detta för regeringen.,"",,
1445186,Avslag, Avslag,Acklamation,0,2005/06:KU21,0,Riksdagen tillkännager för riksdagsstyrelsen som sin mening vad i motionen anförs om förändring av debattordning vid riksdagens frågestunder.,"",,
2053532,=utskottet,"","",0,2001/02:UU10,0,Riksdagen tillkännager för regeringen som sin mening vad i motionen anförs om vikten av att ta till vara de svenska regionernas kunnande och erfarenheter vid utvidgningen av EU.,"",,
685230,Avslag,Avslag,"",0,2017/18:FöU7,1,Riksdagen ställer sig bakom det som anförs i motionen om att se över möjligheten att tillåta AML i Sverige och tillkännager detta för regeringen.,"",,
343624,Avslag, Avslag,Acklamation,0,2012/13:TU2,0,Riksdagen tillkännager för regeringen som sin mening vad som anförs i motionen om att förbereda för  byggande av ett dubbelspår till Sundsvall.,"",,
178895,Avslag,Avslag,"",0,2015/16:SoU7,1,Riksdagen ställer sig bakom det som anförs i motionen om fler anmälningar till donationsregistret och tillkännager detta för regeringen.,"",,
431094,=utskottet,avslag,"",1,2000/01:SkU14,1,Riksdagen tillkännager för regeringen som sin mening vad i motionen anförs om en översyn av reglerna för inkomstutjämning över tiden för vissa fria yrkesutövare/näringsidkare.,"",,
127966,Avslag, Avslag,Acklamation,0,2009/10:UbU3,0,Riksdagen tillkännager för regeringen som sin mening vad som anförs i motionen om behovet av att ändra gymnasieförordningen (1992:394) och Skolverkets föreskrifter om riksrekryterande idrottsutbildningar (SKOLFS 1995:63) för att även möjliggöra för friskolor att starta riksidrottsgymnasium.,"",,
590731,Avslag, Avslag,Acklamation,8,2008/09:CU1,8,"Riksdagen anvisar med följande ändringar i förhållande till regeringens förslag anslagen under utgiftsområde 18 Samhällsplanering, bostadsförsörjning och byggande samt konsumentpolitik enligt uppställning:","",,
1173573,BifallDelvis,BifallDelvis,"",5,2019/20:FiU60,5,Riksdagen godkänner ändrade ramar för utgiftsområden och anvisar ändrade och nya anslag enligt tabell 1.1. ,"",,
2159225,Avslag,Avslag,"",0,2015/16:JuU1,3,Riksdagen ställer sig bakom det som anförs i motionen om att polisen i en handlingsplan bör redovisa hur man ska komma till rätta med den ökande kriminella yrkestrafiken i Sverige och tillkännager detta för regeringen.,"",,
3111040,Avslag,"","",0,2012/13:AU2,0,Riksdagen anvisar anslagen för 2013 inom utgiftsområde 14 Arbetsmarknad och arbetsliv enligt förslaget i tabell 1 i motionen.,"",,
306803,Avslag, Avslag,Acklamation,0,2011/12:TU16,0,Riksdagen tillkännager för regeringen som sin mening vad som anförs i motionen om brevbärarnas arbetssituation.,"",,
958388,Avslag, Avslag,Acklamation,0,2007/08:UbU5,0,Riksdagen tillkännager för regeringen som sin mening vad som anförs i motionen om forskning vid de fria teologiska högskolorna.,"",,
3119272,Avslag, Avslag,Acklamation,0,2005/06:UU10,0,"Riksdagen tillkännager för regeringen som sin mening vad i motionen anförs om att Sverige i internationella sammanhang skall verka för att Turkiet, med anledning av sin EU-kandidatur, tar sitt kulturansvar för de assyrisk/syrianska kyrkor och kloster som finns inom landets gränser.","",,
962133,Bifall, Bifall,Acklamation,2,2013/14:MJU15,2,Riksdagen antar regeringens förslag till,lag om ändring i lagen (2004:1199) om handel med utsläppsrätter.,,
640267,Avslag,Avslag,"",0,2017/18:MJU16,1,Riksdagen ställer sig bakom det som anförs i motionen om att förpackningar med alkoholhaltiga drycker ska ha märkning med information om bl.a. energiinnehåll och tillkännager detta för regeringen.,"",,
2210216,Avslag,Avslag,"",0,2016/17:CU10,1,Riksdagen ställer sig bakom det som anförs i motionen om behovet av bättre skydd för enskilda med god man och tillkännager detta för regeringen.,"",,
699566,Avslag, Avslag,Acklamation,2,2002/03:NU7,2,Riksdagen tillkännager för regeringen som sin mening vad som i motionen anförs om att satsa på trädesign i Västernorrlands och Jämtlands län.,"",,
1086518,Avslag, Avslag,Röstning,0,2005/06:AU1,0,Riksdagen tillkännager för regeringen som sin mening vad som i motionen anförs om plusjobb.,"",,
1400911,Avslag,Avslag,"",0,2018/19:SoU9,3,"Riksdagen ställer sig bakom det som anförs i motionen om att de som befinner sig under tvångsvård eller avtjänar fängelsestraff (och som därför inte kan lämna landet, trots att de vistas här olagligt) inte heller ska kunna bli aktuella för bistånd enligt socialtjänstlagen och tillkännager detta för regeringen.","",,
1797129,=utskottet,avslag,"",1,2000/01:AU1,1,Riksdagen tillkännager för regeringen som sin mening vad i motionen anförs om den låga nivån på lönebidraget.,"",,
758302,Avslag, Avslag,Acklamation,0,2004/05:SoU21,0,Riksdagen beslutar om ändring i tobakslagen (1993:581) i enlighet med vad i motionen anförs.,"",,
288965,Bifall,Bifall,"",1,2021/22:TU20,1,Riksdagen antar regeringens förslag till lag om ändring i lagen (2014:1437) om åtgärder vid hindrande av fortsatt färd.,"",,
1238283,Avslag, Avslag,Acklamation,0,2002/03:SfU1,0,Riksdagen tillkännager för regeringen som sin mening vad i motionen anförs om behovet av att utforma en ny försäkring för arbetsskador som hanteras av privata försäkringsbolag.,"",,
1677063,Avslag,Avslag,"",0,2021/22:KrU5,6,Riksdagen ställer sig bakom det som anförs i motionen om en uppföljning och översyn av tillämpningen av förordningsmöjligheterna i spellagen och tillkännager detta för regeringen.,"",,
1032351,Avslag, Avslag,Acklamation,2,2013/14:UU2,2,Riksdagen tillkännager för regeringen som sin mening vad som anförs i motionen om att Sverige i sitt internationella policyarbete och inom ramen för Sveriges engagemang i de globala initiativen för att minska mödradödligheten särskilt ska lyfta fram kvinnors rätt till säker abort.,"",,
232839,Avslag, Avslag,Acklamation,0,2005/06:JuU7,0,Riksdagen tillkännager för regeringen som sin mening vad i motionen anförs om att  28 kap. 14 § rättegångsbalken ändras till att förutom fingeravtryck och foto även omfatta DNA-prov.,"",,
1330949,Avslag," Avslag,  Avslag",Röstning,0,2005/06:SoU31,0,Riksdagen tillkännager för regeringen som sin mening vad i motionen anförs om vistelsebegreppet.,"",,
1014851,=utskottet,Avslag,"",0,2001/02:TU1,0,Riksdagen tillkännager för regeringen som sin mening vad som i motionen anförs om färjetrafik mellan Öland och Gotland.,"",,
2058637,Avslag, Avslag,Acklamation,0,2004/05:UbU9,0,Riksdagen tillkännager för regeringen som sin mening vad i motionen anförs om hem- och konsumentkunskapens betydelse för barn och ungdomar i såväl grund- som gymnasieskolan.,"",,
117313,Avslag, Avslag,Acklamation,0,2002/03:SkU11,0,Riksdagen tillkännager för regeringen som sin mening vad i motionen anförs om en sänkning av skatten på bensin.,"",,
98959,Avslag, Avslag,"",2,2007/08:KU4,2,Riksdagen begär att regeringen lägger fram förslag till ändring i radio- och TV-lagen (1996:844) i enlighet med vad som anförs i motionen.,"",,
438892,Avslag,Avslag,"",0,2017/18:JuU1,1,Riksdagen ställer sig bakom det som anförs i motionen om att överväga en förstärkt och mer effektiv polis och tillkännager detta för regeringen.,"",,
1832048,Avslag,Avslag,"",0,2016/17:JuU15,1,Riksdagen ställer sig bakom det som anförs i motionen om att utreda möjligheten att införa en lagstiftning om zonförbud och tillkännager detta för regeringen.,"",,
615331,Avslag, Avslag,Acklamation,0,2003/04:MJU8,0,Riksdagen tillkännager för regeringen som sin mening vad som i motionen anförs om behovet av att se över EU:s avfallsdefinition.,"",,
1454293,Avslag,Avslag,"",0,2021/22:KU27,1,Riksdagen ställer sig bakom det som anförs i motionen om högre krav på opartiskhet hos anställda i myndighet och tillkännager detta för regeringen.,"",,
1183176,Avslag, Avslag,Acklamation,0,2007/08:UbU11,0,Riksdagen tillkännager för regeringen som sin mening vad som anförs i motionen om ersättningen till fristående skolor.,"",,
1683783,"","","",0,2025/26:MJU6,7,Riksdagen ställer sig bakom det som anförs i motionen om att ta fram en bred rådgivningskampanj riktad till skogsägare om klimatanpassning och naturnära skogsbruksmetoder och tillkännager detta för regeringen.,"",,
1668353,Avslag,Avslag,"",0,2016/17:TU4,1,Riksdagen ställer sig bakom det som anförs i motionen om att inom infrastrukturplaneringen studera möjligheterna för fortsatt utveckling av skånsk infrastruktur och tillkännager detta för regeringen.,"",,
1977090,Avslag, Avslag,Röstning,0,2013/14:SfU1,0,Riksdagen tillkännager för regeringen som sin mening vad som anförs i motionen om de s.k. pappamånaderna i föräldraförsäkringen.,"",,
1098325,Avslag, Avslag,Acklamation,0,2007/08:KrU13,0,Riksdagen tillkännager för regeringen som sin mening vad som anförs i motionen om lagen (1982:636) om anordnande av visst automatspel.,"",,
1680030,Avslag, Avslag,Acklamation,2,2013/14:UbU20,2,Riksdagen tillkännager för regeringen som sin mening vad som anförs i motionen om att det krävs konsekvensändringar i regelverket för kommunal vuxenutbildning för att möjliggöra för kommuner att anordna utbildningen också inom komvux.,"",,
1554810,Avslag,Avslag,"",0,2021/22:JuU22,1,Riksdagen ställer sig bakom det som anförs i motionen om att kravet på särskilt danstillstånd slutgiltigt ska vara avskaffat senast den 1 maj 2022 och tillkännager detta för regeringen.,"",,
100934,Avslag,Avslag,"",0,2017/18:UbU14,2,"Riksdagen ställer sig bakom det som anförs i motionen om att utreda hur svenska ungdomar ska kunna få ta med sig skolpeng när de åker på gymnasiestudier utomlands, och detta tillkännager riksdagen för regeringen.","",,
469286,Avslag, Avslag,Röstning,0,2008/09:JuU23,0,Riksdagen tillkännager för regeringen som sin mening vad som anförs i motionen om att inte slå samman länsrätterna i Dalarnas och Gävleborgs län.,"",,
3322449,"","","",0,"",1,"","",,
2117167,Bifall, Avslag,"",0,2004/05:FöU6,0,Riksdagen begär att regeringen lägger fram förslag till lagändring som reglerar rätten och skyldigheten att forsla bort störande båtar och vrak.,"",,
2202648,=utskottet,avslag,"",3,2000/01:UU10,3,Riksdagen tillkännager för regeringen som sin mening vad i motionen anförs om att den svenska regeringen bör erkänna folkmordet på assyrier/syrianer och kaldéer som ett historiskt faktum.,"",,
3233477,Avslag, Avslag,Acklamation,0,2006/07:SfU8,0,Riksdagen tillkännager för regeringen som sin mening vad i motionen anförs om att flyktingar som konverterat från islam till kristendom ska få skydd enligt FN:s konvention om mänskliga rättigheter.,"",,
502543,Avslag,Avslag,"",0,2024/25:UbU10,1,Riksdagen ställer sig bakom det som anförs i motionen om att skolan ska verka för nationell sammanhållning och gemenskap i samhället och tillkännager detta för regeringen.,"",,
72669,Avslag, Avslag,Acklamation,0,2002/03:LU13,0,"Riksdagen tillkännager för regeringen som sin mening vad i motionen anförs om medel för rivning av husen och sanering av marken på den herrelösa fastigheten Hästhagen, Söderfors, Tierps kommun.","",,
1996365,Avslag, Avslag,Acklamation,0,2013/14:SoU10,0,Riksdagen tillkännager för regeringen som sin mening vad som anförs i motionen om förbättrad bröstcancervård och stöd till anhöriga.,"",,
417046,Avslag, Avslag,Acklamation,0,2006/07:KU9,0,Riksdagen tillkännager för regeringen som sin mening vad i motionen anförs om äldre människors brukarinflytande.,"",,
963940,Avslag,Avslag,"",0,2019/20:MJU15,1,Riksdagen ställer sig bakom det som anförs i motionen om översyn av strandskyddet med anledning av de olika förutsättningar som gäller i vårt land och med syftet att möjliggöra nybyggnation även i strandnära lägen där så är möjligt och tillkännager detta för regeringen.,"",,
2191630,Avslag, Avslag,Acklamation,0,2008/09:SkU26,0,Riksdagen tillkännager för regeringen som sin mening vad som anförs i motionen om tull på gåvor.,"",,
946001,Avslag,Avslag,"",0,2023/24:SkU11,1,Riksdagen ställer sig bakom det som anförs i motionen om att Sverige behöver ett modernt och reformerat skattesystem och tillkännager detta för regeringen.,"",,
1168487,Avslag,Avslag,"",0,2022/23:SoU16,35,Riksdagen ställer sig bakom det som anförs i motionen om att regeringen bör verka för att riktade insatser mot hemlösa grupper ses över och tillkännager detta för regeringen.,"",,
1601136,Avslag,Avslag,"",0,2014/15:UbU11,1,Riksdagen tillkännager för regeringen som sin mening vad som anförs i motionen om filosofisamtal i skolan.,"",,
1230767,Avslag, Avslag,Röstning,29,2002/03:JuU6,29,Riksdagen begär att regeringen lägger fram förslag till ändring enligt vad i motionen anförs om kostnaden för utvisades hemresor.,"",,
1201483,Avslag, Avslag,Acklamation,0,2005/06:SoU17,0,Riksdagen tillkännager för regeringen som sin mening vad som i motionen anförs om möjligheter till tidig upptäckt av blås- och prostatacancer.,"",,
75873,Avslag, Avslag,Acklamation,6,2002/03:SkU11,6,Riksdagen tillkännager för regeringen som sin mening vad i motionen anförs om att fortsatt utreda möjligheten till en internationell överenskommelse om koldioxidavgifter på transporter.,"",,
1683387,Avslag, Avslag,Acklamation,0,2005/06:TU1,0,Riksdagen tillkännager för regeringen som sin mening vad i motionen anförs om vikten av att standardhöja Europaväg 20.,"",,
1185138,Avslag, Avslag,Acklamation,0,2003/04:UbU1,0,Riksdagen tillkännager för regeringen som sin mening vad i motionen anförs om att Högskolan i Gävle bör tilldelas forskarutbildning inom området teknik.,"",,
879910,"","","",0,"",1,Riksdagen ställer sig bakom det som anförs i motionen om att Sverige bör driva på inom EU för att rikta resurser till Syriens återuppbyggnad och därmed stimulera flyktingars återvändande från Libanon och tillkännager detta för regeringen.,"",,
916926,Avslag,"","",2,2013/14:FiU3,2,"Riksdagen antar regeringens förslag till lag (2044:733) om kommunalekonomisk utjämning med de ändringar av 7, 11 och 12 §§ som föreslogs i slutbetänkandet Översyn av den kommunala utjämningen (SOU 2011:39).","",,
121960,Avslag,Avslag,"",0,2017/18:SoU13,1,"Riksdagen ställer sig bakom det som anförs i motionen om att se över möjligheten att införa legitimation för fler socionomyrken, utöver hälso- och sjukvårdskuratorer, och tillkännager detta för regeringen.","",,
1148025,=utskottet,Avslag,"",0,2001/02:TU2,0,Riksdagen tillkännager för regeringen som sin mening om en förlängning av Sjöfallsleden Ritsem-Skjommen och en upprustning av den redan befintliga vägen.,"",,
1084502,"","","",1,2025/26:CU40,1,Riksdagen antar regeringens förslag till lag om ändring i lagen (1995:1393) om kommunal lantmäterimyndighet.,"",,
151801,BifallDelvis,BifallDelvis,"",29,2021/22:TU17,29,Riksdagen antar regeringens förslag till lag om ändring i lagen (2020:62) om hemlig dataavläsning.,"",,
955139,Avslag, Avslag,Röstning,2,2005/06:JuSoU1,2,Riksdagen tillkännager för regeringen som sin mening vad i motionen anförs om att samhällets signaler för ett narkotikafritt samhälle med nolltolerans mot narkotikahantering måste stärkas.,"",,
1223535,"","","",0,2025/26:MJU10,1,Riksdagen ställer sig bakom det som anförs i motionen om att enklare och direkta skyddsjaktsbeslut bör bli verklighet vid fäbodar och tillkännager detta för regeringen.,"",,
1093495,Avslag, Avslag,Röstning,3,2010/11:TU1,3,Riksdagen tillkännager för regeringen som sin mening vad som anförs i motionen om att utreda möjligheterna till en ökad skattefinansiering av Öresundsbron och den kommande HH-förbindelsen.,"",,
1146082,Avslag, Avslag,Acklamation,5,2011/12:MJU21,5,Riksdagen tillkännager för regeringen som sin mening vad som anförs i motionen om en handlingsplan för hur antalet djurförsök ska minskas.,"",,
2035323,Avslag,Avslag,"",0,2014/15:NU13,5,"Riksdagen tillkännager för regeringen som sin mening vad som anförs i motionen om att Sverige bör införa ett förbud mot att exportkrediter, investeringsstöd eller andra former av stöd till näringslivet utbetalas till företag eller fonder som har verksamhet i skatteparadis eller på andra sätt bidrar till kapitalflykt.","",,
170858,Avslag, Avslag,Acklamation,0,2012/13:CU8,0,Riksdagen tillkännager för regeringen som sin mening vad som anförs i motionen om att rutinerna för fastställande av faderskap bör förenklas.,"",,
1932295,Avslag, Avslag,Röstning,0,2011/12:FiU25,0,Riksdagen tillkännager för regeringen som sin mening vad som anförs i motionen om att staten i sin upphandling av animaliska livsmedel ska kräva att dessa kommer från djur som inte ätit GMO-foder.,"",,
1407133,Avslag, Avslag,Acklamation,0,2013/14:SkU20,0,Riksdagen tillkännager för regeringen som sin mening vad som anförs i motionen om behovet av förenklade regler för småföretagares redovisning av resor i arbetet.,"",,
759923,Avslag, Avslag,Röstning,0,2011/12:SfU12,0,Riksdagen tillkännager för regeringen som sin mening vad som anförs i motionen om att göra en översyn av regelverket för uppehållstillstånd på grund av anknytning och tvåårsregeln.,"",,
1763908,=utskottet,Avslag,"",0,2001/02:MJU18,0,Riksdagen tillkännager för regeringen som sin mening vad i motionen anförs om jakt på säl.,"",,
1375302,Avslag,Avslag,"",0,2018/19:UbU14,1,Riksdagen ställer sig bakom det som anförs i motionen om ett Center för marinarkeologi vid Linnéuniversitetet i Kalmar och tillkännager detta för regeringen.,"",,
215373,Avslag,Avslag,"",0,2015/16:KrU6,1,Riksdagen ställer sig bakom det som anförs i motionen om att minska toppning och nivågruppering i svensk barnidrott och tillkännager detta för regeringen.,"",,
687990,Avslag, Avslag,Acklamation,0,2012/13:SoU11,0,Riksdagen tillkännager för regeringen som sin mening vad som anförs i motionen om en särskild nämnd som behandlar brott begångna av barn under 15 år.,"",,
848297,"","","",1,"",1,Riksdagen tillkännager för regeringen som sin mening vad i motionen anförs om att hovslagaryrket snarast ges auktorisation.,"",,
1887649,Avslag,Avslag,"",0,2016/17:NU1,2,Riksdagen ställer sig bakom det som anförs i motionen om att ge Visit Sweden i uppdrag att öppna ett kontor i Indien och tillkännager detta för regeringen.,"",,
3324437,"","","",1,"",1,Riksdagen tillkännager för regeringen som sin mening vad i motionen anförs om åtgärder för förbättrade trafiklösningar i Upplands Väsby.,"",,
1532757,Avslag,Avslag,"",0,2014/15:JuU16,1,Riksdagen tillkännager för regeringen som sin mening vad som anförs i motionen om att slopa kravet på tillstånd för offentliga danstillställningar som sker i ett slutet område.,"",,
463127,Avslag, Avslag,Röstning,0,2007/08:NU7,0,Riksdagen tillkännager för regeringen som sin mening vad som anförs i motionen om kooperativt företagande och social ekonomi.,"",,
1288372,Avslag,Avslag,"",0,2022/23:UbU10,1,"Riksdagen ställer sig bakom det som anförs i motionen om att överväga att utveckla campusförlagda utbildningsplatser på Mittuniversitetet, Campus Sundsvall, och tillkännager detta för regeringen.","",,
482239,Bifall,Bifall,"",1,2016/17:JuU29,1,Riksdagen antar regeringens förslag till lag om ändring i rättegångsbalken.,"",,
1046351,"","","",1,2025/26:CU23,1,Riksdagen antar regeringens förslag till lag om ändring i jordförvärvslagen (1979:230).,"",,
680358,Avslag, Avslag,Röstning,0,2008/09:CU24,0,Riksdagen tillkännager för regeringen som sin mening vad som anförs i motionen om att Sverige ska verka för att alla EU:s medlemsländer fullt ut möjliggör användandet av tipstelefonnumret för brådskande fall av försvunna barn.,"",,
2030935,Avslag,Avslag,"",0,2024/25:TU12,1,Riksdagen ställer sig bakom det som anförs i motionen om införandet av en gemensam e‑legitimation för Norden och tillkännager detta för regeringen.,"",,
1168880,Avslag, Avslag,Acklamation,0,2007/08:UbU8,0,Riksdagen tillkännager för regeringen som sin mening vad som anförs i motionen om adekvat utbildning i kost- och näringslära för dem som arbetar med att servera och laga mat.,"",,
1300568,Bifall,Bifall,"",2,2019/20:UbU23,2,Riksdagen antar regeringens förslag till lag om ändring i offentlighets- och sekretesslagen (2009:400). ,"",,
580875,Avslag,Avslag,"",0,2021/22:SkU16,2,Riksdagen ställer sig bakom det som anförs i motionen om att sänka mervärdesskatten till 6 procent för danstillställningar och tillkännager detta för regeringen.,"",,
499417,"","","",0,2025/26:NU17,2,Riksdagen ställer sig bakom det som anförs i motionen om differentierad elpriskompensation och tillkännager detta för regeringen.,"",,
1152834,Avslag, Avslag,Acklamation,0,2008/09:TU2,0,Riksdagen tillkännager för regeringen som sin mening vad som anförs i motionen om att en eventuell avveckling av Gotlandstillägget bör ske först efter det att staten infört ett alternativt finansieringssystem som garanterar att godsfrakt kan ske med lastbil eller annan lastbärare mellan Gotland och fastlandet under samma ekonomiska villkor som godstransporter sker på motsvarande sträcka på fastlandet.,"",,
808315,Avslag, Avslag,Acklamation,2,2011/12:KrU9,2,Riksdagen tillkännager för regeringen som sin mening vad som anförs i motionen om att omvandla lönebidraget till ett öronmärkt anslag som täcker den faktiska lönekostnaden.,"",,
1950643,Avslag,Avslag,"",0,2016/17:MJU12,6,Riksdagen ställer sig bakom det som anförs i motionen om djurförsök och tillkännager detta för regeringen.,"",,
2080646,Avslag,Avslag,"",0,2020/21:KU22,3,Riksdagen ställer sig bakom det som anförs i motionen om att det ska skrivas in i regleringsbreven för de tjugo myndigheter som handhar flest EU-direktiv att de inom sitt respektive ansvarsområde ska notera de svenska lagkrav som går utöver EU:s minimiregler och tillkännager detta för regeringen.,"",,
666497,Avslag, Avslag,Röstning,0,2012/13:JuU11,0,Riksdagen tillkännager för regeringen som sin mening vad som anförs i motionen om en översyn av nämndemannarekryteringen.,"",,
328435,Avslag, Avslag,Acklamation,0,2007/08:SoU11,0,Riksdagen tillkännager för regeringen som sin mening vad som anförs i motionen om behovet av att se över riktlinjer för och finansiering av nya vacciner för att säkerställa likvärdig tillgång för alla medborgare.,"",,
1198244,Avslag, Avslag,Acklamation,0,2003/04:UbU1,0,"Riksdagen tillkännager för regeringen som sin mening vad i motionen anförs om att omfördela medel till Örebro universitet för kostnader för tolkar till döva, dövblinda och hörselskadade studenter.","",,
1706650,Avslag,Avslag,"",0,2021/22:TU16,7,Riksdagen ställer sig bakom det som anförs i motionen om att bygga ut sträckan Helsingborg-Maria till minst dubbelspår och tillkännager detta för regeringen.,"",,
275526,Bifall," Bifall,  Bifall,  Delvis bifall",Acklamation,0,2005/06:KU35,0,Riksdagen antar regeringens förslag till,"1. lag om ändring i sekretesslagen (1980:100),
2. lag om ändring i lagen (2005:839) om ändring i lagen (2005:699) om ändring i sekretesslagen (1980:100),
3. lag om ändring i rättegångsbalken,
4. lag om ändring i socialtjänstlagen (2001:453),
5. lag om ändring i lagen (2005:225) om rättsintyg i anledning av brott.",,
194067,Avslag,Avslag,"",0,2020/21:JuU32,8,Riksdagen ställer sig bakom det som anförs i motionen om att regeringen bör ta initiativ till att inrätta särskilda trygghetszoner med trygghetsvärdar i socialt utsatta områden och tillkännager detta för regeringen.,"",,
1629557,Delvis bifall, Delvis bifall,Acklamation,0,2007/08:SkU2,0,Riksdagen antar regeringens förslag till,"1. lag om ändring i lagen (1984:409) om skatt på gödselmedel,
2. lag om ändring i lagen (1994:1563) om tobaksskatt,
3. lag om ändring i lagen (1994:1564) om alkoholskatt,
4. lag om ändring i lagen (1994:1776) om skatt på energi,
5. lag om ändring i skattebetalningslagen (1997:483),
6. lag om ändring i lagen (1998:506) om punktskattekontroll av transporter m.m. av alkoholvaror, tobaksvaror och mineraloljeprodukter.",,
1521226,Avslag, Avslag,Acklamation,2,2005/06:TU6,2,Riksdagen tillkännager för regeringen som sin mening vad i motionen anförs om underlättande av skyltning för tankställen med alternativdrivmedel.,"",,
751989,Avslag,Avslag,"",0,2019/20:SkU20,2,Riksdagen ställer sig bakom det som anförs i motionen om avdragsrätt för medlemsavgift i arbetslöshetskassor och tillkännager detta för regeringen.,"",,
1040671,Avslag, Avslag,Acklamation,28,2006/07:UbU7,28,Riksdagen tillkännager för regeringen som sin mening vad i motionen anförs om att personal på fritidshemmen ska ha adekvat utbildning och ingå i lärarlagen.,"",,
743840,Avslag,Avslag,"",0,2023/24:MJU9,1,Riksdagen ställer sig bakom det som anförs i motionen om att utreda effekterna av tillsatser i livsmedel och tillkännager detta för regeringen.,"",,
2129247,Avslag, Avslag,Acklamation,0,2012/13:KU19,0,Riksdagen tillkännager för regeringen som sin mening vad som anförs i motionen om att en gemensam standard för e-legitimation hos myndigheter bör införas och att en nationell e-legitimation bör införas som säkerställer att det är den behöriga nyttjaren som använder legitimationen.,"",,
550475,Avslag,"","",11,2006/07:FiU1,11,Riksdagen tillkännager för regeringen som sin mening vad i motionen anförs om översyn av skattesystemet.,"",,
1155985,Avslag, Avslag,Acklamation,0,2010/11:CU18,0,Riksdagen tillkännager för regeringen som sin mening vad som anförs i motionen om behovet av att överväga en översyn och reformering av lagstiftningen med hänsyn till barnets bästa.,"",,
1525845,Avslag,Avslag,"",0,2014/15:UU9,1,Riksdagen tillkännager för regeringen som sin mening vad som anförs i motionen om att undersöka möjligheten att inom ramen för Nordiska ministerrådet inleda ett riktat nordiskt samarbete för att kartlägga omfattningen av den legala och den illegala handeln med alkoholdrycker i Norden.,"",,
1219445,Avslag, Avslag,Röstning,0,2005/06:SfU1,0,Riksdagen tillkännager för regeringen som sin mening vad i motionen anförs om behovet av ändrade regler för utbetalning av barnbidrag.,"",,
2075895,=utskottet,Avslag,"",0,2001/02:SkU16,0,Riksdagen tillkännager för regeringen som sin mening vad i motionen anförs om förändring av reglerna för förmögenhetsbeskattning så att de inte längre diskriminerar gifta par.,"",,
1328061,Avslag, Avslag,Röstning,0,2013/14:CU9,0,Riksdagen tillkännager för regeringen som sin mening vad som anförs i motionen om ökade möjligheter för prissättning efter utbud och efterfrågan på nyproducerade hyresrätter.,"",,
1466080,Avslag, Avslag,Acklamation,0,2012/13:SfU1,0,Riksdagen tillkännager för regeringen som sin mening vad som anförs i motionen om att se över möjligheterna att få rätt till barnbidrag och övriga socialförsäkringssystem för personer som deltidsarbetar i ett annat EU-land.,"",,
879226,Avslag, Avslag,Acklamation,0,2008/09:UbU4,0,Riksdagen tillkännager för regeringen som sin mening vad som anförs i motionen om forskning kring ätstörning och graviditet.,"",,
2121326,Avslag,Avslag,"",0,2015/16:MJU19,1,Riksdagen ställer sig bakom det som anförs i motionen om en ändring i terrängkörningsförordningen och tillkännager detta för regeringen.,"",,
1566313,Avslag, Avslag,Acklamation,0,2007/08:KU1,0,Riksdagen tillkännager för regeringen som sin mening vad som anförs i motionen om behovet av en översyn av anslaget för Sametingets administration.,"",,
2021373,Bifall,Bifall,"",7,2025/26:FiU11,7,Riksdagen anvisar ändrat anslag som står till Riksdagens ombudsmäns (JO) disposition enligt tabell 1.1.,"",,
1007929,Avslag, Avslag,Röstning,4,2010/11:TU18,4,Riksdagen tillkännager för regeringen som sin mening vad som anförs i motionen om att en oberoende och kritisk granskare bör utvärdera gjorda nollvisionsinsatser.,"",,
1745193,Avslag, Avslag,Röstning,0,2002/03:MJU15,0,Riksdagen tillkännager för regeringen som sin mening vad i motionen anförs om strandskyddets betydelse för allemansrätten.,"",,
1807869,Avslag,Avslag,"",0,2021/22:FiU22,1,Riksdagen ställer sig bakom det som anförs i motionen om att se över förutsättningarna för lättnader i bolånerestriktioner för seniorer och tillkännager detta för regeringen.,"",,
879764,"","","",0,2025/26:CU19,1,Riksdagen ställer sig bakom det som anförs i motionen om att överväga att se över en ökad harmonisering av nordiska byggregler och tillkännager detta för regeringen.,"",,
1499377,=utskottet,avslag,"",23,2000/01:SkU17,23,Riksdagen tillkännager för regeringen som sin mening vad i motionen anförs om behovet av översyn av energiskatterna för hotell- och restaurangbranschen.,"",,
65833,Avslag, Avslag,Acklamation,0,2011/12:CU1,0,Riksdagen tillkännager för regeringen som sin mening vad som anförs i motionen om att ta initiativ så att det kan byggas fler billiga hyresrätter för ungdomar.,"",,
691876,Avslag, Avslag,Acklamation,0,2008/09:UU15,0,"Riksdagen tillkännager för regeringen som sin mening vad som anförs i motionen om att svenska värderingar kring respekt för de mänskliga rättigheterna, det okränkbara människovärdet och rätten till liv tydligt kommer till uttryck i Sveriges utrikeskommunikation.","",,
273742,Avslag, Avslag,Acklamation,0,2012/13:TU16,0,Riksdagen tillkännager för regeringen som sin mening vad som anförs i motionen om lastsäkring av icke-farligt gods.,"",,
1989296,Avslag, Avslag,Acklamation,0,2002/03:KrU3,0,Riksdagen beslutar att inom Nordiska rådet driva frågan om att Torsby Finnkulturcentrum bör bli ett samnordiskt projekt.,"",,
329826,Avslag, Avslag,Röstning,0,2005/06:SkU19,0,Riksdagen tillkännager för regeringen som sin mening vad i motionen anförs om att ändra på momsreglerna för näringsidkare vid inköp av lätta lastbilar.,"",,
1158584,"","","",0,2025/26:FiU25,2,Riksdagen ställer sig bakom det som anförs i motionen om målet att genomföra en omfattande effektivisering av svensk byråkrati i syfte att minska kostnaderna med minst 30 procent och tillkännager detta för regeringen.,"",,
2071497,Avslag,Avslag,"",0,2015/16:SoU7,1,"Riksdagen ställer sig bakom det som anförs i motionen om att verka för att öka antalet vävnads- och organdonatorer, inte minst i södra Sverige och tillkännager detta för regeringen.","",,
1853499,=utskottet,avslag,"",1,2000/01:KU7,1,Riksdagen tillkännager för regeringen som sin mening vad i motionen anförs om obligatorisk markering vid personval.,"",,
542724,Avslag,Avslag,"",0,2015/16:CU15,1,Riksdagen ställer sig bakom det som anförs i motionen om förenkling i anläggningslagen för landets vägsamfälligheter och tillkännager detta för regeringen.,"",,
458203,Avslag, Avslag,Röstning,3,2009/10:UU9,3,Riksdagen tillkännager för regeringen som sin mening vad som anförs i motionen om att Sverige inom EU-kretsen ska driva frågan om ett erkännande av Sahariska arabiska demokratiska republiken (SADR) av alla EU:s medlemsländer om en sådan bildas efter en västsaharisk folkomröstning.,"",,
2147160,Avslag,Avslag,"",0,2020/21:UbU10,6,Riksdagen ställer sig bakom det som anförs i motionen om att Skolinspektionen bör ges fler verktyg till sanktioner som att utdöma viten och dra in tillståndet för att bedriva skolverksamhet och tillkännager detta för regeringen.,"",,
1126797,Avslag,Avslag,"",0,2021/22:NU12,1,"Riksdagen ställer sig bakom det som anförs i motionen om att överväga att verka för att tydliggöra nomenklatur, mätetal och riktning kring begreppet kommersialisering kring innovation och tillkännager detta för regeringen.","",,
2237106,Avslag, Avslag,Röstning,0,2008/09:FiU23,0,"Riksdagen tillkännager för regeringen som sin mening vad som anförs i motionen om att inleda förhandlingar i EU om införandet av ett svenskt juridiskt undantag från det tredje steget i den ekonomiska monetära unionen, EMU.","",,
1246148,Avslag, Avslag,Röstning,0,2010/11:SkU22,0,Riksdagen tillkännager för regeringen som sin mening vad som anförs i motionen om vikten av att fastställa marknadspriset på el från vindkraftskooperativ.,"",,
761645,Avslag, Avslag,Acklamation,0,2011/12:KrU9,0,Riksdagen tillkännager för regeringen som sin mening vad som anförs i motionen om Kirunasvenskarna och deras okända öde i dåtida Sovjetunionen.,"",,
1910804,Avslag,Avslag,"",0,2016/17:FöU8,3,Riksdagen ställer sig bakom det som anförs i motionen om skapandet av ett it-försvar och tillkännager detta för regeringen.,"",,
180111,Avslag,Avslag,"",0,2015/16:TU10,2,Riksdagen ställer sig bakom det som anförs i motionen om att ställa högre krav på lokalkännedom hos taxiförare och tillkännager detta för regeringen.,"",,
1891258,Avslag,Avslag,"",0,2024/25:JuU14,1,Riksdagen ställer sig bakom det som anförs i motionen om att regeringen bör se över möjligheten att utöka verksamheten vid anstalten i Gävle och tillkännager detta för regeringen.,"",,
1615004,Avslag, Avslag,Acklamation,2,2009/10:MJU5,2,Riksdagen tillkännager för regeringen som sin mening vad som anförs i motionen om förenkling av terrängkörningslagen så att lagen bättre lämpar sig för ändamål rörande prospektering.,"",,
133666,Avslag, Avslag,Acklamation,0,2002/03:SkU7,0,Riksdagen tillkännager för regeringen som sin mening vad i motionen anförs om skattefrihet för uthyrning av del av bostad.,"",,
3334762,Bifall,Bifall,"",1,2025/26:FiU1,1,Riksdagen antar regeringens förslag till lag om ändring i inkomstskattelagen (1999:1229).,"",,
1058910,Bifall, Bifall,Röstning,11,2012/13:SoU27,11,Riksdagen godkänner att riksdagens tidigare ställningstagande angående Statens folkhälsoinstituts roll efter ombildningen 2001 från och med den 1 januari 2014 inte längre ska gälla (avsnitt 6.2).,"",,
1922522,Avslag,Avslag,"",0,2020/21:JuU23,3,Riksdagen ställer sig bakom det som anförs i motionen om att teknik och användningen av kameror behöver utvecklas i syfte att beivra och fälla brottslingar och tillkännager detta för regeringen.,"",,
1468764,Avslag,Avslag,"",0,2014/15:SkU18,1,Riksdagen tillkännager för regeringen som sin mening vad som anförs i motionen om att överväga en genomlysning av den nuvarande lagstiftningen om skatt på energi.,"",,
1275489,"","","",0,"",1,Riksdagen ställer sig bakom det som anförs i motionen om att se över möjligheterna att säkra uppställningsplatser för tunga fordon och tillkännager detta för regeringen.,"",,
273120,Bifall, Bifall,Acklamation,4,2011/12:SkU19,4,Riksdagen antar regeringens förslag till,lag om ändring i inkomstskattelagen (1999:1229).,,
2180967,Avslag, Avslag,Acklamation,0,2004/05:UbU1,0,Riksdagen tillkännager för regeringen som sin mening vad i motionen anförs om utveckling av forskning och grundutbildning inom Mittuniversitetet.,"",,
176463,Avslag,"",Röstning,7,2011/12:UU2,7,Riksdagen anvisar med följande ändringar i förhållande till regeringens förslag anslagen under utgiftsområde 7 Internationellt bistånd enligt uppställning:,"",,
2125104,Avslag,Avslag,"",0,2020/21:NU22,5,Riksdagen ställer sig bakom det som anförs i motionen om att ge statliga myndigheter och bolag riktlinjer för att värna våra gemensamma mark- och skogsresurser och tillkännager detta för regeringen.,"",,
1176369,Avslag, Avslag,Acklamation,0,2003/04:LU11,0,Riksdagen begär att regeringen låter utreda frågan om reglerna för underhållsansvar vid växelvis boende.,"",,
2215288,Avslag, Avslag,Röstning,0,2011/12:UbU17,0,Riksdagen tillkännager för regeringen som sin mening vad som anförs i motionen om att överväga lokala stipendiefonder för lärosäten.,"",,
359191,Avslag,Avslag,"",0,2020/21:FiU33,1,Riksdagen ställer sig bakom det som anförs i motionen om att regeringen skyndsamt ska se över och återkomma med ett nytt förslag så att EU:s krishanteringsdirektiv fullt ut genomförs i lagen (2015:1016) om resolution för att reducera riskerna för snedvriden konkurrens och tillkännager detta för regeringen.,"",,
76113,Avslag, Avslag,Acklamation,0,2003/04:FöU2,0,Riksdagen begär att regeringen  tillsätter en utredning om en nationell fond för naturkatastrofer.,"",,
2029269,Avslag, Avslag,Acklamation,0,2002/03:TU4,0,Riksdagen tillkännager för regeringen som sin mening vad i motionen anförs om säkerhet i bussar.,"",,
1827545,Bifall, Bifall,Röstning,0,2004/05:KU6,0,Riksdagen antar regeringens förslag till ,lag om ändring i lagen (1989:253) om allmänna helgdagar.,,
257508,Avslag, Avslag,Acklamation,0,2003/04:FiU15,0,"Riksdagen tillkännager för regeringen som sin mening vad som i motionen anförs om att en lag skapas som omöjliggör för banker och andra penninginstitut att ligga på pengar efter en transaktion, oåtkomliga för innehavaren och utan ränta.","",,
524681,Avslag,"",Acklamation,25,2008/09:UU2,25,Riksdagen tillkännager för regeringen som sin mening vad som anförs i motionen om att en del av pengarna som öronmärks för att skapa sexuell och reproduktiv hälsa utan att villkoras bör gå till lokala initiativ och verksamheter.,"",,
943160,"","","",0,2025/26:TU6,1,Riksdagen ställer sig bakom det som anförs i motionen om att viltolycksremsor aktivt bör delas ut till förare i samband med uppkörning samt vid varje besiktning av fordon och tillkännager detta för regeringen.,"",,
1560837,Avslag,Avslag,"",0,2022/23:TU10,1,Riksdagen ställer sig bakom det som anförs i motionen om att se över möjligheterna att återreglera bilbesiktningen samt överväga ytterligare åtgärder som stärker tillgången till bilbesiktning i hela landet och tillkännager detta för regeringen.,"",,
989494,Avslag, Avslag,Acklamation,5,2005/06:AU1,5,Riksdagen tillkännager för regeringen som sin mening vad i motionen anförs om att utveckla ungdomspraktiken.,"",,
1789587,Avslag,Avslag,"",0,2023/24:SoU15,6,Riksdagen ställer sig bakom det som anförs i motionen om att säkerställa tillgång till s.k. PREP-behandling för alla relevanta riskgrupper och behandling och tillkännager detta för regeringen.,"",,
3303832,=utskottet,avslag,"",1,1999/2000:FiU20,1,att riksdagen som sin mening ger regeringen till känna vad i motionen anförts om storstadssatsningen.,"",,
1820611,Avslag, Avslag,Acklamation,0,2003/04:TU6,0,Riksdagen begär att regeringen lägger fram förslag till sådana ändringar i berörda lagar att det blir möjligt att ta bort uppgift om felparkering i enlighet med vad som anförs i motionen.,"",,
710650,Avslag,Avslag,"",0,2023/24:KU8,1,Riksdagen ställer sig bakom det som anförs i motionen om att överväga att utreda möjligheten att tillåta myndighetspersoner att skriva under beslut med tjänstgöringsnummer i stället för namn och tillkännager detta för regeringen.,"",,
2249988,Avslag,Avslag,"",0,2015/16:SoU8,1,Riksdagen ställer sig bakom det som anförs i motionen om en översyn av möjligheten att tillåta gårdsförsäljning av alkoholdrycker och tillkännager detta för regeringen.,"",,
3248946,Avslag,Avslag,"",0,2024/25:CU12,1,Riksdagen ställer sig bakom det som anförs i motionen om att överväga åtgärder som säkerställer rimliga villkor för distanshandel och tillkännager detta för regeringen.,"",,
3315890,=utskottet,avslag,"",1,2000/01:KU12,1,Riksdagen begär att regeringen låter utforma ett arbetsprogram som stimulerar till demokratiskt utvecklingsarbete och en bredare folklig politisk representation.,"",,
2034209,Avslag,Avslag,"",0,2018/19:SoU12,1,"Riksdagen ställer sig bakom det som anförs i motionen om att regeringen bör återkomma med förslag till riksdagen på hur de problem som uppkommer vid övergång från en ålder till en annan, i samband med LSS-lagstiftningen, ska kunna överbryggas och tillkännager detta för regeringen.","",,
1664210,Avslag,Avslag,"",0,2023/24:KU8,1,"Riksdagen ställer sig bakom det som anförs i motionen om att förtydliga styrningen av statliga myndigheter, verk och bolag i syfte att motverka att partipolitisk kommunikation och försök till politisk påverkan förmedlas av dessa institutioner och tillkännager detta för regeringen.","",,
3294492,=utskottet,avslag,"",1,2000/01:TU1,1,Riksdagen tillkännager för regeringen som sin mening vad i motionen anförs om ökad flygkapacitet i Stockholm.,"",,
2154882,Avslag,Avslag,"",0,2018/19:UbU1,1,Riksdagen anvisar anslagen för 2019 inom utgiftsområde 16 Utbildning och universitetsforskning enligt förslaget i tabell 1 i motionen.,"",,
2090272,Avslag, Avslag,Röstning,0,2003/04:KU9,22,Riksdagen tillkännager för regeringen som sin mening vad i motionen anförs om riksdagens storlek och dess arbetsformer.,"",,
1838995,Avslag,Avslag,"",0,2020/21:MJU19,2,Riksdagen ställer sig bakom det som anförs i motionen om att ge Tillväxtverket i uppdrag att utreda lämpliga steg för utvecklingen av ett centrum för cirkulära system för livsmedelsproduktion och tillkännager detta för regeringen.,"",,
1494881,Avslag, Avslag,Röstning,0,2013/14:FöU6,0,"Riksdagen tillkännager för regeringen som sin mening vad som anförs i motionen om att fyrverkeri endast ska vara tillåtet vid vissa svenska högtider, nyårsafton och valborgsmässoafton samt vid särskilda tillfällen som exempelvis invigningar av stora idrottsarrangemang eller officiella nationaldagsfiranden.","",,
1784789,Avslag,Avslag,"",0,2021/22:MJU29,37,"Riksdagen ställer sig bakom det som anförs i motionen om att miljöbalken måste ses över så att den främjar miljöförbättrande åtgärder, skärgårdsutveckling och befintlig verksamhet och tillkännager detta för regeringen.","",,
2154613,Avslag, Avslag,Acklamation,0,2004/05:UbU10,0,Riksdagen tillkännager för regeringen som sin mening vad i motionen anförs om elevers inflytande på arbetsmiljön i skolan.,"",,
1382831,Avslag,Avslag,"",0,2019/20:SoU12,9,Riksdagen ställer sig bakom det som anförs i motionen om specialistcenter för eftervård och tillkännager detta för regeringen.,"",,
899244,Avslag, Avslag,Acklamation,0,2011/12:KU3,0,Riksdagen tillkännager för regeringen som sin mening vad som anförs i motionen om att avveckla personvalsspärren.,"",,
2117311,Avslag,"","",0,2004/05:FöU1,0,Riksdagen anvisar med följande ändringar i förhållande till regeringens förslag anslaget under utgiftsområde 6 enligt uppställningen:,"",,
3106978,Bifall,Bifall,"",2,2023/24:SkU4,2,Riksdagen antar regeringens förslag till lag om ändring i lagen (1991:673) om dubbelbeskattningsavtal mellan Sverige och Frankrike.,"",,
380712,Avslag, Avslag,"",2,2005/06:UbU13,2,Riksdagen tillkännager för regeringen som sin mening vad i motionen anförs om att fristående huvudmän som anordnar individuellt program skall kunna överklaga ersättningsnivån genom förvaltningsbesvär.,"",,
1516244,Avslag,Avslag,"",0,2022/23:UbU11,1,Riksdagen ställer sig bakom det som anförs i motionen om att regeringen bör se över forskningsbehov och lagstiftning kring ökad insyn vad gäller algoritmer och AI för att säkra såväl medborgarnas personliga integritet som det demokratiska styresskicket här i landet och tillkännager detta för regeringen.,"",,
1654994,Bifall, Bifall,Acklamation,0,2013/14:TU9,0,Riksdagen tillkännager för regeringen som sin mening vad som anförs i motionen om behovet av en lagstiftning mot mobilanvändning i samband med bilkörning.,"",,
1491538,Avslag, Avslag,Acklamation,0,2008/09:KrU2,0,Riksdagen tillkännager för regeringen som sin mening vad som anförs i motionen om tv-sändningar av större publika evenemang.,"",,
814991,Avslag,Avslag,"",0,2018/19:KrU12,1,Riksdagen ställer sig bakom det som anförs i motionen om att möjligheterna att inrätta ett Nordens hus i Sverige bör utredas och tillkännager detta för regeringen.,"",,
1465020,Avslag, Avslag,Acklamation,0,2008/09:KU15,0,Riksdagen tillkännager för riksdagsstyrelsen som sin mening vad som anförs i motionen om riksmötets högtidliga öppnande.,"",,
1643773,Avslag,Avslag,"",0,2016/17:TU11,1,"Riksdagen ställer sig bakom det som anförs i motionen om att utreda mer rimliga regler i linje med internationell praxis för körkortsprov för dem som ser bra men har brister i sitt synfält, och detta tillkännager riksdagen för regeringen.","",,
2256346,Bifall,Bifall,"",0,2016/17:KU29,1,Riksdagen ställer sig bakom det som anförs i motionen om att göra veterandagen till allmän flaggdag i Sverige och tillkännager detta för regeringen.,"",,
408268,Avslag,Avslag,"",0,2017/18:JuU1,1,Riksdagen ställer sig bakom det som anförs i motionen om att överväga att ge rättsvårdande myndigheter i uppdrag att prioritera stävjandet av svarttaxi och tillkännager detta för regeringen.,"",,
987389,Avslag, Avslag,Röstning,0,2006/07:SkU11,0,"Riksdagen tillkännager för regeringen som sin mening vad i motionen anförs om att den av regeringen aviserade översynen av skatte- och regelsystemen för små och medelstora företag bör ta i beaktande särskilt företag i tjänstesektorn, då systemen i stor utsträckning konstruerades för företag inom industrisektorn och därför i stora delar är olämpliga för tjänsteföretagen.","",,
449568,=utskottet,avslag,"",1,2000/01:NU3,1,Riksdagen begär att regeringen lägger fram förslag till ändring av lagen om  kärnteknisk verksamhet med innebörden att 6 § tas bort ur lagen.,"",,
370731,Avslag, Avslag,Acklamation,0,2004/05:SfU1,0,Riksdagen tillkännager för regeringen som sin mening vad i motionen anförs om återkommande rehabilitering.,"",,
1984297,Avslag,Avslag,"",0,2018/19:UbU8,1,Riksdagen ställer sig bakom det som anförs i motionen om att skollagen bör förtydligas samt att skolverkets rekommendationer bör ses över på detta område och tillkännager detta för regeringen.,"",,
708378,Avslag, Avslag,Röstning,3,2012/13:TU10,3,Riksdagen tillkännager för regeringen som sin mening vad som anförs i motionen om att utreda hur Försvarsmakten skulle kunna uppfylla den svenska handelsflottans skyddsbehov.,"",,
1234105,Avslag, Avslag,Röstning,5,2011/12:NU5,5,Riksdagen tillkännager för regeringen som sin mening vad som anförs i motionen om ansvaret för att statligt ägda bolags investeringar bidrar till att minska utsläppen av koldioxid till atmosfären.,"",,
1587086,Avslag,Avslag,"",0,2014/15:TU6,1,Riksdagen tillkännager för regeringen som sin mening vad som anförs i motionen om bredband för alla.,"",,
352244,= utskottet,avslag,"",1,2000/01:TU17,1,Riksdagen tillkännager för regeringen som sin mening vad i motionen anförs om att SAS befrias från statlig ägande.,"",,
927565,Avslag, Avslag,Röstning,0,2004/05:SoU18,0,Riksdagen tillkännager för regeringen som sin mening vad i motionen anförs om alternativa driftsformer i sjukvården.,"",,
1235343,Avslag, Avslag,Acklamation,0,2011/12:MJU16,0,Riksdagen tillkännager för regeringen som sin mening vad som anförs i motionen om en översyn av tolkningen av EU:s avfallsdirektiv att snö klassas som avfall då det blir föremål för väghållningsinsatser.,"",,
1084637,Avslag, Avslag,Acklamation,0,2007/08:UbU11,0,Riksdagen tillkännager för regeringen som sin mening vad som anförs i motionen om skolans ansvar beträffande barns hälsa.,"",,
1949418,Avslag, Avslag,Acklamation,0,2009/10:KU1,0,Riksdagen tillkännager för regeringen som sin mening vad som anförs i motionen om att det bör tillsättas en utredning om utrikesförvaltningens framtida organisation och uppgift.,"",,
1520494,Avslag,Avslag,"",0,2017/18:FiU49,1,Riksdagen ställer sig bakom det som anförs i motionen om behovet av framtida åtgärder sett till konsekvenserna av den föreslagna lagstiftningen och tillkännager detta för regeringen.,"",,
1634023,Avslag,Avslag,"",0,2023/24:KU8,3,Riksdagen ställer sig bakom det som anförs i motionen om att göra en förnyad översyn av förvaltningslagen och tillkännager detta för regeringen.,"",,
1155025,Avslag, Avslag,Acklamation,2,2013/14:TU13,2,Riksdagen tillkännager för regeringen som sin mening vad som anförs i motionen om en översyn av vilka enskilda vägar som bör omklassifiseras till allmänna vägar.,"",,
1111871,Avslag, Avslag,Acklamation,0,2010/11:TU18,0,Riksdagen tillkännager för regeringen som sin mening vad som anförs i motionen om att reflexvästar ska ingå som säkerhetsutrustning i alla bilar.,"",,
1661186,Avslag,Avslag,"",0,2016/17:TU4,3,Riksdagen ställer sig bakom det som anförs i motionen om att i infrastrukturplaneringen se över förutsättningarna för att öka spårkapaciteten på Herrljungabanan och tillkännager detta för regeringen.,"",,
1782210,Avslag, Avslag,Röstning,0,2011/12:AU13,0,Riksdagen tillkännager för regeringen som sin mening vad som anförs i motionen om mikroföretag och säsongsarbetare.,"",,
157027,Avslag, Avslag,Röstning,0,2010/11:SoU9,0,Riksdagen tillkännager för regeringen som sin mening vad som anförs i motionen om behovet av en översyn av lagar och regelverk vad gäller ersättning till levande organdonatorer.,"",,
2113949,Avslag,Avslag,"",0,2018/19:SkU12,2,Riksdagen ställer sig bakom det som anförs i motionen om att utreda förutsättningar för sänkta skatter och därmed bättre ekonomiska villkor för jordbruket och tillkännager detta för regeringen.,"",,
1157374,Avslag,Avslag,"",0,2021/22:FiU26,1,Riksdagen ställer sig bakom det som anförs i motionen om att se över möjligheterna att begränsa vinster i välfärden och tillkännager detta för regeringen.,"",,
95258,Avslag,Avslag,"",0,2016/17:KU30,1,Riksdagen ställer sig bakom det som anförs i motionen om möjligheten för kommuner att ha en direktvald kommunstyrelse i stället för kommunfullmäktige och tillkännager detta för regeringen.,"",,
1065100,Avslag,Avslag,"",0,2023/24:TU18,1,Riksdagen ställer sig bakom det som anförs i motionen om att utreda hur fler enskilda vägar som drabbas av naturkatastrofer framgent kan omfattas av statligt stöd och tillkännager detta för regeringen.,"",,
399023,"","","",0,"",1,Riksdagen ställer sig bakom det som anförs i motionen om att Sverige bör ta initiativ till en gemensam nordisk krisstrategi och tillkännager detta för regeringen.,"",,
358116,Avslag,Avslag,"",0,2020/21:FöU9,2,Riksdagen ställer sig bakom det som anförs i motionen om register över DNA-märkta explosiva varor och tillkännager detta för regeringen.,"",,
513508,Avslag,Avslag,"",0,2021/22:AU10,1,Riksdagen ställer sig bakom det som anförs i motionen om klädbidrag till förskolepersonal och tillkännager detta för regeringen.,"",,
142143,Avslag,Avslag,"",0,2017/18:UbU19,2,Riksdagen ställer sig bakom det som anförs i motionen om att öka andelen rektorer med lärarbakgrund och tillkännager detta för regeringen.,"",,
344221,Avslag, Avslag,Acklamation,0,2009/10:FiU25,0,Riksdagen tillkännager för regeringen som sin mening vad som anförs i motionen om våra gemensamma serviceorgan i samhället.,"",,
1152183,Avslag, Avslag,Röstning,3,2009/10:TU12,3,Riksdagen tillkännager för regeringen som sin mening vad som anförs i motionen om en informationsinsats om riskerna med all mobiltelefoni vid bilkörning.,"",,
1664561,Avslag, Avslag,Acklamation,0,2008/09:MJU11,0,Riksdagen tillkännager för regeringen som sin mening vad som anförs i motionen om allmän jakttid på korp.,"",,
809556,Avslag, Avslag,Acklamation,0,2008/09:SoU13,0,"Riksdagen tillkännager för regeringen som sin mening vad som anförs i motionen om att se över och framlägga förslag på nationellt krav på kvalitetssäkring, utbildning och utfärdande av förarbevis för ambulanspersonal i utryckningstjänst.","",,
614784,Avslag, Avslag,Acklamation,0,2010/11:MJU10,0,Riksdagen tillkännager för regeringen som sin mening vad som anförs i motionen om vindkraftverks påverkan på känsliga kulturmiljöer.,"",,
2011163,Avslag, Avslag,Acklamation,0,2011/12:KU1,0,Riksdagen tillkännager för regeringen som sin mening vad som anförs i motionen om möjligheter att pröva inkomstgarantin för statsråd.,"",,
1625675,Avslag, Avslag,Röstning,0,2006/07:CU23,0,Riksdagen tillkännager för regeringen som sin mening vad som i motionen anförs om behovet av ett förtydligande av bemyndigandets räckvidd.,"",,
1691111,Avslag,Avslag,"",0,2016/17:TU11,1,Riksdagen ställer sig bakom det som anförs i motionen om att göra nuvarande sommartid till normaltid året runt och tillkännager detta för regeringen.,"",,
888238,Avslag, Avslag,Acklamation,2,2009/10:SkU26,2,Riksdagen tillkännager för regeringen som sin mening vad som anförs i motionen om att den reglerade tiden fastställs till nio månader.,"",,
3120220,Avslag, Avslag,Acklamation,3,2009/10:KrU11,3,Riksdagen tillkännager för regeringen som sin mening vad som anförs i motionen om åtgärder i samband med en omreglering av spelmarknaden.,"",,
671553,Avslag, Avslag,Röstning,0,2011/12:SfU9,0,Riksdagen tillkännager för regeringen som sin mening vad som anförs i motionen om att sänka arbetsgivaravgifterna som en del i att stärka företagarlinjen och en framtida skatteväxling.,"",,
1280855,Avslag, Avslag,Röstning,0,2007/08:SkU18,0,Riksdagen tillkännager för regeringen som sin mening vad som anförs i motionen om ett införande av avdragsrätt för stöd till forskning.,"",,
1862478,Avslag,Avslag,"",0,2016/17:MJU9,1,Riksdagen ställer sig bakom det som anförs i motionen om att reformera allemansrätten efter dagens förutsättningar och införa tydliga gränsdragningar och regler mellan rättigheter och skyldigheter för såväl medborgare som markägare och tillkännager detta för regeringen.,"",,
313662,Avslag,Avslag,"",0,2016/17:CU12,1,Riksdagen ställer sig bakom det som anförs i motionen om behovet av en översyn som syftar till att se över möjligheterna till lagändringar för att stoppa kommersialiseringen av kvinnokroppen och tillkännager detta för regeringen.,"",,
962830,Avslag,Avslag,"",0,2019/20:SkU21,1,Riksdagen ställer sig bakom det som anförs i motionen om att se över bestämmelsen om fastighetsskatt för skolverksamheter och tillkännager detta för regeringen.,"",,
1317707,Avslag,Avslag,"",0,2022/23:UbU11,1,Riksdagen ställer sig bakom det som anförs i motionen om att regeringen bör kartlägga vilka hinder som finns för äldre forskare att fortsätta att forska och agera för att undanröja dessa och tillkännager detta för regeringen.,"",,
2134968,=utskottet,avslag,"",3,2000/01:SkU19,3,"Riksdagen tillkännager för regeringen som sin mening vad som i motionen anförs om att som följd av att förslag om ny fåmansföretagsbeskattning bör läggas så att den kan träda i kraft från den 1 januari 2002, bör regeringen ej lägga fram de i skrivelsen aviserade förslagen om ändringar i de s.k. 3:12-reglerna.","",,
1960033,Avslag,Avslag,"",0,2020/21:KU1,1,Riksdagen ställer sig bakom det som anförs i motionen om att flytta Sveriges ambassad till Jerusalem och tillkännager detta för regeringen.,"",,
902618,Avslag,Avslag,"",0,2021/22:FiU26,1,Riksdagen ställer sig bakom det som anförs i motionen om att se över möjligheten för kommunerna att få krav på sig att tydligare redovisa i årsredovisningen hur utgifterna har fördelats mellan den lagstadgade och den frivilliga verksamheten i kommunen och tillkännager detta för regeringen.,"",,
86746,Avslag, Avslag,Acklamation,0,2003/04:UU3,0,Riksdagen tillkännager för regeringen som sin mening vad i motionen anförs om behovet av att Sverige medverkar till att utveckla en strategi och ett handlingsprogram i syfte att uppnå målet att halvera svälten i världen fram till år 2015.,"",,
2027631,Avslag, Avslag,Röstning,0,2002/03:TU1,0,Riksdagen tillkännager för regeringen som sin mening vad i motionen anförs om att bidragsdelen till enskilda vägar inte bör minska.,"",,
1113935,"","","",0,2025/26:MJU8,1,Riksdagen ställer sig bakom det som anförs i motionen om att överväga att ge Jordbruksverket i uppgift att årligen redovisa en konkurrenskraftsjämförelse mellan svenskt lantbruk och övriga länders lantbruk i Europa och tillkännager detta för regeringen.,"",,
2258253,Avslag, Avslag,Röstning,0,2010/11:SfU6,0,Riksdagen tillkännager för regeringen som sin mening vad som anförs i motionen om att införliva skyldighet för arbetsgivaren att styrka löne- och anställningsvillkor vid säsongsanställning eller annan anställning i Sverige innan arbetstillstånd beviljas.,"",,
2166814,Avslag,Avslag,"",0,2018/19:TU7,1,Riksdagen ställer sig bakom det som anförs i motionen om att se över möjligheten att justera rådande dubbdäckslagstiftning efter de skilda väderförhållandena i landet och tillkännager detta för regeringen.,"",,
2015975,Avslag,Avslag,"",0,2020/21:FiU28,1,Riksdagen ställer sig bakom det som anförs i motionen om att tillsätta en återkommande internationell extern utvärdering av Sveriges politik för global utveckling för att se över det svenska arbetet med Agenda 2030 och tillkännager detta för regeringen.,"",,
721117,Avslag, Avslag,Acklamation,0,2004/05:MJU10,0,Riksdagen tillkännager för regeringen som sin mening vad i motionen anförs om att kravet på restaurangidkare att tillhandahålla toaletter även skall gälla ägare till livsmedelsaffärer.,"",,
217789,Avslag, Avslag,Acklamation,17,2004/05:UU9,17,Riksdagen tillkännager för regeringen som sin mening vad i motionen anförs om att förutsättningarna för en permanent internationell brottsmålsdomstol och universiell jurisdiktion utreds.,"",,
968295,"","","",0,2025/26:SoU22,1,Riksdagen ställer sig bakom det som anförs i motionen om att Sverige omgående ska erbjuda vård åt krigsskadade patienter från Gaza och tillkännager detta för regeringen.,"",,
1667574,Avslag,Avslag,"",0,2016/17:JuU20,1,Riksdagen ställer sig bakom det som anförs i motionen om att utöka användandet av elektronisk fotboja vid kontaktförbud och tillkännager detta för regeringen.,"",,
1956073,Avslag,Avslag,"",0,2021/22:NU16,3,Riksdagen ställer sig bakom det som anförs i motionen om att överväga att införa för svenska företag konkurrensgynnande EU-implementering som eget mål för förenklingspolitiken och tillkännager detta för regeringen.,"",,
361890,Avslag, Avslag,Acklamation,0,2004/05:JuU16,0,Riksdagen tillkännager för regeringen som sin mening vad i motionen anförs om förstärkning av Rikskriminalpolisens arbete mot barnpornografibrott.,"",,
847507,"","","",1,"",1,Riksdagen begär att regeringen tillsätter en utredning i syfte att kartlägga orsakerna till kusttorskens försvinnande längs Sveriges västkust.,"",,
456473,=utskottet,avslag,"",5,2000/01:SoU9,5,Riksdagen begär att regeringen tillsätter en utredning med uppgift att utvärdera konkurrensutsättningens konsekvenser inom äldreomsorgen.,"",,
330977,Avslag,Avslag,"",0,2024/25:KU23,1,Riksdagen ställer sig bakom det som anförs i motionen om att i förvaltningslagen förtydliga behovet av dialog med den som myndighetens åtgärd riktar sig mot för uppfyllande av proportionalitetsprincipen och tillkännager detta för regeringen.,"",,
604196,Avslag, Avslag,Röstning,2,2007/08:KU17,2,Riksdagen begär att regeringen lägger fram förslag till lagstiftning som innebär att de författningar som innehåller benämningarna mor och far ersätts med det könsneutrala begreppet förälder.,"",,
1199200,Avslag, Avslag,Acklamation,0,2010/11:SkU21,0,Riksdagen tillkännager för regeringen som sin mening vad som anförs i motionen om att se över det administrativa förfarandet kring flygbränsleskatten.,"",,
661079,Avslag, Avslag,Acklamation,2,2011/12:SfU1,2,Riksdagen tillkännager för regeringen som sin mening vad som anförs i motionen om att karensdagen i sjukförsäkringen bör omvandlas till åtta karenstimmar.,"",,
1482501,Avslag, Avslag,Acklamation,6,2002/03:BoU5,6,Riksdagen tillkännager för regeringen som sin mening vad i motionen anförs om att återigen fastslå att elsanering skall berättiga till bostadsanpassningsbidrag.,"",,
1824119,Avslag, Avslag,Acklamation,0,2009/10:CU8,0,Riksdagen tillkännager för regeringen som sin mening vad som anförs i motionen om att påskynda processen för en ändring av namnlagen.,"",,
1055249,Avslag,Avslag,"",0,2023/24:FöU7,1,Riksdagen ställer sig bakom det som anförs i motionen om behovet av att all användning av fyrverkerier görs tillståndspliktig och tillkännager detta för regeringen.,"",,
664415,Avslag, Avslag,Röstning,0,2002/03:NU8,0,Riksdagen tillkännager för regeringen som sin mening vad i motionen anförs om  mindre butiker på landsbygden.,"",,
1101214,Avslag, Avslag,Acklamation,0,2008/09:TU2,0,"Riksdagen tillkännager för regeringen som sin mening vad som anförs i motionen om att separata höghastighetsbanor för järnväg snarast bör planeras, etappindelas och byggas i Sverige.","",,
3236389,Avslag, Avslag,Röstning,0,2012/13:AU8,0,Riksdagen tillkännager för regeringen som sin mening vad som anförs i motionen om att reformera lagen om anställningsskydd vad gäller turordningsreglerna.,"",,
1969080,Avslag,Avslag,"",0,2022/23:FiU1,2,Riksdagen ställer sig bakom det som anförs i motionen om att utreda konsekvenserna av en differentierad alkoholskatt för småskalig alkoholproduktion och tillkännager detta för regeringen.,"",,
2227680,Avslag,Avslag,"",0,2016/17:JuU5,1,Riksdagen ställer sig bakom det som anförs i motionen om en självständig och oberoende nationell rapportör och tillkännager detta för regeringen.,"",,
589617,Avslag, Avslag,Acklamation,0,2011/12:SfU10,0,Riksdagen tillkännager för regeringen som sin mening vad som anförs i motionen om att den rådande situationen för religiösa minoriteter i Irak bör ges större uppmärksamhet i asylprocessen.,"",,
1586754,Delvis bifall,Delvis bifall,"",0,2014/15:TU5,1,Riksdagen tillkännager för regeringen som sin mening vad som anförs i motionen om hänsyn till samtliga trafikslag vid vägbyggnationer.,"",,
206407,Avslag, Avslag,Acklamation,6,2005/06:UU20,6,Riksdagen tillkännager för regeringen som sin mening att Sverige som enskild stat och som medlem av EU och FN skall verka för att handels- och biståndsavtal som sluts med Bangladesh knyts till förhållandena när det gäller mänskliga rättigheter och människors rättssäkerhet i Bangladesh.,"",,
1094098,Avslag, Avslag,Röstning,0,2006/07:SkU11,0,Riksdagen tillkännager för regeringen som sin mening vad i motionen anförs om att mark som upplåts med tomträtt inte bör belastas med fastighetsskatt för tomträttshavaren.,"",,
78832,Avslag,Avslag,"",0,2018/19:TU5,1,Riksdagen ställer sig bakom det som anförs i motionen om att se över möjligheten att utöka spårkapaciteten på sträckan Gävle-Härnösand och tillkännager detta för regeringen.,"",,
647198,Avslag, Avslag,Acklamation,0,2011/12:NU19,0,Riksdagen tillkännager för regeringen som sin mening vad som anförs i motionen om att undersöka om Juktans pumpkraftverk kan återuppstå.,"",,
738410,Avslag, Avslag,Acklamation,0,2010/11:AU5,0,"Riksdagen tillkännager för regeringen som sin mening vad som anförs i motionen om kvinnors rätt till jämlikhet, makt och inflytande.","",,
280845,Avslag, Avslag,Röstning,0,2012/13:TU2,0,Riksdagen tillkännager för regeringen som sin mening vad som anförs i motionen om att i infrastrukturplaneringen studera förutsättningarna för åtgärder som underlättar tågstopp på mindre orter.,"",,
2220837,Avslag,Avslag,"",0,2024/25:KU14,1,Riksdagen ställer sig bakom det som anförs i motionen om att återinföra riksmötets högtidliga öppnande i Rikssalen och tillkännager detta för riksdagsstyrelsen.,"",,
1889028,Avslag, Avslag,Acklamation,2,2010/11:UbU12,2,Riksdagen tillkännager för regeringen som sin mening vad som anförs i motionen om behovet av satsningar på innovation och forskning i Blekinge.,"",,
1559833,Avslag, Avslag,Acklamation,11,2002/03:SoU1,11,Riksdagen tillkännager för regeringen som sin mening vad i motionen anförs om ett skyndsamt upphävande av 3 § i lagen (1972:119) om fastställande av könstillhörighet i vissa fall.,"",,
1917340,"","","",0,2018/19:KU27,8,Riksdagen ställer sig bakom det som anförs i motionen om att medborgarskap i Sverige ska kunna återkallas vid frivilligt deltagande i utländsk militär styrka och vid brott som är till allvarlig skada för statens vitala intressen och tillkännager detta för regeringen.,"",,
917983,Avslag,Avslag,"",0,2017/18:JuU14,1,"Riksdagen ställer sig bakom det som anförs i motionen om att utdöma mycket höga bötesbelopp och låta polisen beslagta och med vissa restriktioner (tillsammans med den lagförde) kunna fatta beslut om att förstöra ett fordon vars ägare framfört fordonet utan körkort och trafikförsäkring, och detta tillkännager riksdagen för regeringen.","",,
1821442,Avslag, Avslag,Acklamation,0,2007/08:AU7,0,Riksdagen tillkännager för regeringen som sin mening vad som anförs i motionen om att påskynda den utlovade utredningen om identitetskort för nya svenskar.,"",,
1690185,Avslag,Avslag,"",0,2021/22:SoU19,1,Riksdagen ställer sig bakom det som anförs i motionen om att utreda hur ett barns rätt till en gåva kan klassas som personlig och inte inräknas i föräldrarnas inkomst vid normberäkning för försörjningsstöd och tillkännager detta för regeringen.,"",,
1744900,Avslag, Avslag,Acklamation,0,2003/04:MJU14,0,Riksdagen tillkännager för regeringen som sin mening vad i motionen anförs om körkort för hundägare och uppfödare samt förbud mot vissa s.k. dressyrmetoder och viss användning av hundar.,"",,
1114229,Bifall,Bifall,"",0,2021/22:JuU10,1,Riksdagen ställer sig bakom det som anförs i motionen om att i trafikbrottslagen inkludera förbud mot s.k. eftersupning och tillkännager detta för regeringen.,"",,
2133397,Avslag, Avslag,Acklamation,0,2003/04:FiU2,0,"Riksdagen tillkännager för regeringen som sin mening vad i motionen anförs om att den myndighet som skall ersätta ESO, och som skall syssla med miljöstudier, bör förläggas till Umeå.","",,
243719,Avslag, Avslag,Röstning,3,2009/10:CU29,3,"Riksdagen tillkännager för regeringen som sin mening vad som anförs i motionen om att, enligt intentionerna i regeringens energiöverenskommelse, obegränsat skadestånds- och kostnadsansvar ska gälla för eventuella olyckor inklusive hälsoeffekter vid svenska kärnkraftverk.","",,
2232631,Avslag, Avslag,Acklamation,0,2003/04:JuU1,0,Riksdagen tillkännager för regeringen som sin mening vad i motionen anförs om ökad kunskap om barn till frihetsberövade inom kriminalvården.,"",,
2036799,Avslag,Avslag,"",0,2024/25:AU7,1,Riksdagen ställer sig bakom det som anförs i motionen om att utreda hur man med lagstiftning kan komma till rätta med missbruket att lösa ut anställda och tillkännager detta för regeringen.,"",,
80363,Avslag, Avslag,Röstning,0,2009/10:NU2,0,Riksdagen tillkännager för regeringen som sin mening vad som anförs i motionen om att från nationellt håll driva på och underlätta bekämpandet av arbetslösheten nationellt och regionalt.,"",,
1747523,Avslag,Avslag,"",0,2024/25:UU11,1,Riksdagen ställer sig bakom det som anförs i motionen om att Sverige fortsatt ska bidra till Unaids kärnstöd på samma nivå som tidigare och tillkännager detta för regeringen.,"",,
2104611,Avslag, Avslag,Röstning,2,2011/12:KU13,2,Riksdagen tillkännager för regeringen som sin mening vad som anförs i motionen om att regeringen bör återkomma med förslag på föreskrifter om obligatorisk information om meddelarfriheten inklusive efterforskningsförbudet.,"",,
2230638,Avslag,Avslag,"",0,2016/17:UbU17,1,Riksdagen ställer sig bakom det som anförs i motionen om att införa en entreprenörsdag på högstadiet och gymnasiet och tillkännager detta för regeringen.,"",,
1815202,Avslag, Avslag,Röstning,0,2005/06:LU34,0,Riksdagen tillkännager för regeringen som sin mening vad i motionen anförs om författningsförslag för att befria barn från skulder som uppkommit genom att förmyndare låtit registrera fordon på dem.,"",,
978906,Avslag,Avslag,"",0,2021/22:TU16,1,Riksdagen ställer sig bakom det som anförs i motionen om att väg 153 och 154 till Ullared prioriteras och om att se över hur vägarna kan upprustas till en dimensionering som motsvarar belastningen och tillkännager detta för regeringen.,"",,
833685,"","","",0,2025/26:NU14,1,Riksdagen ställer sig bakom det som anförs i motionen om att regeringen bör uppdra åt relevanta myndigheter att utveckla metodstöd och samordnade insatser för att underlätta företagande i socioekonomiskt utsatta områden och bland underrepresenterade grupper och tillkännager detta för regeringen.,"",,
1487282,Avslag, Avslag,Röstning,0,2012/13:SfU1,0,Riksdagen tillkännager för regeringen som sin mening vad som anförs i motionen om behovet av en utveckling av förrehabilitering.,"",,
2019362,Avslag,Avslag,"",0,2024/25:UU10,1,Riksdagen ställer sig bakom det som anförs i motionen om att inom ramen för EU och FN uppmärksamma Turkiets alltmer aggressiva agerande och tillkännager detta för regeringen.,"",,
3225955,Avslag, Avslag,Röstning,0,2011/12:SkU13,0,Riksdagen tillkännager för regeringen som sin mening vad som anförs i motionen om reglerna för närstående i lagen (2007:346) om skattereduktion för hushållsarbete.,"",,
1416924,Avslag, Avslag,Acklamation,0,2006/07:NU6,0,Riksdagen tillkännager för regeringen som sin mening vad i motionen anförs om vikten av en ökad satsning på turismen.,"",,
1919968,Avslag,Avslag,"",0,2024/25:JuU10,1,Riksdagen ställer sig bakom det som anförs i motionen om att överväga att utreda förutsättningarna för vistelseförbud när det gäller dömda sexualförbrytare på platser som frekventeras av barn och tillkännager detta för regeringen.,"",,
1566769,Avslag,Avslag,"",0,2021/22:MJU24,1,"Riksdagen ställer sig bakom det som anförs i motionen om att myndigheter och tjänstemän som gör utredningar, undersökningar eller andra aktiviteter måste informera markägaren i tid före sina besök och tillkännager detta för regeringen.","",,
851669,Avslag, Avslag,Acklamation,0,2004/05:SoU21,0,Riksdagen tillkännager för regeringen som sin mening vad som i motionen anförs om rökstoppet.,"",,
269119,Avslag,Avslag,"",0,2020/21:JuU23,1,Riksdagen ställer sig bakom det som anförs i motionen om att reformera den s.k. hotellagen och tillkännager detta för regeringen.,"",,
501389,Avslag, Avslag,Acklamation,2,2012/13:UU8,2,Riksdagen tillkännager för regeringen som sin mening vad som anförs i motionen om att Sverige bör verka för att EU och FN ska erkänna Al-Anfal-kampanjen som folkmord.,"",,
886159,"","","",0,"",1,"Riksdagen ställer sig bakom det som anförs i motionen om att se över möjligheten att underlätta för den som åtar sig efterfrågat arbete som stärker det civila försvaret, och detta tillkännager riksdagen för regeringen.","",,
1223923,Bifall, Bifall,Acklamation,0,2008/09:JuU8,0,Riksdagen antar regeringens förslag till lag om ändring i polisdatalagen (1998:662).,"",,
529634,Avslag,Avslag,"",0,2018/19:TU5,3,"Riksdagen ställer sig bakom det som anförs i motionen om att regeringen ska tillsätta en särskild förhandlingsperson med syftet att tillsammans med Trafikverket och berörda regioner och intressenter forcera planarbetet samt att söka finansieringslösningar för ett snabbt förverkligande av Norrbotniabanan i sin helhet, exempelvis via en lånefinansieringslösning där upplåning från de allmänna pensionsfonderna övervägs och tillkännager detta för regeringen.","",,
468496,Avslag,Avslag,"",0,2015/16:JuU18,1,Riksdagen ställer sig bakom det som anförs i motionen om att överväga att se över relevanta lagrum och tillkännager detta för regeringen.,"",,
1781237,Avslag,Avslag,"",0,2021/22:FiU26,1,Riksdagen ställer sig bakom det som anförs i motionen om att utreda införandet av en boplikt i Sverige på samma sätt som i våra grannländer Norge och Danmark och tillkännager detta för regeringen.,"",,
442576,Avslag,Avslag,"",0,2016/17:SoU7,1,Riksdagen ställer sig bakom det som anförs i motionen om att regeringen ska se över möjligheterna att verka för att TBE-vaccination blir möjligt för fler och tillkännager detta för regeringen.,"",,
912529,Avslag, Avslag,Acklamation,0,2010/11:KU28,0,Riksdagen tillkännager för regeringen som sin mening vad som anförs i motionen om att se över möjligheterna att rösta över Internet.,"",,
2088028,Avslag, Avslag,Acklamation,0,2004/05:SkU20,0,Riksdagen tillkännager för regeringen som sin mening vad i motionen anförs om avdrag för deklarationskostnader.,"",,
808505,BifallDelvis,BifallDelvis,"",0,2021/22:KU29,12,"Riksdagen ställer sig bakom det som anförs i motionen om att diktatoriska och kvinnofientliga regimers inflytande i Sverige genom påkostade moskébyggen, religiösa skolor och förskolor i syfte att här utöka sitt politiska inflytande bör stoppas och tillkännager detta för regeringen.","",,
210196,Avslag, Avslag,Acklamation,0,2002/03:UbU11,0,Riksdagen tillkännager för regeringen som sin mening vad i motionen anförs om rätten till goda kunskaper i svenska språket.,"",,
3303213,Avslag,Avslag,"",0,2020/21:JuU24,2,Riksdagen ställer sig bakom det som anförs i motionen om att ersätta böter med annan påföljd vid uppenbar risk för att böter inte kommer att betalas och tillkännager detta för regeringen.,"",,
1778908,Avslag, Avslag,Acklamation,0,2011/12:AU9,0,Riksdagen tillkännager för regeringen som sin mening vad som anförs i motionen om en proportionalitetsprincip vid fackliga stridsåtgärder.,"",,
345036,Avslag, Avslag,Acklamation,0,2005/06:KU24,0,Riksdagen tillkännager för regeringen som sin mening vad i motionen anförs om att utse den 5 december till FN:s frivilligdag.,"",,
2032340,Avslag, Avslag,Acklamation,0,2011/12:KU1,0,Riksdagen tillkännager för regeringen som sin mening vad som anförs i motionen om en fortsatt nedtrappning av det statliga presstödet med målet att stödet avskaffas.,"",,
1321638,"","","",0,2025/26:SoU17,1,Riksdagen ställer sig bakom det som anförs i motionen om att se över möjligheten att införa obligatoriskt ställningstagande till organdonation i exempelvis deklarationen och tillkännager detta för regeringen.,"",,
1830945,Avslag, Avslag,Acklamation,0,2002/03:AU5,0,Riksdagen tillkännager för regeringen som sin mening vad i motionen anförs om behovet av utbildning i arbetsmiljöfrågor på olika nivåer i vårt utbildningsväsen och på olika arbetsplatser.,"",,
1575756,Avslag,Avslag,"",0,2014/15:TU9,1,Riksdagen tillkännager för regeringen som sin mening vad som anförs i motionen om behovet av att rusta upp Ostkustbanan och dess tvärbanor.,"",,
3325686,Avslag, Avslag,Acklamation,0,2009/10:TU22,0,Riksdagen tillkännager för regeringen som sin mening vad som anförs i motionen om poängkörkort.,"",,
376161,=utskottet,avslag,"",1,2000/01:JuU14,1,Riksdagen tillkännager för regeringen som sin mening vad i motionen anförs om behovet av ett förenklat språk i brottsbalken.,"",,
311239,Avslag, Avslag,Röstning,2,2003/04:NU8,2,Riksdagen tillkännager för regeringen som sin mening vad i motionen anförs om behovet av en översyn av skyddet för våtmarker vid torvbrytning.,"",,
70509,Avslag, Avslag,Acklamation,0,2012/13:UbU7,0,Riksdagen tillkännager för regeringen som sin mening vad som anförs i motionen om att nationellt och internationellt verka för utbildning i hållbar utveckling.,"",,
264845,Avslag, Avslag,Röstning,0,2006/07:MJU3,0,Riksdagen antar regeringens förslag till,lag om ändring i djurskyddslagen (1988:534).,,
1051275,Avslag,Avslag,"",0,2017/18:JuU1,2,Riksdagen ställer sig bakom det som anförs i motionen om att polisen om möjligt bör öka och prioritera vägkontrollerna mer för att få bort den olagliga trafiken och tillkännager detta för regeringen.,"",,
3346075,Avslag,Avslag,"",0,2024/25:MJU8,11,Riksdagen ställer sig bakom det som anförs i motionen om att regeringen bör tillse att en utredning tillsätts i syfte att stärka lagstiftningen för att minska ägarkoncentrationen och stärka strukturen på avtalen i grossistledet för att stärka ställningen för producenterna i livsmedelskedjan och tillkännager detta för regeringen.,"",,
696332,Avslag, Avslag,Acklamation,0,2013/14:MJU1,0,Riksdagen tillkännager för regeringen som sin mening vad som anförs i motionen om att se över miljöbalken i syfte att skydda boende i flerfamiljshus från miljöfarliga ämnen.,"",,
247113,Avslag,Avslag,"",0,2020/21:UU2,54,Riksdagen ställer sig bakom det som anförs i motionen om vikten av klimatbistånd för att hjälpa fattigare länder att kunna prioritera klimatpolitik och genomföra långsiktiga åtgärder för att minska utsläppen och tillkännager detta för regeringen.,"",,
3299258,"","","",0,2018/19:SoU1,120,"Riksdagen anvisar anslagen för 2019 inom utgiftsområde 9 Hälsovård, sjukvård och social omsorg enligt förslaget i tabell 1 i motionen.","",,
305235,Avslag,Avslag,"",0,2015/16:TU11,1,Riksdagen ställer sig bakom det som anförs i motionen om att upprätta ett centralt register för bilförare med rörelsehinder i kombination med elektroniskt parkeringstillstånd och tillkännager detta för regeringen.,"",,
1324171,Avslag, Avslag,Röstning,0,2005/06:SoU17,0,Riksdagen tillkännager för regeringen som sin mening vad i motionen anförs om en översyn av regelverket avseende den nationella taxan inom hälso- och sjukvården.,"",,
293352,Avslag,Avslag,"",0,2020/21:KrU6,14,Riksdagen ställer sig bakom det som anförs i motionen om att göra tillgängligheten större till det kyrkliga kulturarvet och tillkännager detta för regeringen.,"",,
986246,Avslag, Avslag,Acklamation,2,2011/12:KrU1,2,Riksdagen tillkännager för regeringen som sin mening vad som anförs i motionen om att formulera en ny instruktion för Ungdomsstyrelsen alternativt Myndigheten för civilsamhället.,"",,
2130853,Avslag,Avslag,"",0,2020/21:SoU17,1,Riksdagen ställer sig bakom det som anförs i motionen om att se över möjligheterna för att säkerställa jämställd forskning och kunskap gällande diabetes samt hjärt- och kärlsjukdomar och tillkännager detta för regeringen.,"",,
1288225,Avslag,Avslag,"",0,2014/15:JuU18,6,"Riksdagen tillkännager för regeringen som sin mening vad som anförs i motionen om att hotade kvinnor ska erbjudas trygghetspaket, larm, pepparsprej och kurser i självförsvar.","",,
771542,Avslag,Avslag,"",0,2019/20:MJU6,2,Riksdagen ställer sig bakom det som anförs i motionen om hur viltfällor ska kunna märkas endast med Naturvårdsverkets jägar-id för att tillgodose kravet på kontaktuppgifter till ansvarig fångstman och tillkännager detta för regeringen.,"",,
1959627,"","","",0,2018/19:KU27,1,Riksdagen ställer sig bakom det som anförs i motionen om att se över ett införande av ett moderniserat uniformsförbud och tillkännager detta för regeringen.,"",,
1673531,Avslag,Avslag,"",0,2014/15:SkU18,1,Riksdagen tillkännager för regeringen som sin mening vad som anförs i motionen om att utreda en ny beskattningsprincip baserad på produkters nikotininnehåll och en ny punktskattemodell som inbegriper alla typer av nikotininnehållande produkter.,"",,
3325451,Avslag, Avslag,Acklamation,0,2009/10:TU14,0,Riksdagen tillkännager för regeringen som sin mening vad som anförs i motionen om ändring i lagen om användning av cykelhjälm.,"",,
1907695,Avslag,Avslag,"",0,2018/19:CU6,3,Riksdagen ställer sig bakom det som anförs i motionen om att reformera lagen om företagsrekonstruktion och tillkännager detta för regeringen.,"",,
1409669,Avslag, Avslag,Acklamation,54,2009/10:UbU13,54,Riksdagen tillkännager för regeringen som sin mening vad som anförs i motionen om inrättande av en professur i migrationsrätt vid lämpligt universitet.,"",,
1865729,Avslag,Avslag,"",0,2016/17:SfU2,1,Riksdagen ställer sig bakom det som anförs i motionen om att se över ersättningsnivåerna för de människor som har de lägsta pensionerna och tillkännager detta för regeringen.,"",,
1622895,Avslag,Avslag,"",0,2014/15:JuU16,1,Riksdagen tillkännager för regeringen som sin mening vad som anförs i motionen om enklare hantering av lånade vapen.,"",,
355567,Avslag, Avslag,Acklamation,5,2005/06:JuU22,5,Riksdagen tillkännager för regeringen som sin mening vad i motionen anförs om vikten av att alla psykiskt sjuka lagöverträdare får sitt vårdbehov tillgodosett.,"",,
1194077,Avslag, Avslag,Acklamation,0,2009/10:AU2,0,Riksdagen tillkännager för regeringen som sin mening vad som anförs i motionen om en översyn av regelverket för flyttningsbidrag i syfte att förbättra förutsättningarna för geografisk rörlighet på arbetsmarknaden.,"",,
2153392,Avslag,Avslag,"",0,2020/21:KrU4,4,Riksdagen ställer sig bakom det som anförs i motionen om att tillsätta en utredning för att utreda möjligheterna att göra Folkmusikens hus i Dalarna till ett nationellt folkmusikcentrum och tillkännager detta för regeringen.,"",,
1876556,Avslag,Avslag,"",0,2016/17:JuU16,1,"Riksdagen ställer sig bakom det som anförs i motionen om att skärpa lagstiftningen och öka straffen gällande människohandel, prostitution och sexköp samt ta fram en nationell handlingsplan mot alla former av människohandel och tillkännager detta för regeringen.","",,
404545,"","","",0,2025/26:MJU7,1,Riksdagen ställer sig bakom det som anförs i motionen om att se över miljöbalken i sin helhet i enlighet med motionens intentioner och tillkännager detta för regeringen.,"",,
129313,Avslag, Avslag,Röstning,0,2012/13:SkU16,0,Riksdagen tillkännager för regeringen som sin mening vad som anförs i motionen om att skatteavdrag bör införas även för hushållsnära reparationstjänster.,"",,
695951,Avslag,Avslag,"",0,2023/24:AU1,1,Riksdagen anvisar anslagen för 2024 inom utgiftsområde 13 Integration och jämställdhet enligt förslaget i tabell 1 i motionen.,"",,
1957045,Avslag, Avslag,Acklamation,0,2004/05:SkU19,0,Riksdagen begär att regeringen återkommer med förslag till införande av schablonbelopp för förmån av hushållstjänster tillhandahållna av arbetsgivaren.,"",,
2169940,Avslag, Avslag,Röstning,0,2003/04:SoU4,0,"Riksdagen tillkännager för regeringen som sin mening vad i motionen anförs om äldre homo- och bisexuellas särskilda behov i äldresomsorgen samt om ett tillägg i analysen med sexualitet jämte etnicitet, funktionshinder och genus.","",,
609656,Avslag,Avslag,"",0,2015/16:UbU14,1,"Riksdagen ställer sig bakom det som anförs i motionen om att införa en möjlighet för fristående förskolor och grundskolor att ta emot nyanlända barn och elever, med undantag från kösystemet, och tillkännager detta för regeringen.","",,
622813,Avslag, Avslag,Acklamation,0,2004/05:KrU2,0,Riksdagen tillkännager för regeringen som sin mening vad i motionen anförs om möjligheten för en friare användning av de medel som avsatts för utveckling av barn och ungdomars träffpunkter samt att se över på vilket sätt ett nationellt utvecklingscentrum kan etableras i Rinkeby.,"",,
1608053,=utskottet,avslag,"",3,2000/01:FiU1,3,Riksdagen tillkännager för regeringen som sin mening vad i motionen anförs om en folkomröstning om EMU.,"",,
1611816,Avslag,Avslag,"",0,2014/15:UbU11,3,Riksdagen tillkännager för regeringen som sin mening vad som anförs i motionen om att de skolor som inte höjer resultaten ska kunna läggas ned oaktat vem som är huvudman.,"",,
1298394,Avslag, Avslag,Röstning,2,2002/03:SkU5,2,Riksdagen beslutar att samma regler om framskjuten beskattning skall gälla även för sådana andelsbytesaffärer som gjorts i andra värdepapper än aktier enligt vad som anförs i motionen. ,"",,
232681,Avslag,Avslag,"",0,2017/18:KrU6,1,Riksdagen ställer sig bakom det som anförs i motionen om att förstärka ungas möjlighet till självständig organisering och tillkännager detta för regeringen.,"",,
2258570,Avslag, Avslag,Röstning,0,2010/11:SfU1,0,Riksdagen tillkännager för regeringen som sin mening vad som anförs i motionen om att se över möjligheterna att inrätta en försäkringskasseombudsman.,"",,
1472780,Avslag, Avslag,Acklamation,0,2005/06:TU5,0,Riksdagen tillkännager för regeringen som sin mening vad i motionen anförs om förändringar i regler och lagar som gör det möjligt för färjetrafiken mellan Gränna och Visingsö att klassas som allmän färjeförbindelse och därmed kunna övergå från kommunalt till statligt huvudmannaskap.,"",,
3245833,Avslag, Avslag,Acklamation,0,2012/13:MJU12,0,Riksdagen tillkännager för regeringen som sin mening vad som anförs i motionen om att jakt på säl ska tillåtas.,"",,
1024143,Avslag, Avslag,Röstning,0,2006/07:FöU1,0,Riksdagen anvisar med följande ändringar i förhållande till regeringens förslag anslagen under utgiftsområde 6 Försvar samt beredskap mot sårbarhet enligt uppställning:,"",,
3208639,Avslag,Avslag,"",0,2023/24:NU9,1,"Riksdagen ställer sig bakom det som anförs i motionen om att skyndsamt utreda och föreslå hur EU:s elmarknadsdirektiv ska kunna implementeras och kompletteras med förutsättningar som gynnar en fortsatt utveckling av energigemenskaper över hela landet, och detta tillkännager riksdagen för regeringen.","",,
1751543,Avslag,Avslag,"",0,2014/15:MJU6,1,Riksdagen tillkännager för regeringen som sin mening vad som anförs i motionen om ändrade regler vad gäller ålfisketillstånd i skärgårdsnära småskaligt fiske för att möjliggöra generationsskifte.,"",,
1139461,Avslag,Avslag,"",0,2014/15:JuU23,2,Riksdagen tillkännager för regeringen som sin mening vad som anförs i motionen om att regeringen årligen bör redovisa för riksdagen hur bestämmelsen om överföring av uppgifter till tredjeländer har kommit till användning.,"",,
2244159,Avslag,Avslag,"",0,2016/17:TU4,1,Riksdagen ställer sig bakom det som anförs i motionen om att rusta upp riksväg 51 och tillkännager detta för regeringen.,"",,
1200038,Avslag, Avslag,Röstning,0,2003/04:SkU23,0,"Riksdagen begär hos regeringen en utredning av vilka konsekvenser en avdragsrätt för ingående mervärdesskatt för föreningar, ideella organisationer eller andra verksamheter som bedrivs med allmän samhällsnytta som ändamål får vad avser kostnader och samhällsnytta.","",,
1288512,Avslag,Avslag,"",0,2022/23:KU29,1,Riksdagen ställer sig bakom det som anförs i motionen om att se över kommunallagen och tillkännager detta för regeringen.,"",,
1827487,Bifall,Bifall,"",8,2015/16:FiU36,8,Riksdagen antar regeringens förslag till lag om ändring i aktiebolagslagen (2005:551).,"",,
1362972,=utskottet,Avslag,"",0,2001/02:KrU20,0,Riksdagen tillkännager för regeringen som sin mening vad i motionen anförs om att ansvaret för spelverksamheten avseende hästar bör sortera under Jordbruksdepartementet.,"",,
414217,"","","",0,2025/26:JuU11,1,Riksdagen ställer sig bakom det som anförs i motionen om att uppdatera sabotagelagstiftningen så att den innefattar blockad av större vägar och tillkännager detta för regeringen.,"",,
1477330,Bifall, Bifall,Röstning,13,2004/05:TU4,13,Riksdagen tillkännager för regeringen som sin mening vad i motionen anförs om att vägtrafikinspektionen inrättas som en egen myndighet fristående från Vägverket.,"",,
1537705,=utskottet,Avslag,"",11,2001/02:UbU7,11,Riksdagen tillkännager för regeringen vad i motionen anförs om utarbetande av riktlinjer för kommunala skolors och fristående skolors ekonomiska redovisning i syfte att få jämförbara redovisningar för landets alla skolor.,"",,
1450226,=utskottet,Avslag,"",0,2001/02:NU4,0,Riksdagen tillkännager för regeringen som sin mening vad i motionen anförs om återförande av pengar från vattenkraftsproduktionen till kommuner och regioner där den produceras.,"",,
867106,Avslag,"","",0,2013/14:MJU1,0,Riksdagen anvisar med följande ändringar i förhållande till regeringens förslag anslagen inom utgiftsområde 20 Allmän miljö- och naturvård enligt tabell 1 i motionen.,"",,
2035625,Avslag, Avslag,Acklamation,0,2007/08:TU1,0,Riksdagen tillkännager för regeringen som sin mening vad som anförs i motionen om minimikravet att den av riksdagen år 2004 beslutade infrastrukturplanen för Skåne fullföljs.,"",,
3134380,Avslag, Avslag,Röstning,0,2013/14:NU9,0,Riksdagen tillkännager för regeringen som sin mening vad som anförs i motionen om egenproducerad el.,"",,
1821144,Avslag,Avslag,"",0,2016/17:KU30,13,Riksdagen ställer sig bakom det som anförs i motionen om laglighetsprövning och tillkännager detta för regeringen.,"",,
2113407,Avslag, Avslag,Röstning,0,2003/04:SfU12,0,Riksdagen tillkännager för regeringen som sin mening vad i motionen anförs om att personer utanför EU som har ett bindande arbetserbjudande med en arbetsgivare i Sverige bör kunna få ett samlat uppehålls- och arbetstillstånd för fem år.,"",,
1268123,Avslag, Avslag,Röstning,15,2006/07:SkU11,15,Riksdagen tillkännager för regeringen som sin mening vad i motionen anförs om att höja den termiska effektskatten och fastighetsskatten på vattenkraft.,"",,
662108,Avslag,Avslag,"",0,2017/18:SoU9,4,Riksdagen ställer sig bakom det som anförs i motionen om att utreda en andra blodbank och tillkännager detta för regeringen.,"",,
633015,=utskottet,Avslag,"",0,2001/02:JuU1,0,Riksdagen tillkännager för regeringen som sin mening vad i motionen anförs om utbildningskvoter vid polisutbildningen för att underlätta framtida rekrytering.,"",,
1609401,Avslag,Avslag,"",0,2014/15:CU8,2,Riksdagen tillkännager för regeringen som sin mening vad som anförs i motionen om att styrelsen i icke publika aktiebolag ska hållas personligen ansvarig för bolagets ekonomiska förpliktelser om aktiebolaget har ansökt om att försättas i konkurs eller har försatts i konkurs till följd av en dom i domstol som innebär ekonomiska förpliktelser för aktiebolaget.,"",,
1995891,Avslag, Avslag,Acklamation,0,2004/05:SkU28,0,Riksdagen begär att regeringen tillsätter en parlamentarisk utredning med uppgift att lägga fram förslag på hur samhällets stöd till ideella föreningar skall utformas i framtiden.,"",,
1691512,Avslag,Avslag,"",0,2014/15:MJU11,1,Riksdagen tillkännager för regeringen som sin mening vad som anförs i motionen om att underlätta för markägare att få tillstånd för markavvattning.,"",,
1877746,Avslag,Avslag,"",0,2020/21:JuU23,1,Riksdagen ställer sig bakom det som anförs i motionen om att tillåta brottsprovokation vid misstänkt sexualbrott mot i synnerhet unga och personer med intellektuell funktionsnedsättning på internet och tillkännager detta för regeringen.,"",,
1326349,Avslag, Avslag,Acklamation,0,2010/11:SkU23,0,Riksdagen tillkännager för regeringen som sin mening vad som anförs i motionen om en översyn av bilkostnaderna för boende på landsbygden.,"",,
3245452,Avslag, Avslag,Acklamation,0,2009/10:CU7,0,Riksdagen tillkännager för regeringen som sin mening vad som anförs i motionen om kontokortsbedrägerier.,"",,
1175368,Avslag, Avslag,Acklamation,2,2003/04:UbU1,2,Riksdagen tillkännager för regeringen som sin mening vad i motionen anförs om förstärkning av forskningsresurser i Västsverige.,"",,
1696688,Avslag,Avslag,"",0,2014/15:SfU3,1,Riksdagen tillkännager för regeringen som sin mening vad som anförs i motionen om att återinföra kontaktdagar.,"",,
2236703,Avslag, Avslag,Röstning,0,2010/11:JuU7,0,Riksdagen tillkännager för regeringen som sin mening vad som anförs i motionen om ytterligare insatser för att bekämpa barnsexturism.,"",,
1380158,Avslag, Avslag,Acklamation,3,2008/09:KrU6,3,Riksdagen tillkännager för regeringen som sin mening vad som anförs i motionen om HBT-frågor och HBT-personers situation i trossamfunden.,"",,
1771344,Avslag,Avslag,"",0,2014/15:JuU16,1,Riksdagen tillkännager för regeringen som sin mening vad som anförs i motionen om nödvändigheten att förbjuda tvångsbeskattning av svensk-eritreaner i Sverige.,"",,
1347157,Avslag,Avslag,"",0,2022/23:KrU1,3,Riksdagen ställer sig bakom det som anförs i motionen om förutsättningar för deltagande i folkhögskoleutbildning och tillkännager detta för regeringen.,"",,
446548,=utskottet,Avslag,"",0,2001/02:JuU13,0,Riksdagen begär att regeringen lägger fram förslag till sådana lagändringar som möjliggör för polisen att under särskilda omständigheter kvarhålla vittnen i upp till tolv timmar i enlighet med vad som anförs i motionen.,"",,
385353,Avslag,Avslag,"",0,2020/21:SoU17,1,Riksdagen ställer sig bakom det som anförs i motionen om att tillsätta en utredning för att klargöra hur en lagstiftning som tillåter altruistiskt surrogatmödraskap kan införas i Sverige och tillkännager detta för regeringen.,"",,
1255261,Avslag, Avslag,Acklamation,0,2013/14:CU20,0,Riksdagen tillkännager för regeringen som sin mening vad som anförs i motionen om att se över lagstiftningen om faktureringsavgifter.,"",,
254735,Avslag, Avslag,Acklamation,0,2004/05:JuU19,0,Riksdagen begär att regeringen flyttar beslutanderätten över beredskapspolisen från regeringen till Rikspolisstyrelsen.,"",,
1622104,Avslag,Avslag,"",0,2019/20:TU7,1,Riksdagen ställer sig bakom det som anförs i motionen om ny landsväg för lastbil sträckan Malmö-Helsingborg och tillkännager detta för regeringen.,"",,
139473,Avslag,Avslag,"",0,2016/17:TU4,3,Riksdagen ställer sig bakom det som anförs i motionen om att inleda en översyn av kapacitetsbehovet på Västkustbanan och tillkännager detta för regeringen.,"",,
95439,Avslag,Avslag,"",0,2020/21:NU13,17,Riksdagen ställer sig bakom det som anförs i motionen om att göra en översyn av hur fler gränshinder mellan de nordiska länderna kan rivas i syfte att öka handeln mellan länderna och tillkännager detta för regeringen.,"",,
1475394,Avslag, Avslag,Röstning,0,2007/08:SoU8,0,Riksdagen begär att regeringen skyndsamt återkommer till riksdagen med förslag som gör att kontaktpersoners ekonomiska situation återställs och att kommunernas arbete med att rekrytera kontaktpersoner underlättas.,"",,
2189821,"","","",0,2018/19:SoU8,1,Riksdagen ställer sig bakom det som anförs i motionen om att se över möjligheterna att ytterligare stärka valfrihet och alternativ till folktandvården och tillkännager detta för regeringen.,"",,
736675,Avslag, Avslag,Röstning,0,2010/11:AU10,0,Riksdagen tillkännager för regeringen som sin mening vad som anförs i motionen om anställningsskydd vid arbetsplatser med färre än tio anställda.,"",,
252755,Avslag, Avslag,Acklamation,0,2004/05:SfU8,0,Riksdagen tillkännager för regeringen som sin mening vad i motionen anförs om att göra det möjligt att använda det försumbara stödet för taxiföretag inom stödområde A.,"",,
1666455,Avslag, Avslag,Acklamation,0,2005/06:KrU11,0,Riksdagen tillkännager för regeringen som sin mening vad som i motionen anförs om ett omedelbart och totalt förbud för marknadsföring av spel om penningar.,"",,
1013574,Bifall,Bifall,"",0,2017/18:SoU7,1,"Riksdagen ställer sig bakom det som anförs i motionen om att likvärdiga villkor och likvärdig tillsyn och uppföljning ska gälla för alla aktörer som verkar inom tandvården, oavsett driftsform, och tillkännager detta för regeringen.","",,
1602887,Avslag,Avslag,"",0,2016/17:JuU16,2,Riksdagen ställer sig bakom det som anförs i motionen om att det i ovannämnda fall ska stadgas att det är brottsoffret som ska tilldömas ersättning från staten och inte den frihetsberövade gärningsmannen och tillkännager detta för regeringen.,"",,
3263180,Avslag, Avslag,Röstning,0,2009/10:UU15,0,Riksdagen tillkännager för regeringen som sin mening vad som anförs i motionen om Sveriges insatser för säkra aborter för kvinnor i världen.,"",,
1894196,Avslag, Avslag,Acklamation,0,2004/05:FöU7,0,Riksdagen tillkännager för regeringen som sin mening vad i motionen anförs om villkoren för och rekryteringen av deltidsbrandmän.,"",,
1915144,Avslag, Avslag,Acklamation,0,2003/04:KU13,0,Riksdagen tillkännager för regeringen som sin mening vad i motionen anförs om behovet av en översyn av systemet med personvalsinslag vid allmänna val.,"",,
616114,Avslag, Avslag,Röstning,0,2010/11:UFöU4,0,Riksdagen avslår regeringens proposition 2010/11:127 Fortsatt svenskt deltagande i den internationella militära insatsen i Libyen.,"",,
105812,Avslag, Avslag,Acklamation,16,2004/05:UFöU2,16,Riksdagen tillkännager för regeringen som sin mening vad i motionen anförs om inriktningen av det svenska försvaret.,"",,
1852161,Avslag,Avslag,"",0,2021/22:UFöU2,1,Riksdagen ställer sig bakom det som anförs i motionen om Task Force Takuba och tillkännager detta för regeringen.,"",,
536249,=utskottet,avslag,"",11,2000/01:SfU1,11,Riksdagen anvisar med följande ändringar i förhållande till regeringens förslag anslagen under utgiftsområde 12 Ekonomisk trygghet för familjer och barn enligt uppställning i motionen.,"",,
759032,Avslag, Avslag,Acklamation,0,2012/13:JuU25,0,Riksdagen tillkännager för regeringen som sin mening vad som anförs i motionen om att lösa problemen med tillämpningen av bestämmelsen om grov kvinnofridskränkning i syfte att stärka rättssäkerheten för kvinnor som misshandlats av närstående män.,"",,
979857,Avslag,Avslag,"",0,2021/22:SkU15,1,Riksdagen ställer sig bakom det som anförs i motionen om att se över möjligheten att införa en skatt/avgift på elcyklar och elsparkcyklar för den ökade samhällskostnaden och den ökande klimatpåverkan de orsakar och tillkännager detta för regeringen.,"",,
960755,Avslag,Avslag,"",0,2019/20:SkU24,1,Riksdagen ställer sig bakom det som anförs i motionen om att utreda möjligheten att dela kommunalskatten mellan flera kommuner och tillkännager detta för regeringen.,"",,
1787229,Avslag,Avslag,"",0,2014/15:TU13,1,Riksdagen tillkännager för regeringen som sin mening vad som anförs i motionen om att hemvärnssoldater ska kunna nyttja avgiftsfri kollektivtrafik.,"",,
996396,=utskottet,Avslag,"",2,2001/02:SoU8,2,Riksdagen tillkännager för regeringensom sin  mening vad i motionen anförs om behovet av en lagstiftning som förbjuder rökning på serveringsställen.,"",,
1319046,Avslag, Avslag,Röstning,0,2007/08:FiU7,0,Riksdagen tillkännager för regeringen som sin mening vad som anförs i motionen om krav på villkor för anställda motsvarande svenska kollektivavtal vid offentlig upphandling.,"",,
189353,Avslag, Avslag,Röstning,0,2012/13:UU12,0,Riksdagen tillkännager för regeringen som sin mening vad som anförs i motionen om att Sverige måste engagera sig hårdare i de internationella ansträngningarna att bromsa kapitalflykten från utvecklingsländerna.,"",,
551748,Bifall,Bifall,"",0,2021/22:MJU29,1,"Riksdagen ställer sig bakom det som anförs i motionen om att se över möjligheten att all offentligt driven verksamhet, inom ramen för vad lagstiftning på EU-nivå tillåter, bör göra upphandlingar utifrån minimikraven för svensk livsmedelsproduktion och djurhållning och tillkännager detta för regeringen.","",,
282874,Delvis bifall,Delvis bifall,"",0,2015/16:FiU26,7,Riksdagen ställer sig bakom det som anförs i motionen om kvinnors företagande och tillkännager detta för regeringen.,"",,
1026396,Avslag, Avslag,Acklamation,2,2006/07:UbU8,2,Riksdagen tillkännager för regeringen som sin mening vad i motionen anförs om rikskampanjer i skolan om faran med användandet av olika droger.,"",,
1180145,Avslag,Avslag,"",0,2022/23:JuU10,1,Riksdagen ställer sig bakom det som anförs i motionen om att utreda åtgärder för att stävja missbruket av förkomna pass och tillkännager detta för regeringen.,"",,
295626,"","","",0,2025/26:SfU18,1,Riksdagen ställer sig bakom det som anförs i motionen om att reformera sjukförsäkringssystemet genom att slopa de fasta ersättningsstegen och införa en personanpassad procentsats för sjukersättning och tillkännager detta för regeringen.,"",,
1296940,"","","",0,2025/26:SoU22,1,Riksdagen ställer sig bakom det som anförs i motionen om att regeringen bör överväga att återkomma till riksdagen med förslag till lagstiftning i enlighet med motionens intentioner och tillkännager detta för regeringen.,"",,
527059,Avslag, Avslag,Acklamation,0,2007/08:JuU1,0,Riksdagen tillkännager för regeringen som sin mening vad som anförs i motionen om polisiär närvaro i kommunerna.,"",,
1861452,=utskottet,"","",3,2001/02:TU8,3,"Riksdagen tillkännager för regeringen som sin mening vad i motionen anförs om vikten av utbildningsinsatser på IT-området till småföretag, i skolorna och till allmänheten.","",,
1173802,Avslag, Avslag,Röstning,2,2003/04:UbU3,2,"Riksdagen tillkännager för regeringen som sin mening vad i motionen anförs om att ge dem med fullgjord värnplikt rätt att tillgodoräkna sig specifik värnpliktserfarenhet på högskoleprovet med 0,2 poäng.","",,
1441278,Avslag,Avslag,"",0,2016/17:FöU7,1,Riksdagen ställer sig bakom det som anförs i motionen om behovet av att utveckla och förnya rollerna för blåljuspersonal och tillkännager detta för regeringen.,"",,
889816,"","","",0,2025/26:KU19,4,"Riksdagen ställer sig bakom det som anförs i motionen om att öka anslaget till riksdagens resebidrag till skolor, med målet att fler skolor ska kunna besöka riksdagen, och tillkännager detta för riksdagsstyrelsen.","",,
1577265,Avslag,Avslag,"",0,2016/17:JuU19,3,Riksdagen ställer sig bakom det som anförs i motionen om att ingen fånge ska friges innan eventuella skulder är betalda och tillkännager detta för regeringen.,"",,
768695,=utskottet,delvis bifall,"",1,1999/2000:SoU14,1,att riksdagen som sin mening ger regeringen till känna vad i motionen anförts om tilläggsdirektiv till utredningen om översyn av lagstiftningen om olaga diskriminering m.m.,"",,
605979,=utskottet,Avslag,"",0,2001/02:AU6,0,Riksdagen tillkännager för regeringen som sin mening vad i motionen anförs om anställda med osäkra anställningsformer och otillräckliga tjänstgöringsgrader.,"",,
1231563,Avslag, Avslag,Acklamation,0,2005/06:SfU1,0,Riksdagen tillkännager för regeringen som sin mening vad i motionen anförs om en översyn av handikappsersättningen.,"",,
3241197,Avslag, Avslag,Acklamation,0,2006/07:SfU1,0,Riksdagen tillkännager för regeringen som sin mening vad i motionen anförs om Försäkringskassans bemötande vid kontakter med de sjuka.,"",,
463966,BifallDelvis,BifallDelvis,"",0,2021/22:KU29,2,"Riksdagen ställer sig bakom det som anförs i motionen om att utreda möjligheten att förbjuda utländsk finansiering för religiösa grupper samt kräva att muslimska föreningar verksamma i Sverige har en grundläggande positiv syn på det svenska samhället, och detta tillkännager riksdagen för regeringen.","",,
1908209,Avslag, Avslag,Acklamation,3,2003/04:SkU21,3,Riksdagen tillkännager för regeringen som sin mening vad i motionen anförs om att vidga reglerna i  30 kap. inkomstskattelagen (1999:1229).,"",,
743349,Avslag, Avslag,Röstning,0,2012/13:UU9,0,Riksdagen avslår proposition 2012/13:53.,"",,
1555141,Avslag,Avslag,"",0,2022/23:AU9,1,Riksdagen ställer sig bakom det som anförs i motionen om en aktiv arbetsmarknadspolitik i hela landet och tillkännager detta för regeringen.,"",,
1449030,Bifall,Bifall,"",2,2023/24:SkU3,2,Riksdagen antar regeringens förslag till lag om ändring i lagen (1992:1193) om dubbelbeskattningsavtal mellan Sverige och Tyskland.,"",,
940900,Avslag,Avslag,"",0,2017/18:TU11,10,Riksdagen ställer sig bakom det som anförs i motionen om att utreda tekniksatsning för ökad trafiksäkerhet och tillkännager detta för regeringen.,"",,
140508,Avslag, Avslag,Acklamation,0,2010/11:SoU9,0,Riksdagen tillkännager för regeringen som sin mening vad som anförs i motionen om hur rehabiliteringen av patienter kan förbättras.,"",,
1526744,Avslag,Avslag,"",0,2021/22:TU16,3,Riksdagen ställer sig bakom det som anförs i motionen om att förutsättningarna för dubbelspår på hela tågsträckan Oslo-Göteborg-Köpenhamn bör utredas och tillkännager detta för regeringen.,"",,
914287,Avslag, Avslag,Acklamation,0,2009/10:UbU8,0,Riksdagen tillkännager för regeringen som sin mening vad som anförs i motionen om kvalitet i fritidsverksamheten.,"",,
1221169,Avslag,Avslag,"",0,2016/17:SoU10,1,Riksdagen ställer sig bakom det som anförs i motionen om en ändring av rutinerna för organdonationer och tillkännager detta för regeringen.,"",,
2181825,Avslag,Avslag,"",0,2015/16:KrU4,2,Riksdagen ställer sig bakom det som anförs i motionen om att säkerställa ungas möjlighet att ta del av professionell scenkonst oavsett var de bor i landet och tillkännager detta för regeringen.,"",,
3279561,Avslag,Avslag,"",0,2024/25:SoU14,1,Riksdagen ställer sig bakom det som anförs i motionen om att säkerställa mediciners säkerhet och tillkännager detta för regeringen.,"",,
2113850,Avslag,Avslag,"",0,2018/19:CU1,8,Riksdagen ställer sig bakom det som anförs i motionen om att anta ett nytt konsumentpolitiskt mål och tillkännager detta för regeringen.,"",,
3356558,Avslag, Avslag,Acklamation,0,2007/08:TU1,0,Riksdagen tillkännager för regeringen som sin mening vad som anförs i motionen om vikten av investeringar efter Dalabanan i syfte att åstadkomma kortare restid och regionförstoring.,"",,
1492083,Avslag, Avslag,Röstning,4,2010/11:NU21,4,Riksdagen tillkännager för regeringen som sin mening vad som anförs i motionen om behovet av en genomgripande översyn av Energimarknadsinspektionens roll och uppgifter.,"",,
2219272,Bifall,Bifall,"",7,2016/17:UbU12,7,Riksdagen antar regeringens förslag till lag om ändring i diskrimineringslagen (2008:567).,"",,
447687,Avslag, Avslag,Acklamation,0,2005/06:KU5,0,Riksdagen begär att regeringen lägger fram förslag om att utvidga rösträtten och valbarheten i riksdagsval för invandrade kvinnor och män efter samma grund som i kommunala val.,"",,
910759,Avslag, Avslag,Röstning,0,2008/09:KU18,0,Riksdagen tillkännager för regeringen som sin mening vad som anförs i motionen om att en översyn bör göras för att tillförsäkra kommunmedlem insyn i verksamhet som kommun eller landsting genom avtal överlämnar till annan utförare.,"",,
155247,Avslag, Avslag,Acklamation,0,2008/09:AU7,0,Riksdagen tillkännager för regeringen som sin mening vad som anförs i motionen om företrädesrätt till återanställning enligt lagen om anställningsskydd.,"",,
377854,Avslag,Avslag,"",0,2020/21:UFöU5,3,Riksdagen ställer sig bakom det som anförs i motionen om att verka för att utveckla det finska försvarssamarbetet till ett försvarsförbund och tillkännager detta för regeringen.,"",,
1284488,Avslag,Avslag,"",0,2019/20:NU13,1,Riksdagen ställer sig bakom det som anförs i motionen om behovet av insatser för att stärka arbetsmarknaden i Västsverige och tillkännager detta för regeringen.,"",,
406331,"","","",0,2025/26:SoU16,1,Riksdagen ställer sig bakom det som anförs i motionen om att överväga statliga åtgärder för en mer jämlik hörselvård över landet inom vårdgarantins 90 dagar och tillkännager detta för regeringen.,"",,
1254237,"","","",0,2025/26:NU13,1,Riksdagen ställer sig bakom det som anförs i motionen om att se över möjligheten att införa stöd och subventioner för vedeldning och tillkännager detta för regeringen.,"",,
1998019,Avslag,Avslag,"",0,2020/21:TU6,1,Riksdagen ställer sig bakom det som anförs i motionen om att införa hastighetsbegränsning om 30 km/tim vid förskolor och tillkännager detta för regeringen.,"",,
1187669,Avslag, Avslag,Acklamation,0,2009/10:AU5,0,Riksdagen tillkännager för regeringen som sin mening vad som anförs i motionen om ändring i lagen om anställningsskydd.,"",,
499546,=utskottet,avslag,"",1,2000/01:SoU8,1,Riksdagen tillkännager för regeringen som sin mening vad i motionen anförs om försäljning av alkoholprodukter.,"",,
168914,Avslag, Avslag,Acklamation,2,2003/04:UbU11,2,Riksdagen tillkännager för regeringen som sin mening vad i motionen anförs om att hantverket och den praktiska kunskapen bör uppmärksammas i svensk skola.,"",,
3322903,Avslag,Avslag,"",0,2022/23:JuU14,1,"Riksdagen ställer sig bakom det som anförs i motionen om att utöka registerkontrollen för anställda som arbetar med barn och unga, och detta tillkännager riksdagen för regeringen.","",,
1874353,"","","",2,"",2,Riksdagen tillkännager för regeringen om behovet av en snabb utredning om sänkta Öresundsbroavgifter.,"",,
1876831,Avslag,Avslag,"",0,2023/24:KrU5,1,Riksdagen ställer sig bakom det som anförs i motionen om ökade resurser till Kalmar län för att utveckla de kulturhistoriska värden som finns och tillkännager detta för regeringen.,"",,
859543,Avslag,Avslag,"",0,2019/20:UbU10,1,Riksdagen ställer sig bakom det som anförs i motionen om att utreda möjligheten att utöka antalet minst tillåtna skoldagar från dagens 178 till 183 skoldagar per läsår och tillkännager detta för regeringen.,"",,
2050449,Avslag, Avslag,Acklamation,0,2003/04:NU10,0,Riksdagen tillkännager för regeringen som sin mening vad i motionen anförs om wellpappens tillväxtpotential.,"",,
851464,Avslag, Avslag,Acklamation,0,2009/10:UU15,0,Riksdagen tillkännager för regeringen som sin mening vad som anförs i motionen om förbrytelserna mot de mänskliga rättigheterna i Kina.,"",,
1564289,"","","",0,2025/26:SkU14,1,Riksdagen ställer sig bakom det som anförs i motionen om hur hästnäringens betydelse kan förtydligas för Skatteverket med betoning på att den ofta innefattar små viktiga företagare och tillkännager detta för regeringen.,"",,
2045001,Avslag,Avslag,"",0,2020/21:CU13,1,Riksdagen ställer sig bakom det som anförs i motionen om att återigen införa begreppet idrott i PBL (plan- och bygglagen) och tillkännager detta för regeringen.,"",,
2192072,Avslag, Avslag,Acklamation,0,2008/09:SkU23,0,Riksdagen tillkännager för regeringen som sin mening vad som anförs i motionen om att undersöka möjligheterna till skattefri ersättning till markägare vid tecknande av naturvårdsavtal.,"",,
2166089,Avslag, Avslag,Acklamation,0,2010/11:JuU1,0,Riksdagen tillkännager för regeringen som sin mening vad som anförs i motionen om en polishögskola i Malmö.,"",,
592808,Avslag,Avslag,"",0,2017/18:MJU15,2,Riksdagen ställer sig bakom det som anförs i motionen om att reningsverken senast 2030 enligt lag ska vara ålagda att utvinna och återföra all fosfor till åkrarna och tillkännager detta för regeringen.,"",,
862969,Avslag,Avslag,"",0,2023/24:SkU19,2,Riksdagen ställer sig bakom det som anförs i motionen om att spelskatten bör ses över med inriktning på att differentiera den effektiva skattesatsen för olika typer av spel med fokus på att hämma riskspelande till förmån för sunt och nöjesfyllt spelande och tillkännager detta för regeringen.,"",,
269655,Avslag, Avslag,Acklamation,0,2008/09:SoU12,0,Riksdagen tillkännager för regeringen som sin mening vad som anförs i motionen om behovet av att sänka åldersgränsen för inköp av alkohol från nuvarande 20 år till myndighetsåldern 18 år.,"",,
3316220,Avslag,Avslag,"",0,2021/22:JuU23,26,Riksdagen ställer sig bakom det som anförs i motionen om en frivårdsreform och tillkännager detta för regeringen.,"",,
660856,Bifall,Bifall,"",3,2024/25:FiU1,3,Riksdagen antar regeringens förslag till lag om ändring i skatteförfarandelagen (2011:1244).,"",,
665731,Avslag,Avslag,"",0,2017/18:KU28,1,Riksdagen ställer sig bakom det som anförs i motionen om att utreda den skånska flaggans officiella status enligt intentionerna i motionen och tillkännager detta för regeringen.,"",,
1237661,Avslag, Avslag,Acklamation,4,2005/06:JuU22,4,Riksdagen tillkännager för regeringen som sin mening vad i motionen anförs om att straffen för människohandel höjs markant.,"",,
1757071,Avslag,"","",0,2008/09:MJU2,0,Riksdagen tillkännager för regeringen som sin mening vad som anförs i motionen om en översyn av behovet av ersättning för tamdjur som skadats indirekt av fredat vilt.,"",,
1480353,=utskottet,avslag,"",3,2000/01:UbU2,3,Riksdagen tillkännager för regeringen som sin mening vad i motionen anförs om principer för ett nytt studiefinansieringssystem till nytta för studenter vid Högskolan i Kalmar och hela Sverige.,"",,
1412418,Avslag,Avslag,"",0,2019/20:AU7,13,Riksdagen ställer sig bakom det som anförs i motionen om att regeringen bör ge Statistiska centralbyrån (SCB) i uppdrag att upprätta jämlikhetsdata som bygger på samtliga diskrimineringsgrunder i de relevanta årliga enkätundersökningar som görs och tillkännager detta för regeringen.,"",,
470521,Bifall,Bifall,"",0,2020/21:CU16,3,Riksdagen ställer sig bakom det som anförs i motionen om att föräldraskap så långt det är möjligt ska fastställas innan barnets födelse och tillkännager detta för regeringen.,"",,
220236,Avslag, Avslag,Röstning,2,2009/10:NU3,2,Riksdagen tillkännager för regeringen som sin mening vad som anförs i motionen om att uppdra åt Energimyndigheten att utreda hur planeringsmålet för solenergi ska kunna uppnås.,"",,
1598823,Avslag,Avslag,"",0,2014/15:FöU6,1,Riksdagen tillkännager för regeringen som sin mening vad som anförs i motionen om behovet av att se över möjligheten att förbjuda försäljning och innehav av starka laserpekare för privat bruk.,"",,
95781,Avslag, Avslag,Röstning,2,2003/04:JuU2,2,Riksdagen avslår  regeringens förslag om att hemlig teleavlyssning och hemlig teleövervakning skall få avse även en teleadress som det finns synnerlig anledning att anta att den misstänkte kommer att ringa till eller på annat sätt kontakta.,"",,
2040923,Avslag,Avslag,"",0,2020/21:SoU15,4,"Riksdagen ställer sig bakom det som anförs i motionen om att regeringen bör ta initiativ till de lagändringar som krävs för att möjliggöra vaccination av barn då endast en av vårdnadshavarna godkänner detta, även för andra vaccinationer än de som ingår i det allmänna vaccinationsprogrammet, och tillkännager detta för regeringen.","",,
435642,Avslag, Avslag,Acklamation,0,2007/08:JuU1,0,Riksdagen tillkännager för regeringen som sin mening vad som anförs i motionen om att förlägga en polishögskola till Dalarna.,"",,
972633,=utskottet,Avslag,"",0,2001/02:SoU15,0,Riksdagen tillkännager för regeringen som sin mening vad i motionen anförs om att tillsätta en särskild beredning som kan komplettera Narkotikakommissionen.,"",,
1532059,Avslag,Avslag,"",0,2016/17:TU4,1,Riksdagen ställer sig bakom det som anförs i motionen om att om att säkra byggandet av hela Norrbotniabanan och tillkännager detta för regeringen.,"",,
1156582,Avslag,Avslag,"",0,2023/24:NU11,1,Riksdagen ställer sig bakom det som anförs i motionen om att främja ökad kunskap och utbildning kring kooperativt företagande och tillkännager detta för regeringen.,"",,
1423286,Bifall,Bifall,"",0,2021/22:CU5,2,Riksdagen ställer sig bakom det som anförs i motionen om att fastighetsbildningslagen ska ändras och att kravet om minst tre bostadslägenheter ska avskaffas och tillkännager detta för regeringen.,"",,
1519282,Avslag, Avslag,Acklamation,0,2003/04:KU19,0,Riksdagen tillkännager för regeringen som sin mening vad i motionen anförs om möjligheten för hotade förtroendevalda att få tillstånd att bära tårgasanordningar eller andra till verkan och ändamål jämförliga anordningar.,"",,
3338244,Bifall," Bifall,  Bifall,  Bifall,  Bifall",Acklamation,0,2004/05:NU17,0,Riksdagen antar regeringens förslag till,"1. lag om ändring i konkurrenslagen (1993:20)
2. lag om ändring i lagen (1994:1845) om tillämpningen av Europeiska gemenskapernas konkurrens- och statsstödsregler.",,
567413,Avslag, Avslag,Acklamation,0,2012/13:NU14,0,Riksdagen tillkännager för regeringen som sin mening vad som anförs i motionen om behovet av att se över vilket ansvar gruvbolag ska ta när deras verksamhet orsakar stora stadsomvandlingar.,"",,
2095965,Avslag, Avslag,Acklamation,0,2013/14:JuU14,0,Riksdagen tillkännager för regeringen som sin mening vad som anförs i motionen om att krav på tillstånd för att anordna offentliga danstillställningar bör avskaffas.,"",,
1246087,Avslag,Avslag,"",0,2022/23:KrU1,1,Riksdagen ställer sig bakom det som anförs i motionen om en tillgänglig idrott och tillkännager detta för regeringen.,"",,
1944507,Avslag,Avslag,"",0,2016/17:NU17,1,"Riksdagen ställer sig bakom det som anförs i motionen om att se över hur kronoandelsinstitutet, eller liknande, skulle kunna återinföras och tillkännager detta för regeringen.","",,
1783000,Avslag,Avslag,"",0,2016/17:TU13,1,Riksdagen ställer sig bakom det som anförs i motionen om behovet av att fortsätta arbetet mot den illegala cabotagetrafiken och för ordning och reda på våra vägar och tillkännager detta för regeringen.,"",,
308218,Avslag,Avslag,"",0,2015/16:KU17,1,"Riksdagen ställer sig bakom det som anförs i motionen om att överväga skapandet av en samlad nationell hemsida för alla svenska kommuners, landstings och myndigheters e-tjänster, företag samt myndigheter och tillkännager detta för regeringen.","",,
555289,Avslag,Avslag,"",0,2017/18:MJU2,6,Riksdagen ställer sig bakom det som anförs i motionen om betydelsen av jordbruksforskningen för att utveckla förädlingstekniken inför framtidens förändrade klimat och tillkännager detta för regeringen.,"",,
2053218,Avslag,Avslag,"",0,2018/19:MJU9,1,Riksdagen ställer sig bakom det som anförs i motionen om att se över möjligheten till en fortsatt reformering av strandskyddet och tillkännager detta för regeringen.,"",,
951364,Avslag, Avslag,Acklamation,0,2005/06:AU1,0,Riksdagen tillkännager för regeringen som sin mening vad i motionen anförs om anställningar av tidigare kriminella.,"",,
2004701,Avslag,Avslag,"",0,2020/21:TU16,1,Riksdagen ställer sig bakom det som anförs i motionen om att tidigarelägga en fortsättning av ombyggnationen av riksväg 26/47 och tillkännager detta för regeringen.,"",,
2033210,Avslag, Avslag,Röstning,9,2008/09:SkU22,9,Riksdagen tillkännager för regeringen som sin mening vad som anförs i motionen om att bekämpa missbruk av ersättningar från olika delar av välfärdsystemet.,"",,
452738,Avslag,Avslag,"",0,2016/17:KU15,1,Riksdagen ställer sig bakom det som anförs i motionen om offentliggörande av uppgifter om svenska Stasispioner och tillkännager detta för regeringen.,"",,
849119,"","","",0,2025/26:KU19,1,Riksdagen ställer sig bakom det som anförs i motionen om att se över möjligheterna att inrätta ett omställningsutskott i riksdagen och tillkännager detta för riksdagsstyrelsen.,"",,
1136884,Avslag,Avslag,"",0,2021/22:TU19,1,Riksdagen ställer sig bakom det som anförs i motionen om att hastighetsgränser på vägar inte ska kunna sänkas utan berörda kommuners medgivande och tillkännager detta för regeringen.,"",,
200905,Avslag,"","",0,2008/09:UbU1,0,Riksdagen tillkännager för regeringen som sin mening vad som anförs i motionen om regeringens nedskärningar på Mälardalens högskola.,"",,
2232977,Avslag,Avslag,"",0,2020/21:MJU11,1,Riksdagen ställer sig bakom det som anförs i motionen om plast i haven och övergödning och tillkännager detta för regeringen.,"",,
1627831,Avslag, Avslag,Acklamation,0,2004/05:KU18,0,Riksdagen begär att regeringen lägger fram förslag till särskild lagstiftning som möjliggör att några kommuner på försök får införa kommunalt vårdnadsbidrag i enlighet med vad som anförs i motionen.,"",,
98333,=utskottet,avslag,"",1,2000/01:KrU1,1,Riksdagen tillkännager för regeringen som sin mening vad i motionen anförs om att Gamla teatern i Eskilstuna med Teaterhistoriskt museum bör få ett nationellt uppdrag.,"",,
716090,Bifall,Bifall,"",19,2022/23:FiU21,19,Riksdagen bemyndigar regeringen att under 2023 ingå ekonomiska åtaganden som inklusive tidigare åtaganden medför behov av framtida anslag på högst de belopp och inom de tidsperioder som anges i tabell 1.2.,"",,
890352,Avslag, Avslag,Acklamation,0,2008/09:SoU17,0,Riksdagen tillkännager för regeringen som sin mening vad som anförs i motionen om bättre hälsa för människor med funktionshinder.,"",,
360747,Avslag,Avslag,"",0,2020/21:FiU17,1,Riksdagen ställer sig bakom det som anförs i motionen om att regeringen senast 2021 bör påbörja ett arbete för att genomföra Riksrevisionens samlade rekommendationer för statsbidragen och tillkännager detta för regeringen.,"",,
499816,Avslag, Avslag,Acklamation,0,2006/07:KU15,0,Riksdagen tillkännager för regeringen som sin mening vad i motionen anförs om att ändra Sveriges nationaldag från den 6 juni till den 24 maj.,"",,
1251695,Avslag,Avslag,"",0,2019/20:CU16,1,Riksdagen ställer sig bakom det som anförs i motionen om vikten av att på ett hållbart sätt säkra ett gott inomhusklimat i offentligt finansierad bostadsbyggnation och tillkännager detta för regeringen.,"",,
1824293,Avslag, Avslag,Acklamation,0,2009/10:CU7,0,Riksdagen tillkännager för regeringen som sin mening vad som anförs i motionen om ångerrätt vid gatuförsäljning.,"",,
1667482,=utskottet,Avslag,"",0,2001/02:NU12,0,Riksdagen tillkännager för regeringen som sin mening vad som i motionen anförs om förlustgarantier vid stora internationella idrottsevenemang inom ramen för statens insatser i turistpolitiken.,"",,
1454365,Avslag, Avslag,Röstning,0,2005/06:BoU7,0,Riksdagen tillkännager för regeringen som sin mening vad som i motionen anförs om åtgärder för att stimulera att nya koloniträdgårdsområden anläggs.,"",,
78305,Bifall,Bifall,"",2,2024/25:UbU16,2,Riksdagen antar regeringens förslag till lag om ändring i lagen (1976:661) om immunitet och privilegier i vissa fall.,"",,
740642,Avslag, Avslag,Röstning,0,2004/05:NU1,0,Riksdagen tillkännager för regeringen som sin mening vad i motionen anförs om villkoren för företagande.,"",,
404982,Avslag, Avslag,Acklamation,12,2005/06:FiU19,12,Riksdagen tillkännager för regeringen som sin mening vad i motionen anförs om att alla offentligt upphandlade enheter skall kunna ta emot s.k. e-anbud.,"",,
1773899,Avslag, Avslag,Acklamation,0,2005/06:KrU16,0,Riksdagen tillkännager för regeringen som sin mening vad i motionen anförs om att nyckelharpan bör utses till Sveriges nationalinstrument.,"",,
2235965,Avslag, Avslag,Röstning,0,2010/11:SfU1,0,Riksdagen tillkännager för regeringen som sin mening vad som anförs i motionen om krav på förbättrad samverkan mellan Försäkringskassan och Arbetsförmedlingen.,"",,
1134196,"","","",0,2025/26:MJU6,1,Riksdagen ställer sig bakom det som anförs i motionen om att se över möjligheten att säkerställa möjlighet till tillfälligt sänkt eller pausad avgift för offentlig kontroll vid extraordinära växtskadegörarutbrott samt samordnad tillsyn mellan myndigheter och tillkännager detta för regeringen.,"",,
231539,Avslag, Avslag,Röstning,0,2009/10:MJU1,0,Riksdagen tillkännager för regeringen som sin mening vad som anförs i motionen om en samlad myndighet för havsresurserna.,"",,
1157971,Avslag, Avslag,Röstning,0,2009/10:TU19,0,Riksdagen tillkännager för regeringen som sin mening vad som anförs i motionen om att Post- och telestyrelsens information om fastighetsboxar i flerfamiljshus bör göras tydlig och begriplig.,"",,
211338,Avslag,"",Röstning,8,2007/08:UbU1,8,Riksdagen tillkännager för regeringen som sin mening vad som anförs i motionen om alkoholforskning.,"",,
1367190,Avslag, Avslag,Röstning,0,2010/11:SkU23,0,Riksdagen tillkännager för regeringen som sin mening vad som anförs i motionen om översyn av avdrag för medlemskap i intresseförening.,"",,
730922,Avslag,Avslag,"",0,2017/18:MJU16,2,Riksdagen ställer sig bakom det som anförs i motionen om att underlätta försäljning av vildsvinskött och tillkännager detta för regeringen.,"",,
739942,Avslag,Avslag,"",0,2017/18:NU10,2,Riksdagen ställer sig bakom det som anförs i motionen om skärpta krav på återställning efter prospektering och tillkännager detta för regeringen.,"",,
568435,Avslag,Avslag,"",0,2015/16:FiU39,5,"Riksdagen ställer sig bakom det som anförs i motionen om att i samråd med nyckelaktörer såsom myndigheter, landsting/regioner, kommuner och företag utveckla en nationell handlingsplan för innovationsvänlig upphandling och tillkännager detta för regeringen.","",,
1910304,Avslag,Avslag,"",0,2024/25:MJU7,1,Riksdagen ställer sig bakom det som anförs i motionen om att se över möjligheten att vidta åtgärder för att få ned skarvbestånden på en rimlig nivå där det inte hotar friluftsliv och möjlighet att driva verksamhet och tillkännager detta för regeringen.,"",,
3346916,Avslag, Avslag,Röstning,0,2013/14:SoU8,0,Riksdagen tillkännager för regeringen som sin mening vad som anförs i motionen om nationella riktlinjer för ungdomsmottagningar.,"",,
1483611,Delvis bifall, Delvis bifall,Acklamation,0,2002/03:SoU1,0,Riksdagen tillkännager för regeringen som sin mening vad i motionen anförs om att låta se över LSS och funktionshindrades rätt till dagverksamhet.,"",,
1183117,Avslag,Avslag,"",0,2022/23:JuU10,1,Riksdagen ställer sig bakom det som anförs i motionen om att se över möjligheten att utveckla polisens brottsbekämpande och förebyggande arbete på landsbygden och tillkännager detta för regeringen.,"",,
3310656,"","","",0,"",24,"","",,
696056,Avslag, Avslag,Acklamation,0,2003/04:AU1,0,Riksdagen tillkännager för regeringen som sin mening vad i motionen anförs om samordning av medel till personer med funktionsnedsättningar.,"",,
777097,Avslag, Avslag,Röstning,0,2011/12:SoU1,0,Riksdagen tillkännager för regeringen som sin mening vad som anförs i motionen om en nationell kommission för jämlik hälsa.,"",,
1077946,Avslag,Avslag,"",0,2019/20:UbU15,1,Riksdagen ställer sig bakom det som anförs i motionen om att utreda förutsättningarna för att en anställning som lärare eller forskare vid ett universitet eller en högskola ska kunna kombineras med en anställning på en gymnasieskola och tillkännager detta för regeringen.,"",,
73571,Bifall,Bifall,"",1,2025/26:KU4,1,Riksdagen antar regeringens förslag till lag om ändring i vallagen (2005:837).,"",,
308503,Avslag, Avslag,Acklamation,0,2009/10:MJU1,0,Riksdagen tillkännager för regeringen som sin mening vad som anförs i motionen om möjligheterna till dispenser för s.k. lucktomter.,"",,
1663173,"","","",0,"",1,"Riksdagen ställer sig bakom det som anförs i motionen om att se över om förutsättningarna för E22 genom Blekinge, särskilt sträckan Björketorp–Nättraby, ska prioriteras och tidigareläggas i den nationella infrastrukturplaneringen och tillkännager detta för regeringen.","",,
1790422,Avslag, Avslag,Röstning,2,2013/14:NU12,2,Riksdagen tillkännager för regeringen som sin mening vad som anförs i motionen om att företag som innehas av personer som invandrat till Sverige bör uppmuntras.,"",,
3277424,Avslag, Avslag,Acklamation,0,2013/14:NU12,0,Riksdagen tillkännager för regeringen som sin mening vad som anförs i motionen om behovet av satsningar på nya offensiva investeringar för att tjänstesektorn även framöver ska ha en gynnsam utveckling.,"",,
2225014,Avslag,Avslag,"",0,2020/21:KrU6,31,Riksdagen ställer sig bakom det som anförs i motionen om förmåner för K-märkta fartyg och tillkännager detta för regeringen.,"",,
223691,Avslag, Avslag,Röstning,0,2002/03:UbU12,0,Riksdagen tillkännager för regeringen som sin mening vad i motionen anförs om ett studievänligare betygssystem.,"",,
1587945,Avslag, Avslag,Acklamation,0,2003/04:TU10,0,"Riksdagen tillkännager för regeringen som sin mening  vad i motionen anförs om att ge Banverket i uppdrag att utreda, projektera, kostnadsberäkna och presentera en finansiering för upprustning av Haparandabanan.","",,
741698,Avslag, Avslag,Röstning,0,2012/13:FiU17,0,"Riksdagen avslår förslaget om att medge att Riksbanken ingår ett avtal om kredit till Internationella valutafonden (IMF) med ett belopp om 6,7 miljarder särskilda dragningsrätter (ca 70 miljarder kronor).","",,
1571706,Avslag,Avslag,"",0,2014/15:SkU18,2,Riksdagen tillkännager för regeringen som sin mening vad som anförs i motionen om att harmonisera skattenedsättningen för biodrivmedel med drivmedelslagens volymgränser.,"",,
1792813,Avslag,Avslag,"",0,2014/15:TU11,2,Riksdagen tillkännager för regeringen som sin mening vad som anförs i motionen om att överväga införandet av ett båtregister.,"",,
1104353,Avslag, Avslag,Acklamation,4,2010/11:UU15,4,Riksdagen tillkännager för regeringen som sin mening vad som anförs i motionen om uppmärksammande av hbt-frågor i UNDP.,"",,
3300238,"","","",0,2025/26:NU13,1,Riksdagen ställer sig bakom det som anförs i motionen om att regeringen i sin planering för ny kärnkraft ska överväga Skaraborg för uppförande av Micro Modular Reactors (MMR) och tillkännager detta för regeringen.,"",,
1743423,Avslag, Avslag,Acklamation,0,2002/03:MJU8,0,Riksdagen tillkännager för regeringen som sin mening vad i motionen anförs om att djuranvändningen skall förbjudas i de fall det finns alternativ till försöksdjursverksamheten.,"",,
568182,Avslag,Avslag,"",0,2021/22:SoU14,1,Riksdagen ställer sig bakom det som anförs i motionen om en översyn av praxis vid de allra senaste aborterna och tillkännager detta för regeringen.,"",,
1227301,Avslag, Avslag,Acklamation,5,2005/06:JuU34,5,Riksdagen tillkännager för regeringen som sin mening vad i motionen anförs om att initiera ett rehabiliteringsprogram för klottrare både på frivillig basis och inom kriminal- och frivården.,"",,
3332458,Avslag, Avslag,Acklamation,5,2012/13:KU22,5,Riksdagen tillkännager för regeringen som sin mening vad som anförs i motionen om en handlingsplan för att öka antalet förtroendevalda och stärka fritidspolitikerns roll.,"",,
943791,Avslag, Avslag,Röstning,0,2008/09:SfU8,0,Riksdagen tillkännager för regeringen som sin mening vad som anförs i motionen om en snabb hantering av ärenden gällande arbetskraftsinvandring.,"",,
942610,Avslag, Avslag,Röstning,0,2004/05:SoU10,0,Riksdagen tillkännager för regeringen som sin mening vad som i motionen anförs om att uppföljning och utvärdering av vård och forskning sker ur ett jämställdhetsperspektiv.,"",,
203195,Avslag, Avslag,Acklamation,9,2008/09:UbU4,9,Riksdagen tillkännager för regeringen som sin mening vad som anförs i motionen om mer forskning om matematikdidaktik.,"",,
3297673,Avslag,Avslag,"",0,2018/19:JuU27,2,Riksdagen ställer sig bakom det som anförs i motionen om att regeringen bör återkomma med ett förslag om riktad datalagring och tillkännager detta för regeringen.,"",,
1276198,=utskottet,Avslag,"",0,2001/02:LU2,0,Riksdagen tillkännager för regeringen som sin mening vad i motionen anförs om rättvis handel och rättvisemärkt.,"",,
368223,Avslag,Avslag,"",0,2017/18:MJU16,1,"Riksdagen ställer sig bakom det som anförs i motionen om att all offentligt driven verksamhet bör göra upphandlingar utifrån minimikraven för svensk livsmedelsproduktion, och detta tillkännager riksdagen för regeringen.","",,
1830614,Avslag,Avslag,"",0,2018/19:SkU12,1,Riksdagen ställer sig bakom det som anförs i motionen om att se över totalisatorskatten och tillkännager detta för regeringen.,"",,
1954586,Avslag,Avslag,"",0,2017/18:KU36,4,"Riksdagen ställer sig bakom det som anförs i motionen om att de helgdagar, med undantag för första maj vilken bör ersättas med en annan helgdag, som anges i lagen (1989:253) om allmänna helgdagar ska lyftas in på lämplig plats i regeringsformen och tillkännager detta för regeringen.","",,
112497,Avslag, Avslag,Acklamation,7,2011/12:CU1,7,Riksdagen tillkännager för regeringen som sin mening vad som anförs i motionen om konsumentvägledning på internet.,"",,
62648,Avslag,"","",4,2004/05:FöU5,4,Riksdagen tillkännager för regeringen som sin mening vad i motionen anförs om att stoppa nedläggningen av helikopterskvadronen i Boden.,"",,
1227054,"","","",0,2025/26:TU8,1,"Riksdagen ställer sig bakom det som anförs i motionen om att regeringen ska överväga att säkerställa att alla delar av Sverige, även gles- och landsbygd, får tillgång till likvärdig digital infrastruktur, och detta tillkännager riksdagen för regeringen.","",,
1893391,Avslag, Avslag,Acklamation,0,2006/07:SfU1,0,Riksdagen tillkännager för regeringen som sin mening vad i motionen anförs om behovet av att överväga en regelförändring så att sanktionsmöjligheter kan vidtas gentemot arbetsgivare som inte fullgör sitt rehabiliteringsansvar.,"",,
455567,Avslag,Avslag,"",0,2017/18:UbU17,1,Riksdagen ställer sig bakom det som anförs i motionen om att överväga möjligheten till utökad forskning kring mögel och mögelgifters påverkan på människors hälsa och tillkännager detta för regeringen.,"",,
1650206,Avslag, Avslag,Acklamation,0,2005/06:KrU29,0,Riksdagen beslutar att upphäva lagen (1969:612) om förbud mot professionell boxning.,"",,
2047856,Avslag, Avslag,Acklamation,0,2009/10:KU4,0,Riksdagen tillkännager för regeringen som sin mening vad som anförs i motionen om spärr i valen till kommunfullmäktige.,"",,
1686978,Avslag,Avslag,"",0,2021/22:KrU6,9,Riksdagen ställer sig bakom det som anförs i motionen om att regeringen bör närmare undersöka behovet av en specifik utbildning för museipedagoger och tillkännager detta för regeringen.,"",,
2239036,Avslag, Avslag,Röstning,3,2007/08:SkU11,3,Riksdagen tillkännager för regeringen som sin mening vad som anförs i motionen om att reformera jobbskatteavdraget.,"",,
643053,Bifall," Bifall,  Delvis bifall",Acklamation,0,2013/14:UbU22,0,Riksdagen antar regeringens förslag till,lag om ändring i skollagen (2010:800).,,
1342858,Avslag,Avslag,"",0,2021/22:CU7,1,Riksdagen ställer sig bakom det som anförs i motionen om förfallna fakturor och tillkännager detta för regeringen.,"",,
2139999,Avslag,Avslag,"",0,2020/21:NU14,1,Riksdagen ställer sig bakom det som anförs i motionen om att fortsätta arbetet med att omlokalisera statliga myndigheter och beakta län med låg lokaliseringskvot och tillkännager detta för regeringen.,"",,
740558,Avslag,Avslag,"",0,2017/18:CU1,3,Riksdagen ställer sig bakom det som anförs i motionen om ett tilläggsdirektiv till utredningen dir. 2017:1 och tillkännager detta för regeringen.,"",,
882902,Avslag, Avslag,Röstning,0,2011/12:KrU4,0,Riksdagen tillkännager för regeringen som sin mening vad som anförs i motionen om att avskaffa kravet på förhandsgranskning av vissa tjänster hos Sveriges Radio och Sveriges Television m.fl.,"",,
1976026,Bifall,Bifall,"",0,2021/22:JuU45,1,Riksdagen ställer sig bakom det som anförs i motionen om att genomföra de åtgärder som Riksrevisionen föreslår och tillkännager detta för regeringen.,"",,
1153592,Avslag, Avslag,Acklamation,0,2009/10:TU12,0,Riksdagen tillkännager för regeringen som sin mening vad som anförs i motionen om möjligheten att införa ett geografiskt begränsat körkort.,"",,
1721853,Avslag,Avslag,"",0,2016/17:FiU7,2,Riksdagen ställer sig bakom det som anförs i motionen om att ställa krav på spårbarhet i fråga om oljeleveranser och tillkännager detta för regeringen.,"",,
306906,Avslag, Avslag,Acklamation,0,2011/12:TU1,0,Riksdagen tillkännager för regeringen som sin mening vad som anförs i motionen om att se över behovet av en upprustning av Ådalsbanan mellan Nyland och Långsele.,"",,
1342092,Avslag, Avslag,Acklamation,21,2008/09:MJU28,21,Riksdagen tillkännager för regeringen som sin mening vad som anförs i motionen om åtgärder för miljöinriktat IT och bredband.,"",,
2252718,Avslag, Avslag,Röstning,0,2010/11:SfU6,0,Riksdagen tillkännager för regeringen som sin mening vad som anförs i motionen om behovet av en sådan ändring i lagen (2001:82) om svenskt medborgarskap att test av kunskaperna i svenska språket ingår som ett kriterium för att beviljas svenskt medborgarskap.,"",,
341828,Avslag,Avslag,"",0,2017/18:JuU13,1,Riksdagen ställer sig bakom det som anförs i motionen om insatser för att förebygga och utreda näthat och tillkännager detta för regeringen.,"",,
264526,Avslag,Avslag,"",0,2020/21:CU7,10,Riksdagen ställer sig bakom det som anförs i motionen om att ändra hyreslagen genom att dra tillbaka vissa skärpningar som genomfördes i proposition 2018/19:107 Åtgärder mot handel med hyreskontrakt och tillkännager detta för regeringen.,"",,
933662,Avslag, Avslag,Röstning,0,2009/10:JuU7,0,Riksdagen tillkännager för regeringen som sin mening vad som anförs i motionen om att införa en lagstiftning mot tortyr.,"",,
3305659,Avslag, Avslag,Röstning,3,2009/10:TU24,3,Riksdagen tillkännager för regeringen som sin mening vad som anförs i motionen om Götalandsbanan.,"",,
1115494,Avslag,Avslag,"",0,2023/24:UbU15,1,Riksdagen ställer sig bakom det som anförs i motionen om att regeringen bör se över möjligheten till återinträde i akademisk forskning och tillkännager detta för regeringen.,"",,
742003,Avslag,Avslag,"",0,2019/20:FöU7,1,Riksdagen ställer sig bakom det som anförs i motionen om att skyndsamt ta fram och implementera en strategi för läkemedelsberedskap vid kris och krig och tillkännager detta för regeringen.,"",,
3352921,Avslag,Avslag,"",0,2020/21:FöU7,1,Riksdagen ställer sig bakom det som anförs i motionen om skredrisken i Götaälvdalen och tillkännager detta för regeringen.,"",,
741117,=utskottet,Delvis bifall,"",0,2001/02:FiU14,0,Riksdagen tillkännager för regeringen som sin mening vad i motionen anförs om att regeringen bör tillse att Akademiska Hus AB följer riksdagens regler om hyressättning.,"",,
2083479,Avslag, Avslag,Acklamation,0,2004/05:UbU5,0,Riksdagen begär att regeringen  återkommer med förslag till inrättandet av en samlad musikinstrumentmakarutbildning med hög internationell klass i Sverige.,"",,
3294986,Avslag, Avslag,Acklamation,0,2003/04:JuU15,0,Riksdagen tillkännager för regeringen som sin mening vad i motionen anförs om villkoren för registrering i DNA-registret.,"",,
911970,Avslag,Avslag,"",0,2021/22:MJU9,1,Riksdagen ställer sig bakom det som anförs i motionen om att omgående se över hur Sverige kan lösa den akuta bristen på veterinärer och tillkännager detta för regeringen.,"",,
372896,Avslag,Avslag,"",0,2017/18:JuU17,1,Riksdagen ställer sig bakom det som anförs i motionen om att se över möjligheter att skärpa straffen för brott som är riktade mot äldre och särskilt utsatta personer och tillkännager detta för regeringen.,"",,
733202,Avslag,Avslag,"",0,2023/24:UbU14,4,"Riksdagen ställer sig bakom det som anförs i motionen om att överväga att verka för att inrätta specialist- och spetsutbildningar på universiteten, i norra Sverige i synnerhet, för att möta arbetsmarknadens behov och tillkännager detta för regeringen.","",,
1075645,Avslag, Avslag,Röstning,0,2007/08:UbU7,0,Riksdagen tillkännager för regeringen som sin mening vad som anförs i motionen om barnomsorg på obekväm arbetstid.,"",,
516092,Avslag,Avslag,"",0,2014/15:JuU14,1,Riksdagen tillkännager för regeringen som sin mening vad som anförs i motionen om behovet av en ny sexualbrottslagstiftning.,"",,
1678148,Avslag,Avslag,"",0,2021/22:SfU20,1,Riksdagen ställer sig bakom det som anförs i motionen om att utvärdera Migrationsverkets hantering av asylsökande afghaner och tillkännager detta för regeringen.,"",,
1478290,Avslag,Avslag,"",0,2014/15:SoU9,1,Riksdagen tillkännager för regeringen som sin mening vad som anförs i motionen om behandling av hepatit C.,"",,
1895035,Avslag, Avslag,Röstning,0,2006/07:SfU1,0,Riksdagen tillkännager för regeringen som sin mening vad i motionen anförs om en steglös ersättningsnivå för sjukpenning.,"",,
589696,Avslag, Avslag,Acklamation,0,2011/12:SoU16,0,Riksdagen tillkännager för regeringen som sin mening vad som anförs i motionen om att möjliggöra för apotek att behandla småkrämpor som ett komplement till primärvården.,"",,
363816,Avslag,Avslag,"",0,2017/18:NU12,1,Riksdagen ställer sig bakom det som anförs i motionen om att se över möjligheten att premiera skötsamma företagare och tillkännager detta för regeringen.,"",,
145981,Avslag, Avslag,Röstning,0,2012/13:SkU16,0,Riksdagen tillkännager för regeringen som sin mening vad som anförs i motionen om begränsningar för förmånstagare till pensionsförsäkringar.,"",,
1715015,Avslag,Avslag,"",0,2021/22:MJU28,1,Riksdagen ställer sig bakom det som anförs i motionen om att värna det kommunala vetot för vindkraftsetablering och tillkännager detta för regeringen.,"",,
1659821,Avslag,Avslag,"",0,2015/16:KU17,1,Riksdagen tillkännager för regeringen som sin mening vad som anförs i motionen om behovet av en snabbare hantering av tillståndsärenden hos myndigheter och domstolar.,"",,
2245638,Avslag,Avslag,"",0,2021/22:CU4,1,"Riksdagen ställer sig bakom det som anförs i motionen om att se över 0,2-promillegränsen på sjön och tillkännager detta för regeringen.","",,
3311055,Avslag, Avslag,Acklamation,0,2003/04:TU5,0,Riksdagen tillkännager för regeringen som sin mening vad i motionen anförs om timmerbilar med tung last.,"",,
1757387,Avslag, Avslag,Acklamation,0,2005/06:KrU1,0,Riksdagen tillkännager för regeringen som sin mening vad i motionen anförs om tillgång till talböcker.,"",,
483586,"","","",1,"",1,Riksdagen tillkännager för regeringen som sin mening vad i motionen anförs om handel med människor för sexuella ändamål.,"",,
715572,Avslag,Avslag,"",0,2023/24:SoU17,5,Riksdagen ställer sig bakom det som anförs i motionen om att överväga att utveckla en modell för hur kommunernas arbete mot felaktiga utbetalningar görs mest effektivt och tillkännager detta för regeringen.,"",,
1806637,Avslag,Avslag,"",0,2021/22:SoU15,1,Riksdagen ställer sig bakom det som anförs i motionen om att se över huvudmannaskapet för missbruks- och beroendevård och tillkännager detta för regeringen.,"",,
1512216,Avslag, Avslag,Röstning,0,2009/10:SfU1,0,Riksdagen tillkännager för regeringen som sin mening vad som anförs i motionen om förtroendeläkarnas roll och arbete.,"",,
287788,Avslag, Avslag,Acklamation,0,2007/08:JuU28,0,Riksdagen tillkännager för regeringen som sin mening vad som anförs i motionen om att den lokala polismyndigheten i respektive län ska få ett ökat inflytande vid antagningen av polisaspiranter till landets polishögskolor.,"",,
1627113,Avslag, Avslag,Acklamation,0,2005/06:KU19,0,Riksdagen tillkännager för regeringen som sin mening vad i motionen anförs om att stegvis fortsätta reformarbetet med att utöka förvaltningsområdena för minoritetsspråken i landet.,"",,
57716,Avslag,Avslag,"",0,2017/18:KU27,1,Riksdagen ställer sig bakom det som anförs i motionen om att ledamöter ska svära en ed vid mandatperiodens början om att vara lojala mot landet och tjäna det svenska folket och tillkännager detta för regeringen.,"",,
1915670,Avslag,Avslag,"",0,2016/17:SkU24,1,"Riksdagen ställer sig bakom det som anförs i motionen om att regeringen bör följa upp hur de nya bestämmelserna i lagen om skatt på energi (1994:1776) påverkar företagen i form av ökad administrativ börda och ökad offentlighet av känslig företagsinformation, samt vilka effekter begränsningar i möjligheten att ge stöd till företag som är i ekonomiska svårigheter får och tillkännager detta för regeringen.","",,
1597929,Avslag,Avslag,"",0,2023/24:JuU16,1,Riksdagen ställer sig bakom det som anförs i motionen om att utreda åtgärder för att stävja missbruket av förkomna pass och tillkännager detta för regeringen.,"",,
289626,Avslag, Avslag,Acklamation,2,2005/06:TU5,2,Riksdagen tillkännager för regeringen som sin mening vad i motionen anförs om ett ökat statligt ansvarstagande för viktiga broar för sjöfarten.,"",,
3260843,Avslag, Avslag,Acklamation,0,2005/06:UU15,0,Riksdagen tillkännager för regeringen som sin mening vad som i motionen anförs om att Sverige i internationella organ och i bilaterala kontakter samt inom ramen för det svenska utvecklingssamarbetet kraftfullt bör verka för att barnaga förbjuds i alla världens länder.,"",,
435855,Avslag,Avslag,"",0,2021/22:SoU13,1,Riksdagen ställer sig bakom det som anförs i motionen om att uppdra åt kommuner att tillse att tillräckligt många sjuksköterskor anställs inom omsorgen för att ge äldre en god och tillräcklig medicinsk vård och tillkännager detta för regeringen.,"",,
865765,Avslag,Avslag,"",0,2019/20:SoU11,1,"Riksdagen ställer sig bakom det som anförs i motionen om att se över tillgången till journaler på nätet för vårdnadshavare samtidigt som barns och ungas integritet skyddas, och detta tillkännager riksdagen för regeringen.","",,
1776838,Avslag, Avslag,Acklamation,15,2007/08:UU9,15,Riksdagen tillkännager för regeringen som sin mening vad som anförs i motionen om Eritrea.,"",,
59336,Avslag,Avslag,"",0,2017/18:KU37,2,Riksdagen ställer sig bakom det som anförs i motionen om att en konsekvens- och effektutvärdering av regeringens försenade utnämningar bör ske och tillkännager detta för regeringen.,"",,
542813,Avslag,Avslag,"",0,2018/19:TU5,1,Riksdagen ställer sig bakom det som anförs i motionen om att snarast återuppta planeringen och överväga att inleda byggandet av en östlig förbindelse i Stockholmsregionen under nästa mandatperiod och tillkännager detta för regeringen.,"",,
1020002,Avslag,Avslag,"",0,2024/25:KU8,1,Riksdagen ställer sig bakom det som anförs i motionen om den skånska flaggans officiella status och tillkännager detta för regeringen.,"",,
1024607,Avslag,Avslag,"",0,2017/18:TU18,1,Riksdagen ställer sig bakom det som anförs i motionen om ändrade beräkningsgrunder för infrastrukturmedel och tillkännager detta för regeringen.,"",,
926075,Avslag, Avslag,Acklamation,0,2006/07:UbU8,0,Riksdagen tillkännager för regeringen som sin mening vad i motionen anförs om friskolor.,"",,
2009413,Avslag, Avslag,Acklamation,0,2003/04:JuU14,0,Riksdagen tillkännager för regeringen som sin mening vad i motionen anförs om att arbeta för att nämndemännen i Sveriges domstolar utgör en så representativ sammansättning som möjligt vad gäller Sveriges befolkning.,"",,
1252645,Avslag, Avslag,Acklamation,2,2008/09:KrU7,2,"Riksdagen tillkännager för regeringen som sin mening vad som anförs i motionen om folkbildningens möjligheter att öka föräldrars egen kunskap om matematik, naturkunskap och teknik som stöd i svensk utbildning.","",,
1003513,Avslag, Avslag,Röstning,0,2011/12:MJU10,0,Riksdagen tillkännager för regeringen som sin mening vad som anförs i motionen om innehållsdeklarationer på svenska restauranger.,"",,
860063,Avslag,Avslag,"",0,2018/19:FiU25,1,Riksdagen ställer sig bakom det som anförs i motionen om en övergång till öppen källkod och öppna standarder inom den offentliga sektorn och tillkännager detta för regeringen.,"",,
1558592,Avslag,Avslag,"",0,2022/23:SfU11,1,Riksdagen ställer sig bakom det som anförs i motionen om att samtliga AP-fonder ska omfattas av hållbarhetskrav i lagstiftningen med syfte att på sikt uppnå fossilfria AP-fonder och tillkännager detta för regeringen.,"",,
2146760,Avslag,Avslag,"",0,2018/19:CU7,2,Riksdagen ställer sig bakom det som anförs i motionen om att lagstiftningen om föräldraskapspresumtion inom samkönade par bör ändras så att den motsvarar den lagstiftning som gäller för heterosexuella tvåkönade par och tillkännager detta för regeringen.,"",,
1717157,Avslag,Avslag,"",0,2024/25:MJU7,1,Riksdagen ställer sig bakom det som anförs i motionen om att överväga att Sverige inte ska införa ytterligare restriktioner vad gäller bly i ammunitionen för jakt och skytte och tillkännager detta för regeringen.,"",,
3343912,Avslag, Avslag,Röstning,0,2013/14:SoU12,0,Riksdagen tillkännager för regeringen som sin mening vad som anförs i motionen om behovet av att öka kunskapen om och användandet av samhällsekonomiska analyser i sociala sammanhang.,"",,
1471004,Avslag, Avslag,Röstning,2,2013/14:JuU14,2,Riksdagen tillkännager för regeringen som sin mening vad som anförs i motionen om att tillåta polisen att utöva brottsprovokation.,"",,
1432584,Avslag, Avslag,Röstning,0,2002/03:KUU2,0,Riksdagen tillkännager för regeringen som sin mening vad i motionen anförs om en förstärkning av EU:s utrikes- och säkerhetspolitiska förmåga.,"",,
610299,=utskottet,Delvis bifall,"",0,2001/02:NU16,0,Riksdagen tillkännager för regeringen som sin mening vad i motionen anförs om att tillsätta en utredning om kriminalisering av kartellbildare.,"",,
1277647,Avslag, Avslag,Acklamation,0,2007/08:SkU22,0,Riksdagen begär att regeringen återkommer till riksdagen med förslag om giltigheten av skattehandläggares skriftliga svar till skattskyldiga.,"",,
1633107,Avslag,Avslag,"",0,2023/24:FiU22,34,Riksdagen ställer sig bakom det som anförs i motionen om att kontantplikt ska råda för livsnödvändiga konsumtionsartiklar och tillkännager detta för regeringen.,"",,
456513,Avslag, Avslag,Acklamation,2,2009/10:UU15,2,Riksdagen tillkännager för regeringen som sin mening vad som anförs i motionen om att ge stöd åt den demokratiska utvecklingen i Bolivia.,"",,
1524975,Avslag,Avslag,"",0,2017/18:JuU35,5,"Riksdagen ställer sig bakom det som anförs i motionen om skärpta straff för vissa brott inom terrorismområdet, såsom offentlig uppmaning till terroristbrott, rekrytering till terroristbrott, utbildning till terroristbrott, finansiering av terroristbrott och resor i terrorismsyfte, och tillkännager detta för regeringen.","",,
986821,Avslag, Avslag,Acklamation,0,2009/10:SkU26,0,Riksdagen tillkännager för regeringen som sin mening vad som anförs i motionen om förmånsbeskattning av IT-produkter i tjänsten.,"",,
1368925,Avslag, Avslag,Acklamation,0,2010/11:SkU20,0,Riksdagen tillkännager för regeringen som sin mening vad som anförs i motionen om att tydliggöra arbetsgivaravgiften i deklarationen.,"",,
614281,=utskottet,Avslag,"",0,2001/02:JuU13,0,Riksdagen tillkännager för regeringen som sin mening vad i motionen anförs om att deltaga maskerad i demonstrationer förbjuds samt att identifikationsmarkeringen på polisutrustning  inte görs möjlig att vägleda terrorister med.,"",,
757207,=utskottet,Avslag,"",0,2001/02:AU5,0,Riksdagen tillkännager för regeringen som sin mening vad i motionen anförs om försök med övergångsarbeten.,"",,
819186,Avslag, Avslag,Acklamation,0,2009/10:UbU8,0,"Riksdagen tillkännager för regeringen som sin mening vad som anförs i motionen om att grupperna på fritidshemmen behöver bli mindre, personaltätheten högre och andelen högskoleutbildad personal större.","",,
1121475,Avslag, Avslag,Röstning,0,2007/08:FöU3,0,Riksdagen tillkännager för regeringen som sin mening vad i motionen anförs om att värnplikten bör utvidgas till att även omfatta kvinnor.,"",,
1800645,Avslag, Avslag,Röstning,2,2010/11:NU14,2,"Riksdagen begär att regeringen lägger fram förslag till ändring av minerallagen (1991:45) som tydligt förbjuder prospektering och utvinning av kol, fossilgas och olja.","",,
3341472,=utskottet,avslag,"",1,2000/01:FiU8,1,att riksdagen som sin mening ger regeringen till känna vad i motionen anförts om ett förslag om en ny organisation av tillsynen över den offentliga upphandlingen.,"",,
1300453,Avslag,Avslag,"",0,2019/20:UbU12,13,Riksdagen ställer sig bakom det som anförs i motionen om särbegåvade elever i svensk gymnasieskola och tillkännager detta för regeringen.,"",,
1085227,Avslag,Avslag,"",0,2023/24:SkU11,1,Riksdagen ställer sig bakom det som anförs i motionen om att a-kasseavgiften och fackföreningsavgiften bör göras avdragsgilla eller ges skattereduktion och tillkännager detta för regeringen.,"",,
1384632,=utskottet,avslag,"",1,2000/01:FiU1,1,Riksdagen tillkännager för regeringen som sin mening vad i motionen anförs om sänkta skatter på bensin och diesel.,"",,
979338,=utskottet,Avslag,"",0,2001/02:SoU1,0,Riksdagen tillkännager för regeringen som sin mening vad i motionen anförs om  målet med en utbyggd tandvårdsförsäkring.,"",,
814051,Bifall, Bifall,Acklamation,6,2013/14:SoU22,6,Riksdagen antar regeringens förslag till,lag om ändring i lagen (1996:1156) om receptregister.,,
2098149,=utskottet,Avslag,"",0,2001/02:SkU19,0,Riksdagen tillkännager för regeringen som sin mening vad i motionen anförs om åtgärder mot ekonomisk brottslighet.,"",,
612601,Avslag, Avslag,"",2,2007/08:FiU20,2,"Riksdagen avslår regeringens förslag till riktlinjer för den ekonomiska politiken, budgetpolitiken och skattepolitiken.","",,
1085790,Avslag, Avslag,Acklamation,2,2007/08:UbU5,2,Riksdagen tillkännager för regeringen som sin mening vad som anförs i motionen om att Högskolan i Gävle ska tilldelas vetenskapsområdet teknik och humanistisk-samhällsvetenskapligt vetenskapsområde eller motsvarande självständig rätt till forskarutbildning.,"",,
2136228,Avslag,Avslag,"",0,2018/19:JuU13,4,Riksdagen ställer sig bakom det som anförs i motionen om sociala utfallskontrakt och tillkännager detta för regeringen.,"",,
298659,Avslag, Avslag,Röstning,0,2004/05:KrU8,0,Riksdagen tillkännager för regeringen som sin mening vad som i motionen anförs om teckenspråkiga sändningar i public service.,"",,
1746835,Avslag,Avslag,"",0,2016/17:AU10,1,Riksdagen ställer sig bakom det som anförs i motionen om att utveckla företagshälsovården och tillkännager detta för regeringen.,"",,
1055615,Bifall, Bifall,Acklamation,0,2007/08:JuU8,0,Riksdagen antar regeringens förslag till,lag om ändring i polisdatalagen (1998:622).,,
1858640,Bifall,Bifall,"",0,2020/21:JuU3,2,Riksdagen ställer sig bakom det som anförs i motionen om att regeringen bör återkomma med förslag på åtgärder i syfte att göra arbetsmiljön säkrare för poliser i yttre tjänst och tillkännager detta för regeringen.,"",,
591011,Avslag, Avslag,Acklamation,0,2004/05:KrU4,0,Riksdagen tillkännager för regeringen som sin mening vad i motionen anförs om sänkning av den undre åldersgränsen för att se barntillåten film till 6 år.,"",,
938391,Avslag, Avslag,Röstning,0,2010/11:TU12,0,Riksdagen tillkännager för regeringen som sin mening vad som anförs i motionen om ändring i 6 kap. 5 § fordonsordningen (2009:211).,"",,
640952,Avslag,Avslag,"",0,2023/24:TU16,1,Riksdagen ställer sig bakom det som anförs i motionen om mobiltäckning och bredbandstillgång som en statlig angelägenhet och tillkännager detta för regeringen.,"",,
3107677,Avslag,Avslag,"",0,2017/18:SoU8,1,Riksdagen ställer sig bakom det som anförs i motionen om att kommuner inte ska ha rätten att genom lokala förordningar begränsa krögares rätt att bestämma över öppettider och tillkännager detta för regeringen.,"",,
911149,Bifall,Bifall,"",3,2022/23:SkU6,3,Riksdagen antar regeringens förslag till lag om ändring i lagen (1986:468) om avräkning av utländsk skatt.,"",,
1994895,Avslag,Avslag,"",0,2020/21:JuU23,2,"Riksdagen ställer sig bakom det som anförs i motionen om att utreda samverkan mellan myndigheter, bankväsendet och brottsoffer kopplat till romansbedrägerier och tillkännager detta för regeringen.","",,
339167,Avslag, Avslag,Acklamation,0,2005/06:SkU17,0,Riksdagen tillkännager för regeringen som sin mening vad i motionen anförs om att även ensamföretagare som driver sitt företag som enskild firma eller som handelsbolag skall kunna få del av den friskvårdsreform som infördes den 1 januari 2004 på samma villkor som andra grupper.,"",,
3239462,Avslag, Avslag,Acklamation,0,2002/03:MJU15,0,Riksdagen tillkännager för regeringen som sin mening vad i motionen anförs om ett förtydligande av allemansrätten.,"",,
368297,Avslag, Avslag,Acklamation,0,2004/05:SfU1,0,Riksdagen tillkännager för regeringen som sin mening vad i motionen anförs om behovet av att procentsatserna för sjukskrivning blir mer flexibla och anpassade till den sjukskrivnes behov.,"",,
2075839,Avslag, Avslag,Acklamation,0,2002/03:UbU3,0,Riksdagen tillkännager för regeringen som sin mening vad i motionen anförs om ökade möjligheter för demokratiska politiska organisationer att verka i skolor och högskolor.,"",,
3254626,"","","",0,2018/19:TU4,57,Riksdagen ställer sig bakom det som anförs i motionen om att tillgängliggöra statliga fibernät för marknaden och tillkännager detta för regeringen.,"",,
549743,=utskottet,avslag,"",1,2000/01:JuU1,1,Riksdagen tillkännager för regeringen som sin mening vad i motionen anförs om behovet av att analysera och utvärdera de senaste årens avskrivningar inom polisen.,"",,
3292411,"","","",1,"",1,"Riksdagen tillkännager för regeringen som sin mening vad i motionen anförs om att medel bör avsättas till Ådalsbanans upprustning, så att det skapas en miljövänlig och transportsäker järnväg.","",,
1511149,Avslag, Avslag,Acklamation,0,2007/08:SkU21,0,Riksdagen tillkännager för regeringen som sin mening vad som anförs i motionen om att beskatta syntetiskt drivmedel som naturgas.,"",,
1000488,Avslag,Avslag,"",0,2017/18:UbU16,1,Riksdagen ställer sig bakom det som anförs i motionen om tillståndsgivning för utländska lärosäten och tillkännager detta för regeringen.,"",,
596430,Avslag, Avslag,Acklamation,0,2013/14:KrU4,0,Riksdagen tillkännager för regeringen som sin mening vad som anförs i motionen om lagerhållning av böcker.,"",,
2003692,Avslag,Avslag,"",0,2018/19:UU12,1,"Riksdagen ställer sig bakom det som anförs i motionen om att beakta behovet av ett tillägg i lagen (1984:3) om kärnteknisk verksamhet som förbjuder införsel av kärnvapen i landet, likt den finska lagstiftningen, och tillkännager detta för regeringen.","",,
1253805,"","","",0,2018/19:SoU8,1,Riksdagen ställer sig bakom det som anförs i motionen om att vården av och forskningen om lipödem bör ses över och tillkännager detta för regeringen.,"",,
1407839,Avslag,Avslag,"",0,2021/22:MJU14,1,Riksdagen ställer sig bakom det som anförs i motionen om att satsa mer på foodtech och innovativ livsmedelsforskning för att värna om klimatet och folkhälsan och tillkännager detta för regeringen.,"",,
1368357,Avslag, Avslag,Röstning,0,2010/11:SkU23,0,Riksdagen tillkännager för regeringen som sin mening vad som anförs i motionen om avdragsrätt eller skatteavdrag för a-kasseavgift.,"",,
1000564,Avslag,Avslag,"",0,2017/18:SkU11,1,Riksdagen ställer sig bakom det som anförs i motionen om att se över reglerna för svenska företags hantering av mervärdesskatten och tillkännager detta för regeringen.,"",,
521691,=utskottet,Avslag,"",5,2001/02:JuU10,5,Riksdagen tillkännager för regeringen som sin mening vad i motionen anförs om vikten av att underlätta för kvinnorna att biträda myndigheterna och vittna om brottsliga gärningar.,"",,
1095245,Avslag, Avslag,Acklamation,3,2007/08:KrU1,3,Riksdagen beslutar att tillskjuta ytterligare 2 miljoner kronor till anslag 28:9 Bidrag till litteratur och tidskrifter för att regeringen ska ge Kulturrådet i uppdrag att särskilt stödja utgivning av teckenspråkiga barnböcker.,"",,
1347338,Avslag,Avslag,"",0,2016/17:MJU22,2,Riksdagen ställer sig bakom det som anförs i motionen om att låta inventera och se över hur gemensamma resurser (allmänningar) i Sverige skulle kunna förvaltas på ett långsiktigt hållbart och rättvist sätt och hur en eventuell avkastning av dessa skulle kunna fördelas på ett rättvist sätt och tillkännager detta för regeringen.,"",,
3285898,Bifall,Bifall,"",1,2018/19:FiU38,1,Riksdagen antar regeringens förslag till lag om ändring i lagen (2010:751) om betaltjänster.,"",,
581870,Avslag,Avslag,"",0,2020/21:KU22,1,Riksdagen ställer sig bakom det som anförs i motionen om att inrätta ett nationellt säkerhetsråd och tillkännager detta för regeringen.,"",,
3130177,Avslag, Avslag,Acklamation,0,2007/08:SoU14,0,Riksdagen tillkännager för regeringen som sin mening vad om i motionen anförs om adoptioner av och fosterhemsplacering för barn och unga.,"",,
860507,Avslag,Avslag,"",0,2019/20:SkU21,1,Riksdagen ställer sig bakom det som anförs i motionen om att utreda möjligheten att successivt ta bort ränteavdragen på bostäder och i stället minska andra skatter och tillkännager detta för regeringen.,"",,
1073440,=utskottet,Avslag,"",3,2001/02:KU8,3,Riksdagen tillkännager för regeringen som sin mening vad i motionen anförs om garanterad valhemlighet.,"",,
532243,Avslag,Avslag,"",0,2017/18:KrU7,1,Riksdagen ställer sig bakom det som anförs i motionen om Glasets arkiv och samlingar och tillkännager detta för regeringen.,"",,
156351,Avslag, Avslag,Acklamation,2,2010/11:SoU1,2,Riksdagen tillkännager för regeringen som sin mening vad som anförs i motionen om att göra lagen om valfrihetssystem (LOV) obligatorisk för kommuner.,"",,
538745,Avslag,Avslag,"",0,2017/18:JuU29,1,Riksdagen ställer sig bakom det som anförs i motionen om åtgärder mot sexuella övergrepp och tillkännager detta för regeringen.,"",,
3131930,Avslag,Avslag,"",0,2024/25:SfU19,2,Riksdagen ställer sig bakom det som anförs i motionen om att indexera barnbidraget och införa en automatisk justering baserad på inflation och tillkännager detta för regeringen.,"",,
1328953,Avslag, Avslag,Acklamation,0,2010/11:UbU11,0,Riksdagen tillkännager för regeringen som sin mening vad som anförs i motionen om att utreda hur möjligheter kan skapas för elitidrottare att kombinera studier med elitidrottssatsning.,"",,
1048478,Avslag,Avslag,"",0,2015/16:KU13,2,"Riksdagen ställer sig bakom det som anförs i motionen om att vallagen (2005:837) bör ändras så att rösträtten gäller fr.o.m. det år som en fyller 18 år, och riksdagen tillkännager detta för regeringen.","",,
1232712,Avslag, Avslag,Acklamation,0,2005/06:SfU1,0,Riksdagen tillkännager för regeringen som sin mening vad i motionen anförs om möjligheten att se över de lägsta ersättningsnivåerna i sjukförsäkringen.,"",,
3280346,Bifall,Bifall,"",0,2020/21:CU2,3,"Riksdagen ställer sig bakom det som anförs i motionen om att regeringen skyndsamt bör återkomma till riksdagen med förslag på hur lagstiftningen om konsumenters rätt att häva köpet om färdigställandet av bostaden tar uppenbart oskälig tid kan förtydligas och stärkas, och detta tillkännager riksdagen för regeringen.","",,
1056642,Bifall,Bifall,"",0,2017/18:CU2,1,Riksdagen ställer sig bakom det som anförs i motionen om att utvärdera lagstiftningen om sjöfylleri och tillkännager detta för regeringen.,"",,
1432827,Avslag,Avslag,"",0,2021/22:JuU22,1,Riksdagen ställer sig bakom det som anförs i motionen om ytterligare rättspolitiska åtgärder mot grov och organiserad brottslighet och tillkännager detta för regeringen.,"",,
920355,Delvis bifall, Delvis bifall,Acklamation,0,2004/05:SoU10,0,Riksdagen begär att regeringen ser över om alla behandlingar av celiaki/glutenintolerans kan ingå i högkostnadsskyddet.,"",,
1778667,Avslag, Avslag,Acklamation,0,2006/07:SoU6,0,Riksdagen tillkännager för regeringen som sin mening vad i motionen anförs om att uppdra åt Socialstyrelsen att inom ramen för Socialstyrelsens informationsinsatser utföra en specifik kampanj för mässlingsvaccin.,"",,
1337657,Avslag,Avslag,"",0,2016/17:TU12,1,Riksdagen ställer sig bakom det som anförs i motionen om behovet av minskade klimatutsläpp från flygtrafiken och tillkännager detta för regeringen.,"",,
1919719,Avslag, Avslag,Acklamation,0,2002/03:TU4,0,Riksdagen begär att regeringen utreder behovet av och möjligheten att införa hälsokontroller för äldre som innehar körkort.,"",,
60273,Avslag, Avslag,Röstning,0,2002/03:UbU10,0,Riksdagen tillkännager för regeringen som sin mening vad i motionen anförs om att se över regelverket för KY-utbildningar så att entreprenörsutbildningar möjliggörs.,"",,
1352564,=utskottet,Avslag,"",0,2001/02:KrU15,0,Riksdagen tillkännager för regeringen som sin mening vad i motionen anförs om att medverka till att utreda förutsättningarna för ett nationellt kultur- och kunskapscentrum kring Carl von Linnés gärning.,"",,
1655935,=utskottet,Avslag,"",0,2001/02:NU17,0,Riksdagen tillkännager för regeringen som sin mening vad i motionen anförs om utbyggnad av naturgasförsörjningen och om naturgasens speciella förutsättningar och skatteläge.,"",,
1625605,=utskottet,Avslag,"",2,2001/02:MJU8,2,Riksdagen tillkännager för regeringen som sin mening vad i motionen anförs om tillsättandet av en parlamentarisk utredning.,"",,
1955650,Avslag,Avslag,"",0,2016/17:KrU6,1,Riksdagen ställer sig bakom det som anförs i motionen om att det för lotterier som kräver tillstånd på lottsedlarna tydligt ska framgå vem som är lotteriets förmånstagare och tillkännager detta för regeringen.,"",,
122914,Avslag, Avslag,Acklamation,0,2010/11:SoU9,0,Riksdagen tillkännager för regeringen som sin mening vad som anförs i motionen om att slopa förbudet mot homosexuella blodgivare.,"",,
276053,Bifall, Bifall,Acklamation,0,2005/06:SkU30,0,Riksdagen antar regeringens förslag till,lag om ändring i mervärdesskattelagen (1994:200).,,
242349,Avslag, Avslag,Acklamation,0,2003/04:LU22,0,Riksdagen tillkännager för regeringen som sin mening vad i motionen anförs om utredning rörande möjligheten att fördela och dela pensionspoäng.,"",,
2082083,Avslag,Avslag,"",0,2020/21:SkU22,2,Riksdagen ställer sig bakom det som anförs i motionen om att se över införande av skyddade bostadsuppgifter för extra utsatta yrkesgrupper och tillkännager detta för regeringen.,"",,
1058949,Avslag,Avslag,"",0,2019/20:SoU8,1,Riksdagen ställer sig bakom det som anförs i motionen om att skapa förutsättningar för ett mer jämlikt ekonomiskt stöd till funktionshindersorganisationer som inte passar in i den rådande strukturen för bidragssystemen i fråga om föreningsverksamhet och tillkännager detta för regeringen.,"",,
1455728,"","","",0,2018/19:NU14,1,Riksdagen ställer sig bakom det som anförs i motionen om förbättrad energiförsörjning och tillkännager detta för regeringen.,"",,
3242188,Avslag, Avslag,Röstning,0,2006/07:JuU10,0,"Riksdagen tillkännager för regeringen som sin mening vad som i motionen anförs om behovet av ett samlat stöd för barn som utsatts för våld och sexuella övergrepp och som samtidigt medger en rättssäker utredning, med s.k. barnahus.","",,
562664,Avslag, Avslag,Röstning,9,2005/06:AU11,9,Riksdagen tillkännager för regeringen som sin mening vad i motionen anförs om en nationell kostnadsberäkning på mäns våld mot kvinnor och barn.,"",,
1676205,Avslag,Avslag,"",0,2021/22:SfU18,1,"Riksdagen ställer sig bakom det som anförs i motionen om att regeringen bör ges i uppdrag att utreda formerna för en ny modell för en modern, flexibel och jämställd föräldraförsäkring och tillkännager detta för regeringen.","",,
805035,Avslag,Avslag,"",0,2019/20:SoU12,1,Riksdagen ställer sig bakom det som anförs i motionen om att par som har egna embryon i förvar ska kunna använda dem även om kvinnan själv inte kan genomföra en graviditet och tillkännager detta för regeringen.,"",,
1874167,Avslag, Avslag,Acklamation,4,2003/04:UU11,4,"Riksdagen tillkännager för regeringen som sin mening vad i motionen anförs om en sammanställning av de konventioner från FN, Europarådet och ILO som Sverige inte signerat och ratificerat.","",,
3132498,Avslag,Avslag,"",0,2016/17:JuU18,1,Riksdagen ställer sig bakom det som anförs i motionen om åtgärder för att stoppa stölder och utförsel av stulna traktorer och lantbruks- och entreprenadmaskiner och tillkännager detta för regeringen.,"",,
1574942,"","","",0,2025/26:JuU16,1,Riksdagen ställer sig bakom det som anförs i motionen om att överväga att utreda förutsättningarna för att säkerställa att personuppklaringsprocenten vid våldtäkter avsevärt höjs och tillkännager detta för regeringen.,"",,
582945,Avslag,Avslag,"",0,2015/16:JuU20,5,Riksdagen ställer sig bakom det som anförs i motionen om att kriminalisera försök och stämpling till vapenbrott och tillkännager detta för regeringen.,"",,
1943604,Avslag,Avslag,"",0,2020/21:CU14,4,"Riksdagen ställer sig bakom det som anförs i motionen om att ta fram ett förslag på strategi som leder till att de offentliga va-huvudmännen minskar sin miljöpåverkan, och detta tillkännager riksdagen för regeringen.","",,
1155514,Avslag,Avslag,"",0,2021/22:CU9,1,Riksdagen ställer sig bakom det som anförs i motionen om att införa möjligheten för privata entreprenörer att utföra vissa lantmäteriuppgifter och om att främja och underlätta för inrättandet av fler kommunala lantmäterimyndigheter och tillkännager detta för regeringen.,"",,
571030,Avslag, Avslag,Röstning,0,2007/08:NU8,0,Riksdagen tillkännager för regeringen som sin mening vad som anförs i motionen om turistnäringen som en exportprodukt.,"",,
617288,=utskottet,Avslag,"",4,2001/02:JuU10,4,Riksdagen tillkännager för regeringen som sin mening vikten av att handel med kvinnor ses som ett brott i brottsbalken och att  straffsatserna blir högre än om man döms för koppleri.,"",,
3261423,Avslag, Avslag,Röstning,0,2012/13:AU8,0,Riksdagen tillkännager för regeringen som sin mening vad som anförs i motionen om att undantaget i turordningsregeln i LAS bör tas bort.,"",,
556697,=utskottet,Avslag,"",0,2001/02:SoU13,0,Riksdagen tillkännager för regeringen som sin mening vad i motionen anförts om insatser för behandling av patienter med AMD.,"",,
276343,Avslag,Avslag,"",0,2020/21:SfU17,1,Riksdagen ställer sig bakom det som anförs i motionen om att möjliggöra överlåtande av föräldraledighet och tillkännager detta för regeringen.,"",,
2030560,Avslag, Avslag,Acklamation,0,2003/04:TU10,0,Riksdagen tillkännager för regeringen som sin mening vad som i motionen anförs om vikten av att standardhöja Europaväg 20.,"",,
751148,Avslag, Avslag,Röstning,2,2011/12:JuU15,2,Riksdagen tillkännager för regeringen som sin mening vad som anförs i motionen om att tillåta polisen att utöva brottsprovokation.,"",,
513226,Avslag,Avslag,"",0,2017/18:MJU16,1,Riksdagen ställer sig bakom det som anförs i motionen om att se över förutsättningar för en nationell strategi för säkerställande av hög dricksvattenkvalitet i hela landet och tillkännager detta för regeringen.,"",,
369524,Avslag,Avslag,"",0,2017/18:SfU1,1,"Riksdagen ställer sig bakom det som anförs i motionen om en översyn av sjukförsäkringens tidsgränser och Försäkringskassans tillämpning av rättspraxis i syfte att säkerställa en rättssäker sjukförsäkring som ger ekonomisk trygghet vid sjukdom, och detta tillkännager riksdagen för regeringen.","",,
1174766,Avslag,Avslag,"",0,2022/23:KrU8,1,Riksdagen ställer sig bakom det som anförs i motionen om kultur och natur på recept och tillkännager detta för regeringen.,"",,
1072886,=utskottet,Avslag,"",0,2001/02:KU9,0,Riksdagen beslutar att Europadagen den 9 maj blir allmän flaggdag.,"",,
391262,Bifall, Bifall,Acklamation,0,2003/04:SkU13,0,Riksdagen antar regeringens förslag till ,lag om ändring i inkomstskattelagen (1999:1229).,,
1181971,Avslag, Avslag,Acklamation,0,2007/08:UbU6,0,Riksdagen tillkännager för regeringen som sin mening vad som anförs i motionen om inackorderingstillägget.,"",,
1657092,=utskottet,Avslag,"",0,2001/02:NU12,0,Riksdagen tillkännager för regeringen som sin mening vad i motionen anförts om en utökad satsning på turismen i Sverige.,"",,
1129054,Avslag,Avslag,"",0,2023/24:SkU14,2,Riksdagen ställer sig bakom det som anförs i motionen om att sänka mervärdesskatten till 6 procent för danstillställningar och tillkännager detta för regeringen.,"",,
154556,Avslag, Avslag,Acklamation,7,2009/10:AU6,7,Riksdagen tillkännager för regeringen som sin mening vad som anförs i motionen om att regeringen bör understödja mäns delaktighet i arbetet på hela jämställdhetsområdet.,"",,
2078103,Avslag, Avslag,Röstning,0,2003/04:KU13,0,Riksdagen begär att regeringen lägger fram förslag till en sådan ändring av vallagen att de som fyller 18 år under år då allmänna val hålls blir röstberättigade.,"",,
1361321,Avslag, Avslag,Acklamation,0,2013/14:SoU7,0,Riksdagen tillkännager för regeringen som sin mening vad som anförs i motionen om behovet av en lag om assistanshundar.,"",,
420620,Avslag, Avslag,Acklamation,0,2008/09:JuU17,0,Riksdagen tillkännager för regeringen som sin mening vad som anförs i motionen om en översyn av 3 kap. brottsbalken.,"",,
2136114,Avslag,Avslag,"",0,2018/19:JuU10,4,Riksdagen ställer sig bakom det som anförs i motionen om att kommuner ska kunna besluta om lokala ordningsföreskrifter och tillkännager detta för regeringen.,"",,
2045073,Avslag,Avslag,"",0,2020/21:SfU17,6,Riksdagen ställer sig bakom det som anförs i motionen om full ersättning enligt vab vid en eventuell skolstängning och tillkännager detta för regeringen.,"",,
1379365,Avslag,Avslag,"",0,2014/15:KrU11,1,Riksdagen tillkännager för regeringen som sin mening vad som anförs i motionen om att regeringen bör återkomma med förslag om hur regelverket och tillsynen ska kunna skärpas i syfte att förhindra att våldsbejakande och icke-demokratiska organisationer får skattefinansierat stöd.,"",,
305040,Delvis bifall,Delvis bifall,"",0,2016/17:CU8,1,Riksdagen ställer sig bakom det som anförs i motionen om en stärkt privat äganderätt i syfte att förhindra ockupation av privat mark och tillkännager detta för regeringen.,"",,
745540,Avslag, Avslag,Acklamation,0,2010/11:MJU17,0,Riksdagen tillkännager för regeringen som sin mening vad som anförs i motionen om att se över förutsättningarna för att införa ett pantsystem på batterier.,"",,
417802,=utskottet,Bifall,"",4,2001/02:AU6,4,Regeringen föreslår att riksdagen godkänner Internationella arbetsorganisationens (ILO) konvention (nr 175) om deltidsarbete.,"",,
293701,"","","",0,"",1,Riksdagen ställer sig bakom det som anförs i motionen om att regeringen ska föra samtal med Göteborgs stad om att muddra farleden till Fiskebäcks hamn och tillkännager detta för regeringen.,"",,
699798,Avslag,Avslag,"",0,2019/20:AU7,2,Riksdagen ställer sig bakom det som anförs i motionen om att se över skadeståndsbeloppen i diskrimineringsmål och tillkännager detta för regeringen.,"",,
689997,Avslag,Avslag,"",0,2016/17:UbU3,1,Riksdagen avslår proposition 2015/16:184 om en särskild kvot med förtur i kö till friskolor för nyanlända.,"",,
587020,Avslag,Avslag,"",0,2021/22:TU19,1,"Riksdagen ställer sig bakom det som anförs i motionen om att utse Södermanland till pilotlän för att sätta nya utarbetade rutiner, samarbeten och tider i verket samt utvärdera dessa för att möjliggöra för fler att ta körkort och tillkännager detta för regeringen.","",,
1150995,Avslag, Avslag,Röstning,2,2003/04:UU3,2,Riksdagen tillkännager för regeringen som sin mening vad i motionen anförs om att Sverige bör öka sitt stöd till WFP. ,"",,
704537,Avslag,Avslag,"",0,2019/20:SoU12,2,Riksdagen ställer sig bakom det som anförs i motionen om fosterdiagnostik i tidigt stadium för föräldrar med nära släktband och tillkännager detta för regeringen.,"",,
1013392,Avslag, Avslag,Acklamation,6,2011/12:MJU21,6,Riksdagen tillkännager för regeringen som sin mening vad som anförs i motionen om att uppmärksamma kommunerna på det koncept som beskrivs i motionen och som går ut på att både bryta människors ensamhet och ge övergivna katter ett nytt hem.,"",,
1326828,Avslag, Avslag,Röstning,0,2013/14:CU14,0,Riksdagen tillkännager för regeringen som sin mening vad som anförs i motionen om kontraheringsplikten och möjligheten att teckna personförsäkring.,"",,
2232584,Avslag,Avslag,"",0,2022/23:SkU10,1,"Riksdagen ställer sig bakom det som anförs i motionen om att konkurrensrekvisitet måste kompletteras på så sätt att det tydligt framgår av lagtexten att undantaget kan tillämpas under förutsättning att någon verklig snedvridning av konkurrensen inte uppkommer, och detta tillkännager riksdagen för regeringen.","",,
1519779,Avslag,Avslag,"",0,2018/19:UbU3,3,Riksdagen ställer sig bakom det som anförs i motionen om att se över konsekvenserna av en fluktuerande kronkurs för Rymdstyrelsens finansiering och tillkännager detta för regeringen.,"",,
1109279,Avslag, Avslag,Röstning,0,2010/11:TU13,0,Riksdagen tillkännager för regeringen som sin mening vad som anförs i motionen om rullstolstaxi.,"",,
1036308,"","","",0,"",1,"Riksdagen ställer sig bakom det som anförs i motionen om att effektutvärdera kemikalieskatten med fokus på dess samhällsekonomiska, arbetsmarknadsmässiga och cirkulära effekter och tillkännager detta för regeringen.","",,
459204,=utskottet,avslag,"",1,2000/01:SoU7,1,Riksdagen begär hos regeringen en utredning om barns och ungdomars hälsa.,"",,
2111739,Avslag, Avslag,Röstning,0,2012/13:KU19,0,Riksdagen tillkännager för regeringen som sin mening vad som anförs i motionen om vikten av att verka för en enhetlig statlig service i hela landet.,"",,
1541933,Avslag,Avslag,"",0,2021/22:SkU16,1,Riksdagen ställer sig bakom det som anförs i motionen om att momsen på gästhamnsavgifter ska sänkas till motsvarande för campingplatser på land och tillkännager detta för regeringen.,"",,
1298601,Bifall,Bifall,"",6,2019/20:JuU34,6,Riksdagen antar regeringens förslag till lag om ändring i lagen (2018:1250) om tillgodoräknande av tid för frihetsberövande.,"",,
535361,Avslag,Avslag,"",0,2016/17:TU17,1,Riksdagen ställer sig bakom det som anförs i motionen om att regeringen ska verka för en sammanhållen nattågstrafik i Europa och tillkännager detta för regeringen.,"",,
522188,=utskottet,Bifall,"",0,2001/02:UFöU2,0,Regeringen föreslår att riksdagen bemyndigar regeringen att ställa en väpnad styrka om högst 45 personer till förfogande under högst sex månader som ett svenskt bidrag till en multinationell säkerhetsstyrka i Afghanistan auktoriserad av Förenta nationerna.,"",,
775214,"","","",0,2025/26:AU8,7,"Riksdagen ställer sig bakom det som anförs i motionen om att Sverige i EU-samarbetet ska se över möjligheten att verka för en gemensam värdegrundsstrategi, liknande de satsningar som genomförts i exempelvis Danmark och Finland, för att möta integrationsutmaningar och värna frihet och fred, och detta tillkännager riksdagen för regeringen.","",,
1781197,Avslag,Avslag,"",0,2021/22:SoU14,1,Riksdagen ställer sig bakom det som anförs i motionen om att ge regeringen i uppdrag att tillsätta en bred utredning kring dödshjälp och tillkännager detta för regeringen.,"",,
1721206,Avslag,Avslag,"",0,2024/25:SkU15,1,Riksdagen ställer sig bakom det som anförs i motionen om att regeringen om möjligt bör överväga att se över skatten på öl för de små bryggerierna och tillkännager detta för regeringen.,"",,
402252,Avslag, Avslag,Röstning,0,2007/08:NU14,0,Riksdagen tillkännager för regeringen som sin mening vad som anförs i motionen om vikten av att stärka Konkurrensverkets befogenheter.,"",,
1865595,Avslag, Avslag,Acklamation,0,2007/08:TU1,0,Riksdagen tillkännager för regeringen som sin mening vad som anförs i motionen om riksväg 50.,"",,
447603,Avslag,Avslag,"",0,2021/22:JuU40,1,Riksdagen ställer sig bakom det som anförs i motionen om att utreda åtgärder och andra insatser mot djurrättsextremisters brottslighet och tillkännager detta för regeringen.,"",,
1074876,"","","",0,2025/26:UbU21,3,Riksdagen ställer sig bakom det som anförs i motionen om uppföljning med fördjupad barnkonsekvensanalys och tillkännager detta för regeringen.,"",,
1238685,Avslag, Avslag,Acklamation,0,2011/12:MJU14,0,Riksdagen tillkännager för regeringen som sin mening vad som anförs i motionen om behovet av en aktionsplan för att utrota den kraftigt giftiga jättebjörnlokan i Sverige.,"",,
879627,Avslag, Avslag,Acklamation,3,2008/09:SoU13,3,Riksdagen tillkännager för regeringen som sin mening vad som anförs i motionen om att personal inom hälso- och sjukvården får till uppgift att vid patientkontakter informera och lämna material om möjligheten att anmäla sig som donator och hur viktig en sådan insats verkligen är.,"",,
314479,Avslag,Avslag,"",0,2015/16:SkU20,1,Riksdagen ställer sig bakom det som anförs i motionen om att överväga ett avvecklande av källskattesystemet och tillkännager detta för regeringen.,"",,
1343254,Avslag, Avslag,Acklamation,3,2004/05:SoU3,3,Riksdagen tillkännager för regeringen som sin mening vad som i motionen anförs om adoptionsbidrag.,"",,
1435179,Avslag, Avslag,Acklamation,0,2002/03:SfU1,0,Riksdagen tillkännager för regeringen som sin mening vad i motionen anförs om omdisponering av medel för rehabilitering.,"",,
3318343,Avslag,Avslag,"",0,2022/23:CU4,4,Riksdagen ställer sig bakom det som anförs i motionen om digitaliseringen av lantmäteriverksamheterna och tillkännager detta för regeringen.,"",,
3262716,Avslag,Avslag,"",0,2024/25:SfU18,1,Riksdagen ställer sig bakom det som anförs i motionen om att se över möjligheten att göra det obligatoriskt att genomföra PCR-test i situationer som så kräver för att exempelvis kunna genomföra utvisningar och tillkännager detta för regeringen.,"",,
1324905,Avslag,Avslag,"",0,2019/20:FöU7,1,"Riksdagen ställer sig bakom det som anförs i motionen om att det bör göras en översyn av lagstiftningen i syfte att förbättra tillsynen, skärpa regleringen kring användningen av fyrverkerier och öka efterlevnaden av lagstiftningen och tillkännager detta för regeringen.","",,
3122039,Avslag, Avslag,Röstning,0,2012/13:MJU12,0,Riksdagen tillkännager för regeringen som sin mening vad som anförs i motionen om att se över förutsättningarna för att bättre infoga proportionalitetsprincipens tillämpning i fråga om strandskyddet.,"",,
2044670,Avslag,Avslag,"",0,2018/19:TU4,1,Riksdagen ställer sig bakom det som anförs i motionen om att i infrastrukturplaneringen studera förutsättningarna för förbättrad mobiltäckning i hela landet och tillkännager detta för regeringen.,"",,
2128134,Avslag,Avslag,"",0,2020/21:NU18,1,Riksdagen ställer sig bakom det som anförs i motionen om att överväga att uppdatera mineralstrategin och tillkännager detta för regeringen.,"",,
1751497,Avslag,Avslag,"",0,2016/17:SfU1,1,"Riksdagen ställer sig bakom det som anförs i motionen om att en översyn bör göras av berörda regelverk, för att analysera möjligheten att ge även personer som förtidspensionerades före 2003 möjlighet att få stöd från Arbetsförmedlingen och andra offentliga aktörer för att komma tillbaka till arbetslivet, och detta tillkännager riksdagen för regeringen.","",,
3103557,Avslag,Avslag,"",0,2016/17:UbU15,1,Riksdagen ställer sig bakom det som anförs i motionen om slumpvisa drogtester i gymnasieskolan och tillkännager detta för regeringen.,"",,
384410,Avslag,Avslag,"",0,2017/18:UU10,1,"Riksdagen ställer sig bakom det som anförs i motionen om att regeringen ska verka för att hjälpa vissa bönder inom Undocs skördeutbytesprogram så att de lättare kan sälja sina produkter i Europa, och detta tillkännager riksdagen för regeringen.","",,
1017912,Avslag, Avslag,Acklamation,18,2005/06:JuU33,18,Riksdagen tillkännager för regeringen som sin mening vad i motionen anförs om behovet av att berika den svenska kriminalvården med de lärdomar som kan tas från Kanadamodellen.,"",,
823698,Avslag, Avslag,Acklamation,0,2008/09:JuU21,0,Riksdagen tillkännager för regeringen som sin mening vad som anförs i motionen om att utbilda kvinnofridshundar.,"",,
1978269,Avslag, Avslag,Acklamation,0,2005/06:MJU3,0,Riksdagen tillkännager för regeringen som sin mening vad i motionen anförs om strandskyddet.,"",,
494020,= utskottet,avslag,"",1,2000/01:JuU32,1,Riksdagen tillkännager för regeringen som sin mening vad i motionen anförs om behovet av åtgärder syftande till att göra rättsintygen tydligare.,"",,
103312,Avslag,Avslag,"",0,2017/18:UbU19,1,Riksdagen ställer sig bakom det som anförs i motionen om att byta ut begreppet särskola och tillkännager detta för regeringen.,"",,
1914262,Avslag,Avslag,"",0,2024/25:AU5,1,Riksdagen ställer sig bakom det som anförs i motionen om att överväga att utreda nationell integrationsplikt för invandrare och tillkännager detta för regeringen.,"",,
954128,Bifall,Bifall,"",13,2018/19:FiU15,13,Riksdagen antar regeringens förslag till lag om ändring i lagen (2014:968) om särskild tillsyn över kreditinstitut och värdepappersbolag.,"",,
3312658,Avslag,Avslag,"",0,2024/25:SkU13,4,Riksdagen ställer sig bakom det som anförs i motionen om att göra det möjligt att ta ut fastighetsavgift på nya bostäder som används som fritidsbostäder och tillkännager detta för regeringen.,"",,
1072252,=utskottet,Avslag,"",0,2001/02:KU21,0,Riksdagen tillkännager för regeringen som sin mening vad i motionen anförs om reglering av sena opinionsundersökningar.,"",,
409267,Bifall, Bifall,Acklamation,4,2013/14:AU8,4,Riksdagen antar regeringens förslag till,lag om ändring i lagen (2012:854) om uthyrning av arbetstagare.,,
175642,=utskottet,Avslag,"",12,2001/02:FiU19,12,Riksdagen tillkännager för regeringen som sin mening vad i motionen anförs om åtgärder för att motverka negativ segregation i invandrartäta områden.,"",,
1243329,Avslag, Avslag,Acklamation,0,2013/14:CU1,0,Riksdagen tillkännager för regeringen som sin mening vad som anförs i motionen om att öka årsrika människors rörlighet på bostadsmarknaden.,"",,
2096840,Avslag,Avslag,"",0,2018/19:TU17,1,Riksdagen ställer sig bakom det som anförs i motionen om att granska möjligheten att vidta ytterligare åtgärder för att minska problemet med spårspring på våra järnvägar och tillkännager detta för regeringen.,"",,
980896,Avslag,Avslag,"",0,2019/20:SoU12,1,"Riksdagen ställer sig bakom det som anförs i motionen om att studera förutsättningarna för en förkortad karenstid för MSM-personer (män som har sex med män) som blodgivare och att individuella bedömningar, oberoende av individens sexuella läggning, blir norm och tillkännager detta för regeringen.","",,
2050890,Avslag, Avslag,Acklamation,0,2005/06:SkU21,0,Riksdagen tillkännager för regeringen som sin mening vad som i motionen anförs om vikten av att personer med skyddad identitet garanteras ett fullgott skydd.,"",,
324138,Avslag, Avslag,Acklamation,0,2004/05:SkU17,0,Riksdagen avslår förslaget i propositionen om att försämra de skattemässiga villkoren för avsättningar till periodiseringsfonder.,"",,
381092,Avslag, Avslag,Acklamation,0,2005/06:UbU15,0,Riksdagen tillkännager för regeringen som sin mening vad i motionen anförs om att utreda hur Lunds universitets historiska museum skall leva vidare och utvecklas.,"",,
597629,Avslag, Avslag,Acklamation,0,2013/14:KrU10,0,Riksdagen tillkännager för regeringen som sin mening vad som anförs i motionen om att se över möjligheten att göra skogsmuseet i Lycksele till ett nationellt museum.,"",,
1127602,=utskottet,Avslag,"",10,2001/02:TU1,10,Riksdagen tillkännager för regeringen som sin mening vad i motionen anförs om sjöfartens investeringsbehov.,"",,
3338887,Avslag,Avslag,"",0,2020/21:CU11,1,Riksdagen ställer sig bakom det som anförs i motionen om att utreda förutsättningarna för att få en lagstiftning om fastighetsbildning som är modern och främjar möjligheterna att bygga och bo i hela landet och tillkännager detta för regeringen.,"",,
1074116,Avslag, Avslag,Röstning,17,2003/04:FiU1,17,"Riksdagen begär att regeringen återkommer med förslag till viss ändring av beslutet om avskaffat särskilt grundavdrag, såvitt gäller personer med änkepension, i enlighet med vad som anförs i motionen.","",,
1724561,Avslag,Avslag,"",0,2023/24:NU13,2,Riksdagen ställer sig bakom det som anförs i motionen om att ta fram en tydlig strategi för ökad export av svensk mat och tillkännager detta för regeringen.,"",,
104064,Avslag,Avslag,"",0,2018/19:TU5,1,"Riksdagen ställer sig bakom det som anförs i motionen om att riksväg 40, sträckan mellan Borås och Jönköping, i sin helhet bör byggas om till motorväg och att den fortsatta sträckningen från Nässjö till Västervik bör byggas om till två-plus-ett-väg och tillkännager detta för regeringen.","",,
1934356,Avslag, Avslag,Acklamation,2,2003/04:AU4,2,"Riksdagen tillkännager för regeringen, vid avslag på yrkande 1, som sin mening vad i motionen anförs om en förlängd semester som ersättning för dagens nationella helgdagar.","",,
1430672,Avslag, Avslag,Acklamation,0,2002/03:JuU6,0,Riksdagen tillkännager för regeringen som sin mening vad i motionen anförs om elektronisk övervakning av fångar.,"",,
751293,Avslag,Avslag,"",0,2019/20:KrU8,1,Riksdagen ställer sig bakom det som anförs i motionen om att utbilda idrottsföreningarna i barnrättsperspektivet och tillkännager detta för regeringen.,"",,
1404967,Avslag,Avslag,"",0,2025/26:CU1,1,"Riksdagen anvisar anslagen för 2026 inom utgiftsområde 18 Samhällsplanering, bostadsförsörjning och byggande samt konsumentpolitik enligt förslaget i tabell A i motionen.","",,
1974723,Avslag,Avslag,"",0,2024/25:KrU4,1,Riksdagen ställer sig bakom det som anförs i motionen om att förbättra produktionsincitamenten för den svenska filmbranschen och tillkännager detta för regeringen.,"",,
381483,Avslag, Avslag,Acklamation,0,2010/11:KrU5,0,Riksdagen tillkännager för regeringen som sin mening vad som anförs i motionen om att tv-licensen ska täcka upphovsrättskostnader.,"",,
2165824,Delvis bifall,Delvis bifall,"",0,2018/19:JuU1,3,Riksdagen ställer sig bakom det som anförs i motionen om Sveriges Domstolar och tillkännager detta för regeringen.,"",,
826830,Avslag, Avslag,Acklamation,0,2013/14:MJU17,0,Riksdagen tillkännager för regeringen som sin mening vad som anförs i motionen om att jämställa andra ursprungliga näringar och kulturer med rennäringen vad gäller rättigheter och skyldigheter.,"",,
3283418,"","","",1,"",1,Riksdagen tillkännager för regeringen som sin mening vad i motionen anförs om behovet av att bygga ut riksväg 70 mellan Enköping och Avesta.,"",,
1974803,Bifall,Bifall,"",0,2021/22:SkU27,1,Riksdagen ställer sig bakom det som anförs i motionen om att beloppsgränsen för krav på uppgifter om stödmottagare bör sättas till EU:s minimikrav i stället för 15 000 euro och tillkännager detta för regeringen.,"",,
786007,"","","",0,2025/26:UbU12,1,"Riksdagen ställer sig bakom det som anförs i motionen om att beakta Högskolan i Jönköpings betydelse för nationens och regionens ekonomiska tillväxt, kompetensförsörjning och innovationskraft och tillkännager detta för regeringen.","",,
1020687,=utskottet,Avslag,"",2,2001/02:TU1,2,Riksdagen tillkännager för regeringen som sin mening vad som i motionen anförs om lika konkurrensförhållande mellan förbindelselederna över Öresund.,"",,
2024721,Avslag, Avslag,Röstning,0,2002/03:TU1,0,Riksdagen tillkännager för regeringen som sin mening vad i motionen anförs om ett ökat anslag till enskilda vägar.,"",,
79055,Avslag,Avslag,"",0,2017/18:SoU13,1,Riksdagen ställer sig bakom det som anförs i motionen om Skolfammodellen och tillkännager detta för regeringen.,"",,
1363593,=utskottet,Avslag,"",6,"",6,"Riksdagen tillkännager för regeringen som sin mening vad i motionen anförs om att den juridiska hanteringen av ""must carry-principen"" måste ses över och ett förslag läggas fram. ","",,
1718015,Bifall, Bifall,Acklamation,0,2006/07:UbU16,0,Riksdagen antar regeringens förslag till,lag om ändring i sekretesslagen (1980:100).,,
1767188,Avslag, Avslag,Acklamation,0,2006/07:JuU1,0,Riksdagen tillkännager för regeringen som sin mening vad som i motionen anförs om utbildning av verksamma inom rättsväsendet för att motverka diskriminering och hatbrott.,"",,
274409,Avslag,Avslag,"",0,2021/22:KU35,2,Riksdagen ställer sig bakom det som anförs i motionen om en översyn av reglementet kring övernattningslägenheter och tillkännager detta för riksdagsstyrelsen.,"",,
409622,Avslag, Avslag,Acklamation,0,2007/08:NU16,0,Riksdagen tillkännager för regeringen som sin mening vad som anförs i motionen om nolltolerans mot piratkopiering inom statliga myndigheter.,"",,
1490795,=utskottet,delvis bifall,"",1,2000/01:SkU14,1,Riksdagen tillkännager för regeringen som sin mening vad i motionen anförs om översyn av förmånsbilsbeskattningen.,"",,
2239894,=utskottet,Avslag,"",0,2001/02:FiU7,0,Riksdagen tillkännager för regeringen som sin mening vad i motionen anförs om Sjätte AP-fondens behov av samma utlandsmandat som övriga AP-fonder.,"",,
1273877,Avslag,Avslag,"",0,2022/23:SoU20,1,Riksdagen ställer sig bakom det som anförs i motionen om att se över en avveckling av Folkhälsomyndigheten i sin nuvarande form och fördela ansvaret på andra myndigheter och tillkännager detta för regeringen.,"",,
2188099,=utskottet,avslag,"",1,2000/01:UU4,1,Riksdagen tillkännager för regeringen som sin mening vad som i motionen anförs om Sveriges säkerhetspolitiska definition.,"",,
2242326,Avslag,Avslag,"",0,2022/23:FiU1,1,Riksdagen avslår regeringens förslag om tillfälligt sänkt skatt på drivmedel.,"",,
883431,Avslag, Avslag,Röstning,0,2006/07:FöU10,0,Riksdagen avslår proposition 2006/07:63 En anpassad försvarsunderrättelseverksamhet.,"",,
1537520,Avslag,Avslag,"",0,2016/17:UbU17,1,Riksdagen ställer sig bakom det som anförs i motionen om att införa ett förbud mot muslimsk slöja i den svenska grundskolan och tillkännager detta för regeringen.,"",,
813409,Avslag, Avslag,Röstning,0,2009/10:FöU8,0,Riksdagen tillkännager för regeringen som sin mening vad som anförs i motionen om allmän värnplikt.,"",,
1532199,Avslag,Avslag,"",0,2016/17:SfU15,1,Riksdagen ställer sig bakom det som anförs i motionen om humanitärt undantag och tillkännager detta för regeringen.,"",,
525098,Avslag, Avslag,Röstning,0,2013/14:AU6,0,Riksdagen tillkännager för regeringen som sin mening vad som anförs i motionen om att heltid ska vara norm på den svenska arbetsmarknaden.,"",,
1649558,Avslag, Avslag,Acklamation,0,2003/04:LU22,0,Riksdagen tillkännager för regeringen som sin mening vad i motionen anförs om att reglerna i 3 kap. ärvdabalken bör ändras så att efterlevande makes arvsrätt endast omfattar den avlidne makens giftorättsgods.,"",,
1901185,Avslag,Avslag,"",0,2024/25:CU15,1,Riksdagen ställer sig bakom det som anförs i motionen om att överväga ett starkare skydd för Vätterns vatten och tillkännager detta för regeringen.,"",,
295890,Avslag,Avslag,"",0,2024/25:CU8,7,Riksdagen ställer sig bakom det som anförs i motionen om att göra en översyn av budgivningsprocessen och tillkännager detta för regeringen.,"",,
1758450,Avslag,Avslag,"",0,2023/24:NU11,1,Riksdagen ställer sig bakom det som anförs i motionen om behovet av att revidera den nationella strategin för socialt företagande i syfte att ytterligare öka antalet sociala företag i Sverige och tillkännager detta för regeringen.,"",,
225891,"","","",3,"",3,Riksdagen tillkännager för regeringen som sin mening vad som anförs i motionen om att i infrastrukturplaneringen studera förutsättningarna för hur Sverige ska ta tillvara möjligheterna med bättre kommunikationer med Nordland och Helgelandsregionerna.,"",,
1467779,=utskottet,avslag,"",1,2000/01:UbU1,1,Riksdagen tillkännager för regeringen som sin mening vad i motionen anförs om en högskolesatsning för regional utveckling.,"",,
1776834,Avslag, Avslag,Röstning,18,2005/06:KrU14,18,Riksdagen tillkännager för regeringen som sin mening vad i motionen anförs om att riktlinjerna för Folkbildningsrådet skall ses över och bli tydligare.,"",,
1400455,Avslag,Avslag,"",0,2017/18:UU21,1,"Riksdagen ställer sig bakom det som anförs i motionen om krav på uppföljning, resultat och konsekvensanalyser och tillkännager detta för regeringen.","",,
3284579,Avslag,Avslag,"",0,2020/21:FiU20,1,Riksdagen ställer sig bakom det som anförs i motionen om att överväga att inrätta en nationell handlingsplan för att utjämna inkomstskillnaderna i Sverige och tillkännager detta för regeringen.,"",,
1082959,"","","",0,2025/26:JuU42,2,"Riksdagen ställer sig bakom det som anförs i motionen om att regeringen bör återkomma med en ny översyn av brottsbalken, med brett mandat och ordentligt med tid att föreslå nödvändiga förbättringar och straffskärpningar, och tillkännager detta för regeringen.","",,
3259187,Avslag,Avslag,"",0,2024/25:SoU15,1,"Riksdagen ställer sig bakom det som anförs i motionen om att se över förutsättningar och möjligheter till en mer flexibel vardag för synskadade genom att ha tillgång till ledarhund, och detta tillkännager riksdagen för regeringen.","",,
3126135,Avslag,Avslag,"",0,2016/17:MJU7,8,Riksdagen ställer sig bakom det som anförs i motionen om att regeringen bör vara pådrivande i att fler farliga ämnen hamnar på EU:s kandidatlista över farliga ämnen och tillkännager detta för regeringen.,"",,
198856,Avslag, Avslag,Acklamation,0,2004/05:LU10,0,Riksdagen tillkännager för regeringen som sin mening att ogifta föräldrar automatiskt bör ges gemensam vårdnad i enlighet med vad som anförs i motionen.,"",,
1760918,Avslag,Avslag,"",0,2016/17:SkU25,1,Riksdagen ställer sig bakom det som anförs i motionen om att se över reglerna för svenska företags hantering av mervärdesskatten och tillkännager detta för regeringen.,"",,
1501325,Avslag,Avslag,"",0,2014/15:KrU2,1,Riksdagen tillkännager för regeringen som sin mening vad som anförs i motionen om att utveckla Dalhalla till ett internationellt dragplåster som arena för sommaropera för att därmed stimulera spridning av operakonsten såväl geografiskt som befolkningsmässigt.,"",,
2198087,Avslag,Avslag,"",0,2015/16:MJU9,1,"Riksdagen ställer sig bakom det som anförs i motionen om att, i samverkan med berörda aktörer, utveckla den svenska hästnäringens potential och tillkännager detta för regeringen.","",,
349628,Avslag,Avslag,"",0,2021/22:CU13,1,Riksdagen ställer sig bakom det som anförs i motionen om att begränsa och bättre precisera riksintressenas areal och tillkännager detta för regeringen.,"",,
858005,Avslag,Avslag,"",0,2019/20:SoU12,1,Riksdagen ställer sig bakom det som anförs i motionen om att se över möjligheterna att ta bort övre åldersgränser för undersökningar i vården och tillkännager detta för regeringen.,"",,
3258353,Avslag, Avslag,Röstning,0,2011/12:FiU32,0,Riksdagen tillkännager för regeringen som sin mening vad som anförs i motionen om att den svenska upphandlingslagstiftningen snarast bör utvärderas med syfte att undanröja de hinder som omöjliggör för kommuner och landsting att utifrån svensk kommunallagstiftning fritt organisera sin verksamhet.,"",,
792858,Avslag, Avslag,Acklamation,0,2009/10:UbU8,0,Riksdagen tillkännager för regeringen som sin mening vad som anförs i motionen om behovet av ANT-kunskap i den svenska skolan.,"",,
2011773,Avslag, Avslag,Acklamation,0,2012/13:KU19,0,Riksdagen tillkännager för regeringen som sin mening vad som anförs i motionen om avidentifierade myndighetshandlingar.,"",,
1663785,Avslag,Avslag,"",0,2023/24:UbU13,2,Riksdagen ställer sig bakom det som anförs i motionen om att överväga bättre möjligheter för utbildningsarrangörer att bedriva särskilt förberedande utbildningar för studenters behörighet till yrkeshögskoleutbildningar och tillkännager detta för regeringen.,"",,
3306245,Avslag, Avslag,Röstning,0,2008/09:SkU6,0,Riksdagen beslutar att det s.k. miljöbilsundantaget i lagen (2004:629) om trängselskatt ska upphöra att gälla den 1 juli 2009.,"",,
729961,Avslag,Avslag,"",0,2023/24:NU11,1,Riksdagen ställer sig bakom det som anförs i motionen om att mäta och följa upp hur det går för kvinnors företagande och kvinnors tillgång till riskkapital och tillkännager detta för regeringen.,"",,
279317,Avslag, Avslag,Acklamation,0,2005/06:UbU11,0,Riksdagen tillkännager för regeringen som sin mening vad i motionen anförs om mer fysisk aktivitet i skolan.,"",,
2012578,Avslag, Avslag,Acklamation,0,2013/14:SoU14,0,Riksdagen tillkännager för regeringen som sin mening vad som anförs i motionen om möjligheten att överväga en översyn av alkohollagen.,"",,
1499397,Avslag, Avslag,Röstning,3,2013/14:JuU11,3,Riksdagen tillkännager för regeringen som sin mening vad som anförs i motionen om ett digitalt system för ärenden om användning av hemliga tvångsmedel.,"",,
672764,Avslag, Avslag,Röstning,0,2011/12:JuU8,0,Riksdagen tillkännager för regeringen som sin mening vad som anförs i motionen om att se över regelverk och lagstiftning om registrering av mobilnummer.,"",,
986596,Avslag, Avslag,Acklamation,0,2009/10:SkU30,0,Riksdagen tillkännager för regeringen som sin mening vad som anförs i motionen om möjlighet till byte av personuppgifter för personer som lever under hot från närstående eller en tidigare partner.,"",,
299035,=utskottet,avslag,"",1,2000/01:SoU1,1,Riksdagen tillkännager för regeringen som sin mening vad i motionen anförs om tandvårdsstödet.,"",,
1025381,Avslag, Avslag,Acklamation,0,2006/07:UbU8,0,Riksdagen tillkännager för regeringen som sin mening vad i motionen anförs om att skollagen utvärderas och förtydligas för att värna den avgiftsfria undervisningen.,"",,
1237133,Avslag, Avslag,Acklamation,0,2005/06:JuU1,0,Riksdagen tillkännager för regeringen som sin mening vad i motionen anförs om en polishögskola i Borås.,"",,
1440483,Avslag, Avslag,Röstning,0,2013/14:SkU18,0,Riksdagen tillkännager för regeringen som sin mening vad som anförs i motionen om att se över möjligheterna att avskaffa dansbandsmomsen.,"",,
1642758,"","","",0,2025/26:UbU8,1,Riksdagen ställer sig bakom det som anförs i motionen om att ändra skollagen för att möjliggöra för skolhuvudmän att samverka vid omplacering av elever och tillkännager detta för regeringen.,"",,
851689,Avslag, Avslag,Acklamation,0,2008/09:UU10,0,Riksdagen tillkännager för regeringen som sin mening vad som anförs i motionen om att Sverige bör verka för att en särskild barnkommissionär inrättas i EU.,"",,
1282947,Avslag, Avslag,Acklamation,6,2003/04:UbU9,6,Riksdagen tillkännager för regeringen som sin mening vad i motionen anförs om att modeller som bygger på medling förstärker ojämna maktförhållanden mellan elever.,"",,
1569025,Avslag, Avslag,Röstning,0,2005/06:TU13,0,Riksdagen tillkännager för regeringen som sin mening vad i motionen anförs om behovet av att införa omkörningsförbud för motortrafik i samband med att barn går på och av sin skolskjuts.,"",,
106464,Avslag, Avslag,Röstning,0,2004/05:UU6,0,Riksdagen tillkännager för regeringen som sin mening vad i motionen anförs om att Sverige inom EU med kraft verkar för att EU-ländernas nuvarande vapenexportembargo gentemot Folkrepubliken Kina inte hävs.,"",,
2088267,Avslag, Avslag,Acklamation,0,2013/14:SfU1,0,Riksdagen tillkännager för regeringen som sin mening vad som anförs i motionen om att utreda frågan om införandet av dagar för vård av förälder.,"",,
2068820,Avslag,Avslag,"",0,2024/25:JuU10,1,Riksdagen ställer sig bakom det som anförs i motionen om att utreda att göra alkoholintag och droganvändning efter inträffad trafikolycka till ett särskilt brott och tillkännager detta för regeringen.,"",,
1385467,Avslag, Avslag,Acklamation,0,2009/10:SoU1,0,Riksdagen tillkännager för regeringen som sin mening vad som anförs i motionen om adoptioner i samkönade relationer.,"",,
2122022,Avslag,Avslag,"",0,2020/21:SoU20,1,Riksdagen ställer sig bakom det som anförs i motionen om att utreda huruvida starköl ska få säljas och konsumeras vid utvalda sektioner under vissa idrottsevent och tillkännager detta för regeringen.,"",,
1790112,Avslag,Avslag,"",0,2023/24:MJU11,1,"Riksdagen ställer sig bakom det som anförs i motionen om att skärpa föreskrifterna om fisk så att de innefattar berikning och är artspecifika för fiskar som föds upp och hålls av människan, och detta tillkännager riksdagen för regeringen.","",,
2049045,Avslag,Avslag,"",0,2015/16:UbU10,1,Riksdagen ställer sig bakom det som anförs i motionen om en översyn av reglerna kring fribeloppet för studenter och tillkännager detta för regeringen.,"",,
3337554,Bifall, Bifall,Acklamation,2,2005/06:KU6,2,Riksdagen antar regeringens förslag till lag om ändring i lagen (1994:1219) om den europeiska konventionen angående skydd för de mänskliga rättigheterna och de grundläggande friheterna.,"",,
3334305,Avslag,Avslag,"",0,2020/21:JuU23,1,Riksdagen ställer sig bakom det som anförs i motionen om att tillsätta en kriskommission om det minskande antalet poliser i yttre tjänst och tillkännager detta för regeringen.,"",,
100407,Avslag, Avslag,Acklamation,0,2008/09:UbU15,0,Riksdagen tillkännager för regeringen som sin mening vad som anförs i motionen om behovet av nationella riktlinjer för Studenthälsan.,"",,
3113541,Avslag,Avslag,"",0,2014/15:MJU12,1,Riksdagen tillkännager för regeringen som sin mening vad som anförs i motionen om att öka det kommunala inflytandet över strandskyddsdispenser.,"",,
3213316,Avslag,Avslag,"",0,2024/25:UbU9,5,"Riksdagen ställer sig bakom det som anförs i motionen om förbud mot konfessionella skolor, förskolor och fritidshem och tillkännager detta för regeringen.","",,
1651501,Bifall," Bifall,  Bifall",Acklamation,0,2003/04:NU15,0,"Regeringen föreslår att riksdagen 
dels bemyndigar regeringen att under åren 2004-2005 vidta följande åtgärder, var för sig eller i kombination
1. att avyttra hela eller delar av aktieinnehavet i Green Cargo AB, att förvärva aktier eller andra former av andelar i det företag eller den företagsgrupp som förvärvar aktier i Green Cargo AB, att förvärva rättigheter att förvärva aktier eller andra former av andelar i det företag eller den företagsgrupp som förvärvar aktier i Green Cargo AB eller att tillskjuta kapital till Green Cargo AB (avsnitt 7 samt
2. att vidta de åtgärder som i övrigt behövs för att genomföra en omstrukturering av Green Cargo AB (avsnitt 7)
dels godkänner att åtgärder enligt punkt 1 får finansieras från det särskilda kontot i Riksgäldskontoret avsett för insatser i av staten hel- eller delägda aktiebolag (avsnitt 7).","",,
706690,Avslag,Avslag,"",0,2019/20:SoU12,7,Riksdagen ställer sig bakom det som anförs i motionen om behovet av utökad information om samt opinionsbildning och annat förebyggande arbete mot könsstympning och oskuldskontroller av flickor och kvinnor och tillkännager detta för regeringen.,"",,
1964667,Avslag,Avslag,"",0,2016/17:UU2,1,Riksdagen ställer sig bakom det som anförs i motionen om att se över möjligheten att ge en del av biståndet till Etiopien för framväxten av en opposition som vill främja demokrati och mänskliga rättigheter i landet och tillkännager detta för regeringen.,"",,
2174476,Avslag, Avslag,Acklamation,20,2003/04:SoU4,20,Riksdagen tillkännager för regeringen som sin mening vad i motionen anförs om att beakta de äldres speciella behov av närhet till samhällets service.,"",,
627983,Avslag, Avslag,Acklamation,4,2010/11:AU9,4,Riksdagen tillkännager för regeringen som sin mening vad som anförs i motionen om att Alfakassans utbetalningar måste ske lika snabbt som hos de effektivaste fackliga a-kassorna.,"",,
211229,Avslag, Avslag,Acklamation,0,2004/05:LU10,0,"Riksdagen tillkännager för regeringen som sin mening vad i motionen anförs om en sådan ändring i föräldrabalken att nära anhöriga, som mor- och farföräldrar, får föra talan om umgänge.","",,
736769,Avslag,Avslag,"",0,2023/24:UbU11,56,Riksdagen ställer sig bakom det som anförs i motionen om att regeringen ska verka för att stärka rektors mandat och lärares möjlighet att utforma sin undervisning genom ökad tillit till professionen och tillkännager detta för regeringen.,"",,
433931,Avslag, Avslag,Acklamation,0,2006/07:KU11,0,Riksdagen tillkännager för regeringen som sin mening vad i motionen anförs om att överväga att rösträtten i allmänna val ska omfatta alla som fyller 18 år under det år som val förrättas.,"",,
1835274,Avslag,Avslag,"",0,2018/19:JuU16,1,Riksdagen ställer sig bakom det som anförs i motionen om att se över att i lag förbjuda rasistiska organisationer och tillkännager detta för regeringen.,"",,
1856952,Avslag,Avslag,"",0,2021/22:CU11,1,Riksdagen ställer sig bakom det som anförs i motionen om att utreda möjligheten till en ny företagsform som syftar både till vinst och samhällsnytta eller s.k. benefit corporations och tillkännager detta för regeringen.,"",,
1398416,Avslag,Avslag,"",0,2015/16:UU12,1,Riksdagen tillkännager för regeringen som sin mening vad som anförs i motionen om att regeringen ska erkänna det kurdiska folket rätt till självbestämmande.,"",,
2232820,Avslag, Avslag,Röstning,4,2010/11:JuU1,4,"Riksdagen tillkännager för regeringen som sin mening vad som anförs i motionen om insatser mot våld i samkönade relationer samt hedersrelaterade brott riktade mot homosexuella, bisexuella och transpersoner.","",,
1163018,Avslag,Avslag,"",0,2022/23:SfU16,1,"Riksdagen ställer sig bakom det som anförs i motionen om att överväga förändringar av flerbarnstillägget när barnbidraget upphör, och detta tillkännager riksdagen för regeringen.","",,
190256,Avslag, Avslag,Röstning,0,2009/10:NU3,0,Riksdagen tillkännager för regeringen som sin mening vad som anförs i motionen om att stimulera övergången till miljövänlig energi.,"",,
962867,Avslag, Avslag,Acklamation,0,2003/04:MJU4,0,Riksdagen avslår propositionen så vitt avser regeringens förslag om bemyndigande att sälja aktieinnehavet i Sydkraft SAKAB AB.,"",,
1396976,Avslag, Avslag,Acklamation,2,2009/10:SoU1,2,Riksdagen tillkännager för regeringen som sin mening vad som anförs i motionen om ungdomsmottagningarnas tillgänglighet.,"",,
94989,Avslag,Avslag,"",0,2018/19:TU5,1,Riksdagen ställer sig bakom det som anförs i motionen om behovet av dubbelspår på järnvägssträckan Hässleholm-Kristianstad och tillkännager detta för regeringen.,"",,
788289,Avslag,Avslag,"",0,2023/24:FiU4,1,Riksdagen anvisar anslagen för 2024 inom utgiftsområde 26 Statsskuldsräntor m.m. enligt förslaget i tabell 1 i motionen.,"",,
595523,Avslag, Avslag,Acklamation,0,2006/07:MJU6,0,Riksdagen tillkännager för regeringen som sin mening vad i motionen anförs om märkning av saltinnehåll i livsmedel.,"",,
1070148,Avslag,Avslag,"",0,2019/20:JuU26,2,Riksdagen ställer sig bakom det som anförs i motionen om att överväga att ta bort preskriptionstiden för alla typer av sexualbrott och tillkännager detta för regeringen.,"",,
1048807,"","","",4,2025/26:SoU36,4,Riksdagen antar regeringens förslag till lag om ändring i lagen (2026:214) om ändring i hälso- och sjukvårdslagen (2017:30).,"",,
371814,Avslag, Avslag,Acklamation,0,2004/05:JuU1,0,Riksdagen tillkännager för regeringen som sin mening vad i motionen anförs om placeringen av en säkerhetsanstalt till Kiruna.,"",,
581928,Avslag, Avslag,Acklamation,2,2011/12:SoU12,2,Riksdagen tillkännager för regeringen som sin mening vad som anförs i motionen om behovet av att samordna arbetet med att förebygga STI och hiv.,"",,
741266,=utskottet,Avslag,"",2,2001/02:FiU7,2,"Riksdagen beslutar att Sjätte AP-fondens nuvarande direktiv och placeringsregler upphör och att fonden fullt ut inordnas i buffertfondssystemet, med samma direktiv och placeringsregler. Detta bör ske genom en samordning med Andra AP-fonden.","",,
1759453,Avslag, Avslag,Röstning,4,2007/08:FöU7,4,Riksdagen tillkännager för regeringen som sin mening vad som anförs i motionen om att alla berörda myndigheter ska ha en omfattande utbildning avseende genusperspektiv på säkerhet samt sexualiserat våld för personal i internationell tjänst.,"",,
272030,Avslag,Avslag,"",0,2015/16:FiU25,1,"Riksdagen ställer sig bakom det som anförs i motionen om att justera Fortifikationsverkets uppdrag så att även andra hänsyn än rent marknadsekonomiska ska beaktas i samband med att försvaret aviserar att behovet av viss mark, t.ex. i Stockholms skärgård, inte längre kvarstår och tillkännager detta för regeringen.","",,
1183076,Avslag,Avslag,"",0,2022/23:CU13,1,Riksdagen ställer sig bakom det som anförs i motionen om byggnation på landsbygden och tillkännager detta för regeringen.,"",,
3269113,Avslag, Avslag,Acklamation,0,2013/14:MJU8,0,Riksdagen tillkännager för regeringen som sin mening vad som anförs i motionen om havsmiljön i Östersjön.,"",,
716199,Bifall,Bifall,"",1,2022/23:CU17,1,Riksdagen antar regeringens förslag till lag om ändring i lagen (2014:912) med kompletterande bestämmelser om domstols behörighet och om erkännande och internationell verkställighet av vissa avgöranden.,"",,
489219,Avslag, Avslag,Acklamation,0,2006/07:MJU12,0,Riksdagen tillkännager för regeringen som sin mening vad i motionen anförs om jakt på säl.,"",,
1635368,=utskottet,Avslag,"",0,2001/02:MJU16,0,Riksdagen tillkännager för regeringen som sin mening vad i motionen anförs om ett nationellt ansvar vid kartläggning och sanering av förorenade områden.,"",,
1248002,Avslag, Avslag,Röstning,0,2008/09:NU16,0,Riksdagen tillkännager för regeringen som sin mening vad som anförs i motionen om en nationell strategi för att få stora internationella evenemang till Sverige.,"",,
2110512,Avslag, Avslag,Acklamation,0,2010/11:JuU8,0,Riksdagen tillkännager för regeringen som sin mening vad som anförs i motionen om att utvärderingen av påföljden ungdomstjänst närmare ska studera aspekten likhet inför lagen oavsett var du bor.,"",,
887159,Avslag, Avslag,Acklamation,0,2008/09:SoU1,0,Riksdagen tillkännager för regeringen som sin mening vad som anförs i motionen om behovet av förändrad tillämpning vid prövning av rätten till personlig assistans.,"",,
912381,Avslag, Avslag,Acklamation,8,2009/10:FöU4,8,Riksdagen tillkännager för regeringen som sin mening vad som anförs i motionen om behovet av en satsning på forskning kring hälsoeffekter av icke-joniserande strålning.,"",,
1567692,Avslag,Avslag,"",0,2021/22:MJU14,1,Riksdagen ställer sig bakom det som anförs i motionen om att utreda och planera för beredskapslager för livsmedel och tillkännager detta för regeringen.,"",,
798027,Avslag,Avslag,"",0,2019/20:UbU8,1,Riksdagen ställer sig bakom det som anförs i motionen om att barnomsorgspengen också ska gälla för vård av egna barn och tillkännager detta för regeringen.,"",,
3332080,"","","",1,"",1,att riksdagen antar regeringens förslag till,"",,
3288353,Avslag,Avslag,"",0,2020/21:TU4,1,Riksdagen ställer sig bakom det som anförs i motionen om mobiltelefontäckning i hela landet och tillkännager detta för regeringen.,"",,
171217,Avslag, Avslag,Acklamation,0,2003/04:UU9,0,Riksdagen tillkännager för regeringen som sin mening vad i motionen anförs om utformningen av palestinska läromedel.,"",,
1640812,"","","",0,2025/26:KU26,1,Riksdagen ställer sig bakom det som anförs i motionen om att ytterligare skydda privatpersoners känsliga uppgifter från offentligheten och tillkännager detta för regeringen.,"",,
2093122,=utskottet,avslag,"",1,1999/2000:LU22,1,att riksdagen med avslag på regeringens proposition 1999/2000:77 beslutar att 1 kap. 2 § lagen (1994:1117) om registrerat partnerskap upphävs.,"",,
985145,Avslag,Avslag,"",0,2023/24:KU12,2,Riksdagen ställer sig bakom det som anförs i motionen om att som ett första steg genomföra försöksverksamhet med en rösträttsålder på 16 år i lokala val och tillkännager detta för regeringen.,"",,
235223,Avslag, Avslag,Röstning,16,2003/04:FiU21,16,"Riksdagen beslutar att inte medge inrättandet av ett nytt anslag, 31:14 Bidrag till installation av hissar, under utgiftsområde 18 och därmed inte anslå 1 000 000 kr för detta ändamål.","",,
1278969,Avslag,Avslag,"",0,2014/15:JuU14,1,Riksdagen tillkännager för regeringen som sin mening vad som anförs i motionen om behovet av att skärpa straffen för våldtäkt.,"",,
1948211,=utskottet,delvis bifall,"",1,1999/2000:FiU19,1,att riksdagen som sin mening ger regeringen till känna vad i motionen anförts om lokalisering av den nya Fjärde AP-fonden till Göteborg.,"",,
907914,Avslag, Avslag,Acklamation,0,2008/09:SoU1,0,Riksdagen tillkännager för regeringen som sin mening vad som anförs i motionen om ett system som normaliserar matkostnaderna för glutenintoleranta.,"",,
643452,=utskottet,bifall,"",1,2000/01:TU10,1,att riksdagen antar regeringens förslag till,"",,
907895,Avslag,Avslag,"",0,2021/22:TU16,2,Riksdagen ställer sig bakom det som anförs i motionen om åtgärder för att underlätta fullskaletest av moderna transportlösningar och tillkännager detta för regeringen.,"",,
2195572,Avslag, Avslag,Acklamation,25,2005/06:FöU9,25,Riksdagen tillkännager för regeringen som sin mening vad i motionen anförs om lokalradions betydelse i krissituationer.,"",,
2218306,Avslag,Avslag,"",0,2024/25:SoU13,1,Riksdagen ställer sig bakom det som anförs i motionen om att överväga ett förbud mot alkoholreklam i sociala medier och tillkännager detta för regeringen.,"",,
1020463,Avslag, Avslag,Acklamation,6,2005/06:AU3,6,Riksdagen tillkännager för regeringen som sin mening vad i motionen anförs om att tillsvidareanställningar skall utgöra normen på arbetsmarknaden och tidsbegränsade anställningar undantag.,"",,
456492,Avslag,Avslag,"",0,2021/22:MJU2,2,Riksdagen ställer sig bakom det som anförs i motionen om alternativa bedövningsmetoder inför slakt och tillkännager detta för regeringen.,"",,
539458,Avslag,Avslag,"",0,2017/18:UbU16,3,Riksdagen ställer sig bakom det som anförs i motionen om att universiteten bör ges en större självständighet i form av självständiga stiftelser och tillkännager detta för regeringen.,"",,
2104977,Avslag,Avslag,"",0,2018/19:KU22,1,Riksdagen ställer sig bakom det som anförs i motionen om att samtliga inrikes flygresor som företas av riksdagsledamöter och anställda vid Riksdagsförvaltningen bör klimatkompenseras och tillkännager detta för riksdagsstyrelsen.,"",,
880227,Avslag, Avslag,Acklamation,2,2008/09:SoU16,2,Riksdagen tillkännager för regeringen som sin mening vad som anförs i motionen om att utreda alternativ till försörjningsstöd i familjer som ej kan leva på sin lön.,"",,
1746668,Avslag, Avslag,Röstning,0,2010/11:NU21,0,Riksdagen tillkännager för regeringen som sin mening vad som anförs i motionen om smarta IT-lösningar för smarta elnät.,"",,
3337173,Avslag, Avslag,Acklamation,0,2006/07:KrU6,0,Riksdagen tillkännager för regeringen som sin mening vad i motionen anförs om betydelsen av arbetet med ordbok över Sveriges dialekter (OSD).,"",,
1809325,"","","",1,"",1,Riksdagen tillkännager för regeringen som sin mening vad i motionen anförs om behovet av en utbyggd infrastruktur i Stockholmsregionen.,"",,
1932667,Avslag, Avslag,Acklamation,0,2011/12:FiU22,0,Riksdagen tillkännager för regeringen som sin mening vad som anförs i motionen om att göra räntelagens bestämmelser om dröjsmålsräntans storlek tillämplig på alla typer av skulder.,"",,
1058337,Avslag,Avslag,"",0,2021/22:JuU23,1,Riksdagen ställer sig bakom det som anförs i motionen om ändring av brottsrubriceringen vid bilbrand och tillkännager detta för regeringen.,"",,
1458066,Avslag,Avslag,"",0,2019/20:SkU20,2,Riksdagen ställer sig bakom det som anförs i motionen om att utreda om egenföretagare inte ska förmånsbeskattas för privata sjukvårdsförsäkringar och tillkännager detta för regeringen.,"",,
240673,Avslag, Avslag,Röstning,2,2002/03:LU12,2,Riksdagen tillkännager för regeringen som sin mening vad i motionen anförs om ersättning för sorg och saknad.,"",,
1672507,Bifall delvis,BifallDelvis,"",0,2023/24:KU12,2,Riksdagen ställer sig bakom det som anförs i motionen om att personer som kandiderar i kommunalvalen enbart bör få ställa upp i en kommun per val och tillkännager detta för regeringen.,"",,
2148257,Avslag,Avslag,"",0,2021/22:KU35,1,Riksdagen ställer sig bakom det som anförs i motionen om att avskaffa allmänna motionstiden och i stället ge möjlighet till en friare motionsrätt över året och tillkännager detta för riksdagsstyrelsen.,"",,
615081,Avslag, Avslag,Röstning,10,2003/04:SkU24,10,Riksdagen tillkännager för regeringen som sin mening vad i motionen anförs om svikna löften.,"",,
2071265,Avslag, Avslag,Röstning,0,2007/08:CU7,0,Riksdagen tillkännager för regeringen som sin mening vad som anförs i motionen om vikten av att öka andelen kvinnor i privata bolagsstyrelser.,"",,
1904965,Avslag, Avslag,Acklamation,0,2002/03:AU3,0,Riksdagen tillkännager för regeringen som sin mening vad i motionen anförs om en offensiv informationsinsats om diskrimineringslagarna.,"",,
823824,"","","",0,2025/26:CU12,9,Riksdagen ställer sig bakom det som anförs i motionen om konsekvenser vid påfunnet föräldrafrämlingskap och tillkännager detta för regeringen.,"",,
859200,Bifall, Bifall,Acklamation,8,2013/14:SkU8,8,Riksdagen antar regeringens förslag till,"lag om ändring i lagen (1998:506) om punktskattekontroll av transporter m.m. av alkoholvaror, tobaksvaror och energiprodukter.",,
1380516,Avslag, Avslag,Röstning,0,2002/03:SoU1,0,Riksdagen begär att regeringen tillsätter en utredning som undersöker grunderna för att kunna slopa apoteksmonopolet.,"",,
308284,Avslag,Avslag,"",0,2015/16:UU12,1,"Riksdagen ställer sig bakom det som anförs i motionen om att Sveriges regering i EU bör uppmärksamma mandéernas utsatta situation i Irak och verka för en diskussion med Iraks regering i syfte att påtala Iraks ansvar att skydda mandéerna från förföljelse, och riksdagen tillkännager detta för regeringen.","",,
518889,=utskottet,Avslag,"",6,2001/02:SfU8,6,Riksdagen begär att regeringen arbetar för möjligheten att inrätta en särskild EU-myndighet i enlighet med vad som anförs i motionen.,"",,
1495261,Avslag, Avslag,Röstning,0,2013/14:FöU11,0,Riksdagen tillkännager för regeringen som sin mening vad som anförs i motionen om att anta en målsättning för den svenska självförsörjningsgraden inom svensk livsmedelsproduktion.,"",,
3102135,Delvis bifall, Delvis bifall,Acklamation,0,2003/04:FiU14,0,Riksdagen tillkännager för regeringen som sin mening vad i motionen anförs om att slopa krav på obligatoriskt utskick av fondrapporter.,"",,
376146,Avslag, Avslag,Röstning,0,2004/05:SfU1,0,Riksdagen tillkännager för regeringen som sin mening vad i motionen anförs om att ge Kalmar län möjlighet att fungera som försökslän för en i verklig mening finansiell samordning mellan sjukförsäkring och sjukvård.,"",,
1989689,Avslag, Avslag,Röstning,0,2002/03:KrU8,0,Riksdagen tillkännager för regeringen som sin mening vad i motionen anförs om att spelmöjligheter från av staten styrda spelbolag skall tillhandahållas hos de näringsidkare som så begär.,"",,
1035607,Avslag, Avslag,Acklamation,0,2013/14:UU2,0,Riksdagen tillkännager för regeringen som sin mening vad som anförs i motionen om att i huvudsak neka bistånd till länder som inte tecknar återtagandeavtal i enlighet med svenska önskemål.,"",,
2185440,Avslag, Avslag,Röstning,0,2005/06:NU13,0,Riksdagen tillkännager för regeringen som sin mening vad som i motionen anförs om evenemangsturismen.,"",,
2148725,Avslag, Avslag,Röstning,3,2005/06:NU7,3,Riksdagen tillkännager för regeringen som sin mening vad i motionen anförs om att regeringen skall verka för att frågan om transparens i offentlig upphandling snarast förs upp på WTO:s dagordning på nytt.,"",,
135509,Avslag,Avslag,"",0,2020/21:FiU43,4,Riksdagen ställer sig bakom det som anförs i motionen om att utvärdera omfattningen och utformningen av bidraget till pensionärsorganisationerna och tillkännager detta för regeringen.,"",,
3214941,Avslag, Avslag,Röstning,0,2003/04:MJU14,0,Riksdagen tillkännager för regeringen som sin mening vad som i motionen anförs om samordning av lagstiftning rörande djur och angränsande frågor.,"",,
3324019,Avslag, Avslag,Acklamation,2,2005/06:MJU16,2,Riksdagen tillkännager för regeringen som sin mening vad i motionen anförs om att tillåta en friare jakt på rovdjur när artkoncentrationen är för hög.,"",,
1692026,Avslag,Avslag,"",0,2015/16:KU14,1,Riksdagen tillkännager för regeringen som sin mening vad som anförs i motionen om att införa metoder så att väljarna kan göra objektiva jämförelser mellan olika partiers valprogram.,"",,
1800050,Avslag, Avslag,Acklamation,3,2005/06:MJU3,3,Riksdagen tillkännager för regeringen som sin mening vad i motionen anförs om att samförstånd och samråd mellan fiskets aktörer skall vara överordnat kvantitativa mål.,"",,
363346,Avslag,Avslag,"",0,2021/22:NU11,1,Riksdagen ställer sig bakom det som anförs i motionen om att verka för fler landsbygdsjobb och tillkännager detta för regeringen.,"",,
299189,Avslag, Avslag,Acklamation,2,2004/05:TU1,2,Riksdagen tillkännager för regeringen som sin mening vad i motionen anförs om att ge berörda myndigheter i uppdrag att planera för en utbyggd spårförbindelse mellan Sturup och Kastrup.,"",,
323460,Avslag, Avslag,Acklamation,0,2005/06:FöU8,0,Riksdagen tillkännager för regeringen som sin mening vad i motionen anförs om att överväga att ersätta den allmänna värnplikten med ett yrkesförsvar.,"",,
1641346,Avslag,Avslag,"",0,2023/24:MJU17,13,Riksdagen ställer sig bakom det som anförs i motionen om att utreda hur brottslighet i samband med förvaring av avfall kan bekämpas och tillkännager detta för regeringen.,"",,
750015,Avslag, Avslag,Acklamation,0,2008/09:JuU4,0,Riksdagen tillkännager för regeringen som sin mening vad som anförs i motionen om att vidta åtgärder för att den aviserade översynen av sexköpslagen genomförs i form av en parlamentarisk utredning.,"",,
3289742,Avslag, Avslag,Acklamation,0,2009/10:TU21,0,Riksdagen tillkännager för regeringen som sin mening vad som anförs i motionen om att återreglera den svenska järnvägstrafiken.,"",,
239738,Avslag, Avslag,Acklamation,0,2002/03:UbU1,0,Riksdagen tillkännager för regeringen som sin mening vad i motionen anförs om statsbidrag för pedagogisk utveckling av skolväsendet och barnomsorgen.,"",,
570794,Avslag,Avslag,"",0,2016/17:CU7,1,Riksdagen ställer sig bakom det som anförs i motionen om en opartisk utvärdering av försäkringsbolagens bedömningar av de ekonomiska skadeanspråken vid trafikskador och tillkännager detta för regeringen.,"",,
691858,Avslag,Avslag,"",0,2019/20:SoU12,1,Riksdagen ställer sig bakom det som anförs i motionen om att se över möjligheten att inkludera alla åldersgrupper i screeningundersökningar och tillkännager detta för regeringen.,"",,
2176043,Avslag, Avslag,Acklamation,33,2003/04:SfU1,33,Riksdagen anvisar med följande ändringar i förhållande till regeringens förslag för budgetåret 2004 anslagen under utgiftsområde 10 Ekonomisk trygghet vid sjukdom och handikapp enligt uppställning i motionen:,"",,
1363877,"","","",0,2018/19:SoU8,1,Riksdagen ställer sig bakom det som anförs i motionen om att donatorns lagliga rätt till anonymitet bör skyddas och tillkännager detta för regeringen.,"",,
1179313,Avslag, Avslag,Acklamation,0,2011/12:MJU14,0,Riksdagen tillkännager för regeringen som sin mening vad som anförs i motionen om behovet av en utvärdering av effekterna av de nya reglerna om strandskydd.,"",,
1401274,Avslag, Avslag,Acklamation,0,2013/14:UbU12,0,Riksdagen tillkännager för regeringen som sin mening vad som anförs i motionen om att utreda hur man på bästa sätt kan förstärka skolors möjligheter att få stöd med att införa skolträdgårdar som en del av skolarbetet för dess pedagogiska och kunskapsmässiga effekter.,"",,
659492,Avslag, Avslag,Röstning,0,2011/12:SfU1,0,Riksdagen tillkännager för regeringen som sin mening vad som anförs i motionen om att avskaffa vårdnadsbidraget.,"",,
265667,Avslag, Avslag,Acklamation,3,2004/05:SfU1,3,Riksdagen tillkännager för regeringen som sin mening vad i motionen anförs om överföring av fordran till kronofogdemyndigheten.,"",,
1279270,=utskottet,Avslag,"",2,2001/02:SkU15,2,Riksdagen tillkännager för regeringen som sin mening vad i motionen anförs om avdrag för kapitalförluster som uppstått vid försäljning av fåmansbolag där likvid erhållits i aktier med villkor om att aktierna inte får säljas förrän vid senare tidpunkt.,"",,
489325,Avslag, Avslag,Röstning,0,2006/07:MJU13,0,Riksdagen tillkännager för regeringen som sin mening vad i motionen anförs om införande av importförbud för hund- och kattskinn.,"",,
1580112,"","","",2,"",2,att riksdagen som sin mening ger regeringen till känna vad i motionen anförts om att fortsätta arbetet med att utveckla metoder för att skydda barn mot alla former av sexuellt utnyttjande och sexuella övergrepp.,"",,
1390730,=utskottet,Avslag,"",0,2001/02:LU12,0,Riksdagen tillkännager för regeringen som sin mening vad i motionen anförs om att lagreglera franchiseverksamheten.,"",,
722622,Avslag,Avslag,"",0,2017/18:AU9,1,Riksdagen ställer sig bakom det som anförs i motionen om att rimligheten och utformningen av fackens lagstadgade möjligheter till stridsåtgärder bör ses över och tillkännager detta för regeringen.,"",,
2109665,Avslag,Avslag,"",0,2022/23:UbU7,1,Riksdagen ställer sig bakom det som anförs i motionen om att se över möjligheten att ge Skolverket i uppdrag att ta fram en nationell strategi och nationell handlingsplan för att utveckla och främja särskilt begåvade elevers lärande och mående och tillkännager detta för regeringen.,"",,
273160,Avslag, Avslag,Acklamation,0,2005/06:UbU14,0,Riksdagen tillkännager för regeringen som sin mening vad i motionen anförs om att utreda hur kunskapen om barn med Aspergers syndrom kan öka bland dem som kommer i kontakt med barnen och ungdomarna och eventuellt inrätta ett nationellt kunskapscentrum som kan ha en samlande funktion.,"",,
1315384,Avslag,Avslag,"",0,2014/15:SfU6,1,Riksdagen avslår proposition 2014/15:21 SGI-skydd för deltagare i arbetsmarknadspolitiska program.,"",,
1150850,"","","",0,2025/26:MJU13,1,Riksdagen ställer sig bakom det som anförs i motionen om att överväga att se över om länsstyrelsen inom ramen för sitt tillsynsarbete har rätt att föra register över anonyma tips om ”misstänkta tjuvjägare” och tillkännager detta för regeringen.,"",,
563718,Avslag,Avslag,"",0,2015/16:FöU14,1,Riksdagen ställer sig bakom det som anförs i motionen om att regeringen i budgetpropositionen årligen bör återkomma till riksdagen med en redogörelse för den övning och utbildning som genomförts och vilka förmågehöjande effekter som uppnåtts och tillkännager detta för regeringen.,"",,
1963019,"","","",8,"",8,Riksdagen tillkännager för regeringen som sin mening vad som i motionen anförs om en lagstadgad utmaningsrätt.,"",,
564025,Avslag,Avslag,"",0,2021/22:KU30,2,Riksdagen ställer sig bakom det som anförs i motionen om tydligare riktlinjer till Riksrevisionen om riskområden och tillkännager detta för riksdagsstyrelsen.,"",,
773220,Avslag,Avslag,"",0,2017/18:JuU14,1,Riksdagen ställer sig bakom det som anförs i motionen om behovet av straffskärpning för återfallsförbrytare och tillkännager detta för regeringen.,"",,
847446,Bifall,Bifall,"",1,2017/18:NU19,1,Riksdagen godkänner vad regeringen föreslår om övergripande mål för en sammanhållen landsbygdspolitik (avsnitt 3.4.2).,"",,
855805,Avslag,"","",0,2013/14:MJU1,0,Riksdagen tillkännager för regeringen som sin mening vad som anförs i motionen om att undersöka möjligheterna att inrätta ett särskilt tvärfunktionellt råd där myndigheter och institut som är delansvariga för arbetet med efterbehandling av förorenade områden ska ingå.,"",,
2085446,=utskottet,Avslag,"",0,2001/02:UbU1,0,Riksdagen tillkännager för regeringen som sin mening vad i motionen anförs om ökade forskningsresurser till högskolan i Jönköping.,"",,
3299372,Avslag,Avslag,"",0,2020/21:NU14,1,Riksdagen ställer sig bakom det som anförs i motionen om statliga myndigheters ansvar för landsbygdsutvecklingen och tillkännager detta för regeringen.,"",,
1698901,Avslag, Avslag,Acklamation,0,2005/06:LU26,0,Riksdagen tillkännager för regeringen som sin mening vad i motionen anförs om skyddsregler för franchisetagare.,"",,
2203408,Avslag, Avslag,Acklamation,0,2010/11:SfU1,0,Riksdagen tillkännager för regeringen som sin mening vad som anförs i motionen om adoptionsbidraget.,"",,
1344481,Avslag,Avslag,"",0,2021/22:SkU17,1,Riksdagen ställer sig bakom det som anförs i motionen om att utreda om den danska modellen för personalliggare kan ersätta eller komplettera det nuvarande systemet och tillkännager detta för regeringen.,"",,
3347362,Avslag, Avslag,Acklamation,0,2012/13:KU17,0,Riksdagen tillkännager för riksdagsstyrelsen som sin mening vad som anförs i motionen om en förslagsbox för allmänheten.,"",,
1186944,Avslag, Avslag,Röstning,0,2003/04:JuU12,0,"Riksdagen tillkännager för regeringen som sin mening vad i motionen anförs om att skyndsamt tillsätta en parlamentarisk kommitté med uppdraget att kartlägga, analysera och utvärdera sådan lagstiftning som berör den enskildes integritet.","",,
74113,Avslag, Avslag,Acklamation,0,2012/13:UbU7,0,Riksdagen tillkännager för regeringen som sin mening vad som anförs i motionen om att införa ett kommunalt veto mot friskoleetableringar.,"",,
511298,Avslag, Avslag,Acklamation,0,2007/08:JuU29,0,Riksdagen tillkännager för regeringen som sin mening vad som anförs i motionen om att kriminalisera rymningar och rymningsförsök från fängelser.,"",,
178472,Avslag,Avslag,"",0,2015/16:TU16,1,Riksdagen ställer sig bakom det som anförs i motionen om att det behöver göras en uppföljning och utifrån den tydliggöra vad som behöver göras för att kollektivtrafiken ska bli tillgänglig för alla och tillkännager detta för regeringen.,"",,
2000156,Avslag,Avslag,"",0,2020/21:TU7,1,Riksdagen ställer sig bakom det som anförs i motionen om att utreda på vilket sätt staten ska prioritera mellan de svenska hamnarna och tillkännager detta för regeringen.,"",,
268916,Avslag,Avslag,"",0,2021/22:KrU6,1,Riksdagen ställer sig bakom det som anförs i motionen om att förenkla regelverket för användandet av metallsökare och tillkännager detta för regeringen.,"",,
391664,Avslag,Avslag,"",0,2021/22:MJU22,3,Riksdagen ställer sig bakom det som anförs i motionen om att påbörja ett TNR-inspirerat arbete och tillkännager detta för regeringen.,"",,
3281028,Avslag, Avslag,Röstning,0,2013/14:NU1,0,Riksdagen tillkännager för regeringen som sin mening vad som anförs i motionen om fler insatser för att öka företagandet i Sverige.,"",,
903032,Avslag, Avslag,Röstning,2,2012/13:FiU11,2,Riksdagen avslår yrkande 2 om att bemyndiga regeringen att under 2013 och 2014 ingå ekonomiska åtaganden på högst 750 miljoner kronor för anslaget 1:4 Ersättning till etableringslotsar och insatser för vissa nyanlända invandrare.,"",,
1841984,Avslag, Avslag,Acklamation,5,2011/12:UU2,5,"Riksdagen tillkännager för regeringen som sin mening vad som anförs i motionen om att Sverige bör införa ett förbud mot att exportkrediter, investeringsstöd eller andra former av stöd till näringslivet betalas ut till företag eller fonder som bidrar till kapitalflykt.","",,
221003,Avslag, Avslag,Röstning,0,2005/06:SkU19,0,Riksdagen tillkännager för regeringen som sin mening vad i motionen anförs om att likställa momssatsen för restauranger och bensinstationer.,"",,
1424476,Avslag, Avslag,Acklamation,0,2006/07:NU11,0,Riksdagen tillkännager för regeringen som sin mening vad i motionen anförs om att förbättra förutsättningarna för att effektivisera och öka vattenkraftens produktionskapacitet.,"",,
85472,Avslag, Avslag,Acklamation,0,2003/04:UU6,0,Riksdagen begär att regeringen lägger fram förslag till ett reformerat nordiskt samarbete i enlighet med vad som anförs i motionen.,"",,
1386856,=utskottet,avslag,"",1,2000/01:UbU8,1,Riksdagen tillkännager för regeringen som sin mening vad i motionen anförs om att avskaffa kårobligatoriet.,"",,
562704,Avslag,"","",0,2011/12:NU3,0,Riksdagen anvisar med följande ändringar i förhållande till regeringens förslag anslagen under utgiftsområde 21 Energi enligt uppställning:,"",,
332970,Avslag,Avslag,"",0,2015/16:TU13,1,Riksdagen ställer sig bakom det som anförs i motionen om att se över möjligheten att införa obligatoriska läkarkontroller av körkortsinnehavare och tillkännager detta för regeringen.,"",,
964007,"","","",0,2025/26:SoU17,1,Riksdagen ställer sig bakom det som anförs i motionen om att säkerställa intersexpersoners rätt till samtycke vid en eventuell könskorrigering och tillkännager detta för regeringen.,"",,
379442,Avslag,Avslag,"",0,2020/21:FöU4,1,Riksdagen ställer sig bakom det som anförs i motionen om försvaret av Sydsverige och tillkännager detta för regeringen.,"",,
695566,Avslag, Avslag,Acklamation,0,2008/09:UU10,0,Riksdagen tillkännager för regeringen som sin mening vad som anförs i motionen om tydliga krav på Turkiet för att möjliggöra EU-medlemskap.,"",,
2254015,Avslag, Avslag,Acklamation,0,2005/06:FiU6,0,Riksdagen tillkännager för regeringen som sin mening vad i motionen anförs om riskkapital.,"",,
856141,Avslag,Avslag,"",0,2018/19:CU5,1,Riksdagen ställer sig bakom det som anförs i motionen om utbyggnad av fisktrappor vid vattenkraftverk och tillkännager detta för regeringen.,"",,
3299749,Avslag,Avslag,"",0,2020/21:UbU16,1,Riksdagen ställer sig bakom det som anförs i motionen om att avskaffa statens stöd till genusforskning och tillkännager detta för regeringen.,"",,
197907,Avslag, Avslag,Acklamation,5,2002/03:SoU12,5,Riksdagen tillkännager för regeringen som sin mening vad i motionen anförs om en översyn av nivån på den kommunala ersättningen till sjukvården.,"",,
293636,Avslag,Avslag,"",0,2020/21:JuU1,1,Riksdagen anvisar anslagen för 2021 inom utgiftsområde 4 Rättsväsendet enligt förslaget i tabell 1 i motionen.,"",,
2111023,Bifall, Bifall,Acklamation,0,2012/13:JuU17,0,Riksdagen antar regeringens förslag till,lag om fortsatt giltighet av lagen (2010:374) om försöksverksamhet med trafiknykterhetskontrollanter i hamnar.,,
195503,Avslag, Avslag,Acklamation,0,2003/04:JuU4,0,Riksdagen tillkännager för regeringen som sin mening vad i motionen anförs om behovet av att bevara nuvarande tre tingsrätter i Kalmar län.,"",,
1064205,Avslag,Avslag,"",0,2017/18:NU12,6,"Riksdagen ställer sig bakom det som anförs i motionen om att göra en benchmarking mellan länders skatter, regler och kostnader inom respektive bransch för att Sverige fortsatt ska kunna ligga i världstoppen när det gäller företagsamhet och konkurrensvillkor och tillkännager detta för regeringen.","",,
620089,Bifall,Bifall,"",8,2014/15:SkU10,8,"Riksdagen antar regeringens förslag till lag om ändring i lagen (2011:1245) om särskilda ordningar för mervärdesskatt för telekommunikationstjänster, radio- och tv-sändningar och elektroniska tjänster. ","",,
580798,Avslag,Avslag,"",0,2016/17:SoU6,1,Riksdagen ställer sig bakom det som anförs i motionen om behovet av information om hur mediciner ska tas om hand för att minska läkemedelsresterna i miljön och tillkännager detta för regeringen.,"",,
906832,Delvis bifall, Delvis bifall,Acklamation,0,2003/04:LU2,0,Riksdagen antar de i propositionen framlagda förslagen till,"1. lag om ändring i årsredovisningslagen (1995:1554),
2. lag om ändring i lagen (1995:1559) om årsredovisning i kreditinstitut och värdepappersbolag,
3. lag om ändring i lagen (1995:1560) om årsredovisning i försäkringsföretag,
4. lag om ändring i aktiebolagslagen (1975:1385).",,
1308124,Avslag,Avslag,"",0,2022/23:JuU13,4,Riksdagen ställer sig bakom det som anförs i motionen om att ingen fånge ska friges innan eventuella skulder är betalda och tillkännager detta för regeringen.,"",,
564104,Avslag, Avslag,Acklamation,0,2008/09:CU31,0,Riksdagen tillkännager för regeringen som sin mening vad som anförs i motionen om att förhindra lagfartskapning.,"",,
1250410,Avslag, Avslag,Röstning,0,2010/11:FiU29,0,"Riksdagen tillkännager för regeringen som sin mening vad som anförs i motionen om ratificering av ILO:s konvention 94 och att det av lagen om offentlig upphandling uttryckligen ska framgå att leverantörer till stat, landsting och kommuner samt de underleverantörer som dessa använder sig av ska följa gällande svenska kollektivavtal.","",,
2250387,Avslag,Avslag,"",0,2015/16:NU15,1,Riksdagen ställer sig bakom det som anförs i motionen om dataspelsbranschen och tillkännager detta för regeringen.,"",,
487641,Avslag, Avslag,Acklamation,0,2010/11:KrU10,0,Riksdagen tillkännager för regeringen som sin mening vad som anförs i motionen om ansvarsfrågorna när det gäller underhåll av Kinda kanal som riksintresse.,"",,
1906888,Avslag,Avslag,"",0,2024/25:KU26,1,Riksdagen ställer sig bakom det som anförs i motionen om att regeringen ska vidta åtgärder för att klargöra och förhindra att kommuner och regioner överskrider sina befogenheter i utrikespolitiska frågor och tillkännager detta för regeringen.,"",,
1940703,Avslag,Avslag,"",0,2021/22:AU11,2,Riksdagen ställer sig bakom det som anförs i motionen om att regeringen bör återkomma med ett förslag om en presumtion som överensstämmer med artikel 11 b i arbetsvillkorsdirektivet och tillkännager detta för regeringen.,"",,
1189089,Avslag, Avslag,Acklamation,3,2007/08:UbU11,3,"Riksdagen tillkännager för regeringen som sin mening vad som anförs i motionen om behovet av att uppdra åt Myndigheten för skolutveckling att granska, stimulera och sprida forskning och kunskap om sex- och samlevnadsundervisningen.","",,
1054324,Avslag, Avslag,Acklamation,0,2003/04:LU20,0,Riksdagen tillkännager för regeringen som sin mening vad  i motionen anförs om att minderåriga barn inte skall kunna bli betalningsansvariga för sina föräldrars skulder.,"",,
1496599,Avslag,Avslag,"",0,2014/15:KU15,1,Riksdagen tillkännager för regeringen som sin mening vad som anförs i motionen om att se över om offentlighetsprincipen missbrukas i syfte att planera och begå brott.,"",,
667779,Avslag,Avslag,"",0,2024/25:KrU4,1,Riksdagen ställer sig bakom det som anförs i motionen om att regeringen bör överväga att utreda en reglering avseende lootlådor samt andra lotteriliknande moment inom dataspel och tillkännager detta för regeringen.,"",,
2049534,Avslag,Avslag,"",0,2020/21:SkU18,4,Riksdagen ställer sig bakom det som anförs i motionen om att i samband med en skattereform se över beskattningen av bostäder och tillkännager detta för regeringen.,"",,
735715,Avslag, Avslag,Röstning,0,2012/13:NU14,0,Riksdagen tillkännager för regeringen som sin mening vad som anförs i motionen om nordisk samverkan i en gruv- och mineralstrategi.,"",,
1296432,Avslag,Avslag,"",0,2014/15:UbU11,1,"Riksdagen tillkännager för regeringen som sin mening vad som anförs i motionen om att utöka undervisningstiden i ämnet idrott och hälsa i grundskolan med 100 timmar, vilket motsvarar en ökning av ämnet med 20 procent. Utökningen kompenseras med att tiden för det som kallas elevens val minskas i motsvarande utsträckning.","",,
1289287,Avslag, Avslag,Röstning,0,2002/03:JuU1,0,Riksdagen tillkännager för regeringen som sin mening vad i motionen anförs om lokalisering av en kommande polishögskola till Örebro.,"",,
371800,Avslag, Avslag,Acklamation,2,2002/03:FiU1,2,Riksdagen begär att regeringen privatiserar Vasakronan i enlighet med vad som anförs i motionen.,"",,
1468532,Avslag,Avslag,"",0,2014/15:MJU9,1,Riksdagen tillkännager för regeringen som sin mening vad som anförs i motionen om att se över godsjakt på uppfödda fåglar.,"",,
1160016,Avslag, Avslag,Röstning,0,2008/09:TU13,0,Riksdagen tillkännager för regeringen som sin mening vad som anförs i motionen om tillgång till drivmedel i hela landet.,"",,
2142555,Avslag,Avslag,"",0,2020/21:AU9,1,Riksdagen ställer sig bakom det som anförs i motionen om en nationell reglering som innebär att nyanlända som omfattas av bosättningslagen maximalt erbjuds bostad av kommunen i två år och tillkännager detta för regeringen.,"",,
798131,Avslag,Avslag,"",0,2021/22:SoU13,1,Riksdagen ställer sig bakom det som anförs i motionen om möjligheten att både uppmärksamma och motverka ensamhet och psykisk ohälsa bland äldre och tillkännager detta för regeringen.,"",,
919915,Bifall, Bifall,Röstning,0,2008/09:CU2,0,Riksdagen antar regeringens förslag till,"1. lag om ändring i föräldrabalken,
2. lag om ändring i lagen (1998:1479) om kontoföring av finansiella instrument,
3. lag om ändring i lagen (2004:46) om investeringsfonder,
4. lag om ändring i lagen (2004:297) om bank- och finansieringsrörelse,
5. lag om ändring i lagen (2007:528) om värdepappersmarknaden.",,
2168160,Avslag, Avslag,Acklamation,0,2004/05:UbU5,0,Riksdagen tillkännager för regeringen som sin mening vad i motionen anförs om behovet av hantverksutbildning för vuxna.,"",,
477844,Avslag,Avslag,"",0,2017/18:SoU9,1,Riksdagen ställer sig bakom det som anförs i motionen om en översyn kring frågan om att läkares förskrivningsrätt för mediciner bör upphöra vid 67 års ålder med undantag av de fall där dispens beviljas och tillkännager detta för regeringen.,"",,
704493,Avslag,Avslag,"",0,2019/20:SoU9,1,"Riksdagen ställer sig bakom det som anförs i motionen om att se över möjligheten att förbjuda kommuner att ge ekonomiskt stöd till personer som befinner sig illegalt i Sverige, och detta tillkännager riksdagen för regeringen.","",,
662547,Avslag, Avslag,Acklamation,0,2011/12:SfU10,0,Riksdagen tillkännager för regeringen som sin mening vad som anförs i motionen om att Sverige bör ta hänsyn till den rådande situationen för kristna minoriteter i Irak när asylärenden behandlas.,"",,
1046896,=utskottet,Avslag,"",9,2001/02:TU1,9,Riksdagen tillkännager för regeringen som sin mening vad som i motionen anförs om bolagisering och privatisering av de av Luftfartsverkets verksamheter som inte utgörs av myndighetsutövning.,"",,
1590834,Avslag,Avslag,"",0,2014/15:TU8,1,Riksdagen tillkännager för regeringen som sin mening vad som anförs i motionen om reflexvästar.,"",,
621656,Avslag, Avslag,Acklamation,0,2007/08:UU9,0,Riksdagen tillkännager för regeringen som sin mening vad i motionen anförs om att Sverige ska ratificera FN:s konvention för skydd av migrantarbetares och deras familjers rättigheter som antogs av FN:s generalförsamling den 18 december 1990.,"",,
831874,Avslag,Avslag,"",0,2017/18:NU3,1,Riksdagen anvisar anslagen för 2018 inom utgiftsområde 21 Energi enligt förslaget i tabell 1 i motionen.,"",,
1418663,Bifall, Bifall,Acklamation,5,2010/11:AU6,5,Riksdagen antar regeringens förslag till,lag om ändring i lagen (2008:9) om arbetstagares medverkan vid gränsöverskridande fusioner.,,
1076428,Avslag, Avslag,Röstning,0,2007/08:UbU11,0,Riksdagen tillkännager för regeringen som sin mening vad som anförs i motionen om att ge kommuner rätt till inflytande vid etablering av friskolor.,"",,
576063,Avslag,Avslag,"",0,2021/22:KrU8,1,Riksdagen ställer sig bakom det som anförs i motionen om att knyta scoutrörelsen till försvaret och tillkännager detta för regeringen.,"",,
1785015,Avslag,Avslag,"",0,2021/22:MJU29,38,Riksdagen ställer sig bakom det som anförs i motionen om att utvärdera Havs- och vattenmyndighetens verksamhet och tillkännager detta för regeringen.,"",,
1376968,Avslag, Avslag,Acklamation,0,2012/13:SoU1,0,Riksdagen tillkännager för regeringen som sin mening vad som anförs i motionen om att förkorta förnyelseintervallet för bilstöd för föräldrar till barn med funktionsnedsättningar.,"",,
1791947,Avslag,Avslag,"",0,2023/24:SoU16,1,Riksdagen ställer sig bakom det som anförs i motionen om att utreda möjligheterna att skapa ett sammanhängande donations- och transplantationsområde över hela riket och tillkännager detta för regeringen.,"",,
734769,Avslag,Avslag,"",0,2017/18:SfU17,7,Riksdagen ställer sig bakom det som anförs i motionen om att uppehållstillstånd för att söka jobb efter avslutade studier ska kunna ges i tolv månader efter avslutad utbildning och tillkännager detta för regeringen.,"",,
208463,Avslag, Avslag,Röstning,0,2002/03:SkU17,0,Riksdagen tillkännager för regeringen som sin mening vad som i motionen anförs när det gäller ersättningar för naturvårdsavtal.,"",,
836880,Avslag,Avslag,"",0,2023/24:MJU14,1,Riksdagen ställer sig bakom det som anförs i motionen om att se över möjligheten att införa skottpengar på skarv och tillkännager detta för regeringen.,"",,
1104837,Avslag, Avslag,Acklamation,0,2006/07:SkU12,0,Riksdagen tillkännager för regeringen som sin mening vad i motionen anförs om skatteuttag på kärnkraft och vattenkraft.,"",,
1096276,Avslag, Avslag,Acklamation,2,2010/11:CU1,2,Riksdagen tillkännager för regeringen som sin mening vad som anförs i motionen om att tillsätta en utredning för att se över ett införande av avdragsgillt bosparande för unga.,"",,
240777,Avslag, Avslag,Acklamation,0,2002/03:UbU11,0,Riksdagen tillkännager för regeringen som sin mening vad i motionen anförs om kost och motion i skolan.,"",,
1885880,Avslag, Avslag,Acklamation,0,2011/12:KU1,0,Riksdagen tillkännager för regeringen som sin mening vad som anförs i motionen om att i lämpligt sammanhang se över frågan om föräldraledighet för statsråd.,"",,
466702,Avslag,Avslag,"",0,2017/18:CU8,1,Riksdagen ställer sig bakom det som anförs i motionen om att lagstiftningen kring arvsrätten bör ses över och uppdateras till för samtiden relevanta förutsättningar och tillkännager detta för regeringen.,"",,
662069,Avslag, Avslag,Röstning,4,2004/05:NU3,4,Riksdagen tillkännager för regeringen som sin mening vad i motionen anförs om nya och utökade koldioxidutsläpp från kolkraftsanläggningar i Stenungsund och Malmö.,"",,
2023873,Avslag,Avslag,"",0,2024/25:FöU4,1,Riksdagen ställer sig bakom det som anförs i motionen om behovet av att göra all användning av fyrverkerier tillståndspliktig och tillkännager detta för regeringen.,"",,
3341397,"","","",4,"",4,att riksdagen hos regeringen begär förslag för att säkerställa konkurrensneutralitet inom tandvården.,"",,
2135474,Avslag, Avslag,Röstning,0,2003/04:NU4,0,Riksdagen tillkännager för regeringen som sin mening vad i motionen anförs om ägarstyrning för tillgänglighet i statliga företag.,"",,
2121922,Avslag,Avslag,"",0,2018/19:NU4,2,Riksdagen ställer sig bakom det som anförs i motionen om Almi Företagspartner AB:s kompletterande roll samt att samverkansuppdrag vad gäller andra aktörer bör förstärkas och tillkännager detta för regeringen.,"",,
995935,Avslag,Avslag,"",0,2021/22:SfU17,1,Riksdagen ställer sig bakom det som anförs i motionen om sjukförsäkringen och Försäkringskassan och tillkännager detta för regeringen.,"",,
1438436,Bifall,Bifall,"",0,2017/18:FiU5,2,Riksdagen anvisar för budgetåret 2018 ett ramanslag under utgiftsområde 27 Avgiften till Europeiska unionen enligt tabell 1.1.,"",,
3221630,Avslag,Avslag,"",0,2020/21:KU23,3,"Riksdagen ställer sig bakom det som anförs i motionen om återkallande av medborgarskap vid terroristbrott för de som tidigare invandrat till Sverige och erhållit ett svenskt medborgarskap, även i de fall de görs statslösa, och tillkännager detta för regeringen.","",,
1490140,Avslag,Avslag,"",0,2014/15:SoU10,1,Riksdagen tillkännager för regeringen som sin mening vad som anförs i motionen om att se över möjligheterna till förtydligade rättigheter för omhändertagna barn.,"",,
1425145,Avslag,Avslag,"",0,2014/15:CU6,1,Riksdagen tillkännager för regeringen som sin mening vad som anförs i motionen om behovet av bättre skydd för enskilda med god man.,"",,
800497,Avslag,Avslag,"",0,2021/22:MJU21,1,Riksdagen ställer sig bakom det som anförs i motionen om att jordbrukare inte ska drabbas av mer än en ekonomisk sanktion för ett och samma fel och tillkännager detta för regeringen.,"",,
2234652,Avslag, Avslag,Röstning,0,2010/11:JuU17,0,Riksdagen tillkännager för regeringen som sin mening vad som anförs i motionen om en nationell handlingsplan för kampen mot små och lätta vapen där ett genusperspektiv särskilt inkluderas så att kvinnors situation uppmärksammas.,"",,
2021707,Avslag, Avslag,Acklamation,0,2007/08:TU10,0,Riksdagen tillkännager för regeringen som sin mening vad som anförs i motionen om insatser för att stödja utbildning och utveckla metoder för användning av sparsam körning för att långsiktigt minska koldioxidutsläppen från transportsektorn.,"",,
1130324,Avslag, Avslag,Acklamation,0,2005/06:JuU14,0,Riksdagen tillkännager för regeringen som sin mening vad i motionen anförs om rätten till alkoholtest vid omhändertaganden enligt lagen (1976:511) om omhändertagande av berusade personer (LOB).,"",,
1939924,Avslag,Avslag,"",0,2024/25:AU10,2,"Riksdagen ställer sig bakom det som anförs i motionen om att regeringen ska tillsätta en utredning med uppdrag att lägga fram förslag på ändringar i diskrimineringslagen, rättegångsbalken, arbetstvistlagen och rättshjälpslagen i syfte att undanröja de väsentliga hinder för rättslig prövning som föreligger i dag, och detta tillkännager riksdagen för regeringen.","",,
681912,Avslag, Avslag,Acklamation,0,2011/12:SoU10,0,Riksdagen tillkännager för regeringen som sin mening vad som anförs i motionen om äldres psykiska ohälsa.,"",,
1227919,Avslag,Avslag,"",0,2022/23:SoU13,4,Riksdagen ställer sig bakom det som anförs i motionen om att ge Forte i uppdrag att anslå särskilda medel för forskning om könsbekräftande vård och tillkännager detta för regeringen.,"",,
244893,Avslag, Avslag,Acklamation,0,2008/09:UbU17,0,Riksdagen tillkännager för regeringen som sin mening vad som anförs i motionen om vikten av att ge elever kunskap om matens betydelse.,"",,
579506,Bifall,Bifall,"",0,2016/17:JuU21,1,Riksdagen ställer sig bakom det som anförs i motionen om helgavskiljning och tillkännager detta för regeringen.,"",,
1950502,Avslag,Avslag,"",0,2021/22:FiU16,2,Riksdagen ställer sig bakom det som anförs i motionen om att säsongsföretag inte ska drabbas negativt utifrån möjligheten att beviljas anstånd och tillkännager detta för regeringen.,"",,
2006198,Avslag, Avslag,Acklamation,0,2013/14:SoU10,0,Riksdagen tillkännager för regeringen som sin mening vad som anförs i motionen om att överväga en översyn av bättre möjligheter till lika vård för alla.,"",,
1455156,Avslag,Avslag,"",0,2022/23:KU25,1,Riksdagen ställer sig bakom det som anförs i motionen om att göra en översyn kring hur individen bättre kan skyddas mot oönskad användning av personliga data och tillkännager detta för regeringen.,"",,
729801,Avslag,Avslag,"",0,2023/24:SkU11,1,Riksdagen ställer sig bakom det som anförs i motionen om att se över skattesystemet för ett mer jämlikt Sverige och en starkare välfärd och tillkännager detta för regeringen.,"",,
1239643,Avslag,Avslag,"",0,2016/17:SfU18,1,Riksdagen ställer sig bakom det som anförs i motionen om obligatorisk åldersbestämning av ensamkommande och tillkännager detta för regeringen.,"",,
2065710,Avslag,Avslag,"",0,2018/19:UbU15,1,Riksdagen ställer sig bakom det som anförs i motionen om gymnasieelever med långa avstånd till skolan och tillkännager detta för regeringen.,"",,
307302,Avslag,Avslag,"",0,2015/16:SkU29,1,Riksdagen ställer sig bakom det som anförs i motionen om att minska hushållens möjligheter till ränteavdrag för bostadslån och tillkännager detta för regeringen.,"",,
534969,=utskottet,avslag,"",7,2000/01:SfU1,7,Riksdagen anvisar med följande ändringar i förhållande till regeringens förslag anslagen under utgiftsområde 10 Ekonomisk trygghet vid sjukdom och handikapp enligt uppställning i motion.,"",,
1915286,Avslag, Avslag,Röstning,0,2004/05:NU8,0,Riksdagen begär att regeringen snarast lägger fram förslag för att stärka äganderätten i samband med prospektering av mineral.,"",,
1277842,Avslag,Avslag,"",0,2022/23:MJU9,2,"Riksdagen ställer sig bakom det som anförs i motionen om att förbjuda hållande av elefanter, stora kattdjur och delfiner på djurparker och tillkännager detta för regeringen.","",,
275754,Avslag,"","",0,2006/07:AU5,0,Riksdagen tillkännager för regeringen som sin mening vad i motionen anförs om att regeringen snabbt bör ta sitt ansvar och säkra resurser så att forskarstuderande vid Arbetslivsinstitutet ges möjligheter att fortsätta sina forskarstudier.,"",,
2022820,Avslag, Avslag,Acklamation,0,2003/04:TU10,0,Riksdagen tillkännager för regeringen som sin mening vad i motionen anförs om behovet av en utbyggnad av Europabanan.,"",,
687975,Avslag, Avslag,Acklamation,0,2006/07:CU9,0,Riksdagen tillkännager för regeringen som sin mening vad som i motionen anförs om krediter för husbyggen i regioner med låga marknadsvärden.,"",,
624743,Avslag, Avslag,Röstning,4,2006/07:UU2,4,Riksdagen tillkännager för regeringen som sin mening vad i motionen anförs om att biståndsmedel icke bör användas för att finansiera EKN:s exportkrediter.,"",,
784044,Avslag, Avslag,Acklamation,0,2006/07:CU18,0,Riksdagen tillkännager för regeringen som sin mening vad som anförs i motionen om en harmonisering av de olika lagar som berör bostadsanpassning.,"",,
1583838,Avslag, Avslag,Acklamation,0,2005/06:TU13,0,Riksdagen tillkännager för regeringen som sin mening vad som i motionen anförs om ändringar i yrkestrafiklagen.,"",,
2239380,=utskottet,Avslag,"",7,2001/02:FiU12,7,Riksdagen tillkännager för regeringen som sin mening vad i motionen anförs om att Nämnden för offentlig upphandling (NOU) snarast i samband med en resursförstärkning bör förändras till en självständig del av Konkurrensverket.,"",,
819543,Avslag, Avslag,Acklamation,2,2007/08:MJU14,2,Riksdagen tillkännager för regeringen som sin mening vad som anförs i motionen om att införa allmän jakttid på skarv.,"",,
1545024,Avslag,Avslag,"",0,2014/15:TU10,1,Riksdagen tillkännager för regeringen som sin mening vad som anförs i motionen om att kontrollera att däcken är godkända på långtradare som kör genom Sverige men som är registrerade i andra länder.,"",,
541270,Avslag,Avslag,"",0,2015/16:SkU18,1,Riksdagen ställer sig bakom det som anförs i motionen om effektskatten på kärnkraft och tillkännager detta för regeringen.,"",,
87710,Avslag, Avslag,Acklamation,0,2012/13:CU8,0,Riksdagen tillkännager för regeringen som sin mening vad som anförs i motionen om tvingande samarbetssamtal vid skilsmässa.,"",,
427388,Avslag, Avslag,Röstning,0,2006/07:TU9,0,Riksdagen tillkännager för regeringen som sin mening vad i motionen anförs om att införa ett fritidsbåtsregister.,"",,
1342789,=utskottet,avslag,"",1,2000/01:SkU19,1,Riksdagen tillkännager för regeringen som sin mening vad i motionen anförs om att skyndsamt utreda en uppskovsmodell i reavinstbeskattningen för återinvestering i onoterade bolag.,"",,
1931821,Avslag,Avslag,"",0,2022/23:SoU14,1,"Riksdagen ställer sig bakom det som anförs i motionen om att införa ett nordiskt register över alla som har legitimation för yrken inom hälso- och sjukvården, och detta tillkännager riksdagen för regeringen.","",,
792689,Avslag, Avslag,Acklamation,0,2006/07:CU9,0,Riksdagen tillkännager för regeringen som sin mening vad i motionen anförs om behovet av en ny lag om kommunal bostadsanvisning.,"",,
1817929,Avslag,Avslag,"",0,2021/22:TU11,1,Riksdagen ställer sig bakom det som anförs i motionen om att minska antalet personskador för cyklister och tillkännager detta för regeringen.,"",,
765064,"","","",0,"",5,"","",,
1922342,Avslag,Avslag,"",0,2020/21:TU6,1,Riksdagen ställer sig bakom det som anförs i motionen om att se över om användning av hörlurar under körning kan innebära en risk i trafiken och tillkännager detta för regeringen.,"",,
1133038,Avslag, Avslag,Acklamation,0,2011/12:MJU17,0,Riksdagen tillkännager för regeringen som sin mening vad som anförs i motionen om det svenska jordbrukets villkor och behovet av likvärdiga villkor.,"",,
1752412,Avslag,Avslag,"",0,2014/15:AU3,1,"Riksdagen tillkännager för regeringen som sin mening vad som anförs i motionen om att överväga att se över möjligheten till mer förebyggande arbete mot förtryck, diskriminering och våld i hederns namn.","",,
1297595,Bifall,Bifall,"",5,2022/23:JuU27,5,Riksdagen antar regeringens förslag till lag om ändring i lagen (1994:260) om offentlig anställning.,"",,
1455349,Avslag,Avslag,"",0,2019/20:KU15,1,Riksdagen ställer sig bakom det som anförs i motionen om att tillsätta en utredning som syftar till att begränsa hur kommunerna får använda utdelning ur kommunala bolag och tillkännager detta för regeringen.,"",,
2146028,Avslag,Avslag,"",0,2019/20:SoU2,1,Riksdagen ställer sig bakom det som anförs i motionen om att regeringen bör utreda ändringar i bestämmelserna i den lag som styr Allmänna arvsfondens utdelning och tillkännager detta för regeringen.,"",,
1862095,Avslag,Avslag,"",0,2024/25:NU16,1,Riksdagen ställer sig bakom det som anförs i motionen om att regeringen bör överväga att fastställa tydliga regelförenklingsmål som är mätbara och innebär minskade kostnader och minskat regelkrångel för företagen och tillkännager detta för regeringen.,"",,
1260694,Bifall,Bifall,"",0,2014/15:CU11,21,Riksdagen tillkännager för regeringen som sin mening vad som anförs i motionen om att företag som säljer egna produkter eller får provision vid försäljning till konsumenter inte bör få kalla sig oberoende rådgivare.,"",,
2129710,Avslag,Avslag,"",0,2020/21:SfU21,4,Riksdagen ställer sig bakom det som anförs i motionen om att se över möjligheten att göra socialförsäkringen mer flexibel genom att ta bort de fasta stegen och tillkännager detta för regeringen.,"",,
1611346,Avslag, Avslag,Acklamation,0,2005/06:KU14,0,"Riksdagen tillkännager för regeringen som sin mening vad i motionen anförs om att stoppa den motorburna, kränkande reklamen för porrklubbar.","",,
1243612,Avslag, Avslag,Acklamation,2,2005/06:UU15,2,Riksdagen tillkännager för regeringen som sin mening vad i motionen anförs om ratificering av Europarådets konvention från 1974 om förbud mot preskription av bl.a. folkmordsbrott samt av FN-konventionen från 1968.,"",,
727238,Avslag, Avslag,Acklamation,0,2003/04:MJU14,0,Riksdagen tillkännager för regeringen som sin mening vad i motionen anförs om Sveriges agerande vad gäller användningen av försöksdjur i samband med EU:s nya kemikalielag.,"",,
2111828,Avslag, Avslag,Acklamation,0,2002/03:KU19,0,Riksdagen tillkännager för riksdagsstyrelsen som sin mening vad i motionen anförs om att upphöra med inköpen av SJ:s årskort till samtliga riksdagsledamöter.,"",,
279552,Avslag,Avslag,"",0,2021/22:TU16,1,Riksdagen ställer sig bakom det som anförs i motionen om ändrade beräkningsgrunder för infrastrukturmedel och tillkännager detta för regeringen.,"",,
2077505,Avslag," Avslag,  Avslag",Acklamation,4,2003/04:KU13,4,Riksdagen tillkännager för regeringen vad som i motionen anförs om återinförandet av ett system där man kan stryka kandidater från partiers listor.,"",,
374720,Avslag, Avslag,Acklamation,0,2005/06:JuU23,0,Riksdagen tillkännager för regeringen som sin mening vad i motionen anförs om att när någon rattonykter person dödar någon i trafiken genom framförande av fordon skall det jämställas med dråp vid straffutmätningen.,"",,
2257549,Avslag, Avslag,Acklamation,0,2005/06:NU16,0,Riksdagen tillkännager för regeringen som sin mening vad i motionen anförs om avregleringar.,"",,
525196,=utskottet,Bifall,"",0,2001/02:JuU28,0,Regeringen föreslår att riksdagen godkänner utkastet till rambeslut om åtgärder för att bekämpa människohandel.,"",,
2214115,Avslag, Avslag,Acklamation,0,2011/12:UbU17,0,Riksdagen tillkännager för regeringen som sin mening vad som anförs i motionen om att inleda ett samarbete mellan Högskolan i Gävle och Uppsala universitet.,"",,
2202013,Avslag,Avslag,"",0,2020/21:UbU13,1,Riksdagen ställer sig bakom det som anförs i motionen om företagande och entreprenörskap vid utformningen av all utbildning och tillkännager detta för regeringen.,"",,
1825631,Avslag,Avslag,"",0,2018/19:FöU2,3,Riksdagen ställer sig bakom det som anförs i motionen om att utreda sårbarheter i samhällsviktiga varors försörjningskedja och hur bristerna kan minimeras och tillkännager detta för regeringen.,"",,
3344341,Avslag, Avslag,Röstning,2,2004/05:FiU3,2,"Riksdagen tillkännager för regeringen som sin mening vad i motionen anförs om att reformering av de ekonomiska villkoren för kommuner och landsting skall främja, inte motverka, en utjämning av de oskäliga löneskillnaderna mellan kvinnor och män.","",,
346948,Avslag, Avslag,Acklamation,5,2008/09:JuU4,5,Riksdagen tillkännager för regeringen som sin mening vad som anförs i motionen om att regeringen i Europeiska rådet bör arbeta för att lyfta fram den svenska lagstiftningen som en modell för att minska prostitution och människohandel för sexuella ändamål.,"",,
1819003,Avslag, Avslag,Röstning,2,2005/06:SfU14,2,"Riksdagen tillkännager för regeringen som sin mening vad i motionen anförs om att regeringen skall verka för att omförhandla direktivet om överföring av passageraruppgifter med hänsyn till faktorer som den personliga integriteten, rätten att söka asyl och risk för människohandel och människosmuggling.","",,
679026,Avslag, Avslag,Acklamation,0,2008/09:CU31,0,Riksdagen tillkännager för regeringen som sin mening vad som anförs i motionen om att se över och modernisera jordförvärvslagen.,"",,
3267253,Avslag, Avslag,Acklamation,0,2012/13:MJU12,0,Riksdagen tillkännager för regeringen som sin mening vad som anförs i motionen om det fria handredskapsfisket och allemansrätten.,"",,
437563,=utskottet,Bifall,"",2,2001/02:FöU12,2,Regeringen föreslår att riksdagen godkänner regeringens förslag till inriktning av hemvärnsförbanden inom de nationella skyddsstyrkorna (avsnitt 8.1).,"",,
2223890,Avslag, Avslag,Acklamation,0,2011/12:UbU14,0,Riksdagen tillkännager för regeringen som sin mening vad som anförs i motionen om vikten av hem- och konsumentkunskap.,"",,
421461,Avslag, Avslag,Acklamation,0,2009/10:MJU12,0,Riksdagen tillkännager för regeringen som sin mening vad som anförs i motionen om förbud mot s.k. kamphundar.,"",,
1556579,Avslag,Avslag,"",0,2022/23:JuU12,1,Riksdagen ställer sig bakom det som anförs i motionen om att tillsätta en utredning avseende kroppskameror och tillkännager detta för regeringen.,"",,
3330243,Avslag,Avslag,"",0,2020/21:FiU22,1,"Riksdagen ställer sig bakom det som anförs i motionen om vikten av att snarast utarbeta ett externt register, uppdaterat i realtid, över låntagares totala skulder och tillkännager detta för regeringen.","",,
572400,Avslag,Avslag,"",0,2016/17:SoU9,1,Riksdagen ställer sig bakom det som anförs i motionen om att tillsätta en utredning i syfte att införa en ny äldreomsorgslag som stärker de äldres rättigheter inom äldreomsorgen och tillkännager detta för regeringen.,"",,
656846,Avslag,Avslag,"",0,2019/20:CU17,1,"Riksdagen ställer sig bakom det som anförs i motionen om att vårdnaden om barn som mist sina föräldrar normalt ska ges till någon i barnets familje- och släktkrets, och detta tillkännager riksdagen för regeringen.","",,
1188377,Bifall,Bifall,"",5,2020/21:JuU43,5,Riksdagen antar regeringens förslag till lag om ändring i häkteslagen (2010:611).,"",,
234466,Avslag, Avslag,Acklamation,0,2008/09:UbU15,0,Riksdagen tillkännager för regeringen som sin mening vad som anförs i motionen om behovet av förändringar i utbildningen för sjuksköterskor med anledning av den nya utbildningsstrukturen.,"",,
1126628,Avslag, Avslag,Acklamation,5,2002/03:UMJU1,5,Riksdagen tillkännager för regeringen som sin mening vad som i motionen anförs om hälsa.,"",,
2130566,"","","",2,"",2,att riksdagen begär att regeringen låter utreda nya alternativa finansieringssätt för järnvägen över Öresundsbron.,"",,
610404,Delvis bifall,Delvis bifall,"",0,2015/16:NU17,1,Riksdagen ställer sig bakom det som anförs i motionen om lokalisering av statliga myndigheter och tillkännager detta för regeringen.,"",,
537332,Avslag,Avslag,"",0,2017/18:SoU13,1,Riksdagen ställer sig bakom det som anförs i motionen om att utvärdera konsekvenser av förändringen gällande sänkta kompetenskrav vid den statliga institutionen Sis och tillkännager detta för regeringen.,"",,
1357509,Avslag, Avslag,Acklamation,12,2005/06:SoU22,12,Riksdagen tillkännager för regeringen som sin mening vad i motionen anförs om individuella vårdplaner för personer med dolda funktionshinder.,"",,
1932329,Avslag, Avslag,Acklamation,0,2011/12:FiU3,0,Riksdagen tillkännager för regeringen som sin mening vad som anförs i motionen om kommunala sommarjobb.,"",,
3251802,Bifall,Bifall,"",6,2023/24:CU21,6,Riksdagen antar regeringens förslag till lag om ändring i lagen (2018:672) om ekonomiska föreningar.,"",,
3322707,Avslag,Avslag,"",0,2020/21:CU9,1,"Riksdagen ställer sig bakom det som anförs i motionen om att studera förutsättningarna för ett ökat användande av träprodukter i byggandet av våra offentliga utemiljöer, våra äldre och nya bostadsområden och i våra tätbebyggda orter och tillkännager detta för regeringen.","",,
1158394,=utskottet,Avslag,"",3,2001/02:BoU14,3,Riksdagen beslutar att inte tillsätta en utredning om möjligheterna att skapa ett nationellt register där uppgifter om radon- och ventilationsstatus kan samlas.,"",,
1300303,Avslag,Avslag,"",0,2019/20:SkU23,1,Riksdagen ställer sig bakom det som anförs i motionen om att göra en översyn av momsskattesatserna i syfte att implementera omvänd skattskyldighet som huvudregel och tillkännager detta för regeringen.,"",,
1348461,Avslag,Avslag,"",0,2016/17:AU7,1,Riksdagen ställer sig bakom det som anförs i motionen om att se över turordningsreglerna i lagen om anställningsskydd och tillkännager detta för regeringen.,"",,
98113,"","","",1,"",1,Riksdagen tillkännager för regeringen som sin mening vad i motionen anförs om lokala och regionala museers möjligheter att själva ta hand om fornfynd.,"",,
1253946,Avslag, Avslag,Acklamation,0,2009/10:SoU1,0,Riksdagen tillkännager för regeringen som sin mening vad som anförs i motionen om skillnader i regler för anmälan om missförhållanden inom äldreomsorgen.,"",,
680996,Avslag,Avslag,"",0,2017/18:SfU15,2,Riksdagen ställer sig bakom det som anförs i motionen om att följa upp dagens rapportering och tillkännager detta för regeringen.,"",,
2016632,Avslag,Avslag,"",0,2024/25:MJU20,1,"Riksdagen ställer sig bakom det som anförs i motionen om att se över möjligheten att förändra stödområdesindelningen för det nationella stödet samt kompensationsstödet, så att stödet blir mer likvärdigt och inte drabbar vissa bönder i Skellefteå och Umeå kommuner negativt, och tillkännager detta för regeringen.","",,
1206308,"","","",0,2025/26:NU14,1,Riksdagen ställer sig bakom det som anförs i motionen om att utreda förutsättningar för att villkora ekonomiskt regionalt stöd till företag med representation av både kvinnor och män i företagens styrelser och tillkännager detta för regeringen.,"",,
107880,Avslag, Avslag,Acklamation,0,2012/13:UU12,0,"Riksdagen tillkännager för regeringen som sin mening vad som anförs i motionen om att undersöka möjligheten att inom ramen för internationella insatser bekämpa fattigdom, uppfylla åtaganden i klimatarbetet samt främja mänskliga fri- och rättigheter.","",,
1181778,Avslag, Avslag,Acklamation,0,2007/08:UbU9,0,Riksdagen tillkännager för regeringen som sin mening vad som anförs i motionen om nationell uppföljning av studenter vid högre utbildning.,"",,
1737067,Avslag,Avslag,"",0,2014/15:SfU1,1,Riksdagen tillkännager för regeringen som sin mening vad som anförs i motionen om att utreda hur socialförsäkringarna kan utformas för att bättre ta hänsyn till egenföretagares situation.,"",,
781072,Avslag,Avslag,"",0,2017/18:SkU12,1,Riksdagen ställer sig bakom det som anförs i motionen om att se över räntan vid skuld på skattekontot och tillkännager detta för regeringen.,"",,
3366078,"","","",0,"",1,Riksdagen ställer sig bakom det som anförs i motionen om att regeringen måste presentera en tydlig och långsiktig strategi för Sveriges genomförande av Agenda 2030 med konkreta prioriteringar och handlingsplaner som besvarar Riksrevisionens kritik och tillkännager detta för regeringen.,"",,
228752,Avslag, Avslag,Acklamation,0,2008/09:UbU17,0,Riksdagen tillkännager för regeringen som sin mening vad som anförs i motionen om gymnastik i skolan.,"",,
1321616,Avslag,Avslag,"",0,2021/22:SkU1,1,"Riksdagen ställer sig bakom det som anförs i motionen om att en utredning bör få i uppdrag att ta fram förslag på hur stulna bilar, husvagnar och husbilar ska förhindras att lämna landet och tillkännager detta för regeringen.","",,
2147841,"","","",0,"",1,"Riksdagen ställer sig bakom det som anförs i motionen om att erkänna Josef Stalins systematiska mördande av miljontals ukrainare åren 1932–33, holodomor, som folkmord och tillkännager detta för regeringen.","",,
537987,Avslag,Avslag,"",0,2017/18:SoU9,1,Riksdagen ställer sig bakom det som anförs i motionen om likvärdig bröstcancervård och tillkännager detta för regeringen.,"",,
642465,Bifall, Bifall,Röstning,4,2013/14:UU25,4,Riksdagen antar regeringens förslag till,lag om ändring i varumärkeslagen (2010:1877),,
1964474,Avslag, Avslag,Acklamation,0,2013/14:JuU1,0,Riksdagen tillkännager för regeringen som sin mening vad som anförs i motionen om Skaraborg som en lämplig region för en ny polisutbildning.,"",,
1921840,Avslag, Avslag,Acklamation,3,2011/12:TU1,3,"Riksdagen tillkännager för regeringen som sin mening vad som anförs i motionen om att överskottet från trängselavgifterna i Stockholm, 2,3 miljarder kronor under budgetperioden 2012-2014, bör överföras till Stockholmsregionen för kollektivtrafiksatsningar.","",,
1897401,Avslag," Avslag,  Avslag","",0,2004/05:FöU8,0,Riksdagen tillkännager för regeringen som sin mening vad i motionen anförs om naturolyckor.,"",,
1401997,=utskottet,avslag,"",1,2000/01:SkU19,1,Riksdagen tillkännager för regeringen som sin mening vad i motionen anförs om att införa en lönebaserad reserveringsmöjlighet särskilt för mindre företag.,"",,
917373,Avslag, Avslag,Acklamation,0,2009/10:UbU8,0,Riksdagen tillkännager för regeringen som sin mening vad som anförs i motionen om drogtester i skolan.,"",,
1969907,Avslag,Avslag,"",0,2024/25:TU5,1,Riksdagen ställer sig bakom det som anförs i motionen om vägnätet i Fyrbodal och tillkännager detta för regeringen.,"",,
1034450,Avslag,Avslag,"",0,2018/19:TU5,1,Riksdagen ställer sig bakom det som anförs i motionen om att utreda förutsättningarna för ytterligare investeringar i Europaväg 16 Gävle-Oslo och tillkännager detta för regeringen.,"",,
618270,Avslag,Avslag,"",0,2015/16:FöU7,2,Riksdagen ställer sig bakom det som anförs i motionen om att utreda och ta fram en plan för ökad frångänglighet i samtliga offentliga utrymmen och all offentlig verksamhet och tillkännager detta för regeringen.,"",,
1479549,Avslag,Avslag,"",0,2022/23:UbU6,1,Riksdagen ställer sig bakom det som anförs i motionen om vikten av att undervisa om folkmordet seyfo 1915 och tillkännager detta för regeringen.,"",,
2256594,Avslag,Avslag,"",0,2016/17:JuU18,1,Riksdagen ställer sig bakom det som anförs i motionen om sekretesslagstiftningen som rör myndigheter och tillkännager detta för regeringen.,"",,
2206205,Avslag,Avslag,"",0,2024/25:NU10,1,Riksdagen ställer sig bakom det som anförs i motionen om att utreda förutsättningarna för att införa en regionaliserad fastighetsskatt för elproduktions- och industrifastigheter och tillkännager detta för regeringen.,"",,
1099147,=utskottet,Avslag,"",0,2001/02:SoU1,0,Riksdagen tillkännager för regeringen som sin mening vad i motionen anförs om tandvårdsstödet.,"",,
1378504,Avslag,Avslag,"",0,2018/19:TU4,1,Riksdagen ställer sig bakom det som anförs i motionen om att se över förutsättningarna för att på ett sammanhållet sätt ge tillgång till bredband i hela landet och tillkännager detta för regeringen.,"",,
1587397,Avslag, Avslag,Acklamation,0,2004/05:TU2,0,Riksdagen tillkännager för regeringen som sin mening vad i motionen anförs om djur i trafiken.,"",,
1024769,Avslag,Avslag,"",0,2019/20:KrU9,1,Riksdagen ställer sig bakom det som anförs i motionen om att staten bör visa större intresse kring Uppåkra Arkeologiska Center och tillkännager detta för regeringen.,"",,
175208,Avslag,Avslag,"",0,2020/21:NU18,3,Riksdagen ställer sig bakom det som anförs i motionen om att koncentrera prövningen enligt 3-4 kap. miljöbalken i bearbetningskoncessionsärenden till en länsstyrelse och tillkännager detta för regeringen.,"",,
959773,Avslag,Avslag,"",0,2019/20:SoU4,1,Riksdagen ställer sig bakom det som anförs i motionen om undersköterskors arbetsvillkor och tillkännager detta för regeringen.,"",,
839586,Avslag, Avslag,Acklamation,0,2004/05:SoU10,0,Riksdagen tillkännager för regeringen som sin mening vad i motionen anförs om rehabilitering och vård för att minska samhällets sjukvårdskostnader.,"",,
944993,Avslag, Avslag,Acklamation,2,2004/05:UbU4,2,"Riksdagen tillkännager för regeringen som sin mening vad i motionen anförs om att det i utbildningarna ledande till barnskötare, förskollärare och lärarexamen för yngre år ges adekvata kunskaper i näringslära och kosthållning.","",,
1611264,Avslag, Avslag,Acklamation,0,2005/06:KU21,0,Riksdagen begär att riksdagsstyrelsen efter en utvärdering återkommer till riksdagen med förslag på lösningar för att åstadkomma en mer relevant process för riksdagens andra steg i budgetbehandlingen.,"",,
1240527,Avslag,Avslag,"",0,2016/17:TU16,1,Riksdagen ställer sig bakom det som anförs i motionen om behovet av ett tydligt cyklistperspektiv på vägarbeten i den nationella cykelstrategin och tillkännager detta för regeringen.,"",,
2230365,Avslag,Avslag,"",0,2016/17:UbU17,1,Riksdagen ställer sig bakom det som anförs i motionen om företagande och entreprenörskap vid utformningen av all utbildning och tillkännager detta för regeringen.,"",,
933112,Avslag, Avslag,Acklamation,0,2009/10:JuU21,0,Riksdagen tillkännager för regeringen som sin mening vad som anförs i motionen om ändring av bestämmelsen om villkorlig frigivning i 26 kap. 6 § brottsbalken.,"",,
756632,Avslag, Avslag,Acklamation,0,2013/14:MJU16,0,Riksdagen tillkännager för regeringen som sin mening vad som anförs i motionen om bättre incitament för miljövänliga plastförpackningar.,"",,
2042178,Bifall,Bifall,"",1,2014/15:UbU6,1,Riksdagen antar regeringens förslag till lag om ändring i skollagen (2010:800).,"",,
202167,Avslag, Avslag,Röstning,2,2009/10:SkU15,2,Riksdagen tillkännager för regeringen som sin mening vad som anförs i motionen om att finansieringen av utvidgningen av den kommunala fastighetsavgiften ska ske inom ramen för den samlade beskattningen.,"",,
1118286,"","","",0,2025/26:SoU16,1,Riksdagen ställer sig bakom det som anförs i motionen om att regionernas arbete med att minska vårdköerna ska följas upp noggrant så att man i framtiden kan sprida bästa praxis och säkerställa att både offentliga och privata vårdgivares kapacitet tas till vara och tillkännager detta för regeringen.,"",,
1149483,Avslag,Avslag,"",0,2015/16:UbU14,1,Riksdagen ställer sig bakom det som anförs i motionen om att se över möjligheten att genomföra en nationell kunskapskampanj mot totalitära ideologier på våra skolor och tillkännager detta för regeringen.,"",,
3344548,Avslag, Avslag,Röstning,3,2013/14:SoU10,3,Riksdagen tillkännager för regeringen som sin mening vad som anförs i motionen om att göra deltagandet i vårdvalet frivilligt för landstingen.,"",,
1609058,Avslag,Avslag,"",0,2014/15:SoU7,1,Riksdagen tillkännager för regeringen som sin mening vad som anförs i motionen om embryodonation till par och ensamstående som saknar både egna ägg och spermier.,"",,
388802,Avslag,Avslag,"",0,2021/22:KU33,2,"Riksdagen ställer sig bakom det som anförs i motionen om att regeringen årligen ska återkomma till riksdagen med en skrivelse om läget för yttrandefriheten på internet, i synnerhet dess kontakter med sociala medier-företag och tillkännager detta för regeringen.","",,
3126321,Avslag, Avslag,Acklamation,13,2006/07:JuU6,13,Riksdagen tillkännager för regeringen som sin mening vad i motionen anförs om att tillsätta en utredning med uppgift att se över polisens beväpning.,"",,
322262,Avslag,Avslag,"",0,2015/16:MJU1,1,Riksdagen ställer sig bakom det som anförs i motionen om att regeringen bör ingå samarbete med IAEA för att anpassa den befintliga SIT-metoden för bekämpning av översvämningsmygg och tillkännager detta för regeringen.,"",,
1273039,Avslag, Avslag,Acklamation,0,2002/03:JuU1,0,Riksdagen tillkännager för regeringen som sin mening vad i motionen anförs om vikten av att behålla Lycksele tingsrätt och behovet av ökade resurser till dess verksamhet.,"",,
111005,Avslag,Avslag,"",0,2020/21:AU2,1,Riksdagen anvisar anslagen för 2021 inom utgiftsområde 14 Arbetsmarknad och arbetsliv enligt förslaget i tabellen i motionen.,"",,
81836,Avslag,"","",0,2012/13:UbU1,0,Riksdagen tillkännager för regeringen som sin mening vad som anförs i motionen om att regeringen bör återkomma med ett förslag om en ändring av högskoleförordningen som innebär att samtliga som antas till forskarutbildning också anställs som doktorander.,"",,
1112806,=utskottet,Avslag,"",24,2001/02:UFöU1,24,"Riksdagen tillkännager för regeringen som sin mening vad i motionen anförs om att folkrätten bör utvecklas till att också skydda människors frihet, inte bara staters.","",,
1647817,Avslag, Avslag,Acklamation,4,2013/14:TU18,4,Riksdagen tillkännager för regeringen som sin mening vad som anförs i motionen om att myndigheternas samverkan i taxifrågor på nationell och regional nivå måste öka och bjuda in branschorganisationerna i arbetet.,"",,
80311,Avslag, Avslag,Acklamation,0,2002/03:UbU11,0,Riksdagen tillkännager för regeringen som sin mening vad i motionen anförs om att det i kursplanen för grundskolans lågstadium bör införas krav på obligatorisk simundervisning.,"",,
127431,Avslag, Avslag,Röstning,0,2011/12:CU19,0,Riksdagen tillkännager för regeringen som sin mening vad som anförs i motionen om att se över möjligheten att skärpa lagstiftningen så att fordonsmålvakters brottsliga verksamhet hindras.,"",,
1936240,Avslag, Avslag,Röstning,0,2002/03:AU6,0,Riksdagen tillkännager för regeringen som sin mening vad i motionen anförs om att vidta åtgärder för att förbättra yttrandefriheten för anställda inom den privata sektorn.,"",,
900873,Avslag,Bifall,"",0,2021/22:JuU23,1,Riksdagen ställer sig bakom det som anförs i motionen om att utreda ett återinförande av straffet förvaringsstraff och tillkännager detta för regeringen.,"",,
141656,Avslag, Avslag,Acklamation,0,2010/11:SoU11,0,Riksdagen tillkännager för regeringen som sin mening vad som anförs i motionen om funktionshindrade ungdomars möjlighet att själva välja var de ska bo den dag de flyttar till ett eget boende.,"",,
528577,Avslag, Avslag,Acklamation,0,2007/08:JuU1,0,Riksdagen tillkännager för regeringen som sin mening vad som anförs i motionen om behovet av en fjärde polishögskola med placering i Borås.,"",,
1546428,Avslag,Avslag,"",0,2019/20:MJU16,74,"Riksdagen ställer sig bakom det som anförs i motionen om att regeringen bör utreda möjligheten att även införa klimat- och miljöperspektiv enligt ""environmental due diligence"" i regelverken för företags agerande utomlands och tillkännager detta för regeringen.","",,
919875,Avslag, Avslag,Röstning,6,2008/09:JuU22,6,Riksdagen tillkännager för regeringen som sin mening vad som anförs i motionen om att förbättra det internationella samarbetet avseende sexualbrott mot barn.,"",,
881959,=utskottet,avslag,"",5,2000/01:MJU6,5,Riksdagen tillkännager för regeringen som sin mening vad i motionen anförs om ökad forskning.,"",,
1277454,Bifall,Bifall,"",10,2019/20:FiU40,10,Riksdagen antar regeringens förslag till lag om ändring i lagen (2020:000) om ändring i lagen (2014:836) om näringsförbud.,"",,
2175845,Avslag,Avslag,"",0,2022/23:TU4,2,Riksdagen ställer sig bakom det som anförs i motionen om att påbörja en förhandling med berörda parter kring finansieringen av kapacitets- och trafiksäkerhetshöjande åtgärder och tillkännager detta för regeringen.,"",,
1460303,Avslag, Avslag,Acklamation,0,2003/04:KU13,0,Riksdagen tillkännager för regeringen som sin mening vad i motionen anförs om en översyn av reglerna för fördelning av utjämningsmandaten inom partier.,"",,
107196,Avslag, Avslag,Acklamation,4,2005/06:UU20,4,Riksdagen tillkännager för regeringen som sin mening vad i motionen anförs om vikten av dialog mellan Folkrepubliken Kina och Taiwan.,"",,
634110,Avslag, Avslag,Röstning,0,2012/13:SoU10,0,Riksdagen tillkännager för regeringen som sin mening vad som anförs i motionen om att tillsätta en utredning om god tandhälsa för personer med låg inkomst.,"",,
1408427,Avslag, Avslag,Acklamation,0,2009/10:SoU11,0,Riksdagen tillkännager för regeringen som sin mening vad som anförs i motionen om åtgärder som säkerställer att utlandsfödda får lika bra vård som svenskfödda.,"",,
381371,Avslag, Avslag,Acklamation,0,2005/06:UbU1,0,Riksdagen tillkännager för regeringen som sin mening vad i motionen anförs om film- och medieutbildningen på Högskolan i Trollhättan/Uddevalla.,"",,
1691925,Avslag,Avslag,"",0,2016/17:FöU9,1,"Riksdagen ställer sig bakom det som anförs i motionen om behovet av åtgärder som avskaffar problemet med vagabonderande strömmar, och detta tillkännager riksdagen för regeringen.","",,
887994,Avslag, Avslag,Acklamation,2,2009/10:SkU26,2,Riksdagen tillkännager för regeringen som sin mening vad som anförs i motionen om att ett högsta tillåtet avdragsgillt belopp bör införas per anställd när det gäller friskvårdsförmåner.,"",,
197833,Avslag, Avslag,Röstning,0,2004/05:JuU33,0,"Riksdagen tillkännager för regeringen som sin mening att Sverige, i enlighet med artikel 9.2 i tilläggsprotokollet till 2000 års konvention om ömsesidig rättslig hjälp i brottmål mellan Europeiska unionens medlemsstater, skall kunna vägra att bistå med rättslig hjälp när det gäller politiska brott.","",,
1194801,Avslag, Avslag,Acklamation,0,2009/10:AU7,0,Riksdagen tillkännager för regeringen som sin mening vad som anförs i motionen om att se på möjligheten att överväga nystartszoner för att underlätta för människor i områden med stort utanförskap.,"",,
1292847,Avslag, Avslag,"",2,2007/08:KU24,2,Riksdagen beslutar att avslå den av regeringen föreslagna ändringen av ändamål och verksamheter som ska innefattas i utgiftsområde 13 Arbetsmarknad respektive utgiftsområde 8 Migration (avsnitt 13.1.3 i propositionen).,"",,
1253915,Avslag, Avslag,Röstning,0,2008/09:NU16,0,Riksdagen tillkännager för regeringen som sin mening vad som anförs i motionen om behovet av riskkapital för kvinnors företagande.,"",,
1516964,Avslag,Avslag,"",0,2021/22:TU16,1,Riksdagen ställer sig bakom det som anförs i motionen om att regeringen snarast ska säkerställa full finansiering av Tvärförbindelse Södertörn så att trafikflödena på Södertörn snarast underlättas och tillkännager detta för regeringen.,"",,
1812135,Bifall, Bifall,Acklamation,0,2013/14:TU14,0,Riksdagen tillkännager för regeringen som sin mening vad som anförs i motionen om behovet av en möjlighet för polisen att stoppa både svenskregistrerade och utlandsregistrerade transporter genom s.k. klampning.,"",,
671989,Avslag, Avslag,Acklamation,0,2004/05:KrU5,0,Riksdagen tillkännager för regeringen som sin mening vad i motionen anförs om att regeringen i samarbete med idrottsrörelsen skall föreslå åtgärder i syfte att begränsa resekostnaderna i samband med barns/ungdomars idrottsutövande.,"",,
2256762,"","","",0,"",0,Riksdagen tillkännager för regeringen som sin mening vad som anförs i motionen om att säkerställa att alla personer som uppfyller förutsättningarna så tidigt som möjligt tilldelas ett målsägandebiträde.,"",,
2085985,=utskottet,Avslag,"",2,2001/02:UbU10,2,Riksdagen tillkännager för regeringen som sin mening vad i  motionen anförs om ett förtydligande i läroplanen beträffande vilka krav som ställs beträffande simkunnighet.,"",,
2183840,Avslag,Avslag,"",0,2024/25:FöU6,1,Riksdagen ställer sig bakom det som anförs i motionen om att Sandö bör utvecklas till att bli ett utbildningsnav för en återetablerad civilplikt och tillkännager detta för regeringen.,"",,
484535,Avslag,Avslag,"",0,2015/16:UbU1,9,Riksdagen ställer sig bakom det som anförs i motionen om fler platser på yrkesvux och tillkännager detta för regeringen.,"",,
1616759,Avslag, Avslag,Acklamation,2,2003/04:KU6,2,Riksdagen tillkännager för regeringen som sin mening vad i motionen anförs om att sekulära livssynsorganisationer och religiösa trossamfund skall behandlas lika av staten när det gäller möjligheterna att erhålla ekonomiskt stöd eller hjälp med uppbörden av medlemsavgifter.,"",,
536809,Avslag, Avslag,Acklamation,0,2013/14:AU2,0,"Riksdagen tillkännager för regeringen som sin mening vad som anförs i motionen om att taket för lönebidrag, utvecklingsanställning, trygghetsanställning och skyddad anställning hos offentlig arbetsgivare anpassas till de lönerörelser det föreskriver att man ska följa.","",,
951898,Avslag,Avslag,"",0,2021/22:KU27,1,Riksdagen ställer sig bakom det som anförs i motionen om att införa tidsgräns för användandet av samhällsfinansierad språktolk och tillkännager detta för regeringen.,"",,
1416462,Avslag, Avslag,Röstning,10,2006/07:NU4,10,Riksdagen tillkännager för regeringen som sin mening vad i motionen anförs om möjligheterna till utförsäljning av statliga bolag.,"",,
2108081,Avslag, Avslag,Röstning,2,2005/06:AU5,2,Riksdagen tillkännager för regeringen som sin mening vad i motionen anförs om förutsättningarna för hög kvalitet i förmedlingsarbetet.,"",,
3225711,Avslag, Avslag,Acklamation,0,2012/13:MJU19,0,Riksdagen tillkännager för regeringen som sin mening vad som anförs i motionen om tillsynen av djurskyddet.,"",,
295327,Avslag,Avslag,"",0,2020/21:NU14,1,Riksdagen ställer sig bakom det som anförs i motionen om att se över möjligheten att under en provperiod inrätta ekonomiska frizoner för företag i ett visst antal utpekade områden och tillkännager detta för regeringen.,"",,
1369599,"","","",4,"",4,Riksdagen tillkännager för regeringen som sin mening vad som i motionen anförs om antalet lektionstimmar i ämnet Idrott och hälsa i skolan.,"",,
597038,Avslag, Avslag,Acklamation,12,2006/07:TU1,12,Riksdagen tillkännager för regeringen som sin mening vad i motionen anförs om att investeringar i Stockholmsregionens infrastruktur ska motverka segregeringen.,"",,
2070659,Avslag, Avslag,Acklamation,0,2012/13:KrU9,0,Riksdagen tillkännager för regeringen som sin mening vad som anförs i motionen om att utreda förutsättningarna för att inrätta ett nationellt skogsmuseum med lokalisering i Lycksele.,"",,
1766613,Avslag,Avslag,"",0,2021/22:KrU3,11,Riksdagen ställer sig bakom det som anförs i motionen om ökat oberoende för public service och tillkännager detta för regeringen.,"",,
296788,Avslag,Avslag,"",0,2015/16:FiU39,1,Riksdagen ställer sig bakom det som anförs i motionen om statens roll för att främja innovativa offentliga upphandlingar och tillkännager detta för regeringen.,"",,
1037551,Bifall, Bifall,Acklamation,0,2008/09:KU2,0,Riksdagen antar regeringens förslag till,"1. lag om ändring i sekretesslagen (1980:100),
2. lag om ändring i lagen (1994:1065) om ekonomiska villkor för riksdagens ledamöter,
3. lag om ändring i lagen (1996:304) om arvode m.m. till Sveriges företrädare i Europaparlamentet,
4. lag om ändring i lagen (2001:181) om behandling av uppgifter i Skatteverkets beskattningsverksamhet,
5. lag om ändring i socialtjänstlagen (2001:453),
6. lag om ändring i lagen (2002:546) om behandling av personuppgifter i den arbetsmarknadspolitiska verksamheten,
7. lag om ändring i lagen (2003:763) om behandling av personuppgifter inom socialförsäkringens administration,
8. lag om ändring i utlänningslagen (2005:716).",,
776984,Avslag, Avslag,Acklamation,0,2008/09:SoU12,0,Riksdagen tillkännager för regeringen som sin mening vad som anförs i motionen om gårdsförsäljning av vin.,"",,
576522,Avslag,Avslag,"",0,2021/22:JuU22,1,Riksdagen ställer sig bakom det som anförs i motionen om att reformera hotellagen och tillkännager detta för regeringen.,"",,
1537148,Avslag,Avslag,"",0,2015/16:KU17,1,Riksdagen tillkännager för regeringen som sin mening vad som anförs i motionen om att återinföra tjänstemannaansvaret.,"",,
565858,Avslag,Avslag,"",0,2015/16:UbU14,3,Riksdagen ställer sig bakom det som anförs i motionen om att se över möjligheterna att ge lärare kunskap vad gäller FN:s barnkonvention och tillkännager detta för regeringen.,"",,
1498925,Delvis bifall,Delvis bifall,"",0,2014/15:TU5,1,"Riksdagen tillkännager för regeringen som sin mening vad som anförs i motionen om att dels förbättra infrastrukturen för cyklister genom väl utformade och underhållna snabbcykelvägar med en hög säkerhetsstandard, dels se över Trafikverkets uppdrag att förbättra cykelinfrastrukturen.","",,
1458613,Avslag,Avslag,"",0,2022/23:TU4,1,Riksdagen ställer sig bakom det som anförs i motionen om att i infrastrukturplaneringen studera förutsättningarna för att successivt bygga ut Skånebanan från Helsingborg till Kristianstad till dubbelspår och tillkännager detta för regeringen.,"",,
1689758,Avslag,Avslag,"",0,2014/15:CU10,1,"Riksdagen beslutar att i plan- och bygglagen (2010:900) införa en ny paragraf, 4 kap. 25 a §, med följande lydelse: Efter det att genomförandetiden har gått ut, gäller inte de bestämmelser om arkitektonisk eller estetisk utformning av byggnadsverk och tomter som 1. har beslutats enligt 16 § 1 eller motsvarande äldre bestämmelser 2. reglerar andra områden än sådana särskilt värdefulla bebyggelseområden som avses i 8 kap. 13 §.","",,
1634750,Avslag,Avslag,"",0,2023/24:JuU16,13,Riksdagen ställer sig bakom det som anförs i motionen om att stärka Sverigebilden och tillkännager detta för regeringen.,"",,
1159751,Avslag, Avslag,Acklamation,2,2012/13:UbU7,2,Riksdagen tillkännager för regeringen som sin mening vad som anförs i motionen om att skyndsamt utreda hur övergången till ett statligt huvudmannaskap ska ske.,"",,
1238562,Avslag,Avslag,"",0,2022/23:TU4,1,Riksdagen ställer sig bakom det som anförs i motionen om betydelsen av förbättrade tågförbindelser mellan Stockholm och Oslo och tillkännager detta för regeringen.,"",,
810725,Avslag,Avslag,"",0,2023/24:SfU12,1,"Riksdagen ställer sig bakom det som anförs i motionen om att utreda hur föräldraförsäkringen kan delas i tre lika delar, där en tredjedel var av den ersatta föräldraledigheten är knuten till den ena föräldern och den tredje delen kan delas mellan föräldrarna enligt överenskommelse, med undantag för ensamstående föräldrar som har rätt att utnyttja hela föräldraledigheten, och detta tillkännager riksdagen för regeringen.","",,
1224065,Avslag, Avslag,Acklamation,19,2009/10:MJU9,19,Riksdagen tillkännager för regeringen som sin mening vad som anförs i motionen om att myndigheterna behöver ingripa med större kraft mot brott mot reglerna till skydd för miljö- och kulturvärden i landskapet.,"",,
507004,Avslag,Avslag,"",0,2017/18:CU10,1,"Riksdagen ställer sig bakom det som anförs i motionen om att följa upp effekterna av det nya regelverket och bevaka att de nya resenärsrättigheterna följs, och detta tillkännager riksdagen för regeringen.","",,
800949,Avslag,Avslag,"",0,2023/24:CU13,3,Riksdagen ställer sig bakom det som anförs i motionen om att utreda möjligheten att inrätta ett upprustningsstöd för egnahem i glesbygden och tillkännager detta för regeringen.,"",,
1723721,Avslag, Avslag,Röstning,0,2005/06:LU13,0,Riksdagen tillkännager för regeringen som sin mening vad i motionen anförs om lättnader i språkkrav vad gäller patentansökningar.,"",,
1290298,"","","",0,2025/26:MJU11,1,Riksdagen ställer sig bakom det som anförs i motionen om att se över möjligheten att utreda förutsättningarna för att stoppa det industriella trålfisket i Östersjön och tillkännager detta för regeringen.,"",,
912276,Avslag, Avslag,Acklamation,0,2009/10:FöU8,0,Riksdagen tillkännager för regeringen som sin mening vad som anförs i motionen om Tjärnmyrans skjutfält i Sollefteå.,"",,
3109324,"","","",0,"",4,Riksdagen ställer sig bakom det som anförs i motionen om att avvisa förslaget om att förlänga tillstånd för säsongsarbete till nio månader och tillkännager detta för regeringen.,"",,
256446,Avslag,Avslag,"",0,2024/25:SfU17,3,Riksdagen avslår förslaget om att avskaffa systemet med spårbyte (avsnitt 6 i propositionen).,"",,
3127797,Avslag, Avslag,Röstning,3,2013/14:NU3,3,Riksdagen begär att regeringen återkommer med en avvecklingsplan för de resterande reaktorerna.,"",,
1355409,Avslag,"","",2,2012/13:SfU1,2,Riksdagen tillkännager för regeringen som sin mening vad som anförs i motionen om att målet på sikt bör vara att de allra flesta av löntagarna ska få ut 80 procent av lönen vid sjukdom.,"",,
1268083,Avslag,Avslag,"",0,2022/23:TU7,2,Riksdagen ställer sig bakom det som anförs i motionen om att se över hur en konkurrensneutralitet mellan olika transportsystem skulle vara möjlig och tillkännager detta för regeringen.,"",,
625259,=utskottet,Avslag,"",0,2001/02:SfU15,0,Riksdagen begär att regeringen lägger fram förslag till ändring i lagen om medborgarskap i enlighet med vad som anförs i motionen.,"",,
157802,Avslag, Avslag,Acklamation,0,2010/11:SoU11,0,Riksdagen tillkännager för regeringen som sin mening vad som anförs i motionen om att kvalitetssäkra personliga assistenter.,"",,
380640,Avslag, Avslag,Acklamation,0,2005/06:UbU8,0,Riksdagen tillkännager för regeringen som sin mening vad i motionen anförs om att staten bör ta ansvar för att verksamheten inom särvux blir tillgänglig i hela landet för dem som behöver denna form av utbildning.,"",,
2098198,Avslag,Avslag,"",0,2020/21:MJU16,1,Riksdagen ställer sig bakom det som anförs i motionen om tidssättning av handläggningen av strandskyddsdispens och tillkännager detta för regeringen.,"",,
388413,Avslag,Avslag,"",0,2020/21:SoU8,66,Riksdagen ställer sig bakom det som anförs i motionen om miljökrav i läkemedelstillverkningen och tillkännager detta för regeringen.,"",,
1524448,Avslag, Avslag,Acklamation,0,2004/05:MJU10,0,Riksdagen tillkännager för regeringen som sin mening vad i motionen anförs om att utekatter av hankön skall märkas och kastreras.,"",,
125101,Avslag, Avslag,Acklamation,0,2011/12:CU16,0,Riksdagen tillkännager för regeringen som sin mening vad som anförs i motionen om behovet av att se över lagstiftningen för flersamma förhållanden.,"",,
1291548,Avslag, Avslag,Acklamation,0,2009/10:SoU1,0,Riksdagen tillkännager för regeringen som sin mening vad som anförs i motionen om att tillsätta en utredning för att se över Socialstyrelsens tolkning av LSS-lagen med sikte på att andra former för boendegemenskaper ska kunna skapas än vad som nu anges för de människor som aktivt söker denna form för sitt liv.,"",,
676904,Avslag,Avslag,"",0,2017/18:UbU19,3,"Riksdagen ställer sig bakom det som anförs i motionen om att återkomma med förslag om att arbetsmiljölagen ska omfatta elever i fritidshem på ett liknande sätt som den omfattar elever i grund- och gymnasieskola, och detta tillkännager riksdagen för regeringen.","",,
1374324,Avslag, Avslag,Acklamation,0,2009/10:SfU1,0,Riksdagen tillkännager för regeringen som sin mening vad som anförs i motionen om att återinföra kontaktdagar för föräldrar och vårdnadshavare till barn i grundskolan.,"",,
1998314,Avslag, Avslag,Acklamation,3,2002/03:KrU4,3,"Riksdagen tillkännager för regeringen som sin mening vad i motionen anförs om att Riksidrottsförbundet, för att komma i åtnjutande av statliga anslag, även måste åläggas att lägga fram en plan för hur man vill arbeta med att komma till rätta med den negativa inställning till homosexuella och HBT-personer som finns inom idrottsrörelsen.","",,
1580798,"","","",4,"",4,att riksdagen som sin mening ger regeringen till känna vad i motionen anförts om bättre information och stöd till föräldrar med utvecklingsstörda barn inför val av skola.,"",,
2245613,Avslag,Avslag,"",0,2020/21:MJU19,1,Riksdagen ställer sig bakom det som anförs i motionen om förbättrad administration för strandstädning och tillkännager detta för regeringen.,"",,
1811363,Avslag, Avslag,Acklamation,0,2013/14:TU6,0,Riksdagen tillkännager för regeringen som sin mening vad som anförs i motionen om förarbevis för vattenskoter.,"",,
3258985,Avslag, Avslag,Acklamation,0,2012/13:MJU15,0,Riksdagen tillkännager för regeringen som sin mening vad som anförs i motionen om förändringar i terrängkörningslagen.,"",,
575313,Avslag,Avslag,"",0,2016/17:MJU10,1,Riksdagen ställer sig bakom det som anförs i motionen om att närmare granska behovet av ytterligare insatser för en effektiv Östersjöförvaltning och tillkännager detta för regeringen.,"",,
2097739,Avslag, Avslag,Röstning,0,2007/08:CU18,0,Riksdagen tillkännager för regeringen som sin mening vad som anförs i motionen om boende för äldre personer och personer med funktionshinder.,"",,
1325373,Avslag, Avslag,Acklamation,0,2003/04:SkU21,0,Riksdagen tillkännager för regeringen som sin mening vad i motionen anförs om uppföljning av tillämpningen av avskrivningsreglerna för förstagångsupplåten konst.,"",,
2089104,Avslag, Avslag,Acklamation,0,2008/09:SkU25,0,Riksdagen tillkännager för regeringen som sin mening vad som anförs i motionen om vikten av att man överväger olika åtgärder så att människor i lands- och glesbygd ska få ekonomiskt likvärdiga förhållanden med de pendlare som har en väl utbyggd kollektivtrafik.,"",,
1229565,Avslag,Avslag,"",0,2016/17:TU6,7,"Riksdagen ställer sig bakom det som anförs i motionen om att det bör undersökas hur ett mobilitetsmål som anger täckningsgrad av geografisk yta (inte enbart gällande de lägre banden) kan tillföras till bredbandsstrategin, så att även exempelvis vägsträckor inkluderas, och detta tillkännager riksdagen för regeringen.","",,
219087,Avslag, Avslag,Acklamation,0,2005/06:UbU1,0,Riksdagen tillkännager för regeringen som sin mening vad i motionen anförs om att överföra Högre hemslöjdsutbildningen vid Handarbetets Vänner (HV) till högskolan.,"",,
1703806,Avslag,Avslag,"",0,2021/22:SkU17,1,Riksdagen ställer sig bakom det som anförs i motionen om att se över hur skattesystemet kan bli mer transparent och hur krav på en tydligare redovisning av lönekostnaden kan genomföras och tillkännager detta för regeringen.,"",,
335781,Avslag, Avslag,Acklamation,0,2005/06:FiU3,0,Riksdagen anvisar med följande ändringar i förhållande till regeringens förslag anslagen under utgiftsområde 25 Allmänna bidrag till kommunerna enligt uppställningen:,"",,
454423,Avslag,Avslag,"",0,2016/17:KU15,1,Riksdagen ställer sig bakom det som anförs i motionen om att utreda behovet av en samlad lagstiftning i syfte att tydliggöra och förstärka tystnadsplikten för personer som utför tolkuppdrag och tillkännager detta för regeringen.,"",,
1785455,Avslag,Avslag,"",0,2014/15:AU4,1,Riksdagen tillkännager för regeringen som sin mening vad som anförs i motionen om att se över återanställningsskyddet i lagen om anställningsskydd (LAS).,"",,
1940831,Avslag, Avslag,Acklamation,0,2007/08:TU1,0,Riksdagen tillkännager för regeringen som sin mening vad som anförs i motionen om tågsträckan Uven.,"",,
2072811,=utskottet,Avslag,"",0,2001/02:SkU15,0,Riksdagen tillkännager för regeringen som sin mening vad som i motionen anförs om realisationsvinstbeskattningen vid avyttring av kapitaltillgångar.,"",,
1414172,Avslag, Avslag,Acklamation,0,2010/11:UbU11,0,Riksdagen tillkännager för regeringen som sin mening vad som anförs i motionen om högskolan på Gotland.,"",,
521107,=utskottet,Bifall,"",0,2001/02:SfU7,0,Regeringen föreslår att riksdagen antar regeringens förslag till,"lag om ändring i lagen (1998:675) om införande av lagen (1998:674) om inkomstgrundad ålderspension.
",,
1299207,Avslag,Avslag,"",0,2018/19:JuU14,1,Riksdagen ställer sig bakom det som anförs i motionen om att överväga att redovisa statistik länsvis i stället för regionvis och tillkännager detta för regeringen.,"",,
1790027,Avslag,Avslag,"",0,2023/24:MJU11,4,"Riksdagen ställer sig bakom det som anförs i motionen om att fasa ut den typ av djurhållning där ungtjurar hålls i boxar med spaltgolv och mycket lite strö och ersätta detta med lösdriftssystem, och detta tillkännager riksdagen för regeringen.","",,
382148,Avslag, Avslag,Röstning,17,2005/06:UbU14,17,Riksdagen tillkännager för regeringen som sin mening vad som i motionen anförs om att tillsätta en utredning med uppdrag att analysera behov av förändringar i skolans styrning och finansiering.,"",,
1670670,Avslag,Avslag,"",0,2016/17:JuU18,2,Riksdagen ställer sig bakom det som anförs i motionen om att överväga behovet av ett förtydligande när det gäller kommuners möjlighet att förbjuda hög musik från bilar och tillkännager detta för regeringen.,"",,
1149080,Avslag,Avslag,"",0,2021/22:TU8,1,Riksdagen ställer sig bakom det som anförs i motionen om att ge Örebro flygplats status som beredskapsflygplats och tillkännager detta för regeringen.,"",,
132593,Avslag, Avslag,Acklamation,0,2011/12:CU14,0,Riksdagen tillkännager för regeringen som sin mening vad som anförs i motionen om åtgärder för att bevara och utveckla förutsättningarna för trädgårdsodling i städerna.,"",,
2079515,Avslag,Avslag,"",0,2024/25:SoU17,1,Riksdagen ställer sig bakom det som anförs i motionen om mer forskning gällande lipödem och tillkännager detta för regeringen.,"",,
726697,Avslag, Avslag,Acklamation,3,2010/11:MJU14,3,Riksdagen tillkännager för regeringen som sin mening vad som anförs i motionen om vikten av ett förtydligande av lagstiftningen om konsumentinformation på livsmedelsförpackningar så länge det är tillåtet med transfetter i livsmedel.,"",,
852002,Avslag,Avslag,"",0,2022/23:SfU9,2,Riksdagen avslår proposition 2021/22:284 Ett höjt försörjningskrav för arbetskraftsinvandrare.,"",,
366601,Avslag,Avslag,"",0,2015/16:FiU1,1,Riksdagen ställer sig bakom det som anförs i motionen om förändringar av RUT-avdraget och tillkännager detta för regeringen.,"",,
3288509,Avslag, Avslag,Acklamation,0,2003/04:MJU13,0,Riksdagen tillkännager för regeringen som sin mening att den odling och utsättning av eftertraktad fisk som i dag är tillåten i Sverige även fortsättningsvis får utföras i samma omfattning.,"",,
1222849,Avslag,Avslag,"",0,2016/17:JuU13,4,Riksdagen ställer sig bakom det som anförs i motionen om att böter för ringa stöld i butiker ska tillfalla det drabbade företaget och tillkännager detta för regeringen.,"",,
2229859,Avslag,Avslag,"",0,2024/25:UU15,2,Riksdagen ställer sig bakom det som anförs i motionen om att Sverige på internationell nivå ska arbeta för skärpta sanktioner mot den iranska regimen och tillkännager detta för regeringen.,"",,
897874,"","","",0,2025/26:SkU14,1,Riksdagen ställer sig bakom det som anförs i motionen om att se över möjligheten att separera socialförsäkringar från skatter för löntagare på lönebesked och i deklaration och tillkännager detta för regeringen.,"",,
2118075,Avslag,Avslag,"",0,2020/21:KU23,1,Riksdagen ställer sig bakom det som anförs i motionen om att religionsfriheten även innefattar frihet från religion och tillkännager detta för regeringen.,"",,
270002,Avslag, Avslag,Acklamation,0,2006/07:AU7,0,Riksdagen tillkännager för regeringen som sin mening vad i motionen anförs om att företagshälsovården ska få ge sjukvårdande behandling på samma villkor som läkarna inom landstinget.,"",,
1307145,Avslag,Avslag,"",0,2014/15:TU8,1,Riksdagen tillkännager för regeringen som sin mening vad som anförs i motionen om att överväga initiativ som ger fler ungdomar möjlighet att ta körkort.,"",,
264888,Avslag,Avslag,"",0,2020/21:SoU22,3,"Riksdagen ställer sig bakom det som anförs i motionen om att regeringen, i syfte att inte i onödan begränsa näringsfriheten, med jämna mellanrum ska överväga behovet att tillåta fler legitimationsyrken att utföra vissa estetiska injektionsbehandlingar och tillkännager detta för regeringen.","",,
1345276,Avslag,Avslag,"",0,2022/23:UbU5,1,Riksdagen ställer sig bakom det som anförs i motionen om att stoppa vinster i skolan och tillkännager detta för regeringen.,"",,
1976341,Avslag, Avslag,Röstning,0,2013/14:SfU1,0,Riksdagen tillkännager för regeringen som sin mening vad som anförs i motionen om behovet av att se över samordningen mellan a-kassa och pension.,"",,
971151,Avslag,Avslag,"",0,2021/22:SkU14,1,Riksdagen ställer sig bakom det som anförs i motionen om att se över möjligheten att justera gällande lagstiftning för att åstadkomma en likvärdig behandling vid kapitalvinstbeskattning av bostäder och tillkännager detta för regeringen.,"",,
3110484,Avslag,Avslag,"",0,2024/25:MJU18,1,"Riksdagen ställer sig bakom det som anförs i motionen om att överväga att se över hur skalan för miljöbrott kan innefatta nedskräpning av vägrenar, parkeringsplatser, diken eller skogspartier med allt från slängda soppåsar till möbler och fordon och tillkännager detta för regeringen.","",,
2047635,"","","",2,"",2,Riksdagen tillkännager för regeringen som sin mening vad i motionen anförs om att ekonomiska förhållanden mellan sammanboende personer skall regleras genom frivilliga avtal i stället för i lag.,"",,
389895,=utskottet,avslag,"",1,2000/01:SoU9,1,"Riksdagen tillkännager för regeringen som sin mening vad i motionen anförs om en utredning av pensionärers ekonomiska och sociala situation, framför allt mot bakgrund av det faktum att alltför många pensionärer lever fattigt efter svenska mått mätt.","",,
909237,Avslag, Avslag,Acklamation,0,2010/11:KU25,0,Riksdagen tillkännager för regeringen som sin mening vad som anförs i motionen om att reformera det offentliga ideella belöningssystemet.,"",,
1663937,Avslag, Avslag,Röstning,0,2008/09:MJU21,0,Riksdagen tillkännager för regeringen som sin mening vad som anförs i motionen om vikten av obligatorisk utbildning - hygienkörkort - i livsmedelshygien för personalen i livsmedelsföretagen.,"",,
2196436,Avslag,Avslag,"",0,2024/25:TU5,1,Riksdagen ställer sig bakom det som anförs i motionen om att planera för en ny järnvägssträckning mellan Helsingborg och Linköping via Jönköping och tillkännager detta för regeringen.,"",,
1955988,Avslag,Avslag,"",0,2016/17:NU16,2,Riksdagen ställer sig bakom det som anförs i motionen om att skapa effektivare incitament för ökad kommersiell service i hela landet och tillkännager detta för regeringen.,"",,
2142072,Avslag,Avslag,"",0,2020/21:TU9,1,Riksdagen ställer sig bakom det som anförs i motionen om hur antalet fordon kan begränsas per person i syfte att motverka bilmålvakter och tillkännager detta för regeringen.,"",,
1082483,Avslag, Avslag,Röstning,4,2007/08:KrU13,4,Riksdagen tillkännager för regeringen som sin mening vad som anförs i motionen om ett licenssystem med tillståndskrav på den svenska spelmarknaden.,"",,
3289230,Avslag, Avslag,Acklamation,2,2006/07:SfU8,2,Riksdagen tillkännager för regeringen som sin mening vad i motionen anförs om att socialnämnderna bör ges i uppdrag att på ett tydligare sätt utreda familjesituationen för barn som föds i Sverige under dessa omständigheter.,"",,
549238,Avslag,"","",4,2006/07:FiU1,4,Riksdagen tillkännager för regeringen som sin mening vad i motionen anförs om att regeringen snarast ska uppdra åt Vägverket att utreda förändringar av systemet för trängselskatt.,"",,
1336933,Avslag,Avslag,"",0,2017/18:CU18,1,Riksdagen ställer sig bakom det som anförs i motionen om en moderniserad kommunal förköpsrätt och tillkännager detta för regeringen.,"",,
583150,Avslag, Avslag,Röstning,0,2011/12:SoU14,0,Riksdagen tillkännager för regeringen som sin mening vad som anförs i motionen om sällsynta diagnoser med särskild hänsyn tagen till EU:s rådsrekommendation för sällsynta sjukdomar.,"",,
2087412,Avslag, Avslag,Acklamation,4,2005/06:NU4,4,"Riksdagen tillkännager för regeringen som sin mening vad i motionen anförs om avgångsvederlag, bonusar, pensioner och andra anställningsförmåner.","",,
1845629,=utskott,Avslag,"",3,2001/02:UbU6,3,Riksdagen tillkännager för regeringen som sin mening vad som i motionen anförs om inrättande av särskilda elevskyddsombud.,"",,
1989460,Avslag, Avslag,Acklamation,0,2002/03:KrU3,0,Riksdagen tillkännager för regeringen som sin mening vad i motionen anförs om att utreda förutsättningarna för att inrätta ett nationellt skogsmuseum med lokalisering i Lycksele.,"",,
63175,Avslag,"","",2,2012/13:UbU2,2,Riksdagen tillkännager för regeringen som sin mening vad som anförs i motionen om att utöka stödet till CSN och öronmärka denna summa till studenter på yrkeshögskolan.,"",,
224868,Avslag,Avslag,"",0,2017/18:JuU1,1,Riksdagen ställer sig bakom det som anförs i motionen om att överväga att se över behoven av grundläggande kurser i teckenspråk för poliser och ambulanspersonal och tillkännager detta för regeringen.,"",,
141702,Avslag, Avslag,Acklamation,0,2010/11:SoU9,0,Riksdagen tillkännager för regeringen som sin mening vad som anförs i motionen om behovet av ökad kunskap och kunskapsspridning om förmaksflimmer.,"",,
72701,Bifall,Bifall,"",5,2025/26:JuU5,5,Riksdagen antar regeringens förslag till lag om ändring i lagen (2006:343) om Försvarsmaktens stöd till polisen vid terrorismbekämpning.,"",,
1208175,Avslag, Avslag,Acklamation,0,2005/06:SoU17,0,Riksdagen tillkännager för regeringen som sin mening vad i motionen anförs om reglerna om blodgivning för män som haft sex med män.,"",,
1982949,Avslag, Avslag,Röstning,0,2004/05:SkU19,0,Riksdagen tillkännager för regeringen som sin mening vad i motionen anförs om möjligheter för pensionärer att arbeta efter 65 år och att eventuella inkomster inte skall samordnas med pensionen.,"",,
107621,Avslag,Avslag,"",0,2017/18:FöU4,3,Riksdagen ställer sig bakom det som anförs i motionen om EU:s arbete mot lokaliseringskrav och tillkännager detta för regeringen.,"",,
139506,Avslag,Avslag,"",0,2016/17:CU15,2,Riksdagen ställer sig bakom det som anförs i motionen om att avgiftsbelägga överklagan på bygglov och tillkännager detta för regeringen.,"",,
62261,Avslag, Avslag,Röstning,0,2012/13:SkU18,0,Riksdagen tillkännager för regeringen som sin mening vad som anförs i motionen om sänkt och mer enhetlig turistmoms.,"",,
1905871,Avslag,Avslag,"",0,2024/25:MJU16,1,Riksdagen ställer sig bakom det som anförs i motionen om att utreda en genomgripande reformering av strandskyddslagstiftningen i syfte att möjliggöra byggnation i strandnära lägen på Sveriges landsbygder och tillkännager detta för regeringen.,"",,
945218,Bifall,Bifall,"",4,2017/18:SoU20,4,Riksdagen antar regeringens förslag till lag om ändring i lagen (2006:351) om genetisk integritet m.m.,"",,
3342574,Avslag, Avslag,Röstning,0,2009/10:TU24,0,Riksdagen tillkännager för regeringen som sin mening vad som anförs i motionen om medfinansiering av infrastrukturprojekt.,"",,
1673380,Avslag,Avslag,"",0,2016/17:KrU9,1,Riksdagen ställer sig bakom det som anförs i motionen om att uppmuntra traditionsenlig byggnation och tillkännager detta för regeringen.,"",,
1145734,Avslag,Avslag,"",0,2023/24:KU14,1,Riksdagen ställer sig bakom det som anförs i motionen om riksdagsledamöternas placering i kammaren och tillkännager detta för riksdagsstyrelsen.,"",,
809381,Avslag, Avslag,Acklamation,0,2004/05:AU6,0,Riksdagen tillkännager för regeringen som sin mening vad i motionen anförs om åtgärder för att stärka skyddsombudens roll i det förebyggande hälsoarbetet.,"",,
1620035,Avslag,Avslag,"",0,2025/26:AU2,1,Riksdagen anvisar anslagen för 2026 inom utgiftsområde 14 Arbetsmarknad och arbetsliv enligt förslaget i tabell A i motionen.,"",,
3329593,Avslag, Avslag,Acklamation,0,2009/10:TU24,0,Riksdagen tillkännager för regeringen som sin mening vad som anförs i motionen om att E22 bör byggas ut till fyrfilig motorväg på hela sträckan Malmö-Norrköping.,"",,
1149710,Avslag,Avslag,"",0,2021/22:NU11,1,Riksdagen ställer sig bakom det som anförs i motionen om att göra en översyn av förutsättningarna för att inrätta en servicegaranti i hela landet som ger varje medborgare i Sverige en fungerande grundläggande service på ett rimligt avstånd och tillkännager detta för regeringen.,"",,
1415006,Avslag,Avslag,"",0,2019/20:JuU25,27,Riksdagen ställer sig bakom det som anförs i motionen om gränskontroller och Schengensamarbetet och tillkännager detta för regeringen.,"",,
3319233,Avslag, Avslag,Acklamation,0,2013/14:SoU10,0,Riksdagen tillkännager för regeringen som sin mening vad som anförs i motionen om att överväga en uppföljning med kvalitetsregister och öppna jämförelser när det gäller behandling och vård av ALS-patienter i enlighet med det nationella vårdprogrammet och Socialstyrelsens riktlinjer.,"",,
908856,Avslag, Avslag,Acklamation,0,2010/11:KU28,0,Riksdagen tillkännager för regeringen som sin mening vad som anförs i motionen om förändrad valkretsindelning i Västra Götaland.,"",,
89465,Avslag, Avslag,Acklamation,0,2002/03:UbU6,0,Riksdagen tillkännager för regeringen som sin mening vad i motionen anförs om att jämställdhet skall prägla friskolors styrelser.,"",,
1866977,Avslag,Avslag,"",0,2022/23:SoU14,1,Riksdagen ställer sig bakom det som anförs i motionen om att i Norden överväga ett utökat samarbete kring upphandling av och gemensamt upphandla vaccin och läkemedel samt att utreda möjligheter till gemensamma beredskapslager för läkemedel och sjukvårdsmaterial och tillkännager detta för regeringen.,"",,
1122566,Avslag,Avslag,"",0,2024/25:KU27,1,Riksdagen ställer sig bakom det som anförs i motionen om att regeringen bör se över hur huvudmannaskapet för begravningsverksamheten kan utformas för att förhindra osund konkurrens gentemot verksamheter kopplade till begravningar och tillkännager detta för regeringen.,"",,
2005176,Avslag,Avslag,"",0,2020/21:MJU13,2,Riksdagen ställer sig bakom det som anförs i motionen om att utreda om kyltornsanläggningar lämpligast kartläggs genom anmälnings- eller tillståndsplikt och tillkännager detta för regeringen.,"",,
104460,Avslag,Avslag,"",0,2017/18:SoU13,3,Riksdagen ställer sig bakom det som anförs i motionen om insatser utan krav på nykterhet eller drogfrihet och tillkännager detta för regeringen.,"",,
1654821,Avslag, Avslag,Acklamation,0,2005/06:KrU20,0,Riksdagen tillkännager för regeringen som sin mening vad i motionen anförs om att återbörda guldskatter ifrån Västra Götalandsregionen för att förslagsvis placera dem vid länsmuseet i Skara.,"",,
1103335,Avslag,Avslag,"",0,2023/24:SkU12,1,Riksdagen ställer sig bakom det som anförs i motionen om att utreda förutsättningarna för hur en större rättvisa mellan boendeformer kan uppnås och tillkännager detta för regeringen.,"",,
405380,Avslag, Avslag,Acklamation,0,2004/05:TU1,0,Riksdagen tillkännager för regeringen som sin mening vad som i motionen anförs om omläggning av riksväg 50 genom Motala.,"",,
1598254,Avslag,Avslag,"",0,2023/24:NU9,1,Riksdagen ställer sig bakom det som anförs i motionen om att Dalarnas län bör läggas i samma elprisområde som södra Norrland och tillkännager detta för regeringen.,"",,
2196896,Avslag,Avslag,"",0,2024/25:JuU10,1,Riksdagen beslutar att införa en ny brottsrubricering – psykisk misshandel – i brottsbalken i enlighet med förslaget i utredningen Straffansvar för psykiskt våld.,"",,
1121142,Avslag, Avslag,Acklamation,3,2005/06:MJU3,3,Riksdagen tillkännager för regeringen som sin mening vad i motionen anförs om att resultatet av undersökningen om möjligheten att förbjuda amalgam av miljöskäl snarast redovisas.,"",,
446774,Avslag,Avslag,"",0,2015/16:TU19,1,Riksdagen ställer sig bakom det som anförs i motionen om att i infrastrukturplaneringen studera förutsättningarna för att ge tillgång till bredband i hela landet och tillkännager detta för regeringen.,"",,
1457520,Avslag,Avslag,"",0,2014/15:MJU9,1,Riksdagen tillkännager för regeringen som sin mening vad som anförs i motionen om tydligare krav på länsstyrelserna att inte höja prisnivåerna för jakt på statens marker mer än kostnadsprisindex.,"",,
1888581,Avslag,Avslag,"",0,2016/17:CU10,2,Riksdagen ställer sig bakom det som anförs i motionen om barns rätt till umgänge med alla sina föräldrar och tillkännager detta för regeringen.,"",,
1977317,Avslag, Avslag,Acklamation,0,2005/06:MJU2,0,Riksdagen tillkännager för regeringen som sin mening vad i motionen anförs om att avskaffa Djurskyddsmyndigheten.,"",,
1158281,Avslag, Avslag,Röstning,0,2008/09:NU3,0,Riksdagen tillkännager för regeringen som sin mening vad som anförs i motionen om långsiktiga spelregler i energipolitiken.,"",,
2231352,Avslag,Avslag,"",0,2020/21:UbU10,6,Riksdagen ställer sig bakom det som anförs i motionen om att bryta ojämlikheten i skolan och tillkännager detta för regeringen.,"",,
2159786,Avslag, Avslag,Acklamation,0,2003/04:SoU2,0,Riksdagen tillkännager för regeringen som sin mening vad i motionen anförs om en översyn av personkretsindelningen i LSS.,"",,
1371910,Avslag, Avslag,Acklamation,0,2012/13:SoU4,0,Riksdagen tillkännager för regeringen som sin mening vad som anförs i motionen om att undersöka möjligheten att förordna ett eget barnombud samt ett juridiskt biträde med specialistkompetens.,"",,
2237653,"","","",2,"",2,Riksdagen avslår regeringens förslag om fortsatta nedläggningar av tingsrätter i Sverige i avvaktan på flera erfarenheter av redan genomförda avvecklingar i andra delar av Sverige.,"",,
697953,Avslag, Avslag,Acklamation,3,2011/12:JuU14,3,Riksdagen tillkännager för regeringen som sin mening vad som anförs i motionen om stöd från samhället när det gäller kvinnor som har en hotbild.,"",,
1101492,Avslag, Avslag,Acklamation,9,2003/04:UbU7,9,Riksdagen tillkännager för regeringen som sin mening vad i motionen anförs om undervisning i HBT-frågor för lärarstuderande.,"",,
1533858,Avslag,Avslag,"",0,2022/23:KrU6,1,Riksdagen ställer sig bakom det som anförs i motionen om att staten bör visa större intresse för Uppåkra Arkeologiska Center och tillkännager detta för regeringen.,"",,
1505238,Avslag, Avslag,Acklamation,3,2013/14:KU26,3,Riksdagen tillkännager för regeringen sin mening vad som anförs i motionen om att Statskontoret eller annan myndighet bör uppmärksammas på behovet av en översyn av kvaliteten på myndigheternas handläggning av utbetalning av offentliga medel till ideella organisationer samt utvärdera effektiviteten i användandet av dessa offentliga medel.,"",,
3227729,Avslag, Avslag,Acklamation,0,2005/06:UU15,0,Riksdagen tillkännager för regeringen som sin mening vad i motionen anförs om att Sverige i internationella sammanhang bör verka för att barnaga förbjuds i världens länder.,"",,
824332,=utskottet,Avslag,"",7,2001/02:NU3,7,Riksdagen tillkännager för regeringen som sin mening vad i motionen anförs om effektskatt på kärnkraftsel.,"",,
1017820,Avslag,Avslag,"",0,2021/22:KU29,1,"Riksdagen ställer sig bakom det som anförs i motionen om att se över möjligheten att dra in det svenska medborgarskapet för personer med dubbelt medborgarskap om de döms för mycket grova brott såsom terroristbrott, och detta tillkännager riksdagen för regeringen.","",,
3294588,Avslag,Avslag,"",0,2020/21:SkU18,1,"Riksdagen ställer sig bakom det som anförs i motionen om att förtydliga skattelagstiftningen för styrelseledamöter i aktiebolag med F-skattsedel som fakturerar sitt styrelsearvode, och detta tillkännager riksdagen för regeringen.","",,
1333133,Avslag,Avslag,"",0,2022/23:JuU10,3,Riksdagen ställer sig bakom det som anförs i motionen om att överväga att inrätta en specialenhet inom Polismyndigheten och tillkännager detta för regeringen.,"",,
1762197,=utskottet,Avslag,"",0,2001/02:MJU24,0,Riksdagen tillkännager för regeringen som sin mening vad i motionen anförs om lokalt och regionalt inflytande över skotertrafiken.,"",,
1740833,Avslag,Avslag,"",0,2016/17:NU20,2,Riksdagen ställer sig bakom det som anförs i motionen om att utreda om elcertifikatssystemen kan nyttjas för forskning och provdrift av fjärde generationens kärnkraft och tillkännager detta för regeringen.,"",,
1188258,Avslag, Avslag,Röstning,7,2005/06:SfU1,7,Riksdagen tillkännager för regeringen som sin mening vad som i motionen anförs om införande av en nationell barnomsorgspeng för att ge föräldrarna makten över barnomsorgen.,"",,
2025778,Avslag,Avslag,"",0,2024/25:UU7,4,Riksdagen ställer sig bakom det som anförs i motionen om en förnyad Kinastrategi och tillkännager detta för regeringen.,"",,
1119442,Avslag, Avslag,Acklamation,0,2005/06:AU6,0,Riksdagen tillkännager för regeringen som sin mening vad i motionen anförs om att en särskild utredning bör tillsättas som med utgångspunkt i det som anförs i motionen får till uppgift att brett kartlägga betydelsen av etnicitet för villkoren i arbetslivet.,"",,
1590687,Avslag,Avslag,"",0,2014/15:MJU2,1,Riksdagen tillkännager för regeringen som sin mening vad som anförs i motionen om att öka kunskapen om tiaminbrist.,"",,
2053317,Avslag, Avslag,Röstning,0,2005/06:NU18,0,Riksdagen begär att regeringen återkommer till riksdagen med förslag på ökade möjligheter att ompröva beslut som fattats på felaktiga grunder enligt naturgaslagen.,"",,
323632,Avslag, Avslag,Acklamation,0,2005/06:FöU8,0,Riksdagen tillkännager för regeringen som sin mening vad i motionen anförs om att alla värnpliktiga skall få utbildning i hjärt- och lungräddning under grundutbildningen.,"",,
902762,Avslag, Avslag,Acklamation,0,2011/12:KU3,0,Riksdagen tillkännager för regeringen som sin mening vad som anförs i motionen om en översyn av det svenska valsystemet.,"",,
1592091,Avslag,Avslag,"",0,2021/22:FiU26,1,Riksdagen ställer sig bakom det som anförs i motionen om att bygga en nationell bank av förebilder och framgångsprojekt för att förenkla möjligheten att utbyta funktionella lösningar och kompetenshöjande insatser inom kommuner och regioner och därmed stå bättre rustade för framtida utmaningar och tillkännager detta för regeringen.,"",,
1064863,Avslag,Avslag,"",0,2023/24:SoU17,1,Riksdagen ställer sig bakom det som anförs i motionen om att överväga en utredning om möjligheten att begränsa användningen av medel från välfärdssystemet och tillkännager detta för regeringen.,"",,
2237923,Avslag, Avslag,Acklamation,4,2003/04:JuU1,4,Riksdagen tillkännager för regeringen som sin mening vad i motionen anförs om särskilda resurser för att kunna prioritera ungdomsbrottsligheten i Stockholms län.,"",,
2079995,Avslag, Avslag,Acklamation,8,2008/09:MJU28,8,Riksdagen tillkännager för regeringen som sin mening vad som anförs i motionen om att hela transportsektorn ska omfattas av EU:s handel med utsläppsrättigheter.,"",,
1202706,Avslag, Avslag,Acklamation,0,2003/04:SkU22,0,Riksdagen tillkännager för regeringen som sin mening vad i motionen anförs om att utreda möjligheterna att skapa en subvention för montering av energiglasfönster.,"",,
613103,=utskottet,Avslag,"",0,2001/02:JuU13,0,Riksdagen tillkännager för regeringen som sin mening vad i motionen anförs om maskering vid demonstrationer.,"",,
1316385,Avslag, Avslag,Acklamation,2,2009/10:JuU7,2,Riksdagen tillkännager för regeringen som sin mening vad som anförs i motionen om behovet av en utredning för att stärka och modernisera lagstiftningen kring korruption.,"",,
1821543,Avslag,Avslag,"",0,2019/20:KrU8,1,Riksdagen ställer sig bakom det som anförs i motionen om nationell samling bakom en svensk ansökan om att få arrangera olympiska vinterspel i Sverige 2030 och tillkännager detta för regeringen.,"",,
110888,Avslag, Avslag,Röstning,0,2011/12:CU15,0,Riksdagen tillkännager för regeringen som sin mening vad som anförs i motionen om en översyn av möjligheterna att skärpa lagstiftningen för att bekämpa bluffakturor.,"",,
3283955,Avslag, Avslag,Acklamation,5,2010/11:JuU1,5,Riksdagen tillkännager för regeringen som sin mening vad som anförs i motionen om polisens och åklagarväsendets arbete med patentintrång.,"",,
742912,Avslag, Avslag,Acklamation,0,2007/08:MJU16,0,Riksdagen tillkännager för regeringen som sin mening vad som anförs i motionen om behovet av förbättrad statistik över andelen överträdelser mot fiskeribestämmelser som resulterar i påföljd och förbättrade uppgifter om skälen till att överträdelser inte leder till påföljd.,"",,
1075521,Avslag,Avslag,"",0,2017/18:SkU9,1,Riksdagen ställer sig bakom det som anförs i motionen om behovet av att se över en skattebefrielse vid bostadsuthyrning till studerande och tillkännager detta för regeringen.,"",,
2056825,Avslag,Avslag,"",0,2020/21:MJU16,1,"Riksdagen ställer sig bakom det som anförs i motionen om att regeringen bör ges i uppdrag att minska skarvens och sälens utbredning, och detta tillkännager riksdagen för regeringen.","",,
977433,Avslag,Avslag,"",0,2021/22:UU1,1,Riksdagen ställer sig bakom det som anförs i motionen om att undersöka möjligheterna att skapa en ny internationell Östersjömyndighet och tillkännager detta för regeringen.,"",,
112315,Avslag, Avslag,Röstning,0,2010/11:SoU16,0,Riksdagen tillkännager för regeringen som sin mening vad som anförs i motionen om att socialtjänstlagen bör ändras så att spelmissbruk likställs med missbruk av alkohol och narkotika.,"",,
282681,Avslag,Avslag,"",0,2021/22:JuU28,1,"Riksdagen ställer sig bakom det som anförs i motionen om att överväga att utreda hur man tillgodogör sig den digitala tekniken och underlättar hanteringen, och detta tillkännager riksdagen för regeringen.","",,
2220336,Bifall,Bifall,"",5,2016/17:JuU22,5,Riksdagen antar regeringens förslag till lag om ändring i tullagen (2016:253).,"",,
1358985,Bifall,Bifall,"",1,2022/23:SoU25,1,Riksdagen antar regeringens förslag till lag om ändring i lagen (2022:394) om ändring i lagen (2021:600) med kompletterande bestämmelser till EU:s förordningar om medicintekniska produkter.,"",,
372627,Avslag, Avslag,Acklamation,25,2005/06:JuU22,25,Riksdagen begär att regeringen tillsätter en utredning avseende en översyn av brottsbalken 16:1-2 i enlighet med vad som anförs i motionen.,"",,
1281417,Avslag,Avslag,"",0,2021/22:KU27,1,Riksdagen ställer sig bakom det som anförs i motionen om betydelsen av snabbare hantering av tillståndsärenden hos myndigheter och domstolar och tillkännager detta för regeringen.,"",,
1445370,Avslag,Avslag,"",0,2022/23:TU4,1,"Riksdagen ställer sig bakom det som anförs i motionen om att utreda möjligheten till en ny landsväg för lastbil, sträckan Malmö-Helsingborg, och tillkännager detta för regeringen.","",,
1943019,Avslag, Avslag,Acklamation,0,2009/10:KU5,0,Riksdagen tillkännager för regeringen som sin mening vad som anförs i motionen om att avläsning på offentliga platser av människor via radioetiketter (RFID) i deras kläder eller andra tillhörigheter måste regleras i lag.,"",,
1675898,"","","",0,2025/26:MJU17,1,Riksdagen ställer sig bakom det som anförs i motionen om att regeringen bör överväga att se över behovet av en särskild beredskapsplan för att säkra försörjningen av kemikalier som används i dricksvattenproduktion och avloppsrening och tillkännager detta för regeringen.,"",,
523234,Avslag, Avslag,Acklamation,7,2008/09:UU15,7,"Riksdagen tillkännager för regeringen som sin mening vad som anförs i motionen om att Sverige som enskild stat och som medlem av EU ska kritisera brott mot mänskliga rättigheter oavsett var, när och med vilka motiv de begås.","",,
2143160,=utskottet,avslag,"",1,2000/01:UU10,1,Riksdagen tillkännager för regeringen som sin mening vad i motionen anförs om att Sverige i FN bör verka för att meningsfulla förhandlingar mellan Dalai lama tillsammans med den tibetanska exilregeringen och den kinesiska ledningen kommer till stånd under FN:s överinseende.,"",,
770093,Avslag,Avslag,"",0,2017/18:SfU15,1,Riksdagen ställer sig bakom det som anförs i motionen om att låta det svenska folket få besluta om den svenska invandringspolitiken i en folkomröstning och tillkännager detta för regeringen.,"",,
1417243,Avslag,Avslag,"",0,2014/15:TU9,2,"Riksdagen tillkännager för regeringen som sin mening vad som anförs i motionen om att en kaj för lyxkryssningsfartyg i Klippan, intill Älvsborgsbron, bör planeras som nationellt bekostad infrastruktur färdig till Göteborgs 400-årsjubileum.","",,
1890263,Avslag, Avslag,Acklamation,0,2013/14:SoU1,0,Riksdagen tillkännager för regeringen som sin mening vad som anförs i motionen om speciallivsmedel.,"",,
2008229,Avslag, Avslag,Acklamation,0,2013/14:SoU10,0,Riksdagen tillkännager för regeringen som sin mening vad som anförs i motionen om att se över möjligheterna att införa konst och kultur som behandlingsform inom barnpsykiatrin.,"",,
3124874,Avslag, Avslag,Acklamation,8,2012/13:TU12,8,Riksdagen tillkännager för regeringen som sin mening vad som anförs i motionen om behovet att inrätta ett fritidsbåtsregister.,"",,
1227116,Avslag, Avslag,Röstning,11,2005/06:JuU14,11,Riksdagen tillkännager för regeringen som sin mening vad i motionen anförs om att tillsätta en utredning angående polisens beväpning.,"",,
1682664,Avslag,Avslag,"",0,2014/15:SoU7,1,Riksdagen tillkännager för regeringen som sin mening vad som anförs i motionen om en översyn av möjligheten att införa ett gemensamt it-system för alla landsting i Sverige.,"",,
1473070,Avslag,"","",0,2012/13:SfU1,0,Riksdagen anvisar anslagen för 2013 inom utgiftsområde 11 Ekonomisk trygghet vid ålderdom enligt förslaget i tabell 1 i motionen.,"",,
239500,"","","",0,2025/26:FiU34,1,Riksdagen ställer sig bakom det som anförs i motionen om att tillsätta en utredning gällande regeländringar för upphandling av samhällsviktig teknik och mjukvara och tillkännager detta för regeringen.,"",,
1533367,Avslag,Avslag,"",0,2014/15:SfU4,2,Riksdagen tillkännager för regeringen som sin mening vad som anförs i motionen om att se över möjligheten att justera dagsersättningen för asylsökande så att nivån motsvarar dagens levnadsnivå och ligger i paritet med försörjningsstödet.,"",,
1234567,Avslag, Avslag,Acklamation,9,2011/12:MJU12,9,Riksdagen tillkännager för regeringen som sin mening vad som anförs i motionen om att talerätten för miljöorganisationer enligt miljöbalken ska utvidgas till fall av anmälning av avverkning samt beslut om avverkningsanmälan.,"",,
488330,Avslag,Avslag,"",0,2024/25:MJU13,3,Riksdagen ställer sig bakom det som anförs i motionen om att regeringen bör ge Havs- och vattenmyndigheten i uppdrag att utreda förutsättningarna för att begränsa bottentrålning i tid och rum för svenskt och utländskt fiske till de områden där det gör minst skada för ekosystemen och inom ramen för den gemensamma fiskeripolitiken och tillkännager detta för regeringen.,"",,
272367,Avslag, Avslag,Acklamation,0,2005/06:KU5,0,"Riksdagen tillkännager för regeringen som sin mening vad i motionen anförs om att texten på valsedlar som används vid val till riksdag, landsting och kommuner skall ändras från ""Du får bara markera en av dessa anmälda kandidater"" till ""Om du ej vill kryssa en kandidat, sätt då ett kryss i denna ruta"".","",,
1917521,Avslag, Avslag,Acklamation,0,2002/03:TU1,0,Riksdagen tillkännager för regeringen som sin mening vad i motionen anförs om behovet av en översyn av lagen (1997:736) om färdtjänst.,"",,
771420,Avslag,Avslag,"",0,2017/18:UbU16,1,Riksdagen ställer sig bakom det som anförs i motionen om vikten av en avgiftsfri utbildning för alla och tillkännager detta för regeringen.,"",,
1764828,Avslag, Avslag,Acklamation,0,2012/13:FöU8,0,Riksdagen tillkännager för regeringen som sin mening vad som anförs i motionen om att regeringen bör ta fram ett hållbart system som på ett enkelt och kostnadsfritt sätt ger medierna tillgång till händelseinformation från samhällsskyddande myndigheter.,"",,
1296206,Avslag, Avslag,Acklamation,0,2003/04:UbU8,0,Riksdagen tillkännager för regeringen som sin mening vad i motionen anförs om att uppvärdera och säkerställa hantverksyrkenas fortlevnad.,"",,
1056849,Avslag, Avslag,Acklamation,5,2011/12:KU21,5,Riksdagen tillkännager för regeringen som sin mening vad som anförs i motionen om att regeringen snarast bör återkomma till riksdagen med förslag på förbud mot transfetter i enlighet med tidigare tillkännagivande.,"",,
1274331,Avslag,Avslag,"",0,2015/16:CU2,1,Riksdagen tillkännager för regeringen som sin mening vad som anförs i motionen om att utvärdera och därefter troligen justera bestämmelserna i sjölagen om högsta tillåtna alkoholmängd i blodet vid framförande av fritidsbåt.,"",,
485459,"","","",0,2025/26:NU13,1,Riksdagen ställer sig bakom det som anförs i motionen om att utreda en stimulans av produktion och distribution av biogasbränsle och tillkännager detta för regeringen.,"",,
400018,Avslag, Avslag,Röstning,0,2008/09:JuU24,0,Riksdagen tillkännager för regeringen som sin mening vad som anförs i motionen om ekonomisk ersättning till nämndemän.,"",,
91672,=utskottet,avslag,"",11,2000/01:KrU8,11,Riksdagen tillkännager för regeringen som sin mening vad i motionen anförs om forskning om dataspels påverkan.,"",,
1189685,Avslag, Avslag,Röstning,0,2009/10:AU2,0,Riksdagen tillkännager för regeringen som sin mening vad som anförs i motionen om att tillsätta en kommission med uppdrag att ta fram en strategi för hur Sverige ska kunna sänka ungdomsarbetslösheten.,"",,
338876,Avslag, Avslag,Acklamation,0,2005/06:SkU18,0,Riksdagen tillkännager för regeringen som sin mening vad i motionen anförs om behovet av regelförändringar för bedömandet av överskottslikviditet.,"",,
1954069,Avslag,Avslag,"",0,2016/17:TU4,1,Riksdagen ställer sig bakom det som anförs i motionen om en utbyggnad av Simrishamnsbanan och tillkännager detta för regeringen.,"",,
3338869,Avslag,Avslag,"",0,2020/21:CU11,1,Riksdagen ställer sig bakom det som anförs i motionen om att förkorta handläggningstiderna hos Lantmäteriet och tillkännager detta för regeringen.,"",,
721972,Avslag, Avslag,Acklamation,3,2004/05:SoU10,3,Riksdagen tillkännager för regeringen som sin mening vad i motionen anförs om att opinionsbildningen bör öka för att förmå fler att bli blodgivare.,"",,
953948,Avslag, Avslag,Röstning,2,2003/04:FiU2,2,Riksdagen begär att regeringen privatiserar Vasakronan i enlighet med vad som anförs i motionen.,"",,
988575,Avslag, Avslag,Acklamation,0,2007/08:KrU8,0,Riksdagen tillkännager för regeringen som sin mening vad som anförs i motionen om Svenska kyrkans affärsverksamhet.,"",,
1253324,"","","",0,"",1,"Riksdagen ställer sig bakom det som anförs i motionen om att Sverige, både bilateralt och genom EU, ska verka aktivt för att Syrien utvecklar ett inkluderande politiskt system där alla etniska och religiösa grupper är representerade samt garanteras lika rättigheter och möjligheter, och detta tillkännager riksdagen för regeringen.","",,
414459,Avslag,Avslag,"",0,2021/22:KU28,1,Riksdagen ställer sig bakom det som anförs i motionen om att göra en översyn av offentlighets- och sekretesslagen för att värna medborgarnas fortsatta möjlighet till transparens i hur skattemedel förvaltas och tillkännager detta för regeringen.,"",,
1545834,Avslag,Avslag,"",0,2022/23:MJU10,1,Riksdagen ställer sig bakom det som anförs i motionen om att gemensamt i Norden diskutera förutsättningarna för att inrätta ett gemensamt pantsystem för flaskor och aluminiumburkar och tillkännager detta för regeringen.,"",,
1526135,Avslag,Avslag,"",0,2014/15:UU15,6,Riksdagen tillkännager för regeringen som sin mening vad som anförs i motionen om att UD och svenska ambassader ska bedöma religionsfrihetssituationen i de länder som Sverige har bilaterala relationer med samt försvara religionsfriheten i offentlig diplomati.,"",,
586600,Avslag,Avslag,"",0,2021/22:CU12,1,Riksdagen ställer sig bakom det som anförs i motionen om att låta tekniska specifikationer för småhus bli nationellt gällande efter godkännande i en kommun och tillkännager detta för regeringen.,"",,
3300859,Avslag,Avslag,"",0,2020/21:KU22,1,Riksdagen ställer sig bakom det som anförs i motionen om att svenska myndigheters tillämpning av olika EU-bestämmelser bör genomlysas och tillkännager detta för regeringen.,"",,
880641,Avslag, Avslag,Acklamation,0,2008/09:SoU12,0,Riksdagen tillkännager för regeringen som sin mening vad som anförs i motionen om att ett nationellt kunskapscentrum för barn med alkohol- och narkotikarelaterade fosterskador bör skapas.,"",,
2234698,Avslag,Avslag,"",0,2022/23:UbU14,3,"Riksdagen ställer sig bakom det som anförs i motionen om att regeringen ska följa hur resultaten i matematik utvecklas och överväga olika åtgärder som skulle kunna göra det möjligt att föra ihop matematikämnena utan att det leder till att färre elever läser avancerad matematik, och detta tillkännager riksdagen för regeringen.","",,
1396698,=utskottet,avslag,"",1,2000/01:SkU15,1,"Riksdagen tillkännager för regeringen som sin mening vad i motionen anförs om betydelsen av att företagare får lyfta av momsen på lastbilar oavsett om de har skåp eller flak, är lätt lastbil eller av annan skatteklass.","",,
2163801,Avslag,Avslag,"",0,2024/25:NU18,1,"Riksdagen ställer sig bakom det som anförs i motionen om att förenkla för privatpersoner som vill vaska guld eller leta mineral i mindre skala, och detta tillkännager riksdagen för regeringen.","",,
616202,Avslag, Avslag,Röstning,0,2010/11:SoU5,0,"Riksdagen tillkännager för regeringen som sin mening vad som anförs i motionen om att straffskalan för dopningsbrott av normalgraden bör justeras till fängelse i högst tre år och att straffskalan för grovt dopningsbrott bör justeras till fängelse i lägst ett och högst åtta år, så att de sammanfaller eller närmar sig straffskalorna för motsvarande narkotikabrott.","",,
1300130,Avslag,Avslag,"",0,2019/20:SoU8,1,Riksdagen ställer sig bakom det som anförs i motionen om att utreda orsakerna till minskningen av ledsagning för synskadade och tillkännager detta för regeringen.,"",,
2001826,Bifall, Bifall,Acklamation,0,2009/10:NU21,0,Riksdagen antar regeringens förslag till,"lag om ändring i lagen (1992:1514) om måttenheter, mätningar och mätdon.",,
876542,Avslag,Avslag,"",0,2019/20:SoU5,1,Riksdagen ställer sig bakom det som anförs i motionen om att Socialstyrelsens föreskrifter om amning och uppfödning med modersmjölksersättning bör tydliggöras i fråga om att rådgivningen ska bygga på respekt för den enskildes bestämmanderätt samt tydliggöra föräldrars rätt till objektiv information om modersmjölksersättning och tillkännager detta för regeringen.,"",,
1437568,"","","",2,"",2,Riksdagen tillkännager för regeringen som sin mening att den bör ta initiativ till vad i motionen anförs om behovet av internationella  överenskommelser.,"",,
1359253,Avslag,Avslag,"",0,2021/22:MJU16,1,Riksdagen ställer sig bakom det som anförs i motionen om att se över möjligheten att återställa avgiften för det statliga jaktkortet till 300 kronor och tillkännager detta för regeringen.,"",,
143848,Avslag, Avslag,Röstning,0,2010/11:SoU11,0,Riksdagen tillkännager för regeringen som sin mening vad som anförs i motionen om behovet av att se över reglerna som tillämpas vid prövning av rätten till personlig assistans.,"",,
907841,Avslag, Avslag,Acklamation,0,2011/12:KrU1,0,Riksdagen tillkännager för regeringen som sin mening vad som anförs i motionen om att se över möjligheten att avsätta ett årligt anslag för Sverigefinländarnas arkiv.,"",,
1149669,Avslag,Avslag,"",0,2021/22:KrU6,1,Riksdagen ställer sig bakom det som anförs i motionen om mängden kolbottnar med framtida bevarandevärde och tillkännager detta för regeringen.,"",,
3234671,Avslag, Avslag,Acklamation,0,2009/10:UU13,0,Riksdagen tillkännager för regeringen som sin mening vad som anförs i motionen om säkrare remitteringar.,"",,
1170918,Avslag, Avslag,Acklamation,0,2011/12:MJU21,0,Riksdagen tillkännager för regeringen som sin mening vad som anförs i motionen om att komma till rätta med allvarliga hundangrepp mot människor.,"",,
390527,Avslag, Avslag,Acklamation,0,2012/13:TU17,0,Riksdagen tillkännager för regeringen som sin mening vad som anförs i motionen om vägskyltning.,"",,
1740702,Avslag,Avslag,"",0,2016/17:KU18,2,"Riksdagen ställer sig bakom det som anförs i motionen om att bidra till det demokratiska samtalet och det öppna samhället genom att tillgängliggöra riksdagens lokaler för stiftelser och organisationer som verkar i demokratisk anda och som står bakom principen om alla människors lika värde, och detta tillkännager riksdagen för riksdagsstyrelsen.","",,
1250859,Avslag, Avslag,Acklamation,2,2009/10:JuU1,2,Riksdagen anvisar med följande ändringar i förhållande till regeringens förslag anslagen under utgiftsområde 4 Rättsväsendet enligt uppställning:,"",,
1956487,Delvis bifall,Delvis bifall,"",0,2014/15:JuU16,3,Riksdagen tillkännager för regeringen som sin mening vad som anförs i motionen om åtgärder för att förkorta ansökningstiden för en vapenlicens.,"",,
1079548,Avslag, Avslag,Acklamation,0,2010/11:TU13,0,Riksdagen tillkännager för regeringen som sin mening vad som anförs i motionen om att utreda möjligheten att i samband med trafikeringsrätter ställa som villkor att ett barn under 12 år ska ha möjlighet att resa i enlighet med vad som anförs i motionen.,"",,
1369479,Avslag, Avslag,Röstning,0,2005/06:BoU7,0,Riksdagen tillkännager för regeringen som sin mening vad i motionen anförs om att avvisa tanken på ett moratorium för nyetablering av stormarknader.,"",,
3277784,Avslag, Avslag,Röstning,0,2004/05:FiU9,0,Riksdagen begär att regeringen låter göra en översyn av lagen om offentlig upphandling och en förändring så att den kommunala driftsformen inte avgör huruvida offentlig upphandling skall ske enligt vad i motionen anförs.,"",,
1577349,Avslag,Avslag,"",0,2023/24:SfU14,3,Riksdagen ställer sig bakom det som anförs i motionen om särskilt skydd för barn i anknytningsärenden och tillkännager detta för regeringen.,"",,
886526,"","","",0,2025/26:MJU16,1,Riksdagen ställer sig bakom det som anförs i motionen om att överväga behovet av en mer faktabaserad klimatpolitik och tillkännager detta för regeringen.,"",,
3346821,Avslag,Avslag,"",0,2020/21:SfU20,1,Riksdagen ställer sig bakom det som anförs i motionen om att utreda möjligheten att införa ett system som innebär att asylsökande som kommer till Sverige ska kunna få sina värdesaker beslagtagna med syftet att delfinansiera de asylsökandes uppehälle under asylprocessen och tillkännager detta för regeringen.,"",,
3133643,Avslag,Avslag,"",0,2024/25:KU13,1,Riksdagen ställer sig bakom det som anförs i motionen om att överväga att utreda hur vi skulle kunna öka valdeltagandet genom att erbjuda ett digitalt valdeltagande med bank-id och tillkännager detta för regeringen.,"",,
1364882,Avslag,Avslag,"",0,2019/20:CU17,1,Riksdagen ställer sig bakom det som anförs i motionen om att överväga en översyn av ersättningsnivån för vigselförrättare och tillkännager detta för regeringen.,"",,
650558,Avslag, Avslag,Röstning,0,2011/12:SfU1,0,Riksdagen tillkännager för regeringen som sin mening vad som anförs i motionen om resurser till barnfamiljerna.,"",,
685806,Avslag, Avslag,Acklamation,0,2013/14:MJU26,0,Riksdagen tillkännager för regeringen som sin mening vad som anförs i motionen om att säkerställa att översynen av strandskyddsreglerna leder till en bättre tillämpning för att förbättra möjligheterna för strandnära boende i glesa områden.,"",,
1063100,Avslag,"","",3,2012/13:UbU2,3,Riksdagen anvisar anslagen för 2013 inom utgiftsområde 15 Studiestöd enligt förslaget i tabell 1 i motionen.,"",,
1380251,=utskottet,Avslag,"",0,2001/02:UU8,0,Riksdagen tillkännager för regeringen vad i motionen anförs om att Taiwan skall kunna deltaga i arbetet inom WHO som observatör.,"",,
1124056,Avslag,Avslag,"",0,2016/17:SkU24,1,Riksdagen ställer sig bakom det som anförs i motionen om undantag från trängselskatt för att hämta och lämna vid Ropsten och tillkännager detta för regeringen.,"",,
726170,Avslag, Avslag,Acklamation,8,2010/11:MJU14,8,Riksdagen tillkännager för regeringen som sin mening vad som anförs i motionen om att Sverige bör verka för en frivillig europeisk märkning av matens klimatpåverkan där såväl produktionsmetoder och lagring som transporter ingår.,"",,
2155562,Avslag,Avslag,"",0,2018/19:MJU4,7,Riksdagen ställer sig bakom det som anförs i motionen om att det behöver införas en åtgärdsplan för åkermarkens bördighet samt kolbindning i odlingsmark och betesmark och tillkännager detta för regeringen.,"",,
1141615,=utskottet,Avslag,"",2,2001/02:TU9,2,Riksdagen tillkännager för regeringen som sin mening vad i motionen anförs om att harmoniseringssträvandena på området snarast bör intensifieras.,"",,
928397,Avslag, Avslag,Acklamation,2,2009/10:JuU7,2,Riksdagen tillkännager för regeringen som sin mening vad som anförs i motionen om att kriminalisera tvångsgifte och medhjälp till tvångsgifte.,"",,
1096541,"","","",4,2026/27:FiU7,4,Riksdagen antar regeringens förslag till lag om ändring i lagen (2023:457) om behandling av personuppgifter vid Utbetalningsmyndigheten.,"",,
1715685,Avslag,Avslag,"",0,2023/24:NU6,1,Riksdagen ställer sig bakom det som anförs i motionen om omlokalisering av statliga myndigheter och tillkännager detta för regeringen.,"",,
2137215,Avslag,Avslag,"",0,2018/19:MJU4,1,"Riksdagen ställer sig bakom det som anförs i motionen om att Sverige inom EU ska verka för en reform av handeln med utsläppsrätter, vilket innebär mer harmonisering, färre utsläppsrätter, slopande av fri tilldelning och mer riktmärken, och detta tillkännager riksdagen för regeringen.","",,
1777364,Avslag, Avslag,Acklamation,0,2005/06:KrU7,0,Riksdagen tillkännager för regeringen som sin mening att vad i motionen anförs om att ta fram riktlinjer för ett enhetligt uttalande av sifferserier och andra nummerkombinationer.,"",,
1350554,Avslag, Avslag,Röstning,0,2009/10:SfU1,0,Riksdagen tillkännager för regeringen som sin mening vad som anförs i motionen om att genomföra en utredning som tar sikte på att lägga fram förslag om ny reformerad sjukförsäkring och som bör pröva att helt slopa taket i socialförsäkringarna.,"",,
387252,Avslag,Avslag,"",0,2017/18:SoU8,1,"Riksdagen ställer sig bakom det som anförs i motionen om att den svenska narkotikapolitikens vision om ett narkotikafritt samhälle inte har uppfyllts och bör omprövas, och detta tillkännager riksdagen för regeringen.","",,
903538,Avslag, Avslag,Acklamation,0,2009/10:UbU8,0,Riksdagen tillkännager för regeringen som sin mening vad som anförs i motionen om läroböcker i skolan.,"",,
3320181,Avslag, Avslag,Acklamation,0,2003/04:TU10,0,Riksdagen tillkännager för regeringen som sin mening vad i motionen anförs om behovet av omedelbara åtgärder för att åtgärda bristerna i det eftersatta vägunderhållet i Norrbotten.,"",,
1641251,Avslag,Avslag,"",0,2023/24:MJU11,10,Riksdagen ställer sig bakom det som anförs i motionen om hur mycket hästar behöver röra sig fritt utomhus och tillkännager detta för regeringen.,"",,
1199111,Avslag,Avslag,"",0,2020/21:KU24,7,Riksdagen ställer sig bakom det som anförs i motionen om medborgarförslag och tillkännager detta för regeringen.,"",,
123854,Avslag, Avslag,Röstning,0,2002/03:UbU7,0,Riksdagen tillkännager för regeringen som sin mening vad i motionen anförs om att se över möjligheterna att förbättra vuxnas villkor att genomföra studier.,"",,
1769712,Avslag,Avslag,"",0,2015/16:KU17,1,Riksdagen tillkännager för regeringen som sin mening vad som anförs i motionen om att skapa en för allmänheten öppen databas där samtliga offentliga handlingar från statliga och kommunala myndigheter läggs ut.,"",,
1447594,Avslag, Avslag,Röstning,0,2003/04:TU2,0,"Riksdagen beslutar om sådan ändring av 7 § tredje stycket lagen (1982:129) om flyttning av fordon i vissa fall, att kostnader för flyttning som sker med stöd av 2 § tredje stycket samma lag ej skall bäras av markägaren, i enlighet med vad som anförs i motionen.","",,
355767,Avslag, Avslag,Röstning,5,2003/04:BoU8,5,Riksdagen tillkännager för regeringen som sin mening vad i motionen anförs om boendeplaneringsprogram.,"",,
1638448,Avslag,Avslag,"",0,2016/17:SoU10,1,Riksdagen ställer sig bakom det som anförs i motionen om att i Sverige införa en obligatorisk statlig sjukvårdsförsäkring och tillkännager detta för regeringen.,"",,
1368629,Avslag,Avslag,"",0,2015/16:KU13,1,Riksdagen tillkännager för regeringen som sin mening vad som anförs i motionen om att tillsätta en utredning som ska utreda effekterna av att ersätta dagens åldersgränssystem som baseras på födelsedag med ett system som grundas på födelseår för ett rättvisare samhälle.,"",,
1551373,Avslag,Avslag,"",0,2025/26:UFöU2,1,Riksdagen ställer sig bakom det som anförs i motionen om att regeringen ska verka för att svensk väpnad styrka som ställs till förfogande inom ramen för riksdagens beslut med anledning av propositionen inte ska delta i verksamhet som kan inkludera kärnvapen och tillkännager detta för regeringen.,"",,
1061061,Bifall, Bifall,Acklamation,0,2012/13:UbU15,0,Riksdagen antar regeringens förslag till,lag om ändring i skollagen (2010:800).,,
547371,Avslag,Avslag,"",0,2016/17:MJU11,1,Riksdagen ställer sig bakom det som anförs i motionen om en ändring i terrängkörningsförordningen och tillkännager detta för regeringen.,"",,
190686,Avslag, Avslag,Acklamation,0,2005/06:UbU14,0,Riksdagen begär att regeringen skyndsamt lägger fram ett förslag gällande skolskjuts för elever vid växelvis boende.,"",,
661222,Avslag,Avslag,"",0,2017/18:MJU24,1,Riksdagen ställer sig bakom det som anförs i motionen om behovet av en ökad helhetssyn i djurskyddslagstiftningen och tillkännager detta för regeringen.,"",,
481213,Avslag,Avslag,"",0,2020/21:MJU24,1,Riksdagen ställer sig bakom det som anförs i motionen om att snarast följa upp propositionen med en definition av odikad mark och tillkännager detta för regeringen.,"",,
207421,Avslag, Avslag,Acklamation,0,2002/03:LU9,0,Riksdagen tillkännager för regeringen som sin mening vad i motionen anförs om behovet av frivilliga konsumentorganisationer.,"",,
3313385,Avslag, Avslag,Acklamation,0,2002/03:KrU3,0,Riksdagen tillkännager för regeringen som sin mening vad i motionen anförs om ett forsknings- och utställningscentrum i Göteborg - Emigranternas hus.,"",,
1088387,Avslag,"","",0,2007/08:UbU1,0,Riksdagen tillkännager för regeringen som sin mening vad som anförs i motionen om Linköpings universitet.,"",,
881707,"","","",0,2025/26:NU15,1,Riksdagen ställer sig bakom det som anförs i motionen om att överväga att ersätta dagens krav på hotelltillstånd med en anmälningsplikt och tillkännager detta för regeringen.,"",,
72841,Avslag, Avslag,Acklamation,11,2002/03:UbU2,11,Riksdagen anvisar för budgetåret 2003 anslagen under utgiftsområde 15 Studiestöd med de ändringar i förhållande till regeringens förslag som framgår av i motionen redovisad uppställning.,"",,
3108912,Avslag,Avslag,"",0,2024/25:UbU13,1,Riksdagen ställer sig bakom det som anförs i motionen om att överväga att se över beslutsprocessen angående yrkesutbildningar i syfte att snabbare än i dag kunna starta nya yrkesutbildningar där behoven finns och tillkännager detta för regeringen.,"",,
391923,"","","",0,"",1,Riksdagen ställer sig bakom det som anförs i motionen om Sveriges förberedelser inför Fehmarn Bält-tunneln och tillkännager detta för regeringen.,"",,
1546335,"","","",0,2025/26:NU17,7,"Riksdagen ställer sig bakom det som anförs i motionen om att storskaligt stödja nätförstärkningar, energilagring och stödtjänster för att balansera ett växande förnybart elsystem och tillkännager detta för regeringen.","",,
1452813,Avslag, Avslag,Röstning,0,2010/11:UbU7,0,Riksdagen tillkännager för regeringen som sin mening vad som anförs i motionen om att en miniminivå för studie- och yrkesvägledning bör införas.,"",,
3111403,Avslag,"","",0,2008/09:MJU2,0,Riksdagen tillkännager för regeringen som sin mening vad som anförs i motionen om att främja lokal och regional livsmedelsproduktion.,"",,
721870,Delvis bifall, Delvis bifall,Acklamation,0,2005/06:SoU6,0,Riksdagen begär att regeringen låter göra en översyn av betalningsansvaret för vård enligt lagen om rättspsykiatrisk vård (LRV).,"",,
1182902,Avslag, Avslag,Acklamation,0,2007/08:UbU11,0,Riksdagen tillkännager för regeringen som sin mening vad som anförs i motionen om ökat antal idrottstimmar i skolan.,"",,
388820,Avslag, Avslag,Acklamation,2,2012/13:TU7,2,Riksdagen tillkännager för regeringen som sin mening vad som anförs i motionen om att överväga att höja forsknings- och utvecklingsanslagen för att utveckla körsimulatorer i Sverige.,"",,
697301,Avslag,Avslag,"",0,2019/20:CU16,6,Riksdagen ställer sig bakom det som anförs i motionen om att ge Boverket det samlade ansvaret för regelverken kring buller och tillkännager detta för regeringen.,"",,
1942473,Avslag, Avslag,Acklamation,0,2007/08:TU1,0,Riksdagen tillkännager för regeringen som sin mening vad som anförs i motionen om E 18 mellan Örebro och Karlskoga.,"",,
663284,Avslag,Avslag,"",0,2017/18:FiU2,3,Riksdagen ställer sig bakom det som anförs i motionen om att ge Upphandlingsmyndigheten ett uppdrag att sprida kunskap om smakprovning som en del av upphandling och tillkännager detta för regeringen.,"",,
3298459,Avslag,Avslag,"",0,2019/20:SoU2,1,Riksdagen ställer sig bakom det som anförs i motionen om att avskaffa Allmänna arvsfonden och tillkännager detta för regeringen.,"",,
1759361,Avslag, Avslag,Acklamation,5,2005/06:KrU19,5,Riksdagen tillkännager för regeringen som sin mening vad i motionen anförs om behovet av förändrade regler för marknadsföring av spel.,"",,
1524318,Avslag,Avslag,"",0,2021/22:MJU29,3,Riksdagen ställer sig bakom det som anförs i motionen om att säkra ansökningshanteringens likvärdighet över landet och tillkännager detta för regeringen.,"",,
476751,Avslag, Avslag,Röstning,0,2007/08:NU8,0,Riksdagen tillkännager för regeringen som sin mening vad som anförs i motionen om en nationell strategi för att få stora internationella evenemang till Sverige.,"",,
1863298,Avslag,Avslag,"",0,2020/21:FiU32,1,Riksdagen avslår regeringens förslag till ändrat anslag avseende 1:24 Omställningsstöd.,"",,
630248,Avslag, Avslag,Röstning,0,2006/07:SoU15,0,Riksdagen avslår regeringens proposition 2006/07:97 Avskaffande av åldersgränsen för privatpraktiserande läkare och sjukgymnaster.,"",,
727085,Avslag, Avslag,Acklamation,2,2005/06:MJU3,2,Riksdagen tillkännager för regeringen som sin mening vad i motionen anförs om att en kretsloppsgrupp tillsätts med ett tydligt uppdrag att förverkliga de föreslagna målsättningarna i Aktionsplan för återföring av fosfor ur avlopp.,"",,
140342,Avslag,Avslag,"",0,2017/18:KU6,1,Riksdagen ställer sig bakom det som anförs i motionen om att undersöka förutsättningarna att inrätta en oberoende MR-institution och tillkännager detta för regeringen.,"",,
1670728,Avslag, Avslag,Röstning,0,2005/06:TU11,0,Riksdagen tillkännager för regeringen som sin mening vad i motionen anförs om att snarast avveckla Bromma flygfält.,"",,
1224225,Avslag,Avslag,"",0,2018/19:FiU22,2,Riksdagen ställer sig bakom det som anförs i motionen om att se över möjligheten att slopa framtida krav på sluten kontanthantering för mindre butiker och tillkännager detta för regeringen.,"",,
375915,Avslag, Avslag,Röstning,0,2005/06:UbU1,0,Riksdagen tillkännager för regeringen som sin mening vad i motionen anförs om att fler högskolor på sikt bör få högskoleplatser för omvandling av utländska examina.,"",,
1122064,Avslag,Avslag,"",0,2023/24:AU3,1,"Riksdagen ställer sig bakom det som anförs i motionen om att säkerställa likvärdiga ekonomiska och sociala förutsättningar för arbetstagare som förlorar sina arbetsinkomster och egenföretagare som förlorar sina uppdragsinkomster, och detta tillkännager riksdagen för regeringen.","",,
885643,Avslag, Avslag,Acklamation,0,2009/10:SkU30,0,Riksdagen tillkännager för regeringen som sin mening vad som anförs i motionen om sekretesskyddade unga.,"",,
923341,Avslag,Avslag,"",0,2019/20:MJU12,1,Riksdagen ställer sig bakom det som anförs i motionen om att inte klassa lantbruk som miljöfarlig verksamhet enligt miljöbalken och tillkännager detta för regeringen.,"",,
630661,Avslag, Avslag,Acklamation,0,2013/14:AU2,0,Riksdagen tillkännager för regeringen som sin mening vad som anförs i motionen om att underlätta för föreningar och kooperativa och sociala företag att anställa personer med funktionsnedsättning.,"",,
1528023,Avslag,Avslag,"",0,2021/22:FöU10,1,Riksdagen ställer sig bakom det som anförs i motionen om att Sverige ska verka för skapandet av en FN-konvention om cyberkrigföring och tillkännager detta för regeringen.,"",,
1323949,Avslag, Avslag,Acklamation,0,2003/04:SkU22,0,Riksdagen tillkännager för regeringen som sin mening vad i motionen anförs om att se över förutsättningarna för hur beskattningen av lokaler i näringsverksamhet  skall se ut i framtiden.,"",,
317514,Avslag, Avslag,Röstning,0,2004/05:LU9,0,Riksdagen tillkännager för regeringen som sin mening vad i motionen anförs om att reglerna i 3 kap. ärvdabalken bör ändras så att efterlevande makes arvsrätt endast omfattar den avlidna makens giftorättsgods.,"",,
1268066,Avslag, Avslag,Acklamation,0,2012/13:SoU15,0,"Riksdagen tillkännager för regeringen som sin mening vad som anförs i motionen om näthandel med narkotika, falska mediciner och steroider.","",,
349002,Avslag, Avslag,Röstning,0,2009/10:FiU22,0,Riksdagen tillkännager för regeringen som sin mening vad som anförs i motionen om behovet av ytterligare åtgärder för att skapa rättvisare förhållanden inom världshandeln.,"",,
1978938,Avslag, Avslag,Acklamation,0,2005/06:MJU3,0,Riksdagen tillkännager för regeringen som sin mening vad i motionen anförs om blyförbud på jaktammunition.,"",,
1273220,Avslag,Avslag,"",0,2022/23:NU13,1,"Riksdagen ställer sig bakom det som anförs i motionen om att förenkla för privatpersoner som vill vaska guld eller leta mineral i mindre skala, och detta tillkännager riksdagen för regeringen.","",,
1660774,Avslag,Avslag,"",0,2021/22:SoU19,5,Riksdagen ställer sig bakom det som anförs i motionen om att stärka stödinsatser för anhöriga och tillkännager detta för regeringen.,"",,
341306,Avslag, Avslag,Röstning,9,2007/08:JuU14,9,Riksdagen tillkännager för regeringen som sin mening vad som anförs i motionen om att fler intagna inom kriminalvården ska erbjudas kvalificerad yrkesutbildning.,"",,
1402099,Avslag,Avslag,"",0,2021/22:TU7,8,Riksdagen ställer sig bakom det som anförs i motionen om att utforma en ridled som sträcker sig från norr till söder i Sverige och tillkännager detta för regeringen.,"",,
796973,Avslag, Avslag,Acklamation,0,2005/06:SoU21,0,Riksdagen tillkännager för regeringen som sin mening vad i motionen anförs om vårdgivarval inom äldreomsorgen.,"",,
676808,Avslag,Avslag,"",0,2015/16:CU21,1,Riksdagen ställer sig bakom det som anförs i motionen om tillsyn över företag av allmänt intresse och tillkännager detta för regeringen.,"",,
