global_id_pk,local_id,fragment,type_name,owner_id_fk
3733980,"""7,CE45746C-88E0-4F10-BCE8-4FBB1F0E261A,0828721176319,SAKFRÅGAN""",,com.hack23.cia.model.external.riksdagen.votering.impl.VoteData,
7463201,110221,,com.hack23.cia.model.external.riksdagen.dokumentstatus.impl.DocumentAttachment,
7778011,409194,,com.hack23.cia.model.external.riksdagen.dokumentstatus.impl.DocumentReferenceData,
3109195,"""10,A2E569C3-0FFD-4A50-981E-784BE9ECE277,0210444373111,SAKFRÅGAN""",,com.hack23.cia.model.external.riksdagen.votering.impl.VoteData,
9038889,1607123,,com.hack23.cia.model.external.riksdagen.dokumentstatus.impl.DocumentReferenceData,
3627961,,embeddedId,,3627960
6345713,,embeddedId,,6345712
6860582,"""2,4D86466E-A2B2-4DB6-BF4D-D9BC8B7F84B1,0201207390210,SAKFRÅGAN""",,com.hack23.cia.model.external.riksdagen.votering.impl.VoteData,
5530154,,embeddedId,,5530153
3170314,"""2,903A0462-7860-40F6-A214-E094D453FC5F,08644719105,SAKFRÅGAN""",,com.hack23.cia.model.external.riksdagen.votering.impl.VoteData,
1751679,,embeddedId,,1751678
3990058,"""12,5D12F7FB-EE46-4E9B-B6BB-C6BAC44B8DBA,0970259744617,SAKFRÅGAN""",,com.hack23.cia.model.external.riksdagen.votering.impl.VoteData,
2028930,,embeddedId,,2028929
3319590,,embeddedId,,3319587
5051343,,embeddedId,,5051342
1211570,"""6,BF27B7E8-AF82-42A5-8379-D8D861D1812C,0363721826713,SAKFRÅGAN""",,com.hack23.cia.model.external.riksdagen.votering.impl.VoteData,
9956199,,indicator,,9956197
4902295,,embeddedId,,4902294
4076629,,embeddedId,,4076628
5512244,,embeddedId,,5512242
10317179,,indicator,,10317177
3747139,,embeddedId,,3747136
10821226,,country,,10821224
4544058,"""3,87E80CAD-ACDD-4805-AB1C-43513C365ECE,0781029778411,SAKFRÅGAN""",,com.hack23.cia.model.external.riksdagen.votering.impl.VoteData,
6535015,"""6,A55C93C2-6CC2-4C92-BE79-FF4641DB5EE9,0730984957305,SAKFRÅGAN""",,com.hack23.cia.model.external.riksdagen.votering.impl.VoteData,
1271465,,embeddedId,,1271464
8653999,1241905,,com.hack23.cia.model.external.riksdagen.dokumentstatus.impl.DocumentReferenceData,
11056776,2814837,,com.hack23.cia.model.external.worldbank.data.impl.WorldBankData,
1522315,,embeddedId,,1522314
11332374,,indicator,,11332372
7483264,129275,,com.hack23.cia.model.external.riksdagen.dokumentstatus.impl.DocumentReferenceData,
3903661,,embeddedId,,3903660
8280894,887092,,com.hack23.cia.model.external.riksdagen.dokumentstatus.impl.DocumentActivityData,
7966085,588070,,com.hack23.cia.model.external.riksdagen.dokumentstatus.impl.DocumentDetailContainer,
1710548,"""3,2D25E7AA-1726-4F7B-9844-964920B5BA41,0970709885516,SAKFRÅGAN""",,com.hack23.cia.model.external.riksdagen.votering.impl.VoteData,
5726877,,embeddedId,,5726876
11695672,3042773,,com.hack23.cia.model.external.riksdagen.documentcontent.impl.DocumentContentData,
10633857,2658503,,com.hack23.cia.model.external.worldbank.data.impl.WorldBankData,
6216757,,embeddedId,,6216756
6259023,,embeddedId,,6259022
262681,,embeddedId,,262680
7915902,540343,,com.hack23.cia.model.external.riksdagen.dokumentstatus.impl.DocumentActivityData,
1000300,"""2,4F7FDB46-0861-466A-AE73-BBC4588BF4B7,0970400972210,SAKFRÅGAN""",,com.hack23.cia.model.external.riksdagen.votering.impl.VoteData,
1916958,,embeddedId,,1916957
10196998,,country,,10196996
7111685,"""h9121896""",,com.hack23.cia.model.external.riksdagen.dokumentlista.impl.DocumentElement,
8352176,954798,,com.hack23.cia.model.external.riksdagen.dokumentstatus.impl.DocumentProposalData,
4060876,"""2,FDC98F0B-9AF1-47C8-B38B-D743C8BD6360,0224712677012,SAKFRÅGAN""",,com.hack23.cia.model.external.riksdagen.votering.impl.VoteData,
6402897,,embeddedId,,6402895
5839382,,embeddedId,,5839381
960498,,embeddedId,,960497
7239330,"""gu02a342""",,com.hack23.cia.model.external.riksdagen.dokumentlista.impl.DocumentElement,
8511433,1106324,,com.hack23.cia.model.external.riksdagen.dokumentstatus.impl.DocumentStatusContainer,
8071307,688037,,com.hack23.cia.model.external.riksdagen.dokumentstatus.impl.DocumentDetailData,
3673460,"""49,867D3D6C-9310-4AA6-B7F2-4C17BE63D1D7,0603753860213,SAKFRÅGAN""",,com.hack23.cia.model.external.riksdagen.votering.impl.VoteData,
11591608,,indicator,,11591607
9030743,1599351,,com.hack23.cia.model.external.riksdagen.dokumentstatus.impl.DocumentDetailContainer,
2552292,,embeddedId,,2552291
1852108,"""7,48821933-559A-40FE-987C-1E063A6718FC,0381231495405,SAKFRÅGAN""",,com.hack23.cia.model.external.riksdagen.votering.impl.VoteData,
9443892,1992138,,com.hack23.cia.model.external.riksdagen.dokumentstatus.impl.DocumentPersonReferenceContainer,
786955,28043,,com.hack23.cia.model.external.riksdagen.person.impl.DetailData,
10443155,,indicator,,10443153
12597020,1079683,,com.hack23.cia.model.internal.application.data.rules.impl.RuleViolation,
6445648,"""1,54EE3CF4-7ACA-46CC-904B-A422ECA6E2A6,0741187745315,SAKFRÅGAN""",,com.hack23.cia.model.external.riksdagen.votering.impl.VoteData,
11805290,3140344,,com.hack23.cia.model.external.riksdagen.documentcontent.impl.DocumentContentData,
3901258,"""3,8D801C78-15F5-494D-8C3B-204DE7EE932D,011548866929,SAKFRÅGAN""",,com.hack23.cia.model.external.riksdagen.votering.impl.VoteData,
8627299,1216593,,com.hack23.cia.model.external.riksdagen.dokumentstatus.impl.DocumentAttachment,
6702746,,embeddedId,,6702745
8231228,839907,,com.hack23.cia.model.external.riksdagen.dokumentstatus.impl.DocumentActivityData,
3044733,"""17,5BDBE6C9-95B3-4336-BA57-9BF927E811D4,0480384439015,SAKFRÅGAN""",,com.hack23.cia.model.external.riksdagen.votering.impl.VoteData,
9956820,2379504,,com.hack23.cia.model.external.riksdagen.utskottsforslag.impl.CommitteeProposalData,
1239854,"""8,5E8D370E-17BF-4EBA-9CF7-CB86795AD141,0227531635413,SAKFRÅGAN""",,com.hack23.cia.model.external.riksdagen.votering.impl.VoteData,
1111993,,embeddedId,,1111992
2121525,"""19,9C06BF60-F071-43E1-A3D4-6CA0A15D52DE,0525562399327,SAKFRÅGAN""",,com.hack23.cia.model.external.riksdagen.votering.impl.VoteData,
1944352,,embeddedId,,1944350
3155437,"""5,195198E2-2CF7-497D-B19E-28864F088644,0980681611418,SAKFRÅGAN""",,com.hack23.cia.model.external.riksdagen.votering.impl.VoteData,
7985858,606886,,com.hack23.cia.model.external.riksdagen.dokumentstatus.impl.DocumentReferenceData,
10353121,2545489,,com.hack23.cia.model.external.worldbank.data.impl.WorldBankData,
3365975,"""2,155F2383-C28A-4F64-B704-DF37934ED80C,0521844714515,SAKFRÅGAN""",,com.hack23.cia.model.external.riksdagen.votering.impl.VoteData,
10203251,,indicator,,10203250
761162,,embeddedId,,761161
11969972,3301245,,com.hack23.cia.model.external.riksdagen.dokumentstatus.impl.DocumentReferenceData,
5840772,"""1,02507176-798D-4618-BEB3-7AB6EC4FE662,0513020576128,SAKFRÅGAN""",,com.hack23.cia.model.external.riksdagen.votering.impl.VoteData,
6558943,,embeddedId,,6558942
1818555,"""2,19936422-C83E-4F72-8615-90E0B25A68F3,0548314774911,SAKFRÅGAN""",,com.hack23.cia.model.external.riksdagen.votering.impl.VoteData,
11402563,,country,,11402562
3346079,"""1,ED4C6572-0523-4E88-9752-1D5348A15B87,0905637653912,SAKFRÅGAN""",,com.hack23.cia.model.external.riksdagen.votering.impl.VoteData,
12398744,,indicator,,12398743
2550574,,embeddedId,,2550573
9614055,2153437,,com.hack23.cia.model.external.riksdagen.dokumentstatus.impl.DocumentActivityData,
7108347,"""go02fi16""",,com.hack23.cia.model.external.riksdagen.dokumentlista.impl.DocumentElement,
9374451,1926154,,com.hack23.cia.model.external.riksdagen.dokumentstatus.impl.DocumentReferenceData,
4080422,"""7,AB1D863D-6900-4452-9079-B4C059AFB20E,0909948830718,SAKFRÅGAN""",,com.hack23.cia.model.external.riksdagen.votering.impl.VoteData,
7773659,405086,,com.hack23.cia.model.external.riksdagen.dokumentstatus.impl.DocumentAttachment,
8462764,1060171,,com.hack23.cia.model.external.riksdagen.documentcontent.impl.DocumentContentData,
6179040,"""3,0C05568A-A4CF-448E-BA51-6DDCED06EC1F,069309987221,SAKFRÅGAN""",,com.hack23.cia.model.external.riksdagen.votering.impl.VoteData,
9697273,2232365,,com.hack23.cia.model.external.riksdagen.dokumentstatus.impl.DocumentDetailContainer,
11896692,3231196,,com.hack23.cia.model.external.riksdagen.dokumentstatus.impl.DocumentReferenceContainer,
8070277,687067,,com.hack23.cia.model.external.riksdagen.documentcontent.impl.DocumentContentData,
8220296,829463,,com.hack23.cia.model.external.riksdagen.dokumentstatus.impl.DocumentDetailData,
12763500,1114788,,com.hack23.cia.model.external.riksdagen.utskottsforslag.impl.CommitteeProposalContainer,
1588562,"""1,95E3E791-9984-42B5-AA36-8FE5220D01B2,0105632258713,SAKFRÅGAN""",,com.hack23.cia.model.external.riksdagen.votering.impl.VoteData,
12705909,1109215,,com.hack23.cia.model.internal.application.data.rules.impl.RuleViolation,
3082121,"""2,3430ED30-EFFC-401D-A75D-3369E588C820,0752691002718,SAKFRÅGAN""",,com.hack23.cia.model.external.riksdagen.votering.impl.VoteData,
8038671,657083,,com.hack23.cia.model.external.riksdagen.dokumentstatus.impl.DocumentDetailData,
2879477,"""1,27C36EC2-94ED-4D2C-8C50-653AC79D105A,0495661214429,SAKFRÅGAN""",,com.hack23.cia.model.external.riksdagen.votering.impl.VoteData,
11262645,,country,,11262643
12196181,,embeddedId,,12196180
4106929,"""7,55EA2027-0624-44AE-9D5B-DCA45ED8FE37,0226631365426,SAKFRÅGAN""",,com.hack23.cia.model.external.riksdagen.votering.impl.VoteData,
10591579,2640801,,com.hack23.cia.model.external.worldbank.data.impl.WorldBankData,
4911291,,embeddedId,,4911290
7964162,586265,,com.hack23.cia.model.external.riksdagen.dokumentstatus.impl.DocumentPersonReferenceData,
10420095,,indicator,,10420094
3787953,,embeddedId,,3787952
10312056,,country,,10312054
11349621,,country,,11349620
834022,"""6,78AE72C5-C3D5-4217-837C-A48BF2532383,0468765214727,SAKFRÅGAN""",,com.hack23.cia.model.external.riksdagen.votering.impl.VoteData,
11410570,,indicator,,11410568
798094,,embeddedId,,798092
11973941,3305097,,com.hack23.cia.model.external.riksdagen.dokumentstatus.impl.DocumentDetailData,
5391726,"""5,36C887EE-933A-43B0-8F83-AB489AEBD21B,0465398691116,SAKFRÅGAN""",,com.hack23.cia.model.external.riksdagen.votering.impl.VoteData,
2101617,,embeddedId,,2101615
3098772,"""1,4D8B007B-1740-4219-AB85-AA15BF06C134,0776705932527,SAKFRÅGAN""",,com.hack23.cia.model.external.riksdagen.votering.impl.VoteData,
9639219,2177339,,com.hack23.cia.model.external.riksdagen.dokumentstatus.impl.DocumentProposalContainer,
4713046,"""7,7FF1B4CD-5EDF-11D7-AE48-000475503867,028536711718,SAKFRÅGAN""",,com.hack23.cia.model.external.riksdagen.votering.impl.VoteData,
3177397,,embeddedId,,3177395
12074575,,country,,12074574
3568830,"""2,B8011431-EF5C-420E-AD8D-7F9C9858EEF4,0248883870202,SAKFRÅGAN""",,com.hack23.cia.model.external.riksdagen.votering.impl.VoteData,
3740694,,embeddedId,,3740692
5021840,"""11,F77A538F-D2B1-4D7D-9B91-8CB35D247D31,0545733815610,SAKFRÅGAN""",,com.hack23.cia.model.external.riksdagen.votering.impl.VoteData,
4987892,"""1,9500E862-1705-4347-81BE-A79699515F8A,0541320528015,SAKFRÅGAN""",,com.hack23.cia.model.external.riksdagen.votering.impl.VoteData,
5759331,,embeddedId,,5759330
6911107,,embeddedId,,6911106
7607906,247531,,com.hack23.cia.model.external.riksdagen.dokumentstatus.impl.DocumentReferenceData,
7266723,"""gw0wrfr5""",,com.hack23.cia.model.external.riksdagen.dokumentlista.impl.DocumentElement,
647147,"""4,2356A841-0AE8-4D68-A906-54464850F177,0284604377408,SAKFRÅGAN""",,com.hack23.cia.model.external.riksdagen.votering.impl.VoteData,
10399837,,indicator,,10399836
10683432,,indicator,,10683431
2393361,"""2,92EC248B-E4F9-43A4-9B53-E102A3120EAB,0574724112206,SAKFRÅGAN""",,com.hack23.cia.model.external.riksdagen.votering.impl.VoteData,
4107052,"""4,604B242A-21E4-4AF3-A206-155A5E502A45,0496341906327,SAKFRÅGAN""",,com.hack23.cia.model.external.riksdagen.votering.impl.VoteData,
10513296,,indicator,,10513294
10924815,,indicator,,10924813
1567951,,embeddedId,,1567950
4729366,"""14,74D2F71F-4102-478C-9C1A-7AE3A25CF367,0859968278117,SAKFRÅGAN""",,com.hack23.cia.model.external.riksdagen.votering.impl.VoteData,
8038014,656453,,com.hack23.cia.model.external.riksdagen.dokumentstatus.impl.DocumentProposalData,
6609021,,embeddedId,,6609020
10703219,2687386,,com.hack23.cia.model.external.worldbank.data.impl.WorldBankData,
9004016,"""GT02T448""",,com.hack23.cia.model.external.riksdagen.dokumentstatus.impl.DocumentData,
11143417,,indicator,,11143415
9761577,2291543,,com.hack23.cia.model.external.riksdagen.utskottsforslag.impl.AgainstProposalData,
892063,"""34960203-1b3b-4d3d-80ee-9f38d0c5d762""",,com.hack23.cia.model.external.riksdagen.person.impl.PersonData,
6075348,,embeddedId,,6075346
1622888,"""5,A4DAB616-A695-4C5B-B202-B8C776293FFD,0897304708905,SAKFRÅGAN""",,com.hack23.cia.model.external.riksdagen.votering.impl.VoteData,
9881670,,country,,9881669
7066025,,embeddedId,,7066024
11550077,,indicator,,11550075
9521826,2066109,,com.hack23.cia.model.external.riksdagen.dokumentstatus.impl.DocumentDetailData,
3100051,"""10,7B6C8DDF-488D-4F8E-B405-5518165C21F1,065105536026,SAKFRÅGAN""",,com.hack23.cia.model.external.riksdagen.votering.impl.VoteData,
9394176,1944962,,com.hack23.cia.model.external.riksdagen.dokumentstatus.impl.DocumentReferenceData,
11263496,2885193,,com.hack23.cia.model.external.worldbank.data.impl.WorldBankData,
10893096,,country,,10893095
6918637,,embeddedId,,6918636
2916900,,embeddedId,,2916899
8715723,1300406,,com.hack23.cia.model.external.riksdagen.dokumentstatus.impl.DocumentDetailData,
12796047,1136981,,com.hack23.cia.model.external.worldbank.data.impl.WorldBankData,
2400548,"""17,34B1BD28-679A-48C2-B29D-5CE48190D6CC,037561614928,SAKFRÅGAN""",,com.hack23.cia.model.external.riksdagen.votering.impl.VoteData,
1354280,,embeddedId,,1354278
5754065,,embeddedId,,5754064
4264148,,embeddedId,,4264147
10847648,2742177,,com.hack23.cia.model.external.worldbank.data.impl.WorldBankData,
8240428,848657,,com.hack23.cia.model.external.riksdagen.dokumentstatus.impl.DocumentActivityData,
12208612,"""1,F9290C66-7ED5-11D7-8A26-000475502EBF,0537484650407,SAKFRÅGAN""",,com.hack23.cia.model.external.riksdagen.votering.impl.VoteData,
2951397,"""8,22F1753D-A409-42D7-98AA-047A0BC39B42,0457308547314,SAKFRÅGAN""",,com.hack23.cia.model.external.riksdagen.votering.impl.VoteData,
10685332,,country,,10685330
261338,,embeddedId,,261337
6807009,,embeddedId,,6807008
9357372,1909933,,com.hack23.cia.model.external.riksdagen.dokumentstatus.impl.DocumentActivityData,
9396494,1947152,,com.hack23.cia.model.external.riksdagen.dokumentstatus.impl.DocumentDetailData,
3697585,,embeddedId,,3697584
7291863,"""hc10576""",,com.hack23.cia.model.external.riksdagen.dokumentlista.impl.DocumentElement,
5842238,,embeddedId,,5842236
9835352,,indicator,,9835351
1036487,,embeddedId,,1036485
7573414,214796,,com.hack23.cia.model.external.riksdagen.dokumentstatus.impl.DocumentReferenceData,
5890084,"""4,750C7BC2-4A43-4C8C-A9A5-66FFB304B91A,0599390849728,SAKFRÅGAN""",,com.hack23.cia.model.external.riksdagen.votering.impl.VoteData,
3918668,"""3,5AB6BCCF-C845-4F00-9D56-9BC9E4850641,0556347007015,SAKFRÅGAN""",,com.hack23.cia.model.external.riksdagen.votering.impl.VoteData,
2123181,,embeddedId,,2123179
11610815,,country,,11610813
10527862,2615461,,com.hack23.cia.model.external.worldbank.data.impl.WorldBankData,
1040937,"""19,2298237A-D8EE-447F-94CA-97653525BD8F,0665485817222,SAKFRÅGAN""",,com.hack23.cia.model.external.riksdagen.votering.impl.VoteData,
6183478,"""29,36419A52-46E7-4536-B050-198AD7D9325A,0368245926011,SAKFRÅGAN""",,com.hack23.cia.model.external.riksdagen.votering.impl.VoteData,
4399282,,embeddedId,,4399280
7690164,325704,,com.hack23.cia.model.external.riksdagen.dokumentstatus.impl.DocumentActivityData,
12233235,"""5,B6A89526-EC96-4664-B2F0-16F6811666F7,0722683622001,SAKFRÅGAN""",,com.hack23.cia.model.external.riksdagen.votering.impl.VoteData,
240169,"""1,01D4225F-6FE2-11D7-AF0F-000475503871,0115607185214,SAKFRÅGAN""",,com.hack23.cia.model.external.riksdagen.votering.impl.VoteData,
11213705,2868226,,com.hack23.cia.model.external.worldbank.data.impl.WorldBankData,
1388444,,embeddedId,,1388443
1134496,,embeddedId,,1134495
8106168,721199,,com.hack23.cia.model.external.riksdagen.dokumentstatus.impl.DocumentPersonReferenceData,
10727511,,country,,10727509
2734949,"""10,8BDF9B00-51EF-4E64-A77E-5EBCBE44064D,0446541913415,SAKFRÅGAN""",,com.hack23.cia.model.external.riksdagen.votering.impl.VoteData,
10538114,,country,,10538112
3629319,"""33,72DFA480-AC7E-4DF6-AF19-52C90E638951,0391973624515,SAKFRÅGAN""",,com.hack23.cia.model.external.riksdagen.votering.impl.VoteData,
5464159,,embeddedId,,5464158
9642159,2180109,,com.hack23.cia.model.external.riksdagen.dokumentstatus.impl.DocumentPersonReferenceContainer,
11409198,,country,,11409197
6377095,,embeddedId,,6377094
6091476,"""4,F6E4E389-CE5F-4858-9ABA-DF86A1158E2A,010643534813,SAKFRÅGAN""",,com.hack23.cia.model.external.riksdagen.votering.impl.VoteData,
9196794,1757330,,com.hack23.cia.model.external.riksdagen.dokumentstatus.impl.DocumentDetailData,
8704181,1289494,,com.hack23.cia.model.external.riksdagen.dokumentstatus.impl.DocumentPersonReferenceData,
9158440,1720833,,com.hack23.cia.model.external.riksdagen.dokumentstatus.impl.DocumentPersonReferenceData,
5919933,,embeddedId,,5919932
5415778,"""1,30171398-56CF-4EC3-A5A1-8C846CF2EF8C,0741005094627,SAKFRÅGAN""",,com.hack23.cia.model.external.riksdagen.votering.impl.VoteData,
5092850,"""6,E0554E2E-6F38-11D7-AE3F-000475502E13,0792716417210,SAKFRÅGAN""",,com.hack23.cia.model.external.riksdagen.votering.impl.VoteData,
8658523,1246208,,com.hack23.cia.model.external.riksdagen.dokumentstatus.impl.DocumentActivityData,
4169014,"""23,E59868A5-07DA-4466-A91A-2825B01329AF,0860364634014,SAKFRÅGAN""",,com.hack23.cia.model.external.riksdagen.votering.impl.VoteData,
4043547,,embeddedId,,4043546
9388601,1939644,,com.hack23.cia.model.external.riksdagen.dokumentstatus.impl.DocumentPersonReferenceData,
762766,,embeddedId,,762765
7110134,"""cms17a0ba91-ab3d-4974-93a8-f8dc2ec93e20sv""",,com.hack23.cia.model.external.riksdagen.dokumentlista.impl.DocumentElement,
5753913,,embeddedId,,5753912
6105375,,embeddedId,,6105374
10046630,2416163,,com.hack23.cia.model.external.worldbank.data.impl.WorldBankData,
6048635,,embeddedId,,6048634
4038649,,embeddedId,,4038648
6957799,,embeddedId,,6957797
4647353,"""66,FE478939-1B14-4F19-9246-21D91A047A9F,0899701619804,SAKFRÅGAN""",,com.hack23.cia.model.external.riksdagen.votering.impl.VoteData,
4106492,,embeddedId,,4106489
1176558,"""2,30AF233E-4DF4-4279-8938-258512E21B55,0251564185908,SAKFRÅGAN""",,com.hack23.cia.model.external.riksdagen.votering.impl.VoteData,
5345961,,embeddedId,,5345957
3476975,"""7,7ADE26EF-6258-4095-8B57-4F38D456998C,037508021018,SAKFRÅGAN""",,com.hack23.cia.model.external.riksdagen.votering.impl.VoteData,
9691906,2227304,,com.hack23.cia.model.external.riksdagen.dokumentstatus.impl.DocumentReferenceData,
4782433,,embeddedId,,4782432
6271795,,embeddedId,,6271793
4920696,"""6,91044E88-626E-489B-9C1B-31726D92449C,0547818628111,SAKFRÅGAN""",,com.hack23.cia.model.external.riksdagen.votering.impl.VoteData,
11248718,,indicator,,11248717
1347066,"""10,289DD7C8-1A61-4AFC-884F-21E13F89DFC1,0415959965211,SAKFRÅGAN""",,com.hack23.cia.model.external.riksdagen.votering.impl.VoteData,
6798025,,embeddedId,,6798024
2730504,,embeddedId,,2730503
6161712,"""7,610457B0-5D2F-40DB-80CA-F8A5F18CC71A,072019517020,SAKFRÅGAN""",,com.hack23.cia.model.external.riksdagen.votering.impl.VoteData,
10756166,,indicator,,10756164
6180682,"""6,B587A25E-5206-4E4F-B2B0-389AC30AC266,0181478122414,SAKFRÅGAN""",,com.hack23.cia.model.external.riksdagen.votering.impl.VoteData,
11192468,,indicator,,11192466
5074952,"""1,6788E483-8514-41C6-AC42-67C24D918158,0861447317415,SAKFRÅGAN""",,com.hack23.cia.model.external.riksdagen.votering.impl.VoteData,
7824066,452984,,com.hack23.cia.model.external.riksdagen.dokumentstatus.impl.DocumentActivityData,
6320214,"""6,27BAD834-A268-41D8-A2A0-FD7215472CDC,0654147472012,SAKFRÅGAN""",,com.hack23.cia.model.external.riksdagen.votering.impl.VoteData,
5082567,,embeddedId,,5082566
682389,"""11,4CD4D294-B180-4789-8C5A-62F585BBBD10,0409655917321,SAKFRÅGAN""",,com.hack23.cia.model.external.riksdagen.votering.impl.VoteData,
267038,"""3,76CDF71D-D846-45A3-94D4-814249F8720A,0630824497414,SAKFRÅGAN""",,com.hack23.cia.model.external.riksdagen.votering.impl.VoteData,
694131,"""3,8D148132-8AAA-4F87-AB4E-41D4F7B3D338,0216534495014,SAKFRÅGAN""",,com.hack23.cia.model.external.riksdagen.votering.impl.VoteData,
5656414,,embeddedId,,5656412
3141384,,embeddedId,,3141383
9890570,"""GO01JuU13""",,com.hack23.cia.model.external.riksdagen.utskottsforslag.impl.CommitteeDocumentData,
4465799,,embeddedId,,4465798
3266268,"""1,1A6D9E26-AB3A-4A0F-8AFC-2F6C3278451B,0444616389415,SAKFRÅGAN""",,com.hack23.cia.model.external.riksdagen.votering.impl.VoteData,
123571,,embeddedId,,123570
12356070,,embeddedId,,12356069
12550697,"""10,1F62C150-D236-4131-902D-0BBA9936B4BD,0653578338415,SAKFRÅGAN""",,com.hack23.cia.model.external.riksdagen.votering.impl.VoteData,
4136248,"""1,C197745F-F946-4A13-81EE-8C8D22B9DF1E,0544046588414,SAKFRÅGAN""",,com.hack23.cia.model.external.riksdagen.votering.impl.VoteData,
3913721,,embeddedId,,3913720
11452600,,indicator,,11452598
11183525,2857958,,com.hack23.cia.model.external.worldbank.data.impl.WorldBankData,
847166,,embeddedId,,847165
3402330,"""2,748723C2-4D6A-11D7-AECF-000475504BC9,0638431210311,SAKFRÅGAN""",,com.hack23.cia.model.external.riksdagen.votering.impl.VoteData,
11456592,,country,,11456590
3544006,"""3,86FB460D-F1F9-4530-9BE2-E9B5E5FEAD14,0313390540217,SAKFRÅGAN""",,com.hack23.cia.model.external.riksdagen.votering.impl.VoteData,
261668,,embeddedId,,261667
3840605,"""4,59049B18-C1C3-4FF3-A4D3-DED13BA1C717,0970400972210,SAKFRÅGAN""",,com.hack23.cia.model.external.riksdagen.votering.impl.VoteData,
9301412,1856766,,com.hack23.cia.model.external.riksdagen.dokumentstatus.impl.DocumentReferenceContainer,
4183,,embeddedId,,4182
5821970,"""3,EA849411-7C55-4491-998E-C68B0C1C42DF,0273732267214,SAKFRÅGAN""",,com.hack23.cia.model.external.riksdagen.votering.impl.VoteData,
1940523,,embeddedId,,1940521
306928,"""3,FFEAD3E3-0EC9-454B-A22F-A36429E4E9B2,0144048894712,SAKFRÅGAN""",,com.hack23.cia.model.external.riksdagen.votering.impl.VoteData,
3922172,"""15,804CDD38-F467-4340-81B5-0A3BF7307379,0341628241813,SAKFRÅGAN""",,com.hack23.cia.model.external.riksdagen.votering.impl.VoteData,
1539526,"""3,1EC40C6A-75CA-423B-9C6F-870B85F81A2A,0781623040415,SAKFRÅGAN""",,com.hack23.cia.model.external.riksdagen.votering.impl.VoteData,
2397372,,embeddedId,,2397370
4999368,"""3,70E692FD-3D9A-46AD-884D-3CF4F7BDA0D5,0447461551212,MOTIVFRÅGAN""",,com.hack23.cia.model.external.riksdagen.votering.impl.VoteData,
9904780,2357811,,com.hack23.cia.model.external.riksdagen.utskottsforslag.impl.AgainstProposalData,
490667,,embeddedId,,490666
5269604,"""13,B13689E4-8527-48F4-8A84-6A5D8677B431,0903307301618,SAKFRÅGAN""",,com.hack23.cia.model.external.riksdagen.votering.impl.VoteData,
984517,,embeddedId,,984514
178353,,embeddedId,,178352
6074432,"""10,643CB554-A1A7-41C9-87A7-810752820CCA,0475092656901,SAKFRÅGAN""",,com.hack23.cia.model.external.riksdagen.votering.impl.VoteData,
9293843,1849569,,com.hack23.cia.model.external.riksdagen.dokumentstatus.impl.DocumentActivityData,
4319028,,embeddedId,,4319027
6679803,,embeddedId,,6679802
3385277,"""4,4D509F01-0B12-4040-AD71-ABAB5335A658,0582811195313,SAKFRÅGAN""",,com.hack23.cia.model.external.riksdagen.votering.impl.VoteData,
5313318,"""1,648AEC8E-D793-4E50-B24D-94F325AEA3B0,0424684306815,SAKFRÅGAN""",,com.hack23.cia.model.external.riksdagen.votering.impl.VoteData,
12697320,1100611,,com.hack23.cia.model.internal.application.data.rules.impl.RuleViolation,
8865998,1442858,,com.hack23.cia.model.external.riksdagen.dokumentstatus.impl.DocumentPersonReferenceData,
12137495,"""4,E4C3D7C7-520B-413A-AD70-F2E6696B4E80,0170585430421,SAKFRÅGAN""",,com.hack23.cia.model.external.riksdagen.votering.impl.VoteData,
12598105,"""1,8028ADED-EE53-4864-B693-CAE43B61BB4F,0316505710324,SAKFRÅGAN""",,com.hack23.cia.model.external.riksdagen.votering.impl.VoteData,
930496,,embeddedId,,930495
6192911,,embeddedId,,6192910
11655678,3018441,,com.hack23.cia.model.external.worldbank.data.impl.WorldBankData,
7523944,167724,,com.hack23.cia.model.external.riksdagen.dokumentstatus.impl.DocumentActivityData,
8005889,625922,,com.hack23.cia.model.external.riksdagen.dokumentstatus.impl.DocumentPersonReferenceData,
7174612,"""gs02bo204""",,com.hack23.cia.model.external.riksdagen.dokumentlista.impl.DocumentElement,
939429,"""2,44BA73E6-9A26-40D4-9647-D70C45F9667D,0456522027421,SAKFRÅGAN""",,com.hack23.cia.model.external.riksdagen.votering.impl.VoteData,
6638044,"""32,7001F25E-CC3F-4E3F-8C66-574F323B1215,0377384542907,SAKFRÅGAN""",,com.hack23.cia.model.external.riksdagen.votering.impl.VoteData,
3640762,"""3,62A05302-39B2-45B1-9259-E1EC8B53E106,0516528386117,SAKFRÅGAN""",,com.hack23.cia.model.external.riksdagen.votering.impl.VoteData,
7922856,546974,,com.hack23.cia.model.external.riksdagen.dokumentstatus.impl.DocumentAttachment,
3435604,,embeddedId,,3435603
6725280,"""1,2AB8CDED-A4ED-4467-A650-2822BE106FB6,0559925283228,SAKFRÅGAN""",,com.hack23.cia.model.external.riksdagen.votering.impl.VoteData,
2988930,"""7,72EF7EF7-B2B9-46BD-A042-67E1052F3876,0926002991620,SAKFRÅGAN""",,com.hack23.cia.model.external.riksdagen.votering.impl.VoteData,
5566175,,embeddedId,,5566174
11738312,3081283,,com.hack23.cia.model.external.riksdagen.documentcontent.impl.DocumentContentData,
7576986,218179,,com.hack23.cia.model.external.riksdagen.dokumentstatus.impl.DocumentActivityData,
8781775,1363027,,com.hack23.cia.model.external.riksdagen.dokumentstatus.impl.DocumentStatusContainer,
4379816,"""2,DB15B5AB-5FE7-46D0-85F3-2FA71669ACE1,0903307301618,SAKFRÅGAN""",,com.hack23.cia.model.external.riksdagen.votering.impl.VoteData,
1598961,,embeddedId,,1598960
7236121,"""gu121223""",,com.hack23.cia.model.external.riksdagen.dokumentlista.impl.DocumentElement,
8237863,846230,,com.hack23.cia.model.external.riksdagen.dokumentstatus.impl.DocumentPersonReferenceData,
7823492,452437,,com.hack23.cia.model.external.riksdagen.dokumentstatus.impl.DocumentActivityData,
10917700,,country,,10917699
8176702,788097,,com.hack23.cia.model.external.riksdagen.dokumentstatus.impl.DocumentReferenceContainer,
12188374,"""6,0122F210-3D9F-4449-9163-4D72A4949C82,0256716955026,SAKFRÅGAN""",,com.hack23.cia.model.external.riksdagen.votering.impl.VoteData,
11210664,,indicator,,11210662
4893832,"""4,364931C2-D334-43AA-8D89-BF7FA62EAC83,0836001490919,SAKFRÅGAN""",,com.hack23.cia.model.external.riksdagen.votering.impl.VoteData,
4022834,"""1,72007F65-0099-4A46-987E-919F8F7966E6,0205071690103,SAKFRÅGAN""",,com.hack23.cia.model.external.riksdagen.votering.impl.VoteData,
8035832,654392,,com.hack23.cia.model.external.riksdagen.dokumentstatus.impl.DocumentDetailContainer,
1439250,,embeddedId,,1439249
7019394,"""1,F55BF9C1-630E-4D32-968B-D4CCAF56A531,0797352642914,SAKFRÅGAN""",,com.hack23.cia.model.external.riksdagen.votering.impl.VoteData,
3689064,"""1,B787DC78-6BC4-42C9-8CBE-DBC1393F7E6A,0256743155204,SAKFRÅGAN""",,com.hack23.cia.model.external.riksdagen.votering.impl.VoteData,
4170592,"""4,8F34860F-56B1-42C0-A6BF-69A125BC9782,0911916463828,SAKFRÅGAN""",,com.hack23.cia.model.external.riksdagen.votering.impl.VoteData,
1272990,,embeddedId,,1272989
3502469,,embeddedId,,3502468
7230247,"""gu02ub261""",,com.hack23.cia.model.external.riksdagen.dokumentlista.impl.DocumentElement,
7059128,,embeddedId,,7059125
8840980,"""GO02Ub814""",,com.hack23.cia.model.external.riksdagen.dokumentstatus.impl.DocumentData,
5030526,,embeddedId,,5030523
9457797,2005332,,com.hack23.cia.model.external.riksdagen.dokumentstatus.impl.DocumentProposalContainer,
1104912,,embeddedId,,1104911
2528724,,embeddedId,,2528722
10740331,2702875,,com.hack23.cia.model.external.worldbank.data.impl.WorldBankData,
1405251,"""7,F692A652-827B-40E9-930D-906AB20DFF63,0905254899611,SAKFRÅGAN""",,com.hack23.cia.model.external.riksdagen.votering.impl.VoteData,
10960329,2782018,,com.hack23.cia.model.external.worldbank.data.impl.WorldBankData,
6804161,,embeddedId,,6804159
1013252,"""10,D8189026-0AD0-4C7C-AD19-F17A24296A77,0962410717322,SAKFRÅGAN""",,com.hack23.cia.model.external.riksdagen.votering.impl.VoteData,
10761978,,country,,10761976
12598716,,embeddedId,,12598715
6499878,"""25,AA55ACE3-6695-4443-A9E8-CD1C2C2DD129,0910241260018,SAKFRÅGAN""",,com.hack23.cia.model.external.riksdagen.votering.impl.VoteData,
11733922,3077303,,com.hack23.cia.model.external.riksdagen.documentcontent.impl.DocumentContentData,
9818523,,indicator,,9818521
8586061,1177399,,com.hack23.cia.model.external.riksdagen.dokumentstatus.impl.DocumentDetailData,
5346745,,embeddedId,,5346744
10330300,2536374,,com.hack23.cia.model.external.worldbank.data.impl.WorldBankData,
156528,"""4,7630BCE6-FBE9-4181-92DA-7A90897E4B3D,0909948830718,SAKFRÅGAN""",,com.hack23.cia.model.external.riksdagen.votering.impl.VoteData,
8030188,649018,,com.hack23.cia.model.external.riksdagen.dokumentstatus.impl.DocumentPersonReferenceData,
11382088,,indicator,,11382086
4620413,,embeddedId,,4620412
4760999,"""2,47284468-443B-4BF1-9B7B-773A25A9A9C1,0992604658114,SAKFRÅGAN""",,com.hack23.cia.model.external.riksdagen.votering.impl.VoteData,
7648207,285788,,com.hack23.cia.model.external.riksdagen.dokumentstatus.impl.DocumentDetailData,
7793472,423873,,com.hack23.cia.model.external.riksdagen.documentcontent.impl.DocumentContentData,
635713,"""20,143C1CA6-29CE-4445-A6E3-5744BDD1384C,0291542732518,SAKFRÅGAN""",,com.hack23.cia.model.external.riksdagen.votering.impl.VoteData,
373848,,embeddedId,,373846
2512326,,embeddedId,,2512325
3179148,"""1,09592A43-17D0-4A60-B9F9-05D4CB28D54E,0946889218011,SAKFRÅGAN""",,com.hack23.cia.model.external.riksdagen.votering.impl.VoteData,
8695516,1281275,,com.hack23.cia.model.external.riksdagen.dokumentstatus.impl.DocumentReferenceData,
12061213,3378296,,com.hack23.cia.model.internal.application.data.rules.impl.RuleViolation,
8661437,1248950,,com.hack23.cia.model.external.riksdagen.dokumentstatus.impl.DocumentAttachmentContainer,
3635457,,embeddedId,,3635456
7696853,332224,,com.hack23.cia.model.external.riksdagen.dokumentstatus.impl.DocumentReferenceData,
8161381,773479,,com.hack23.cia.model.external.riksdagen.dokumentstatus.impl.DocumentPersonReferenceContainer,
10958961,,indicator,,10958959
2811897,"""2,E1A5B7B2-DDE5-4F46-AA0F-8A5210B5B2AC,0387358739126,SAKFRÅGAN""",,com.hack23.cia.model.external.riksdagen.votering.impl.VoteData,
968477,,embeddedId,,968476
9898112,,indicator,,9898109
8615572,1205464,,com.hack23.cia.model.external.riksdagen.dokumentstatus.impl.DocumentDetailData,
12720337,"""26,C77BA815-0695-40DC-8EBD-F2B11B32FC3F,0344222203323,SAKFRÅGAN""",,com.hack23.cia.model.external.riksdagen.votering.impl.VoteData,
10613294,,country,,10613293
2367447,,embeddedId,,2367445
668076,,embeddedId,,668075
4349056,,embeddedId,,4349054
9607940,2147643,,com.hack23.cia.model.external.riksdagen.dokumentstatus.impl.DocumentActivityData,
3774798,"""21,B606F46E-2884-477E-A6FC-F680308596FE,0494054455310,SAKFRÅGAN""",,com.hack23.cia.model.external.riksdagen.votering.impl.VoteData,
2803320,"""14,1A32EA84-F301-4B3A-8136-E5ED6BF6CFD8,0472335069513,SAKFRÅGAN""",,com.hack23.cia.model.external.riksdagen.votering.impl.VoteData,
1251972,"""1,807AF725-399D-4A95-A085-4DDF1CBFAF1C,0204494765606,SAKFRÅGAN""",,com.hack23.cia.model.external.riksdagen.votering.impl.VoteData,
5451814,,embeddedId,,5451813
5467464,"""6,DF293A75-0B4B-11D7-AEAC-000475505303,0499497337518,SAKFRÅGAN""",,com.hack23.cia.model.external.riksdagen.votering.impl.VoteData,
9346890,1899957,,com.hack23.cia.model.external.riksdagen.documentcontent.impl.DocumentContentData,
8689989,1276037,,com.hack23.cia.model.external.riksdagen.dokumentstatus.impl.DocumentDetailData,
11135763,,indicator,,11135761
5218270,,embeddedId,,5218269
4411101,,embeddedId,,4411100
9475396,2022045,,com.hack23.cia.model.external.riksdagen.dokumentstatus.impl.DocumentReferenceData,
11293060,2895237,,com.hack23.cia.model.external.worldbank.data.impl.WorldBankData,
9104140,1669165,,com.hack23.cia.model.external.riksdagen.dokumentstatus.impl.DocumentProposalData,
4173572,"""1,8BED3D85-663B-46C0-856A-7B34AB759613,0653904370212,SAKFRÅGAN""",,com.hack23.cia.model.external.riksdagen.votering.impl.VoteData,
408590,"""2,2815DBF8-E41D-4533-92EB-F1670FBA8A11,037561614928,SAKFRÅGAN""",,com.hack23.cia.model.external.riksdagen.votering.impl.VoteData,
10830160,,country,,10830158
5944433,,embeddedId,,5944432
6519702,,embeddedId,,6519700
2215123,"""5,3A31F174-88F3-4133-979C-91E0C7F4312E,089057453314,SAKFRÅGAN""",,com.hack23.cia.model.external.riksdagen.votering.impl.VoteData,
1432437,51008,,com.hack23.cia.model.external.riksdagen.person.impl.AssignmentData,
6146804,"""2,057BAEE0-23CE-4434-8AFE-4195A25F969B,0547805254924,SAKFRÅGAN""",,com.hack23.cia.model.external.riksdagen.votering.impl.VoteData,
4687690,,embeddedId,,4687689
12202365,,embeddedId,,12202364
3702972,"""2,5CAD1B50-F2B4-4AF4-81CD-31F0ABE8C9BA,0165360915617,SAKFRÅGAN""",,com.hack23.cia.model.external.riksdagen.votering.impl.VoteData,
6777681,,embeddedId,,6777680
4415676,"""6,93A8976A-071D-4FBF-B70A-7AF273849349,0475643059428,SAKFRÅGAN""",,com.hack23.cia.model.external.riksdagen.votering.impl.VoteData,
5334657,,embeddedId,,5334656
8992281,1562804,,com.hack23.cia.model.external.riksdagen.dokumentstatus.impl.DocumentDetailData,
1011756,"""2,D6A3C4AA-0156-4CF5-9C5C-AAD1813C5F66,0781623040415,SAKFRÅGAN""",,com.hack23.cia.model.external.riksdagen.votering.impl.VoteData,
7637839,275999,,com.hack23.cia.model.external.riksdagen.dokumentstatus.impl.DocumentProposalContainer,
4402464,"""5,981EDC01-2267-4DAA-98F6-994AA648C050,0743231788202,SAKFRÅGAN""",,com.hack23.cia.model.external.riksdagen.votering.impl.VoteData,
12799221,,country,,12799216
5987623,,embeddedId,,5987621
9321551,1875941,,com.hack23.cia.model.external.riksdagen.dokumentstatus.impl.DocumentDetailData,
5912230,,embeddedId,,5912229
5306555,,embeddedId,,5306553
12046617,3367652,,com.hack23.cia.model.internal.application.data.rules.impl.RuleViolation,
2522614,,embeddedId,,2522612
11634553,3011274,,com.hack23.cia.model.external.worldbank.data.impl.WorldBankData,
3425796,,embeddedId,,3425794
10472822,2593803,,com.hack23.cia.model.external.worldbank.data.impl.WorldBankData,
7843758,471708,,com.hack23.cia.model.external.riksdagen.dokumentstatus.impl.DocumentProposalContainer,
6827941,"""4,0D49364F-0B6B-44D5-B1A5-A102B5F23ED4,0415959965211,SAKFRÅGAN""",,com.hack23.cia.model.external.riksdagen.votering.impl.VoteData,
3088443,,embeddedId,,3088442
10964286,2783377,,com.hack23.cia.model.external.worldbank.data.impl.WorldBankData,
3644774,"""2,3567318C-3DC4-11D7-AE95-0004755030A2,0327857385513,SAKFRÅGAN""",,com.hack23.cia.model.external.riksdagen.votering.impl.VoteData,
4301503,"""1,C39D5D2E-01C3-45BE-9E6A-9840034A3115,0773497241728,SAKFRÅGAN""",,com.hack23.cia.model.external.riksdagen.votering.impl.VoteData,
4402593,,embeddedId,,4402592
1083245,"""2,47C29335-C361-41BF-A612-2EE563926C80,0204443909416,SAKFRÅGAN""",,com.hack23.cia.model.external.riksdagen.votering.impl.VoteData,
3471808,,embeddedId,,3471805
3609131,,embeddedId,,3609129
10232739,2495528,,com.hack23.cia.model.external.worldbank.data.impl.WorldBankData,
268642,"""4,5B9FA7BA-3D3F-4762-894B-BEB2ADF3BB19,0871764071911,SAKFRÅGAN""",,com.hack23.cia.model.external.riksdagen.votering.impl.VoteData,
12091320,,embeddedId,,12091319
1660452,"""4,13FC72E1-5A18-4D05-8963-C61D7AE8BA7A,0274462857213,SAKFRÅGAN""",,com.hack23.cia.model.external.riksdagen.votering.impl.VoteData,
2107765,"""10,C0E63689-0B82-4586-8F09-27D2F2E7B7B5,028536711718,SAKFRÅGAN""",,com.hack23.cia.model.external.riksdagen.votering.impl.VoteData,
8618999,"""HA02413""",,com.hack23.cia.model.external.riksdagen.dokumentstatus.impl.DocumentData,
6552367,,embeddedId,,6552366
8023276,642457,,com.hack23.cia.model.external.riksdagen.dokumentstatus.impl.DocumentActivityData,
2773490,"""1,461F21EB-1180-4A0E-9A9A-784B37C19BC5,0641486384014,SAKFRÅGAN""",,com.hack23.cia.model.external.riksdagen.votering.impl.VoteData,
3809921,,embeddedId,,3809919
6718303,,embeddedId,,6718301
7746054,378831,,com.hack23.cia.model.external.riksdagen.dokumentstatus.impl.DocumentDetailData,
10908320,2762847,,com.hack23.cia.model.external.worldbank.data.impl.WorldBankData,
6055111,,embeddedId,,6055110
863590,,embeddedId,,863589
4848170,,embeddedId,,4848167
10329798,2536183,,com.hack23.cia.model.external.worldbank.data.impl.WorldBankData,
3398652,"""1,3AF5CE63-C836-4C3E-8D46-94E84D0893FE,0996403729104,SAKFRÅGAN""",,com.hack23.cia.model.external.riksdagen.votering.impl.VoteData,
2237698,"""1,3B10EDE7-7013-4061-845A-29F44C4291D0,0369028728526,SAKFRÅGAN""",,com.hack23.cia.model.external.riksdagen.votering.impl.VoteData,
10589106,,indicator,,10589104
1951567,"""9,334863B3-4A38-11D7-AE71-006008577F08,0708483204009,SAKFRÅGAN""",,com.hack23.cia.model.external.riksdagen.votering.impl.VoteData,
7646663,284362,,com.hack23.cia.model.external.riksdagen.dokumentstatus.impl.DocumentDetailData,
1774184,,embeddedId,,1774183
3685426,"""3,31953161-B693-48E2-AAA1-4528482CA8ED,072019517020,SAKFRÅGAN""",,com.hack23.cia.model.external.riksdagen.votering.impl.VoteData,
6589598,"""14,4846D178-48FB-4609-BA30-D45659775B48,0747852417614,SAKFRÅGAN""",,com.hack23.cia.model.external.riksdagen.votering.impl.VoteData,
8552259,1145253,,com.hack23.cia.model.external.riksdagen.dokumentstatus.impl.DocumentAttachment,
502973,,embeddedId,,502972
7865496,492408,,com.hack23.cia.model.external.riksdagen.dokumentstatus.impl.DocumentActivityData,
10825092,2734525,,com.hack23.cia.model.external.worldbank.data.impl.WorldBankData,
4644994,"""14,2A84735D-6101-11D7-AECA-000475504780,0111536149811,SAKFRÅGAN""",,com.hack23.cia.model.external.riksdagen.votering.impl.VoteData,
4512161,,embeddedId,,4512160
2884589,"""1,D8177C6B-48FB-4238-8F8F-4998770459DE,0523880046118,SAKFRÅGAN""",,com.hack23.cia.model.external.riksdagen.votering.impl.VoteData,
8144036,757053,,com.hack23.cia.model.external.riksdagen.dokumentstatus.impl.DocumentStatusContainer,
12338046,"""6,AC8098DA-0829-49AA-B4D4-73E33ABBD428,0274462857213,SAKFRÅGAN""",,com.hack23.cia.model.external.riksdagen.votering.impl.VoteData,
11898254,3232693,,com.hack23.cia.model.external.riksdagen.dokumentstatus.impl.DocumentProposalData,
5174430,"""104,1BF7A532-B281-4F36-A1F6-CEF7F0EACD7E,0166402877505,SAKFRÅGAN""",,com.hack23.cia.model.external.riksdagen.votering.impl.VoteData,
10998233,2794932,,com.hack23.cia.model.external.worldbank.data.impl.WorldBankData,
6888015,,embeddedId,,6888014
8740344,1323771,,com.hack23.cia.model.external.riksdagen.dokumentstatus.impl.DocumentActivityData,
4666395,,embeddedId,,4666394
226552,"""5,2A1617B4-1BD2-43D2-BCF5-FB193E31FFCE,0540190357911,SAKFRÅGAN""",,com.hack23.cia.model.external.riksdagen.votering.impl.VoteData,
2926583,"""10,241B024E-9117-11D7-AE44-000475503116,0957631371811,SAKFRÅGAN""",,com.hack23.cia.model.external.riksdagen.votering.impl.VoteData,
9796004,,country,,9796002
3021280,,embeddedId,,3021279
12757353,,embeddedId,,12757352
7846599,474427,,com.hack23.cia.model.external.riksdagen.dokumentstatus.impl.DocumentReferenceData,
3794573,,embeddedId,,3794572
6039412,"""4,B7055A15-86F7-462F-82F8-CD24599F69B6,0992420223820,SAKFRÅGAN""",,com.hack23.cia.model.external.riksdagen.votering.impl.VoteData,
11495647,,indicator,,11495645
8879329,1455505,,com.hack23.cia.model.external.riksdagen.dokumentstatus.impl.DocumentActivityData,
10136716,,country,,10136715
6004424,"""1,434F8E13-5316-4F77-838D-6110936A5CDE,0227531635413,SAKFRÅGAN""",,com.hack23.cia.model.external.riksdagen.votering.impl.VoteData,
6191550,"""11,5129F7ED-DCB5-402C-9362-55A68114CCF8,0284604377408,SAKFRÅGAN""",,com.hack23.cia.model.external.riksdagen.votering.impl.VoteData,
7979008,600382,,com.hack23.cia.model.external.riksdagen.dokumentstatus.impl.DocumentDetailData,
9566169,2108016,,com.hack23.cia.model.external.riksdagen.dokumentstatus.impl.DocumentPersonReferenceData,
6899398,,embeddedId,,6899396
7820014,449125,,com.hack23.cia.model.external.riksdagen.dokumentstatus.impl.DocumentDetailData,
7369825,"""h7111531""",,com.hack23.cia.model.external.riksdagen.dokumentlista.impl.DocumentElement,
6309324,"""3,8DB9A5B1-6C3E-40C7-919A-3364663BCF77,0793372891224,SAKFRÅGAN""",,com.hack23.cia.model.external.riksdagen.votering.impl.VoteData,
67773,,embeddedId,,67772
12604655,"""4,C91095C6-C964-4EF7-BE86-0D76EABC3DA5,0721509806321,SAKFRÅGAN""",,com.hack23.cia.model.external.riksdagen.votering.impl.VoteData,
1942594,,embeddedId,,1942593
1596681,,embeddedId,,1596680
492610,,embeddedId,,492609
11092730,,indicator,,11092728
9123997,1688015,,com.hack23.cia.model.external.riksdagen.dokumentstatus.impl.DocumentStatusContainer,
9727718,2261095,,com.hack23.cia.model.external.riksdagen.documentcontent.impl.DocumentContentData,
12090278,"""12,C966C936-6E0A-4EBD-9BCE-F2E31922AA9C,0360160202728,SAKFRÅGAN""",,com.hack23.cia.model.external.riksdagen.votering.impl.VoteData,
4079430,"""16,25152F90-C3A9-4FD7-A90E-91A06B0CA618,0731809135516,SAKFRÅGAN""",,com.hack23.cia.model.external.riksdagen.votering.impl.VoteData,
12678663,"""2,9E92F1DF-7845-4DEF-9D37-1F0D0D2E759E,0810201628512,SAKFRÅGAN""",,com.hack23.cia.model.external.riksdagen.votering.impl.VoteData,
10847157,2742010,,com.hack23.cia.model.external.worldbank.data.impl.WorldBankData,
9229230,"""GT02Kr414""",,com.hack23.cia.model.external.riksdagen.dokumentstatus.impl.DocumentData,
529386,"""1,0367C26A-E26D-46E4-917F-59952D30ADC7,023451344303,SAKFRÅGAN""",,com.hack23.cia.model.external.riksdagen.votering.impl.VoteData,
10735954,,indicator,,10735952
844568,"""6,ED5248B0-7CE3-4C0F-9359-33CE6E91880C,0685749336810,SAKFRÅGAN""",,com.hack23.cia.model.external.riksdagen.votering.impl.VoteData,
10502931,,indicator,,10502929
9771650,,country,,9771648
8962179,1534169,,com.hack23.cia.model.external.riksdagen.dokumentstatus.impl.DocumentDetailData,
11802223,3137314,,com.hack23.cia.model.external.riksdagen.utskottsforslag.impl.CommitteeProposalData,
674632,,embeddedId,,674630
1780655,"""5,55C8D4E7-4BE2-42E0-B1C3-9F8AB56AF19A,0720249554818,SAKFRÅGAN""",,com.hack23.cia.model.external.riksdagen.votering.impl.VoteData,
6129607,,embeddedId,,6129606
11931309,3264421,,com.hack23.cia.model.external.riksdagen.dokumentstatus.impl.DocumentDetailContainer,
8123479,,source,,8123473
7574377,215728,,com.hack23.cia.model.external.riksdagen.dokumentstatus.impl.DocumentReferenceData,
10413618,,country,,10413616
3325199,"""1,43660F70-2A99-402D-AE39-40EBA29A7324,0747852417614,SAKFRÅGAN""",,com.hack23.cia.model.external.riksdagen.votering.impl.VoteData,
6085114,"""1,4DB536E3-C541-44C3-9D9F-B7A41280ACD8,0462699892622,SAKFRÅGAN""",,com.hack23.cia.model.external.riksdagen.votering.impl.VoteData,
3084473,"""1,01797F8E-B810-4293-9F8E-8299070ED590,0161972600410,SAKFRÅGAN""",,com.hack23.cia.model.external.riksdagen.votering.impl.VoteData,
7460585,107732,,com.hack23.cia.model.external.riksdagen.dokumentstatus.impl.DocumentStatusContainer,
10231523,,country,,10231521
2548591,"""2,7C39CD95-8ACB-4804-A32B-DDBC2DE7877C,0983984918111,SAKFRÅGAN""",,com.hack23.cia.model.external.riksdagen.votering.impl.VoteData,
819762,"""6,4E81B45F-EC37-4087-9D44-4F8A0888D401,0262017901513,SAKFRÅGAN""",,com.hack23.cia.model.external.riksdagen.votering.impl.VoteData,
1000547,"""5,63F76E7F-9EDF-48C9-9175-70AD9BA0224B,0843345349823,SAKFRÅGAN""",,com.hack23.cia.model.external.riksdagen.votering.impl.VoteData,
145701,"""9,CB3CF2DA-981D-4FC8-AD7D-4E7A5EFAAC1F,0126797549328,SAKFRÅGAN""",,com.hack23.cia.model.external.riksdagen.votering.impl.VoteData,
12618399,,embeddedId,,12618398
11596826,,indicator,,11596825
8067272,684212,,com.hack23.cia.model.external.riksdagen.dokumentstatus.impl.DocumentDetailContainer,
9741424,2273431,,com.hack23.cia.model.external.riksdagen.documentcontent.impl.DocumentContentData,
2318387,"""1,ED573D38-EAD1-475B-9AF7-937267828018,0933424396309,SAKFRÅGAN""",,com.hack23.cia.model.external.riksdagen.votering.impl.VoteData,
5741258,"""4,272B4506-4E1F-4913-9AB7-B857A7F5586A,0285631067215,SAKFRÅGAN""",,com.hack23.cia.model.external.riksdagen.votering.impl.VoteData,
12562760,,embeddedId,,12562759
9187913,1748868,,com.hack23.cia.model.external.riksdagen.dokumentstatus.impl.DocumentActivityData,
5770813,,embeddedId,,5770812
6415131,,embeddedId,,6415130
7486182,"""H002Sk431""",,com.hack23.cia.model.external.riksdagen.dokumentstatus.impl.DocumentData,
7371640,"""h8123108""",,com.hack23.cia.model.external.riksdagen.dokumentlista.impl.DocumentElement,
450627,"""1,CCE2035F-111C-40FD-AAA5-5DD7DB6086E9,0161597857912,SAKFRÅGAN""",,com.hack23.cia.model.external.riksdagen.votering.impl.VoteData,
4443029,,embeddedId,,4443028
11363708,,country,,11363706
2022226,,embeddedId,,2022225
4745315,,embeddedId,,4745314
1102691,"""7,CDBAD471-E75C-4EBD-901A-7EC253FD4E43,0552248175312,SAKFRÅGAN""",,com.hack23.cia.model.external.riksdagen.votering.impl.VoteData,
4298883,"""7,2AD3D5CB-0453-4F8F-8B83-A75905001C2C,0495218011521,SAKFRÅGAN""",,com.hack23.cia.model.external.riksdagen.votering.impl.VoteData,
11385106,2926507,,com.hack23.cia.model.external.riksdagen.documentcontent.impl.DocumentContentData,
11766123,3106438,,com.hack23.cia.model.external.riksdagen.documentcontent.impl.DocumentContentData,
4432409,,embeddedId,,4432408
3352727,,embeddedId,,3352725
9028038,1596758,,com.hack23.cia.model.external.riksdagen.dokumentstatus.impl.DocumentAttachment,
8303466,908550,,com.hack23.cia.model.external.riksdagen.dokumentstatus.impl.DocumentDetailData,
5656892,"""3,6B7A7D20-4F60-49E8-8680-8A3A36F3BC91,0475778011711,SAKFRÅGAN""",,com.hack23.cia.model.external.riksdagen.votering.impl.VoteData,
1901066,"""1,8D155715-F031-499A-A255-F89CA0A88A72,0128805841317,SAKFRÅGAN""",,com.hack23.cia.model.external.riksdagen.votering.impl.VoteData,
1589392,"""32,F912D617-A303-421D-84E9-2882B41A0599,0903307301618,SAKFRÅGAN""",,com.hack23.cia.model.external.riksdagen.votering.impl.VoteData,
11868487,3203536,,com.hack23.cia.model.external.riksdagen.documentcontent.impl.DocumentContentData,
1450193,"""19,EEB86D2A-DB00-44D7-8CD8-0EC1371A475C,0228167770927,SAKFRÅGAN""",,com.hack23.cia.model.external.riksdagen.votering.impl.VoteData,
3115812,,embeddedId,,3115811
10289853,,country,,10289852
1897726,,embeddedId,,1897725
5903006,"""2,18D66F1A-57F0-41E8-B911-5346E23DB62F,0409655917321,SAKFRÅGAN""",,com.hack23.cia.model.external.riksdagen.votering.impl.VoteData,
3762839,,embeddedId,,3762838
9403038,1953384,,com.hack23.cia.model.external.riksdagen.dokumentstatus.impl.DocumentStatusContainer,
4638458,"""3,E06E582C-73DD-4B92-A42E-9306B8495B61,0228027853620,SAKFRÅGAN""",,com.hack23.cia.model.external.riksdagen.votering.impl.VoteData,
3703553,"""2,5CAD1B50-F2B4-4AF4-81CD-31F0ABE8C9BA,0959102638818,SAKFRÅGAN""",,com.hack23.cia.model.external.riksdagen.votering.impl.VoteData,
3494718,"""3,330D4692-0B14-4A0E-AD4D-032CDBF4B0CC,0836001490919,SAKFRÅGAN""",,com.hack23.cia.model.external.riksdagen.votering.impl.VoteData,
9949077,,country,,9949075
5531680,"""13,9D5387AF-4431-434C-9D4F-3AADC5859428,0895706637124,SAKFRÅGAN""",,com.hack23.cia.model.external.riksdagen.votering.impl.VoteData,
11424383,,indicator,,11424382
8542553,1136002,,com.hack23.cia.model.external.riksdagen.dokumentstatus.impl.DocumentPersonReferenceData,
1720569,,embeddedId,,1720568
9330509,1884425,,com.hack23.cia.model.external.riksdagen.dokumentstatus.impl.DocumentDetailData,
7091323,,embeddedId,,7091322
5549058,,embeddedId,,5549056
4774041,,embeddedId,,4774040
3005911,"""1,67A5FDAD-BCAA-497D-9F2B-462868535DF5,0993294767708,SAKFRÅGAN""",,com.hack23.cia.model.external.riksdagen.votering.impl.VoteData,
4589219,,embeddedId,,4589218
4647356,"""8,AE1AFA7D-770D-47CC-8246-277C7CCAE571,0418929039326,SAKFRÅGAN""",,com.hack23.cia.model.external.riksdagen.votering.impl.VoteData,
8406126,1006132,,com.hack23.cia.model.external.riksdagen.dokumentstatus.impl.DocumentReferenceData,
12662837,,embeddedId,,12662836
3897073,,embeddedId,,3897072
7260604,"""gw02k353""",,com.hack23.cia.model.external.riksdagen.dokumentlista.impl.DocumentElement,
12555941,"""7,C08B9D77-17DC-4228-9B14-4FD896FDB1FC,023767922422,SAKFRÅGAN""",,com.hack23.cia.model.external.riksdagen.votering.impl.VoteData,
10859279,2746148,,com.hack23.cia.model.external.worldbank.data.impl.WorldBankData,
6280258,"""2,47B0CFAA-73D6-43D7-A9B2-BDBDFADBAF4B,0760437424714,SAKFRÅGAN""",,com.hack23.cia.model.external.riksdagen.votering.impl.VoteData,
10137541,2454510,,com.hack23.cia.model.external.worldbank.data.impl.WorldBankData,
12710599,"""1,BA41965A-1720-49BF-9158-D7122DE35341,0783069490115,SAKFRÅGAN""",,com.hack23.cia.model.external.riksdagen.votering.impl.VoteData,
5909771,,embeddedId,,5909770
6780182,"""14,126AC678-6E52-48E6-8EC3-B8C6E9465248,0115607185214,SAKFRÅGAN""",,com.hack23.cia.model.external.riksdagen.votering.impl.VoteData,
8868424,1445197,,com.hack23.cia.model.external.riksdagen.dokumentstatus.impl.DocumentPersonReferenceData,
617158,,embeddedId,,617157
9296715,1852365,,com.hack23.cia.model.external.riksdagen.dokumentstatus.impl.DocumentReferenceData,
9939769,2372631,,com.hack23.cia.model.external.worldbank.data.impl.WorldBankData,
796918,"""2,0CC12225-3D15-41D6-82DA-6DCF9C9126F1,0114769874810,SAKFRÅGAN""",,com.hack23.cia.model.external.riksdagen.votering.impl.VoteData,
11068413,,country,,11068411
6325536,"""10,FF4BD881-463F-4A03-8F90-8CB0ABEFCFD8,0801311569314,SAKFRÅGAN""",,com.hack23.cia.model.external.riksdagen.votering.impl.VoteData,
3577550,"""10,68082C5A-2D2A-4533-9EB1-541BB967184B,0338088431726,SAKFRÅGAN""",,com.hack23.cia.model.external.riksdagen.votering.impl.VoteData,
12074771,,indicator,,12074769
8237034,845446,,com.hack23.cia.model.external.riksdagen.dokumentstatus.impl.DocumentDetailData,
10684913,2679495,,com.hack23.cia.model.external.worldbank.data.impl.WorldBankData,
5019572,"""18,356E9F49-19D3-4354-9785-5B5E904204C9,0238588409223,SAKFRÅGAN""",,com.hack23.cia.model.external.riksdagen.votering.impl.VoteData,
1237760,,embeddedId,,1237759
7496281,141478,,com.hack23.cia.model.external.riksdagen.dokumentstatus.impl.DocumentDetailData,
2998720,,embeddedId,,2998719
1887175,"""8,8A4D9654-51AA-41C4-9AA2-A34A8435E25B,0781029778411,SAKFRÅGAN""",,com.hack23.cia.model.external.riksdagen.votering.impl.VoteData,
11284234,2892233,,com.hack23.cia.model.external.worldbank.data.impl.WorldBankData,
546128,,embeddedId,,546127
2523914,,embeddedId,,2523913
9678662,2214717,,com.hack23.cia.model.external.riksdagen.dokumentstatus.impl.DocumentDetailData,
3708004,"""1,C989DD6C-90CE-4BA2-AEED-1E89DFF26CB1,0682989845822,SAKFRÅGAN""",,com.hack23.cia.model.external.riksdagen.votering.impl.VoteData,
2811697,"""2,E1A5B7B2-DDE5-4F46-AA0F-8A5210B5B2AC,0779781772919,SAKFRÅGAN""",,com.hack23.cia.model.external.riksdagen.votering.impl.VoteData,
4659998,"""3,3D0A5A59-7E56-45EF-BA23-C119337C0F7F,0284192765516,SAKFRÅGAN""",,com.hack23.cia.model.external.riksdagen.votering.impl.VoteData,
514913,,embeddedId,,514912
454932,,embeddedId,,454931
6794513,,embeddedId,,6794512
2555449,,embeddedId,,2555447
12289543,,embeddedId,,12289542
8489622,1085675,,com.hack23.cia.model.external.riksdagen.dokumentstatus.impl.DocumentPersonReferenceContainer,
9233513,1792152,,com.hack23.cia.model.external.riksdagen.dokumentstatus.impl.DocumentDetailContainer,
9453065,2000807,,com.hack23.cia.model.external.riksdagen.dokumentstatus.impl.DocumentActivityData,
4717834,"""8,C3B4812F-B3D6-4979-98E5-1B7DA3AB7D37,0976656359110,SAKFRÅGAN""",,com.hack23.cia.model.external.riksdagen.votering.impl.VoteData,
8719386,1303893,,com.hack23.cia.model.external.riksdagen.dokumentstatus.impl.DocumentProposalContainer,
1853185,,embeddedId,,1853183
10078909,,indicator,,10078908
10536947,,country,,10536946
12238454,,embeddedId,,12238453
8908431,1483084,,com.hack23.cia.model.external.riksdagen.dokumentstatus.impl.DocumentPersonReferenceData,
9901077,2356261,,com.hack23.cia.model.external.worldbank.data.impl.WorldBankData,
10112293,2443996,,com.hack23.cia.model.external.worldbank.data.impl.WorldBankData,
10236817,,country,,10236816
2346288,,embeddedId,,2346287
4272144,,embeddedId,,4272143
5582306,"""1,3F163A96-2CA5-4E40-B542-9CBA2F30D34D,0824721092613,SAKFRÅGAN""",,com.hack23.cia.model.external.riksdagen.votering.impl.VoteData,
9857587,2338906,,com.hack23.cia.model.external.worldbank.data.impl.WorldBankData,
9704480,2239146,,com.hack23.cia.model.external.riksdagen.dokumentstatus.impl.DocumentActivityContainer,
12091047,,embeddedId,,12091046
11954436,3286421,,com.hack23.cia.model.external.riksdagen.dokumentstatus.impl.DocumentDetailData,
1816259,"""1,32D572F0-9CDD-4827-B47E-671DFDE0B5A1,0194498232620,MOTIVFRÅGAN""",,com.hack23.cia.model.external.riksdagen.votering.impl.VoteData,
11784167,3123265,,com.hack23.cia.model.external.riksdagen.dokumentstatus.impl.DocumentStatusContainer,
3807055,"""8,3D5DF0ED-F5E4-4CB0-B6ED-19F305D942FD,0455086201022,SAKFRÅGAN""",,com.hack23.cia.model.external.riksdagen.votering.impl.VoteData,
87536,,embeddedId,,87535
1722893,,embeddedId,,1722892
10023443,,country,,10023442
2481638,"""1,FCD11F0D-C8DD-4DAF-8811-3CFA7E0DD2DE,0720249554818,SAKFRÅGAN""",,com.hack23.cia.model.external.riksdagen.votering.impl.VoteData,
7762475,394427,,com.hack23.cia.model.external.riksdagen.dokumentstatus.impl.DocumentActivityContainer,
8789730,1370579,,com.hack23.cia.model.external.riksdagen.dokumentstatus.impl.DocumentAttachmentContainer,
915845,"""2,D2C7F1F7-5873-413F-ABBB-EB7129B862F4,0872978640827,SAKFRÅGAN""",,com.hack23.cia.model.external.riksdagen.votering.impl.VoteData,
7755851,388147,,com.hack23.cia.model.external.riksdagen.dokumentstatus.impl.DocumentProposalContainer,
521408,"""74,E19C4CD6-DE28-4372-8B57-EF23B510920E,0910241260018,SAKFRÅGAN""",,com.hack23.cia.model.external.riksdagen.votering.impl.VoteData,
9875946,,country,,9875944
10278211,2514714,,com.hack23.cia.model.external.worldbank.data.impl.WorldBankData,
8485715,1081957,,com.hack23.cia.model.external.riksdagen.dokumentstatus.impl.DocumentPersonReferenceData,
12408099,,embeddedId,,12408097
11884305,3219191,,com.hack23.cia.model.external.riksdagen.dokumentstatus.impl.DocumentReferenceContainer,
7796740,"""GY03123""",,com.hack23.cia.model.external.riksdagen.dokumentstatus.impl.DocumentData,
5176828,"""8,4DBDF29E-CE9B-406C-8AB1-4CB42CF0EAAF,0959102638818,SAKFRÅGAN""",,com.hack23.cia.model.external.riksdagen.votering.impl.VoteData,
2234163,,embeddedId,,2234162
7822502,451504,,com.hack23.cia.model.external.riksdagen.dokumentstatus.impl.DocumentActivityData,
4704254,"""4,F7B72619-E6C1-4B21-A24E-90690BAC3962,0229350341619,SAKFRÅGAN""",,com.hack23.cia.model.external.riksdagen.votering.impl.VoteData,
586062,,embeddedId,,586061
2137092,,embeddedId,,2137089
2669348,,embeddedId,,2669347
12618485,,embeddedId,,12618484
7629232,267840,,com.hack23.cia.model.external.riksdagen.dokumentstatus.impl.DocumentDetailContainer,
8176737,788114,,com.hack23.cia.model.external.riksdagen.dokumentstatus.impl.DocumentProposalData,
11680603,3029198,,com.hack23.cia.model.external.worldbank.indicators.impl.Topics,
2507055,,embeddedId,,2507054
8553809,1146744,,com.hack23.cia.model.external.riksdagen.dokumentstatus.impl.DocumentPersonReferenceData,
1602432,"""1,BDCEBFE1-F306-4826-8B30-9EA1DF4B899B,0661283223209,SAKFRÅGAN""",,com.hack23.cia.model.external.riksdagen.votering.impl.VoteData,
10365844,2550778,,com.hack23.cia.model.external.worldbank.data.impl.WorldBankData,
5909258,"""50,DE1896B3-87D4-40FC-B683-7118FA4B1E2A,0956595590924,SAKFRÅGAN""",,com.hack23.cia.model.external.riksdagen.votering.impl.VoteData,
339132,,embeddedId,,339131
4244495,,embeddedId,,4244493
4143265,,embeddedId,,4143264
220363,,embeddedId,,220362
754849,,embeddedId,,754848
11057631,2815126,,com.hack23.cia.model.external.worldbank.data.impl.WorldBankData,
1259774,"""10,8B2BE409-6A5A-4F23-9C53-8CA3C0A8F7BB,0283009944701,SAKFRÅGAN""",,com.hack23.cia.model.external.riksdagen.votering.impl.VoteData,
10270673,2511765,,com.hack23.cia.model.external.worldbank.data.impl.WorldBankData,
8883143,1459153,,com.hack23.cia.model.external.riksdagen.dokumentstatus.impl.DocumentAttachment,
9265326,1822410,,com.hack23.cia.model.external.riksdagen.dokumentstatus.impl.DocumentPersonReferenceData,
6636029,,embeddedId,,6636026
4856415,,embeddedId,,4856414
2024705,"""1,32FDCC3D-C661-415C-8091-C6FA266F7E8F,0853395328224,SAKFRÅGAN""",,com.hack23.cia.model.external.riksdagen.votering.impl.VoteData,
8651930,1239948,,com.hack23.cia.model.external.riksdagen.documentcontent.impl.DocumentContentData,
1599318,"""2,91ACC47C-8208-489C-8577-D083B1BECEB8,0155487380917,SAKFRÅGAN""",,com.hack23.cia.model.external.riksdagen.votering.impl.VoteData,
3420015,"""8,E78D9994-E4B2-47FC-B7E4-687F05F1F8DF,0186426023519,SAKFRÅGAN""",,com.hack23.cia.model.external.riksdagen.votering.impl.VoteData,
977903,,embeddedId,,977902
894553,,embeddedId,,894552
10196337,2480085,,com.hack23.cia.model.external.riksdagen.utskottsforslag.impl.AgainstProposalData,
3628782,"""3,37889453-CD31-4594-BEDD-501D8BCABF5E,0732677378827,SAKFRÅGAN""",,com.hack23.cia.model.external.riksdagen.votering.impl.VoteData,
11078906,,indicator,,11078904
4914043,,embeddedId,,4914042
3209301,"""18,2DC4DC7B-F7B1-47AF-BAD1-A1BB2D36CDB7,0673622610409,SAKFRÅGAN""",,com.hack23.cia.model.external.riksdagen.votering.impl.VoteData,
1636712,,embeddedId,,1636710
12462910,"""5,AC06314D-9A09-45A9-BFF0-CAEE64A1D92F,0764949934324,SAKFRÅGAN""",,com.hack23.cia.model.external.riksdagen.votering.impl.VoteData,
6963202,"""1,9EE3C57A-CC3F-491C-883B-1C93A9174C6B,0617957067613,SAKFRÅGAN""",,com.hack23.cia.model.external.riksdagen.votering.impl.VoteData,
3602086,"""9,DEDCF434-0080-492B-BC06-D415A9FBB12E,0831039938224,SAKFRÅGAN""",,com.hack23.cia.model.external.riksdagen.votering.impl.VoteData,
11038550,,country,,11038549
4742455,,embeddedId,,4742454
2411071,"""1,8AE9B579-EE68-4FEE-9C17-F5F8F43BFAC7,0463606088610,SAKFRÅGAN""",,com.hack23.cia.model.external.riksdagen.votering.impl.VoteData,
530257,,embeddedId,,530256
8187263,798111,,com.hack23.cia.model.external.riksdagen.dokumentstatus.impl.DocumentProposalContainer,
4870812,"""1,4F9F764F-43C1-41C3-96DA-B31D36EBB940,0538387395826,SAKFRÅGAN""",,com.hack23.cia.model.external.riksdagen.votering.impl.VoteData,
8792136,1372843,,com.hack23.cia.model.external.riksdagen.dokumentstatus.impl.DocumentActivityData,
2570455,"""41,B1F6CE63-08EE-11D7-AE34-000475504C4C,0395042560705,SAKFRÅGAN""",,com.hack23.cia.model.external.riksdagen.votering.impl.VoteData,
4640179,"""6,80E5BB03-4590-4311-B1FC-0E05C5A8C333,0205360448417,SAKFRÅGAN""",,com.hack23.cia.model.external.riksdagen.votering.impl.VoteData,
7459100,"""H502997""",,com.hack23.cia.model.external.riksdagen.dokumentstatus.impl.DocumentData,
3207391,,embeddedId,,3207390
6454969,,embeddedId,,6454968
5674185,"""7,A9FCF281-1477-40D6-AC0A-5139C417BD84,0538982776628,SAKFRÅGAN""",,com.hack23.cia.model.external.riksdagen.votering.impl.VoteData,
7567640,209299,,com.hack23.cia.model.external.riksdagen.dokumentstatus.impl.DocumentProposalData,
7073544,"""5,6C5A95B0-E2E8-4A9F-A99D-791E8F80909E,0455256796113,SAKFRÅGAN""",,com.hack23.cia.model.external.riksdagen.votering.impl.VoteData,
6159788,"""4,CA42EE77-1000-4DF1-BCFA-5AD8471B6EC4,0909948830718,SAKFRÅGAN""",,com.hack23.cia.model.external.riksdagen.votering.impl.VoteData,
6267615,,embeddedId,,6267614
8745580,1328696,,com.hack23.cia.model.external.riksdagen.dokumentstatus.impl.DocumentStatusContainer,
3688762,,embeddedId,,3688761
2082451,"""1,F70DA771-A740-48E6-940E-DF9894DE3C7A,0136310791918,SAKFRÅGAN""",,com.hack23.cia.model.external.riksdagen.votering.impl.VoteData,
3074541,"""2,69FFD4E1-E06C-4883-8F50-E0AFBF8362DD,0409655917321,SAKFRÅGAN""",,com.hack23.cia.model.external.riksdagen.votering.impl.VoteData,
3941067,,embeddedId,,3941066
7244149,"""gw02sk7""",,com.hack23.cia.model.external.riksdagen.dokumentlista.impl.DocumentElement,
10381353,,indicator,,10381351
1401295,"""8,B010898D-0845-403D-9E1B-46D3D25C9161,0916608741910,SAKFRÅGAN""",,com.hack23.cia.model.external.riksdagen.votering.impl.VoteData,
5322014,"""3,559C7BE2-DADD-4CE1-BC3D-2A3F91D53030,0977281927618,SAKFRÅGAN""",,com.hack23.cia.model.external.riksdagen.votering.impl.VoteData,
9425243,1974501,,com.hack23.cia.model.external.riksdagen.dokumentstatus.impl.DocumentActivityData,
8671488,1258512,,com.hack23.cia.model.external.riksdagen.dokumentstatus.impl.DocumentAttachment,
3309961,"""2,0E78CE9A-6F82-436D-9500-7B443B19A2DB,0554852839719,SAKFRÅGAN""",,com.hack23.cia.model.external.riksdagen.votering.impl.VoteData,
4074804,"""5,4D6268A8-A4D7-4300-B868-226EEA083741,0764949934324,SAKFRÅGAN""",,com.hack23.cia.model.external.riksdagen.votering.impl.VoteData,
12388403,1032370,,com.hack23.cia.model.external.worldbank.data.impl.WorldBankData,
4699637,"""4,3EEF6FE8-BB9D-4E4C-B44E-248856B10A10,0447198048312,SAKFRÅGAN""",,com.hack23.cia.model.external.riksdagen.votering.impl.VoteData,
10537212,2619171,,com.hack23.cia.model.external.riksdagen.utskottsforslag.impl.CommitteeProposalContainer,
5306151,,embeddedId,,5306150
5577977,,embeddedId,,5577976
6469335,,embeddedId,,6469334
3549185,,embeddedId,,3549184
5015855,,embeddedId,,5015854
3877682,"""11,CEB870AB-462E-451C-8E3E-14629182F956,0403769921921,SAKFRÅGAN""",,com.hack23.cia.model.external.riksdagen.votering.impl.VoteData,
7523386,167189,,com.hack23.cia.model.external.riksdagen.dokumentstatus.impl.DocumentAttachmentContainer,
11660593,,indicator,,11660592
4800263,,embeddedId,,4800262
361916,"""2,0B676DBF-B38B-4412-AA1C-19132514A76A,0327078838011,SAKFRÅGAN""",,com.hack23.cia.model.external.riksdagen.votering.impl.VoteData,
10115435,2445386,,com.hack23.cia.model.external.worldbank.data.impl.WorldBankData,
8723969,1308226,,com.hack23.cia.model.external.riksdagen.dokumentstatus.impl.DocumentReferenceContainer,
5932589,"""14,077343E4-4584-11D7-AE6F-006008577F08,0618560932311,SAKFRÅGAN""",,com.hack23.cia.model.external.riksdagen.votering.impl.VoteData,
4978668,"""5,230AEEEC-EE94-11D7-88C3-000475500EF8,0235494367806,SAKFRÅGAN""",,com.hack23.cia.model.external.riksdagen.votering.impl.VoteData,
10790530,,country,,10790529
7525974,169646,,com.hack23.cia.model.external.riksdagen.dokumentstatus.impl.DocumentReferenceData,
6346484,"""3,3E636E1D-9452-4FCD-ABB4-EBD0990B8BFD,0483837558914,SAKFRÅGAN""",,com.hack23.cia.model.external.riksdagen.votering.impl.VoteData,
252247,,embeddedId,,252245
2597621,"""1,903649D4-CA81-4136-AA77-8F796A211585,0653904370212,SAKFRÅGAN""",,com.hack23.cia.model.external.riksdagen.votering.impl.VoteData,
9525144,2069268,,com.hack23.cia.model.external.riksdagen.dokumentstatus.impl.DocumentReferenceContainer,
8096733,712201,,com.hack23.cia.model.external.riksdagen.dokumentstatus.impl.DocumentReferenceData,
5558489,,embeddedId,,5558488
4325355,,embeddedId,,4325354
1703148,"""15,255D5DAB-6CBB-46CD-B65B-AD79BCCC0492,051870309210,SAKFRÅGAN""",,com.hack23.cia.model.external.riksdagen.votering.impl.VoteData,
3887937,,embeddedId,,3887935
112682,5080,,com.hack23.cia.model.external.riksdagen.person.impl.DetailData,
6473609,,embeddedId,,6473608
5026612,"""17,0EF98037-8186-11D9-88CB-000475502EFF,0584183916016,SAKFRÅGAN""",,com.hack23.cia.model.external.riksdagen.votering.impl.VoteData,
624663,,embeddedId,,624662
3647579,,embeddedId,,3647578
586921,,embeddedId,,586920
5664318,"""1,995FB888-E679-48C7-BDBB-522F0E55E30C,0590042760718,MOTIVFRÅGAN""",,com.hack23.cia.model.external.riksdagen.votering.impl.VoteData,
265598,"""1,C815C343-FE6F-4EC5-8FD7-9B357204258E,0475778011711,SAKFRÅGAN""",,com.hack23.cia.model.external.riksdagen.votering.impl.VoteData,
4528441,,embeddedId,,4528438
1864360,,embeddedId,,1864359
8286690,892633,,com.hack23.cia.model.external.riksdagen.dokumentstatus.impl.DocumentPersonReferenceData,
11804533,3139587,,com.hack23.cia.model.external.riksdagen.documentcontent.impl.DocumentContentData,
2435514,,embeddedId,,2435513
12483679,,embeddedId,,12483678
2611624,"""1,F44C3C2C-D393-440B-B609-8DE19BA52544,0980316377627,SAKFRÅGAN""",,com.hack23.cia.model.external.riksdagen.votering.impl.VoteData,
3805179,"""1,123C16FE-FF8F-4739-B120-0C435782C6A6,0205360448417,SAKFRÅGAN""",,com.hack23.cia.model.external.riksdagen.votering.impl.VoteData,
12063200,3380227,,com.hack23.cia.model.internal.application.data.rules.impl.RuleViolation,
10711116,,country,,10711114
6530910,"""3,168C6EB4-0987-439C-80FC-04AC09E6BA01,0463955388312,SAKFRÅGAN""",,com.hack23.cia.model.external.riksdagen.votering.impl.VoteData,
2993598,,embeddedId,,2993597
4297688,"""9,B7F2DD81-AAB3-418F-AA02-06DBD181932C,0489096664719,SAKFRÅGAN""",,com.hack23.cia.model.external.riksdagen.votering.impl.VoteData,
2310419,,embeddedId,,2310418
3702864,"""37,254236D4-9C9A-462D-850F-9BE97D7E5889,0887345842319,SAKFRÅGAN""",,com.hack23.cia.model.external.riksdagen.votering.impl.VoteData,
12361132,,embeddedId,,12361131
6879021,"""1,761F5DDB-258E-4161-B6BC-14BA3BBD4AD9,0866055333028,SAKFRÅGAN""",,com.hack23.cia.model.external.riksdagen.votering.impl.VoteData,
3998490,,embeddedId,,3998489
5579432,"""8,05FC90F0-4FFD-44E8-81CC-D33485A5119A,091303475611,SAKFRÅGAN""",,com.hack23.cia.model.external.riksdagen.votering.impl.VoteData,
8257319,864710,,com.hack23.cia.model.external.riksdagen.dokumentstatus.impl.DocumentAttachment,
1553324,"""17,677708E7-61C6-483C-AE30-7A112D7483D8,069309987221,SAKFRÅGAN""",,com.hack23.cia.model.external.riksdagen.votering.impl.VoteData,
5335444,"""1,2CF4265A-40F3-49AD-9766-CB95B5702720,025877594729,SAKFRÅGAN""",,com.hack23.cia.model.external.riksdagen.votering.impl.VoteData,
10236623,,indicator,,10236621
7975173,596712,,com.hack23.cia.model.external.riksdagen.dokumentstatus.impl.DocumentActivityData,
2346856,,embeddedId,,2346855
1499099,,embeddedId,,1499098
1623485,,embeddedId,,1623484
10851494,,country,,10851493
4956453,,embeddedId,,4956452
10731812,,country,,10731810
6859042,"""1,E0D78421-C5FC-4F46-A751-20610726C832,0864542495614,SAKFRÅGAN""",,com.hack23.cia.model.external.riksdagen.votering.impl.VoteData,
2469782,,embeddedId,,2469781
6090860,"""6,D31B1384-B548-49A9-9BD2-2E6D45200E1E,0114869877121,SAKFRÅGAN""",,com.hack23.cia.model.external.riksdagen.votering.impl.VoteData,
7619656,258681,,com.hack23.cia.model.external.riksdagen.dokumentstatus.impl.DocumentAttachmentContainer,
5390301,,embeddedId,,5390300
8009232,629109,,com.hack23.cia.model.external.riksdagen.documentcontent.impl.DocumentContentData,
2636807,"""3,805FFB5A-300D-443A-94A6-4D198562B1F8,074310796828,SAKFRÅGAN""",,com.hack23.cia.model.external.riksdagen.votering.impl.VoteData,
2080564,,embeddedId,,2080563
9298488,1853986,,com.hack23.cia.model.external.riksdagen.documentcontent.impl.DocumentContentData,
10121438,,indicator,,10121436
11933525,3266509,,com.hack23.cia.model.external.riksdagen.dokumentstatus.impl.DocumentDetailData,
1952331,"""5,CDC70085-8D1E-11D7-AE8E-0004755046D0,0115057914316,SAKFRÅGAN""",,com.hack23.cia.model.external.riksdagen.votering.impl.VoteData,
130862,,embeddedId,,130861
8274936,881432,,com.hack23.cia.model.external.riksdagen.dokumentstatus.impl.DocumentDetailData,
12456054,,embeddedId,,12456053
3190578,,embeddedId,,3190575
1824083,"""3,0B5C3CC6-1B05-4DD8-AB14-0587A8CA0BE8,0194498232620,SAKFRÅGAN""",,com.hack23.cia.model.external.riksdagen.votering.impl.VoteData,
4798700,,embeddedId,,4798698
1371516,"""4,8A0AA982-0AB4-49F1-912A-4C477BA4A669,0280087199210,SAKFRÅGAN""",,com.hack23.cia.model.external.riksdagen.votering.impl.VoteData,
5397576,"""9,9054C369-A2BB-4B57-8D82-99C390ABD4A5,0495218011521,SAKFRÅGAN""",,com.hack23.cia.model.external.riksdagen.votering.impl.VoteData,
11654240,3017959,,com.hack23.cia.model.external.worldbank.data.impl.WorldBankData,
2854399,,embeddedId,,2854397
2515580,"""3,08256B46-D06D-466E-8B88-B2DFCDF01198,0124035957411,SAKFRÅGAN""",,com.hack23.cia.model.external.riksdagen.votering.impl.VoteData,
10419402,,indicator,,10419401
2860804,,embeddedId,,2860803
3993517,"""2,344334B1-EBA9-4563-8466-33FAE4F2D3AC,0155487380917,SAKFRÅGAN""",,com.hack23.cia.model.external.riksdagen.votering.impl.VoteData,
6786059,,embeddedId,,6786057
9016670,1585988,,com.hack23.cia.model.external.riksdagen.dokumentstatus.impl.DocumentProposalContainer,
2349245,"""3,C9F0E47D-FFD5-4B00-B0B2-99F16D107133,0468956880528,MOTIVFRÅGAN""",,com.hack23.cia.model.external.riksdagen.votering.impl.VoteData,
12458377,,embeddedId,,12458376
9639798,2177880,,com.hack23.cia.model.external.riksdagen.dokumentstatus.impl.DocumentReferenceContainer,
8420480,1019872,,com.hack23.cia.model.external.riksdagen.dokumentstatus.impl.DocumentReferenceData,
5787417,,embeddedId,,5787416
11797455,3135463,,com.hack23.cia.model.external.worldbank.data.impl.WorldBankData,
4920811,"""6,735F0737-C26F-424D-A871-FE1023C4CAE9,0731442709013,SAKFRÅGAN""",,com.hack23.cia.model.external.riksdagen.votering.impl.VoteData,
4413162,"""34,7FF0640D-36AF-4D6A-B5F9-AD94219013E3,0807438844115,SAKFRÅGAN""",,com.hack23.cia.model.external.riksdagen.votering.impl.VoteData,
8337062,"""HD021537""",,com.hack23.cia.model.external.riksdagen.dokumentstatus.impl.DocumentData,
4233358,"""1,897AF8D6-6318-43E8-9BD8-64452B1A064C,0691264514114,SAKFRÅGAN""",,com.hack23.cia.model.external.riksdagen.votering.impl.VoteData,
1286972,"""1,82880A7C-6CF4-4E9C-AC7A-BD066A4505A0,0546731406922,SAKFRÅGAN""",,com.hack23.cia.model.external.riksdagen.votering.impl.VoteData,
3737408,"""11,D24CD466-0DC3-46ED-BC67-23D6747418EB,0582811195313,SAKFRÅGAN""",,com.hack23.cia.model.external.riksdagen.votering.impl.VoteData,
9719643,2253560,,com.hack23.cia.model.external.riksdagen.documentcontent.impl.DocumentContentData,
8386756,987661,,com.hack23.cia.model.external.riksdagen.dokumentstatus.impl.DocumentActivityData,
10885891,,country,,10885890
701206,,embeddedId,,701205
207500,,embeddedId,,207499
7290147,"""1e995958-9af1-4c75-8585-dbf7831107f4""",,com.hack23.cia.model.external.riksdagen.dokumentlista.impl.DocumentElement,
11159154,,indicator,,11159151
5175480,"""5,331712E6-6A56-4BCB-8E5F-BDDE19E7FD5A,0582811195313,SAKFRÅGAN""",,com.hack23.cia.model.external.riksdagen.votering.impl.VoteData,
7849770,477386,,com.hack23.cia.model.external.riksdagen.dokumentstatus.impl.DocumentReferenceData,
5371080,"""6,7BDA44E7-9038-4CE5-8618-DA9F68057CF5,0512645510895,SAKFRÅGAN""",,com.hack23.cia.model.external.riksdagen.votering.impl.VoteData,
10031964,,country,,10031963
10175145,2470973,,com.hack23.cia.model.external.riksdagen.utskottsforslag.impl.AgainstProposalData,
4710883,,embeddedId,,4710882
1516354,,embeddedId,,1516352
12716806,,embeddedId,,12716805
618107,,embeddedId,,618106
388468,,embeddedId,,388467
268659,,embeddedId,,268658
2867361,"""2,D76B4481-925B-4764-BA16-D19F3727E903,0879014196003,SAKFRÅGAN""",,com.hack23.cia.model.external.riksdagen.votering.impl.VoteData,
5715191,,embeddedId,,5715190
12420837,"""5,4BAFEEBF-3BD5-4F5F-8B2F-F3BE053596F3,0452755722723,SAKFRÅGAN""",,com.hack23.cia.model.external.riksdagen.votering.impl.VoteData,
12215568,,embeddedId,,12215567
4572419,,embeddedId,,4572417
8517069,1111715,,com.hack23.cia.model.external.riksdagen.dokumentstatus.impl.DocumentActivityData,
9332833,1886625,,com.hack23.cia.model.external.riksdagen.documentcontent.impl.DocumentContentData,
11769111,3109199,,com.hack23.cia.model.external.riksdagen.dokumentstatus.impl.DocumentDetailData,
11268748,,indicator,,11268746
2490539,,embeddedId,,2490538
10940179,2774510,,com.hack23.cia.model.external.worldbank.data.impl.WorldBankData,
3760987,,embeddedId,,3760986
5428902,"""2,15EBA788-30D6-45A2-912D-8DF35AF9D7F3,0992420223820,SAKFRÅGAN""",,com.hack23.cia.model.external.riksdagen.votering.impl.VoteData,
7683447,319312,,com.hack23.cia.model.external.riksdagen.dokumentstatus.impl.DocumentActivityData,
293703,,embeddedId,,293702
4831831,,embeddedId,,4831830
5068847,,embeddedId,,5068846
10691545,,indicator,,10691543
11503910,,country,,11503908
5957765,,embeddedId,,5957764
3840865,"""2,AD73B77C-7AD8-4D3D-A960-65B60A3B4015,0178667655211,SAKFRÅGAN""",,com.hack23.cia.model.external.riksdagen.votering.impl.VoteData,
1948580,,embeddedId,,1948579
11280886,2891109,,com.hack23.cia.model.external.worldbank.data.impl.WorldBankData,
4139367,,embeddedId,,4139366
8854461,1431928,,com.hack23.cia.model.external.riksdagen.dokumentstatus.impl.DocumentDetailContainer,
8657273,1245021,,com.hack23.cia.model.external.riksdagen.dokumentstatus.impl.DocumentPersonReferenceContainer,
8285042,891034,,com.hack23.cia.model.external.riksdagen.dokumentstatus.impl.DocumentActivityData,
8624090,1213554,,com.hack23.cia.model.external.riksdagen.dokumentstatus.impl.DocumentDetailContainer,
9698011,"""GR02Ju326""",,com.hack23.cia.model.external.riksdagen.dokumentstatus.impl.DocumentData,
3869984,"""10,6D2F580B-348A-4E94-A18D-F03AD1EE3C42,066769783310,SAKFRÅGAN""",,com.hack23.cia.model.external.riksdagen.votering.impl.VoteData,
4660502,,embeddedId,,4660501
11703731,3050022,,com.hack23.cia.model.external.riksdagen.documentcontent.impl.DocumentContentData,
3342394,,embeddedId,,3342393
7565446,207204,,com.hack23.cia.model.external.riksdagen.dokumentstatus.impl.DocumentAttachment,
7417403,67002,,com.hack23.cia.model.external.riksdagen.dokumentstatus.impl.DocumentActivityData,
2023912,,embeddedId,,2023911
4620378,"""7,86E231C8-6677-4F5E-824E-BA78D247B487,03856618629,SAKFRÅGAN""",,com.hack23.cia.model.external.riksdagen.votering.impl.VoteData,
10928754,2770285,,com.hack23.cia.model.external.riksdagen.documentcontent.impl.DocumentContentData,
11382032,2925449,,com.hack23.cia.model.external.worldbank.data.impl.WorldBankData,
5737632,"""5,4F40BAC7-220E-40A4-B5D8-845EDAE2C68F,0911067396229,SAKFRÅGAN""",,com.hack23.cia.model.external.riksdagen.votering.impl.VoteData,
11552359,,indicator,,11552358
12013486,3342897,,com.hack23.cia.model.external.riksdagen.dokumentstatus.impl.DocumentReferenceData,
8798326,1378727,,com.hack23.cia.model.external.riksdagen.dokumentstatus.impl.DocumentActivityData,
8331194,934884,,com.hack23.cia.model.external.riksdagen.dokumentstatus.impl.DocumentReferenceData,
472799,"""1,8AB6DBD1-7DA2-4FCF-9B78-881A765163D9,0828721176319,SAKFRÅGAN""",,com.hack23.cia.model.external.riksdagen.votering.impl.VoteData,
6181005,,embeddedId,,6181004
2300459,"""8,91BEEA53-DD1F-40FB-8BDB-A72DA0FB675A,0266627143525,SAKFRÅGAN""",,com.hack23.cia.model.external.riksdagen.votering.impl.VoteData,
9819976,2323224,,com.hack23.cia.model.external.riksdagen.utskottsforslag.impl.AgainstProposalContainer,
11795381,3133708,,com.hack23.cia.model.external.riksdagen.dokumentstatus.impl.DocumentDetailData,
6509850,"""go02mj417""",,com.hack23.cia.model.external.riksdagen.dokumentlista.impl.DocumentElement,
1217414,"""7,E8983DB7-A3CD-4358-9589-0C0220678203,0229760896014,SAKFRÅGAN""",,com.hack23.cia.model.external.riksdagen.votering.impl.VoteData,
681120,,embeddedId,,681118
1416027,"""3,424046F0-FC18-405B-8D13-80C893725FCD,0902086611116,SAKFRÅGAN""",,com.hack23.cia.model.external.riksdagen.votering.impl.VoteData,
3017364,,embeddedId,,3017363
9900495,2356062,,com.hack23.cia.model.external.worldbank.data.impl.WorldBankData,
8743159,"""H102Ub507""",,com.hack23.cia.model.external.riksdagen.dokumentstatus.impl.DocumentData,
12527652,"""2,6E5E9F8C-7E8E-45FD-995D-B8BA9439859B,0860364634014,SAKFRÅGAN""",,com.hack23.cia.model.external.riksdagen.votering.impl.VoteData,
5357408,"""5,2C4E01D0-6569-4235-9C99-3856841C6F31,0937688366013,SAKFRÅGAN""",,com.hack23.cia.model.external.riksdagen.votering.impl.VoteData,
6450139,,embeddedId,,6450138
1559603,,embeddedId,,1559601
1989507,"""7,761B6BB3-5C3F-4D09-BFC8-162D1C45E802,0964730940415,SAKFRÅGAN""",,com.hack23.cia.model.external.riksdagen.votering.impl.VoteData,
9160709,1722997,,com.hack23.cia.model.external.riksdagen.dokumentstatus.impl.DocumentReferenceData,
802168,"""2,A287DE41-8E54-4034-8E2C-F68E3F585A1E,0376353897112,SAKFRÅGAN""",,com.hack23.cia.model.external.riksdagen.votering.impl.VoteData,
4832494,"""21,CA1DB877-F462-49F9-BA24-68C605E98C74,0957631371811,SAKFRÅGAN""",,com.hack23.cia.model.external.riksdagen.votering.impl.VoteData,
666586,"""4,51C4A614-4E7E-4922-B7F7-AC596356A968,0828721176319,SAKFRÅGAN""",,com.hack23.cia.model.external.riksdagen.votering.impl.VoteData,
10134315,,country,,10134314
8725828,1310004,,com.hack23.cia.model.external.riksdagen.dokumentstatus.impl.DocumentReferenceContainer,
5180005,,embeddedId,,5180004
12286118,"""1,4721AFDD-0764-4514-8327-ECE02C6E6800,0455086201022,SAKFRÅGAN""",,com.hack23.cia.model.external.riksdagen.votering.impl.VoteData,
1875235,,embeddedId,,1875234
891513,,embeddedId,,891512
7290773,"""gzb1104""",,com.hack23.cia.model.external.riksdagen.dokumentlista.impl.DocumentElement,
373736,"""10,4D1A80CE-64A3-421F-8BA3-2A64493C99E2,069309987221,SAKFRÅGAN""",,com.hack23.cia.model.external.riksdagen.votering.impl.VoteData,
7356249,"""h6022329""",,com.hack23.cia.model.external.riksdagen.dokumentlista.impl.DocumentElement,
5979540,"""1,018014ED-795E-4327-8078-0011743A5957,0229760896014,SAKFRÅGAN""",,com.hack23.cia.model.external.riksdagen.votering.impl.VoteData,
10762526,2712711,,com.hack23.cia.model.external.worldbank.data.impl.WorldBankData,
9071086,1637711,,com.hack23.cia.model.external.riksdagen.dokumentstatus.impl.DocumentDetailData,
7026934,,embeddedId,,7026933
9826604,2326300,,com.hack23.cia.model.external.worldbank.data.impl.WorldBankData,
5999240,"""5,EC1A7069-0491-45A2-8BDB-8893651229BA,0466653728712,SAKFRÅGAN""",,com.hack23.cia.model.external.riksdagen.votering.impl.VoteData,
8031104,649887,,com.hack23.cia.model.external.riksdagen.dokumentstatus.impl.DocumentActivityData,
6258867,,embeddedId,,6258866
1110822,,embeddedId,,1110821
10472914,,indicator,,10472913
7852643,480178,,com.hack23.cia.model.external.riksdagen.dokumentstatus.impl.DocumentProposalContainer,
3186737,,embeddedId,,3186736
8893000,1468490,,com.hack23.cia.model.external.riksdagen.dokumentstatus.impl.DocumentAttachment,
3021384,"""10,9BE83BD0-C902-4B89-9F4C-4A7C03779E80,0910241260018,SAKFRÅGAN""",,com.hack23.cia.model.external.riksdagen.votering.impl.VoteData,
5408574,"""1,D7B8410F-0D11-4FC6-9887-F2CC3AAEEDAC,0831636664429,SAKFRÅGAN""",,com.hack23.cia.model.external.riksdagen.votering.impl.VoteData,
2008717,"""8,AE1B8AEF-9B07-4FAB-92BB-0061F6AFEE3F,072019517020,SAKFRÅGAN""",,com.hack23.cia.model.external.riksdagen.votering.impl.VoteData,
12819266,1152284,,com.hack23.cia.model.internal.application.data.rules.impl.RuleViolation,
8491901,1087835,,com.hack23.cia.model.external.riksdagen.dokumentstatus.impl.DocumentActivityData,
4472919,,embeddedId,,4472918
9121812,"""HB02821""",,com.hack23.cia.model.external.riksdagen.dokumentstatus.impl.DocumentData,
1605905,,embeddedId,,1605903
5416262,"""5,1DC7FF9F-34B4-4459-9D79-9A3242B23AAD,0477013214601,SAKFRÅGAN""",,com.hack23.cia.model.external.riksdagen.votering.impl.VoteData,
8662298,1249773,,com.hack23.cia.model.external.riksdagen.dokumentstatus.impl.DocumentDetailData,
11370144,2921405,,com.hack23.cia.model.external.worldbank.data.impl.WorldBankData,
2505655,"""37,FAA3396E-68CF-41D5-A75A-606C2DCEFDF7,0126797549328,SAKFRÅGAN""",,com.hack23.cia.model.external.riksdagen.votering.impl.VoteData,
11431748,,country,,11431746
9916363,,country,,9916362
1688252,"""13,77EFAAEE-DBDC-4A39-ACE6-FBFD27AA8E4E,0612916684825,SAKFRÅGAN""",,com.hack23.cia.model.external.riksdagen.votering.impl.VoteData,
5678524,,embeddedId,,5678522
4884874,"""9,BFFDA7E1-7707-4D05-9754-9437B037EA08,0655028250417,SAKFRÅGAN""",,com.hack23.cia.model.external.riksdagen.votering.impl.VoteData,
11037083,,indicator,,11037082
1706663,,embeddedId,,1706662
12323276,,embeddedId,,12323275
7912516,537115,,com.hack23.cia.model.external.riksdagen.dokumentstatus.impl.DocumentActivityData,
698560,,embeddedId,,698559
7660189,297217,,com.hack23.cia.model.external.riksdagen.dokumentstatus.impl.DocumentPersonReferenceContainer,
9367955,1919954,,com.hack23.cia.model.external.riksdagen.dokumentstatus.impl.DocumentActivityData,
5814188,"""2,A94634B9-4AA7-477C-A7CF-BBC0E473CDB3,0540190357911,SAKFRÅGAN""",,com.hack23.cia.model.external.riksdagen.votering.impl.VoteData,
9297945,1853479,,com.hack23.cia.model.external.riksdagen.dokumentstatus.impl.DocumentPersonReferenceContainer,
3518552,"""1,0D00C3D3-12C7-11D9-AE3E-000475503910,0465398691116,SAKFRÅGAN""",,com.hack23.cia.model.external.riksdagen.votering.impl.VoteData,
8757722,1340223,,com.hack23.cia.model.external.riksdagen.dokumentstatus.impl.DocumentPersonReferenceData,
3664947,,embeddedId,,3664944
1441923,,embeddedId,,1441921
8665412,1252722,,com.hack23.cia.model.external.riksdagen.dokumentstatus.impl.DocumentAttachmentContainer,
10872962,,indicator,,10872961
12541973,"""1,91335DF6-C32C-47CC-B1FE-2AC01117D6D9,0313390540217,SAKFRÅGAN""",,com.hack23.cia.model.external.riksdagen.votering.impl.VoteData,
12602458,,embeddedId,,12602457
11675245,,indicator,,11675242
7643930,281751,,com.hack23.cia.model.external.riksdagen.dokumentstatus.impl.DocumentDetailData,
6156490,"""8,474B5DC6-FCC4-45F8-9D13-51968AFC0F1E,0681085425612,SAKFRÅGAN""",,com.hack23.cia.model.external.riksdagen.votering.impl.VoteData,
11993815,3324043,,com.hack23.cia.model.external.riksdagen.dokumentstatus.impl.DocumentAttachment,
10582143,2637188,,com.hack23.cia.model.external.worldbank.data.impl.WorldBankData,
1583434,"""6,01E716E6-2397-4D44-B3B6-D9DD00B82D77,0313390540217,SAKFRÅGAN""",,com.hack23.cia.model.external.riksdagen.votering.impl.VoteData,
3187016,,embeddedId,,3187013
4970757,,embeddedId,,4970756
7715426,349780,,com.hack23.cia.model.external.riksdagen.dokumentstatus.impl.DocumentStatusContainer,
11079511,2822564,,com.hack23.cia.model.external.worldbank.data.impl.WorldBankData,
3554963,"""9,82E2D221-97CA-43B5-8C91-9957E1F42D8F,0575313291605,SAKFRÅGAN""",,com.hack23.cia.model.external.riksdagen.votering.impl.VoteData,
10660421,,country,,10660419
8083628,699714,,com.hack23.cia.model.external.riksdagen.dokumentstatus.impl.DocumentAttachment,
3244545,,embeddedId,,3244544
9396827,1947479,,com.hack23.cia.model.external.riksdagen.dokumentstatus.impl.DocumentAttachment,
11819507,3154556,,com.hack23.cia.model.external.riksdagen.documentcontent.impl.DocumentContentData,
2905928,,embeddedId,,2905927
2584061,"""3,818980B4-7987-11D7-AF13-000475505303,0368245926011,SAKFRÅGAN""",,com.hack23.cia.model.external.riksdagen.votering.impl.VoteData,
10134138,,country,,10134137
6979307,"""5,69070BC4-3F9F-418E-8F91-EA7968D923A3,0503363679811,SAKFRÅGAN""",,com.hack23.cia.model.external.riksdagen.votering.impl.VoteData,
4268195,"""3,8CC5AAA6-F1C6-4F23-9925-E10353BB462B,0714579775816,SAKFRÅGAN""",,com.hack23.cia.model.external.riksdagen.votering.impl.VoteData,
7668613,305205,,com.hack23.cia.model.external.riksdagen.dokumentstatus.impl.DocumentActivityData,
2632792,"""10,767BC8B2-BB97-4050-8915-4D8FC94D5889,0671241874717,SAKFRÅGAN""",,com.hack23.cia.model.external.riksdagen.votering.impl.VoteData,
2934271,,embeddedId,,2934269
6439169,,embeddedId,,6439168
9030508,1599156,,com.hack23.cia.model.external.riksdagen.documentcontent.impl.DocumentContentData,
9811192,,country,,9811190
4916879,"""3,3DE3F789-60E6-47A6-8819-43C51697D688,0628190530410,SAKFRÅGAN""",,com.hack23.cia.model.external.riksdagen.votering.impl.VoteData,
12358781,"""3,7782F232-98BE-4643-B9F5-755872F4DFCA,0714968014016,SAKFRÅGAN""",,com.hack23.cia.model.external.riksdagen.votering.impl.VoteData,
2331039,"""5,42B21F73-7631-429D-8329-6703926EA13D,0482927154110,SAKFRÅGAN""",,com.hack23.cia.model.external.riksdagen.votering.impl.VoteData,
6330495,,embeddedId,,6330490
6431493,,embeddedId,,6431492
7874870,501339,,com.hack23.cia.model.external.riksdagen.dokumentstatus.impl.DocumentActivityData,
2467585,"""12,456B1BD0-514E-4C5D-899D-D1D982DA8AE1,0588282566419,SAKFRÅGAN""",,com.hack23.cia.model.external.riksdagen.votering.impl.VoteData,
5542324,,embeddedId,,5542323
9800148,,country,,9800146
11246785,,indicator,,11246783
3078413,"""1,16B4A1C4-6160-432A-946B-8CEBF917C709,0612916684825,SAKFRÅGAN""",,com.hack23.cia.model.external.riksdagen.votering.impl.VoteData,
10612388,2649564,,com.hack23.cia.model.external.riksdagen.utskottsforslag.impl.CommitteeProposalComponentData,
7082974,"""1,2CE7B111-7E42-4D25-BAAC-000EFC53FDAD,0655028250417,SAKFRÅGAN""",,com.hack23.cia.model.external.riksdagen.votering.impl.VoteData,
130384,,embeddedId,,130383
9953064,2377952,,com.hack23.cia.model.external.worldbank.data.impl.WorldBankData,
11326988,,country,,11326987
10790721,,country,,10790719
11509500,,country,,11509499
9784366,,indicator,,9784365
9706782,,source,,9706779
8213504,"""H602738""",,com.hack23.cia.model.external.riksdagen.dokumentstatus.impl.DocumentData,
1154397,38349,,com.hack23.cia.model.external.riksdagen.person.impl.DetailData,
10774513,,country,,10774512
6924859,,embeddedId,,6924858
11329064,2907484,,com.hack23.cia.model.external.worldbank.data.impl.WorldBankData,
5030529,,embeddedId,,5030528
8959987,1532064,,com.hack23.cia.model.external.riksdagen.dokumentstatus.impl.DocumentStatusContainer,
1487839,,embeddedId,,1487838
9414819,1964587,,com.hack23.cia.model.external.riksdagen.dokumentstatus.impl.DocumentReferenceData,
1289278,,embeddedId,,1289277
11380955,,country,,11380953
2421828,,embeddedId,,2421826
850687,"""3,6B1DBD23-1B6B-4B55-A5A3-B988313237BA,0331791853028,SAKFRÅGAN""",,com.hack23.cia.model.external.riksdagen.votering.impl.VoteData,
7967985,589859,,com.hack23.cia.model.external.riksdagen.dokumentstatus.impl.DocumentAttachment,
8420384,1019757,,com.hack23.cia.model.external.riksdagen.dokumentstatus.impl.DocumentPersonReferenceContainer,
4289729,,embeddedId,,4289728
9646899,"""GW02Sk504""",,com.hack23.cia.model.external.riksdagen.dokumentstatus.impl.DocumentData,
9834777,,indicator,,9834775
9097563,1662886,,com.hack23.cia.model.external.riksdagen.dokumentstatus.impl.DocumentDetailData,
8131947,745625,,com.hack23.cia.model.external.riksdagen.dokumentstatus.impl.DocumentReferenceData,
10886659,,country,,10886658
5366839,,embeddedId,,5366838
4790919,"""2,C51FD851-AFAC-4B76-920C-401E3364B725,0590881101608,SAKFRÅGAN""",,com.hack23.cia.model.external.riksdagen.votering.impl.VoteData,
6554021,,embeddedId,,6554020
8305497,910500,,com.hack23.cia.model.external.riksdagen.documentcontent.impl.DocumentContentData,
10262400,,indicator,,10262399
7437111,85418,,com.hack23.cia.model.external.riksdagen.dokumentstatus.impl.DocumentActivityData,
2618467,"""11,4BDA0E3F-5D46-4C64-967A-D7E559F99D82,012053331219,SAKFRÅGAN""",,com.hack23.cia.model.external.riksdagen.votering.impl.VoteData,
5109282,"""36,482C2E3A-79FF-497B-88B1-D68EFCB9697B,0787535945527,SAKFRÅGAN""",,com.hack23.cia.model.external.riksdagen.votering.impl.VoteData,
6623893,,embeddedId,,6623892
2013470,,embeddedId,,2013469
9881456,,indicator,,9881455
5131121,,embeddedId,,5131120
7462609,109664,,com.hack23.cia.model.external.riksdagen.dokumentstatus.impl.DocumentProposalContainer,
8954546,1526868,,com.hack23.cia.model.external.riksdagen.dokumentstatus.impl.DocumentAttachment,
9562940,2104954,,com.hack23.cia.model.external.riksdagen.dokumentstatus.impl.DocumentPersonReferenceData,
7180894,"""gs02t499""",,com.hack23.cia.model.external.riksdagen.dokumentlista.impl.DocumentElement,
6195615,,embeddedId,,6195614
4001950,,embeddedId,,4001949
2424366,,embeddedId,,2424365
4392321,"""11,E635F7AF-5FA3-4B52-A160-92D66F1AA71C,0910803550317,SAKFRÅGAN""",,com.hack23.cia.model.external.riksdagen.votering.impl.VoteData,
9164521,"""H102T336""",,com.hack23.cia.model.external.riksdagen.dokumentstatus.impl.DocumentData,
4326155,,embeddedId,,4326154
12730791,,embeddedId,,12730790
12769872,1121206,,com.hack23.cia.model.internal.application.data.rules.impl.RuleViolation,
10817536,2731959,,com.hack23.cia.model.external.worldbank.data.impl.WorldBankData,
9370226,1922131,,com.hack23.cia.model.external.riksdagen.dokumentstatus.impl.DocumentPersonReferenceData,
8021264,640552,,com.hack23.cia.model.external.riksdagen.dokumentstatus.impl.DocumentAttachmentContainer,
12116209,"""1,A12E9953-E73C-43BB-9FF2-602F679A2873,0679667648714,SAKFRÅGAN""",,com.hack23.cia.model.external.riksdagen.votering.impl.VoteData,
1878944,"""3,BCED4361-0D07-11D7-AE4C-000475504B05,0467253407311,SAKFRÅGAN""",,com.hack23.cia.model.external.riksdagen.votering.impl.VoteData,
8376722,978188,,com.hack23.cia.model.external.riksdagen.dokumentstatus.impl.DocumentDetailData,
6533665,"""1,2E2FB1DA-5082-4405-8638-7BCE1342006A,0825441263617,SAKFRÅGAN""",,com.hack23.cia.model.external.riksdagen.votering.impl.VoteData,
9528273,2072222,,com.hack23.cia.model.external.riksdagen.documentcontent.impl.DocumentContentData,
12120955,"""15,1E395D5C-8D0E-474E-A8F3-E348DB0DC51F,0638497389621,SAKFRÅGAN""",,com.hack23.cia.model.external.riksdagen.votering.impl.VoteData,
4561090,"""1,13B25071-90B3-4375-8444-45058C263DC7,0590020362617,SAKFRÅGAN""",,com.hack23.cia.model.external.riksdagen.votering.impl.VoteData,
7248861,"""gv06fpm90""",,com.hack23.cia.model.external.riksdagen.dokumentlista.impl.DocumentElement,
9055538,1622943,,com.hack23.cia.model.external.riksdagen.dokumentstatus.impl.DocumentReferenceData,
10682343,,country,,10682341
6487137,,embeddedId,,6487136
5356230,"""9,49610DE8-6836-4C7B-A5D8-6BD71FC7D9CE,0494843794418,SAKFRÅGAN""",,com.hack23.cia.model.external.riksdagen.votering.impl.VoteData,
9296785,1852382,,com.hack23.cia.model.external.riksdagen.dokumentstatus.impl.DocumentProposalData,
8770408,1352261,,com.hack23.cia.model.external.riksdagen.dokumentstatus.impl.DocumentPersonReferenceData,
7131200,"""h111665""",,com.hack23.cia.model.external.riksdagen.dokumentlista.impl.DocumentElement,
3384167,"""8,F3C72B0D-CB0F-49FF-A7F0-A270E7BA2087,0875221317013,SAKFRÅGAN""",,com.hack23.cia.model.external.riksdagen.votering.impl.VoteData,
8948877,1521490,,com.hack23.cia.model.external.riksdagen.dokumentstatus.impl.DocumentDetailData,
2474760,,embeddedId,,2474759
4605186,"""9,B6C8DBA1-A99B-43DA-B4D7-A3CDADD79607,0356767744510,SAKFRÅGAN""",,com.hack23.cia.model.external.riksdagen.votering.impl.VoteData,
10906404,,country,,10906402
7755924,388196,,com.hack23.cia.model.external.riksdagen.dokumentstatus.impl.DocumentActivityData,
5613183,,embeddedId,,5613182
12163420,"""1,BA06FF06-8660-4D8F-A22F-FC031CF03703,016950536026,SAKFRÅGAN""",,com.hack23.cia.model.external.riksdagen.votering.impl.VoteData,
2973797,"""21,B28F4D84-0468-4937-8C12-41407B7848CB,0455256796113,SAKFRÅGAN""",,com.hack23.cia.model.external.riksdagen.votering.impl.VoteData,
4398851,,embeddedId,,4398850
667752,,embeddedId,,667751
3250117,"""1,FB75EE05-E455-4E22-A988-FCEDDC261970,0916608741910,MOTIVFRÅGAN""",,com.hack23.cia.model.external.riksdagen.votering.impl.VoteData,
6502904,"""3,E2E0B29C-90E0-4EFB-ACBF-382F1995E929,084677425329,SAKFRÅGAN""",,com.hack23.cia.model.external.riksdagen.votering.impl.VoteData,
5675720,,embeddedId,,5675718
622213,,embeddedId,,622212
3621609,,embeddedId,,3621607
12505611,1050497,,com.hack23.cia.model.internal.application.data.rules.impl.RuleViolation,
5275542,"""5,A344AB50-C8D1-4A12-9A0C-C16F48A08BFB,0741187745315,SAKFRÅGAN""",,com.hack23.cia.model.external.riksdagen.votering.impl.VoteData,
4096238,"""5,DC1F5D64-8534-4C5D-82EC-0AB0F047482C,0587985033012,SAKFRÅGAN""",,com.hack23.cia.model.external.riksdagen.votering.impl.VoteData,
6415437,"""16,3A601967-ACE9-40CC-B6D3-C0A9632F774E,0993294767708,SAKFRÅGAN""",,com.hack23.cia.model.external.riksdagen.votering.impl.VoteData,
1207987,"""22,F2B7DCEF-57B9-11D8-8935-000475500EF8,0871076471012,SAKFRÅGAN""",,com.hack23.cia.model.external.riksdagen.votering.impl.VoteData,
7693558,328997,,com.hack23.cia.model.external.riksdagen.dokumentstatus.impl.DocumentReferenceData,
3755596,"""1,7DEED3CB-ECA8-4B60-95B6-10D9FFDE919B,0132698667318,MOTIVFRÅGAN""",,com.hack23.cia.model.external.riksdagen.votering.impl.VoteData,
5218942,"""4,7FF1B4C5-5EDF-11D7-AE48-000475503867,0861143074410,SAKFRÅGAN""",,com.hack23.cia.model.external.riksdagen.votering.impl.VoteData,
1534851,,embeddedId,,1534850
6502992,"""3,E2E0B29C-90E0-4EFB-ACBF-382F1995E929,012576033427,SAKFRÅGAN""",,com.hack23.cia.model.external.riksdagen.votering.impl.VoteData,
7579765,220827,,com.hack23.cia.model.external.riksdagen.dokumentstatus.impl.DocumentDetailData,
11663852,,indicator,,11663850
10972329,,country,,10972327
1561077,,embeddedId,,1561076
9762396,2292278,,com.hack23.cia.model.external.riksdagen.utskottsforslag.impl.CommitteeProposalData,
819866,"""6,4E81B45F-EC37-4087-9D44-4F8A0888D401,0980725315516,SAKFRÅGAN""",,com.hack23.cia.model.external.riksdagen.votering.impl.VoteData,
2284152,,embeddedId,,2284151
8422685,1021940,,com.hack23.cia.model.external.riksdagen.dokumentstatus.impl.DocumentPersonReferenceData,
594995,"""11,96652925-0344-4303-A0C9-014D506E8122,0116603319117,SAKFRÅGAN""",,com.hack23.cia.model.external.riksdagen.votering.impl.VoteData,
4440707,,embeddedId,,4440705
12063596,3380623,,com.hack23.cia.model.internal.application.data.rules.impl.RuleViolation,
5668472,"""12,9ADF523A-374A-4AC7-B9E4-EDEE9ED5B873,0970259744617,SAKFRÅGAN""",,com.hack23.cia.model.external.riksdagen.votering.impl.VoteData,
10440893,2581262,,com.hack23.cia.model.external.worldbank.data.impl.WorldBankData,
4724988,"""2,C61F9D02-901D-4EF5-B9B5-4617FE068507,0433422973328,SAKFRÅGAN""",,com.hack23.cia.model.external.riksdagen.votering.impl.VoteData,
1505376,"""3,BA5C7A8D-C2A1-408E-AE63-BFE5FFFD2739,012576033427,SAKFRÅGAN""",,com.hack23.cia.model.external.riksdagen.votering.impl.VoteData,
11097365,2828644,,com.hack23.cia.model.external.worldbank.data.impl.WorldBankData,
3805428,"""26,5A17A284-A9E4-4451-9267-E38351081FD3,0393171737407,SAKFRÅGAN""",,com.hack23.cia.model.external.riksdagen.votering.impl.VoteData,
11013603,,country,,11013601
7188082,"""sfs-2004-881""",,com.hack23.cia.model.external.riksdagen.dokumentlista.impl.DocumentElement,
5462473,,embeddedId,,5462472
7915204,539689,,com.hack23.cia.model.external.riksdagen.dokumentstatus.impl.DocumentDetailData,
8608676,1198911,,com.hack23.cia.model.external.riksdagen.dokumentstatus.impl.DocumentPersonReferenceContainer,
3818686,"""6,08BAA571-96F9-4136-BB3A-BB0AD207388D,0449003924218,SAKFRÅGAN""",,com.hack23.cia.model.external.riksdagen.votering.impl.VoteData,
12614958,"""7,FA98C0AB-DCD5-47CC-BAD3-DE65E559729E,07921826010,SAKFRÅGAN""",,com.hack23.cia.model.external.riksdagen.votering.impl.VoteData,
5953844,"""3,E3572145-5432-430B-9E96-25AE1C273DB7,0619928872229,SAKFRÅGAN""",,com.hack23.cia.model.external.riksdagen.votering.impl.VoteData,
1677905,,embeddedId,,1677904
8382609,983763,,com.hack23.cia.model.external.riksdagen.dokumentstatus.impl.DocumentDetailData,
12494496,"""10,802825D9-33BA-4D65-8711-9B11A45F1E85,0360160202728,SAKFRÅGAN""",,com.hack23.cia.model.external.riksdagen.votering.impl.VoteData,
10564132,,country,,10564131
8722792,1307118,,com.hack23.cia.model.external.riksdagen.dokumentstatus.impl.DocumentDetailContainer,
12017025,3346180,,com.hack23.cia.model.external.riksdagen.dokumentstatus.impl.DocumentPersonReferenceContainer,
7694382,329773,,com.hack23.cia.model.external.riksdagen.dokumentstatus.impl.DocumentDetailData,
12424417,"""1,F11F9C6B-AB01-473F-9BA8-30971FF44396,0204240926023,SAKFRÅGAN""",,com.hack23.cia.model.external.riksdagen.votering.impl.VoteData,
8061901,679115,,com.hack23.cia.model.external.riksdagen.dokumentstatus.impl.DocumentDetailContainer,
3253681,"""8,5DD7D0CD-22E9-416E-9C78-55BD5DB22FD9,08644719105,SAKFRÅGAN""",,com.hack23.cia.model.external.riksdagen.votering.impl.VoteData,
99552,"""2,DE1BDAE5-534B-4EB7-825E-5588FF4514D0,0465398691116,SAKFRÅGAN""",,com.hack23.cia.model.external.riksdagen.votering.impl.VoteData,
37799,,embeddedId,,37798
6526985,,embeddedId,,6526984
12448855,"""17,235D7903-04AD-4C01-9B60-6FBB393972C5,0340418158820,SAKFRÅGAN""",,com.hack23.cia.model.external.riksdagen.votering.impl.VoteData,
1137216,,embeddedId,,1137215
10755277,2710208,,com.hack23.cia.model.external.worldbank.data.impl.WorldBankData,
7939017,562346,,com.hack23.cia.model.external.riksdagen.dokumentstatus.impl.DocumentPersonReferenceData,
7579353,220444,,com.hack23.cia.model.external.riksdagen.dokumentstatus.impl.DocumentActivityData,
11956412,3288310,,com.hack23.cia.model.external.riksdagen.dokumentstatus.impl.DocumentPersonReferenceContainer,
9966116,,country,,9966115
8798688,1379046,,com.hack23.cia.model.external.riksdagen.dokumentstatus.impl.DocumentStatusContainer,
9887848,2351068,,com.hack23.cia.model.external.worldbank.data.impl.WorldBankData,
3329996,,embeddedId,,3329994
7367113,"""h6c320190425uu7""",,com.hack23.cia.model.external.riksdagen.dokumentlista.impl.DocumentElement,
8404063,1004159,,com.hack23.cia.model.external.riksdagen.dokumentstatus.impl.DocumentReferenceData,
12070854,"""6,BB048EC4-5616-4AB3-B13E-76C02DB90FC8,0603366539729,SAKFRÅGAN""",,com.hack23.cia.model.external.riksdagen.votering.impl.VoteData,
10375489,2554404,,com.hack23.cia.model.external.worldbank.data.impl.WorldBankData,
11206409,2865764,,com.hack23.cia.model.external.worldbank.data.impl.WorldBankData,
8744249,1327451,,com.hack23.cia.model.external.riksdagen.dokumentstatus.impl.DocumentActivityData,
5667804,"""1,CC6B434F-83E4-4B4D-9E90-A1BF2B62B914,0905755961314,SAKFRÅGAN""",,com.hack23.cia.model.external.riksdagen.votering.impl.VoteData,
4276690,"""13,661567DC-8004-45A5-88F1-B1FA8722AACC,079095006519,SAKFRÅGAN""",,com.hack23.cia.model.external.riksdagen.votering.impl.VoteData,
10299305,,indicator,,10299303
922306,,embeddedId,,922305
3097783,"""1,7055E446-2EBD-4111-89B7-C00593040E27,0889860537413,MOTIVFRÅGAN""",,com.hack23.cia.model.external.riksdagen.votering.impl.VoteData,
1979706,"""6,BC30162A-D39C-4155-AF0C-1055C64BC12E,0448155122323,SAKFRÅGAN""",,com.hack23.cia.model.external.riksdagen.votering.impl.VoteData,
7815988,445325,,com.hack23.cia.model.external.riksdagen.dokumentstatus.impl.DocumentAttachment,
11170064,,indicator,,11170063
2608480,,embeddedId,,2608479
8799049,1379417,,com.hack23.cia.model.external.worldbank.indicators.impl.Topics,
1185321,"""6,CFA3F6B6-9ADB-4B91-B872-5B9F08FED3EE,0637028706011,SAKFRÅGAN""",,com.hack23.cia.model.external.riksdagen.votering.impl.VoteData,
10711522,2690472,,com.hack23.cia.model.external.worldbank.data.impl.WorldBankData,
12062894,3379921,,com.hack23.cia.model.internal.application.data.rules.impl.RuleViolation,
1169320,,embeddedId,,1169319
8407938,1007832,,com.hack23.cia.model.external.riksdagen.dokumentstatus.impl.DocumentPersonReferenceData,
1416420,,embeddedId,,1416419
12721135,"""3,ECA8F56F-EE1A-44F3-8321-C4449A724DC1,033935884729,SAKFRÅGAN""",,com.hack23.cia.model.external.riksdagen.votering.impl.VoteData,
2287571,"""1,B5FEE411-D94F-4DE1-8EA0-9C32602EB7EF,0973474532717,SAKFRÅGAN""",,com.hack23.cia.model.external.riksdagen.votering.impl.VoteData,
8237464,845830,,com.hack23.cia.model.external.riksdagen.dokumentstatus.impl.DocumentStatusContainer,
5623287,,embeddedId,,5623285
6243407,,embeddedId,,6243406
4121380,,embeddedId,,4121378
2258782,,embeddedId,,2258781
7299023,"""h411745""",,com.hack23.cia.model.external.riksdagen.dokumentlista.impl.DocumentElement,
4950377,,embeddedId,,4950376
9732953,2265800,,com.hack23.cia.model.external.riksdagen.documentcontent.impl.DocumentContentData,
2833215,"""3,774DB4BC-63BB-4184-B9E0-A8C67051D0A9,0718937995813,SAKFRÅGAN""",,com.hack23.cia.model.external.riksdagen.votering.impl.VoteData,
12065290,"""1,4A3C862E-8B1F-41A6-B81A-5E86DFF477AB,0780214960516,SAKFRÅGAN""",,com.hack23.cia.model.external.riksdagen.votering.impl.VoteData,
7494339,139650,,com.hack23.cia.model.external.worldbank.indicators.impl.Topics,
208704,"""4,A8151610-0C5C-4CED-9C7E-1CDEF47E4A58,0611350076611,SAKFRÅGAN""",,com.hack23.cia.model.external.riksdagen.votering.impl.VoteData,
351773,,embeddedId,,351772
2727834,,embeddedId,,2727833
2183720,"""10,9999F612-F48E-487F-B020-41722F35902C,0538982776628,SAKFRÅGAN""",,com.hack23.cia.model.external.riksdagen.votering.impl.VoteData,
12226614,,embeddedId,,12226613
6849778,"""1,78187A7D-D479-4DDF-8F00-ED53AC6EFB6F,0807438844115,SAKFRÅGAN""",,com.hack23.cia.model.external.riksdagen.votering.impl.VoteData,
3415668,"""1,E812F38E-54D7-492C-B67A-323BEC9C65E3,037561614928,SAKFRÅGAN""",,com.hack23.cia.model.external.riksdagen.votering.impl.VoteData,
9941691,,indicator,,9941687
11540798,2979369,,com.hack23.cia.model.external.worldbank.data.impl.WorldBankData,
6964292,"""13,296AEA56-2BE8-410C-B665-D73C94F10CE4,0793372891224,SAKFRÅGAN""",,com.hack23.cia.model.external.riksdagen.votering.impl.VoteData,
4469096,"""30,8D5A8589-B091-44DC-959C-750A970B1345,0390912778804,SAKFRÅGAN""",,com.hack23.cia.model.external.riksdagen.votering.impl.VoteData,
2871187,,embeddedId,,2871185
5062885,,embeddedId,,5062884
2730678,,embeddedId,,2730677
11336022,,country,,11336021
2992931,"""6,F01202DB-4D7A-4341-B0D9-91924AAF642C,031414803913,SAKFRÅGAN""",,com.hack23.cia.model.external.riksdagen.votering.impl.VoteData,
288364,"""3,37439565-12A0-4028-872C-47D9C0287F14,0371688419616,SAKFRÅGAN""",,com.hack23.cia.model.external.riksdagen.votering.impl.VoteData,
6397473,"""1,9BF5435E-FD2D-43A3-80E5-9410413E2905,0240128497814,SAKFRÅGAN""",,com.hack23.cia.model.external.riksdagen.votering.impl.VoteData,
3003101,,embeddedId,,3003100
5405103,"""6,0A565246-6C57-4659-80DF-544FF0F504FB,0226631365426,SAKFRÅGAN""",,com.hack23.cia.model.external.riksdagen.votering.impl.VoteData,
2869860,,embeddedId,,2869859
8854231,1431724,,com.hack23.cia.model.external.riksdagen.dokumentstatus.impl.DocumentReferenceContainer,
3869022,"""5,0DEFF676-47D7-4B36-9F85-DA3C0B95BEBE,0832311880029,SAKFRÅGAN""",,com.hack23.cia.model.external.riksdagen.votering.impl.VoteData,
12170798,,embeddedId,,12170797
3889372,"""14,10CEAF7E-821C-47F4-92B8-21BE7ADE72F7,0519542449425,SAKFRÅGAN""",,com.hack23.cia.model.external.riksdagen.votering.impl.VoteData,
494467,,embeddedId,,494465
6961231,,embeddedId,,6961230
5152181,,embeddedId,,5152180
9543221,2086345,,com.hack23.cia.model.external.riksdagen.dokumentstatus.impl.DocumentReferenceData,
6433411,,embeddedId,,6433410
1948857,"""3,830C821A-45B8-4CE6-A44A-FEB9AAE5A952,0925652297119,SAKFRÅGAN""",,com.hack23.cia.model.external.riksdagen.votering.impl.VoteData,
8277530,883925,,com.hack23.cia.model.external.riksdagen.dokumentstatus.impl.DocumentReferenceData,
4540333,"""1,7186B4E6-8D30-4717-A4E0-7BEF3AAA6F72,0720250789315,SAKFRÅGAN""",,com.hack23.cia.model.external.riksdagen.votering.impl.VoteData,
9883231,,indicator,,9883230
11070015,,country,,11070014
7174577,"""gs02ub203""",,com.hack23.cia.model.external.riksdagen.dokumentlista.impl.DocumentElement,
3120117,"""34,A9923D53-F175-472D-9628-5DEEAB5FC853,0150664940102,SAKFRÅGAN""",,com.hack23.cia.model.external.riksdagen.votering.impl.VoteData,
414692,,embeddedId,,414691
4805444,"""1,CB4C6EB9-241C-47EE-A50C-D0779FB16F90,0461756329828,SAKFRÅGAN""",,com.hack23.cia.model.external.riksdagen.votering.impl.VoteData,
815792,,embeddedId,,815791
11641254,,country,,11641250
11981179,3311977,,com.hack23.cia.model.external.riksdagen.dokumentstatus.impl.DocumentActivityData,
6064399,,embeddedId,,6064398
10110644,2443334,,com.hack23.cia.model.external.worldbank.data.impl.WorldBankData,
10876459,,country,,10876455
5919466,,embeddedId,,5919464
5290989,,embeddedId,,5290988
6138452,"""8,3725650B-F0CB-416C-ADE0-9C2ED725B0BE,0980092192122,SAKFRÅGAN""",,com.hack23.cia.model.external.riksdagen.votering.impl.VoteData,
11878722,3213716,,com.hack23.cia.model.external.riksdagen.documentcontent.impl.DocumentContentData,
11956703,3288577,,com.hack23.cia.model.external.riksdagen.dokumentstatus.impl.DocumentDetailData,
6614201,,embeddedId,,6614200
618392,"""15,4E3BA033-FC8C-47E3-864F-EE5C0B6F8C27,0252067342313,SAKFRÅGAN""",,com.hack23.cia.model.external.riksdagen.votering.impl.VoteData,
5759854,"""10,E493F342-A2F6-4730-94B0-094DA7FA6E58,0909948830718,SAKFRÅGAN""",,com.hack23.cia.model.external.riksdagen.votering.impl.VoteData,
11619684,3006217,,com.hack23.cia.model.external.worldbank.data.impl.WorldBankData,
4792539,,embeddedId,,4792538
4685504,"""1,DC120357-B766-4E85-B4E5-EE984AD3CF2F,039984931601,SAKFRÅGAN""",,com.hack23.cia.model.external.riksdagen.votering.impl.VoteData,
11341885,,country,,11341884
8368410,970273,,com.hack23.cia.model.external.riksdagen.dokumentstatus.impl.DocumentDetailData,
757943,"""26,28EA3781-272B-461A-A1E3-6FC77F4B3AB8,0395416536118,SAKFRÅGAN""",,com.hack23.cia.model.external.riksdagen.votering.impl.VoteData,
8804952,"""H102Ub417""",,com.hack23.cia.model.external.riksdagen.dokumentstatus.impl.DocumentData,
2332287,,embeddedId,,2332285
9194384,1755040,,com.hack23.cia.model.external.riksdagen.dokumentstatus.impl.DocumentStatusContainer,
5629477,,embeddedId,,5629476
12847881,1180728,,com.hack23.cia.model.internal.application.data.rules.impl.RuleViolation,
2380223,"""2,D7A2AAF9-38A2-45DA-BD06-70984C8987D9,0792716417210,SAKFRÅGAN""",,com.hack23.cia.model.external.riksdagen.votering.impl.VoteData,
5116231,,embeddedId,,5116230
5859619,,embeddedId,,5859618
8083776,699858,,com.hack23.cia.model.external.worldbank.indicators.impl.IndicatorElement,
1094148,"""20,5161B7F9-28C1-4C0B-891D-4B20A5EE56B8,0372414474424,SAKFRÅGAN""",,com.hack23.cia.model.external.riksdagen.votering.impl.VoteData,
2764299,"""1,ECEFAA2C-EA81-47D5-B69B-C891E1B23AA6,0699506181311,SAKFRÅGAN""",,com.hack23.cia.model.external.riksdagen.votering.impl.VoteData,
444922,,embeddedId,,444921
6197839,,embeddedId,,6197838
4588163,,embeddedId,,4588162
12766141,1117481,,com.hack23.cia.model.internal.application.data.rules.impl.RuleViolation,
2957339,"""1,CF1012ED-6022-40D0-A6F6-C5444DF1ED9C,0509830681123,SAKFRÅGAN""",,com.hack23.cia.model.external.riksdagen.votering.impl.VoteData,
394642,13815,,com.hack23.cia.model.external.riksdagen.person.impl.AssignmentData,
12366369,1021027,,com.hack23.cia.model.internal.application.data.rules.impl.RuleViolation,
12287513,"""7,FFAB3D3B-7EFA-11D8-AFA5-0004755048D1,0575745085214,SAKFRÅGAN""",,com.hack23.cia.model.external.riksdagen.votering.impl.VoteData,
691571,,embeddedId,,691570
7273712,"""h8022736""",,com.hack23.cia.model.external.riksdagen.dokumentlista.impl.DocumentElement,
8019709,639097,,com.hack23.cia.model.external.riksdagen.dokumentstatus.impl.DocumentReferenceContainer,
5328521,,embeddedId,,5328519
2831885,"""2,7BF7E866-EEA6-4DE8-B2DC-95279720116E,0401150407611,SAKFRÅGAN""",,com.hack23.cia.model.external.riksdagen.votering.impl.VoteData,
10998835,,country,,10998833
6412238,"""1,DCC6E7FC-7F44-4850-B9FD-37136FE71B99,0667220767927,SAKFRÅGAN""",,com.hack23.cia.model.external.riksdagen.votering.impl.VoteData,
10517017,,indicator,,10517015
9546060,2089033,,com.hack23.cia.model.external.riksdagen.dokumentstatus.impl.DocumentReferenceData,
9516927,,source,,9516926
2834127,"""1,B86273E5-84C0-4AEC-9E90-1B079B0C5CBF,0205360448417,SAKFRÅGAN""",,com.hack23.cia.model.external.riksdagen.votering.impl.VoteData,
12405960,,embeddedId,,12405957
12096283,"""4,800638A0-0F89-4C13-84AB-F959696A7C29,0240670797111,SAKFRÅGAN""",,com.hack23.cia.model.external.riksdagen.votering.impl.VoteData,
1016382,,embeddedId,,1016380
5495663,"""7,63005684-1B2D-4A2B-BDAB-38A99A5707C8,0780836041816,SAKFRÅGAN""",,com.hack23.cia.model.external.riksdagen.votering.impl.VoteData,
1943777,"""1,FDA46958-CE6C-4032-90BF-1BC9BAE60358,0932000030511,SAKFRÅGAN""",,com.hack23.cia.model.external.riksdagen.votering.impl.VoteData,
4285024,"""30,CF4355FB-E749-452D-9F3A-D1A030A2B476,0383111552218,SAKFRÅGAN""",,com.hack23.cia.model.external.riksdagen.votering.impl.VoteData,
10688183,,country,,10688181
8206904,816753,,com.hack23.cia.model.external.riksdagen.dokumentstatus.impl.DocumentActivityData,
2403243,"""3,126B372B-C376-4032-949C-D416BB96765C,0980725315516,SAKFRÅGAN""",,com.hack23.cia.model.external.riksdagen.votering.impl.VoteData,
2826615,"""5,34F97061-5F3F-417F-BAB2-B64F71BD7ECA,0869873635602,SAKFRÅGAN""",,com.hack23.cia.model.external.riksdagen.votering.impl.VoteData,
6737147,,embeddedId,,6737146
3909621,,embeddedId,,3909620
9639734,2177815,,com.hack23.cia.model.external.riksdagen.dokumentstatus.impl.DocumentDetailData,
10359204,2547708,,com.hack23.cia.model.external.worldbank.data.impl.WorldBankData,
7258171,"""gwa11c193d""",,com.hack23.cia.model.external.riksdagen.dokumentlista.impl.DocumentElement,
1903149,"""2,620E11CB-9BB3-4CD5-852B-C1FE926AD0F3,0446541913415,SAKFRÅGAN""",,com.hack23.cia.model.external.riksdagen.votering.impl.VoteData,
8230459,839190,,com.hack23.cia.model.external.riksdagen.dokumentstatus.impl.DocumentPersonReferenceData,
5353555,,embeddedId,,5353553
8298517,903864,,com.hack23.cia.model.external.riksdagen.dokumentstatus.impl.DocumentActivityData,
962792,,embeddedId,,962791
11959799,3291533,,com.hack23.cia.model.external.riksdagen.dokumentstatus.impl.DocumentActivityData,
5699671,,embeddedId,,5699670
10913243,,country,,10913242
3719265,,embeddedId,,3719264
6796938,"""1,8C9C2867-18BD-4817-A5DF-22A68EFDFD19,0744993950910,SAKFRÅGAN""",,com.hack23.cia.model.external.riksdagen.votering.impl.VoteData,
4936978,"""6,C00446DA-DD77-47B0-993C-E553FB87950D,0604811710522,SAKFRÅGAN""",,com.hack23.cia.model.external.riksdagen.votering.impl.VoteData,
11751870,3093501,,com.hack23.cia.model.external.riksdagen.documentcontent.impl.DocumentContentData,
11484166,,indicator,,11484165
3291347,"""8,04C2335C-F2AF-4762-B364-D6DB2058A9E0,0245113256029,SAKFRÅGAN""",,com.hack23.cia.model.external.riksdagen.votering.impl.VoteData,
2190342,,embeddedId,,2190341
6454552,"""4,88158284-6D0F-11D8-AF8B-0004755048D1,0960030082916,SAKFRÅGAN""",,com.hack23.cia.model.external.riksdagen.votering.impl.VoteData,
6790800,,embeddedId,,6790798
3976144,"""3,EDB6D2DE-3ED4-46E0-A064-B17E0585B071,0962841101917,SAKFRÅGAN""",,com.hack23.cia.model.external.riksdagen.votering.impl.VoteData,
9798523,,country,,9798522
5404613,,embeddedId,,5404612
790907,,embeddedId,,790906
3239526,,embeddedId,,3239525
10643047,,country,,10643045
8465885,1063101,,com.hack23.cia.model.external.riksdagen.dokumentstatus.impl.DocumentStatusContainer,
8362460,964635,,com.hack23.cia.model.external.riksdagen.documentcontent.impl.DocumentContentData,
6438316,"""15,1CC1C5C6-828C-4431-BB76-C9BB52897E1C,0677738818613,SAKFRÅGAN""",,com.hack23.cia.model.external.riksdagen.votering.impl.VoteData,
7126566,"""gz02so317""",,com.hack23.cia.model.external.riksdagen.dokumentlista.impl.DocumentElement,
10057495,,country,,10057493
563339,"""5,5FCCE188-D532-4669-A064-0990CA235677,0954072997110,SAKFRÅGAN""",,com.hack23.cia.model.external.riksdagen.votering.impl.VoteData,
8336591,939980,,com.hack23.cia.model.external.riksdagen.dokumentstatus.impl.DocumentActivityData,
6129665,,embeddedId,,6129664
5800828,,embeddedId,,5800827
9381029,1932424,,com.hack23.cia.model.external.riksdagen.dokumentstatus.impl.DocumentActivityData,
10039175,,indicator,,10039173
3177548,"""29,4A560EC1-666E-11D7-AF23-0004755047F4,0667054859301,SAKFRÅGAN""",,com.hack23.cia.model.external.riksdagen.votering.impl.VoteData,
6828071,,embeddedId,,6828069
6164942,"""14,55D8A401-0337-47E9-ACB1-8F82634227F4,0983984918111,SAKFRÅGAN""",,com.hack23.cia.model.external.riksdagen.votering.impl.VoteData,
10025377,2407418,,com.hack23.cia.model.external.worldbank.data.impl.WorldBankData,
3837126,"""3,FD754F29-9AEA-4ACC-87B3-8D2D8647B415,0241675049710,SAKFRÅGAN""",,com.hack23.cia.model.external.riksdagen.votering.impl.VoteData,
10760314,,country,,10760313
8216684,826068,,com.hack23.cia.model.external.riksdagen.dokumentstatus.impl.DocumentDetailData,
6297572,"""4,80E6C9D1-71B1-4638-8A60-C8DF2FD7126C,0321885416125,SAKFRÅGAN""",,com.hack23.cia.model.external.riksdagen.votering.impl.VoteData,
4364196,"""3,EA54F170-02E1-11D7-AE8B-000475504AA4,0390912778804,MOTIVFRÅGAN""",,com.hack23.cia.model.external.riksdagen.votering.impl.VoteData,
3535061,,embeddedId,,3535060
2517165,"""9,A1CC6A82-E1F2-466F-A136-6D7182B99748,0395416536118,SAKFRÅGAN""",,com.hack23.cia.model.external.riksdagen.votering.impl.VoteData,
123593,,embeddedId,,123592
9646986,2184652,,com.hack23.cia.model.external.riksdagen.dokumentstatus.impl.DocumentDetailData,
9050852,1618460,,com.hack23.cia.model.external.riksdagen.dokumentstatus.impl.DocumentAttachment,
11202402,,country,,11202401
7934594,558188,,com.hack23.cia.model.external.riksdagen.dokumentstatus.impl.DocumentDetailData,
7596190,236414,,com.hack23.cia.model.external.riksdagen.dokumentstatus.impl.DocumentActivityData,
8164651,776612,,com.hack23.cia.model.external.riksdagen.dokumentstatus.impl.DocumentDetailData,
9980297,,country,,9980296
2006313,,embeddedId,,2006312
5173767,,embeddedId,,5173766
6580458,"""8,591574F4-D95D-46F1-BA77-ACA14638403D,0216534495014,SAKFRÅGAN""",,com.hack23.cia.model.external.riksdagen.votering.impl.VoteData,
10141055,,indicator,,10141054
11845292,3180341,,com.hack23.cia.model.external.riksdagen.documentcontent.impl.DocumentContentData,
12034398,3362637,,com.hack23.cia.model.external.riksdagen.utskottsforslag.impl.AgainstProposalData,
8380579,981832,,com.hack23.cia.model.external.riksdagen.documentcontent.impl.DocumentContentData,
9677992,2214088,,com.hack23.cia.model.external.riksdagen.dokumentstatus.impl.DocumentAttachment,
4194734,"""1,839C8177-B3F0-40C7-8D86-9FED361650F3,0229760896014,SAKFRÅGAN""",,com.hack23.cia.model.external.riksdagen.votering.impl.VoteData,
5048626,"""26,98B75F21-3F2C-11D7-AEAF-000475504780,0285612919302,SAKFRÅGAN""",,com.hack23.cia.model.external.riksdagen.votering.impl.VoteData,
2240756,,embeddedId,,2240754
2570708,,embeddedId,,2570707
1469367,,embeddedId,,1469366
4160191,"""9,2C80B318-B577-4BCA-870C-80BFFC425338,0785143384002,SAKFRÅGAN""",,com.hack23.cia.model.external.riksdagen.votering.impl.VoteData,
7362843,"""h7022228""",,com.hack23.cia.model.external.riksdagen.dokumentlista.impl.DocumentElement,
8003180,623345,,com.hack23.cia.model.external.riksdagen.dokumentstatus.impl.DocumentActivityData,
4072269,,embeddedId,,4072268
5780491,,embeddedId,,5780490
6812057,,embeddedId,,6812056
1655470,"""7,9093C2CF-2994-454E-88DB-6C3E62D4AE95,0457308547314,SAKFRÅGAN""",,com.hack23.cia.model.external.riksdagen.votering.impl.VoteData,
3788565,,embeddedId,,3788564
2892714,,embeddedId,,2892713
3913136,"""6,8989A382-2A60-4E26-896F-6A4490FA38D0,0273506284025,SAKFRÅGAN""",,com.hack23.cia.model.external.riksdagen.votering.impl.VoteData,
6215164,"""1,406EB102-6071-432D-9AFA-A8925A4A1C73,0262525788220,SAKFRÅGAN""",,com.hack23.cia.model.external.riksdagen.votering.impl.VoteData,
10321853,,indicator,,10321852
11134964,2841441,,com.hack23.cia.model.external.worldbank.data.impl.WorldBankData,
303665,"""3,1C0E5B94-DAEB-41A6-96A0-BFFA1E9A0A62,0371882294919,SAKFRÅGAN""",,com.hack23.cia.model.external.riksdagen.votering.impl.VoteData,
7629097,267694,,com.hack23.cia.model.external.riksdagen.dokumentstatus.impl.DocumentStatusContainer,
8848466,1426242,,com.hack23.cia.model.external.riksdagen.documentcontent.impl.DocumentContentData,
6242812,"""3,C2161A9C-0188-4BEB-BAE5-D005E273B73F,0264838147315,SAKFRÅGAN""",,com.hack23.cia.model.external.riksdagen.votering.impl.VoteData,
8056781,674254,,com.hack23.cia.model.external.riksdagen.dokumentstatus.impl.DocumentPersonReferenceData,
9431273,1980226,,com.hack23.cia.model.external.riksdagen.dokumentstatus.impl.DocumentAttachment,
7928601,552474,,com.hack23.cia.model.external.riksdagen.dokumentstatus.impl.DocumentProposalData,
4174100,"""1,8BED3D85-663B-46C0-856A-7B34AB759613,0766285636614,SAKFRÅGAN""",,com.hack23.cia.model.external.riksdagen.votering.impl.VoteData,
8016304,,source,,8016303
8040984,659294,,com.hack23.cia.model.external.riksdagen.dokumentstatus.impl.DocumentActivityData,
8477374,1074048,,com.hack23.cia.model.external.riksdagen.dokumentstatus.impl.DocumentDetailData,
7010628,"""2,F2BA692B-F488-4F8A-8D27-EAECA551F575,0658668232410,SAKFRÅGAN""",,com.hack23.cia.model.external.riksdagen.votering.impl.VoteData,
3802620,"""2,22B04169-3D58-4D47-865B-6BCFF9162FEA,0324815829026,SAKFRÅGAN""",,com.hack23.cia.model.external.riksdagen.votering.impl.VoteData,
9559917,2102086,,com.hack23.cia.model.external.riksdagen.dokumentstatus.impl.DocumentActivityData,
743789,"""5,81E2987C-1746-4462-A72B-32CEB7B7E3F8,0235974887200,SAKFRÅGAN""",,com.hack23.cia.model.external.riksdagen.votering.impl.VoteData,
1011148,"""7,42EBCBD8-2D19-430A-B0DD-6B49B2ADA61F,0665360289423,SAKFRÅGAN""",,com.hack23.cia.model.external.riksdagen.votering.impl.VoteData,
11569410,2989089,,com.hack23.cia.model.external.worldbank.data.impl.WorldBankData,
26218,"""7,81FD8443-AD46-4D70-8278-E4D2742986A3,0604459858621,SAKFRÅGAN""",,com.hack23.cia.model.external.riksdagen.votering.impl.VoteData,
769905,"""7,075E8CC9-1D99-4A81-B041-9808F5F1727E,0296384583518,SAKFRÅGAN""",,com.hack23.cia.model.external.riksdagen.votering.impl.VoteData,
6933463,,embeddedId,,6933462
3094249,,embeddedId,,3094247
655368,,embeddedId,,655367
3658726,"""18,DD8D26C0-99CE-4595-8C60-30A05AB20463,0470861746302,SAKFRÅGAN""",,com.hack23.cia.model.external.riksdagen.votering.impl.VoteData,
6420177,,embeddedId,,6420174
11886097,3220928,,com.hack23.cia.model.external.riksdagen.dokumentstatus.impl.DocumentAttachment,
5823022,"""10,97D6E13A-D39B-4180-804F-0477C5EF43DE,037561614928,SAKFRÅGAN""",,com.hack23.cia.model.external.riksdagen.votering.impl.VoteData,
11706066,3052127,,com.hack23.cia.model.external.riksdagen.documentcontent.impl.DocumentContentData,
275676,"""1,D37CCFEC-63C2-41CC-B0CA-DE34BDBA5C69,0203877548421,SAKFRÅGAN""",,com.hack23.cia.model.external.riksdagen.votering.impl.VoteData,
12553645,1057997,,com.hack23.cia.model.internal.application.data.rules.impl.RuleViolation,
12341645,1006306,,com.hack23.cia.model.internal.application.data.rules.impl.RuleViolation,
7668539,305137,,com.hack23.cia.model.external.riksdagen.documentcontent.impl.DocumentContentData,
4402699,,embeddedId,,4402698
8020906,640213,,com.hack23.cia.model.external.riksdagen.dokumentstatus.impl.DocumentDetailData,
8393341,993934,,com.hack23.cia.model.external.riksdagen.dokumentstatus.impl.DocumentProposalData,
4297367,"""9,B7F2DD81-AAB3-418F-AA02-06DBD181932C,08644719105,SAKFRÅGAN""",,com.hack23.cia.model.external.riksdagen.votering.impl.VoteData,
6220536,,embeddedId,,6220534
9156318,"""GZ02A211""",,com.hack23.cia.model.external.riksdagen.dokumentstatus.impl.DocumentData,
10684987,,country,,10684985
4977466,"""5,230AEEEC-EE94-11D7-88C3-000475500EF8,0427127522211,SAKFRÅGAN""",,com.hack23.cia.model.external.riksdagen.votering.impl.VoteData,
5963311,,embeddedId,,5963310
3690718,"""1,0F5CC7DD-9742-4B20-8ED9-CDC092CB6479,0780214960516,SAKFRÅGAN""",,com.hack23.cia.model.external.riksdagen.votering.impl.VoteData,
3106610,,embeddedId,,3106608
7200446,"""h010156""",,com.hack23.cia.model.external.riksdagen.dokumentlista.impl.DocumentElement,
8102758,717977,,com.hack23.cia.model.external.riksdagen.dokumentstatus.impl.DocumentDetailData,
9925515,,indicator,,9925513
7543706,186483,,com.hack23.cia.model.external.riksdagen.dokumentstatus.impl.DocumentDetailData,
2934330,,embeddedId,,2934329
6913570,"""8,FD6C7092-745E-4915-845D-FC87534B46CC,0697941234716,SAKFRÅGAN""",,com.hack23.cia.model.external.riksdagen.votering.impl.VoteData,
2132775,"""3,6D14C8BC-B3B5-4599-BE56-A519C7FE25DA,0170630324419,SAKFRÅGAN""",,com.hack23.cia.model.external.riksdagen.votering.impl.VoteData,
6154999,"""2,7627E008-43A8-4FC7-A74F-5EC4E9E0A343,0414687558527,SAKFRÅGAN""",,com.hack23.cia.model.external.riksdagen.votering.impl.VoteData,
7917182,541558,,com.hack23.cia.model.external.riksdagen.dokumentstatus.impl.DocumentDetailContainer,
4635457,,embeddedId,,4635456
1647706,"""5,F8E7AB64-2EB2-43D9-BC2E-77BF0C0F0CF2,0928964569700,SAKFRÅGAN""",,com.hack23.cia.model.external.riksdagen.votering.impl.VoteData,
10794359,2723994,,com.hack23.cia.model.external.worldbank.data.impl.WorldBankData,
4571420,"""31,30B590D8-4299-4EA1-A225-11AF086B46F1,0495218011521,SAKFRÅGAN""",,com.hack23.cia.model.external.riksdagen.votering.impl.VoteData,
7102714,"""5,F3AE6F61-A649-4C35-BDC1-9D1ED2C86B2A,0893004490313,SAKFRÅGAN""",,com.hack23.cia.model.external.riksdagen.votering.impl.VoteData,
7648925,"""H5021846""",,com.hack23.cia.model.external.riksdagen.dokumentstatus.impl.DocumentData,
9027018,1595801,,com.hack23.cia.model.external.riksdagen.dokumentstatus.impl.DocumentReferenceData,
9484105,2030294,,com.hack23.cia.model.external.riksdagen.dokumentstatus.impl.DocumentDetailContainer,
715727,,embeddedId,,715726
10236468,2497171,,com.hack23.cia.model.external.worldbank.data.impl.WorldBankData,
9797746,,country,,9797745
3007975,"""6,1FF42442-F549-491D-9857-24B5DF54EF0E,0932000030511,SAKFRÅGAN""",,com.hack23.cia.model.external.riksdagen.votering.impl.VoteData,
12702247,1105570,,com.hack23.cia.model.internal.application.data.rules.impl.RuleViolation,
7599255,239347,,com.hack23.cia.model.external.riksdagen.dokumentstatus.impl.DocumentAttachmentContainer,
7083051,,embeddedId,,7083050
12503911,1048703,,com.hack23.cia.model.external.riksdagen.dokumentstatus.impl.DocumentActivityData,
6251105,,embeddedId,,6251104
7296164,"""h1a1uu29p""",,com.hack23.cia.model.external.riksdagen.dokumentlista.impl.DocumentElement,
7656758,293934,,com.hack23.cia.model.external.riksdagen.dokumentstatus.impl.DocumentActivityData,
10605261,2646445,,com.hack23.cia.model.external.worldbank.data.impl.WorldBankData,
8051449,669202,,com.hack23.cia.model.external.riksdagen.dokumentstatus.impl.DocumentStatusContainer,
8365506,967523,,com.hack23.cia.model.external.riksdagen.dokumentstatus.impl.DocumentDetailContainer,
8564023,1156396,,com.hack23.cia.model.external.riksdagen.dokumentstatus.impl.DocumentPersonReferenceData,
11734690,3077999,,com.hack23.cia.model.external.worldbank.indicators.impl.IndicatorElement,
1238680,"""1,411BC8FE-CDD0-4B24-A1E0-3B4042510077,0962841101917,SAKFRÅGAN""",,com.hack23.cia.model.external.riksdagen.votering.impl.VoteData,
4192869,,embeddedId,,4192868
6681212,,embeddedId,,6681210
11014626,,country,,11014624
11509012,2968565,,com.hack23.cia.model.external.worldbank.data.impl.WorldBankData,
11783875,3122958,,com.hack23.cia.model.external.riksdagen.dokumentstatus.impl.DocumentReferenceData,
6930451,,embeddedId,,6930450
858530,,embeddedId,,858529
8771386,1353180,,com.hack23.cia.model.external.riksdagen.dokumentstatus.impl.DocumentActivityData,
11394720,,indicator,,11394718
5729018,,embeddedId,,5729016
7584305,225180,,com.hack23.cia.model.external.riksdagen.dokumentstatus.impl.DocumentPersonReferenceData,
4347404,"""14,1372A387-BBB9-46FA-AB2A-AB535ABC8425,069309987221,SAKFRÅGAN""",,com.hack23.cia.model.external.riksdagen.votering.impl.VoteData,
4116824,"""4,36395357-5233-4021-861B-BD6993CC6B79,0892215792827,SAKFRÅGAN""",,com.hack23.cia.model.external.riksdagen.votering.impl.VoteData,
429955,,embeddedId,,429954
2602579,"""14,ACCFBB07-BB78-48BA-ABF7-A549E16AC785,0376867803913,SAKFRÅGAN""",,com.hack23.cia.model.external.riksdagen.votering.impl.VoteData,
10361449,,country,,10361447
676649,,embeddedId,,676646
2109120,,embeddedId,,2109119
1002838,,embeddedId,,1002837
5677278,"""6,1114DC3B-96A4-4DFB-9E40-75211DDBBC3D,0506482805418,SAKFRÅGAN""",,com.hack23.cia.model.external.riksdagen.votering.impl.VoteData,
9703189,2237964,,com.hack23.cia.model.external.riksdagen.dokumentstatus.impl.DocumentPersonReferenceData,
3006613,"""1,426892F1-B4E3-4389-9D4E-0D2E113D5509,0228027853620,SAKFRÅGAN""",,com.hack23.cia.model.external.riksdagen.votering.impl.VoteData,
6115143,,embeddedId,,6115142
7859375,486578,,com.hack23.cia.model.external.riksdagen.dokumentstatus.impl.DocumentProposalData,
3837221,,embeddedId,,3837218
269184,"""4,2EC37D53-5661-4350-A165-ED0DEEC08113,0279488554424,SAKFRÅGAN""",,com.hack23.cia.model.external.riksdagen.votering.impl.VoteData,
9106115,1671013,,com.hack23.cia.model.external.riksdagen.dokumentstatus.impl.DocumentPersonReferenceData,
4721920,"""3,377D894F-6E0D-49A4-95A0-81590BE5818D,0138741628520,SAKFRÅGAN""",,com.hack23.cia.model.external.riksdagen.votering.impl.VoteData,
9833738,,country,,9833737
6330017,"""1,0A544BEF-C0A8-4CAD-BD57-85EE42D17CF8,0638431210311,SAKFRÅGAN""",,com.hack23.cia.model.external.riksdagen.votering.impl.VoteData,
4736667,"""h611614""",,com.hack23.cia.model.external.riksdagen.dokumentlista.impl.DocumentElement,
2240470,,embeddedId,,2240469
11945748,3278185,,com.hack23.cia.model.external.riksdagen.dokumentstatus.impl.DocumentProposalData,
61311,,embeddedId,,61310
11618905,3005937,,com.hack23.cia.model.external.worldbank.data.impl.WorldBankData,
8948724,1521333,,com.hack23.cia.model.external.riksdagen.dokumentstatus.impl.DocumentActivityData,
7072923,,embeddedId,,7072922
1864386,,embeddedId,,1864385
1308097,"""7,92624DA6-D37C-4335-9D01-94BD8AA03D1B,012576033427,SAKFRÅGAN""",,com.hack23.cia.model.external.riksdagen.votering.impl.VoteData,
3995742,,embeddedId,,3995741
7360429,"""h7021142""",,com.hack23.cia.model.external.riksdagen.dokumentlista.impl.DocumentElement,
387376,,embeddedId,,387375
4891680,"""19,03ADDC20-0D86-405B-9BCB-7FE5EA04DDD1,0909948830718,SAKFRÅGAN""",,com.hack23.cia.model.external.riksdagen.votering.impl.VoteData,
11938198,3270987,,com.hack23.cia.model.external.riksdagen.dokumentstatus.impl.DocumentDetailData,
4078828,,embeddedId,,4078827
4864390,"""10,9C8E4095-D8F8-4F52-BDBB-8FE0AC29E5E8,0291542732518,SAKFRÅGAN""",,com.hack23.cia.model.external.riksdagen.votering.impl.VoteData,
8968314,1540038,,com.hack23.cia.model.external.riksdagen.dokumentstatus.impl.DocumentActivityData,
235472,,embeddedId,,235471
8853264,1430782,,com.hack23.cia.model.external.riksdagen.dokumentstatus.impl.DocumentPersonReferenceData,
10261571,,indicator,,10261569
4289058,"""2,DBA24036-9A4F-473A-9EB8-CEA184117F1C,0227802801605,SAKFRÅGAN""",,com.hack23.cia.model.external.riksdagen.votering.impl.VoteData,
4472952,"""1,5FAAA299-D5E7-466C-968F-32E2A4D4C6AA,0604459858621,SAKFRÅGAN""",,com.hack23.cia.model.external.riksdagen.votering.impl.VoteData,
3057817,"""3,1508CB30-3E4F-45E9-968E-7B74C77E6A10,0410640630411,SAKFRÅGAN""",,com.hack23.cia.model.external.riksdagen.votering.impl.VoteData,
12669845,"""1,D56A80C0-3E2A-471C-B094-07E4B1FF6F22,0222102752213,SAKFRÅGAN""",,com.hack23.cia.model.external.riksdagen.votering.impl.VoteData,
11561078,,indicator,,11561077
6273573,,embeddedId,,6273571
6368389,,embeddedId,,6368388
1926640,,embeddedId,,1926639
10842861,,country,,10842860
4917286,"""16,4761CA68-3042-4772-A492-FED0BE82D168,0338088431726,SAKFRÅGAN""",,com.hack23.cia.model.external.riksdagen.votering.impl.VoteData,
3117064,,embeddedId,,3117063
10535765,,country,,10535763
9513154,2057858,,com.hack23.cia.model.external.riksdagen.documentcontent.impl.DocumentContentData,
5460721,,embeddedId,,5460720
7494334,139648,,com.hack23.cia.model.external.riksdagen.dokumentstatus.impl.DocumentProposalData,
2196511,,embeddedId,,2196509
7520818,164768,,com.hack23.cia.model.external.riksdagen.dokumentstatus.impl.DocumentPersonReferenceData,
3733016,"""1,39781516-ADA4-4DA5-9D83-E5F14DC7E078,0376867803913,SAKFRÅGAN""",,com.hack23.cia.model.external.riksdagen.votering.impl.VoteData,
2313577,"""1,1555A5E7-F32E-11D6-AE5E-0004755030A2,0161597857912,SAKFRÅGAN""",,com.hack23.cia.model.external.riksdagen.votering.impl.VoteData,
12846937,1179798,,com.hack23.cia.model.internal.application.data.rules.impl.RuleViolation,
2598456,,embeddedId,,2598455
6314870,"""13,20EEACDB-B643-44D7-BD19-BFD943D50E1E,0720250789315,SAKFRÅGAN""",,com.hack23.cia.model.external.riksdagen.votering.impl.VoteData,
4041188,"""10,D9C23CEA-6FAE-4391-BC58-F531BD08A2BC,0452755722723,SAKFRÅGAN""",,com.hack23.cia.model.external.riksdagen.votering.impl.VoteData,
1091565,"""320acaba-2741-44c9-8df4-13f8b8fe9dbd""",,com.hack23.cia.model.external.riksdagen.person.impl.PersonData,
7277381,"""gx0k159""",,com.hack23.cia.model.external.riksdagen.dokumentlista.impl.DocumentElement,
9435115,1983872,,com.hack23.cia.model.external.riksdagen.dokumentstatus.impl.DocumentPersonReferenceData,
10742931,2704336,,com.hack23.cia.model.external.riksdagen.utskottsforslag.impl.AgainstProposalData,
12043146,4647,,com.hack23.cia.model.internal.application.data.ministry.impl.GovernmentBodyData,
8441124,1039570,,com.hack23.cia.model.external.riksdagen.dokumentstatus.impl.DocumentReferenceData,
8551881,1144901,,com.hack23.cia.model.external.riksdagen.dokumentstatus.impl.DocumentDetailData,
8734959,1318666,,com.hack23.cia.model.external.riksdagen.dokumentstatus.impl.DocumentActivityContainer,
1571602,"""2,5A0DB0B4-3DCF-11D7-AE24-0004755010CE,0667054859301,SAKFRÅGAN""",,com.hack23.cia.model.external.riksdagen.votering.impl.VoteData,
12063611,3380638,,com.hack23.cia.model.internal.application.data.rules.impl.RuleViolation,
2637804,,embeddedId,,2637803
4089614,"""2,268C3EDC-1C1B-46D4-93D9-3D9039199A61,0516528386117,SAKFRÅGAN""",,com.hack23.cia.model.external.riksdagen.votering.impl.VoteData,
10578963,,indicator,,10578962
8531122,"""H901JuU33""",,com.hack23.cia.model.external.riksdagen.dokumentstatus.impl.DocumentData,
8680075,,source,,8680072
5825867,,embeddedId,,5825866
12723193,"""2,6EAB58D8-26D6-47D5-8308-6CF9FA9C4818,0202577142527,SAKFRÅGAN""",,com.hack23.cia.model.external.riksdagen.votering.impl.VoteData,
7044344,"""3,F1B6F2B5-9F6E-4FF2-BD47-1AAE7B69824B,0758652610,SAKFRÅGAN""",,com.hack23.cia.model.external.riksdagen.votering.impl.VoteData,
7120055,"""rdh8a3tu1""",,com.hack23.cia.model.external.riksdagen.dokumentlista.impl.DocumentElement,
7585320,226125,,com.hack23.cia.model.external.riksdagen.dokumentstatus.impl.DocumentActivityData,
162127,,embeddedId,,162126
9728051,2261398,,com.hack23.cia.model.external.riksdagen.documentcontent.impl.DocumentContentData,
3966970,"""6,561262FC-1444-4167-8DC5-FA40062CB88C,0866055333028,SAKFRÅGAN""",,com.hack23.cia.model.external.riksdagen.votering.impl.VoteData,
346299,,embeddedId,,346298
12632912,"""1,D2A6F2D3-3E7B-4100-BFFD-BDFCB63AF6B7,0360160202728,SAKFRÅGAN""",,com.hack23.cia.model.external.riksdagen.votering.impl.VoteData,
3096880,,embeddedId,,3096879
5174437,"""12,6193C04A-5B03-4EFD-850D-D7A9CB9D926F,0283284978818,SAKFRÅGAN""",,com.hack23.cia.model.external.riksdagen.votering.impl.VoteData,
6752740,"""1,B0EDCEDB-78B7-43AB-BAEB-B2282DD065B0,0903307301618,MOTIVFRÅGAN""",,com.hack23.cia.model.external.riksdagen.votering.impl.VoteData,
6777851,,embeddedId,,6777850
1814311,,embeddedId,,1814309
4139632,"""12,265E87B2-7148-4F41-9868-B4A401DF0110,0327372175911,SAKFRÅGAN""",,com.hack23.cia.model.external.riksdagen.votering.impl.VoteData,
9570105,2111749,,com.hack23.cia.model.external.riksdagen.dokumentstatus.impl.DocumentPersonReferenceContainer,
1247199,,embeddedId,,1247198
7034274,,embeddedId,,7034272
3452859,"""1,F375A875-5DA1-4568-B253-E5275959DD9B,0706974423606,SAKFRÅGAN""",,com.hack23.cia.model.external.riksdagen.votering.impl.VoteData,
9429338,1978382,,com.hack23.cia.model.external.riksdagen.dokumentstatus.impl.DocumentActivityData,
3596436,"""8,4A33B220-8928-4626-91DB-57138F687D69,0126797549328,SAKFRÅGAN""",,com.hack23.cia.model.external.riksdagen.votering.impl.VoteData,
11571187,2989702,,com.hack23.cia.model.external.worldbank.data.impl.WorldBankData,
715199,,embeddedId,,715198
4385544,"""5,17B200D7-FC27-4685-B2A8-910CFE4CF11B,0520793981601,SAKFRÅGAN""",,com.hack23.cia.model.external.riksdagen.votering.impl.VoteData,
10099897,2438598,,com.hack23.cia.model.external.riksdagen.utskottsforslag.impl.CommitteeProposalData,
8265538,872556,,com.hack23.cia.model.external.riksdagen.dokumentstatus.impl.DocumentReferenceData,
4270997,,embeddedId,,4270995
3028182,,embeddedId,,3028181
10489552,,indicator,,10489551
10580129,2636329,,com.hack23.cia.model.external.riksdagen.utskottsforslag.impl.CommitteeProposalData,
9907913,,indicator,,9907911
4446909,,embeddedId,,4446908
1206308,"""16,8D61A674-386C-11D9-8958-000423231A6B,0395613047500,SAKFRÅGAN""",,com.hack23.cia.model.external.riksdagen.votering.impl.VoteData,
7435123,83528,,com.hack23.cia.model.external.riksdagen.dokumentstatus.impl.DocumentPersonReferenceData,
2706534,"""3,19B4FE7D-9FF5-4103-93D7-59C926CF294D,0677738818613,SAKFRÅGAN""",,com.hack23.cia.model.external.riksdagen.votering.impl.VoteData,
12066226,"""2,00178723-112D-4742-8BE9-B606161A44DF,0523902030928,SAKFRÅGAN""",,com.hack23.cia.model.external.riksdagen.votering.impl.VoteData,
8612917,1202944,,com.hack23.cia.model.external.riksdagen.dokumentstatus.impl.DocumentDetailData,
764972,,embeddedId,,764971
11406707,,country,,11406706
8686231,1272461,,com.hack23.cia.model.external.riksdagen.dokumentstatus.impl.DocumentAttachmentContainer,
1832857,"""1,44CA7483-BDA9-4970-9E38-4AA22A295911,0731442709013,SAKFRÅGAN""",,com.hack23.cia.model.external.riksdagen.votering.impl.VoteData,
7769898,401487,,com.hack23.cia.model.external.riksdagen.dokumentstatus.impl.DocumentActivityData,
4632843,,embeddedId,,4632842
9395905,1946586,,com.hack23.cia.model.external.riksdagen.dokumentstatus.impl.DocumentReferenceData,
1987452,,embeddedId,,1987450
7792452,422910,,com.hack23.cia.model.external.riksdagen.dokumentstatus.impl.DocumentActivityData,
886453,"""8,A509D129-4271-42DA-8F5E-48A4772BBC4F,0677738818613,SAKFRÅGAN""",,com.hack23.cia.model.external.riksdagen.votering.impl.VoteData,
9737047,2269484,,com.hack23.cia.model.external.riksdagen.documentcontent.impl.DocumentContentData,
9635057,2173380,,com.hack23.cia.model.external.riksdagen.dokumentstatus.impl.DocumentDetailData,
1987914,,embeddedId,,1987912
3321764,"""1,03028596-AF77-4BB1-A574-63263DF80C10,0574724112206,SAKFRÅGAN""",,com.hack23.cia.model.external.riksdagen.votering.impl.VoteData,
381377,,embeddedId,,381376
12404147,,embeddedId,,12404146
10786208,,country,,10786206
2634106,,embeddedId,,2634105
11983139,"""H20320""",,com.hack23.cia.model.external.riksdagen.dokumentstatus.impl.DocumentData,
6041099,,embeddedId,,6041098
11390428,2928323,,com.hack23.cia.model.external.worldbank.data.impl.WorldBankData,
2425211,"""9,A017AD78-880E-4A68-A1CE-3E2B83997B02,0972254695405,SAKFRÅGAN""",,com.hack23.cia.model.external.riksdagen.votering.impl.VoteData,
6504080,"""5,7B7AD291-DE46-4601-A5A0-F84BD0C31C61,051207517226,SAKFRÅGAN""",,com.hack23.cia.model.external.riksdagen.votering.impl.VoteData,
9119066,1683347,,com.hack23.cia.model.external.riksdagen.dokumentstatus.impl.DocumentProposalData,
4319592,"""1,59479EBD-A426-4BE1-9D06-B6C39678CDAF,0196024739401,SAKFRÅGAN""",,com.hack23.cia.model.external.riksdagen.votering.impl.VoteData,
11596816,2998435,,com.hack23.cia.model.external.worldbank.data.impl.WorldBankData,
8207953,817800,,com.hack23.cia.model.external.riksdagen.dokumentstatus.impl.DocumentPersonReferenceData,
8507599,1102719,,com.hack23.cia.model.external.riksdagen.dokumentstatus.impl.DocumentPersonReferenceData,
6671955,,embeddedId,,6671954
5399699,,embeddedId,,5399698
3505172,"""2,8D8C4A50-5C20-4174-AD80-5353E42B81F5,0405594274208,SAKFRÅGAN""",,com.hack23.cia.model.external.riksdagen.votering.impl.VoteData,
10567137,2631218,,com.hack23.cia.model.external.riksdagen.utskottsforslag.impl.CommitteeProposalData,
7337106,"""h40j20161201""",,com.hack23.cia.model.external.riksdagen.dokumentlista.impl.DocumentElement,
2829874,,embeddedId,,2829873
11677030,3025981,,com.hack23.cia.model.external.riksdagen.documentcontent.impl.DocumentContentData,
7855202,482603,,com.hack23.cia.model.external.riksdagen.dokumentstatus.impl.DocumentPersonReferenceContainer,
5725229,,embeddedId,,5725227
11841306,3176355,,com.hack23.cia.model.external.riksdagen.documentcontent.impl.DocumentContentData,
5810836,"""6,F6083A63-519B-4CCE-8EA8-780F7BAA1E96,0681085425612,SAKFRÅGAN""",,com.hack23.cia.model.external.riksdagen.votering.impl.VoteData,
12206790,"""6,9CB5C1C9-8204-11D7-AE88-0004755053B1,0836614547702,SAKFRÅGAN""",,com.hack23.cia.model.external.riksdagen.votering.impl.VoteData,
9663492,"""HC02808""",,com.hack23.cia.model.external.riksdagen.dokumentstatus.impl.DocumentData,
7644628,282426,,com.hack23.cia.model.external.riksdagen.dokumentstatus.impl.DocumentDetailData,
4010746,"""49,F9AC35A9-AF47-49AB-A735-F57CF2F134B9,0183544538819,SAKFRÅGAN""",,com.hack23.cia.model.external.riksdagen.votering.impl.VoteData,
11739982,3082796,,com.hack23.cia.model.external.worldbank.indicators.impl.Topic,
3451016,,embeddedId,,3451015
7539162,182187,,com.hack23.cia.model.external.riksdagen.dokumentstatus.impl.DocumentReferenceData,
9355039,1907699,,com.hack23.cia.model.external.riksdagen.dokumentstatus.impl.DocumentReferenceData,
4601578,"""2,F1037BB4-5CB1-4875-95AE-BBCFA01D1692,0634122058105,SAKFRÅGAN""",,com.hack23.cia.model.external.riksdagen.votering.impl.VoteData,
5582907,,embeddedId,,5582906
8911070,1485583,,com.hack23.cia.model.external.riksdagen.dokumentstatus.impl.DocumentDetailData,
146479,"""11,17654D5D-303A-4E63-82EC-3A82A6340133,0128805841317,SAKFRÅGAN""",,com.hack23.cia.model.external.riksdagen.votering.impl.VoteData,
3489138,"""28,DE1EEF02-3CFC-11D7-AE67-00047552FE03,042839539117,SAKFRÅGAN""",,com.hack23.cia.model.external.riksdagen.votering.impl.VoteData,
8000928,621205,,com.hack23.cia.model.external.riksdagen.documentcontent.impl.DocumentContentData,
317384,,embeddedId,,317383
1868640,"""6,BD138E34-D5E8-4E54-9A0E-D7A1B7B187E6,0845133742919,SAKFRÅGAN""",,com.hack23.cia.model.external.riksdagen.votering.impl.VoteData,
11325464,,indicator,,11325463
11721627,3066188,,com.hack23.cia.model.external.riksdagen.documentcontent.impl.DocumentContentData,
2797978,,embeddedId,,2797976
74429,,embeddedId,,74428
6754492,"""13,0652CFEF-0395-11D7-AE88-000475504780,0331967573912,SAKFRÅGAN""",,com.hack23.cia.model.external.riksdagen.votering.impl.VoteData,
9009277,1578966,,com.hack23.cia.model.external.riksdagen.dokumentstatus.impl.DocumentDetailContainer,
6369467,,embeddedId,,6369466
9831919,,country,,9831918
8436488,1035131,,com.hack23.cia.model.external.riksdagen.dokumentstatus.impl.DocumentDetailData,
3472483,"""3,F4B8C383-E7F1-4C43-A119-49B4BF0E19A9,09812885803,SAKFRÅGAN""",,com.hack23.cia.model.external.riksdagen.votering.impl.VoteData,
11328827,2907396,,com.hack23.cia.model.external.worldbank.data.impl.WorldBankData,
8832495,1411103,,com.hack23.cia.model.external.riksdagen.dokumentstatus.impl.DocumentProposalData,
1257855,,embeddedId,,1257854
6662893,,embeddedId,,6662892
2532006,,embeddedId,,2532004
9299572,1855012,,com.hack23.cia.model.external.riksdagen.dokumentstatus.impl.DocumentAttachment,
4256471,,embeddedId,,4256470
1193821,"""2,98CD26BC-41EB-11D8-8911-000475501246,0438928446810,SAKFRÅGAN""",,com.hack23.cia.model.external.riksdagen.votering.impl.VoteData,
5835736,"""1,11E74681-018C-11D9-AE73-0004755053B2,0653904370212,SAKFRÅGAN""",,com.hack23.cia.model.external.riksdagen.votering.impl.VoteData,
1407726,,embeddedId,,1407725
442141,"""1,7BC43F20-AF2B-4A06-B81D-D4905514281A,0537400268911,SAKFRÅGAN""",,com.hack23.cia.model.external.riksdagen.votering.impl.VoteData,
7331878,"""h3a3juu201606071100""",,com.hack23.cia.model.external.riksdagen.dokumentlista.impl.DocumentElement,
7341055,"""h6a2eun11p""",,com.hack23.cia.model.external.riksdagen.dokumentlista.impl.DocumentElement,
8404680,1004717,,com.hack23.cia.model.external.riksdagen.dokumentstatus.impl.DocumentDetailData,
1372425,47050,,com.hack23.cia.model.external.riksdagen.person.impl.AssignmentData,
1483942,"""5,38150E8A-1AE9-4F41-AA79-0440BB2F1617,0387230530213,SAKFRÅGAN""",,com.hack23.cia.model.external.riksdagen.votering.impl.VoteData,
11618065,3005640,,com.hack23.cia.model.external.worldbank.data.impl.WorldBankData,
2816962,,embeddedId,,2816961
10454752,2586961,,com.hack23.cia.model.external.riksdagen.utskottsforslag.impl.AgainstProposalData,
5661482,"""1,9FA3EA3A-6FE3-4AAC-AA55-CCC0F2904132,0831039938224,SAKFRÅGAN""",,com.hack23.cia.model.external.riksdagen.votering.impl.VoteData,
7423617,72758,,com.hack23.cia.model.external.riksdagen.dokumentstatus.impl.DocumentProposalContainer,
12707203,"""5,E2FB674B-D9BC-4DD9-B75B-A93B0454E94A,071293048118,SAKFRÅGAN""",,com.hack23.cia.model.external.riksdagen.votering.impl.VoteData,
177959,,embeddedId,,177958
6281729,"""2,FF506D31-47EB-11D7-AED1-000475503825,0316177736318,SAKFRÅGAN""",,com.hack23.cia.model.external.riksdagen.votering.impl.VoteData,
7336061,"""h4121565""",,com.hack23.cia.model.external.riksdagen.dokumentlista.impl.DocumentElement,
7285551,"""gy02ub458""",,com.hack23.cia.model.external.riksdagen.dokumentlista.impl.DocumentElement,
8282632,888752,,com.hack23.cia.model.external.riksdagen.dokumentstatus.impl.DocumentActivityData,
10303209,,country,,10303208
3408144,,embeddedId,,3408143
11790904,3129553,,com.hack23.cia.model.external.riksdagen.dokumentstatus.impl.DocumentPersonReferenceContainer,
3550581,,embeddedId,,3550580
7244331,"""gv11311""",,com.hack23.cia.model.external.riksdagen.dokumentlista.impl.DocumentElement,
8462915,1060299,,com.hack23.cia.model.external.riksdagen.dokumentstatus.impl.DocumentDetailData,
422277,"""11,9FA792EA-1E0F-40BF-ACC8-DF77A2EC8BCF,0523880046118,SAKFRÅGAN""",,com.hack23.cia.model.external.riksdagen.votering.impl.VoteData,
5514314,"""2,59C93140-5A55-4BE8-AD6D-5EEAD8A46C1D,083953568015,SAKFRÅGAN""",,com.hack23.cia.model.external.riksdagen.votering.impl.VoteData,
765021,"""10,155665E5-DC6D-4643-9103-D1C099E6E979,0824343942006,SAKFRÅGAN""",,com.hack23.cia.model.external.riksdagen.votering.impl.VoteData,
1439364,,embeddedId,,1439363
7424344,73436,,com.hack23.cia.model.external.riksdagen.dokumentstatus.impl.DocumentReferenceData,
2887760,"""5,4ADFA64C-0BFC-4668-91FA-3DF5D4FFF4A2,0781648625615,SAKFRÅGAN""",,com.hack23.cia.model.external.riksdagen.votering.impl.VoteData,
6029022,"""2,F5D76A2C-4B37-477E-A220-1D1754E4ADEF,066769783310,SAKFRÅGAN""",,com.hack23.cia.model.external.riksdagen.votering.impl.VoteData,
11527850,,country,,11527849
626837,,embeddedId,,626836
2913560,"""1,E7D75131-D558-432E-8A72-CAE33D18B70E,0506541436524,SAKFRÅGAN""",,com.hack23.cia.model.external.riksdagen.votering.impl.VoteData,
5266592,"""11,AFB98911-1311-456C-BFDC-307E618472A1,067992138910,SAKFRÅGAN""",,com.hack23.cia.model.external.riksdagen.votering.impl.VoteData,
1331213,45701,,com.hack23.cia.model.external.riksdagen.person.impl.DetailData,
4303936,,embeddedId,,4303935
9628582,2167268,,com.hack23.cia.model.external.riksdagen.dokumentstatus.impl.DocumentActivityData,
12493193,,embeddedId,,12493192
5984374,"""6,F5B26D31-1C4F-4EB3-BC97-C891CCE9E4D8,0737073162411,SAKFRÅGAN""",,com.hack23.cia.model.external.riksdagen.votering.impl.VoteData,
3136427,"""5,A07A93EA-73B9-4E2E-9293-7B6431FB8418,0472349361027,SAKFRÅGAN""",,com.hack23.cia.model.external.riksdagen.votering.impl.VoteData,
972795,,embeddedId,,972793
2109599,"""2,30895EAF-1DC4-4F56-9775-86569226C6AD,025931369428,SAKFRÅGAN""",,com.hack23.cia.model.external.riksdagen.votering.impl.VoteData,
256228,"""3,AEC2542E-2749-411A-928F-C871551D28BF,0698463786600,SAKFRÅGAN""",,com.hack23.cia.model.external.riksdagen.votering.impl.VoteData,
12574011,,country,,12574009
9799398,,country,,9799396
12786969,,country,,12786967
3410626,,embeddedId,,3410625
6815206,,embeddedId,,6815204
6792575,,embeddedId,,6792574
2843135,,embeddedId,,2843134
11258116,2883366,,com.hack23.cia.model.external.worldbank.data.impl.WorldBankData,
3247919,"""2,EE2D5030-E254-4E55-8DB1-F3ECDA300926,0355151001911,SAKFRÅGAN""",,com.hack23.cia.model.external.riksdagen.votering.impl.VoteData,
1554221,,embeddedId,,1554220
10399277,2564205,,com.hack23.cia.model.external.worldbank.data.impl.WorldBankData,
1053801,,embeddedId,,1053800
5196945,,embeddedId,,5196944
9364602,1916794,,com.hack23.cia.model.external.riksdagen.dokumentstatus.impl.DocumentDetailData,
6747651,,embeddedId,,6747650
7538400,181406,,com.hack23.cia.model.external.riksdagen.dokumentstatus.impl.DocumentAttachmentContainer,
6555758,"""7,1AE27FF4-593C-11D7-AEDE-000475504AA4,0529963707818,SAKFRÅGAN""",,com.hack23.cia.model.external.riksdagen.votering.impl.VoteData,
10478682,2596096,,com.hack23.cia.model.external.worldbank.data.impl.WorldBankData,
8066776,683754,,com.hack23.cia.model.external.riksdagen.documentcontent.impl.DocumentContentData,
8193874,804400,,com.hack23.cia.model.external.riksdagen.dokumentstatus.impl.DocumentDetailContainer,
1819093,"""2,19936422-C83E-4F72-8615-90E0B25A68F3,0565167965311,SAKFRÅGAN""",,com.hack23.cia.model.external.riksdagen.votering.impl.VoteData,
2075280,,embeddedId,,2075279
6969005,,embeddedId,,6969001
6545492,"""1,D9C9ADD2-C5AA-47C5-9AB2-F9A655795DE7,0692076685824,SAKFRÅGAN""",,com.hack23.cia.model.external.riksdagen.votering.impl.VoteData,
2571964,,embeddedId,,2571961
3813987,,embeddedId,,3813986
2556602,,embeddedId,,2556601
9314806,1869515,,com.hack23.cia.model.external.riksdagen.dokumentstatus.impl.DocumentReferenceData,
11016308,,indicator,,11016307
7536349,179496,,com.hack23.cia.model.external.riksdagen.dokumentstatus.impl.DocumentPersonReferenceData,
9268094,1825061,,com.hack23.cia.model.external.riksdagen.dokumentstatus.impl.DocumentDetailData,
3538769,,embeddedId,,3538765
12842435,1175296,,com.hack23.cia.model.internal.application.data.rules.impl.RuleViolation,
3201209,,embeddedId,,3201207
8193920,804451,,com.hack23.cia.model.external.riksdagen.dokumentstatus.impl.DocumentActivityData,
10966090,,country,,10966088
3796869,,embeddedId,,3796866
4728599,,embeddedId,,4728598
3046847,,embeddedId,,3046846
9533034,2076721,,com.hack23.cia.model.external.riksdagen.dokumentstatus.impl.DocumentActivityData,
3014615,"""8,BC360A72-8028-4C97-B999-0B189F77F913,0701525641715,SAKFRÅGAN""",,com.hack23.cia.model.external.riksdagen.votering.impl.VoteData,
10330827,2536554,,com.hack23.cia.model.external.worldbank.data.impl.WorldBankData,
94683,"""10,ED0CD06C-F0B8-4231-9775-1F0626C20FD0,0540190357911,SAKFRÅGAN""",,com.hack23.cia.model.external.riksdagen.votering.impl.VoteData,
8887716,1463479,,com.hack23.cia.model.external.riksdagen.dokumentstatus.impl.DocumentActivityData,
3478878,"""2,24FCB9E6-8BD2-415B-A1EF-2DCBBEA3ACED,0604459858621,SAKFRÅGAN""",,com.hack23.cia.model.external.riksdagen.votering.impl.VoteData,
2492624,"""8,DA062AC0-5CAA-4CDC-AF84-B07686C6F477,0603753860213,SAKFRÅGAN""",,com.hack23.cia.model.external.riksdagen.votering.impl.VoteData,
26220,"""7,81FD8443-AD46-4D70-8278-E4D2742986A3,016950536026,SAKFRÅGAN""",,com.hack23.cia.model.external.riksdagen.votering.impl.VoteData,
12061162,3378245,,com.hack23.cia.model.internal.application.data.rules.impl.RuleViolation,
7568017,209649,,com.hack23.cia.model.external.riksdagen.dokumentstatus.impl.DocumentActivityData,
12237375,"""3,7C3E050D-AD5C-4BFE-8077-A5AA07E80395,0819601620927,SAKFRÅGAN""",,com.hack23.cia.model.external.riksdagen.votering.impl.VoteData,
9122555,1686647,,com.hack23.cia.model.external.riksdagen.dokumentstatus.impl.DocumentAttachmentContainer,
11965374,3296859,,com.hack23.cia.model.external.riksdagen.dokumentstatus.impl.DocumentDetailData,
9138012,1701333,,com.hack23.cia.model.external.riksdagen.dokumentstatus.impl.DocumentDetailData,
10680131,,indicator,,10680130
9407508,1957625,,com.hack23.cia.model.external.riksdagen.dokumentstatus.impl.DocumentActivityData,
950421,"""12,03551489-8ADA-41D3-92F5-CB687E583442,0889860537413,SAKFRÅGAN""",,com.hack23.cia.model.external.riksdagen.votering.impl.VoteData,
5624527,,embeddedId,,5624526
5409421,"""1,D7B8410F-0D11-4FC6-9887-F2CC3AAEEDAC,0403769921921,SAKFRÅGAN""",,com.hack23.cia.model.external.riksdagen.votering.impl.VoteData,
11974208,3305335,,com.hack23.cia.model.external.riksdagen.dokumentstatus.impl.DocumentPersonReferenceData,
531581,,embeddedId,,531580
6119777,,embeddedId,,6119776
4358960,,embeddedId,,4358959
1559029,"""2,FB3BC6EE-07FE-4E29-8701-F0EB8E0D9097,0203877548421,SAKFRÅGAN""",,com.hack23.cia.model.external.riksdagen.votering.impl.VoteData,
4377472,"""1,69D6057D-794F-4D0B-B234-7C137DF9C5D8,0641953830512,SAKFRÅGAN""",,com.hack23.cia.model.external.riksdagen.votering.impl.VoteData,
2061858,,embeddedId,,2061857
12614982,"""2,E4B4D42E-78AA-4646-9D7C-E04DB83EEB90,014744660015,SAKFRÅGAN""",,com.hack23.cia.model.external.riksdagen.votering.impl.VoteData,
4032091,,embeddedId,,4032090
109955,,embeddedId,,109954
4200489,,embeddedId,,4200487
9351231,1904093,,com.hack23.cia.model.external.riksdagen.dokumentstatus.impl.DocumentPersonReferenceContainer,
10328557,"""GV01FiU31""",,com.hack23.cia.model.external.riksdagen.utskottsforslag.impl.CommitteeDocumentData,
11595009,,country,,11595007
447918,,embeddedId,,447917
5683653,,embeddedId,,5683652
5117632,"""14,64853C4E-2D40-4FAE-977E-DDE6B1E0862E,0502490570219,SAKFRÅGAN""",,com.hack23.cia.model.external.riksdagen.votering.impl.VoteData,
6198832,"""2,E655E002-6782-4263-B432-7136ACE7A36D,0472349361027,SAKFRÅGAN""",,com.hack23.cia.model.external.riksdagen.votering.impl.VoteData,
10387588,,indicator,,10387587
2167766,,embeddedId,,2167765
1122094,,embeddedId,,1122093
259660,"""3,CA61120F-03DD-4554-9A6D-9F5FD2A59358,0252641216303,SAKFRÅGAN""",,com.hack23.cia.model.external.riksdagen.votering.impl.VoteData,
5091830,"""16,1CCC876D-2A8C-41EC-8B5B-2A0E7E743096,0582811195313,SAKFRÅGAN""",,com.hack23.cia.model.external.riksdagen.votering.impl.VoteData,
3449385,"""6,6CB65E72-8A5C-4C58-AC2E-E1FEC9C1CBB1,0828721176319,SAKFRÅGAN""",,com.hack23.cia.model.external.riksdagen.votering.impl.VoteData,
7901711,"""GP02Sf319""",,com.hack23.cia.model.external.riksdagen.dokumentstatus.impl.DocumentData,
8806788,1386746,,com.hack23.cia.model.external.riksdagen.dokumentstatus.impl.DocumentReferenceData,
1539140,"""3,1EC40C6A-75CA-423B-9C6F-870B85F81A2A,0731442709013,SAKFRÅGAN""",,com.hack23.cia.model.external.riksdagen.votering.impl.VoteData,
3868958,"""5,0DEFF676-47D7-4B36-9F85-DA3C0B95BEBE,0530425150220,SAKFRÅGAN""",,com.hack23.cia.model.external.riksdagen.votering.impl.VoteData,
1240172,"""1,47620D75-6067-11D7-AE2C-0004755038F6,0792716417210,SAKFRÅGAN""",,com.hack23.cia.model.external.riksdagen.votering.impl.VoteData,
54182,,embeddedId,,54181
5936285,,embeddedId,,5936283
6456215,"""2,C23416B8-EDEC-428F-B209-28B3C495790F,0502353466300,SAKFRÅGAN""",,com.hack23.cia.model.external.riksdagen.votering.impl.VoteData,
7091306,"""2,08C7008E-057D-4413-ADD6-927FBC9A24AA,0492644357418,SAKFRÅGAN""",,com.hack23.cia.model.external.riksdagen.votering.impl.VoteData,
12677505,"""3,1FBE73C6-C46E-4D09-8334-90C7EB78ED0F,0369212790927,SAKFRÅGAN""",,com.hack23.cia.model.external.riksdagen.votering.impl.VoteData,
1876947,,embeddedId,,1876946
2753739,"""5,334863A5-4A38-11D7-AE71-006008577F08,061124537800,SAKFRÅGAN""",,com.hack23.cia.model.external.riksdagen.votering.impl.VoteData,
4494708,"""4,F6D9AAAE-1F12-4B95-AE60-450C89B133AB,0964730940415,SAKFRÅGAN""",,com.hack23.cia.model.external.riksdagen.votering.impl.VoteData,
8733977,1317753,,com.hack23.cia.model.external.riksdagen.dokumentstatus.impl.DocumentActivityData,
3212415,,embeddedId,,3212414
2758503,"""10,3A1457A7-B652-4C54-A762-AFCF9020FE16,0973782197017,SAKFRÅGAN""",,com.hack23.cia.model.external.riksdagen.votering.impl.VoteData,
8329714,933450,,com.hack23.cia.model.external.riksdagen.dokumentstatus.impl.DocumentActivityData,
12631878,"""3,1E9BDCD4-32B1-42E6-AC4A-6035F5DA675A,035234573112,SAKFRÅGAN""",,com.hack23.cia.model.external.riksdagen.votering.impl.VoteData,
6459922,"""1,6607FE2F-32B8-4990-B2BE-1A132823DB1A,0583257327619,SAKFRÅGAN""",,com.hack23.cia.model.external.riksdagen.votering.impl.VoteData,
3070298,,embeddedId,,3070297
11588032,,indicator,,11588031
9208737,"""GU02Fi11""",,com.hack23.cia.model.external.riksdagen.dokumentstatus.impl.DocumentData,
794623,,embeddedId,,794622
8253526,861073,,com.hack23.cia.model.external.riksdagen.dokumentstatus.impl.DocumentAttachmentContainer,
9004915,1574835,,com.hack23.cia.model.external.riksdagen.dokumentstatus.impl.DocumentAttachment,
3219886,,embeddedId,,3219885
8759717,1342096,,com.hack23.cia.model.external.riksdagen.dokumentstatus.impl.DocumentActivityData,
10387383,2559326,,com.hack23.cia.model.external.worldbank.data.impl.WorldBankData,
3859970,,embeddedId,,3859969
7202575,"""gv19sku22p2""",,com.hack23.cia.model.external.riksdagen.dokumentlista.impl.DocumentElement,
11563016,,indicator,,11563014
7684867,320662,,com.hack23.cia.model.external.riksdagen.dokumentstatus.impl.DocumentDetailData,
9701364,2236228,,com.hack23.cia.model.external.riksdagen.dokumentstatus.impl.DocumentPersonReferenceContainer,
7173764,"""rdhaa3cu13""",,com.hack23.cia.model.external.riksdagen.dokumentlista.impl.DocumentElement,
6219015,,embeddedId,,6219013
1668638,"""30,2AE2E63A-4D8C-457E-9109-1DD00274825B,0681030112815,SAKFRÅGAN""",,com.hack23.cia.model.external.riksdagen.votering.impl.VoteData,
1218712,"""3,AC83C9FC-B985-4C99-8A1A-FEA6321E2A2F,0506482805418,SAKFRÅGAN""",,com.hack23.cia.model.external.riksdagen.votering.impl.VoteData,
10996256,,country,,10996255
4330186,"""11,05C2EE8A-2036-448F-A679-83851E553A4E,0678597762924,SAKFRÅGAN""",,com.hack23.cia.model.external.riksdagen.votering.impl.VoteData,
208772,,embeddedId,,208771
6675708,"""7,2AB56FEB-5ACD-11D7-AE99-000475504A66,0559652845303,SAKFRÅGAN""",,com.hack23.cia.model.external.riksdagen.votering.impl.VoteData,
7548825,191265,,com.hack23.cia.model.external.riksdagen.dokumentstatus.impl.DocumentReferenceData,
138609,6034,,com.hack23.cia.model.external.riksdagen.person.impl.AssignmentData,
11220101,,country,,11220099
2666771,,embeddedId,,2666770
4570141,"""1,0E9DF31E-2368-461C-B371-F3117FE32277,0868286862422,SAKFRÅGAN""",,com.hack23.cia.model.external.riksdagen.votering.impl.VoteData,
3638174,"""4,AF768553-6896-4E4A-B838-B3A3925BD013,0313390540217,SAKFRÅGAN""",,com.hack23.cia.model.external.riksdagen.votering.impl.VoteData,
7576985,218176,,com.hack23.cia.model.external.riksdagen.dokumentstatus.impl.DocumentStatusContainer,
5951160,,embeddedId,,5951159
1506544,"""2,A50A8BA0-71FB-4C1F-90C7-EDABA756991F,0321274454602,SAKFRÅGAN""",,com.hack23.cia.model.external.riksdagen.votering.impl.VoteData,
8808454,1388309,,com.hack23.cia.model.external.riksdagen.dokumentstatus.impl.DocumentProposalData,
1559756,,embeddedId,,1559754
4934046,,embeddedId,,4934044
2808423,"""1,BF2B9820-A341-4EEB-A510-4293D3C5B762,0407081382317,SAKFRÅGAN""",,com.hack23.cia.model.external.riksdagen.votering.impl.VoteData,
971859,,embeddedId,,971857
3068896,,embeddedId,,3068895
12050811,"""2,AAA9F2C6-AB08-494D-8BCE-AD1E45AD1514,0635943298419,SAKFRÅGAN""",,com.hack23.cia.model.external.riksdagen.votering.impl.VoteData,
2522360,,embeddedId,,2522359
12251087,"""1,979A1314-7EB3-4A42-8ADB-1F73A3320649,0900815713419,SAKFRÅGAN""",,com.hack23.cia.model.external.riksdagen.votering.impl.VoteData,
11677340,3026261,,com.hack23.cia.model.external.riksdagen.documentcontent.impl.DocumentContentData,
392815,,embeddedId,,392814
6325770,"""10,FF4BD881-463F-4A03-8F90-8CB0ABEFCFD8,0925652297119,SAKFRÅGAN""",,com.hack23.cia.model.external.riksdagen.votering.impl.VoteData,
3318047,"""2,9C2F5BEA-7BF2-4E29-ABFD-3EE0305F74F7,0280164118408,SAKFRÅGAN""",,com.hack23.cia.model.external.riksdagen.votering.impl.VoteData,
8400659,1000941,,com.hack23.cia.model.external.riksdagen.dokumentstatus.impl.DocumentReferenceData,
5185952,"""6,F6A63C7B-641C-11D7-AF01-000475505303,0584659199514,SAKFRÅGAN""",,com.hack23.cia.model.external.riksdagen.votering.impl.VoteData,
5644251,,embeddedId,,5644250
5649256,"""1,CB312165-1095-4AA3-88EA-168B73C59A1D,0545353563812,SAKFRÅGAN""",,com.hack23.cia.model.external.riksdagen.votering.impl.VoteData,
6125777,"""8,52867567-5F48-44A8-BB76-0091B3DD8753,0958776965517,SAKFRÅGAN""",,com.hack23.cia.model.external.riksdagen.votering.impl.VoteData,
10347782,,country,,10347781
2516204,,embeddedId,,2516203
5594693,,embeddedId,,5594692
5459147,,embeddedId,,5459146
8078848,695223,,com.hack23.cia.model.external.riksdagen.dokumentstatus.impl.DocumentDetailData,
1915853,,embeddedId,,1915851
10846736,2741863,,com.hack23.cia.model.external.worldbank.data.impl.WorldBankData,
7211610,"""gt02ub442""",,com.hack23.cia.model.external.riksdagen.dokumentlista.impl.DocumentElement,
6195637,,embeddedId,,6195636
11577419,,indicator,,11577417
3679859,,embeddedId,,3679858
10210468,,country,,10210467
5105364,"""10,95D35FA8-36E0-4672-8139-A16328C4D94B,0435740736429,SAKFRÅGAN""",,com.hack23.cia.model.external.riksdagen.votering.impl.VoteData,
9148316,1711167,,com.hack23.cia.model.external.riksdagen.dokumentstatus.impl.DocumentPersonReferenceData,
1822911,"""1,3D73507D-71B5-11D8-88C3-0004755038E0,0851966755011,SAKFRÅGAN""",,com.hack23.cia.model.external.riksdagen.votering.impl.VoteData,
4598960,"""3,CC947A1A-06E4-480C-B5B4-A959B0804195,0642224351118,SAKFRÅGAN""",,com.hack23.cia.model.external.riksdagen.votering.impl.VoteData,
9879927,,indicator,,9879926
7332254,"""h310605""",,com.hack23.cia.model.external.riksdagen.dokumentlista.impl.DocumentElement,
4234621,,embeddedId,,4234620
10132484,,country,,10132483
8087792,703733,,com.hack23.cia.model.external.riksdagen.dokumentstatus.impl.DocumentReferenceData,
9088927,1654665,,com.hack23.cia.model.external.riksdagen.dokumentstatus.impl.DocumentDetailData,
9445323,1993479,,com.hack23.cia.model.external.riksdagen.dokumentstatus.impl.DocumentDetailData,
8597980,1188696,,com.hack23.cia.model.external.riksdagen.dokumentstatus.impl.DocumentStatusContainer,
7631294,269792,,com.hack23.cia.model.external.riksdagen.documentcontent.impl.DocumentContentData,
8798803,1379176,,com.hack23.cia.model.external.riksdagen.dokumentstatus.impl.DocumentActivityData,
267266,"""53,5406E154-A04C-4481-B842-2310336F1AF2,0584183916016,SAKFRÅGAN""",,com.hack23.cia.model.external.riksdagen.votering.impl.VoteData,
6564907,,embeddedId,,6564906
6366962,"""2,6FAB7160-418C-4223-B232-2A516B04437D,0121939297619,SAKFRÅGAN""",,com.hack23.cia.model.external.riksdagen.votering.impl.VoteData,
8399191,999492,,com.hack23.cia.model.external.riksdagen.dokumentstatus.impl.DocumentPersonReferenceData,
2167357,"""6,6C40EE49-B70A-4758-882F-498D4714B1D6,0182800488922,SAKFRÅGAN""",,com.hack23.cia.model.external.riksdagen.votering.impl.VoteData,
10917740,,country,,10917738
8767117,1349133,,com.hack23.cia.model.external.riksdagen.dokumentstatus.impl.DocumentDetailData,
4099284,"""1,8AEBB7C3-4DB6-11D8-AE8B-006008D5D577,0271495844814,SAKFRÅGAN""",,com.hack23.cia.model.external.riksdagen.votering.impl.VoteData,
1787614,,embeddedId,,1787613
8765399,1347514,,com.hack23.cia.model.external.riksdagen.dokumentstatus.impl.DocumentProposalContainer,
4931916,"""2,725C56FE-234B-490E-9FF4-5025C336FED5,0716036604716,SAKFRÅGAN""",,com.hack23.cia.model.external.riksdagen.votering.impl.VoteData,
12379688,"""2,362BE407-2A64-47C2-9791-6B82E3682862,0170585430421,SAKFRÅGAN""",,com.hack23.cia.model.external.riksdagen.votering.impl.VoteData,
1636654,"""8,36B9E3F7-A1EB-45BB-BBC7-DF1D68F20072,0182190010218,SAKFRÅGAN""",,com.hack23.cia.model.external.riksdagen.votering.impl.VoteData,
7284274,"""gx11842""",,com.hack23.cia.model.external.riksdagen.dokumentlista.impl.DocumentElement,
7310864,"""h102mj261""",,com.hack23.cia.model.external.riksdagen.dokumentlista.impl.DocumentElement,
1781819,"""3,10638E52-1F23-4B97-BA2B-4C6F3A959AB1,0752691002718,SAKFRÅGAN""",,com.hack23.cia.model.external.riksdagen.votering.impl.VoteData,
12550033,,embeddedId,,12550032
10125961,2449886,,com.hack23.cia.model.external.riksdagen.utskottsforslag.impl.CommitteeProposalData,
3807753,,embeddedId,,3807752
9119170,1683440,,com.hack23.cia.model.external.riksdagen.dokumentstatus.impl.DocumentPersonReferenceData,
11929048,3262267,,com.hack23.cia.model.external.riksdagen.dokumentstatus.impl.DocumentAttachment,
11928461,3261715,,com.hack23.cia.model.external.riksdagen.dokumentstatus.impl.DocumentProposalData,
3503652,"""15,1A39E639-2AC1-4735-AA88-D0855B15411D,0612916684825,SAKFRÅGAN""",,com.hack23.cia.model.external.riksdagen.votering.impl.VoteData,
2916874,,embeddedId,,2916873
12471287,"""4,0E141968-D2CC-4E53-B4AB-52A8DA740137,0372414474424,SAKFRÅGAN""",,com.hack23.cia.model.external.riksdagen.votering.impl.VoteData,
7091434,"""2,08C7008E-057D-4413-ADD6-927FBC9A24AA,0920901966627,SAKFRÅGAN""",,com.hack23.cia.model.external.riksdagen.votering.impl.VoteData,
6913409,,embeddedId,,6913407
12752379,,embeddedId,,12752378
2179668,,embeddedId,,2179666
1598446,"""2,7506B121-65F2-491C-9982-AD6CE62E7DE5,0327078838011,SAKFRÅGAN""",,com.hack23.cia.model.external.riksdagen.votering.impl.VoteData,
1418296,48798,,com.hack23.cia.model.external.riksdagen.person.impl.AssignmentData,
774026,"""14,149B00FA-8D7D-4B0C-A9C9-D0D664DAA40C,0406831930624,SAKFRÅGAN""",,com.hack23.cia.model.external.riksdagen.votering.impl.VoteData,
10650724,,country,,10650722
5623885,,embeddedId,,5623884
6284727,"""10,D08CFE08-0B4B-11D7-AEAF-000475504757,0556854176401,SAKFRÅGAN""",,com.hack23.cia.model.external.riksdagen.votering.impl.VoteData,
12438711,,embeddedId,,12438710
12218314,"""8,448B9955-22B9-48DE-A78C-0491C814FD15,0306286538528,SAKFRÅGAN""",,com.hack23.cia.model.external.riksdagen.votering.impl.VoteData,
4905367,,embeddedId,,4905363
6573248,"""14,7DC89DD8-F0F6-4AF7-B706-94026A35F412,0448155122323,SAKFRÅGAN""",,com.hack23.cia.model.external.riksdagen.votering.impl.VoteData,
2905119,"""1,E07C3AA8-CF26-4F20-A248-3701F589EC34,0340854285007,SAKFRÅGAN""",,com.hack23.cia.model.external.riksdagen.votering.impl.VoteData,
982810,,embeddedId,,982809
5344552,"""2,537B42E0-F9B1-4CB1-B5AC-4860DBAB3A13,0249730539015,SAKFRÅGAN""",,com.hack23.cia.model.external.riksdagen.votering.impl.VoteData,
11686406,3034427,,com.hack23.cia.model.external.riksdagen.documentcontent.impl.DocumentContentData,
6033493,"""5,467FE42F-71C0-47CD-A098-E015D3A60751,0367418588113,SAKFRÅGAN""",,com.hack23.cia.model.external.riksdagen.votering.impl.VoteData,
10248551,2502402,,com.hack23.cia.model.external.worldbank.data.impl.WorldBankData,
9072217,1638791,,com.hack23.cia.model.external.riksdagen.dokumentstatus.impl.DocumentDetailData,
232411,"""11,46601530-4CAC-47EF-9694-0CF4887E7D25,055257333723,SAKFRÅGAN""",,com.hack23.cia.model.external.riksdagen.votering.impl.VoteData,
4496733,,embeddedId,,4496732
3211345,,embeddedId,,3211344
5115618,"""1,AA7694FF-07EB-4F52-9B5C-2C9ACBAF8BF5,0891971250317,SAKFRÅGAN""",,com.hack23.cia.model.external.riksdagen.votering.impl.VoteData,
2048571,,embeddedId,,2048569
6107003,,embeddedId,,6107001
5287876,"""1,0B7C291F-FEB7-4C07-88B3-F3D5DF5E22C2,0853831481615,SAKFRÅGAN""",,com.hack23.cia.model.external.riksdagen.votering.impl.VoteData,
11484239,,country,,11484238
2339199,"""3,666CC75A-8CBB-4B94-8173-80221EAC5EEE,0630820052511,SAKFRÅGAN""",,com.hack23.cia.model.external.riksdagen.votering.impl.VoteData,
7768464,400111,,com.hack23.cia.model.external.riksdagen.dokumentstatus.impl.DocumentDetailContainer,
6263025,,embeddedId,,6263024
5567611,,embeddedId,,5567609
251869,"""3,FCC8B041-D658-46C1-9ABC-C9C0F5D527B1,0796312429425,SAKFRÅGAN""",,com.hack23.cia.model.external.riksdagen.votering.impl.VoteData,
6624365,,embeddedId,,6624364
3619001,,embeddedId,,3618999
2561399,"""16,D76D7363-ED81-4304-9ACD-C0ACF4DBECB8,0294138886823,SAKFRÅGAN""",,com.hack23.cia.model.external.riksdagen.votering.impl.VoteData,
11454587,,country,,11454585
5935382,"""3,C17C5538-8102-4594-93EE-CA509668BAB4,0903307301618,SAKFRÅGAN""",,com.hack23.cia.model.external.riksdagen.votering.impl.VoteData,
8852567,1430121,,com.hack23.cia.model.external.riksdagen.dokumentstatus.impl.DocumentDetailContainer,
8690944,1276935,,com.hack23.cia.model.external.riksdagen.dokumentstatus.impl.DocumentActivityContainer,
5494788,"""1,FD7D48B3-4257-4C09-BE8B-107E9E911290,0594680769027,SAKFRÅGAN""",,com.hack23.cia.model.external.riksdagen.votering.impl.VoteData,
5554991,,embeddedId,,5554990
9770620,"""GO01NU6""",,com.hack23.cia.model.external.riksdagen.utskottsforslag.impl.CommitteeDocumentData,
3275597,"""10,36204298-E546-44E3-B687-4A3F8D82D2D5,0391973624515,SAKFRÅGAN""",,com.hack23.cia.model.external.riksdagen.votering.impl.VoteData,
1509750,,embeddedId,,1509748
7106706,"""go0k235""",,com.hack23.cia.model.external.riksdagen.dokumentlista.impl.DocumentElement,
12432416,"""6,5291E90E-0314-4327-AFB0-5BCA5AE79D28,0612916684825,SAKFRÅGAN""",,com.hack23.cia.model.external.riksdagen.votering.impl.VoteData,
6410882,"""2,9D4A4891-DFBF-4615-81CE-1EAC6CF65A1B,0791786201912,SAKFRÅGAN""",,com.hack23.cia.model.external.riksdagen.votering.impl.VoteData,
6357301,,embeddedId,,6357300
12299463,,embeddedId,,12299462
5002791,,embeddedId,,5002790
7934359,557948,,com.hack23.cia.model.external.riksdagen.dokumentstatus.impl.DocumentAttachment,
6338524,,embeddedId,,6338523
1819094,,embeddedId,,1819093
440711,,embeddedId,,440710
9853459,,country,,9853458
5901248,"""2,13A04E24-6303-425E-8D74-58A8801FE6F6,0403769921921,SAKFRÅGAN""",,com.hack23.cia.model.external.riksdagen.votering.impl.VoteData,
9996396,,indicator,,9996394
8514117,1108877,,com.hack23.cia.model.external.riksdagen.dokumentstatus.impl.DocumentAttachmentContainer,
4214493,"""2,00E4086E-A052-4E1D-B031-3992CF8DA892,0872978640827,SAKFRÅGAN""",,com.hack23.cia.model.external.riksdagen.votering.impl.VoteData,
390166,,embeddedId,,390165
2460348,"""1,3F35632D-A7F5-11D8-AE39-0004755038E0,0906336297511,SAKFRÅGAN""",,com.hack23.cia.model.external.riksdagen.votering.impl.VoteData,
9752540,2283408,,com.hack23.cia.model.external.worldbank.indicators.impl.IndicatorElement,
10452905,2586163,,com.hack23.cia.model.external.riksdagen.utskottsforslag.impl.CommitteeProposalData,
11812469,3147518,,com.hack23.cia.model.external.riksdagen.documentcontent.impl.DocumentContentData,
6796577,,embeddedId,,6796576
5604011,,embeddedId,,5604010
4007852,,embeddedId,,4007850
10205104,,indicator,,10205100
3584547,,embeddedId,,3584546
8434122,1032889,,com.hack23.cia.model.external.riksdagen.dokumentstatus.impl.DocumentPersonReferenceData,
7070278,"""4,FFEE7364-D706-4D9F-85A2-F47F243E4486,025877594729,SAKFRÅGAN""",,com.hack23.cia.model.external.riksdagen.votering.impl.VoteData,
3734477,,embeddedId,,3734476
10257702,,indicator,,10257700
1004742,,embeddedId,,1004741
7491897,137341,,com.hack23.cia.model.external.riksdagen.dokumentstatus.impl.DocumentPersonReferenceData,
3646619,,embeddedId,,3646618
268815,,embeddedId,,268814
4878305,,embeddedId,,4878304
7413908,63756,,com.hack23.cia.model.external.riksdagen.documentcontent.impl.DocumentContentData,
802378,,embeddedId,,802377
3378552,,embeddedId,,3378551
5020480,"""1,F628B923-6132-43BC-95A7-2E90A38BD656,0820673454606,SAKFRÅGAN""",,com.hack23.cia.model.external.riksdagen.votering.impl.VoteData,
9913464,,indicator,,9913462
7026,"""5,5FD665A2-BF8B-4E69-8D45-D6CF0BB17130,0783069490115,SAKFRÅGAN""",,com.hack23.cia.model.external.riksdagen.votering.impl.VoteData,
8178226,789504,,com.hack23.cia.model.external.riksdagen.dokumentstatus.impl.DocumentActivityContainer,
4225131,"""3,2B48CEAF-C7DC-4B22-BD33-149D35D4CF94,0240128497814,SAKFRÅGAN""",,com.hack23.cia.model.external.riksdagen.votering.impl.VoteData,
11380747,,country,,11380746
1589571,,embeddedId,,1589570
1135371,"""3,3FD83685-97D6-421F-91A2-0194BB641A1B,0333193598116,SAKFRÅGAN""",,com.hack23.cia.model.external.riksdagen.votering.impl.VoteData,
5446147,,embeddedId,,5446146
3303452,,embeddedId,,3303451
9759447,2289552,,com.hack23.cia.model.external.riksdagen.documentcontent.impl.DocumentContentData,
9982259,,country,,9982258
10514789,,country,,10514788
4093557,,embeddedId,,4093556
11221654,2870959,,com.hack23.cia.model.external.worldbank.data.impl.WorldBankData,
9373049,1924797,,com.hack23.cia.model.external.riksdagen.dokumentstatus.impl.DocumentReferenceData,
7989523,610375,,com.hack23.cia.model.external.riksdagen.dokumentstatus.impl.DocumentActivityData,
5481737,"""1,698DC057-5FA3-454C-AB5B-9C6B7D68188F,0499755198526,SAKFRÅGAN""",,com.hack23.cia.model.external.riksdagen.votering.impl.VoteData,
5905572,"""7,DD560E54-23F4-4C54-B6A2-FD7EA140A20F,0792733370419,SAKFRÅGAN""",,com.hack23.cia.model.external.riksdagen.votering.impl.VoteData,
11829725,3164774,,com.hack23.cia.model.external.riksdagen.documentcontent.impl.DocumentContentData,
8200535,810714,,com.hack23.cia.model.external.riksdagen.dokumentstatus.impl.DocumentActivityData,
137751,"""3,F26D5381-D9DF-402D-BA19-D369D0FAD6DF,0791786201912,SAKFRÅGAN""",,com.hack23.cia.model.external.riksdagen.votering.impl.VoteData,
5529842,"""5,D8F7DBCD-60D2-4FD4-9F16-398770BB66E3,0810201628512,SAKFRÅGAN""",,com.hack23.cia.model.external.riksdagen.votering.impl.VoteData,
9927621,2367483,,com.hack23.cia.model.external.riksdagen.utskottsforslag.impl.CommitteeProposalComponentData,
6856963,,embeddedId,,6856962
3737755,,embeddedId,,3737754
12737997,,embeddedId,,12737996
2715466,,embeddedId,,2715465
10113091,2444345,,com.hack23.cia.model.external.riksdagen.utskottsforslag.impl.CommitteeProposalData,
11490391,,indicator,,11490389
12809051,1142348,,com.hack23.cia.model.internal.application.data.rules.impl.RuleViolation,
12162827,,embeddedId,,12162826
12433356,,embeddedId,,12433355
2331362,,embeddedId,,2331361
2974812,,embeddedId,,2974811
10878874,,country,,10878872
8296713,902140,,com.hack23.cia.model.external.riksdagen.dokumentstatus.impl.DocumentDetailData,
8150487,763157,,com.hack23.cia.model.external.riksdagen.dokumentstatus.impl.DocumentDetailData,
2689612,,embeddedId,,2689610
6832308,"""2,07C9CA07-953B-4CE6-ACA1-CE109F4D4743,0667220767927,SAKFRÅGAN""",,com.hack23.cia.model.external.riksdagen.votering.impl.VoteData,
10966095,,indicator,,10966094
5332345,,embeddedId,,5332344
4253790,"""4,CBB5E981-5234-42E9-8E65-5571C9F365F5,0574355225922,SAKFRÅGAN""",,com.hack23.cia.model.external.riksdagen.votering.impl.VoteData,
626055,,embeddedId,,626054
7284986,"""gy02kr332""",,com.hack23.cia.model.external.riksdagen.dokumentlista.impl.DocumentElement,
7515006,159246,,com.hack23.cia.model.external.riksdagen.dokumentstatus.impl.DocumentStatusContainer,
11048827,,country,,11048825
2369508,,embeddedId,,2369507
6802869,,embeddedId,,6802868
5829224,,embeddedId,,5829222
7013703,"""9,24239D34-3BA9-40DC-BB63-2B0157FEE529,0677738818613,SAKFRÅGAN""",,com.hack23.cia.model.external.riksdagen.votering.impl.VoteData,
10178803,2472684,,com.hack23.cia.model.external.worldbank.data.impl.WorldBankData,
8009443,629314,,com.hack23.cia.model.external.riksdagen.dokumentstatus.impl.DocumentDetailData,
6686035,,embeddedId,,6686034
11957495,3289336,,com.hack23.cia.model.external.riksdagen.dokumentstatus.impl.DocumentDetailData,
23725,1655,,com.hack23.cia.model.external.riksdagen.person.impl.DetailData,
9142301,1705452,,com.hack23.cia.model.external.riksdagen.dokumentstatus.impl.DocumentReferenceData,
2545308,,embeddedId,,2545306
4339909,,embeddedId,,4339908
5795938,"""18,6836262F-45E0-4E03-9E4A-C82AD4264B16,0304498908019,SAKFRÅGAN""",,com.hack23.cia.model.external.riksdagen.votering.impl.VoteData,
10697834,,indicator,,10697833
6625172,"""1,6DD9CB63-072F-42FE-B3D3-D911E837EBCE,0677738818613,MOTIVFRÅGAN""",,com.hack23.cia.model.external.riksdagen.votering.impl.VoteData,
1373945,"""1,6CB0C349-288F-4C58-B91B-1FE1D0AD12FF,0225823431305,SAKFRÅGAN""",,com.hack23.cia.model.external.riksdagen.votering.impl.VoteData,
3962081,,embeddedId,,3962080
11038824,,indicator,,11038822
6463086,"""36,39EA5021-4D65-4552-8A1B-1D78C68C486C,012576033427,SAKFRÅGAN""",,com.hack23.cia.model.external.riksdagen.votering.impl.VoteData,
9332722,1886510,,com.hack23.cia.model.external.riksdagen.dokumentstatus.impl.DocumentAttachmentContainer,
11178214,2856145,,com.hack23.cia.model.external.worldbank.data.impl.WorldBankData,
2285048,"""2,DFC2C4B6-0393-420C-96DD-08FEA4846A91,0115607185214,SAKFRÅGAN""",,com.hack23.cia.model.external.riksdagen.votering.impl.VoteData,
12522152,,embeddedId,,12522151
4237873,,embeddedId,,4237872
4137985,,embeddedId,,4137984
6808134,,embeddedId,,6808131
10150533,2460398,,com.hack23.cia.model.external.worldbank.data.impl.WorldBankData,
4465718,"""7,AE35FD71-0643-49D6-9307-7DA9E434BF6B,0264838147315,SAKFRÅGAN""",,com.hack23.cia.model.external.riksdagen.votering.impl.VoteData,
8505869,1101068,,com.hack23.cia.model.external.riksdagen.dokumentstatus.impl.DocumentStatusContainer,
4625664,"""16,798B598F-A8F2-4CEE-82CB-ED68E1D9B11F,0125036219125,SAKFRÅGAN""",,com.hack23.cia.model.external.riksdagen.votering.impl.VoteData,
4534198,"""4,54F58BBB-3FED-4D81-9942-31DC1673509A,0731442709013,SAKFRÅGAN""",,com.hack23.cia.model.external.riksdagen.votering.impl.VoteData,
10871951,,indicator,,10871948
5259295,,embeddedId,,5259294
1760615,"""2,2454F839-D4A1-4BEA-AAEC-E8E7731BEB36,0440497495914,SAKFRÅGAN""",,com.hack23.cia.model.external.riksdagen.votering.impl.VoteData,
1302560,,embeddedId,,1302559
4309265,,embeddedId,,4309263
4623589,"""6,81A7F310-5E76-4F6C-868C-98300BCEB6B6,0752691002718,SAKFRÅGAN""",,com.hack23.cia.model.external.riksdagen.votering.impl.VoteData,
4423403,,embeddedId,,4423402
11132284,2840537,,com.hack23.cia.model.external.worldbank.data.impl.WorldBankData,
10370210,,indicator,,10370206
2545125,,embeddedId,,2545123
2679185,"""2,AF17E7DB-7646-11D7-8A0F-000475505346,0977860675311,SAKFRÅGAN""",,com.hack23.cia.model.external.riksdagen.votering.impl.VoteData,
153987,,embeddedId,,153986
11293913,2895503,,com.hack23.cia.model.external.worldbank.data.impl.WorldBankData,
5651742,"""8,69655058-CAE5-4800-8807-9495DDBF356C,0904448094023,SAKFRÅGAN""",,com.hack23.cia.model.external.riksdagen.votering.impl.VoteData,
3407243,"""2,22A73A25-46A4-4631-84B5-1277904B1725,0134101155612,SAKFRÅGAN""",,com.hack23.cia.model.external.riksdagen.votering.impl.VoteData,
8912082,1486538,,com.hack23.cia.model.external.riksdagen.dokumentstatus.impl.DocumentProposalContainer,
4324767,"""30,B6ED7A94-528C-419B-918D-080943E26213,0540190357911,SAKFRÅGAN""",,com.hack23.cia.model.external.riksdagen.votering.impl.VoteData,
6915244,"""3,63C2EE4A-B721-49B5-80A5-50F17DCB08B1,0606863154419,SAKFRÅGAN""",,com.hack23.cia.model.external.riksdagen.votering.impl.VoteData,
8954079,1526433,,com.hack23.cia.model.external.riksdagen.dokumentstatus.impl.DocumentActivityData,
9547745,2090592,,com.hack23.cia.model.external.riksdagen.dokumentstatus.impl.DocumentAttachmentContainer,
1236716,"""2,2BBFFE1C-E83B-4F0F-B64D-55FE661769F1,0800956862429,SAKFRÅGAN""",,com.hack23.cia.model.external.riksdagen.votering.impl.VoteData,
7704765,339655,,com.hack23.cia.model.external.riksdagen.dokumentstatus.impl.DocumentAttachment,
4274993,,embeddedId,,4274992
12667784,,embeddedId,,12667782
349725,,embeddedId,,349722
2680785,"""23,890A3C68-A0DF-464D-8003-EC3836A0CB73,0231938174010,SAKFRÅGAN""",,com.hack23.cia.model.external.riksdagen.votering.impl.VoteData,
3017143,"""1,44BBE9D9-286F-4106-8FFD-89EEC127785E,055257333723,SAKFRÅGAN""",,com.hack23.cia.model.external.riksdagen.votering.impl.VoteData,
7123253,"""h801ku18""",,com.hack23.cia.model.external.riksdagen.dokumentlista.impl.DocumentElement,
11021847,,indicator,,11021845
7434480,82916,,com.hack23.cia.model.external.riksdagen.dokumentstatus.impl.DocumentReferenceData,
12002187,3331990,,com.hack23.cia.model.external.riksdagen.dokumentstatus.impl.DocumentActivityData,
8024463,643588,,com.hack23.cia.model.external.riksdagen.dokumentstatus.impl.DocumentActivityData,
5272665,,embeddedId,,5272664
6550941,,embeddedId,,6550940
4129553,,embeddedId,,4129552
7699299,334453,,com.hack23.cia.model.external.riksdagen.dokumentstatus.impl.DocumentActivityData,
9317796,1872394,,com.hack23.cia.model.external.riksdagen.dokumentstatus.impl.DocumentPersonReferenceContainer,
9147345,1710232,,com.hack23.cia.model.external.riksdagen.dokumentstatus.impl.DocumentActivityContainer,
4312095,,embeddedId,,4312094
4407961,"""3,E284DDD1-9823-11D8-AF5F-0004755038F6,0548314774911,MOTIVFRÅGAN""",,com.hack23.cia.model.external.riksdagen.votering.impl.VoteData,
306733,"""7,E284DDD5-9823-11D8-AF5F-0004755038F6,0228907110117,SAKFRÅGAN""",,com.hack23.cia.model.external.riksdagen.votering.impl.VoteData,
5456499,,embeddedId,,5456498
1685855,"""12,03D3E3A8-0863-4FBD-96D8-E58109291699,0603753860213,SAKFRÅGAN""",,com.hack23.cia.model.external.riksdagen.votering.impl.VoteData,
2498987,"""8,13BDED8A-F909-4970-9224-C387586A32B7,0964730940415,SAKFRÅGAN""",,com.hack23.cia.model.external.riksdagen.votering.impl.VoteData,
3218464,,embeddedId,,3218463
3721748,"""9,8F60B6F0-3D5F-4D05-99AD-944A7E78141C,0729710260118,SAKFRÅGAN""",,com.hack23.cia.model.external.riksdagen.votering.impl.VoteData,
3973746,"""1,BC81CDD8-E3E7-4B0E-863C-CF3707707C8B,0973782197017,SAKFRÅGAN""",,com.hack23.cia.model.external.riksdagen.votering.impl.VoteData,
1704888,"""1,71039E58-01E1-4E04-A5EB-71B605F3F732,0252067342313,SAKFRÅGAN""",,com.hack23.cia.model.external.riksdagen.votering.impl.VoteData,
7999727,620064,,com.hack23.cia.model.external.worldbank.indicators.impl.IndicatorElement,
2060461,"""7,8CC8D0A6-D90F-4998-AD00-4568C05DA5EF,0780214960516,SAKFRÅGAN""",,com.hack23.cia.model.external.riksdagen.votering.impl.VoteData,
12786464,,indicator,,12786462
11946680,3279052,,com.hack23.cia.model.external.riksdagen.dokumentstatus.impl.DocumentStatusContainer,
1129590,,embeddedId,,1129589
3365243,"""4,8570DB22-85AD-4FB5-8B5B-8016D6F07617,0721509806321,SAKFRÅGAN""",,com.hack23.cia.model.external.riksdagen.votering.impl.VoteData,
4541743,,embeddedId,,4541742
9635170,2173488,,com.hack23.cia.model.external.riksdagen.dokumentstatus.impl.DocumentProposalData,
7150962,"""gr02t540""",,com.hack23.cia.model.external.riksdagen.dokumentlista.impl.DocumentElement,
1769311,"""1,BC64AC15-A9C1-40B1-96A9-453438D432A2,0190801883908,SAKFRÅGAN""",,com.hack23.cia.model.external.riksdagen.votering.impl.VoteData,
3758353,,embeddedId,,3758352
5855217,,embeddedId,,5855215
6614252,"""1,9D1B4DCB-C7B6-4F5A-AED4-E9127D78B346,012576033427,SAKFRÅGAN""",,com.hack23.cia.model.external.riksdagen.votering.impl.VoteData,
5246234,"""31,13E9BA39-1AE5-41AD-8A38-57E91FCDA7EB,0512357753412,SAKFRÅGAN""",,com.hack23.cia.model.external.riksdagen.votering.impl.VoteData,
10655792,2667399,,com.hack23.cia.model.external.worldbank.data.impl.WorldBankData,
3843676,,embeddedId,,3843675
1598501,"""5,42B10380-5CBD-45B0-8B25-CAD56BDC0A81,0433422973328,SAKFRÅGAN""",,com.hack23.cia.model.external.riksdagen.votering.impl.VoteData,
2442964,,embeddedId,,2442963
8488545,1084639,,com.hack23.cia.model.external.riksdagen.dokumentstatus.impl.DocumentStatusContainer,
12081388,3388359,,com.hack23.cia.model.internal.application.data.rules.impl.RuleViolation,
45044,,embeddedId,,45043
2321839,"""1,B7AAD6A3-FC44-47A3-8DAC-5E2D497C8D98,0869873635602,SAKFRÅGAN""",,com.hack23.cia.model.external.riksdagen.votering.impl.VoteData,
3139311,,embeddedId,,3139310
11863469,3198518,,com.hack23.cia.model.external.riksdagen.documentcontent.impl.DocumentContentData,
561317,,embeddedId,,561316
1440109,,embeddedId,,1440107
462046,16102,,com.hack23.cia.model.external.riksdagen.person.impl.AssignmentData,
7487455,133132,,com.hack23.cia.model.external.riksdagen.dokumentstatus.impl.DocumentPersonReferenceData,
8399391,999634,,com.hack23.cia.model.external.riksdagen.dokumentstatus.impl.DocumentAttachment,
1720159,"""1,E4708B41-3729-4F9C-8AB8-2896D465A4BF,0828198456420,SAKFRÅGAN""",,com.hack23.cia.model.external.riksdagen.votering.impl.VoteData,
189973,"""1,7A15402F-F855-4DA8-A2DC-408EAF4AEDB8,0685749336810,SAKFRÅGAN""",,com.hack23.cia.model.external.riksdagen.votering.impl.VoteData,
1533223,,embeddedId,,1533222
7456196,103589,,com.hack23.cia.model.external.riksdagen.dokumentstatus.impl.DocumentPersonReferenceData,
10293889,,country,,10293888
4310726,"""78,28C2FEE7-BDA2-408D-A82D-C20F4376D4A0,0283009944701,SAKFRÅGAN""",,com.hack23.cia.model.external.riksdagen.votering.impl.VoteData,
4895458,"""6,EA066C8F-9F6F-48A5-9790-4922B0F249FC,0828001951212,SAKFRÅGAN""",,com.hack23.cia.model.external.riksdagen.votering.impl.VoteData,
8560694,1153259,,com.hack23.cia.model.external.riksdagen.dokumentstatus.impl.DocumentDetailData,
5848449,,embeddedId,,5848448
1302461,"""3,BA8EDC07-3DFC-11D9-8985-000475504B27,0468775142013,SAKFRÅGAN""",,com.hack23.cia.model.external.riksdagen.votering.impl.VoteData,
2955778,,embeddedId,,2955777
11541572,2979627,,com.hack23.cia.model.external.worldbank.data.impl.WorldBankData,
8149644,762346,,com.hack23.cia.model.external.riksdagen.dokumentstatus.impl.DocumentPersonReferenceData,
5113506,"""7,D0DEA227-A30B-4241-801B-7CC4843D0909,0694917698222,SAKFRÅGAN""",,com.hack23.cia.model.external.riksdagen.votering.impl.VoteData,
9424448,1973772,,com.hack23.cia.model.external.riksdagen.dokumentstatus.impl.DocumentPersonReferenceData,
411907,"""16,FA9F4EB9-304F-4E86-AFAC-8FE747BA5AF1,0974061238314,SAKFRÅGAN""",,com.hack23.cia.model.external.riksdagen.votering.impl.VoteData,
6020211,"""3,95C7E39D-AAE0-4C49-84D9-8740413F05CD,028954589415,SAKFRÅGAN""",,com.hack23.cia.model.external.riksdagen.votering.impl.VoteData,
10973516,2786533,,com.hack23.cia.model.external.worldbank.data.impl.WorldBankData,
10999535,2795375,,com.hack23.cia.model.external.worldbank.data.impl.WorldBankData,
9702418,2237209,,com.hack23.cia.model.external.riksdagen.dokumentstatus.impl.DocumentActivityData,
1761920,,embeddedId,,1761919
10026280,2407852,,com.hack23.cia.model.external.worldbank.data.impl.WorldBankData,
7528705,172185,,com.hack23.cia.model.external.riksdagen.dokumentstatus.impl.DocumentDetailContainer,
5379948,"""3,0F00F2BA-18E1-4943-9402-AD8E8F90D1B0,0877778793323,SAKFRÅGAN""",,com.hack23.cia.model.external.riksdagen.votering.impl.VoteData,
6567730,"""1,03BCE151-F8DD-40A0-92C4-5EB2BA346EFF,0618560932311,SAKFRÅGAN""",,com.hack23.cia.model.external.riksdagen.votering.impl.VoteData,
12397705,1033366,,com.hack23.cia.model.external.worldbank.data.impl.WorldBankData,
9170931,1732693,,com.hack23.cia.model.external.riksdagen.dokumentstatus.impl.DocumentActivityData,
11626106,,indicator,,11626105
2627264,,embeddedId,,2627263
7566616,208305,,com.hack23.cia.model.external.riksdagen.dokumentstatus.impl.DocumentActivityData,
7167379,"""h701sou23""",,com.hack23.cia.model.external.riksdagen.dokumentlista.impl.DocumentElement,
4220068,"""5,52AF2930-B0C0-4ADB-9098-F758BA255CA4,0542573140300,SAKFRÅGAN""",,com.hack23.cia.model.external.riksdagen.votering.impl.VoteData,
12156694,"""12,973A9229-4FBD-11D7-AEB4-0004755048D1,0346261747912,SAKFRÅGAN""",,com.hack23.cia.model.external.riksdagen.votering.impl.VoteData,
12614791,,embeddedId,,12614790
2154852,,embeddedId,,2154851
5154410,,embeddedId,,5154408
11636529,,country,,11636528
517994,18158,,com.hack23.cia.model.external.riksdagen.person.impl.DetailData,
8183829,794810,,com.hack23.cia.model.external.riksdagen.dokumentstatus.impl.DocumentActivityData,
4531052,"""2,8587588A-AE1B-4A35-9604-189B3545ADB8,067992138910,SAKFRÅGAN""",,com.hack23.cia.model.external.riksdagen.votering.impl.VoteData,
1762287,,embeddedId,,1762285
7609775,249324,,com.hack23.cia.model.external.riksdagen.dokumentstatus.impl.DocumentReferenceData,
6873758,"""5,F2B0CCBD-F46F-4C5A-B601-CD6AD4261B0B,0875221317013,SAKFRÅGAN""",,com.hack23.cia.model.external.riksdagen.votering.impl.VoteData,
5925809,,embeddedId,,5925808
12575089,,indicator,,12575086
5366361,,embeddedId,,5366360
419413,14786,,com.hack23.cia.model.external.riksdagen.person.impl.PersonDetailData,
12490281,,embeddedId,,12490280
7330583,"""h3b522""",,com.hack23.cia.model.external.riksdagen.dokumentlista.impl.DocumentElement,
10114084,,country,,10114083
1070112,,embeddedId,,1070110
11119308,,indicator,,11119307
3940205,,embeddedId,,3940204
4418290,"""5,064C4F5B-A838-4583-B171-46988DC830BE,0796071663617,SAKFRÅGAN""",,com.hack23.cia.model.external.riksdagen.votering.impl.VoteData,
4531626,"""2,8587588A-AE1B-4A35-9604-189B3545ADB8,0778725756419,SAKFRÅGAN""",,com.hack23.cia.model.external.riksdagen.votering.impl.VoteData,
5632751,,embeddedId,,5632750
6705846,"""6,CB955622-ED00-4A3E-8DA4-463966C0B715,0291542732518,SAKFRÅGAN""",,com.hack23.cia.model.external.riksdagen.votering.impl.VoteData,
9732077,2265014,,com.hack23.cia.model.external.riksdagen.documentcontent.impl.DocumentContentData,
8802430,1382600,,com.hack23.cia.model.external.riksdagen.dokumentstatus.impl.DocumentDetailData,
8638918,1227614,,com.hack23.cia.model.external.riksdagen.dokumentstatus.impl.DocumentReferenceData,
11909963,3243909,,com.hack23.cia.model.external.riksdagen.dokumentstatus.impl.DocumentReferenceData,
8391919,992530,,com.hack23.cia.model.external.riksdagen.dokumentstatus.impl.DocumentActivityContainer,
8952280,1524736,,com.hack23.cia.model.external.riksdagen.dokumentstatus.impl.DocumentDetailData,
8260458,,source,,8260456
8009144,629004,,com.hack23.cia.model.external.riksdagen.dokumentstatus.impl.DocumentActivityData,
3414430,"""1,F5799A12-09AA-477A-8535-E6B79D5FEF0B,045666679112,SAKFRÅGAN""",,com.hack23.cia.model.external.riksdagen.votering.impl.VoteData,
11933464,3266438,,com.hack23.cia.model.external.riksdagen.dokumentstatus.impl.DocumentActivityData,
8742201,1325522,,com.hack23.cia.model.external.riksdagen.dokumentstatus.impl.DocumentAttachment,
871563,"""18,BD6E9364-CDB0-4575-A4A4-D0FA0D0C7A48,07351347121,SAKFRÅGAN""",,com.hack23.cia.model.external.riksdagen.votering.impl.VoteData,
9719985,2253875,,com.hack23.cia.model.external.riksdagen.dokumentstatus.impl.DocumentAttachmentContainer,
11779355,3118698,,com.hack23.cia.model.external.riksdagen.dokumentstatus.impl.DocumentAttachment,
8601195,1191810,,com.hack23.cia.model.external.riksdagen.dokumentstatus.impl.DocumentPersonReferenceData,
9339033,1892524,,com.hack23.cia.model.external.riksdagen.dokumentstatus.impl.DocumentPersonReferenceData,
8437519,"""GR01LU21""",,com.hack23.cia.model.external.riksdagen.dokumentstatus.impl.DocumentData,
10970276,,country,,10970275
9415787,,source,,9415786
12438962,1042277,,com.hack23.cia.model.external.riksdagen.utskottsforslag.impl.CommitteeProposalData,
2121885,"""11,4A488080-CD5A-4A79-85A1-EC88C1C2FBF1,0462699892622,SAKFRÅGAN""",,com.hack23.cia.model.external.riksdagen.votering.impl.VoteData,
3640928,"""3,62A05302-39B2-45B1-9259-E1EC8B53E106,0111479807829,SAKFRÅGAN""",,com.hack23.cia.model.external.riksdagen.votering.impl.VoteData,
11515202,2970653,,com.hack23.cia.model.external.worldbank.data.impl.WorldBankData,
12172344,"""1,830308C7-57B8-11D8-8907-0004755037A9,0996403729104,SAKFRÅGAN""",,com.hack23.cia.model.external.riksdagen.votering.impl.VoteData,
2815203,"""1,C21054A9-B263-4D7B-BA28-B12745B08E4B,048970816012,SAKFRÅGAN""",,com.hack23.cia.model.external.riksdagen.votering.impl.VoteData,
1021143,,embeddedId,,1021142
10318978,2531799,,com.hack23.cia.model.external.worldbank.data.impl.WorldBankData,
5229170,"""5,90FFD49F-9A16-49E6-AF03-BBEBE548F2BD,0716036604716,MOTIVFRÅGAN""",,com.hack23.cia.model.external.riksdagen.votering.impl.VoteData,
9232260,1790940,,com.hack23.cia.model.external.riksdagen.dokumentstatus.impl.DocumentDetailData,
3305845,"""5,A11F861E-3183-4D4B-AF75-6029A9925A2A,0383111552218,SAKFRÅGAN""",,com.hack23.cia.model.external.riksdagen.votering.impl.VoteData,
10420952,2573090,,com.hack23.cia.model.external.riksdagen.documentcontent.impl.DocumentContentData,
8720148,1304606,,com.hack23.cia.model.external.riksdagen.dokumentstatus.impl.DocumentReferenceData,
7879027,505303,,com.hack23.cia.model.external.riksdagen.dokumentstatus.impl.DocumentPersonReferenceData,
5292420,"""2,437ACDA2-F986-4F75-9088-51E6B45E1FC4,0603753860213,SAKFRÅGAN""",,com.hack23.cia.model.external.riksdagen.votering.impl.VoteData,
9013958,1583428,,com.hack23.cia.model.external.riksdagen.dokumentstatus.impl.DocumentProposalData,
3468006,,embeddedId,,3468005
12384955,"""1,B07975C8-BA9D-4B17-9968-43F86DF2E931,0911067396229,SAKFRÅGAN""",,com.hack23.cia.model.external.riksdagen.votering.impl.VoteData,
1646117,,embeddedId,,1646116
2351271,"""3,6BA29A67-34A4-4637-B93E-A1EC7914E089,079095006519,SAKFRÅGAN""",,com.hack23.cia.model.external.riksdagen.votering.impl.VoteData,
12738547,,embeddedId,,12738546
9637062,2175289,,com.hack23.cia.model.external.riksdagen.dokumentstatus.impl.DocumentActivityData,
4348551,,embeddedId,,4348550
9750212,2281309,,com.hack23.cia.model.external.riksdagen.documentcontent.impl.DocumentContentData,
1732044,"""9,329F5E16-4835-4D64-A5FB-40240FBDCAAC,0599736947819,SAKFRÅGAN""",,com.hack23.cia.model.external.riksdagen.votering.impl.VoteData,
4673668,"""23,FB0A1838-6229-40F1-8F4A-E8FCB4FDBE08,0851966755011,SAKFRÅGAN""",,com.hack23.cia.model.external.riksdagen.votering.impl.VoteData,
10806013,,country,,10806012
4521036,,embeddedId,,4521034
3661444,"""38,72AF2C73-B2CE-42DB-94B5-591DA4FD918E,0831039938224,SAKFRÅGAN""",,com.hack23.cia.model.external.riksdagen.votering.impl.VoteData,
3757381,"""1,C8AAA94F-878F-11D7-AED3-0004755030A2,0252067342313,SAKFRÅGAN""",,com.hack23.cia.model.external.riksdagen.votering.impl.VoteData,
2749535,"""1,45C62C77-24AF-4105-8B9B-7DF2313DB3E6,0709749259417,SAKFRÅGAN""",,com.hack23.cia.model.external.riksdagen.votering.impl.VoteData,
2463805,"""8,686987F2-B106-40D0-95D1-CBE141277D13,0792733370419,SAKFRÅGAN""",,com.hack23.cia.model.external.riksdagen.votering.impl.VoteData,
8554200,1147101,,com.hack23.cia.model.external.riksdagen.dokumentstatus.impl.DocumentAttachment,
4557823,"""16,4D4F8049-0FE1-4C29-AD1F-955988D94FA2,0744993950910,SAKFRÅGAN""",,com.hack23.cia.model.external.riksdagen.votering.impl.VoteData,
3510810,"""9,995F8788-3B6A-4B3C-8750-CBEFC53962A3,0316345926026,SAKFRÅGAN""",,com.hack23.cia.model.external.riksdagen.votering.impl.VoteData,
5139679,"""2,E0C86D4C-BD0C-4A64-8C64-D3F6532AAE03,0758652610,SAKFRÅGAN""",,com.hack23.cia.model.external.riksdagen.votering.impl.VoteData,
6329620,"""5,AC9689D3-AB90-4BB2-8A74-017708C58376,0473783431010,SAKFRÅGAN""",,com.hack23.cia.model.external.riksdagen.votering.impl.VoteData,
2313975,,embeddedId,,2313973
112442,"""8,F1D9D468-91D4-11D8-AE54-000475504AA4,0977824845202,SAKFRÅGAN""",,com.hack23.cia.model.external.riksdagen.votering.impl.VoteData,
5009972,"""4,780B64A7-5B34-4BC1-8747-7962E179F365,0685749336810,SAKFRÅGAN""",,com.hack23.cia.model.external.riksdagen.votering.impl.VoteData,
2181460,,embeddedId,,2181459
10298756,,country,,10298754
12374896,1028329,,com.hack23.cia.model.external.worldbank.data.impl.WorldBankData,
5175898,"""5,331712E6-6A56-4BCB-8E5F-BDDE19E7FD5A,0393583311409,SAKFRÅGAN""",,com.hack23.cia.model.external.riksdagen.votering.impl.VoteData,
5936697,,embeddedId,,5936696
9917768,2363139,,com.hack23.cia.model.external.worldbank.data.impl.WorldBankData,
1960704,"""6,02BC2AA7-0F51-4ECD-8253-E3EA7CF9D6C1,0653904370212,SAKFRÅGAN""",,com.hack23.cia.model.external.riksdagen.votering.impl.VoteData,
1190984,,embeddedId,,1190983
2680632,"""23,890A3C68-A0DF-464D-8003-EC3836A0CB73,0105632258713,SAKFRÅGAN""",,com.hack23.cia.model.external.riksdagen.votering.impl.VoteData,
11311427,,indicator,,11311425
2289838,"""29,E3B7C01C-45CA-11D9-AE51-000475505133,0667054859301,SAKFRÅGAN""",,com.hack23.cia.model.external.riksdagen.votering.impl.VoteData,
10862315,,country,,10862313
6878592,,embeddedId,,6878590
7243266,"""gw11605""",,com.hack23.cia.model.external.riksdagen.dokumentlista.impl.DocumentElement,
2879130,,embeddedId,,2879129
3553410,"""11,4B27637F-E1BD-4E69-B45A-3DFC717E454D,0460690753617,SAKFRÅGAN""",,com.hack23.cia.model.external.riksdagen.votering.impl.VoteData,
1519333,,embeddedId,,1519332
1819198,,embeddedId,,1819197
6290884,,embeddedId,,6290883
8550463,1143542,,com.hack23.cia.model.external.riksdagen.dokumentstatus.impl.DocumentDetailData,
5284934,"""1,8E8C2D6A-347A-46C4-8119-77634D40EDFA,0144048894712,SAKFRÅGAN""",,com.hack23.cia.model.external.riksdagen.votering.impl.VoteData,
8135336,748817,,com.hack23.cia.model.external.riksdagen.dokumentstatus.impl.DocumentPersonReferenceData,
217590,"""5,23348855-752B-4260-9930-C686639D74B2,0502688311316,SAKFRÅGAN""",,com.hack23.cia.model.external.riksdagen.votering.impl.VoteData,
10617775,,country,,10617773
10471729,,country,,10471727
1862900,,embeddedId,,1862898
2365432,,embeddedId,,2365431
1107499,"""2,196AAD4E-AF2C-4719-8EC0-2861681383B6,0468956880528,SAKFRÅGAN""",,com.hack23.cia.model.external.riksdagen.votering.impl.VoteData,
3958337,"""1,6846E4FD-6A1B-11D9-8917-000475504C5C,0462541496508,SAKFRÅGAN""",,com.hack23.cia.model.external.riksdagen.votering.impl.VoteData,
4846165,,embeddedId,,4846164
9945742,,indicator,,9945740
1030641,,embeddedId,,1030640
5838480,,embeddedId,,5838479
2971059,,embeddedId,,2971057
4704947,,embeddedId,,4704946
2786907,"""3,1EEC2782-82BA-47F3-B1A2-7B643A0F0676,0252067342313,SAKFRÅGAN""",,com.hack23.cia.model.external.riksdagen.votering.impl.VoteData,
5890504,"""1,B43F8DAB-22DF-11D7-AE65-0004755038A1,0627722735100,SAKFRÅGAN""",,com.hack23.cia.model.external.riksdagen.votering.impl.VoteData,
6191540,"""11,5129F7ED-DCB5-402C-9362-55A68114CCF8,0395042560705,SAKFRÅGAN""",,com.hack23.cia.model.external.riksdagen.votering.impl.VoteData,
7067836,"""1,AB78EC4C-86D0-4F84-9CE9-9133FCBEF441,0395154929710,SAKFRÅGAN""",,com.hack23.cia.model.external.riksdagen.votering.impl.VoteData,
3520501,,embeddedId,,3520500
11707742,3053633,,com.hack23.cia.model.external.riksdagen.documentcontent.impl.DocumentContentData,
8395906,996373,,com.hack23.cia.model.external.riksdagen.dokumentstatus.impl.DocumentPersonReferenceData,
11525207,,indicator,,11525206
2617995,"""9,DBCF5AD5-9004-441C-9B52-82CBD4F39190,0921688244311,SAKFRÅGAN""",,com.hack23.cia.model.external.riksdagen.votering.impl.VoteData,
7132718,"""gqa3ubu10""",,com.hack23.cia.model.external.riksdagen.dokumentlista.impl.DocumentElement,
9717689,2251716,,com.hack23.cia.model.external.riksdagen.dokumentstatus.impl.DocumentDetailData,
8812588,1392229,,com.hack23.cia.model.external.riksdagen.dokumentstatus.impl.DocumentDetailContainer,
8327051,930939,,com.hack23.cia.model.external.riksdagen.dokumentstatus.impl.DocumentPersonReferenceData,
12615029,,embeddedId,,12615028
8007004,627009,,com.hack23.cia.model.external.riksdagen.dokumentstatus.impl.DocumentPersonReferenceData,
3898519,,embeddedId,,3898518
621645,,embeddedId,,621644
7356931,"""haa2eun12p""",,com.hack23.cia.model.external.riksdagen.dokumentlista.impl.DocumentElement,
9851686,,country,,9851685
6769794,,embeddedId,,6769791
9495721,2041352,,com.hack23.cia.model.external.riksdagen.dokumentstatus.impl.DocumentDetailData,
8383438,984546,,com.hack23.cia.model.external.riksdagen.dokumentstatus.impl.DocumentAttachment,
5510740,"""8,877F80B3-886A-426B-B12C-8D8BC3245482,0376353897112,SAKFRÅGAN""",,com.hack23.cia.model.external.riksdagen.votering.impl.VoteData,
9779176,,country,,9779174
11665906,,country,,11665904
9909914,2360038,,com.hack23.cia.model.external.worldbank.data.impl.WorldBankData,
7283726,"""gx12750""",,com.hack23.cia.model.external.riksdagen.dokumentlista.impl.DocumentElement,
8519140,1113700,,com.hack23.cia.model.external.riksdagen.dokumentstatus.impl.DocumentReferenceData,
7326996,"""h210408""",,com.hack23.cia.model.external.riksdagen.dokumentlista.impl.DocumentElement,
8368699,970550,,com.hack23.cia.model.external.riksdagen.dokumentstatus.impl.DocumentReferenceData,
11013760,2800205,,com.hack23.cia.model.external.worldbank.data.impl.WorldBankData,
8574825,1166698,,com.hack23.cia.model.external.riksdagen.dokumentstatus.impl.DocumentPersonReferenceData,
10629523,2656691,,com.hack23.cia.model.external.worldbank.data.impl.WorldBankData,
1859848,,embeddedId,,1859847
8827319,1406186,,com.hack23.cia.model.external.riksdagen.dokumentstatus.impl.DocumentDetailData,
1545489,,embeddedId,,1545488
12050342,,embeddedId,,12050341
3519822,,embeddedId,,3519820
394487,,embeddedId,,394486
9854839,2337580,,com.hack23.cia.model.external.worldbank.data.impl.WorldBankData,
10584196,,indicator,,10584193
12356189,"""19,3ADF9EC8-D4C1-4B6B-A0EB-219ACB244921,0880018341619,SAKFRÅGAN""",,com.hack23.cia.model.external.riksdagen.votering.impl.VoteData,
9749855,2280989,,com.hack23.cia.model.external.worldbank.indicators.impl.IndicatorElement,
47637,,embeddedId,,47636
10005228,,country,,10005225
2506681,,embeddedId,,2506680
3913696,"""8,19365F97-C74E-475B-94C3-A77A1467DC55,0136801772915,SAKFRÅGAN""",,com.hack23.cia.model.external.riksdagen.votering.impl.VoteData,
1814281,"""1,F3180AB3-6571-45B5-8F0D-C2A031BCEE6A,0462699892622,SAKFRÅGAN""",,com.hack23.cia.model.external.riksdagen.votering.impl.VoteData,
1372071,,embeddedId,,1372070
3907126,"""1,2A3839F8-17F0-4143-90B4-11A04D412ED1,0331791853028,SAKFRÅGAN""",,com.hack23.cia.model.external.riksdagen.votering.impl.VoteData,
2886333,"""1,D96F7982-FAA1-48B2-BDF7-4B61D1E68692,0995355603410,SAKFRÅGAN""",,com.hack23.cia.model.external.riksdagen.votering.impl.VoteData,
4976927,"""6,66003F27-D9D6-4043-BD37-1516760E8237,0988383147219,SAKFRÅGAN""",,com.hack23.cia.model.external.riksdagen.votering.impl.VoteData,
428560,"""3,A5387587-4B27-4BB9-9C77-592388B5A3D0,0397924710612,SAKFRÅGAN""",,com.hack23.cia.model.external.riksdagen.votering.impl.VoteData,
5013165,,embeddedId,,5013164
8695131,1280912,,com.hack23.cia.model.external.riksdagen.dokumentstatus.impl.DocumentReferenceData,
4826150,"""1,BBE1D58D-9441-407C-B08F-5B289CCF49B1,0903307301618,SAKFRÅGAN""",,com.hack23.cia.model.external.riksdagen.votering.impl.VoteData,
1726693,"""9,25C8C110-34FB-11D7-AED0-000475505303,0346261747912,SAKFRÅGAN""",,com.hack23.cia.model.external.riksdagen.votering.impl.VoteData,
328180,"""1,E524FB9A-AFBD-450F-A1FB-AC5BC0B5EEB4,0706528359123,SAKFRÅGAN""",,com.hack23.cia.model.external.riksdagen.votering.impl.VoteData,
8674723,1261568,,com.hack23.cia.model.external.riksdagen.dokumentstatus.impl.DocumentDetailData,
4050876,"""15,6AECA997-FA33-47A1-95D0-3B227CD823B2,0766496753128,SAKFRÅGAN""",,com.hack23.cia.model.external.riksdagen.votering.impl.VoteData,
6940569,,embeddedId,,6940568
12403215,,indicator,,12403213
4597128,,embeddedId,,4597127
4685490,"""1,DC120357-B766-4E85-B4E5-EE984AD3CF2F,0116084827614,SAKFRÅGAN""",,com.hack23.cia.model.external.riksdagen.votering.impl.VoteData,
11036789,,country,,11036787
3424233,"""34,F1B3892D-903D-4331-B537-3BC9B40A6D3E,0324815829026,SAKFRÅGAN""",,com.hack23.cia.model.external.riksdagen.votering.impl.VoteData,
1663813,,embeddedId,,1663812
185296,"""4,E2B87F09-FB78-4DD7-9F1A-234C7CEC4E2A,0475092656901,SAKFRÅGAN""",,com.hack23.cia.model.external.riksdagen.votering.impl.VoteData,
631921,,embeddedId,,631920
2763855,"""1,ECEFAA2C-EA81-47D5-B69B-C891E1B23AA6,0548843588006,SAKFRÅGAN""",,com.hack23.cia.model.external.riksdagen.votering.impl.VoteData,
9722157,2255937,,com.hack23.cia.model.external.riksdagen.dokumentstatus.impl.DocumentProposalData,
6658646,"""14,5E5977A9-853A-11D7-AE87-0004755046D0,0667054859301,SAKFRÅGAN""",,com.hack23.cia.model.external.riksdagen.votering.impl.VoteData,
952968,,embeddedId,,952967
500449,,embeddedId,,500448
2648489,"""2,C2B9EC39-A8E8-4960-9496-27D17D07EF87,0747852417614,SAKFRÅGAN""",,com.hack23.cia.model.external.riksdagen.votering.impl.VoteData,
8815722,1395195,,com.hack23.cia.model.external.riksdagen.dokumentstatus.impl.DocumentProposalContainer,
3098842,,embeddedId,,3098839
9206257,1766268,,com.hack23.cia.model.external.riksdagen.dokumentstatus.impl.DocumentActivityData,
9612257,2151742,,com.hack23.cia.model.external.riksdagen.dokumentstatus.impl.DocumentProposalData,
10923611,2767968,,com.hack23.cia.model.external.worldbank.data.impl.WorldBankData,
4780688,"""8,58EE0119-D7F9-459A-9696-B326F07C8176,0273506284025,SAKFRÅGAN""",,com.hack23.cia.model.external.riksdagen.votering.impl.VoteData,
7683357,319222,,com.hack23.cia.model.external.riksdagen.documentcontent.impl.DocumentContentData,
3593275,"""3,65C6EFF0-7C0C-11D9-AE2C-0004755053BD,0902172188709,SAKFRÅGAN""",,com.hack23.cia.model.external.riksdagen.votering.impl.VoteData,
3100176,,embeddedId,,3100174
11902319,"""H102T391""",,com.hack23.cia.model.external.riksdagen.dokumentstatus.impl.DocumentData,
8654794,"""H102C243""",,com.hack23.cia.model.external.riksdagen.dokumentstatus.impl.DocumentData,
12039774,1275,,com.hack23.cia.model.internal.application.data.ministry.impl.GovernmentBodyData,
7866377,493238,,com.hack23.cia.model.external.riksdagen.dokumentstatus.impl.DocumentDetailData,
4361571,,embeddedId,,4361570
7081683,"""17,515B7B5D-B00E-4D5C-B14D-BE1DA18744A1,0744139167426,SAKFRÅGAN""",,com.hack23.cia.model.external.riksdagen.votering.impl.VoteData,
217331,,embeddedId,,217330
274589,"""6,6232D261-1FE8-442C-A01E-7C32C796D105,0781357446917,SAKFRÅGAN""",,com.hack23.cia.model.external.riksdagen.votering.impl.VoteData,
3099033,"""3,DFE3EF3D-33E1-45BD-BB79-72908524A578,0866055333028,SAKFRÅGAN""",,com.hack23.cia.model.external.riksdagen.votering.impl.VoteData,
6249187,,embeddedId,,6249186
4641594,,embeddedId,,4641593
11807874,3142923,,com.hack23.cia.model.external.riksdagen.documentcontent.impl.DocumentContentData,
4372087,,embeddedId,,4372086
365036,,embeddedId,,365035
3211341,,embeddedId,,3211340
4500273,,embeddedId,,4500272
8895894,1471222,,com.hack23.cia.model.external.riksdagen.documentcontent.impl.DocumentContentData,
9012217,1581748,,com.hack23.cia.model.external.riksdagen.dokumentstatus.impl.DocumentActivityData,
9262106,1819370,,com.hack23.cia.model.external.riksdagen.dokumentstatus.impl.DocumentPersonReferenceData,
4222649,"""12,116F4E6B-F582-4E46-A540-832E36B1BD73,0655028250417,SAKFRÅGAN""",,com.hack23.cia.model.external.riksdagen.votering.impl.VoteData,
7765244,397050,,com.hack23.cia.model.external.riksdagen.dokumentstatus.impl.DocumentActivityData,
728726,"""28,6FEEEA3D-A4C7-42AD-9BE6-8788B017DC27,0500946976511,SAKFRÅGAN""",,com.hack23.cia.model.external.riksdagen.votering.impl.VoteData,
10391867,2561096,,com.hack23.cia.model.external.worldbank.data.impl.WorldBankData,
2437555,"""2,782865EE-6DF2-43EA-BFBB-F77A14BFC196,0480339311713,SAKFRÅGAN""",,com.hack23.cia.model.external.riksdagen.votering.impl.VoteData,
7749369,381964,,com.hack23.cia.model.external.riksdagen.dokumentstatus.impl.DocumentActivityData,
2225868,"""62,71525A6A-330B-4C35-83C2-905937376F83,0105797223918,SAKFRÅGAN""",,com.hack23.cia.model.external.riksdagen.votering.impl.VoteData,
5342362,"""1,284A24A1-EBDD-45D0-A143-446FE80DA730,0309480686522,SAKFRÅGAN""",,com.hack23.cia.model.external.riksdagen.votering.impl.VoteData,
7777996,409208,,com.hack23.cia.model.external.riksdagen.dokumentstatus.impl.DocumentReferenceData,
1032043,"""10,DBCA7D32-7525-47FF-89D1-DE4B7D424C72,0980316377627,SAKFRÅGAN""",,com.hack23.cia.model.external.riksdagen.votering.impl.VoteData,
4249595,,embeddedId,,4249594
2792084,,embeddedId,,2792082
11565852,,indicator,,11565851
9864737,,indicator,,9864735
6851895,,embeddedId,,6851894
11149082,2846229,,com.hack23.cia.model.external.worldbank.data.impl.WorldBankData,
1454107,,embeddedId,,1454106
3314707,"""4,276946B2-56B4-4073-999D-2CC16BCC14B7,0890152141226,SAKFRÅGAN""",,com.hack23.cia.model.external.riksdagen.votering.impl.VoteData,
10739160,,indicator,,10739159
5265636,"""1,5F8BFCE7-69F3-4857-BD5C-F9F661D59DEE,0598792324417,SAKFRÅGAN""",,com.hack23.cia.model.external.riksdagen.votering.impl.VoteData,
12126265,"""1,D352F27A-848A-4FE7-B6CB-B2CCAD213B43,0641486384014,SAKFRÅGAN""",,com.hack23.cia.model.external.riksdagen.votering.impl.VoteData,
12408588,,embeddedId,,12408587
4599772,"""52,1A44511D-ECC5-4DC0-BFD0-17649A01E0C7,0456066032422,SAKFRÅGAN""",,com.hack23.cia.model.external.riksdagen.votering.impl.VoteData,
9982758,,indicator,,9982756
4236506,"""43,1A673C65-59D4-4458-9A2D-BA8ABC7E03AD,0499755198526,SAKFRÅGAN""",,com.hack23.cia.model.external.riksdagen.votering.impl.VoteData,
11929981,3263163,,com.hack23.cia.model.external.riksdagen.dokumentstatus.impl.DocumentPersonReferenceData,
8857055,1434424,,com.hack23.cia.model.external.riksdagen.dokumentstatus.impl.DocumentReferenceData,
9243476,1801628,,com.hack23.cia.model.external.riksdagen.dokumentstatus.impl.DocumentProposalContainer,
7988132,609056,,com.hack23.cia.model.external.riksdagen.dokumentstatus.impl.DocumentAttachment,
1654822,"""7,9093C2CF-2994-454E-88DB-6C3E62D4AE95,0759167494321,SAKFRÅGAN""",,com.hack23.cia.model.external.riksdagen.votering.impl.VoteData,
10327324,,country,,10327322
3477217,,embeddedId,,3477215
12837068,1169929,,com.hack23.cia.model.internal.application.data.rules.impl.RuleViolation,
2576162,,embeddedId,,2576160
10299847,2524024,,com.hack23.cia.model.external.worldbank.data.impl.WorldBankData,
4569527,"""1,72940658-932A-47C7-8277-8CCBDA221021,0681085425612,SAKFRÅGAN""",,com.hack23.cia.model.external.riksdagen.votering.impl.VoteData,
3984911,,embeddedId,,3984910
3944163,,embeddedId,,3944160
1828099,"""3,CC821E32-46CA-4A41-A3FA-052B100E214B,0990688247511,SAKFRÅGAN""",,com.hack23.cia.model.external.riksdagen.votering.impl.VoteData,
8798734,1379123,,com.hack23.cia.model.external.riksdagen.dokumentstatus.impl.DocumentPersonReferenceData,
6673351,,embeddedId,,6673350
9343608,1896841,,com.hack23.cia.model.external.riksdagen.dokumentstatus.impl.DocumentActivityData,
11041850,2809754,,com.hack23.cia.model.external.worldbank.data.impl.WorldBankData,
10038820,2412797,,com.hack23.cia.model.external.worldbank.data.impl.WorldBankData,
10019056,,country,,10019054
6197709,,embeddedId,,6197708
3122351,,embeddedId,,3122350
12586229,1069456,,com.hack23.cia.model.external.riksdagen.dokumentstatus.impl.DocumentDetailData,
10590604,2640409,,com.hack23.cia.model.external.worldbank.data.impl.WorldBankData,
12418111,1041264,,com.hack23.cia.model.internal.application.data.rules.impl.RuleViolation,
4955878,"""5,3F75C903-9127-4857-BF5E-9E64468AB685,0701525641715,SAKFRÅGAN""",,com.hack23.cia.model.external.riksdagen.votering.impl.VoteData,
12655737,,embeddedId,,12655736
119437,,embeddedId,,119436
11174842,2855003,,com.hack23.cia.model.external.worldbank.data.impl.WorldBankData,
9704943,2239629,,com.hack23.cia.model.external.riksdagen.dokumentstatus.impl.DocumentActivityData,
3064092,,embeddedId,,3064091
7412779,62733,,com.hack23.cia.model.external.riksdagen.dokumentstatus.impl.DocumentActivityData,
830692,"""5,7B142591-EAD1-4919-9931-6933D5E99F49,0883392691612,SAKFRÅGAN""",,com.hack23.cia.model.external.riksdagen.votering.impl.VoteData,
4289931,,embeddedId,,4289930
7561850,203776,,com.hack23.cia.model.external.riksdagen.dokumentstatus.impl.DocumentDetailData,
6313686,"""1,79756693-6583-445A-A218-874B477FEF22,0341628241813,SAKFRÅGAN""",,com.hack23.cia.model.external.riksdagen.votering.impl.VoteData,
8879420,"""H9022889""",,com.hack23.cia.model.external.riksdagen.dokumentstatus.impl.DocumentData,
4893490,,embeddedId,,4893488
7619745,"""GS02Ju393""",,com.hack23.cia.model.external.riksdagen.dokumentstatus.impl.DocumentData,
2041061,"""3,D885992E-8BD0-4E4B-AC6C-943BFF9EE247,0955748436811,SAKFRÅGAN""",,com.hack23.cia.model.external.riksdagen.votering.impl.VoteData,
1451023,,embeddedId,,1451022
11048398,2811987,,com.hack23.cia.model.external.worldbank.data.impl.WorldBankData,
4672138,"""18,AA5357C8-28AD-4ADA-9C4C-CB994707CC35,0574724112206,SAKFRÅGAN""",,com.hack23.cia.model.external.riksdagen.votering.impl.VoteData,
9803084,2315960,,com.hack23.cia.model.external.worldbank.data.impl.WorldBankData,
10253404,,country,,10253403
1556316,"""8,C923D111-9362-11D8-AE21-0004755038E0,0264838147315,MOTIVFRÅGAN""",,com.hack23.cia.model.external.riksdagen.votering.impl.VoteData,
2074343,"""1,11234B5F-3FBF-4C4B-96BB-BC80036C1201,0831636664429,SAKFRÅGAN""",,com.hack23.cia.model.external.riksdagen.votering.impl.VoteData,
7209278,"""gt02mj329""",,com.hack23.cia.model.external.riksdagen.dokumentlista.impl.DocumentElement,
9398910,1949437,,com.hack23.cia.model.external.riksdagen.dokumentstatus.impl.DocumentDetailData,
696275,"""1,E8780441-F4E2-4206-84C8-F203F5976030,0136801772915,SAKFRÅGAN""",,com.hack23.cia.model.external.riksdagen.votering.impl.VoteData,
5649698,"""8,C4080A85-2686-454F-9A99-0EF3737A65F5,0671571847522,SAKFRÅGAN""",,com.hack23.cia.model.external.riksdagen.votering.impl.VoteData,
6214127,,embeddedId,,6214126
4693474,"""1,6CEF970F-FE04-11D6-AF6D-0004755038F6,0540190357911,SAKFRÅGAN""",,com.hack23.cia.model.external.riksdagen.votering.impl.VoteData,
11426420,2940517,,com.hack23.cia.model.external.worldbank.data.impl.WorldBankData,
5272216,"""13,4450A80E-557A-4739-939D-5D041C689270,0460690753617,SAKFRÅGAN""",,com.hack23.cia.model.external.riksdagen.votering.impl.VoteData,
12756473,,embeddedId,,12756471
6455739,,embeddedId,,6455737
7994098,614722,,com.hack23.cia.model.external.riksdagen.dokumentstatus.impl.DocumentActivityData,
8144811,757789,,com.hack23.cia.model.external.riksdagen.dokumentstatus.impl.DocumentAttachment,
2790926,,embeddedId,,2790925
5609641,,embeddedId,,5609640
2296631,"""2,15CA04A5-DA0F-46B8-A878-C6CCFF0CA01B,0860364634014,SAKFRÅGAN""",,com.hack23.cia.model.external.riksdagen.votering.impl.VoteData,
3858749,,embeddedId,,3858748
801069,,embeddedId,,801068
6488498,"""10,B9BBD175-8DF3-49B4-B286-05FAAC982522,0584183916016,SAKFRÅGAN""",,com.hack23.cia.model.external.riksdagen.votering.impl.VoteData,
11101793,,country,,11101791
424712,"""7,0D674F34-5C92-4BD7-8D1A-FF3CC45C8EC6,0731809135516,SAKFRÅGAN""",,com.hack23.cia.model.external.riksdagen.votering.impl.VoteData,
4137812,"""1,457C59A5-9383-11D8-AE3F-0004755038D1,0440497495914,SAKFRÅGAN""",,com.hack23.cia.model.external.riksdagen.votering.impl.VoteData,
6414563,,embeddedId,,6414562
4191847,,embeddedId,,4191846
5734020,"""3,5DB96391-BE9B-481E-BCBD-59BE9DE3D0D1,0977023188809,SAKFRÅGAN""",,com.hack23.cia.model.external.riksdagen.votering.impl.VoteData,
830838,"""5,7B142591-EAD1-4919-9931-6933D5E99F49,0658668232410,SAKFRÅGAN""",,com.hack23.cia.model.external.riksdagen.votering.impl.VoteData,
4994946,"""3,308D4CB3-79AD-417A-A38D-A7D2FC34B627,0101299073819,SAKFRÅGAN""",,com.hack23.cia.model.external.riksdagen.votering.impl.VoteData,
7201514,"""gwb419""",,com.hack23.cia.model.external.riksdagen.dokumentlista.impl.DocumentElement,
5174574,"""104,1BF7A532-B281-4F36-A1F6-CEF7F0EACD7E,0101299073819,SAKFRÅGAN""",,com.hack23.cia.model.external.riksdagen.votering.impl.VoteData,
6343384,"""27,22733679-EF25-45B5-800F-3C287AA4EC1D,0538777624511,SAKFRÅGAN""",,com.hack23.cia.model.external.riksdagen.votering.impl.VoteData,
11117897,2835628,,com.hack23.cia.model.external.worldbank.data.impl.WorldBankData,
586953,,embeddedId,,586952
2490192,"""7,186E4D9E-5303-4105-BD5B-E74A8C1F4CC0,0873650166625,SAKFRÅGAN""",,com.hack23.cia.model.external.riksdagen.votering.impl.VoteData,
848972,"""3,A1433894-E2C6-4EB0-AB4E-8D15EB859BEA,0682989845822,SAKFRÅGAN""",,com.hack23.cia.model.external.riksdagen.votering.impl.VoteData,
650038,"""3,59C564E4-8DD2-4D0B-9F31-88E340553878,0325462829512,SAKFRÅGAN""",,com.hack23.cia.model.external.riksdagen.votering.impl.VoteData,
5266060,"""1,5F8BFCE7-69F3-4857-BD5C-F9F661D59DEE,0681030112815,SAKFRÅGAN""",,com.hack23.cia.model.external.riksdagen.votering.impl.VoteData,
6102299,,embeddedId,,6102298
8690188,1276221,,com.hack23.cia.model.external.riksdagen.dokumentstatus.impl.DocumentActivityData,
4150453,,embeddedId,,4150452
6535308,,embeddedId,,6535306
5900256,"""8,5A35BF68-949E-42F8-B42D-B350355D9370,0208558695314,SAKFRÅGAN""",,com.hack23.cia.model.external.riksdagen.votering.impl.VoteData,
3175923,"""1,8A4BA692-B586-4DE4-A9DB-0405E2CDE6B5,0970400972210,SAKFRÅGAN""",,com.hack23.cia.model.external.riksdagen.votering.impl.VoteData,
7876375,502764,,com.hack23.cia.model.external.riksdagen.dokumentstatus.impl.DocumentAttachment,
4596256,"""4,70ACCF25-BF8A-426A-8254-3D021202E4E0,0970709885516,SAKFRÅGAN""",,com.hack23.cia.model.external.riksdagen.votering.impl.VoteData,
428233,"""3,A5387587-4B27-4BB9-9C77-592388B5A3D0,0996403729104,SAKFRÅGAN""",,com.hack23.cia.model.external.riksdagen.votering.impl.VoteData,
9082363,1648427,,com.hack23.cia.model.external.riksdagen.dokumentstatus.impl.DocumentStatusContainer,
4548488,"""6,F3BEA09D-8042-432B-92C5-0AAB6EC58F5A,0430865615328,SAKFRÅGAN""",,com.hack23.cia.model.external.riksdagen.votering.impl.VoteData,
2888904,,embeddedId,,2888903
12759633,1111192,,com.hack23.cia.model.external.riksdagen.utskottsforslag.impl.AgainstProposalData,
9405542,1955775,,com.hack23.cia.model.external.riksdagen.dokumentstatus.impl.DocumentPersonReferenceData,
8295542,901031,,com.hack23.cia.model.external.riksdagen.dokumentstatus.impl.DocumentDetailData,
5398653,,embeddedId,,5398652
4384142,"""1,A3D1A5D4-8C4A-11D7-AE21-000475530052,0638431210311,SAKFRÅGAN""",,com.hack23.cia.model.external.riksdagen.votering.impl.VoteData,
1834511,,embeddedId,,1834509
9293937,1849663,,com.hack23.cia.model.external.riksdagen.dokumentstatus.impl.DocumentProposalContainer,
10649473,2664917,,com.hack23.cia.model.external.worldbank.data.impl.WorldBankData,
9487185,2033204,,com.hack23.cia.model.external.riksdagen.dokumentstatus.impl.DocumentDetailData,
735860,,embeddedId,,735859
4837875,"""13,5CB686EB-B892-4480-8424-73039C2DC10D,0970259744617,SAKFRÅGAN""",,com.hack23.cia.model.external.riksdagen.votering.impl.VoteData,
11404510,,indicator,,11404509
4933522,,embeddedId,,4933521
9589895,2130530,,com.hack23.cia.model.external.riksdagen.dokumentstatus.impl.DocumentReferenceContainer,
4159734,"""9,2C80B318-B577-4BCA-870C-80BFFC425338,0617957067613,SAKFRÅGAN""",,com.hack23.cia.model.external.riksdagen.votering.impl.VoteData,
5817344,"""1,1890AADB-695F-4846-A676-DCEC22791DF9,0741187745315,SAKFRÅGAN""",,com.hack23.cia.model.external.riksdagen.votering.impl.VoteData,
6494225,,embeddedId,,6494224
1336384,"""3,1C757AC9-5704-4E97-9FF1-672FE37643F4,0853395328224,SAKFRÅGAN""",,com.hack23.cia.model.external.riksdagen.votering.impl.VoteData,
9456731,2004324,,com.hack23.cia.model.external.riksdagen.dokumentstatus.impl.DocumentPersonReferenceData,
3469278,,embeddedId,,3469277
12502933,1047698,,com.hack23.cia.model.external.riksdagen.utskottsforslag.impl.AgainstProposalData,
3442253,"""2,668E16E9-C633-4BD9-B4E9-EA345D3500C1,0545733815610,SAKFRÅGAN""",,com.hack23.cia.model.external.riksdagen.votering.impl.VoteData,
10009355,,indicator,,10009353
2200668,"""22,BD5D12B0-C053-405F-8222-1C536BD5940C,0857394544302,SAKFRÅGAN""",,com.hack23.cia.model.external.riksdagen.votering.impl.VoteData,
4508128,"""5,011F7FBD-848A-4208-96C3-68F09196E5A5,0198031297912,SAKFRÅGAN""",,com.hack23.cia.model.external.riksdagen.votering.impl.VoteData,
2948133,"""5,248717BB-FBED-4A60-82A1-A71982BD3DFC,0492644357418,SAKFRÅGAN""",,com.hack23.cia.model.external.riksdagen.votering.impl.VoteData,
10962349,2782694,,com.hack23.cia.model.external.worldbank.data.impl.WorldBankData,
8255269,862779,,com.hack23.cia.model.external.riksdagen.dokumentstatus.impl.DocumentReferenceData,
5114657,,embeddedId,,5114656
2682470,"""11,B28AF912-F0B3-4D70-9605-B0205C055452,0373223420310,SAKFRÅGAN""",,com.hack23.cia.model.external.riksdagen.votering.impl.VoteData,
3130739,,embeddedId,,3130737
1482628,"""7,5B129C13-4514-4E60-A0AA-E8EF296C684B,0603366539729,SAKFRÅGAN""",,com.hack23.cia.model.external.riksdagen.votering.impl.VoteData,
9850870,2336080,,com.hack23.cia.model.external.riksdagen.utskottsforslag.impl.CommitteeProposalData,
9453017,2000766,,com.hack23.cia.model.external.worldbank.indicators.impl.IndicatorElement,
9478016,2024494,,com.hack23.cia.model.external.riksdagen.dokumentstatus.impl.DocumentDetailData,
9686056,"""H40381""",,com.hack23.cia.model.external.riksdagen.dokumentstatus.impl.DocumentData,
12672769,"""2,E5662645-FA01-47A9-A941-6EB30AE9BFB8,0641953830512,SAKFRÅGAN""",,com.hack23.cia.model.external.riksdagen.votering.impl.VoteData,
3193038,"""12,C1203A70-EBBC-4798-822D-33DA18007F1E,041911485722,SAKFRÅGAN""",,com.hack23.cia.model.external.riksdagen.votering.impl.VoteData,
5805885,,embeddedId,,5805884
5566983,,embeddedId,,5566982
6885833,,embeddedId,,6885832
242468,"""11,870579D7-2C16-4923-9C14-D39911C5C032,0223069839622,SAKFRÅGAN""",,com.hack23.cia.model.external.riksdagen.votering.impl.VoteData,
290023,,embeddedId,,290022
9274022,1830667,,com.hack23.cia.model.external.riksdagen.dokumentstatus.impl.DocumentAttachment,
9727911,2261268,,com.hack23.cia.model.external.riksdagen.documentcontent.impl.DocumentContentData,
8779930,1361293,,com.hack23.cia.model.external.riksdagen.dokumentstatus.impl.DocumentActivityContainer,
5681131,,embeddedId,,5681130
4697933,,embeddedId,,4697931
10791584,,country,,10791582
1338634,"""1,2416F5C4-BDBF-4701-BEDB-7819C8B79372,0814945477312,SAKFRÅGAN""",,com.hack23.cia.model.external.riksdagen.votering.impl.VoteData,
7223022,"""c5776a14-c135-42fd-b8a3-903ef22fe9a7""",,com.hack23.cia.model.external.riksdagen.dokumentlista.impl.DocumentElement,
10230435,,indicator,,10230434
8086707,702665,,com.hack23.cia.model.external.riksdagen.dokumentstatus.impl.DocumentDetailData,
1951373,"""9,334863B3-4A38-11D7-AE71-006008577F08,0326064715100,SAKFRÅGAN""",,com.hack23.cia.model.external.riksdagen.votering.impl.VoteData,
12665543,"""1,9BB11D4D-573A-44B2-9044-A1F0F516480E,0984153507725,SAKFRÅGAN""",,com.hack23.cia.model.external.riksdagen.votering.impl.VoteData,
10527831,,country,,10527829
8322254,926381,,com.hack23.cia.model.external.riksdagen.dokumentstatus.impl.DocumentDetailData,
12112225,"""2,7FCE47A1-2B19-4868-883A-A7FA3407D2E8,0859968278117,SAKFRÅGAN""",,com.hack23.cia.model.external.riksdagen.votering.impl.VoteData,
9323284,1877605,,com.hack23.cia.model.external.riksdagen.dokumentstatus.impl.DocumentPersonReferenceContainer,
1132988,,embeddedId,,1132987
2635717,"""6,E6BC2A25-911B-4598-A3A2-24AB308C2399,0274710563201,SAKFRÅGAN""",,com.hack23.cia.model.external.riksdagen.votering.impl.VoteData,
6341466,,embeddedId,,6341465
6020119,"""2,46197064-1818-49E3-ADDE-8A1AB05C660A,0324815829026,SAKFRÅGAN""",,com.hack23.cia.model.external.riksdagen.votering.impl.VoteData,
8999381,1569587,,com.hack23.cia.model.external.riksdagen.dokumentstatus.impl.DocumentActivityData,
10946487,,country,,10946486
10792177,,country,,10792176
1471051,,embeddedId,,1471050
8479616,1076178,,com.hack23.cia.model.external.riksdagen.dokumentstatus.impl.DocumentDetailData,
12172534,,embeddedId,,12172531
1105468,,embeddedId,,1105467
11480762,2958967,,com.hack23.cia.model.external.worldbank.data.impl.WorldBankData,
7839775,467917,,com.hack23.cia.model.external.riksdagen.dokumentstatus.impl.DocumentReferenceContainer,
12112038,,embeddedId,,12112037
11124915,2838012,,com.hack23.cia.model.external.worldbank.data.impl.WorldBankData,
1945797,"""3,1CE81D01-41E6-40C1-A309-C89CBF30DBB1,035234573112,SAKFRÅGAN""",,com.hack23.cia.model.external.riksdagen.votering.impl.VoteData,
8040805,659108,,com.hack23.cia.model.external.riksdagen.dokumentstatus.impl.DocumentDetailContainer,
738514,"""1,BC5A92F6-2538-40A7-9038-5C898BEDD537,0708565346310,SAKFRÅGAN""",,com.hack23.cia.model.external.riksdagen.votering.impl.VoteData,
11933219,3266235,,com.hack23.cia.model.external.riksdagen.dokumentstatus.impl.DocumentDetailData,
10781420,,indicator,,10781418
10808540,,indicator,,10808539
8534445,1128327,,com.hack23.cia.model.external.riksdagen.dokumentstatus.impl.DocumentReferenceData,
10747352,,indicator,,10747351
858347,"""4,E7D0B346-7861-4250-8900-CD38029B157D,0683297678211,SAKFRÅGAN""",,com.hack23.cia.model.external.riksdagen.votering.impl.VoteData,
3853008,"""1,DAFAB99E-50EC-47C0-909F-DDC02FE1B2DA,0273506284025,SAKFRÅGAN""",,com.hack23.cia.model.external.riksdagen.votering.impl.VoteData,
10782748,,country,,10782746
4785686,"""12,2628DA65-E59F-4DDF-83BB-462F2FD1319D,0820673454606,SAKFRÅGAN""",,com.hack23.cia.model.external.riksdagen.votering.impl.VoteData,
4340161,,embeddedId,,4340160
9910945,,country,,9910943
1911022,,embeddedId,,1911021
6892282,"""10,1B53AFB0-8CC8-4795-B8DD-942164F2D5C8,0407081382317,SAKFRÅGAN""",,com.hack23.cia.model.external.riksdagen.votering.impl.VoteData,
5970436,"""11,A68AA255-9FF7-40BA-B2C8-1F46D49DB5EE,089246126523,SAKFRÅGAN""",,com.hack23.cia.model.external.riksdagen.votering.impl.VoteData,
4608989,,embeddedId,,4608988
1339504,"""1,25DB2B2C-35A5-42C5-BF21-33C1D084F6D1,0583257327619,SAKFRÅGAN""",,com.hack23.cia.model.external.riksdagen.votering.impl.VoteData,
4631173,,embeddedId,,4631171
9925614,,country,,9925612
4119187,,embeddedId,,4119186
11193007,2861194,,com.hack23.cia.model.external.worldbank.data.impl.WorldBankData,
4523016,"""3,F24010F4-2B11-11D8-AEF4-0004755038F6,0853813080501,MOTIVFRÅGAN""",,com.hack23.cia.model.external.riksdagen.votering.impl.VoteData,
1019576,"""7,67ECF293-2898-4F1D-A53E-5C9885D72F07,0316505710324,SAKFRÅGAN""",,com.hack23.cia.model.external.riksdagen.votering.impl.VoteData,
7192462,"""gs111651""",,com.hack23.cia.model.external.riksdagen.dokumentlista.impl.DocumentElement,
5941942,"""12,139253AB-6863-48C2-8F1A-E1398F4867BE,0516879803714,SAKFRÅGAN""",,com.hack23.cia.model.external.riksdagen.votering.impl.VoteData,
10731309,2698947,,com.hack23.cia.model.external.worldbank.data.impl.WorldBankData,
3374619,"""3,9B8F0C6E-07DD-4959-97E7-2A612C886A8B,0475778011711,SAKFRÅGAN""",,com.hack23.cia.model.external.riksdagen.votering.impl.VoteData,
1947761,"""28,1A9996AE-E929-46FF-BAF2-782C82D0EDC6,0602796111612,SAKFRÅGAN""",,com.hack23.cia.model.external.riksdagen.votering.impl.VoteData,
9390553,"""GN031D1""",,com.hack23.cia.model.external.riksdagen.dokumentstatus.impl.DocumentData,
7414999,64814,,com.hack23.cia.model.external.riksdagen.dokumentstatus.impl.DocumentActivityData,
3652689,,embeddedId,,3652688
5368009,,embeddedId,,5368008
8489391,1085456,,com.hack23.cia.model.external.riksdagen.dokumentstatus.impl.DocumentAttachmentContainer,
2828946,,embeddedId,,2828945
6964488,"""13,296AEA56-2BE8-410C-B665-D73C94F10CE4,0274462857213,SAKFRÅGAN""",,com.hack23.cia.model.external.riksdagen.votering.impl.VoteData,
450497,"""1,CCE2035F-111C-40FD-AAA5-5DD7DB6086E9,0304498908019,SAKFRÅGAN""",,com.hack23.cia.model.external.riksdagen.votering.impl.VoteData,
8818643,1397959,,com.hack23.cia.model.external.riksdagen.dokumentstatus.impl.DocumentPersonReferenceContainer,
1147717,"""6,9639733D-C0C4-4341-9447-3836C20B25CD,0360160202728,SAKFRÅGAN""",,com.hack23.cia.model.external.riksdagen.votering.impl.VoteData,
4792533,,embeddedId,,4792532
2320171,"""2,1B5F4492-8DD8-4D1E-802C-0296BBDB97F6,0216534495014,SAKFRÅGAN""",,com.hack23.cia.model.external.riksdagen.votering.impl.VoteData,
4645427,,embeddedId,,4645426
10274182,2513109,,com.hack23.cia.model.external.worldbank.data.impl.WorldBankData,
8056568,674063,,com.hack23.cia.model.external.riksdagen.dokumentstatus.impl.DocumentProposalContainer,
6485362,"""4,D6D16E9B-56D1-45C8-BAE2-DFE9F5DD4FB6,0628190530410,SAKFRÅGAN""",,com.hack23.cia.model.external.riksdagen.votering.impl.VoteData,
10583195,,country,,10583193
1650951,,embeddedId,,1650948
9135945,1699362,,com.hack23.cia.model.external.riksdagen.dokumentstatus.impl.DocumentProposalContainer,
6849528,,embeddedId,,6849526
2953150,,embeddedId,,2953149
4329353,"""10,A45E136C-896D-4A38-8F06-D4301813FDA9,0559652845303,SAKFRÅGAN""",,com.hack23.cia.model.external.riksdagen.votering.impl.VoteData,
7977591,599001,,com.hack23.cia.model.external.riksdagen.documentcontent.impl.DocumentContentData,
4010539,,embeddedId,,4010538
9413424,1963231,,com.hack23.cia.model.external.riksdagen.dokumentstatus.impl.DocumentActivityData,
12840403,1173264,,com.hack23.cia.model.internal.application.data.rules.impl.RuleViolation,
6605530,"""11,8CFFC418-946A-4562-83AC-419C2DFEAF8E,0542573140300,SAKFRÅGAN""",,com.hack23.cia.model.external.riksdagen.votering.impl.VoteData,
12176244,"""2,9960BAE4-A013-4A27-B20F-7DE511B50C79,0216534495014,SAKFRÅGAN""",,com.hack23.cia.model.external.riksdagen.votering.impl.VoteData,
6950064,"""7,4B4F9930-8DC5-494F-AA9A-680382B91AB0,0602744999917,SAKFRÅGAN""",,com.hack23.cia.model.external.riksdagen.votering.impl.VoteData,
8917740,1491908,,com.hack23.cia.model.external.riksdagen.dokumentstatus.impl.DocumentDetailData,
2240862,,embeddedId,,2240860
7243135,"""gu0i131""",,com.hack23.cia.model.external.riksdagen.dokumentlista.impl.DocumentElement,
2195440,,embeddedId,,2195439
6227093,,embeddedId,,6227092
371836,"""3,94C3389F-3B5B-40D9-BADE-1FFFAC82067F,0721657655513,SAKFRÅGAN""",,com.hack23.cia.model.external.riksdagen.votering.impl.VoteData,
12191569,,embeddedId,,12191568
3204917,,embeddedId,,3204916
1718556,"""1,2434A210-FA78-48A5-90B2-51C3BACD7407,0136801772915,SAKFRÅGAN""",,com.hack23.cia.model.external.riksdagen.votering.impl.VoteData,
4296756,"""18,639583E7-C670-4405-9C98-5908CBF73CEB,0358278412329,SAKFRÅGAN""",,com.hack23.cia.model.external.riksdagen.votering.impl.VoteData,
8261528,868688,,com.hack23.cia.model.external.riksdagen.dokumentstatus.impl.DocumentAttachmentContainer,
4838742,"""13,5CB686EB-B892-4480-8424-73039C2DC10D,0600069352021,SAKFRÅGAN""",,com.hack23.cia.model.external.riksdagen.votering.impl.VoteData,
3531362,"""15,F8A5C3E4-A83A-4869-8300-85724612D54D,0843345349823,SAKFRÅGAN""",,com.hack23.cia.model.external.riksdagen.votering.impl.VoteData,
12205756,"""1,85257335-49AE-432C-A1EF-958268092104,0729710260118,SAKFRÅGAN""",,com.hack23.cia.model.external.riksdagen.votering.impl.VoteData,
7236091,"""gua3tu32""",,com.hack23.cia.model.external.riksdagen.dokumentlista.impl.DocumentElement,
5236537,"""5,6E306404-D41E-46D7-9A73-96CF54554B4D,0737073162411,SAKFRÅGAN""",,com.hack23.cia.model.external.riksdagen.votering.impl.VoteData,
8148584,761338,,com.hack23.cia.model.external.riksdagen.dokumentstatus.impl.DocumentPersonReferenceContainer,
2247748,"""4,9BE4B252-C073-4014-9B3C-C9561F391442,0519740099915,SAKFRÅGAN""",,com.hack23.cia.model.external.riksdagen.votering.impl.VoteData,
6061450,"""8,66B8D3B0-5336-49ED-9A0F-A35D4CE56DCA,0698463786600,SAKFRÅGAN""",,com.hack23.cia.model.external.riksdagen.votering.impl.VoteData,
1622424,"""25,E40A538D-F6FA-43DE-B1F9-158D9AAB6E04,0103812031214,SAKFRÅGAN""",,com.hack23.cia.model.external.riksdagen.votering.impl.VoteData,
6507460,"""10,06F0EFC6-A267-4B2E-BA26-60BB884A7038,0235974887200,SAKFRÅGAN""",,com.hack23.cia.model.external.riksdagen.votering.impl.VoteData,
7588535,229180,,com.hack23.cia.model.external.riksdagen.dokumentstatus.impl.DocumentActivityContainer,
9491599,2037480,,com.hack23.cia.model.external.riksdagen.dokumentstatus.impl.DocumentReferenceData,
3609069,,embeddedId,,3609066
4927568,"""20,A274AFC2-8360-413B-A86F-3A8B506DCB20,0235974887200,SAKFRÅGAN""",,com.hack23.cia.model.external.riksdagen.votering.impl.VoteData,
6456257,"""2,6E391C5E-33D8-4FD8-8A1D-FAE073D55F60,0791786201912,SAKFRÅGAN""",,com.hack23.cia.model.external.riksdagen.votering.impl.VoteData,
7554169,196487,,com.hack23.cia.model.external.riksdagen.dokumentstatus.impl.DocumentReferenceData,
348866,,embeddedId,,348865
7246576,"""gv02u372""",,com.hack23.cia.model.external.riksdagen.dokumentlista.impl.DocumentElement,
8522179,1116568,,com.hack23.cia.model.external.riksdagen.dokumentstatus.impl.DocumentDetailData,
3576112,"""1,5C5E1BF8-4437-4F52-BB1B-6C9E4712DB2E,0494054455310,SAKFRÅGAN""",,com.hack23.cia.model.external.riksdagen.votering.impl.VoteData,
1642003,,embeddedId,,1642002
5624531,,embeddedId,,5624530
6393353,,embeddedId,,6393352
8599735,1190392,,com.hack23.cia.model.external.riksdagen.dokumentstatus.impl.DocumentPersonReferenceData,
8867031,1443828,,com.hack23.cia.model.external.riksdagen.dokumentstatus.impl.DocumentReferenceData,
2062566,,embeddedId,,2062565
1215752,,embeddedId,,1215750
6816333,,embeddedId,,6816332
10283144,2516713,,com.hack23.cia.model.external.worldbank.data.impl.WorldBankData,
5227507,"""1,0EFAFF7E-331F-4E42-864D-B32C9BDB9D3D,0903081277919,SAKFRÅGAN""",,com.hack23.cia.model.external.riksdagen.votering.impl.VoteData,
10986113,2790800,,com.hack23.cia.model.external.worldbank.data.impl.WorldBankData,
12342044,1006705,,com.hack23.cia.model.internal.application.data.rules.impl.RuleViolation,
7465337,112236,,com.hack23.cia.model.external.riksdagen.dokumentstatus.impl.DocumentActivityData,
2437548,,embeddedId,,2437547
4937522,"""2,CF7FE37F-8AA8-40E4-8706-B88C415E431E,0619928872229,SAKFRÅGAN""",,com.hack23.cia.model.external.riksdagen.votering.impl.VoteData,
11151053,,country,,11151049
11972701,3303867,,com.hack23.cia.model.external.riksdagen.dokumentstatus.impl.DocumentActivityData,
8765378,1347484,,com.hack23.cia.model.external.riksdagen.dokumentstatus.impl.DocumentActivityData,
10064275,,indicator,,10064273
821393,,embeddedId,,821392
7254703,"""h7a3ubu7""",,com.hack23.cia.model.external.riksdagen.dokumentlista.impl.DocumentElement,
1940587,,embeddedId,,1940583
7645919,283645,,com.hack23.cia.model.external.riksdagen.dokumentstatus.impl.DocumentDetailContainer,
9196523,1757057,,com.hack23.cia.model.external.riksdagen.dokumentstatus.impl.DocumentStatusContainer,
11748293,3090284,,com.hack23.cia.model.external.riksdagen.documentcontent.impl.DocumentContentData,
5302619,,embeddedId,,5302617
6445332,"""1,54EE3CF4-7ACA-46CC-904B-A422ECA6E2A6,0640774576009,SAKFRÅGAN""",,com.hack23.cia.model.external.riksdagen.votering.impl.VoteData,
4354216,,embeddedId,,4354214
4573245,"""2,48FF2537-8E79-4002-AFC0-CC74F976D6AC,0410640630411,SAKFRÅGAN""",,com.hack23.cia.model.external.riksdagen.votering.impl.VoteData,
12792226,,country,,12792225
7939932,563243,,com.hack23.cia.model.external.riksdagen.dokumentstatus.impl.DocumentAttachmentContainer,
6308459,,embeddedId,,6308456
246826,,embeddedId,,246825
1350051,,embeddedId,,1350050
12070162,"""2,852D03DB-49DC-44C6-94F4-256EB499788C,0497217816024,SAKFRÅGAN""",,com.hack23.cia.model.external.riksdagen.votering.impl.VoteData,
11653859,,country,,11653857
12482594,"""7,F3329591-154C-47A8-9596-C9FDD3FBF55D,0121939297619,SAKFRÅGAN""",,com.hack23.cia.model.external.riksdagen.votering.impl.VoteData,
11715512,3060643,,com.hack23.cia.model.external.riksdagen.documentcontent.impl.DocumentContentData,
10897074,2759005,,com.hack23.cia.model.external.worldbank.data.impl.WorldBankData,
4906519,,embeddedId,,4906518
865460,"""3,F8702D39-B556-4FBF-9670-0C4E12A09F5A,0679228585116,SAKFRÅGAN""",,com.hack23.cia.model.external.riksdagen.votering.impl.VoteData,
5952881,,embeddedId,,5952880
1469914,"""1,89B624C3-624C-4F6D-8048-7303A9BAAA70,0520793981601,SAKFRÅGAN""",,com.hack23.cia.model.external.riksdagen.votering.impl.VoteData,
12083190,3390133,,com.hack23.cia.model.internal.application.data.rules.impl.RuleViolation,
7632361,270791,,com.hack23.cia.model.external.riksdagen.dokumentstatus.impl.DocumentActivityData,
12556067,"""7,C08B9D77-17DC-4228-9B14-4FD896FDB1FC,0780214960516,SAKFRÅGAN""",,com.hack23.cia.model.external.riksdagen.votering.impl.VoteData,
4246051,"""1,649A412A-EE55-45F2-A8A9-008F01BC2B2C,0103624617217,SAKFRÅGAN""",,com.hack23.cia.model.external.riksdagen.votering.impl.VoteData,
5281970,"""1,A4464B3C-D7C2-4D48-96D3-7DAB7006E5FF,0866055333028,SAKFRÅGAN""",,com.hack23.cia.model.external.riksdagen.votering.impl.VoteData,
10144571,,indicator,,10144569
1360331,,embeddedId,,1360330
7302487,"""h0b436""",,com.hack23.cia.model.external.riksdagen.dokumentlista.impl.DocumentElement,
7990162,610945,,com.hack23.cia.model.external.riksdagen.dokumentstatus.impl.DocumentStatusContainer,
11813531,3148580,,com.hack23.cia.model.external.riksdagen.documentcontent.impl.DocumentContentData,
3593647,"""3,65C6EFF0-7C0C-11D9-AE2C-0004755053BD,0291542732518,SAKFRÅGAN""",,com.hack23.cia.model.external.riksdagen.votering.impl.VoteData,
1925589,"""5,4BF424AA-0FF3-43FB-979D-4FC59E4E24D5,0761548559113,SAKFRÅGAN""",,com.hack23.cia.model.external.riksdagen.votering.impl.VoteData,
5022216,"""7,051B668C-B2D8-4A2F-800E-00C82DD22CAE,0802826314426,SAKFRÅGAN""",,com.hack23.cia.model.external.riksdagen.votering.impl.VoteData,
781668,"""12,73FB04F9-BA30-4D41-8F62-142F4D2C15CA,0240670797111,SAKFRÅGAN""",,com.hack23.cia.model.external.riksdagen.votering.impl.VoteData,
11258061,,indicator,,11258059
2766253,"""3,60D3BCAD-064A-4AC6-9B5E-9AD2D4888523,0275724540919,SAKFRÅGAN""",,com.hack23.cia.model.external.riksdagen.votering.impl.VoteData,
3220378,,embeddedId,,3220377
2033057,,embeddedId,,2033056
12651733,1091954,,com.hack23.cia.model.internal.application.data.rules.impl.RuleViolation,
1454217,,embeddedId,,1454216
10817864,,country,,10817862
1038369,"""3,6C2A557E-97A6-4386-BF07-A2B46556824B,0665485817222,SAKFRÅGAN""",,com.hack23.cia.model.external.riksdagen.votering.impl.VoteData,
4740959,,embeddedId,,4740958
3413424,"""1,8B08C327-3081-4EA1-A44A-5E9065AF8E84,0960030082916,SAKFRÅGAN""",,com.hack23.cia.model.external.riksdagen.votering.impl.VoteData,
11800267,,country,,11800266
8876168,1452516,,com.hack23.cia.model.external.riksdagen.dokumentstatus.impl.DocumentActivityData,
1750446,,embeddedId,,1750445
12639213,,embeddedId,,12639212
9251266,"""GU02Kr248""",,com.hack23.cia.model.external.riksdagen.dokumentstatus.impl.DocumentData,
4745139,,embeddedId,,4745138
6694162,"""32,D08CFED0-0B4B-11D7-AEAF-000475504757,0990007083418,SAKFRÅGAN""",,com.hack23.cia.model.external.riksdagen.votering.impl.VoteData,
9134735,1698206,,com.hack23.cia.model.external.riksdagen.dokumentstatus.impl.DocumentDetailContainer,
10890908,2756890,,com.hack23.cia.model.external.worldbank.indicators.impl.IndicatorElement,
11236837,,indicator,,11236836
3889393,,embeddedId,,3889392
2184757,"""18,B62560E4-2657-11D8-AEAE-000475530032,0203334943718,SAKFRÅGAN""",,com.hack23.cia.model.external.riksdagen.votering.impl.VoteData,
1049700,,embeddedId,,1049699
5936630,"""7,3BC69584-6E95-47F4-8058-BA1390B60589,0653904370212,SAKFRÅGAN""",,com.hack23.cia.model.external.riksdagen.votering.impl.VoteData,
10091755,,country,,10091753
8367427,969357,,com.hack23.cia.model.external.riksdagen.dokumentstatus.impl.DocumentReferenceData,
6376400,"""5,90390AEE-05FE-11D7-AEA7-000475505303,061124537800,SAKFRÅGAN""",,com.hack23.cia.model.external.riksdagen.votering.impl.VoteData,
3598107,,embeddedId,,3598106
1737756,"""8,CD46D768-8895-41AD-A07B-AF77A43B946F,0535526562910,SAKFRÅGAN""",,com.hack23.cia.model.external.riksdagen.votering.impl.VoteData,
6363647,"""11,19FE1A0B-DAF2-4718-BE77-20DE629CEB4D,0695090885212,SAKFRÅGAN""",,com.hack23.cia.model.external.riksdagen.votering.impl.VoteData,
4535760,"""2,4F574810-2CAB-4F96-B8A9-85CC03E66C27,0466653728712,SAKFRÅGAN""",,com.hack23.cia.model.external.riksdagen.votering.impl.VoteData,
3841535,,embeddedId,,3841534
61217,,embeddedId,,61216
11363120,2919039,,com.hack23.cia.model.external.worldbank.data.impl.WorldBankData,
3547964,,embeddedId,,3547962
318197,"""1,E1FD21EA-2C95-11D8-AE29-0004755047CD,0977824845202,SAKFRÅGAN""",,com.hack23.cia.model.external.riksdagen.votering.impl.VoteData,
6151917,,embeddedId,,6151915
9620510,2159582,,com.hack23.cia.model.external.riksdagen.dokumentstatus.impl.DocumentActivityData,
8290617,896370,,com.hack23.cia.model.external.riksdagen.dokumentstatus.impl.DocumentProposalContainer,
956996,,embeddedId,,956995
8219556,828783,,com.hack23.cia.model.external.riksdagen.dokumentstatus.impl.DocumentPersonReferenceData,
1733269,,embeddedId,,1733268
11457251,2950993,,com.hack23.cia.model.external.worldbank.indicators.impl.Topic,
7118781,"""gp02u216""",,com.hack23.cia.model.external.riksdagen.dokumentlista.impl.DocumentElement,
6351218,"""1,07A41707-E317-4B25-A672-2F8C1607AC61,016950536026,SAKFRÅGAN""",,com.hack23.cia.model.external.riksdagen.votering.impl.VoteData,
4125955,,embeddedId,,4125953
2687804,,embeddedId,,2687803
6635276,"""4,0A880D46-C665-4BBC-B560-5ED2128F5D74,0983984918111,SAKFRÅGAN""",,com.hack23.cia.model.external.riksdagen.votering.impl.VoteData,
1125437,"""1,C3C061FB-BAD3-49C7-9C22-A16AA87A083C,0264838147315,SAKFRÅGAN""",,com.hack23.cia.model.external.riksdagen.votering.impl.VoteData,
5568363,,embeddedId,,5568362
11397336,2930655,,com.hack23.cia.model.external.worldbank.data.impl.WorldBankData,
3270014,,embeddedId,,3270011
2735142,"""10,8BDF9B00-51EF-4E64-A77E-5EBCBE44064D,0780069612618,SAKFRÅGAN""",,com.hack23.cia.model.external.riksdagen.votering.impl.VoteData,
10895010,2758305,,com.hack23.cia.model.external.worldbank.data.impl.WorldBankData,
3834051,,embeddedId,,3834050
4696493,,embeddedId,,4696492
569335,,embeddedId,,569334
8418838,1018274,,com.hack23.cia.model.external.riksdagen.dokumentstatus.impl.DocumentStatusContainer,
11619021,3005975,,com.hack23.cia.model.external.worldbank.data.impl.WorldBankData,
6315159,"""1,767767EC-FC1B-44C8-A433-2A6A792FF42E,0891971250317,SAKFRÅGAN""",,com.hack23.cia.model.external.riksdagen.votering.impl.VoteData,
6517250,"""23,FA703F74-2F22-4860-A256-DED2E5AEFBB5,0883392691612,SAKFRÅGAN""",,com.hack23.cia.model.external.riksdagen.votering.impl.VoteData,
5336463,,embeddedId,,5336462
7906080,530994,,com.hack23.cia.model.external.riksdagen.dokumentstatus.impl.DocumentAttachment,
11754525,3095895,,com.hack23.cia.model.external.riksdagen.documentcontent.impl.DocumentContentData,
11346910,,country,,11346909
12183999,,embeddedId,,12183998
7779192,410332,,com.hack23.cia.model.external.riksdagen.documentcontent.impl.DocumentContentData,
877855,"""10,3447937B-0B7C-4E00-9BFB-1F4F18644052,0806338394516,SAKFRÅGAN""",,com.hack23.cia.model.external.riksdagen.votering.impl.VoteData,
12556105,"""7,C08B9D77-17DC-4228-9B14-4FD896FDB1FC,0296384583518,SAKFRÅGAN""",,com.hack23.cia.model.external.riksdagen.votering.impl.VoteData,
4486322,"""5,AD25E573-D30E-4004-B89E-226D79C4D475,0542215898226,SAKFRÅGAN""",,com.hack23.cia.model.external.riksdagen.votering.impl.VoteData,
3923385,"""2,D7593F4D-6919-40EC-A102-2EE555EDDF46,0510486065729,SAKFRÅGAN""",,com.hack23.cia.model.external.riksdagen.votering.impl.VoteData,
10488420,,indicator,,10488418
3706452,"""2,87F2DF5C-8A58-4180-98C8-C4FE101BF784,0227802801605,SAKFRÅGAN""",,com.hack23.cia.model.external.riksdagen.votering.impl.VoteData,
12425218,,embeddedId,,12425217
4829657,"""3,C444DCC1-6B00-4201-8B8B-11DFB8F011D8,0797281536419,SAKFRÅGAN""",,com.hack23.cia.model.external.riksdagen.votering.impl.VoteData,
1503964,"""12,5C445DF3-8EB2-4879-90BD-B907AD6A7083,0210198640127,SAKFRÅGAN""",,com.hack23.cia.model.external.riksdagen.votering.impl.VoteData,
6448723,"""8,B16149B3-61BF-428C-8FB5-DC6F2EDE5957,0545353563812,SAKFRÅGAN""",,com.hack23.cia.model.external.riksdagen.votering.impl.VoteData,
10475524,,country,,10475523
493203,,embeddedId,,493202
1534597,,embeddedId,,1534596
9137338,1700684,,com.hack23.cia.model.external.riksdagen.dokumentstatus.impl.DocumentPersonReferenceData,
11124466,2837861,,com.hack23.cia.model.external.worldbank.data.impl.WorldBankData,
2752527,"""5,334863A5-4A38-11D7-AE71-006008577F08,0938901612810,SAKFRÅGAN""",,com.hack23.cia.model.external.riksdagen.votering.impl.VoteData,
9606697,2146482,,com.hack23.cia.model.external.riksdagen.dokumentstatus.impl.DocumentDetailData,
4077966,"""1,CAA1CD6E-B979-4EA3-9CCC-3DEF318BBEB4,0980681611418,SAKFRÅGAN""",,com.hack23.cia.model.external.riksdagen.votering.impl.VoteData,
11722556,3067027,,com.hack23.cia.model.external.riksdagen.documentcontent.impl.DocumentContentData,
8443093,1041469,,com.hack23.cia.model.external.riksdagen.dokumentstatus.impl.DocumentDetailData,
781772,"""3,1A2DD540-493B-4B42-9F0C-CB64722CE7C5,0983984918111,SAKFRÅGAN""",,com.hack23.cia.model.external.riksdagen.votering.impl.VoteData,
9540642,2083877,,com.hack23.cia.model.external.riksdagen.dokumentstatus.impl.DocumentActivityContainer,
11403832,,indicator,,11403831
2954362,,embeddedId,,2954360
8211824,821452,,com.hack23.cia.model.external.riksdagen.dokumentstatus.impl.DocumentDetailContainer,
9844680,2333622,,com.hack23.cia.model.external.worldbank.data.impl.WorldBankData,
5996313,,embeddedId,,5996312
611806,,embeddedId,,611804
5216362,"""8,B347ABA0-54B4-4304-AD26-9E3DDAF649C8,0517869568019,SAKFRÅGAN""",,com.hack23.cia.model.external.riksdagen.votering.impl.VoteData,
6072492,"""9,2466D630-0159-47E4-9021-33DE4EC1EFB2,0779781772919,SAKFRÅGAN""",,com.hack23.cia.model.external.riksdagen.votering.impl.VoteData,
1708123,,embeddedId,,1708122
7416404,66099,,com.hack23.cia.model.external.riksdagen.dokumentstatus.impl.DocumentAttachmentContainer,
5343312,,embeddedId,,5343310
10432271,2577807,,com.hack23.cia.model.external.worldbank.data.impl.WorldBankData,
5701586,"""5,9BA8907C-EB5B-40B9-A278-65F7FF68D865,0378597308227,SAKFRÅGAN""",,com.hack23.cia.model.external.riksdagen.votering.impl.VoteData,
6284444,"""5,701925EB-707F-4826-9803-6F6DA891FA55,0150664940102,SAKFRÅGAN""",,com.hack23.cia.model.external.riksdagen.votering.impl.VoteData,
8627850,1217104,,com.hack23.cia.model.external.riksdagen.dokumentstatus.impl.DocumentPersonReferenceContainer,
6757031,,embeddedId,,6757030
9102897,1667935,,com.hack23.cia.model.external.riksdagen.dokumentstatus.impl.DocumentStatusContainer,
11948248,3280575,,com.hack23.cia.model.external.riksdagen.dokumentstatus.impl.DocumentProposalContainer,
2136141,"""23,AC34A49D-664B-4C26-AD89-88B30A6B44C3,045666679112,SAKFRÅGAN""",,com.hack23.cia.model.external.riksdagen.votering.impl.VoteData,
9531529,,source,,9531527
1117264,"""14,8236EECD-8D57-4BF7-B9F8-C537168E81D3,0662032691523,SAKFRÅGAN""",,com.hack23.cia.model.external.riksdagen.votering.impl.VoteData,
11154122,,indicator,,11154121
8764937,1347063,,com.hack23.cia.model.external.riksdagen.dokumentstatus.impl.DocumentActivityData,
8090104,705914,,com.hack23.cia.model.external.riksdagen.dokumentstatus.impl.DocumentAttachmentContainer,
10347574,2543222,,com.hack23.cia.model.external.worldbank.data.impl.WorldBankData,
2377745,"""32,77B4F98B-2BC8-4451-B8EE-D135D70C65E0,0916608741910,SAKFRÅGAN""",,com.hack23.cia.model.external.riksdagen.votering.impl.VoteData,
922202,,embeddedId,,922200
3805831,,embeddedId,,3805830
11931610,3264697,,com.hack23.cia.model.external.riksdagen.dokumentstatus.impl.DocumentActivityContainer,
5838769,"""2,37F485CE-BCC0-4360-B688-3DF35088690E,0977824845202,SAKFRÅGAN""",,com.hack23.cia.model.external.riksdagen.votering.impl.VoteData,
12599803,"""2,5F40EAF9-CCB1-4788-A6BB-2F7D96787CD2,028954589415,SAKFRÅGAN""",,com.hack23.cia.model.external.riksdagen.votering.impl.VoteData,
135237,"""20,62B64258-9BC6-41E8-A487-6D5AFDE0783D,0778725756419,SAKFRÅGAN""",,com.hack23.cia.model.external.riksdagen.votering.impl.VoteData,
8577693,1169422,,com.hack23.cia.model.external.riksdagen.dokumentstatus.impl.DocumentAttachment,
8107949,722881,,com.hack23.cia.model.external.riksdagen.dokumentstatus.impl.DocumentActivityData,
10308959,2527732,,com.hack23.cia.model.external.riksdagen.utskottsforslag.impl.CommitteeProposalData,
11081226,2823157,,com.hack23.cia.model.external.worldbank.data.impl.WorldBankData,
8472887,1069743,,com.hack23.cia.model.external.riksdagen.dokumentstatus.impl.DocumentActivityData,
11872228,3207277,,com.hack23.cia.model.external.riksdagen.documentcontent.impl.DocumentContentData,
4184924,"""5,716A72EB-375F-4C1F-803B-A5C1F2000DB3,0781623040415,SAKFRÅGAN""",,com.hack23.cia.model.external.riksdagen.votering.impl.VoteData,
2253028,,embeddedId,,2253027
9872805,,country,,9872804
4245500,"""7,1AF10C22-5F9D-47F9-947B-53658318266E,0229627943828,SAKFRÅGAN""",,com.hack23.cia.model.external.riksdagen.votering.impl.VoteData,
4131792,,embeddedId,,4131790
10975270,,indicator,,10975268
10803563,2727190,,com.hack23.cia.model.external.worldbank.data.impl.WorldBankData,
4482301,,embeddedId,,4482300
4047575,"""4,0EC166E0-0389-48B6-BCB1-7575C39CFD13,0802826314426,SAKFRÅGAN""",,com.hack23.cia.model.external.riksdagen.votering.impl.VoteData,
10122487,,country,,10122486
809741,,embeddedId,,809740
11188863,,country,,11188862
11113362,,country,,11113360
10388177,,country,,10388175
1412186,,embeddedId,,1412185
595787,,embeddedId,,595786
5870059,,embeddedId,,5870058
1032334,"""14,2E0C27C9-D1B1-4591-A5FB-E09A3DC8BEE8,0814945477312,SAKFRÅGAN""",,com.hack23.cia.model.external.riksdagen.votering.impl.VoteData,
5267818,,embeddedId,,5267817
1576168,"""2,FEE3F81C-8724-4F27-A504-9A0B733AE316,0739780276601,MOTIVFRÅGAN""",,com.hack23.cia.model.external.riksdagen.votering.impl.VoteData,
9396400,1947064,,com.hack23.cia.model.external.riksdagen.dokumentstatus.impl.DocumentDetailData,
6206728,"""2,EE791B32-69E6-4DCB-8E6F-0FC7DD080612,0792733370419,SAKFRÅGAN""",,com.hack23.cia.model.external.riksdagen.votering.impl.VoteData,
3018174,"""4,C67A6453-8D70-428B-A352-AFCCB5A64DAF,0961483563503,SAKFRÅGAN""",,com.hack23.cia.model.external.riksdagen.votering.impl.VoteData,
12635362,"""2,9BF19904-C5FE-4D23-919E-62A541CA7863,0274462857213,SAKFRÅGAN""",,com.hack23.cia.model.external.riksdagen.votering.impl.VoteData,
4586395,,embeddedId,,4586394
8227886,836721,,com.hack23.cia.model.external.riksdagen.documentcontent.impl.DocumentContentData,
7188905,"""h102a358""",,com.hack23.cia.model.external.riksdagen.dokumentlista.impl.DocumentElement,
407007,14235,,com.hack23.cia.model.external.riksdagen.person.impl.DetailData,
9001972,1572057,,com.hack23.cia.model.external.riksdagen.dokumentstatus.impl.DocumentPersonReferenceData,
7872267,498864,,com.hack23.cia.model.external.riksdagen.dokumentstatus.impl.DocumentActivityData,
3523368,"""26,1F298B2D-D3F8-4967-8971-A0184B1B696E,0294138886823,SAKFRÅGAN""",,com.hack23.cia.model.external.riksdagen.votering.impl.VoteData,
2932622,,embeddedId,,2932621
9794943,,indicator,,9794941
11282585,,indicator,,11282584
4122176,,embeddedId,,4122175
11022057,,indicator,,11022055
10226514,,indicator,,10226512
8927994,1501666,,com.hack23.cia.model.external.riksdagen.dokumentstatus.impl.DocumentDetailData,
4713462,"""1,0485F5EA-4310-4270-9B10-CB1908FDA2E4,0887345842319,SAKFRÅGAN""",,com.hack23.cia.model.external.riksdagen.votering.impl.VoteData,
8339368,942637,,com.hack23.cia.model.external.riksdagen.dokumentstatus.impl.DocumentDetailContainer,
10368511,,country,,10368510
5502417,,embeddedId,,5502416
9826219,,country,,9826218
10043595,,country,,10043593
1707214,"""5,78E0C126-4F82-4126-942C-77CFF937EF88,0575313291605,SAKFRÅGAN""",,com.hack23.cia.model.external.riksdagen.votering.impl.VoteData,
4699419,,embeddedId,,4699418
3567317,"""7,6069BE35-F9D8-4AF7-89D9-1081FB6497BD,0731442709013,SAKFRÅGAN""",,com.hack23.cia.model.external.riksdagen.votering.impl.VoteData,
10280966,2515638,,com.hack23.cia.model.external.worldbank.data.impl.WorldBankData,
3332582,,embeddedId,,3332581
1007821,,embeddedId,,1007820
6213547,,embeddedId,,6213546
11608115,3002271,,com.hack23.cia.model.external.worldbank.data.impl.WorldBankData,
2730736,,embeddedId,,2730735
12275851,,embeddedId,,12275850
12287475,,embeddedId,,12287473
12103238,"""2,15EE45BE-8D15-4634-9650-75DAD8468593,0285527517421,SAKFRÅGAN""",,com.hack23.cia.model.external.riksdagen.votering.impl.VoteData,
9408997,1959048,,com.hack23.cia.model.external.riksdagen.documentcontent.impl.DocumentContentData,
4026947,,embeddedId,,4026946
4873061,,embeddedId,,4873059
11718119,3063010,,com.hack23.cia.model.external.riksdagen.documentcontent.impl.DocumentContentData,
2647799,"""2,C2B9EC39-A8E8-4960-9496-27D17D07EF87,0463955388312,SAKFRÅGAN""",,com.hack23.cia.model.external.riksdagen.votering.impl.VoteData,
7632232,270682,,com.hack23.cia.model.external.riksdagen.dokumentstatus.impl.DocumentPersonReferenceContainer,
1700475,,embeddedId,,1700474
11226073,,indicator,,11226071
9203749,1763908,,com.hack23.cia.model.external.riksdagen.dokumentstatus.impl.DocumentProposalData,
12599412,,embeddedId,,12599411
8203857,813889,,com.hack23.cia.model.external.riksdagen.dokumentstatus.impl.DocumentDetailData,
8892032,1467567,,com.hack23.cia.model.external.riksdagen.dokumentstatus.impl.DocumentPersonReferenceContainer,
4546661,,embeddedId,,4546660
6271247,,embeddedId,,6271246
8017787,637272,,com.hack23.cia.model.external.riksdagen.dokumentstatus.impl.DocumentReferenceContainer,
5100650,,embeddedId,,5100649
7491128,136632,,com.hack23.cia.model.external.riksdagen.dokumentstatus.impl.DocumentProposalContainer,
6163886,"""18,7AC3F84A-E9BB-4CAA-9B07-C194083E58E7,0433422973328,SAKFRÅGAN""",,com.hack23.cia.model.external.riksdagen.votering.impl.VoteData,
2591111,"""3,0C183E14-D24F-49E9-B5C3-BCFA8A57D6BD,0781520322912,SAKFRÅGAN""",,com.hack23.cia.model.external.riksdagen.votering.impl.VoteData,
9630061,2168675,,com.hack23.cia.model.external.riksdagen.dokumentstatus.impl.DocumentProposalData,
10056080,2419828,,com.hack23.cia.model.external.riksdagen.utskottsforslag.impl.AgainstProposalData,
6598750,"""2,7244C0B1-4778-447D-ADAA-34EBAB692EB2,0246927519019,SAKFRÅGAN""",,com.hack23.cia.model.external.riksdagen.votering.impl.VoteData,
9625299,2164144,,com.hack23.cia.model.external.riksdagen.dokumentstatus.impl.DocumentReferenceData,
11434771,2943362,,com.hack23.cia.model.external.riksdagen.documentcontent.impl.DocumentContentData,
7349041,"""h519mju13p9""",,com.hack23.cia.model.external.riksdagen.dokumentlista.impl.DocumentElement,
3910194,,embeddedId,,3910192
10544330,,country,,10544329
12727952,"""2,48A7F858-474D-49E3-B5AC-78A22F7C83C7,098412828516,SAKFRÅGAN""",,com.hack23.cia.model.external.riksdagen.votering.impl.VoteData,
5842953,,embeddedId,,5842951
4788244,"""2,7D67FF5D-557E-400E-BB76-78296CD53C62,0891731772016,SAKFRÅGAN""",,com.hack23.cia.model.external.riksdagen.votering.impl.VoteData,
2220044,,embeddedId,,2220043
7259123,"""gw02n404""",,com.hack23.cia.model.external.riksdagen.dokumentlista.impl.DocumentElement,
12550239,,embeddedId,,12550237
859127,"""4,E7D0B346-7861-4250-8900-CD38029B157D,0280164118408,SAKFRÅGAN""",,com.hack23.cia.model.external.riksdagen.votering.impl.VoteData,
3080376,,embeddedId,,3080375
9636507,2174756,,com.hack23.cia.model.external.riksdagen.documentcontent.impl.DocumentContentData,
11673785,,indicator,,11673784
12126465,"""1,EDADC2B5-0C70-477E-B72E-F28BD5735975,0387230530213,SAKFRÅGAN""",,com.hack23.cia.model.external.riksdagen.votering.impl.VoteData,
11215782,,country,,11215780
2095146,,embeddedId,,2095145
9523476,2067662,,com.hack23.cia.model.external.riksdagen.dokumentstatus.impl.DocumentPersonReferenceData,
8761307,1343602,,com.hack23.cia.model.external.riksdagen.dokumentstatus.impl.DocumentReferenceData,
635320,,embeddedId,,635319
12546298,,embeddedId,,12546297
7949807,572634,,com.hack23.cia.model.external.riksdagen.dokumentstatus.impl.DocumentPersonReferenceData,
11898232,3232668,,com.hack23.cia.model.external.riksdagen.dokumentstatus.impl.DocumentActivityData,
9138233,1701552,,com.hack23.cia.model.external.riksdagen.dokumentstatus.impl.DocumentReferenceData,
7007336,"""6,B843B58A-1B2E-460B-8362-AD67C771CE31,0481005050915,SAKFRÅGAN""",,com.hack23.cia.model.external.riksdagen.votering.impl.VoteData,
2482809,,embeddedId,,2482807
2403103,"""13,51887F24-07C7-490D-A3B7-0A1BD2AE4BBA,0266517781926,SAKFRÅGAN""",,com.hack23.cia.model.external.riksdagen.votering.impl.VoteData,
3998835,"""3,624601AB-9CE7-4E5D-8C4B-C6B851A13A04,0229760896014,SAKFRÅGAN""",,com.hack23.cia.model.external.riksdagen.votering.impl.VoteData,
9302743,1858029,,com.hack23.cia.model.external.riksdagen.documentcontent.impl.DocumentContentData,
5518168,"""1,086871F1-4C89-4776-9490-D82CA397E661,042839539117,SAKFRÅGAN""",,com.hack23.cia.model.external.riksdagen.votering.impl.VoteData,
12519500,,embeddedId,,12519499
285212,10113,,com.hack23.cia.model.external.riksdagen.person.impl.AssignmentData,
11449725,,indicator,,11449723
12716399,"""2,0CE98726-7674-4FD4-BA3E-174D2F682415,0992867772421,SAKFRÅGAN""",,com.hack23.cia.model.external.riksdagen.votering.impl.VoteData,
2684217,"""16,C23286A5-1991-40D0-9272-FFE0CAFA7399,079095006519,SAKFRÅGAN""",,com.hack23.cia.model.external.riksdagen.votering.impl.VoteData,
4751542,"""2,C6259168-5026-4F68-AF09-0ACE5260A181,0773497241728,SAKFRÅGAN""",,com.hack23.cia.model.external.riksdagen.votering.impl.VoteData,
7680282,316281,,com.hack23.cia.model.external.riksdagen.dokumentstatus.impl.DocumentActivityData,
11616618,3005145,,com.hack23.cia.model.external.worldbank.data.impl.WorldBankData,
11929314,3262528,,com.hack23.cia.model.external.riksdagen.dokumentstatus.impl.DocumentPersonReferenceData,
11021562,,indicator,,11021560
10271505,2512060,,com.hack23.cia.model.external.worldbank.data.impl.WorldBankData,
493393,,embeddedId,,493392
4304310,"""3,E0D53C1E-0B43-4ED8-BFC6-A64708355D36,0963654118003,SAKFRÅGAN""",,com.hack23.cia.model.external.riksdagen.votering.impl.VoteData,
4073719,"""12,448DC48A-47DD-11D7-89E4-000475504ABC,0880452278816,SAKFRÅGAN""",,com.hack23.cia.model.external.riksdagen.votering.impl.VoteData,
4262831,"""2,117AE7D8-DE0E-4338-8097-CDFE7C376C82,0415959965211,SAKFRÅGAN""",,com.hack23.cia.model.external.riksdagen.votering.impl.VoteData,
423884,"""13,D5E7D23D-8396-45F1-8739-8633FD41C593,0481460392727,SAKFRÅGAN""",,com.hack23.cia.model.external.riksdagen.votering.impl.VoteData,
3363392,,embeddedId,,3363391
6802624,"""2,1E3D3230-FE76-4022-90A1-7140A8DE3743,0973782197017,SAKFRÅGAN""",,com.hack23.cia.model.external.riksdagen.votering.impl.VoteData,
3238780,,embeddedId,,3238779
3421583,,embeddedId,,3421581
4810769,,embeddedId,,4810768
891897,,embeddedId,,891895
4054051,"""4,795FBCCF-4449-4EBB-80DC-69DCD22DAD7B,0585684563812,SAKFRÅGAN""",,com.hack23.cia.model.external.riksdagen.votering.impl.VoteData,
3189890,"""3,46A7FAD6-AF88-41DB-B277-19FD557DDB91,0150664940102,SAKFRÅGAN""",,com.hack23.cia.model.external.riksdagen.votering.impl.VoteData,
12752062,"""11,AEB6E295-BAA2-4F36-B587-0E29ECE3B5CD,0210444373111,SAKFRÅGAN""",,com.hack23.cia.model.external.riksdagen.votering.impl.VoteData,
5738264,"""5,4F40BAC7-220E-40A4-B5D8-845EDAE2C68F,0557180142229,SAKFRÅGAN""",,com.hack23.cia.model.external.riksdagen.votering.impl.VoteData,
1591952,"""2,D4170BA9-0EF6-4072-899B-BD99F7FBE5A8,0219220227418,SAKFRÅGAN""",,com.hack23.cia.model.external.riksdagen.votering.impl.VoteData,
613330,,embeddedId,,613328
11752181,3093782,,com.hack23.cia.model.external.riksdagen.documentcontent.impl.DocumentContentData,
11416952,2937295,,com.hack23.cia.model.external.worldbank.data.impl.WorldBankData,
2187106,,embeddedId,,2187105
11501885,,indicator,,11501884
11209202,,indicator,,11209200
435658,"""8,F3CF6BD0-567E-46FB-AFCD-C1782BF20F4A,0591020192311,SAKFRÅGAN""",,com.hack23.cia.model.external.riksdagen.votering.impl.VoteData,
9065008,1631943,,com.hack23.cia.model.external.riksdagen.dokumentstatus.impl.DocumentPersonReferenceContainer,
3293261,,embeddedId,,3293260
6979482,"""29,0F6895D1-1F0C-4D84-9AD0-5765E270DDEC,0936723349517,SAKFRÅGAN""",,com.hack23.cia.model.external.riksdagen.votering.impl.VoteData,
11008563,,country,,11008561
1624502,"""3,2DE2184F-BB52-462E-BC40-4B49CE2FFFDE,0573136138218,SAKFRÅGAN""",,com.hack23.cia.model.external.riksdagen.votering.impl.VoteData,
264303,,embeddedId,,264302
8664342,1251711,,com.hack23.cia.model.external.riksdagen.dokumentstatus.impl.DocumentDetailData,
12273505,"""2,7EEDF19C-FB6D-4ADA-940A-0207EDA94E7A,0198917587520,SAKFRÅGAN""",,com.hack23.cia.model.external.riksdagen.votering.impl.VoteData,
1309633,"""6,CA9F2D0C-BA7C-4CA4-9CB3-7EAE63957851,02658325625,SAKFRÅGAN""",,com.hack23.cia.model.external.riksdagen.votering.impl.VoteData,
4342563,,embeddedId,,4342562
6856083,,embeddedId,,6856082
7249644,"""h8122666""",,com.hack23.cia.model.external.riksdagen.dokumentlista.impl.DocumentElement,
4067626,"""15,B8A2B6CF-ED0C-46CA-8E78-05D63C63B7C3,0940980416614,SAKFRÅGAN""",,com.hack23.cia.model.external.riksdagen.votering.impl.VoteData,
11312224,,indicator,,11312222
6657151,,embeddedId,,6657150
11187994,2859483,,com.hack23.cia.model.external.worldbank.data.impl.WorldBankData,
10654691,2667023,,com.hack23.cia.model.external.worldbank.data.impl.WorldBankData,
11333400,,indicator,,11333398
720858,"""6,29B49B2B-7D8D-407C-99D9-FCBFF5B2DA47,0890727249707,SAKFRÅGAN""",,com.hack23.cia.model.external.riksdagen.votering.impl.VoteData,
12055225,3372471,,com.hack23.cia.model.external.riksdagen.dokumentstatus.impl.DocumentActivityData,
8141779,754919,,com.hack23.cia.model.external.riksdagen.dokumentstatus.impl.DocumentDetailData,
9946503,2375192,,com.hack23.cia.model.external.riksdagen.utskottsforslag.impl.AgainstProposalData,
8570125,1162235,,com.hack23.cia.model.external.riksdagen.dokumentstatus.impl.DocumentReferenceData,
5157225,,embeddedId,,5157224
359834,,embeddedId,,359832
151386,,embeddedId,,151385
4418054,"""5,064C4F5B-A838-4583-B171-46988DC830BE,0246927519019,SAKFRÅGAN""",,com.hack23.cia.model.external.riksdagen.votering.impl.VoteData,
3922650,,embeddedId,,3922648
1120617,"""1,B7D865D3-F656-4F5E-816B-6450DEAF0CA7,0442629549320,SAKFRÅGAN""",,com.hack23.cia.model.external.riksdagen.votering.impl.VoteData,
4979728,"""6,9D5A0694-44CD-495E-91AC-4CC87B327B15,0178323535715,SAKFRÅGAN""",,com.hack23.cia.model.external.riksdagen.votering.impl.VoteData,
1659844,,embeddedId,,1659843
10062468,,country,,10062466
5757484,"""3,AA6B58FA-CD68-47DE-95C8-3565851DF071,0602796111612,SAKFRÅGAN""",,com.hack23.cia.model.external.riksdagen.votering.impl.VoteData,
3517532,"""3,FF0F9002-F886-42C7-98BE-CCD1247495E3,0150664940102,SAKFRÅGAN""",,com.hack23.cia.model.external.riksdagen.votering.impl.VoteData,
10591399,,indicator,,10591396
6569412,"""7,1C396AD2-7E93-4C4E-8CAF-3D61680E75DA,0460690753617,SAKFRÅGAN""",,com.hack23.cia.model.external.riksdagen.votering.impl.VoteData,
2229634,"""8,921C7FD2-9FE1-458F-8115-0C881D24B984,0628005785225,SAKFRÅGAN""",,com.hack23.cia.model.external.riksdagen.votering.impl.VoteData,
11297103,,indicator,,11297101
1944320,,embeddedId,,1944319
11289329,2893990,,com.hack23.cia.model.external.worldbank.data.impl.WorldBankData,
2091253,"""2,DC5F46D6-E4DF-4023-9415-6CC06457C7ED,0376395541120,SAKFRÅGAN""",,com.hack23.cia.model.external.riksdagen.votering.impl.VoteData,
10636121,2659458,,com.hack23.cia.model.external.riksdagen.utskottsforslag.impl.CommitteeProposalData,
10495407,,indicator,,10495406
10362187,2549233,,com.hack23.cia.model.external.riksdagen.documentcontent.impl.DocumentContentData,
5130176,,embeddedId,,5130174
9331671,1885509,,com.hack23.cia.model.external.riksdagen.dokumentstatus.impl.DocumentActivityData,
4663232,"""3,E1A6FE7E-5CD0-4956-A86E-5F50961BDF25,0708483204009,SAKFRÅGAN""",,com.hack23.cia.model.external.riksdagen.votering.impl.VoteData,
8554488,1147367,,com.hack23.cia.model.external.riksdagen.dokumentstatus.impl.DocumentDetailData,
6419095,,embeddedId,,6419094
12164073,,embeddedId,,12164072
8800586,1380845,,com.hack23.cia.model.external.riksdagen.dokumentstatus.impl.DocumentStatusContainer,
10944567,,country,,10944564
1662968,"""9,726078C9-1BE4-4B13-8FA8-265201BD26DD,0792733370419,SAKFRÅGAN""",,com.hack23.cia.model.external.riksdagen.votering.impl.VoteData,
6575062,"""3,3FF9BAC7-30A1-492E-9DBD-41620C0BC407,0861521539920,SAKFRÅGAN""",,com.hack23.cia.model.external.riksdagen.votering.impl.VoteData,
4468746,"""5,4656FE45-9B21-457E-AD78-81FA98185D0D,0604459858621,SAKFRÅGAN""",,com.hack23.cia.model.external.riksdagen.votering.impl.VoteData,
1802181,"""7,05E755CA-C409-45C3-9999-66DEEE1AE56E,0521260619925,SAKFRÅGAN""",,com.hack23.cia.model.external.riksdagen.votering.impl.VoteData,
6492060,"""2,CE32A939-C344-48BC-9252-B08DAB8836B2,0990688247511,SAKFRÅGAN""",,com.hack23.cia.model.external.riksdagen.votering.impl.VoteData,
8810865,1390579,,com.hack23.cia.model.external.riksdagen.dokumentstatus.impl.DocumentDetailData,
5947287,,embeddedId,,5947286
3597459,,embeddedId,,3597458
10095727,2436444,,com.hack23.cia.model.external.riksdagen.utskottsforslag.impl.CommitteeProposalData,
2972547,"""3,1588CC5F-B6AF-491B-9645-91574B42AC77,0653578338415,SAKFRÅGAN""",,com.hack23.cia.model.external.riksdagen.votering.impl.VoteData,
29757,,embeddedId,,29756
11955082,3287033,,com.hack23.cia.model.external.riksdagen.dokumentstatus.impl.DocumentActivityContainer,
3096882,,embeddedId,,3096881
8444260,1042573,,com.hack23.cia.model.external.riksdagen.dokumentstatus.impl.DocumentAttachmentContainer,
12804923,1139941,,com.hack23.cia.model.external.worldbank.data.impl.WorldBankData,
7739626,372727,,com.hack23.cia.model.external.riksdagen.dokumentstatus.impl.DocumentPersonReferenceData,
7868358,495127,,com.hack23.cia.model.external.riksdagen.dokumentstatus.impl.DocumentStatusContainer,
5414719,,embeddedId,,5414718
9931151,,indicator,,9931149
7240749,"""h50282""",,com.hack23.cia.model.external.riksdagen.dokumentlista.impl.DocumentElement,
8411866,1011591,,com.hack23.cia.model.external.riksdagen.dokumentstatus.impl.DocumentActivityData,
2972481,"""3,1588CC5F-B6AF-491B-9645-91574B42AC77,0184968091618,SAKFRÅGAN""",,com.hack23.cia.model.external.riksdagen.votering.impl.VoteData,
12778810,1130029,,com.hack23.cia.model.internal.application.data.rules.impl.RuleViolation,
1629874,"""1,1516415B-EBE2-47B5-BFF3-82079340B1D1,0940980416614,SAKFRÅGAN""",,com.hack23.cia.model.external.riksdagen.votering.impl.VoteData,
12030341,3358796,,com.hack23.cia.model.external.riksdagen.utskottsforslag.impl.AgainstProposalData,
769570,,embeddedId,,769569
3120283,,embeddedId,,3120282
1085048,"""10,6E6897B0-8927-40C8-B92C-A3AFDA0FF112,0900815713419,SAKFRÅGAN""",,com.hack23.cia.model.external.riksdagen.votering.impl.VoteData,
59666,3351,,com.hack23.cia.model.external.riksdagen.person.impl.DetailData,
129024,,embeddedId,,129023
1657608,,embeddedId,,1657606
3431627,"""8,69CD1BF8-AF3D-4037-9F73-E4467DC7D9D6,0708565346310,SAKFRÅGAN""",,com.hack23.cia.model.external.riksdagen.votering.impl.VoteData,
610470,"""21,B2580BCA-E4B4-4652-B67C-110A20AEBBF3,0519740099915,SAKFRÅGAN""",,com.hack23.cia.model.external.riksdagen.votering.impl.VoteData,
9234489,1793077,,com.hack23.cia.model.external.riksdagen.dokumentstatus.impl.DocumentPersonReferenceData,
5059190,,embeddedId,,5059188
7963879,585976,,com.hack23.cia.model.external.riksdagen.dokumentstatus.impl.DocumentDetailData,
9287493,1843522,,com.hack23.cia.model.external.riksdagen.dokumentstatus.impl.DocumentStatusContainer,
6519007,,embeddedId,,6519006
1151165,"""1,C6216461-7CF7-4A4D-83A9-768BFA759207,0481460392727,SAKFRÅGAN""",,com.hack23.cia.model.external.riksdagen.votering.impl.VoteData,
6813845,"""2,747F83EE-1716-4780-9AA1-BF61E71C5093,0138741628520,SAKFRÅGAN""",,com.hack23.cia.model.external.riksdagen.votering.impl.VoteData,
942661,,embeddedId,,942660
10623197,2654161,,com.hack23.cia.model.external.worldbank.data.impl.WorldBankData,
5338067,,embeddedId,,5338066
11409409,,indicator,,11409407
11514721,,country,,11514720
11608022,,country,,11608021
7691961,327448,,com.hack23.cia.model.external.riksdagen.dokumentstatus.impl.DocumentDetailData,
10304721,2526039,,com.hack23.cia.model.external.worldbank.data.impl.WorldBankData,
2425099,"""9,A017AD78-880E-4A68-A1CE-3E2B83997B02,079095006519,SAKFRÅGAN""",,com.hack23.cia.model.external.riksdagen.votering.impl.VoteData,
788979,"""9,C6A849F5-E1B9-4659-9541-7D1F23B897B3,0224712677012,SAKFRÅGAN""",,com.hack23.cia.model.external.riksdagen.votering.impl.VoteData,
4233904,"""2,80ACB3E9-D255-4837-8539-6319B419817C,04571388712,SAKFRÅGAN""",,com.hack23.cia.model.external.riksdagen.votering.impl.VoteData,
12251346,,embeddedId,,12251345
2472611,"""7,B97B9F76-4CF6-4E40-94A9-F4058AA577D2,0906517990916,SAKFRÅGAN""",,com.hack23.cia.model.external.riksdagen.votering.impl.VoteData,
8354377,956885,,com.hack23.cia.model.external.riksdagen.dokumentstatus.impl.DocumentActivityContainer,
12106797,1004166,,com.hack23.cia.model.internal.application.data.rules.impl.RuleViolation,
4597725,,embeddedId,,4597724
2350073,"""5,5F7CC71F-5762-4B3B-9589-5FA0702B36B5,0960030082916,SAKFRÅGAN""",,com.hack23.cia.model.external.riksdagen.votering.impl.VoteData,
2134111,,embeddedId,,2134109
11951076,3283258,,com.hack23.cia.model.external.riksdagen.dokumentstatus.impl.DocumentProposalData,
4797310,"""1,17268CA6-1FA1-4FEE-8712-DC4D2C9A656A,0502490570219,SAKFRÅGAN""",,com.hack23.cia.model.external.riksdagen.votering.impl.VoteData,
11327622,,indicator,,11327620
7982450,603652,,com.hack23.cia.model.external.riksdagen.dokumentstatus.impl.DocumentStatusContainer,
7595556,235816,,com.hack23.cia.model.external.riksdagen.dokumentstatus.impl.DocumentActivityContainer,
12772682,1124025,,com.hack23.cia.model.internal.application.data.rules.impl.RuleViolation,
4200687,,embeddedId,,4200684
10879001,,country,,10878999
940212,,embeddedId,,940211
7009339,,embeddedId,,7009338
8677571,1264268,,com.hack23.cia.model.external.riksdagen.dokumentstatus.impl.DocumentDetailData,
9433950,1982769,,com.hack23.cia.model.external.riksdagen.dokumentstatus.impl.DocumentDetailData,
11272641,,country,,11272639
3051597,"""4,D40CF5B8-8928-482D-851A-6D2E0C73AC2F,0161597857912,SAKFRÅGAN""",,com.hack23.cia.model.external.riksdagen.votering.impl.VoteData,
10755953,,indicator,,10755952
6257717,,embeddedId,,6257716
12278263,"""1,9C6091D8-A89F-4B32-9459-1CEBD518A9AD,0227802801605,SAKFRÅGAN""",,com.hack23.cia.model.external.riksdagen.votering.impl.VoteData,
6714897,,embeddedId,,6714896
1767435,"""8,74DF61E0-F6F7-444A-B591-9DEE4618FB3C,0114065053815,SAKFRÅGAN""",,com.hack23.cia.model.external.riksdagen.votering.impl.VoteData,
11478229,,indicator,,11478228
543883,,embeddedId,,543882
1766710,,embeddedId,,1766709
1983955,"""1,B98665DD-90E7-11D7-AE6A-0004755038F6,0575413157004,MOTIVFRÅGAN""",,com.hack23.cia.model.external.riksdagen.votering.impl.VoteData,
4651068,"""2,9A5ED4FD-8589-483D-9F5B-44B384DE525D,037561614928,SAKFRÅGAN""",,com.hack23.cia.model.external.riksdagen.votering.impl.VoteData,
3180371,"""3,D785FE9D-10E6-45F5-95EB-BC4AD85C337D,0468775142013,SAKFRÅGAN""",,com.hack23.cia.model.external.riksdagen.votering.impl.VoteData,
12105650,1003577,,com.hack23.cia.model.internal.application.data.rules.impl.RuleViolation,
6464346,,embeddedId,,6464344
4505993,,embeddedId,,4505992
11221914,,country,,11221912
4780738,"""8,58EE0119-D7F9-459A-9696-B326F07C8176,0315499690028,SAKFRÅGAN""",,com.hack23.cia.model.external.riksdagen.votering.impl.VoteData,
7946763,569725,,com.hack23.cia.model.external.riksdagen.dokumentstatus.impl.DocumentProposalContainer,
11714231,,source,,11714230
11669655,,country,,11669653
6766079,,embeddedId,,6766078
7193510,"""rdh7a3ku21""",,com.hack23.cia.model.external.riksdagen.dokumentlista.impl.DocumentElement,
11510149,,indicator,,11510147
10969526,2785187,,com.hack23.cia.model.external.worldbank.data.impl.WorldBankData,
8709846,1294845,,com.hack23.cia.model.external.riksdagen.documentcontent.impl.DocumentContentData,
8409109,1008954,,com.hack23.cia.model.external.riksdagen.dokumentstatus.impl.DocumentReferenceData,
1007242,"""4,2AF11878-0213-11D7-AE9F-000475504757,0710863816703,SAKFRÅGAN""",,com.hack23.cia.model.external.riksdagen.votering.impl.VoteData,
8832962,1411562,,com.hack23.cia.model.external.riksdagen.dokumentstatus.impl.DocumentReferenceData,
10020553,2405460,,com.hack23.cia.model.external.worldbank.data.impl.WorldBankData,
5713373,,embeddedId,,5713372
7404962,,adminregion,,7404959
6914609,,embeddedId,,6914608
12631095,1080479,,com.hack23.cia.model.external.riksdagen.dokumentstatus.impl.DocumentActivityData,
11666640,3022163,,com.hack23.cia.model.external.worldbank.data.impl.WorldBankData,
7027670,"""6,254027AC-CE82-4416-880C-BAC37678A02D,0891971250317,SAKFRÅGAN""",,com.hack23.cia.model.external.riksdagen.votering.impl.VoteData,
9548241,2091059,,com.hack23.cia.model.external.riksdagen.dokumentstatus.impl.DocumentPersonReferenceData,
12344707,1009358,,com.hack23.cia.model.internal.application.data.rules.impl.RuleViolation,
8071853,"""GZ02So524""",,com.hack23.cia.model.external.riksdagen.dokumentstatus.impl.DocumentData,
11331305,,indicator,,11331304
7292816,"""hb10430""",,com.hack23.cia.model.external.riksdagen.dokumentlista.impl.DocumentElement,
7132884,"""h9023223""",,com.hack23.cia.model.external.riksdagen.dokumentlista.impl.DocumentElement,
9081498,,source,,9081497
5568492,,embeddedId,,5568491
12032968,3361307,,com.hack23.cia.model.external.riksdagen.utskottsforslag.impl.CommitteeProposalData,
2505577,"""3,ED29C0FA-E287-40B0-B916-0EF6EFAD52CE,065701062615,SAKFRÅGAN""",,com.hack23.cia.model.external.riksdagen.votering.impl.VoteData,
4993437,,embeddedId,,4993436
6729419,,embeddedId,,6729418
2004127,"""10,AA8B29F5-9216-493A-84D9-50449EB491BD,0288805051019,SAKFRÅGAN""",,com.hack23.cia.model.external.riksdagen.votering.impl.VoteData,
3774493,,embeddedId,,3774492
5876819,,embeddedId,,5876817
2809381,"""9,FD6D00AC-FBF5-4FCF-9A24-79C88E9F3F66,0671881934227,SAKFRÅGAN""",,com.hack23.cia.model.external.riksdagen.votering.impl.VoteData,
12698355,1101646,,com.hack23.cia.model.internal.application.data.rules.impl.RuleViolation,
9758807,2288982,,com.hack23.cia.model.external.riksdagen.documentcontent.impl.DocumentContentData,
5926299,,embeddedId,,5926298
9850959,,country,,9850958
4825974,"""1,BBE1D58D-9441-407C-B08F-5B289CCF49B1,0630824497414,SAKFRÅGAN""",,com.hack23.cia.model.external.riksdagen.votering.impl.VoteData,
7580438,221473,,com.hack23.cia.model.external.riksdagen.dokumentstatus.impl.DocumentAttachment,
12192979,,embeddedId,,12192978
10698918,,indicator,,10698917
4666325,,embeddedId,,4666324
10855860,,country,,10855859
12125852,,embeddedId,,12125851
9844151,,indicator,,9844149
12477175,"""5,7EE0FFD8-7693-4978-BE36-20D3A1955F17,0248492534018,SAKFRÅGAN""",,com.hack23.cia.model.external.riksdagen.votering.impl.VoteData,
4703578,,embeddedId,,4703577
9361545,1913890,,com.hack23.cia.model.external.riksdagen.dokumentstatus.impl.DocumentActivityContainer,
9559321,2101512,,com.hack23.cia.model.external.riksdagen.dokumentstatus.impl.DocumentAttachment,
2439449,"""1,2026BEBC-D854-4197-970F-1CE0CD54B722,0701525641715,SAKFRÅGAN""",,com.hack23.cia.model.external.riksdagen.votering.impl.VoteData,
2356143,,embeddedId,,2356141
11302031,2898308,,com.hack23.cia.model.external.riksdagen.documentcontent.impl.DocumentContentData,
11915433,3249159,,com.hack23.cia.model.external.riksdagen.documentcontent.impl.DocumentContentData,
475829,"""1,7ED1D9B4-3B71-47D1-ACDE-DAA1677BD550,0768554866215,SAKFRÅGAN""",,com.hack23.cia.model.external.riksdagen.votering.impl.VoteData,
4603126,"""1,FA1520AB-8376-4CE0-87A5-2427B403FF33,0166402877505,SAKFRÅGAN""",,com.hack23.cia.model.external.riksdagen.votering.impl.VoteData,
5319128,"""75,2EDF7450-628F-4095-8C17-089E0A1FC818,0338278373318,SAKFRÅGAN""",,com.hack23.cia.model.external.riksdagen.votering.impl.VoteData,
4947981,,embeddedId,,4947980
11977688,3308657,,com.hack23.cia.model.external.riksdagen.dokumentstatus.impl.DocumentPersonReferenceData,
2183623,"""15,14EA905D-6356-11D7-AE84-000475504C4C,0731809135516,SAKFRÅGAN""",,com.hack23.cia.model.external.riksdagen.votering.impl.VoteData,
2054611,"""2,6253DC43-66E8-42D9-ADBF-3436F9794322,0178667655211,SAKFRÅGAN""",,com.hack23.cia.model.external.riksdagen.votering.impl.VoteData,
10037180,,country,,10037178
1730519,"""1,05899AB4-9E19-43D9-9E26-E4EF7401E3E5,0710595759638,SAKFRÅGAN""",,com.hack23.cia.model.external.riksdagen.votering.impl.VoteData,
4999928,"""3,2EA4FFBB-4B14-4701-AD24-24704D32B618,0401968752713,SAKFRÅGAN""",,com.hack23.cia.model.external.riksdagen.votering.impl.VoteData,
978611,,embeddedId,,978610
6132911,,embeddedId,,6132910
2055629,"""12,B2608E7A-21AB-434F-9464-2247D3F7597A,0504851635310,SAKFRÅGAN""",,com.hack23.cia.model.external.riksdagen.votering.impl.VoteData,
11587743,,indicator,,11587741
11707884,3053765,,com.hack23.cia.model.external.riksdagen.documentcontent.impl.DocumentContentData,
3739909,"""21,60D44CCD-3DFC-11D9-B004-0004755038F6,0958776965517,SAKFRÅGAN""",,com.hack23.cia.model.external.riksdagen.votering.impl.VoteData,
8105921,720963,,com.hack23.cia.model.external.riksdagen.dokumentstatus.impl.DocumentProposalData,
3317247,"""1,551A11C7-03FC-41F2-A60C-7A27D7C5CB44,0617957067613,SAKFRÅGAN""",,com.hack23.cia.model.external.riksdagen.votering.impl.VoteData,
2567043,"""1,4F895E4C-3734-4ACF-AAC3-C84626480CD8,0364687971222,SAKFRÅGAN""",,com.hack23.cia.model.external.riksdagen.votering.impl.VoteData,
8938902,1512036,,com.hack23.cia.model.external.riksdagen.dokumentstatus.impl.DocumentAttachment,
6171422,"""5,1E062120-C22A-4BC5-8C73-DBB64A0BBFF4,0787533297400,SAKFRÅGAN""",,com.hack23.cia.model.external.riksdagen.votering.impl.VoteData,
2233817,,embeddedId,,2233816
3909653,,embeddedId,,3909652
7574157,215472,,com.hack23.cia.model.external.riksdagen.dokumentstatus.impl.DocumentReferenceData,
9915413,2362098,,com.hack23.cia.model.external.worldbank.data.impl.WorldBankData,
2713241,"""43,E44F888F-27F0-47D8-96D0-EF3ACDAA743C,0292756653724,SAKFRÅGAN""",,com.hack23.cia.model.external.riksdagen.votering.impl.VoteData,
5150003,,embeddedId,,5150002
9033205,1601681,,com.hack23.cia.model.external.riksdagen.dokumentstatus.impl.DocumentAttachment,
5105399,,embeddedId,,5105397
2469153,"""5,A16C4912-CAA8-44AF-AFEC-03545B0894C7,0591020192311,SAKFRÅGAN""",,com.hack23.cia.model.external.riksdagen.votering.impl.VoteData,
4619786,"""3,D1CAB4DF-B795-478E-95AE-6DB6A21868AB,0133767709317,SAKFRÅGAN""",,com.hack23.cia.model.external.riksdagen.votering.impl.VoteData,
2404023,"""3,126B372B-C376-4032-949C-D416BB96765C,0395292877305,SAKFRÅGAN""",,com.hack23.cia.model.external.riksdagen.votering.impl.VoteData,
134070,,embeddedId,,134069
7795496,425777,,com.hack23.cia.model.external.riksdagen.dokumentstatus.impl.DocumentDetailData,
7028869,,embeddedId,,7028868
2298289,"""6,09F75F0C-D172-4DB0-81D2-02F540CA3C2E,0831636664429,SAKFRÅGAN""",,com.hack23.cia.model.external.riksdagen.votering.impl.VoteData,
4597677,,embeddedId,,4597676
8498176,1093804,,com.hack23.cia.model.external.riksdagen.dokumentstatus.impl.DocumentPersonReferenceData,
8761332,1343641,,com.hack23.cia.model.external.riksdagen.dokumentstatus.impl.DocumentReferenceData,
3542739,"""14,6C00B2EE-0A4A-4180-903A-9E3838837968,0199751900210,SAKFRÅGAN""",,com.hack23.cia.model.external.riksdagen.votering.impl.VoteData,
11997184,3327219,,com.hack23.cia.model.external.riksdagen.dokumentstatus.impl.DocumentStatusContainer,
8941917,1514882,,com.hack23.cia.model.external.riksdagen.dokumentstatus.impl.DocumentActivityData,
8772345,1354101,,com.hack23.cia.model.external.riksdagen.dokumentstatus.impl.DocumentActivityData,
405170,"""2,02A31A20-8895-4443-989E-964B56D76238,0714307225418,SAKFRÅGAN""",,com.hack23.cia.model.external.riksdagen.votering.impl.VoteData,
11527431,,country,,11527427
11325509,,indicator,,11325507
7151842,"""gr02ub403""",,com.hack23.cia.model.external.riksdagen.dokumentlista.impl.DocumentElement,
6745409,,embeddedId,,6745408
8370568,972342,,com.hack23.cia.model.external.riksdagen.dokumentstatus.impl.DocumentReferenceData,
7461223,108353,,com.hack23.cia.model.external.riksdagen.dokumentstatus.impl.DocumentProposalData,
8738720,1322238,,com.hack23.cia.model.external.riksdagen.documentcontent.impl.DocumentContentData,
11915094,3248831,,com.hack23.cia.model.external.riksdagen.dokumentstatus.impl.DocumentStatusContainer,
4938279,,embeddedId,,4938278
6079951,,embeddedId,,6079949
1915564,"""7,3B70BAA9-9464-4814-B5C4-063401E67304,0262017901513,SAKFRÅGAN""",,com.hack23.cia.model.external.riksdagen.votering.impl.VoteData,
2615397,"""1,2E4EA338-FDF9-11D6-AE70-0004755048D1,0899701619804,SAKFRÅGAN""",,com.hack23.cia.model.external.riksdagen.votering.impl.VoteData,
5248851,,embeddedId,,5248850
2741308,"""3,9FCDC50F-1F2C-4C2E-B946-6970E88CEA07,067992138910,SAKFRÅGAN""",,com.hack23.cia.model.external.riksdagen.votering.impl.VoteData,
10926508,2769042,,com.hack23.cia.model.external.worldbank.data.impl.WorldBankData,
5801792,"""6,693C5476-6063-4DCB-89B3-100E81E48165,0456680171315,SAKFRÅGAN""",,com.hack23.cia.model.external.riksdagen.votering.impl.VoteData,
630970,"""1,CFBE6EA1-57C1-430D-ABE1-C9065C972B00,0653904370212,SAKFRÅGAN""",,com.hack23.cia.model.external.riksdagen.votering.impl.VoteData,
11632246,3010481,,com.hack23.cia.model.external.worldbank.data.impl.WorldBankData,
4453804,"""11,BB50C874-824F-4362-91CB-84B45CFF1EB2,0891731772016,SAKFRÅGAN""",,com.hack23.cia.model.external.riksdagen.votering.impl.VoteData,
3345141,"""5,DD2B7B02-7411-4E20-BA7B-4128F9BB2C49,0103624617217,SAKFRÅGAN""",,com.hack23.cia.model.external.riksdagen.votering.impl.VoteData,
7902249,527328,,com.hack23.cia.model.external.riksdagen.dokumentstatus.impl.DocumentPersonReferenceContainer,
7283886,"""gya1254388""",,com.hack23.cia.model.external.riksdagen.dokumentlista.impl.DocumentElement,
1459336,"""2,B66FA836-73D7-4E98-BE8E-E4D0E3511852,0737073162411,SAKFRÅGAN""",,com.hack23.cia.model.external.riksdagen.votering.impl.VoteData,
6892026,,embeddedId,,6892024
3422185,"""3,0A3C6F3E-2E94-437E-A79F-30672610C456,0741225202024,SAKFRÅGAN""",,com.hack23.cia.model.external.riksdagen.votering.impl.VoteData,
11887565,3222355,,com.hack23.cia.model.external.riksdagen.documentcontent.impl.DocumentContentData,
5487306,,embeddedId,,5487305
10428536,,country,,10428534
4308610,"""5,8EA8FC44-DFF7-4632-9A14-B017064B4DA6,0607691439013,SAKFRÅGAN""",,com.hack23.cia.model.external.riksdagen.votering.impl.VoteData,
11492816,2963033,,com.hack23.cia.model.external.worldbank.data.impl.WorldBankData,
10730412,2698593,,com.hack23.cia.model.external.riksdagen.utskottsforslag.impl.AgainstProposalContainer,
10283055,,country,,10283054
2650701,,embeddedId,,2650699
7320318,"""h2022512""",,com.hack23.cia.model.external.riksdagen.dokumentlista.impl.DocumentElement,
2615294,,embeddedId,,2615293
11028672,,country,,11028671
3602512,"""14,A27C165F-A76E-461E-BD06-F1BA60A27DFC,0509415296421,SAKFRÅGAN""",,com.hack23.cia.model.external.riksdagen.votering.impl.VoteData,
12112196,,embeddedId,,12112195
7175646,"""gs1033""",,com.hack23.cia.model.external.riksdagen.dokumentlista.impl.DocumentElement,
10914509,,country,,10914507
10607487,,indicator,,10607485
4037563,,embeddedId,,4037562
7351029,"""h5a3kru201806200830""",,com.hack23.cia.model.external.riksdagen.dokumentlista.impl.DocumentElement,
1477284,,embeddedId,,1477282
1163347,,embeddedId,,1163346
1247012,"""2,B74D499B-48C6-4AEF-BF4F-8E3FDB965234,0103624617217,SAKFRÅGAN""",,com.hack23.cia.model.external.riksdagen.votering.impl.VoteData,
9835315,2329781,,com.hack23.cia.model.external.worldbank.data.impl.WorldBankData,
4741156,"""22,DB294B50-2FA8-11D7-AE74-0004755038A1,0316177736318,SAKFRÅGAN""",,com.hack23.cia.model.external.riksdagen.votering.impl.VoteData,
1540624,"""1,441F036B-E602-4577-98DE-C1225B694B24,0474290584024,SAKFRÅGAN""",,com.hack23.cia.model.external.riksdagen.votering.impl.VoteData,
3369369,,embeddedId,,3369368
10569476,2632146,,com.hack23.cia.model.external.worldbank.data.impl.WorldBankData,
10646711,,indicator,,10646710
12236176,,embeddedId,,12236175
6697154,"""14,CFC1C0CE-BC72-4C96-A3E1-6E44021FBB8F,064711971110,SAKFRÅGAN""",,com.hack23.cia.model.external.riksdagen.votering.impl.VoteData,
6995065,,embeddedId,,6995064
6788884,"""1,269A89A0-B554-4DC7-AC23-55F9E2FF1555,0246927519019,SAKFRÅGAN""",,com.hack23.cia.model.external.riksdagen.votering.impl.VoteData,
1238841,,embeddedId,,1238840
6092463,"""2,A5BEE516-6788-4FD4-B9D1-65C3BE69EE01,0101299073819,SAKFRÅGAN""",,com.hack23.cia.model.external.riksdagen.votering.impl.VoteData,
10049058,2417003,,com.hack23.cia.model.external.riksdagen.utskottsforslag.impl.AgainstProposalData,
5741400,,embeddedId,,5741398
39832,,embeddedId,,39831
10049306,,indicator,,10049303
8287389,893306,,com.hack23.cia.model.external.riksdagen.dokumentstatus.impl.DocumentReferenceData,
4979016,"""7,698BAA9B-164C-4C32-B3D8-58BFBF0DD5EE,0962841101917,SAKFRÅGAN""",,com.hack23.cia.model.external.riksdagen.votering.impl.VoteData,
9762719,2292580,,com.hack23.cia.model.external.riksdagen.documentcontent.impl.DocumentContentData,
617026,"""1,DC3719BC-6F1D-4080-B4D3-2C476FA4305E,0325462829512,SAKFRÅGAN""",,com.hack23.cia.model.external.riksdagen.votering.impl.VoteData,
12433300,"""6,5291E90E-0314-4327-AFB0-5BCA5AE79D28,0910803550317,SAKFRÅGAN""",,com.hack23.cia.model.external.riksdagen.votering.impl.VoteData,
9748401,2279686,,com.hack23.cia.model.external.worldbank.indicators.impl.IndicatorElement,
5708693,,embeddedId,,5708692
7631746,270211,,com.hack23.cia.model.external.riksdagen.dokumentstatus.impl.DocumentAttachment,
4839959,,embeddedId,,4839958
3878834,"""6,AF39438F-65A1-4162-B834-207FC25A8B49,0457722435319,SAKFRÅGAN""",,com.hack23.cia.model.external.riksdagen.votering.impl.VoteData,
10931630,2771551,,com.hack23.cia.model.external.riksdagen.documentcontent.impl.DocumentContentData,
3106263,"""5,2B942E4A-1B52-11D8-AF24-00047553005B,0975579292417,SAKFRÅGAN""",,com.hack23.cia.model.external.riksdagen.votering.impl.VoteData,
3543668,"""3,57ACA339-8B0A-434A-8C96-5F161058BCED,0951854268017,SAKFRÅGAN""",,com.hack23.cia.model.external.riksdagen.votering.impl.VoteData,
6929651,,embeddedId,,6929650
10438456,2580190,,com.hack23.cia.model.external.riksdagen.utskottsforslag.impl.CommitteeProposalData,
1073720,,embeddedId,,1073719
2971893,"""4,CE81E4D1-4DC4-472F-B864-54760D30028E,0495661214429,SAKFRÅGAN""",,com.hack23.cia.model.external.riksdagen.votering.impl.VoteData,
5134788,"""4,F0EF8C19-A02E-47C8-8CDA-54BEFCB742A5,0825441263617,SAKFRÅGAN""",,com.hack23.cia.model.external.riksdagen.votering.impl.VoteData,
9542172,2085338,,com.hack23.cia.model.external.riksdagen.dokumentstatus.impl.DocumentActivityData,
3945667,,embeddedId,,3945666
6592769,"""3,6440DEEA-B6C2-41E1-B567-7E52FE2E8202,0731442709013,SAKFRÅGAN""",,com.hack23.cia.model.external.riksdagen.votering.impl.VoteData,
11923426,3256897,,com.hack23.cia.model.external.riksdagen.dokumentstatus.impl.DocumentProposalContainer,
5352300,"""19,396FC88C-862E-4533-95E6-FAC501B1C55B,0257612529618,SAKFRÅGAN""",,com.hack23.cia.model.external.riksdagen.votering.impl.VoteData,
10532136,,country,,10532135
6074480,"""10,643CB554-A1A7-41C9-87A7-810752820CCA,0449003924218,SAKFRÅGAN""",,com.hack23.cia.model.external.riksdagen.votering.impl.VoteData,
10134266,2453033,,com.hack23.cia.model.external.worldbank.data.impl.WorldBankData,
7770208,401788,,com.hack23.cia.model.external.riksdagen.dokumentstatus.impl.DocumentPersonReferenceData,
10467541,,indicator,,10467539
11167036,2852331,,com.hack23.cia.model.external.worldbank.data.impl.WorldBankData,
3147239,"""2,7848635F-AF06-4EDA-AD83-F69021C9D0DB,0584183916016,SAKFRÅGAN""",,com.hack23.cia.model.external.riksdagen.votering.impl.VoteData,
5154747,,embeddedId,,5154746
3093154,"""6,0B329493-4D7B-4CD2-9646-66DA85688B3B,0801311569314,SAKFRÅGAN""",,com.hack23.cia.model.external.riksdagen.votering.impl.VoteData,
10721966,,country,,10721965
12521229,"""8,C90016D1-1E61-4A2F-8959-EFFA2CDFF550,0138741628520,SAKFRÅGAN""",,com.hack23.cia.model.external.riksdagen.votering.impl.VoteData,
9214811,1774381,,com.hack23.cia.model.external.riksdagen.dokumentstatus.impl.DocumentPersonReferenceData,
2862198,,embeddedId,,2862197
1672475,,embeddedId,,1672474
1316607,"""17,1DC02891-D10D-4B60-83BA-E766E3D8FC79,0134101155612,SAKFRÅGAN""",,com.hack23.cia.model.external.riksdagen.votering.impl.VoteData,
5346744,"""8,82002254-4709-4749-9BF1-511DA17932BA,0750727320521,SAKFRÅGAN""",,com.hack23.cia.model.external.riksdagen.votering.impl.VoteData,
10571239,2632949,,com.hack23.cia.model.external.worldbank.data.impl.WorldBankData,
8765932,1348008,,com.hack23.cia.model.external.riksdagen.dokumentstatus.impl.DocumentStatusContainer,
2448981,"""24,FDCF724D-4896-11D7-AE2C-000475503867,0837501934208,SAKFRÅGAN""",,com.hack23.cia.model.external.riksdagen.votering.impl.VoteData,
8843626,1421645,,com.hack23.cia.model.external.riksdagen.dokumentstatus.impl.DocumentActivityData,
6045930,,embeddedId,,6045928
4136475,,embeddedId,,4136474
3491770,"""3,57302870-7FD5-45A1-AE38-CB6B8ADFBEBB,0125165702713,SAKFRÅGAN""",,com.hack23.cia.model.external.riksdagen.votering.impl.VoteData,
4278019,,embeddedId,,4278018
4883404,"""9,86DB5851-32AD-40FF-8BBD-4A66FE70041C,0760500234712,SAKFRÅGAN""",,com.hack23.cia.model.external.riksdagen.votering.impl.VoteData,
8330584,934272,,com.hack23.cia.model.external.riksdagen.dokumentstatus.impl.DocumentAttachmentContainer,
927183,"""11,E30C4767-8A3D-4001-A5E6-31F1EAF1E28E,0183788551910,SAKFRÅGAN""",,com.hack23.cia.model.external.riksdagen.votering.impl.VoteData,
10350980,2544644,,com.hack23.cia.model.external.worldbank.data.impl.WorldBankData,
8541548,1135061,,com.hack23.cia.model.external.riksdagen.dokumentstatus.impl.DocumentProposalData,
2926657,,embeddedId,,2926656
12463473,,embeddedId,,12463472
7271310,"""rdhaa3föu27""",,com.hack23.cia.model.external.riksdagen.dokumentlista.impl.DocumentElement,
4944113,,embeddedId,,4944112
11506749,,indicator,,11506747
7524774,168507,,com.hack23.cia.model.external.riksdagen.dokumentstatus.impl.DocumentDetailData,
8521032,1115471,,com.hack23.cia.model.external.riksdagen.dokumentstatus.impl.DocumentPersonReferenceContainer,
2968360,,embeddedId,,2968359
8577106,1168872,,com.hack23.cia.model.external.riksdagen.dokumentstatus.impl.DocumentDetailContainer,
10688946,2681231,,com.hack23.cia.model.external.riksdagen.utskottsforslag.impl.CommitteeProposalData,
10249481,,country,,10249480
10610709,2648713,,com.hack23.cia.model.external.worldbank.data.impl.WorldBankData,
661561,"""13,298999AF-AE34-4F26-94B8-42DB4FE529C5,0194834079816,SAKFRÅGAN""",,com.hack23.cia.model.external.riksdagen.votering.impl.VoteData,
9869435,,indicator,,9869433
6226998,"""14,49D851FE-7A51-47A4-A80E-C375852084C9,0895706637124,SAKFRÅGAN""",,com.hack23.cia.model.external.riksdagen.votering.impl.VoteData,
2163737,"""6,61996E0D-34CA-40E0-AC23-B716AB7E796A,0677738818613,SAKFRÅGAN""",,com.hack23.cia.model.external.riksdagen.votering.impl.VoteData,
1834083,,embeddedId,,1834080
4897607,"""1,236C0072-F5E4-4183-BF32-A232C55548F0,0899701619804,SAKFRÅGAN""",,com.hack23.cia.model.external.riksdagen.votering.impl.VoteData,
2338096,,embeddedId,,2338095
5888289,"""1,8AF7471B-98A4-4F6C-BFBD-FB386ED40152,0791786201912,SAKFRÅGAN""",,com.hack23.cia.model.external.riksdagen.votering.impl.VoteData,
4200932,"""1,78EF55FC-5A39-45F5-B48D-CCACFF8D6309,0376867803913,SAKFRÅGAN""",,com.hack23.cia.model.external.riksdagen.votering.impl.VoteData,
775675,"""10,7B48B9E4-CCC5-428E-B217-AB47E91B98BC,0911916463828,SAKFRÅGAN""",,com.hack23.cia.model.external.riksdagen.votering.impl.VoteData,
1437985,"""36,1F0628FF-B0E3-4FF7-8B85-6A7D7F2B209B,0468775142013,SAKFRÅGAN""",,com.hack23.cia.model.external.riksdagen.votering.impl.VoteData,
5545550,,embeddedId,,5545548
9993236,2394306,,com.hack23.cia.model.external.riksdagen.utskottsforslag.impl.CommitteeProposalData,
65637,"""10,7261CDCC-D4A5-428E-9407-6848C2C4A26E,0640627133410,SAKFRÅGAN""",,com.hack23.cia.model.external.riksdagen.votering.impl.VoteData,
4519453,,embeddedId,,4519452
3971897,,embeddedId,,3971896
5991406,"""12,FEFF695E-6435-4B23-965D-7BA8A7092719,0269067253614,SAKFRÅGAN""",,com.hack23.cia.model.external.riksdagen.votering.impl.VoteData,
12278426,,embeddedId,,12278422
492410,,embeddedId,,492408
12399827,,country,,12399824
11736666,3079787,,com.hack23.cia.model.external.riksdagen.documentcontent.impl.DocumentContentData,
6604862,"""2,E92989CE-6C42-4F19-B32E-19B3B1BB31F3,0360160202728,SAKFRÅGAN""",,com.hack23.cia.model.external.riksdagen.votering.impl.VoteData,
10841740,,country,,10841738
574462,,embeddedId,,574461
12246048,,embeddedId,,12246047
8727160,1311234,,com.hack23.cia.model.external.riksdagen.dokumentstatus.impl.DocumentStatusContainer,
3913898,"""8,19365F97-C74E-475B-94C3-A77A1467DC55,0460690753617,SAKFRÅGAN""",,com.hack23.cia.model.external.riksdagen.votering.impl.VoteData,
6849579,,embeddedId,,6849578
5895979,,embeddedId,,5895977
7454878,102327,,com.hack23.cia.model.external.riksdagen.dokumentstatus.impl.DocumentReferenceData,
12256540,"""3,4C17FD6E-4072-47EC-8200-12C38EDC8D14,0591055036519,SAKFRÅGAN""",,com.hack23.cia.model.external.riksdagen.votering.impl.VoteData,
7161785,"""gr11414""",,com.hack23.cia.model.external.riksdagen.dokumentlista.impl.DocumentElement,
11773897,"""GX02C272""",,com.hack23.cia.model.external.riksdagen.dokumentstatus.impl.DocumentData,
11668630,,country,,11668627
7271508,"""gy02ju229""",,com.hack23.cia.model.external.riksdagen.dokumentlista.impl.DocumentElement,
59003,,embeddedId,,59002
7099995,"""1,E625E3F6-C7FA-43BC-BCC0-200C195F5886,0365797008114,SAKFRÅGAN""",,com.hack23.cia.model.external.riksdagen.votering.impl.VoteData,
7574469,215788,,com.hack23.cia.model.external.riksdagen.dokumentstatus.impl.DocumentActivityData,
10030125,,country,,10030123
6121965,,embeddedId,,6121964
53632,,embeddedId,,53631
6374061,"""14,334863C3-4A38-11D7-AE71-006008577F08,0205360448417,SAKFRÅGAN""",,com.hack23.cia.model.external.riksdagen.votering.impl.VoteData,
9945837,,indicator,,9945835
779162,"""12,712B059F-FC02-454F-BF3A-E733971A678D,0338458649710,SAKFRÅGAN""",,com.hack23.cia.model.external.riksdagen.votering.impl.VoteData,
5734113,,embeddedId,,5734111
761367,"""1,FECE700E-FB1E-425C-910A-98EDAB4D96A9,0923797859612,SAKFRÅGAN""",,com.hack23.cia.model.external.riksdagen.votering.impl.VoteData,
2506433,,embeddedId,,2506432
4189089,,embeddedId,,4189088
9906220,,country,,9906218
12760354,1111880,,com.hack23.cia.model.external.riksdagen.utskottsforslag.impl.CommitteeProposalData,
22057,"""1,19DF180B-5C9A-41AC-8C47-864CB38ADB76,0409540163215,SAKFRÅGAN""",,com.hack23.cia.model.external.riksdagen.votering.impl.VoteData,
4675255,,embeddedId,,4675254
11669123,,indicator,,11669122
1474316,,embeddedId,,1474315
2732733,"""1,547A3339-F091-491A-AB69-784705D22DF8,0334816698724,SAKFRÅGAN""",,com.hack23.cia.model.external.riksdagen.votering.impl.VoteData,
1787011,,embeddedId,,1787009
7488688,"""GO01NU4""",,com.hack23.cia.model.external.riksdagen.dokumentstatus.impl.DocumentData,
11430595,2941926,,com.hack23.cia.model.external.worldbank.data.impl.WorldBankData,
551344,,embeddedId,,551342
11991526,3321777,,com.hack23.cia.model.external.riksdagen.dokumentstatus.impl.DocumentReferenceData,
8076723,693207,,com.hack23.cia.model.external.riksdagen.dokumentstatus.impl.DocumentAttachmentContainer,
1872308,"""4,8B4265C5-122E-44F7-A697-90F2C1D6FB79,0760500234712,SAKFRÅGAN""",,com.hack23.cia.model.external.riksdagen.votering.impl.VoteData,
2978983,,embeddedId,,2978981
7749979,382558,,com.hack23.cia.model.external.riksdagen.dokumentstatus.impl.DocumentDetailData,
3426310,,embeddedId,,3426307
584813,20531,,com.hack23.cia.model.external.riksdagen.person.impl.DetailData,
12752294,"""9,F61D867F-CBCB-4808-B396-3306672EDF13,0653904370212,SAKFRÅGAN""",,com.hack23.cia.model.external.riksdagen.votering.impl.VoteData,
12597125,1079788,,com.hack23.cia.model.internal.application.data.rules.impl.RuleViolation,
1112676,"""1,023894C9-EC6B-49F5-8156-00D8D4813E44,0363721826713,SAKFRÅGAN""",,com.hack23.cia.model.external.riksdagen.votering.impl.VoteData,
4647223,,embeddedId,,4647222
7836701,464971,,com.hack23.cia.model.external.riksdagen.dokumentstatus.impl.DocumentAttachmentContainer,
10094537,2435774,,com.hack23.cia.model.external.riksdagen.utskottsforslag.impl.CommitteeProposalComponentData,
6122504,"""1,49B32F44-166C-4793-9533-7E548C6B29DB,0766496753128,SAKFRÅGAN""",,com.hack23.cia.model.external.riksdagen.votering.impl.VoteData,
4527097,"""3,F79C80B0-252B-4E7E-B401-E52CF20DC030,0136801772915,SAKFRÅGAN""",,com.hack23.cia.model.external.riksdagen.votering.impl.VoteData,
3789549,,embeddedId,,3789547
5822001,,embeddedId,,5822000
4868990,"""9,CE6E3E83-8CF1-489B-A4A2-23CD4C092306,0178667655211,SAKFRÅGAN""",,com.hack23.cia.model.external.riksdagen.votering.impl.VoteData,
6686741,,embeddedId,,6686739
12105521,1003452,,com.hack23.cia.model.internal.application.data.rules.impl.RuleViolation,
7726483,360269,,com.hack23.cia.model.external.riksdagen.dokumentstatus.impl.DocumentReferenceData,
6873399,,embeddedId,,6873398
3046718,"""3,FFB95747-899A-4C51-9842-F60466426181,0743231788202,SAKFRÅGAN""",,com.hack23.cia.model.external.riksdagen.votering.impl.VoteData,
7602055,241991,,com.hack23.cia.model.external.riksdagen.dokumentstatus.impl.DocumentDetailData,
1268318,,embeddedId,,1268317
2008174,,embeddedId,,2008173
2584317,"""3,818980B4-7987-11D7-AF13-000475505303,046703152205,SAKFRÅGAN""",,com.hack23.cia.model.external.riksdagen.votering.impl.VoteData,
10416097,,country,,10416096
1565897,,embeddedId,,1565896
1739851,,embeddedId,,1739850
615071,"""4,B3A37DFD-65E7-4D4E-A28C-EBFDDA74E90E,0964379974219,SAKFRÅGAN""",,com.hack23.cia.model.external.riksdagen.votering.impl.VoteData,
12508528,,country,,12508526
30344,"""1,98A5370F-13D5-4362-9F28-DAF33B89FCED,012576033427,SAKFRÅGAN""",,com.hack23.cia.model.external.riksdagen.votering.impl.VoteData,
7937404,560841,,com.hack23.cia.model.external.riksdagen.dokumentstatus.impl.DocumentStatusContainer,
965436,,embeddedId,,965435
8957715,1529916,,com.hack23.cia.model.external.worldbank.indicators.impl.IndicatorElement,
7182408,"""gs02n19""",,com.hack23.cia.model.external.riksdagen.dokumentlista.impl.DocumentElement,
9314190,1868952,,com.hack23.cia.model.external.riksdagen.dokumentstatus.impl.DocumentDetailData,
3575314,"""2,8F522712-E746-4278-85C4-32531F6002A1,0810201628512,MOTIVFRÅGAN""",,com.hack23.cia.model.external.riksdagen.votering.impl.VoteData,
9357636,1910190,,com.hack23.cia.model.external.riksdagen.dokumentstatus.impl.DocumentReferenceContainer,
2505161,"""3,ED29C0FA-E287-40B0-B916-0EF6EFAD52CE,0803753212716,SAKFRÅGAN""",,com.hack23.cia.model.external.riksdagen.votering.impl.VoteData,
3066010,,embeddedId,,3066009
7478660,124825,,com.hack23.cia.model.external.riksdagen.dokumentstatus.impl.DocumentActivityData,
1827538,,embeddedId,,1827537
7795665,"""GO02Sf255""",,com.hack23.cia.model.external.riksdagen.dokumentstatus.impl.DocumentData,
1322153,,embeddedId,,1322151
2919025,"""3,C65D1B98-DD8A-4427-8027-D4296C32E802,0718034011110,SAKFRÅGAN""",,com.hack23.cia.model.external.riksdagen.votering.impl.VoteData,
1440909,,embeddedId,,1440908
6066362,"""4,882013F4-D9F3-4F16-9C8E-2E5C32339F39,0522240580423,SAKFRÅGAN""",,com.hack23.cia.model.external.riksdagen.votering.impl.VoteData,
12729172,"""1,BB9A0E7F-7EC9-4450-81FE-E34FC72B28D6,0440673458216,SAKFRÅGAN""",,com.hack23.cia.model.external.riksdagen.votering.impl.VoteData,
5021292,"""1,F628B923-6132-43BC-95A7-2E90A38BD656,0116603319117,SAKFRÅGAN""",,com.hack23.cia.model.external.riksdagen.votering.impl.VoteData,
7002349,,embeddedId,,7002348
4743792,"""3,8BE67F1C-18DB-4720-90F6-58E688B6DE07,0792733370419,SAKFRÅGAN""",,com.hack23.cia.model.external.riksdagen.votering.impl.VoteData,
10296069,,country,,10296068
10192006,,country,,10192005
11038737,,country,,11038735
2673087,"""1,0D93A59E-7F20-483D-B692-4F7AB014E8E7,0424684306815,SAKFRÅGAN""",,com.hack23.cia.model.external.riksdagen.votering.impl.VoteData,
9764112,2293910,,com.hack23.cia.model.external.riksdagen.utskottsforslag.impl.CommitteeProposalData,
7071990,"""1,61B81913-4CAC-4A3E-84BA-FE1440368777,0619928872229,SAKFRÅGAN""",,com.hack23.cia.model.external.riksdagen.votering.impl.VoteData,
12746580,"""2,CD39A58F-8523-4F47-8B28-9F3606F10930,0304498908019,SAKFRÅGAN""",,com.hack23.cia.model.external.riksdagen.votering.impl.VoteData,
11738626,3081567,,com.hack23.cia.model.external.riksdagen.documentcontent.impl.DocumentContentData,
3788651,,embeddedId,,3788650
3330733,"""12,C35B3FA3-1624-4AA7-9174-4603F8734C99,055257333723,SAKFRÅGAN""",,com.hack23.cia.model.external.riksdagen.votering.impl.VoteData,
5058995,,embeddedId,,5058994
1922087,"""1,7D381153-A76E-42A1-BF8C-307446B91F15,0537400268911,SAKFRÅGAN""",,com.hack23.cia.model.external.riksdagen.votering.impl.VoteData,
1105280,,embeddedId,,1105279
9422841,1972227,,com.hack23.cia.model.external.riksdagen.dokumentstatus.impl.DocumentDetailContainer,
5881123,,embeddedId,,5881122
143917,"""1,12FCDE98-AAC9-4458-AF77-75CAEA076C27,0301987597720,SAKFRÅGAN""",,com.hack23.cia.model.external.riksdagen.votering.impl.VoteData,
9491063,2036917,,com.hack23.cia.model.external.riksdagen.dokumentstatus.impl.DocumentPersonReferenceData,
11119986,,indicator,,11119985
7617027,256178,,com.hack23.cia.model.external.riksdagen.dokumentstatus.impl.DocumentPersonReferenceData,
4073432,,embeddedId,,4073430
6705542,"""6,CB955622-ED00-4A3E-8DA4-463966C0B715,0662364517619,SAKFRÅGAN""",,com.hack23.cia.model.external.riksdagen.votering.impl.VoteData,
1729342,"""3,24B37833-11FE-45E8-8EE1-A637A42AC6A1,0541320528015,SAKFRÅGAN""",,com.hack23.cia.model.external.riksdagen.votering.impl.VoteData,
10772255,,country,,10772254
1072666,,embeddedId,,1072665
6440381,,embeddedId,,6440380
9686219,2221911,,com.hack23.cia.model.external.riksdagen.dokumentstatus.impl.DocumentPersonReferenceContainer,
10752241,2709160,,com.hack23.cia.model.external.worldbank.data.impl.WorldBankData,
12422155,"""3,DE389D63-C862-4A67-A6B7-CD497C7C310A,0722683622001,SAKFRÅGAN""",,com.hack23.cia.model.external.riksdagen.votering.impl.VoteData,
10077091,,indicator,,10077089
9564717,2106629,,com.hack23.cia.model.external.riksdagen.dokumentstatus.impl.DocumentAttachment,
8611094,1201197,,com.hack23.cia.model.external.riksdagen.dokumentstatus.impl.DocumentAttachmentContainer,
12533209,,embeddedId,,12533208
10703610,"""GZ01UbU3""",,com.hack23.cia.model.external.riksdagen.utskottsforslag.impl.CommitteeDocumentData,
7033292,"""4,4DBEDB67-D9D9-4154-9542-8F5227BB9770,0466653728712,SAKFRÅGAN""",,com.hack23.cia.model.external.riksdagen.votering.impl.VoteData,
12205383,"""1,85257335-49AE-432C-A1EF-958268092104,0599736947819,SAKFRÅGAN""",,com.hack23.cia.model.external.riksdagen.votering.impl.VoteData,
5199965,,embeddedId,,5199962
7788,"""1,261D68D0-44CA-4283-A37E-E2CCEA2B3EB1,0291542732518,SAKFRÅGAN""",,com.hack23.cia.model.external.riksdagen.votering.impl.VoteData,
2939734,,embeddedId,,2939733
9267958,1824922,,com.hack23.cia.model.external.riksdagen.dokumentstatus.impl.DocumentPersonReferenceContainer,
12352232,1015441,,com.hack23.cia.model.internal.application.data.rules.impl.RuleViolation,
9625228,2164073,,com.hack23.cia.model.external.riksdagen.dokumentstatus.impl.DocumentDetailData,
11067545,2818504,,com.hack23.cia.model.external.worldbank.data.impl.WorldBankData,
4590914,"""4,FE5374CE-D382-4EFD-8BA2-CECD113D5E8F,0903081277919,SAKFRÅGAN""",,com.hack23.cia.model.external.riksdagen.votering.impl.VoteData,
10353087,,country,,10353085
4649003,,embeddedId,,4649002
4468373,"""1,6D06DD6D-32B6-41B8-9209-AB874264B42C,0603753860213,SAKFRÅGAN""",,com.hack23.cia.model.external.riksdagen.votering.impl.VoteData,
10977514,2787885,,com.hack23.cia.model.external.worldbank.data.impl.WorldBankData,
11134636,,country,,11134635
9949999,2376574,,com.hack23.cia.model.external.worldbank.data.impl.WorldBankData,
3170125,,embeddedId,,3170124
12370046,1024659,,com.hack23.cia.model.internal.application.data.rules.impl.RuleViolation,
2118198,,embeddedId,,2118197
12016111,3345301,,com.hack23.cia.model.external.riksdagen.dokumentstatus.impl.DocumentReferenceData,
10560452,,country,,10560450
10694913,,country,,10694911
7494906,140189,,com.hack23.cia.model.external.riksdagen.dokumentstatus.impl.DocumentDetailContainer,
2287014,,embeddedId,,2287013
12050093,"""11,0FF8907B-0896-443C-A1A7-B1475B6EA57D,0236597884217,SAKFRÅGAN""",,com.hack23.cia.model.external.riksdagen.votering.impl.VoteData,
4534489,,embeddedId,,4534488
8112553,727242,,com.hack23.cia.model.external.riksdagen.dokumentstatus.impl.DocumentActivityData,
3363908,,embeddedId,,3363907
1491345,,embeddedId,,1491344
716121,,embeddedId,,716120
4863975,"""10,9C8E4095-D8F8-4F52-BDBB-8FE0AC29E5E8,0477013214601,SAKFRÅGAN""",,com.hack23.cia.model.external.riksdagen.votering.impl.VoteData,
7095477,"""6,06110DE6-8099-45A8-BA46-AAE31DFE59FB,0897304708905,SAKFRÅGAN""",,com.hack23.cia.model.external.riksdagen.votering.impl.VoteData,
3272111,,embeddedId,,3272110
360084,"""15,B9CCF150-88F7-4417-AB79-B9A54131D6BA,0499497337518,SAKFRÅGAN""",,com.hack23.cia.model.external.riksdagen.votering.impl.VoteData,
5703103,,embeddedId,,5703102
9245835,1803869,,com.hack23.cia.model.external.riksdagen.dokumentstatus.impl.DocumentActivityData,
11000304,,country,,11000301
8122191,736375,,com.hack23.cia.model.external.riksdagen.dokumentstatus.impl.DocumentPersonReferenceContainer,
12350010,1013237,,com.hack23.cia.model.internal.application.data.rules.impl.RuleViolation,
203321,,embeddedId,,203320
5179556,"""61,8620A8F4-5F3F-40E5-B42E-B9D27BD2C982,0545353563812,SAKFRÅGAN""",,com.hack23.cia.model.external.riksdagen.votering.impl.VoteData,
3285710,,embeddedId,,3285708
5496008,"""7,97480B9E-FE9B-4168-A555-84163450C3DF,0257612529618,SAKFRÅGAN""",,com.hack23.cia.model.external.riksdagen.votering.impl.VoteData,
1231008,,embeddedId,,1231007
10136890,2454187,,com.hack23.cia.model.external.worldbank.data.impl.WorldBankData,
452436,,embeddedId,,452435
7076692,"""5,8A08D1CF-A8B8-427E-BB92-407D3B30BC1A,0731809135516,SAKFRÅGAN""",,com.hack23.cia.model.external.riksdagen.votering.impl.VoteData,
10091093,,indicator,,10091091
7147009,"""gr02l319""",,com.hack23.cia.model.external.riksdagen.dokumentlista.impl.DocumentElement,
7872157,498773,,com.hack23.cia.model.external.riksdagen.dokumentstatus.impl.DocumentAttachmentContainer,
7334697,"""sfs-2016-1034""",,com.hack23.cia.model.external.riksdagen.dokumentlista.impl.DocumentElement,
9584603,2125509,,com.hack23.cia.model.external.riksdagen.dokumentstatus.impl.DocumentDetailData,
5560894,"""10,F670E3AF-EF7A-4FFB-BE1A-C0A013F9C302,0506482805418,SAKFRÅGAN""",,com.hack23.cia.model.external.riksdagen.votering.impl.VoteData,
12477066,"""5,7EE0FFD8-7693-4978-BE36-20D3A1955F17,036926802512,SAKFRÅGAN""",,com.hack23.cia.model.external.riksdagen.votering.impl.VoteData,
12834261,1167122,,com.hack23.cia.model.internal.application.data.rules.impl.RuleViolation,
2120170,,embeddedId,,2120169
1806520,,embeddedId,,1806519
8462332,1059747,,com.hack23.cia.model.external.riksdagen.dokumentstatus.impl.DocumentActivityData,
2843572,"""8,488A5E2F-CF4E-4C95-8763-A78D445A6A83,0236597884217,SAKFRÅGAN""",,com.hack23.cia.model.external.riksdagen.votering.impl.VoteData,
10470820,,indicator,,10470818
6274109,"""2,F2B141C4-D64C-428A-B163-40DCB3A6FB30,0970709885516,SAKFRÅGAN""",,com.hack23.cia.model.external.riksdagen.votering.impl.VoteData,
1520783,,embeddedId,,1520782
8279782,886047,,com.hack23.cia.model.external.riksdagen.dokumentstatus.impl.DocumentReferenceData,
8887019,1462808,,com.hack23.cia.model.external.riksdagen.dokumentstatus.impl.DocumentDetailContainer,
7079978,,embeddedId,,7079976
2382547,"""1,CA0E6BBC-F397-4EAE-8145-F1CE1915B680,0406831930624,SAKFRÅGAN""",,com.hack23.cia.model.external.riksdagen.votering.impl.VoteData,
1964205,"""3,E7D2664A-7548-49EB-B17E-774A5B972088,0599736947819,SAKFRÅGAN""",,com.hack23.cia.model.external.riksdagen.votering.impl.VoteData,
382469,,embeddedId,,382468
9817778,2322336,,com.hack23.cia.model.external.worldbank.data.impl.WorldBankData,
583367,,embeddedId,,583366
10540870,,indicator,,10540868
986233,,embeddedId,,986232
4803609,,embeddedId,,4803608
3224790,,embeddedId,,3224788
4396727,,embeddedId,,4396726
6346598,,embeddedId,,6346595
708176,"""10,6BB33F9B-C671-48B7-B19E-C30AF02DC1D5,0843345349823,SAKFRÅGAN""",,com.hack23.cia.model.external.riksdagen.votering.impl.VoteData,
3783207,,embeddedId,,3783206
12178396,"""12,66937BD6-686E-437C-9C85-936A63DD47CF,0103624617217,SAKFRÅGAN""",,com.hack23.cia.model.external.riksdagen.votering.impl.VoteData,
10068959,2425306,,com.hack23.cia.model.external.worldbank.data.impl.WorldBankData,
11609298,3002675,,com.hack23.cia.model.external.worldbank.data.impl.WorldBankData,
12738092,"""2,A0AEB335-FAD9-4C3D-ADE4-24D9934D0506,0228027853620,SAKFRÅGAN""",,com.hack23.cia.model.external.riksdagen.votering.impl.VoteData,
930574,,embeddedId,,930573
12499352,,embeddedId,,12499350
7420775,70132,,com.hack23.cia.model.external.riksdagen.dokumentstatus.impl.DocumentActivityContainer,
1402969,"""25,76977012-2561-4443-94F0-A170052AA4BB,085742305813,SAKFRÅGAN""",,com.hack23.cia.model.external.riksdagen.votering.impl.VoteData,
6665044,"""12,DD30ED0B-6C4E-47FE-A38F-3D13FBF5E878,0701525641715,SAKFRÅGAN""",,com.hack23.cia.model.external.riksdagen.votering.impl.VoteData,
5268801,"""1,2451E44C-98B3-412E-B8BE-A083E75340C1,0502770250503,SAKFRÅGAN""",,com.hack23.cia.model.external.riksdagen.votering.impl.VoteData,
5216398,"""8,B347ABA0-54B4-4304-AD26-9E3DDAF649C8,0785143384002,SAKFRÅGAN""",,com.hack23.cia.model.external.riksdagen.votering.impl.VoteData,
1043665,"""9,0CEDFD4E-0396-11D7-AEA1-000475504757,038604236714,SAKFRÅGAN""",,com.hack23.cia.model.external.riksdagen.votering.impl.VoteData,
10790027,,country,,10790025
9998860,2396549,,com.hack23.cia.model.external.worldbank.data.impl.WorldBankData,
1797745,"""7,2B35C22A-073A-41C9-B977-B7608B3A8265,0631251014601,SAKFRÅGAN""",,com.hack23.cia.model.external.riksdagen.votering.impl.VoteData,
8337306,"""HD021567""",,com.hack23.cia.model.external.riksdagen.dokumentstatus.impl.DocumentData,
6453147,,embeddedId,,6453146
3354085,"""5,E8DF6291-0EB9-4644-8B29-C8996AA07400,0760437424714,SAKFRÅGAN""",,com.hack23.cia.model.external.riksdagen.votering.impl.VoteData,
6469650,"""17,A70779B9-2BFC-46CF-A282-45A695422948,055257333723,SAKFRÅGAN""",,com.hack23.cia.model.external.riksdagen.votering.impl.VoteData,
8186009,796902,,com.hack23.cia.model.external.riksdagen.dokumentstatus.impl.DocumentActivityData,
5288607,,embeddedId,,5288606
5584362,"""10,F6193264-17B3-49B5-B398-BD1EF52AAD07,0899795917517,SAKFRÅGAN""",,com.hack23.cia.model.external.riksdagen.votering.impl.VoteData,
3171733,,embeddedId,,3171732
11175354,,indicator,,11175352
9719587,"""GY02Sf315""",,com.hack23.cia.model.external.riksdagen.dokumentstatus.impl.DocumentData,
4489757,,embeddedId,,4489756
9724146,,source,,9724144
9678337,2214411,,com.hack23.cia.model.external.riksdagen.dokumentstatus.impl.DocumentStatusContainer,
6776815,,embeddedId,,6776814
1259784,"""2,7F59D1E2-FAB0-45E1-A8EB-A8E74341D4C7,0692076685824,SAKFRÅGAN""",,com.hack23.cia.model.external.riksdagen.votering.impl.VoteData,
3231776,,embeddedId,,3231774
10740290,,country,,10740289
6847589,"""10,23B8C461-3D05-479B-AB22-134FD86D823D,0136801772915,SAKFRÅGAN""",,com.hack23.cia.model.external.riksdagen.votering.impl.VoteData,
5413402,"""15,DFF9B9FB-EA4B-46E0-8339-63F5034FAB91,0195810270316,SAKFRÅGAN""",,com.hack23.cia.model.external.riksdagen.votering.impl.VoteData,
4748463,,embeddedId,,4748462
6511212,"""1,5BD2EE6C-E7C9-48D1-AAAA-0819D7F28396,0973782197017,MOTIVFRÅGAN""",,com.hack23.cia.model.external.riksdagen.votering.impl.VoteData,
3628558,"""4,8E38EB25-493D-4FEB-88CA-12EA97763BA0,0992420223820,SAKFRÅGAN""",,com.hack23.cia.model.external.riksdagen.votering.impl.VoteData,
8536003,1129775,,com.hack23.cia.model.external.riksdagen.dokumentstatus.impl.DocumentReferenceContainer,
5575905,,embeddedId,,5575904
12551477,"""4,264D7B56-5FD6-44F8-9D0E-1A31DFA6838A,0388994689418,SAKFRÅGAN""",,com.hack23.cia.model.external.riksdagen.votering.impl.VoteData,
887386,"""2,3F0FC4AB-EE35-426B-89D6-C7F3187732F2,0587985033012,SAKFRÅGAN""",,com.hack23.cia.model.external.riksdagen.votering.impl.VoteData,
9698642,2233653,,com.hack23.cia.model.external.riksdagen.dokumentstatus.impl.DocumentActivityData,
10441174,,country,,10441173
4644537,,embeddedId,,4644536
7561339,203300,,com.hack23.cia.model.external.riksdagen.dokumentstatus.impl.DocumentActivityData,
4849721,,embeddedId,,4849720
9554732,2097176,,com.hack23.cia.model.external.worldbank.indicators.impl.Topics,
721272,"""2,A5C07910-F9AA-478C-923B-D3C7FEF71881,0891971250317,SAKFRÅGAN""",,com.hack23.cia.model.external.riksdagen.votering.impl.VoteData,
4138167,"""5,D3C427B3-88F9-48EB-BB54-A67C91B0D64B,0682989845822,SAKFRÅGAN""",,com.hack23.cia.model.external.riksdagen.votering.impl.VoteData,
4904279,"""1,F73A79ED-8C7D-4769-BA8E-E3F756272F83,0933424396309,SAKFRÅGAN""",,com.hack23.cia.model.external.riksdagen.votering.impl.VoteData,
2973870,,embeddedId,,2973868
1955040,"""9,9BE0AB43-0AC3-4554-9CEC-234D365A7533,0692076685824,SAKFRÅGAN""",,com.hack23.cia.model.external.riksdagen.votering.impl.VoteData,
5467958,"""1,E6F53E27-099C-4B38-B1DF-554EF4D7C042,0224712677012,SAKFRÅGAN""",,com.hack23.cia.model.external.riksdagen.votering.impl.VoteData,
11821418,3156467,,com.hack23.cia.model.external.riksdagen.documentcontent.impl.DocumentContentData,
1276042,,embeddedId,,1276041
2684537,"""2,A6E680DE-8BE7-4752-BE1C-6307AAA0D5D8,0995355603410,SAKFRÅGAN""",,com.hack23.cia.model.external.riksdagen.votering.impl.VoteData,
12367385,1022043,,com.hack23.cia.model.internal.application.data.rules.impl.RuleViolation,
11150877,2846841,,com.hack23.cia.model.external.worldbank.indicators.impl.Topic,
9775897,,country,,9775895
4035457,,embeddedId,,4035456
1360388,"""4,7D443B1B-7D9A-42BA-88D5-A2D6DE960A56,0624040854527,SAKFRÅGAN""",,com.hack23.cia.model.external.riksdagen.votering.impl.VoteData,
9409517,1959542,,com.hack23.cia.model.external.riksdagen.dokumentstatus.impl.DocumentReferenceContainer,
1850245,"""3,300BA326-8F64-4264-BAAD-32AA72E00D84,0185503778507,SAKFRÅGAN""",,com.hack23.cia.model.external.riksdagen.votering.impl.VoteData,
11376426,,indicator,,11376425
6575290,"""15,519D00A2-29D9-4C76-A08A-85AC37CC2B63,0111479807829,SAKFRÅGAN""",,com.hack23.cia.model.external.riksdagen.votering.impl.VoteData,
11036315,,indicator,,11036313
11805217,3140271,,com.hack23.cia.model.external.riksdagen.documentcontent.impl.DocumentContentData,
7699291,334440,,com.hack23.cia.model.external.riksdagen.dokumentstatus.impl.DocumentAttachment,
6394662,"""6,EE046B48-4628-4957-AB20-23C577B7EF42,0130789484021,SAKFRÅGAN""",,com.hack23.cia.model.external.riksdagen.votering.impl.VoteData,
12691050,1094953,,com.hack23.cia.model.external.riksdagen.utskottsforslag.impl.CommitteeProposalData,
8250623,858340,,com.hack23.cia.model.external.riksdagen.dokumentstatus.impl.DocumentDetailContainer,
11978332,3309256,,com.hack23.cia.model.external.riksdagen.dokumentstatus.impl.DocumentStatusContainer,
1853210,,embeddedId,,1853208
11530054,,country,,11530053
11976865,3307875,,com.hack23.cia.model.external.riksdagen.dokumentstatus.impl.DocumentActivityData,
3679516,"""4,BE5C66D9-C888-4691-814D-A5A98CB65F77,0810201628512,SAKFRÅGAN""",,com.hack23.cia.model.external.riksdagen.votering.impl.VoteData,
8716392,1301036,,com.hack23.cia.model.external.riksdagen.dokumentstatus.impl.DocumentDetailData,
9425918,1975151,,com.hack23.cia.model.external.riksdagen.dokumentstatus.impl.DocumentDetailData,
5550416,,embeddedId,,5550415
6994951,,embeddedId,,6994950
1615973,,embeddedId,,1615972
10288536,2519361,,com.hack23.cia.model.external.worldbank.data.impl.WorldBankData,
10136528,2454086,,com.hack23.cia.model.external.worldbank.data.impl.WorldBankData,
7855025,482434,,com.hack23.cia.model.external.riksdagen.dokumentstatus.impl.DocumentReferenceContainer,
5383661,,embeddedId,,5383660
10288431,2519326,,com.hack23.cia.model.external.worldbank.data.impl.WorldBankData,
6951033,,embeddedId,,6951031
2958576,,embeddedId,,2958575
3025432,,embeddedId,,3025431
5917727,,embeddedId,,5917725
8958372,1530543,,com.hack23.cia.model.external.riksdagen.dokumentstatus.impl.DocumentAttachment,
911154,,embeddedId,,911153
4034966,"""1,E5754083-3DA9-4819-9B2B-50E404E4B854,0992604658114,MOTIVFRÅGAN""",,com.hack23.cia.model.external.riksdagen.votering.impl.VoteData,
4562576,"""5,4D705BFB-D58D-45C5-A616-0F25F2FFF0BC,0828001951212,SAKFRÅGAN""",,com.hack23.cia.model.external.riksdagen.votering.impl.VoteData,
7857087,484380,,com.hack23.cia.model.external.riksdagen.dokumentstatus.impl.DocumentActivityData,
1382119,"""4,C4F64126-7C69-484E-BC5D-C493EC7BD3E0,0975579292417,SAKFRÅGAN""",,com.hack23.cia.model.external.riksdagen.votering.impl.VoteData,
5594118,,embeddedId,,5594115
12720914,,embeddedId,,12720912
78461,,embeddedId,,78460
502947,,embeddedId,,502946
10904846,,country,,10904845
1193522,39710,,com.hack23.cia.model.external.riksdagen.person.impl.AssignmentData,
7078417,"""20,C5522185-A76E-48CD-A9BC-9EEE4E01C559,0573136138218,SAKFRÅGAN""",,com.hack23.cia.model.external.riksdagen.votering.impl.VoteData,
8425687,1024794,,com.hack23.cia.model.external.riksdagen.dokumentstatus.impl.DocumentActivityData,
6620362,"""7,164D5358-F13A-4087-BFA5-C1E9D4118F7A,045666679112,SAKFRÅGAN""",,com.hack23.cia.model.external.riksdagen.votering.impl.VoteData,
5367772,"""4,4008FA13-061F-43BF-AE45-A47A5261DA88,0363721826713,SAKFRÅGAN""",,com.hack23.cia.model.external.riksdagen.votering.impl.VoteData,
7853839,481284,,com.hack23.cia.model.external.riksdagen.dokumentstatus.impl.DocumentStatusContainer,
1949125,,embeddedId,,1949124
5511109,"""4,4400B2B9-2861-4E9C-BBB1-93C51AD100EE,0339894357417,SAKFRÅGAN""",,com.hack23.cia.model.external.riksdagen.votering.impl.VoteData,
9607827,2147543,,com.hack23.cia.model.external.riksdagen.dokumentstatus.impl.DocumentDetailData,
3611916,"""1,B59D5950-1768-4C8F-A5BE-7F49031F7BC8,0731809135516,MOTIVFRÅGAN""",,com.hack23.cia.model.external.riksdagen.votering.impl.VoteData,
11344877,,indicator,,11344875
417285,"""1,5809BFE7-3CD4-4F01-BD0D-D495BC17A087,0933424396309,MOTIVFRÅGAN""",,com.hack23.cia.model.external.riksdagen.votering.impl.VoteData,
7446716,94559,,com.hack23.cia.model.external.riksdagen.dokumentstatus.impl.DocumentActivityData,
868905,"""1,F9755477-9303-4D7E-98C2-22AE4A269CBA,0103624617217,SAKFRÅGAN""",,com.hack23.cia.model.external.riksdagen.votering.impl.VoteData,
3367357,"""4,1FFD8407-F6E7-43A7-9271-3C1B6A044E7B,0791786201912,SAKFRÅGAN""",,com.hack23.cia.model.external.riksdagen.votering.impl.VoteData,
8847492,1425315,,com.hack23.cia.model.external.riksdagen.dokumentstatus.impl.DocumentActivityData,
4969074,"""6,D176BD8B-D7BE-4830-A980-24271112A712,0732677378827,SAKFRÅGAN""",,com.hack23.cia.model.external.riksdagen.votering.impl.VoteData,
11052981,,indicator,,11052980
11584563,,indicator,,11584562
9260785,1818127,,com.hack23.cia.model.external.riksdagen.dokumentstatus.impl.DocumentPersonReferenceData,
7006134,"""1,EC29BB42-A53A-4D80-A28F-D954795A3B05,0204240926023,SAKFRÅGAN""",,com.hack23.cia.model.external.riksdagen.votering.impl.VoteData,
2644742,"""2,1C1D6A45-6C2D-48A2-AC23-F0C792CB1A4D,0798417016112,MOTIVFRÅGAN""",,com.hack23.cia.model.external.riksdagen.votering.impl.VoteData,
12171217,"""9,ADBAE8CC-E459-4899-9FC9-6E1BB5B84431,0779781772919,SAKFRÅGAN""",,com.hack23.cia.model.external.riksdagen.votering.impl.VoteData,
11612624,,country,,11612623
6265711,"""4,5A7CC5D6-DEDA-4AFD-B37A-79C34D0CC773,010343930918,SAKFRÅGAN""",,com.hack23.cia.model.external.riksdagen.votering.impl.VoteData,
7845964,473790,,com.hack23.cia.model.external.riksdagen.dokumentstatus.impl.DocumentActivityData,
3879340,"""6,AF39438F-65A1-4162-B834-207FC25A8B49,0980681611418,SAKFRÅGAN""",,com.hack23.cia.model.external.riksdagen.votering.impl.VoteData,
1783158,,embeddedId,,1783157
4991607,"""13,42ED6C94-FD4D-4D13-8CD4-F5A10CB026B0,0494431859015,SAKFRÅGAN""",,com.hack23.cia.model.external.riksdagen.votering.impl.VoteData,
9878927,,indicator,,9878926
11155991,,country,,11155989
11221256,,country,,11221255
1717191,"""3,C6D67D56-83D2-11D8-AF51-0004755038F6,0455256796113,SAKFRÅGAN""",,com.hack23.cia.model.external.riksdagen.votering.impl.VoteData,
3261639,,embeddedId,,3261638
10464015,2590437,,com.hack23.cia.model.external.worldbank.data.impl.WorldBankData,
3505545,,embeddedId,,3505544
3546098,,embeddedId,,3546095
3198678,"""1,BE2172E2-5429-4EEB-94A8-DDECF8B3B54A,0700424025906,SAKFRÅGAN""",,com.hack23.cia.model.external.riksdagen.votering.impl.VoteData,
9240134,1798461,,com.hack23.cia.model.external.riksdagen.dokumentstatus.impl.DocumentProposalContainer,
3691098,,embeddedId,,3691096
10528620,,country,,10528618
11802408,3137471,,com.hack23.cia.model.external.riksdagen.utskottsforslag.impl.AgainstProposalData,
9370195,1922087,,com.hack23.cia.model.external.riksdagen.dokumentstatus.impl.DocumentActivityData,
12571160,,embeddedId,,12571159
1360848,"""1,04EC7D80-596B-42D8-A0F9-E4F1A634F3CF,0108109641223,SAKFRÅGAN""",,com.hack23.cia.model.external.riksdagen.votering.impl.VoteData,
1045858,,embeddedId,,1045857
5898235,"""6,00CFD8CF-9650-4029-BEE8-9AA94BE9A647,0861143074410,SAKFRÅGAN""",,com.hack23.cia.model.external.riksdagen.votering.impl.VoteData,
1268549,"""20,9F732DC7-4F7A-475E-9E7D-ACA2983F0390,0590020362617,SAKFRÅGAN""",,com.hack23.cia.model.external.riksdagen.votering.impl.VoteData,
5577438,"""1,E0CEBCB5-0504-45E9-A6F5-1AFF20508766,0590042760718,MOTIVFRÅGAN""",,com.hack23.cia.model.external.riksdagen.votering.impl.VoteData,
4127581,,embeddedId,,4127580
5899657,,embeddedId,,5899655
8739500,,source,,8739498
4331231,,embeddedId,,4331230
3799992,"""1,C5066CF2-1325-4D24-9D3C-A025C6BADBDB,0475778011711,SAKFRÅGAN""",,com.hack23.cia.model.external.riksdagen.votering.impl.VoteData,
10632672,2658030,,com.hack23.cia.model.external.worldbank.data.impl.WorldBankData,
4494244,"""1,79686513-5B7A-44DB-95DD-5F459343D0E8,0150118366721,SAKFRÅGAN""",,com.hack23.cia.model.external.riksdagen.votering.impl.VoteData,
2018677,"""1,54787E8C-28BB-4618-BFE7-441668C8DE01,0910241260018,SAKFRÅGAN""",,com.hack23.cia.model.external.riksdagen.votering.impl.VoteData,
4589206,"""1,2A7A92C4-C3D3-42EE-BDDD-25426D8BC2D8,0970259744617,SAKFRÅGAN""",,com.hack23.cia.model.external.riksdagen.votering.impl.VoteData,
220190,"""14,E6DFB92B-2539-4DB7-9B6D-09B2E679E47B,0860429409414,SAKFRÅGAN""",,com.hack23.cia.model.external.riksdagen.votering.impl.VoteData,
10661140,,indicator,,10661139
8761735,1344010,,com.hack23.cia.model.external.riksdagen.dokumentstatus.impl.DocumentDetailData,
10143275,2457233,,com.hack23.cia.model.external.riksdagen.utskottsforslag.impl.AgainstProposalData,
7086014,"""1,373B9FA2-47F5-490F-8B27-1237567D3F56,0264838147315,SAKFRÅGAN""",,com.hack23.cia.model.external.riksdagen.votering.impl.VoteData,
9006954,,source,,9006952
5285176,"""11,B7D1CEE2-8D20-46E8-B7DF-6EA42A222D38,0974061238314,SAKFRÅGAN""",,com.hack23.cia.model.external.riksdagen.votering.impl.VoteData,
5939376,,embeddedId,,5939375
9001097,1571202,,com.hack23.cia.model.external.riksdagen.dokumentstatus.impl.DocumentActivityData,
6263276,"""3,A878752F-349B-4141-93C1-7D479EEAA67D,0371688419616,SAKFRÅGAN""",,com.hack23.cia.model.external.riksdagen.votering.impl.VoteData,
7314585,"""h119ku16p1""",,com.hack23.cia.model.external.riksdagen.dokumentlista.impl.DocumentElement,
521044,"""13,21E18B99-83A7-42C2-B8E8-3459B793365A,0496341906327,SAKFRÅGAN""",,com.hack23.cia.model.external.riksdagen.votering.impl.VoteData,
5192890,"""4,031B1D30-83BD-42A1-B9A4-98A1D479F1EC,064601872511,SAKFRÅGAN""",,com.hack23.cia.model.external.riksdagen.votering.impl.VoteData,
7265850,"""gw02mj451""",,com.hack23.cia.model.external.riksdagen.dokumentlista.impl.DocumentElement,
5208839,,embeddedId,,5208838
1806853,"""5,54089F59-0753-4DA8-A88E-E16C7C915D5D,0430865615328,SAKFRÅGAN""",,com.hack23.cia.model.external.riksdagen.votering.impl.VoteData,
11573969,,country,,11573967
12770159,1121493,,com.hack23.cia.model.internal.application.data.rules.impl.RuleViolation,
769569,"""7,075E8CC9-1D99-4A81-B041-9808F5F1727E,0116759114313,SAKFRÅGAN""",,com.hack23.cia.model.external.riksdagen.votering.impl.VoteData,
9493072,2038831,,com.hack23.cia.model.external.riksdagen.dokumentstatus.impl.DocumentDetailData,
7653042,290431,,com.hack23.cia.model.external.riksdagen.dokumentstatus.impl.DocumentPersonReferenceData,
10084114,,indicator,,10084111
8004847,624928,,com.hack23.cia.model.external.riksdagen.dokumentstatus.impl.DocumentProposalContainer,
8473236,1070087,,com.hack23.cia.model.external.worldbank.indicators.impl.Topics,
1895419,"""1,B6C77723-93FD-415A-B3DB-A35D086748D3,0114869877121,SAKFRÅGAN""",,com.hack23.cia.model.external.riksdagen.votering.impl.VoteData,
717374,,embeddedId,,717371
9027630,1596378,,com.hack23.cia.model.external.riksdagen.dokumentstatus.impl.DocumentActivityData,
2992564,,embeddedId,,2992563
8863542,1440527,,com.hack23.cia.model.external.riksdagen.dokumentstatus.impl.DocumentDetailContainer,
10755533,,country,,10755531
9620757,2159807,,com.hack23.cia.model.external.riksdagen.dokumentstatus.impl.DocumentAttachment,
6704655,,embeddedId,,6704654
10379775,,indicator,,10379774
799359,,embeddedId,,799357
5985807,,embeddedId,,5985805
5533436,"""29,A3CADFDB-BE46-49FE-B6BB-8F29F661EECD,0446541913415,SAKFRÅGAN""",,com.hack23.cia.model.external.riksdagen.votering.impl.VoteData,
6322603,,embeddedId,,6322602
3290775,,embeddedId,,3290773
11276759,,country,,11276758
5892351,"""11,5F8909EC-BFCE-474A-BA1C-BF7CD8255709,0573136138218,SAKFRÅGAN""",,com.hack23.cia.model.external.riksdagen.votering.impl.VoteData,
4690307,,embeddedId,,4690306
1446264,,embeddedId,,1446262
532384,"""3,C1CF6333-EF24-4139-B19D-A89B25FCADC9,0352254228107,SAKFRÅGAN""",,com.hack23.cia.model.external.riksdagen.votering.impl.VoteData,
4052887,"""8,FF506D37-47EB-11D7-AED1-000475503825,0110600080618,SAKFRÅGAN""",,com.hack23.cia.model.external.riksdagen.votering.impl.VoteData,
3242274,"""1,19B69E8A-7AC8-4C33-B123-C3BFE967E047,0718937995813,SAKFRÅGAN""",,com.hack23.cia.model.external.riksdagen.votering.impl.VoteData,
1870962,"""12,FA2DD7E4-298A-4DCC-BDBC-3321F56C0BAD,0548314774911,SAKFRÅGAN""",,com.hack23.cia.model.external.riksdagen.votering.impl.VoteData,
11816246,3151295,,com.hack23.cia.model.external.riksdagen.documentcontent.impl.DocumentContentData,
678021,"""3,B2B4C59A-0455-4EDE-8AA6-FA937F567031,0499755198526,SAKFRÅGAN""",,com.hack23.cia.model.external.riksdagen.votering.impl.VoteData,
109406,"""10,2D2EB09E-376A-42F3-BF73-12092B1D6B6C,0526129317828,SAKFRÅGAN""",,com.hack23.cia.model.external.riksdagen.votering.impl.VoteData,
11127683,,indicator,,11127682
10375220,2554294,,com.hack23.cia.model.external.worldbank.data.impl.WorldBankData,
437412,"""8,F07A01A7-55E0-45B6-90C3-0CA866BE0350,0345062474310,SAKFRÅGAN""",,com.hack23.cia.model.external.riksdagen.votering.impl.VoteData,
4696475,,embeddedId,,4696474
1673284,"""9,813B9A5A-FDF1-499E-B764-28DCE1C07368,0638497389621,SAKFRÅGAN""",,com.hack23.cia.model.external.riksdagen.votering.impl.VoteData,
3664730,"""22,E70A15EF-44B0-4BCB-BB98-10A92DB25ADE,0582811195313,SAKFRÅGAN""",,com.hack23.cia.model.external.riksdagen.votering.impl.VoteData,
11276316,,indicator,,11276314
9503740,2048932,,com.hack23.cia.model.external.riksdagen.dokumentstatus.impl.DocumentActivityData,
3573242,"""3,8C92617C-5007-4B93-A157-4643AFBAF574,0859968278117,SAKFRÅGAN""",,com.hack23.cia.model.external.riksdagen.votering.impl.VoteData,
2622223,"""5,7D0BFB3D-FA3E-4930-883D-13C368ABE8D3,0588282566419,SAKFRÅGAN""",,com.hack23.cia.model.external.riksdagen.votering.impl.VoteData,
12723533,"""2,6EAB58D8-26D6-47D5-8308-6CF9FA9C4818,0316505710324,SAKFRÅGAN""",,com.hack23.cia.model.external.riksdagen.votering.impl.VoteData,
3714569,,embeddedId,,3714568
5481716,"""3,190D71ED-1EE8-4F74-9878-84252D5010B3,039102787629,SAKFRÅGAN""",,com.hack23.cia.model.external.riksdagen.votering.impl.VoteData,
10569450,,indicator,,10569449
5262342,"""4,75CA6466-6AC3-4CE8-BD03-F1491A16B00B,0720250789315,SAKFRÅGAN""",,com.hack23.cia.model.external.riksdagen.votering.impl.VoteData,
3611938,,embeddedId,,3611935
10147023,,indicator,,10147022
1022312,"""29,C241FE8D-9BF3-4787-A17D-F6029FBBC6F9,0291542732518,SAKFRÅGAN""",,com.hack23.cia.model.external.riksdagen.votering.impl.VoteData,
4535393,,embeddedId,,4535392
1499133,,embeddedId,,1499131
4048684,"""2,6AD11E9D-925B-42C1-9EBF-82DEDF568D3F,0499755198526,SAKFRÅGAN""",,com.hack23.cia.model.external.riksdagen.votering.impl.VoteData,
7494052,139378,,com.hack23.cia.model.external.riksdagen.dokumentstatus.impl.DocumentDetailData,
5944131,,embeddedId,,5944130
5039039,"""3,0AA42D68-6293-420A-9628-3FC9A523AAFD,0211757295524,SAKFRÅGAN""",,com.hack23.cia.model.external.riksdagen.votering.impl.VoteData,
2933663,"""3,6FF2E676-D3C4-4EA1-A6DE-BFB20AE4062C,0544046588414,SAKFRÅGAN""",,com.hack23.cia.model.external.riksdagen.votering.impl.VoteData,
6876672,"""1,7FD05BDA-8DF4-46BC-BE11-2B06C11E9179,0838085832923,SAKFRÅGAN""",,com.hack23.cia.model.external.riksdagen.votering.impl.VoteData,
3831842,,embeddedId,,3831841
10780270,,indicator,,10780268
9291219,1847063,,com.hack23.cia.model.external.riksdagen.dokumentstatus.impl.DocumentActivityContainer,
4295371,,embeddedId,,4295370
10306060,,country,,10306059
913172,,embeddedId,,913169
10017417,2404226,,com.hack23.cia.model.external.worldbank.data.impl.WorldBankData,
9527759,2071736,,com.hack23.cia.model.external.riksdagen.dokumentstatus.impl.DocumentReferenceContainer,
8771176,1352977,,com.hack23.cia.model.external.riksdagen.dokumentstatus.impl.DocumentActivityData,
11094362,2827650,,com.hack23.cia.model.external.worldbank.data.impl.WorldBankData,
4472702,"""1,5FAAA299-D5E7-466C-968F-32E2A4D4C6AA,0139948283718,SAKFRÅGAN""",,com.hack23.cia.model.external.riksdagen.votering.impl.VoteData,
1908331,"""10,60E20560-0B75-4BD2-9FB4-7781D3843D27,0803753212716,SAKFRÅGAN""",,com.hack23.cia.model.external.riksdagen.votering.impl.VoteData,
36418,,embeddedId,,36416
8632695,1221694,,com.hack23.cia.model.external.riksdagen.dokumentstatus.impl.DocumentProposalContainer,
822616,"""21,285D6894-CEA7-4081-9F76-E223C614BB48,045666679112,SAKFRÅGAN""",,com.hack23.cia.model.external.riksdagen.votering.impl.VoteData,
5468314,,embeddedId,,5468312
9008271,1578018,,com.hack23.cia.model.external.riksdagen.dokumentstatus.impl.DocumentPersonReferenceContainer,
8645719,1234059,,com.hack23.cia.model.external.riksdagen.dokumentstatus.impl.DocumentActivityContainer,
5283526,"""3,0E1AD401-489E-4F98-9CD5-895EC4EA3D08,0655028250417,SAKFRÅGAN""",,com.hack23.cia.model.external.riksdagen.votering.impl.VoteData,
10394124,,country,,10394123
2033046,"""5,BCE07430-D9FD-4790-8CB9-236EB5F99B33,0284192765516,SAKFRÅGAN""",,com.hack23.cia.model.external.riksdagen.votering.impl.VoteData,
8336625,940055,,com.hack23.cia.model.external.riksdagen.dokumentstatus.impl.DocumentAttachment,
10031647,,indicator,,10031646
3817965,,embeddedId,,3817964
2605681,"""10,6E3F6588-F288-4059-BE57-75A9322E12B8,0752691002718,SAKFRÅGAN""",,com.hack23.cia.model.external.riksdagen.votering.impl.VoteData,
9417473,1967111,,com.hack23.cia.model.external.riksdagen.dokumentstatus.impl.DocumentDetailData,
8921267,1495249,,com.hack23.cia.model.external.riksdagen.dokumentstatus.impl.DocumentActivityData,
982977,"""9,AD1AF95F-BACD-4FD2-B76C-951C277041A6,0983984918111,SAKFRÅGAN""",,com.hack23.cia.model.external.riksdagen.votering.impl.VoteData,
9727590,2260977,,com.hack23.cia.model.external.riksdagen.documentcontent.impl.DocumentContentData,
11837303,3172352,,com.hack23.cia.model.external.riksdagen.documentcontent.impl.DocumentContentData,
10146246,2458496,,com.hack23.cia.model.external.riksdagen.utskottsforslag.impl.CommitteeProposalContainer,
9665386,2202127,,com.hack23.cia.model.external.riksdagen.dokumentstatus.impl.DocumentDetailData,
2575049,"""3,B1F6CDAE-08EE-11D7-AE34-000475504C4C,0110600080618,SAKFRÅGAN""",,com.hack23.cia.model.external.riksdagen.votering.impl.VoteData,
9014744,1584150,,com.hack23.cia.model.external.riksdagen.dokumentstatus.impl.DocumentAttachment,
7510532,154992,,com.hack23.cia.model.external.riksdagen.dokumentstatus.impl.DocumentDetailData,
5087730,"""2,35DE6B14-58D1-4C7E-B1B6-1FD0FA501687,0957794828205,SAKFRÅGAN""",,com.hack23.cia.model.external.riksdagen.votering.impl.VoteData,
12288753,,embeddedId,,12288752
3076839,"""2,DCA553EB-7432-4832-9FEA-6A616395BBCD,0552248175312,SAKFRÅGAN""",,com.hack23.cia.model.external.riksdagen.votering.impl.VoteData,
5405542,"""1,85F1F57F-53FE-4072-8E40-878704E4CB5D,0455256796113,MOTIVFRÅGAN""",,com.hack23.cia.model.external.riksdagen.votering.impl.VoteData,
3774443,,embeddedId,,3774442
11338829,,country,,11338827
11853753,3188802,,com.hack23.cia.model.external.riksdagen.documentcontent.impl.DocumentContentData,
3762434,"""1,310F8C9C-7D66-4C22-A754-68140E469B1C,0319703582208,SAKFRÅGAN""",,com.hack23.cia.model.external.riksdagen.votering.impl.VoteData,
7725103,358934,,com.hack23.cia.model.external.riksdagen.dokumentstatus.impl.DocumentPersonReferenceData,
8158930,771164,,com.hack23.cia.model.external.worldbank.indicators.impl.Topics,
759577,"""4,241B0248-9117-11D7-AE44-000475503116,0502770250503,SAKFRÅGAN""",,com.hack23.cia.model.external.riksdagen.votering.impl.VoteData,
10291685,,country,,10291683
4906173,,embeddedId,,4906171
10880325,,indicator,,10880323
2893910,"""3,38C9775A-D713-4E10-9E46-3885AFF269F9,0280087199210,SAKFRÅGAN""",,com.hack23.cia.model.external.riksdagen.votering.impl.VoteData,
11594792,,country,,11594790
11718419,3063280,,com.hack23.cia.model.external.riksdagen.documentcontent.impl.DocumentContentData,
7220139,"""535514f5-7657-4c43-ae6b-eb9e64c8819f""",,com.hack23.cia.model.external.riksdagen.dokumentlista.impl.DocumentElement,
7521535,165455,,com.hack23.cia.model.external.riksdagen.dokumentstatus.impl.DocumentDetailData,
6264966,"""16,3928EBBB-E917-4BBA-93E1-3BAE1740C435,0791786201912,SAKFRÅGAN""",,com.hack23.cia.model.external.riksdagen.votering.impl.VoteData,
449915,"""2,291262AA-F7C9-4626-9E7B-B6C88C9780D9,0150118366721,SAKFRÅGAN""",,com.hack23.cia.model.external.riksdagen.votering.impl.VoteData,
11930004,3263179,,com.hack23.cia.model.external.riksdagen.dokumentstatus.impl.DocumentProposalContainer,
12736709,"""1,0CFD1EC3-3791-4189-BABD-CA0D75AC2389,0737666060225,SAKFRÅGAN""",,com.hack23.cia.model.external.riksdagen.votering.impl.VoteData,
614535,,embeddedId,,614534
986005,,embeddedId,,986004
8523044,1117394,,com.hack23.cia.model.external.riksdagen.dokumentstatus.impl.DocumentStatusContainer,
6431548,"""31,5796FB25-A2E4-46E1-8473-143E15E9F335,0892215792827,SAKFRÅGAN""",,com.hack23.cia.model.external.riksdagen.votering.impl.VoteData,
8382980,984123,,com.hack23.cia.model.external.riksdagen.dokumentstatus.impl.DocumentProposalContainer,
2314123,"""1,C7E14C2D-1F0A-4236-A775-ABD4A8AE2370,0564126739422,SAKFRÅGAN""",,com.hack23.cia.model.external.riksdagen.votering.impl.VoteData,
3724914,"""2,924050C0-A3C5-4249-9773-016A84920F1E,010343930918,SAKFRÅGAN""",,com.hack23.cia.model.external.riksdagen.votering.impl.VoteData,
6538309,"""3,846915C2-1A3E-4376-9897-FB66254E9B6D,0509415296421,SAKFRÅGAN""",,com.hack23.cia.model.external.riksdagen.votering.impl.VoteData,
12577870,"""hd19tu14p7""",,com.hack23.cia.model.external.riksdagen.dokumentlista.impl.DocumentElement,
4630300,"""3,0CCC8A84-5850-4A89-9B5F-B5346A5AF68B,0807866053922,SAKFRÅGAN""",,com.hack23.cia.model.external.riksdagen.votering.impl.VoteData,
6983163,,embeddedId,,6983162
5205923,"""3,C01F2939-5B65-4AE0-AECE-6661748AE30E,0542160909628,MOTIVFRÅGAN""",,com.hack23.cia.model.external.riksdagen.votering.impl.VoteData,
5004721,,embeddedId,,5004719
7227402,"""h4a3nu9""",,com.hack23.cia.model.external.riksdagen.dokumentlista.impl.DocumentElement,
5587699,,embeddedId,,5587698
6291201,,embeddedId,,6291200
7616322,255528,,com.hack23.cia.model.external.riksdagen.dokumentstatus.impl.DocumentPersonReferenceData,
12156009,,embeddedId,,12156008
9990635,2393271,,com.hack23.cia.model.external.riksdagen.utskottsforslag.impl.CommitteeProposalData,
1183932,,embeddedId,,1183931
9479522,2025925,,com.hack23.cia.model.external.riksdagen.dokumentstatus.impl.DocumentActivityData,
5095218,"""23,98B75F1E-3F2C-11D7-AEAF-000475504780,0393171737407,SAKFRÅGAN""",,com.hack23.cia.model.external.riksdagen.votering.impl.VoteData,
1518720,"""7,FBE4517D-EDD2-4CBA-8799-549845FBD216,0888807074321,SAKFRÅGAN""",,com.hack23.cia.model.external.riksdagen.votering.impl.VoteData,
10004452,,country,,10004450
12529821,"""1,EF278DB1-3852-4CD8-B574-12649091F839,0905254899611,SAKFRÅGAN""",,com.hack23.cia.model.external.riksdagen.votering.impl.VoteData,
8525960,1120161,,com.hack23.cia.model.external.riksdagen.dokumentstatus.impl.DocumentPersonReferenceData,
6405454,"""6,CCAAC5F0-57DB-4983-87AA-2EB3973328CC,0720250789315,SAKFRÅGAN""",,com.hack23.cia.model.external.riksdagen.votering.impl.VoteData,
181993,,embeddedId,,181992
6987224,"""9,47A22F5E-888D-4539-AB98-A711E98EA5B4,0940980416614,SAKFRÅGAN""",,com.hack23.cia.model.external.riksdagen.votering.impl.VoteData,
4926801,,embeddedId,,4926800
5490784,"""11,C79A0505-DB54-4F44-9E48-53868CD29F30,0891971250317,SAKFRÅGAN""",,com.hack23.cia.model.external.riksdagen.votering.impl.VoteData,
7395128,"""hc022255""",,com.hack23.cia.model.external.riksdagen.dokumentlista.impl.DocumentElement,
11492507,2962930,,com.hack23.cia.model.external.worldbank.data.impl.WorldBankData,
4042891,"""34,1E4E00A3-8166-11D7-AE60-0004755010CE,0455256796113,SAKFRÅGAN""",,com.hack23.cia.model.external.riksdagen.votering.impl.VoteData,
11323373,2905518,,com.hack23.cia.model.external.worldbank.data.impl.WorldBankData,
8992044,1562594,,com.hack23.cia.model.external.riksdagen.dokumentstatus.impl.DocumentActivityData,
4825888,"""1,BBE1D58D-9441-407C-B08F-5B289CCF49B1,0321885416125,SAKFRÅGAN""",,com.hack23.cia.model.external.riksdagen.votering.impl.VoteData,
3681152,,embeddedId,,3681149
9921558,,country,,9921556
2325444,,embeddedId,,2325443
10949303,,country,,10949302
10136809,,indicator,,10136808
9337289,1890852,,com.hack23.cia.model.external.riksdagen.dokumentstatus.impl.DocumentDetailData,
1207740,"""3,D3D0C5B5-C55F-47DD-B213-6EA8A8FB7E1D,0600928907216,SAKFRÅGAN""",,com.hack23.cia.model.external.riksdagen.votering.impl.VoteData,
5414955,,embeddedId,,5414954
10784493,2720203,,com.hack23.cia.model.external.worldbank.data.impl.WorldBankData,
606286,21671,,com.hack23.cia.model.external.riksdagen.person.impl.AssignmentData,
1288480,,embeddedId,,1288479
9378283,1929874,,com.hack23.cia.model.external.riksdagen.dokumentstatus.impl.DocumentReferenceData,
11889211,3223933,,com.hack23.cia.model.external.riksdagen.dokumentstatus.impl.DocumentAttachment,
5230975,,embeddedId,,5230974
99216,,embeddedId,,99214
10897143,2759028,,com.hack23.cia.model.external.worldbank.data.impl.WorldBankData,
8462986,1060370,,com.hack23.cia.model.external.riksdagen.dokumentstatus.impl.DocumentActivityContainer,
3007540,"""17,35A548C7-A92A-4DFE-9C3B-10B8A30206AA,0954072997110,SAKFRÅGAN""",,com.hack23.cia.model.external.riksdagen.votering.impl.VoteData,
11755289,3096579,,com.hack23.cia.model.external.riksdagen.documentcontent.impl.DocumentContentData,
12511282,1054105,,com.hack23.cia.model.internal.application.data.rules.impl.RuleViolation,
10635207,2658997,,com.hack23.cia.model.external.worldbank.data.impl.WorldBankData,
7893994,519484,,com.hack23.cia.model.external.riksdagen.dokumentstatus.impl.DocumentActivityData,
12676767,"""3,0CC54A97-76F1-4DE6-AF21-5574527C9FC7,0985426914829,SAKFRÅGAN""",,com.hack23.cia.model.external.riksdagen.votering.impl.VoteData,
4769591,"""5,2F843119-5666-42D2-936F-4E8BD739FB15,0939158389321,SAKFRÅGAN""",,com.hack23.cia.model.external.riksdagen.votering.impl.VoteData,
5091702,"""16,1CCC876D-2A8C-41EC-8B5B-2A0E7E743096,0720250789315,SAKFRÅGAN""",,com.hack23.cia.model.external.riksdagen.votering.impl.VoteData,
6636141,"""19,D9455762-E780-4C3C-AEE8-61275815E1DF,0776705932527,SAKFRÅGAN""",,com.hack23.cia.model.external.riksdagen.votering.impl.VoteData,
5469181,"""3,62B86FFC-FFA6-499C-AA0E-54AF10393DD2,0617957067613,SAKFRÅGAN""",,com.hack23.cia.model.external.riksdagen.votering.impl.VoteData,
7154375,"""h5c120180531fs""",,com.hack23.cia.model.external.riksdagen.dokumentlista.impl.DocumentElement,
6265574,,embeddedId,,6265572
8830581,1409280,,com.hack23.cia.model.external.riksdagen.dokumentstatus.impl.DocumentProposalContainer,
7269233,"""gw10499""",,com.hack23.cia.model.external.riksdagen.dokumentlista.impl.DocumentElement,
3550313,,embeddedId,,3550312
8563689,1156070,,com.hack23.cia.model.external.riksdagen.dokumentstatus.impl.DocumentActivityContainer,
533821,"""2,09BC83AA-12F7-4C02-A50D-8416A5DEF9A4,0977023188809,SAKFRÅGAN""",,com.hack23.cia.model.external.riksdagen.votering.impl.VoteData,
7361316,"""h7021494""",,com.hack23.cia.model.external.riksdagen.dokumentlista.impl.DocumentElement,
36764,"""2,F9156764-76A2-4588-BE1B-9C63ECA99FCB,0161597857912,SAKFRÅGAN""",,com.hack23.cia.model.external.riksdagen.votering.impl.VoteData,
4007956,"""8,66A55620-5F07-4920-AF72-6BDF82355637,0737073162411,SAKFRÅGAN""",,com.hack23.cia.model.external.riksdagen.votering.impl.VoteData,
10854680,,country,,10854678
9601072,2141138,,com.hack23.cia.model.external.riksdagen.dokumentstatus.impl.DocumentActivityData,
9204680,1764778,,com.hack23.cia.model.external.riksdagen.dokumentstatus.impl.DocumentActivityData,
5705384,"""14,31D1D9C4-81DA-4280-8906-CD7FDAA821C4,0447797778718,SAKFRÅGAN""",,com.hack23.cia.model.external.riksdagen.votering.impl.VoteData,
9313113,1867926,,com.hack23.cia.model.external.riksdagen.documentcontent.impl.DocumentContentData,
3301559,,embeddedId,,3301558
907961,"""8,4F3DDB6D-0634-49E3-8CE2-F9E752778282,0213183979300,SAKFRÅGAN""",,com.hack23.cia.model.external.riksdagen.votering.impl.VoteData,
7716055,350402,,com.hack23.cia.model.external.riksdagen.dokumentstatus.impl.DocumentReferenceContainer,
11671072,,country,,11671070
10744486,2705746,,com.hack23.cia.model.external.riksdagen.utskottsforslag.impl.AgainstProposalData,
7979628,600969,,com.hack23.cia.model.external.riksdagen.dokumentstatus.impl.DocumentDetailData,
5828018,"""7,7CFF6C56-4AF2-4371-9CF1-0DF9F5F97E69,0964379974219,SAKFRÅGAN""",,com.hack23.cia.model.external.riksdagen.votering.impl.VoteData,
1797426,,embeddedId,,1797425
11358735,,country,,11358733
2800583,"""4,1F0FFEE5-F335-44E0-BFA2-B6B9DE88936F,0452755722723,SAKFRÅGAN""",,com.hack23.cia.model.external.riksdagen.votering.impl.VoteData,
12089449,"""9,2D825180-BC75-4217-847C-943CF390842A,0482689573825,SAKFRÅGAN""",,com.hack23.cia.model.external.riksdagen.votering.impl.VoteData,
12203944,"""15,A9F8AF9F-87C6-4D0C-BAC7-F2D7CF35B6C3,0681030112815,SAKFRÅGAN""",,com.hack23.cia.model.external.riksdagen.votering.impl.VoteData,
3641013,,embeddedId,,3641012
11556619,2984760,,com.hack23.cia.model.external.worldbank.data.impl.WorldBankData,
1643929,"""4,910A6287-EA1F-4176-AD80-701085044664,0108109641223,SAKFRÅGAN""",,com.hack23.cia.model.external.riksdagen.votering.impl.VoteData,
12715642,,embeddedId,,12715641
11077062,,country,,11077061
1498923,,embeddedId,,1498921
5598321,,embeddedId,,5598320
3594171,,embeddedId,,3594170
7018977,,embeddedId,,7018976
9160991,1723239,,com.hack23.cia.model.external.riksdagen.dokumentstatus.impl.DocumentStatusContainer,
4064754,,embeddedId,,4064752
10346035,2542709,,com.hack23.cia.model.external.worldbank.data.impl.WorldBankData,
2824227,"""18,20556AB9-AFFE-410B-A19A-2CF7EDE241ED,0488357052317,SAKFRÅGAN""",,com.hack23.cia.model.external.riksdagen.votering.impl.VoteData,
2190032,,embeddedId,,2190031
11496598,,country,,11496596
4628181,"""15,350C2F56-FA11-4830-BCEA-EF1897C1F290,0418929039326,SAKFRÅGAN""",,com.hack23.cia.model.external.riksdagen.votering.impl.VoteData,
116813,,embeddedId,,116812
10071992,2426561,,com.hack23.cia.model.external.worldbank.data.impl.WorldBankData,
4456081,,embeddedId,,4456080
12251897,"""2,C302C8B2-DADC-488A-9C63-9126C00300EA,0546982180011,SAKFRÅGAN""",,com.hack23.cia.model.external.riksdagen.votering.impl.VoteData,
10508264,2607665,,com.hack23.cia.model.external.worldbank.data.impl.WorldBankData,
1010295,,embeddedId,,1010294
143638,,embeddedId,,143636
3839001,,embeddedId,,3839000
3657215,"""1,34086DB4-8742-4ED6-B120-B2E9B0619D22,0766496753128,SAKFRÅGAN""",,com.hack23.cia.model.external.riksdagen.votering.impl.VoteData,
11316130,,indicator,,11316128
3762383,,embeddedId,,3762382
12312084,"""12,E52102D8-3EE5-11D9-895E-000423231A6B,0802373156815,SAKFRÅGAN""",,com.hack23.cia.model.external.riksdagen.votering.impl.VoteData,
10620104,2652988,,com.hack23.cia.model.external.riksdagen.utskottsforslag.impl.CommitteeProposalComponentData,
10136081,2453900,,com.hack23.cia.model.external.riksdagen.utskottsforslag.impl.CommitteeProposalContainer,
12469386,,embeddedId,,12469385
10886156,,country,,10886154
10398522,,country,,10398520
12270929,,embeddedId,,12270928
10921000,,indicator,,10920998
4339720,"""5,E6177FA0-CCF6-4BD2-8015-C38BD869551B,0955748436811,SAKFRÅGAN""",,com.hack23.cia.model.external.riksdagen.votering.impl.VoteData,
436137,,embeddedId,,436136
8460704,1058233,,com.hack23.cia.model.external.riksdagen.dokumentstatus.impl.DocumentReferenceData,
2758608,,embeddedId,,2758607
3583076,"""2,91473212-EB5B-425A-B453-C286F19E89E6,0926477102420,SAKFRÅGAN""",,com.hack23.cia.model.external.riksdagen.votering.impl.VoteData,
12776129,1127358,,com.hack23.cia.model.internal.application.data.rules.impl.RuleViolation,
6216718,"""8,9ED77C17-261C-4943-83D2-70C39518E5B8,0984153507725,SAKFRÅGAN""",,com.hack23.cia.model.external.riksdagen.votering.impl.VoteData,
3810360,"""7,C55BE421-3F28-445A-9A9A-850231E7F191,0186426023519,SAKFRÅGAN""",,com.hack23.cia.model.external.riksdagen.votering.impl.VoteData,
563073,,embeddedId,,563071
2889627,"""3,92D16C4C-0B4C-4F29-BA8E-08A8DEDEED11,0452755722723,SAKFRÅGAN""",,com.hack23.cia.model.external.riksdagen.votering.impl.VoteData,
1088254,,embeddedId,,1088253
3829516,"""1,86B8AA6E-8D68-4DD4-996A-F50DE0BDFFBE,0641996868011,SAKFRÅGAN""",,com.hack23.cia.model.external.riksdagen.votering.impl.VoteData,
2410356,,embeddedId,,2410355
3003362,,embeddedId,,3003361
11044501,,country,,11044499
4295938,"""3,6C261797-7B75-4234-AAA8-FA9ED4141F69,0796312429425,SAKFRÅGAN""",,com.hack23.cia.model.external.riksdagen.votering.impl.VoteData,
3454848,"""2,8980E070-7036-43BA-A31C-5D60959602CD,0223069839622,SAKFRÅGAN""",,com.hack23.cia.model.external.riksdagen.votering.impl.VoteData,
5398107,,embeddedId,,5398106
10117536,,indicator,,10117535
1438238,,embeddedId,,1438236
6641205,,embeddedId,,6641203
12416889,1040358,,com.hack23.cia.model.internal.application.data.rules.impl.RuleViolation,
10067614,,indicator,,10067612
10564396,,country,,10564394
4710589,,embeddedId,,4710587
4160855,"""1,4D23C7E9-17D2-460D-B50D-AB3184948B17,0519740099915,SAKFRÅGAN""",,com.hack23.cia.model.external.riksdagen.votering.impl.VoteData,
553615,"""18,F8D43FC4-D426-4979-BA3D-59328712EB7D,0779781772919,SAKFRÅGAN""",,com.hack23.cia.model.external.riksdagen.votering.impl.VoteData,
2035002,"""11,CBB69F67-E61B-45F1-B876-CFDF3F09186B,012053331219,SAKFRÅGAN""",,com.hack23.cia.model.external.riksdagen.votering.impl.VoteData,
12161831,,embeddedId,,12161830
555734,"""10,55A1EC8C-3F77-4673-A8ED-6448134C4CB7,0895706637124,SAKFRÅGAN""",,com.hack23.cia.model.external.riksdagen.votering.impl.VoteData,
502123,,embeddedId,,502122
2356206,,embeddedId,,2356202
11764559,3105006,,com.hack23.cia.model.external.riksdagen.documentcontent.impl.DocumentContentData,
5653749,,embeddedId,,5653748
7146232,"""gr02k357""",,com.hack23.cia.model.external.riksdagen.dokumentlista.impl.DocumentElement,
6847006,,embeddedId,,6847005
8453076,1050967,,com.hack23.cia.model.external.riksdagen.dokumentstatus.impl.DocumentStatusContainer,
8239781,848054,,com.hack23.cia.model.external.riksdagen.dokumentstatus.impl.DocumentActivityData,
6107939,,embeddedId,,6107937
6018278,"""2,C3B5BBF4-0C40-4F89-BEF5-74B2036846DF,0640627133410,SAKFRÅGAN""",,com.hack23.cia.model.external.riksdagen.votering.impl.VoteData,
3040995,,embeddedId,,3040993
2442523,"""3,67749037-A83F-460C-AA4D-DFFFBD658480,0341628241813,SAKFRÅGAN""",,com.hack23.cia.model.external.riksdagen.votering.impl.VoteData,
3546648,,embeddedId,,3546646
9198833,1759271,,com.hack23.cia.model.external.riksdagen.dokumentstatus.impl.DocumentReferenceContainer,
315014,,embeddedId,,315013
6413595,,embeddedId,,6413594
2866860,,embeddedId,,2866858
5131804,"""1,6E873C8B-6083-4445-90F4-0E3AA24D4F02,0843345349823,SAKFRÅGAN""",,com.hack23.cia.model.external.riksdagen.votering.impl.VoteData,
2454268,,embeddedId,,2454267
3930760,"""1,5E915A95-4D36-4816-ABCC-47C0DA8F6D0A,0198917587520,SAKFRÅGAN""",,com.hack23.cia.model.external.riksdagen.votering.impl.VoteData,
1847216,,embeddedId,,1847215
11339788,,country,,11339787
11855449,3190498,,com.hack23.cia.model.external.riksdagen.documentcontent.impl.DocumentContentData,
9099593,1664805,,com.hack23.cia.model.external.riksdagen.dokumentstatus.impl.DocumentStatusContainer,
4400450,"""1,36FF62DE-9252-48C1-9328-1C876B24FCB3,0465398691116,SAKFRÅGAN""",,com.hack23.cia.model.external.riksdagen.votering.impl.VoteData,
5664305,"""1,995FB888-E679-48C7-BDBB-522F0E55E30C,0203334943718,MOTIVFRÅGAN""",,com.hack23.cia.model.external.riksdagen.votering.impl.VoteData,
10570116,,indicator,,10570115
12242681,"""3,98CE6C6A-3E83-11D7-AE72-000475530096,0529963707818,SAKFRÅGAN""",,com.hack23.cia.model.external.riksdagen.votering.impl.VoteData,
1284273,,embeddedId,,1284272
3686613,"""1,34D22424-D6C2-4068-BCC1-13F4E94654DA,0157062733618,SAKFRÅGAN""",,com.hack23.cia.model.external.riksdagen.votering.impl.VoteData,
3558528,"""6,3986A83B-210B-4FEE-94DB-1FC1ADDEFD38,0324815829026,SAKFRÅGAN""",,com.hack23.cia.model.external.riksdagen.votering.impl.VoteData,
2489088,"""2,2B942E47-1B52-11D8-AF24-00047553005B,0244345953026,SAKFRÅGAN""",,com.hack23.cia.model.external.riksdagen.votering.impl.VoteData,
12195234,"""2,53FCEF36-1643-46C8-A0A2-F6F2E8CE13B1,0128805841317,SAKFRÅGAN""",,com.hack23.cia.model.external.riksdagen.votering.impl.VoteData,
2051292,,embeddedId,,2051290
1645888,,embeddedId,,1645886
10920104,2766841,,com.hack23.cia.model.external.worldbank.data.impl.WorldBankData,
1191503,,embeddedId,,1191501
2103460,,embeddedId,,2103459
11671518,,country,,11671514
5129453,,embeddedId,,5129452
1356102,"""25,589DC225-6BE7-4515-8A81-3F8D7F2BB5B3,0600928907216,SAKFRÅGAN""",,com.hack23.cia.model.external.riksdagen.votering.impl.VoteData,
9149921,1712722,,com.hack23.cia.model.external.riksdagen.dokumentstatus.impl.DocumentReferenceData,
11581251,2993124,,com.hack23.cia.model.external.worldbank.data.impl.WorldBankData,
3761410,"""25,52B6CC5E-ED11-44AA-85D6-E7C15F424D3B,0401150407611,SAKFRÅGAN""",,com.hack23.cia.model.external.riksdagen.votering.impl.VoteData,
12474634,"""6,34AB2DEE-550F-4B0D-B7AC-6E8D5EDCE43E,0783069490115,SAKFRÅGAN""",,com.hack23.cia.model.external.riksdagen.votering.impl.VoteData,
10832136,,indicator,,10832135
9785703,,indicator,,9785699
3901419,,embeddedId,,3901418
5804892,"""9,C56C2823-59E4-11D7-AEF5-000475503871,0515990253512,SAKFRÅGAN""",,com.hack23.cia.model.external.riksdagen.votering.impl.VoteData,
2781702,"""9,1EC78BD8-496E-11D7-AED3-000475503825,0667054859301,SAKFRÅGAN""",,com.hack23.cia.model.external.riksdagen.votering.impl.VoteData,
11390309,,country,,11390308
8709832,1294831,,com.hack23.cia.model.external.riksdagen.dokumentstatus.impl.DocumentAttachment,
4829431,,embeddedId,,4829430
8821778,1400915,,com.hack23.cia.model.external.riksdagen.documentcontent.impl.DocumentContentData,
10456749,,indicator,,10456748
8568739,1160877,,com.hack23.cia.model.external.riksdagen.dokumentstatus.impl.DocumentAttachment,
11474410,2956807,,com.hack23.cia.model.external.worldbank.data.impl.WorldBankData,
5940882,"""14,16D1BFCA-0211-435C-AACC-36AED24798BB,0720250789315,SAKFRÅGAN""",,com.hack23.cia.model.external.riksdagen.votering.impl.VoteData,
9807708,2318066,,com.hack23.cia.model.external.riksdagen.utskottsforslag.impl.AgainstProposalData,
5492955,,embeddedId,,5492954
1429670,50362,,com.hack23.cia.model.external.riksdagen.person.impl.AssignmentData,
1749894,"""15,4C05587A-8017-425F-AF30-59D547B001EB,0378597308227,SAKFRÅGAN""",,com.hack23.cia.model.external.riksdagen.votering.impl.VoteData,
8363649,965785,,com.hack23.cia.model.external.riksdagen.dokumentstatus.impl.DocumentReferenceData,
3949365,,embeddedId,,3949363
10282888,2516551,,com.hack23.cia.model.external.riksdagen.utskottsforslag.impl.AgainstProposalData,
7104677,,embeddedId,,7104676
1710022,"""1,DCB46276-78F0-453E-BA48-3AA149BDD8DC,0552112259207,SAKFRÅGAN""",,com.hack23.cia.model.external.riksdagen.votering.impl.VoteData,
8209318,819077,,com.hack23.cia.model.external.riksdagen.dokumentstatus.impl.DocumentDetailData,
5838422,"""2,37F485CE-BCC0-4360-B688-3DF35088690E,0113077554312,SAKFRÅGAN""",,com.hack23.cia.model.external.riksdagen.votering.impl.VoteData,
3612272,"""1,B59D5950-1768-4C8F-A5BE-7F49031F7BC8,0743081365718,MOTIVFRÅGAN""",,com.hack23.cia.model.external.riksdagen.votering.impl.VoteData,
8545854,1139134,,com.hack23.cia.model.external.riksdagen.dokumentstatus.impl.DocumentActivityData,
7853665,481135,,com.hack23.cia.model.external.riksdagen.dokumentstatus.impl.DocumentProposalData,
5376883,,embeddedId,,5376882
4792269,,embeddedId,,4792268
11377390,,indicator,,11377388
5393821,,embeddedId,,5393820
2310775,"""19,1EE2ED01-0172-45A4-A7BC-400616929C55,0603753860213,SAKFRÅGAN""",,com.hack23.cia.model.external.riksdagen.votering.impl.VoteData,
9395632,1946341,,com.hack23.cia.model.external.riksdagen.dokumentstatus.impl.DocumentAttachment,
11541527,2979612,,com.hack23.cia.model.external.worldbank.data.impl.WorldBankData,
4546715,,embeddedId,,4546714
2582932,"""19,DEA99669-8FA9-4F64-A11F-504C396A3431,0878075468027,SAKFRÅGAN""",,com.hack23.cia.model.external.riksdagen.votering.impl.VoteData,
3267172,"""6,2E846736-889C-40DF-8482-BD3D6E361895,0365748677411,SAKFRÅGAN""",,com.hack23.cia.model.external.riksdagen.votering.impl.VoteData,
2976654,"""13,CADD1CF4-71C5-11D8-AF26-000475504C4C,0766285636614,SAKFRÅGAN""",,com.hack23.cia.model.external.riksdagen.votering.impl.VoteData,
10695124,2683774,,com.hack23.cia.model.external.worldbank.data.impl.WorldBankData,
2030473,,embeddedId,,2030471
4306459,"""12,30F75AD4-73BD-4981-9E4A-913B5AEC74BE,0901257862125,SAKFRÅGAN""",,com.hack23.cia.model.external.riksdagen.votering.impl.VoteData,
6720478,"""8,BC3041F3-038E-4754-BEFB-5E9C78B1F75B,0582811195313,SAKFRÅGAN""",,com.hack23.cia.model.external.riksdagen.votering.impl.VoteData,
1642328,"""4,D13DBA3D-6799-4E91-831B-B074074BA836,0831636664429,SAKFRÅGAN""",,com.hack23.cia.model.external.riksdagen.votering.impl.VoteData,
1317749,,embeddedId,,1317748
3759250,"""3,44AACC6B-377D-452B-A617-4C712369DA35,0522460069116,SAKFRÅGAN""",,com.hack23.cia.model.external.riksdagen.votering.impl.VoteData,
5648251,,embeddedId,,5648250
4345557,,embeddedId,,4345556
4546456,"""6,7608C870-9792-488B-AEC5-CB9F1C6DF1CA,0590042760718,SAKFRÅGAN""",,com.hack23.cia.model.external.riksdagen.votering.impl.VoteData,
5898439,,embeddedId,,5898435
7757244,389440,,com.hack23.cia.model.external.riksdagen.dokumentstatus.impl.DocumentActivityData,
1625336,"""3,4DF4E8E8-BAD4-4C05-8A02-61BD6822E848,0237055280513,SAKFRÅGAN""",,com.hack23.cia.model.external.riksdagen.votering.impl.VoteData,
12125013,"""7,B0450FCF-3888-47D6-897A-08691EF0F8CF,0499755198526,SAKFRÅGAN""",,com.hack23.cia.model.external.riksdagen.votering.impl.VoteData,
5572079,,embeddedId,,5572078
2328251,,embeddedId,,2328250
4893378,"""4,364931C2-D334-43AA-8D89-BF7FA62EAC83,0956444284814,SAKFRÅGAN""",,com.hack23.cia.model.external.riksdagen.votering.impl.VoteData,
5271824,"""13,4450A80E-557A-4739-939D-5D041C689270,0535526562910,SAKFRÅGAN""",,com.hack23.cia.model.external.riksdagen.votering.impl.VoteData,
7990262,611070,,com.hack23.cia.model.external.riksdagen.dokumentstatus.impl.DocumentActivityData,
4178022,"""18,AC4BA1AA-7BCD-49C4-9385-285A31572F01,0448155122323,SAKFRÅGAN""",,com.hack23.cia.model.external.riksdagen.votering.impl.VoteData,
7924778,548829,,com.hack23.cia.model.external.riksdagen.dokumentstatus.impl.DocumentReferenceData,
10406065,,indicator,,10406063
521739,,embeddedId,,521738
9066357,1633234,,com.hack23.cia.model.external.riksdagen.dokumentstatus.impl.DocumentProposalData,
401946,,embeddedId,,401945
12143403,,embeddedId,,12143402
6771604,"""13,3FBCEEB8-3EF9-4704-B330-0862B2DF601B,0271543079118,SAKFRÅGAN""",,com.hack23.cia.model.external.riksdagen.votering.impl.VoteData,
12335412,"""5,0E43EAD8-C827-4494-95D6-7F400553AD47,0377384542907,SAKFRÅGAN""",,com.hack23.cia.model.external.riksdagen.votering.impl.VoteData,
1958052,,embeddedId,,1958051
12717661,"""2,729CAD43-6CFA-4B52-9825-35864214EAB8,0984153507725,SAKFRÅGAN""",,com.hack23.cia.model.external.riksdagen.votering.impl.VoteData,
12522698,,embeddedId,,12522697
7855448,482832,,com.hack23.cia.model.external.riksdagen.dokumentstatus.impl.DocumentDetailData,
6364384,"""1,A015C9A4-2D0A-4D74-8954-CA034C3F0FB3,0807438844115,SAKFRÅGAN""",,com.hack23.cia.model.external.riksdagen.votering.impl.VoteData,
9122882,1686957,,com.hack23.cia.model.external.riksdagen.dokumentstatus.impl.DocumentActivityContainer,
4475921,,embeddedId,,4475920
4328480,,embeddedId,,4328479
4558862,"""3,1FC2669D-E764-4572-B06D-B293BDE22776,0588282566419,SAKFRÅGAN""",,com.hack23.cia.model.external.riksdagen.votering.impl.VoteData,
11530077,2975724,,com.hack23.cia.model.external.worldbank.data.impl.WorldBankData,
11542078,,country,,11542076
5577176,"""3,18821481-A90B-4ECA-B702-E3AD177650B7,0287864972117,SAKFRÅGAN""",,com.hack23.cia.model.external.riksdagen.votering.impl.VoteData,
6292227,,embeddedId,,6292226
7218694,"""gu111239""",,com.hack23.cia.model.external.riksdagen.dokumentlista.impl.DocumentElement,
156932,"""1,75B119E5-B742-43E8-8787-CF68DFF73EE7,0522460069116,SAKFRÅGAN""",,com.hack23.cia.model.external.riksdagen.votering.impl.VoteData,
11253364,2881755,,com.hack23.cia.model.external.worldbank.data.impl.WorldBankData,
1383872,,embeddedId,,1383871
3966686,"""6,561262FC-1444-4167-8DC5-FA40062CB88C,0254695027922,SAKFRÅGAN""",,com.hack23.cia.model.external.riksdagen.votering.impl.VoteData,
2856070,,embeddedId,,2856069
4634582,"""2,66DEFB49-0F8A-4290-8F7E-B66CB3AEDA91,0588282566419,SAKFRÅGAN""",,com.hack23.cia.model.external.riksdagen.votering.impl.VoteData,
10064670,,country,,10064669
2281780,,embeddedId,,2281779
3150299,"""1,6A2644F5-E72E-41E7-AC14-F75724B57953,0326064715100,SAKFRÅGAN""",,com.hack23.cia.model.external.riksdagen.votering.impl.VoteData,
5858922,"""3,88C5D4E4-EE01-4D64-8063-875D2E3F1949,091303475611,SAKFRÅGAN""",,com.hack23.cia.model.external.riksdagen.votering.impl.VoteData,
7847171,474963,,com.hack23.cia.model.external.riksdagen.dokumentstatus.impl.DocumentDetailData,
8738525,"""GR02Sk347""",,com.hack23.cia.model.external.riksdagen.dokumentstatus.impl.DocumentData,
6715668,"""3,568C74D6-900D-4500-9AEF-31DE36AD54B4,0166790812128,SAKFRÅGAN""",,com.hack23.cia.model.external.riksdagen.votering.impl.VoteData,
6441057,"""1,FCF75C27-388C-11D9-81CB-00047552FFFF,0950203660913,SAKFRÅGAN""",,com.hack23.cia.model.external.riksdagen.votering.impl.VoteData,
755249,,embeddedId,,755248
8565278,1157578,,com.hack23.cia.model.external.riksdagen.documentcontent.impl.DocumentContentData,
8378538,979904,,com.hack23.cia.model.external.riksdagen.dokumentstatus.impl.DocumentDetailContainer,
6610416,"""2,5DC746AC-AC16-4EA4-A169-C909C0F7B79A,0506482805418,SAKFRÅGAN""",,com.hack23.cia.model.external.riksdagen.votering.impl.VoteData,
6320229,,embeddedId,,6320228
12709801,"""1,A68D0D4F-F025-48B3-AAE1-1226B8A1E230,0737824098113,SAKFRÅGAN""",,com.hack23.cia.model.external.riksdagen.votering.impl.VoteData,
5015367,,embeddedId,,5015366
10416199,,country,,10416198
7510157,154638,,com.hack23.cia.model.external.riksdagen.dokumentstatus.impl.DocumentPersonReferenceData,
12455789,"""6,E6FA0106-97A7-4F7A-83A5-076120139BC5,0290003389021,SAKFRÅGAN""",,com.hack23.cia.model.external.riksdagen.votering.impl.VoteData,
11087042,2825133,,com.hack23.cia.model.external.worldbank.data.impl.WorldBankData,
4479297,,embeddedId,,4479296
11116528,,country,,11116526
4188303,,embeddedId,,4188301
6471622,"""11,303E0193-93C9-44FC-B769-CF393BF67532,0130789484021,SAKFRÅGAN""",,com.hack23.cia.model.external.riksdagen.votering.impl.VoteData,
7947726,570629,,com.hack23.cia.model.external.riksdagen.dokumentstatus.impl.DocumentActivityData,
9545930,2088883,,com.hack23.cia.model.external.riksdagen.dokumentstatus.impl.DocumentDetailData,
8343331,946388,,com.hack23.cia.model.external.riksdagen.documentcontent.impl.DocumentContentData,
2640179,,embeddedId,,2640177
3517745,,embeddedId,,3517744
2063289,"""2,2CBC2602-BDD1-441A-A260-6E76584CFF77,0469626830920,SAKFRÅGAN""",,com.hack23.cia.model.external.riksdagen.votering.impl.VoteData,
10638709,2660429,,com.hack23.cia.model.external.riksdagen.utskottsforslag.impl.CommitteeProposalData,
2905431,,embeddedId,,2905429
3916005,"""4,438CCCC1-FC5B-11D6-AE1F-000423231CB0,0468775142013,SAKFRÅGAN""",,com.hack23.cia.model.external.riksdagen.votering.impl.VoteData,
3979095,"""37,142D3FDD-D5E4-4FC9-8FE3-FE33376BCF61,0903751303011,SAKFRÅGAN""",,com.hack23.cia.model.external.riksdagen.votering.impl.VoteData,
2579931,"""19,AABCBECA-0F11-4C33-ADFD-E02630221E1D,0698785853314,SAKFRÅGAN""",,com.hack23.cia.model.external.riksdagen.votering.impl.VoteData,
6711222,,embeddedId,,6711221
5595889,,embeddedId,,5595888
8170643,782300,,com.hack23.cia.model.external.riksdagen.dokumentstatus.impl.DocumentActivityContainer,
11054104,,indicator,,11054102
9302438,1857707,,com.hack23.cia.model.external.riksdagen.dokumentstatus.impl.DocumentActivityData,
2723846,,embeddedId,,2723845
8079626,695936,,com.hack23.cia.model.external.riksdagen.dokumentstatus.impl.DocumentAttachment,
6514935,"""2,D75A7A19-6350-4C79-B47B-CD334378D751,0376867803913,SAKFRÅGAN""",,com.hack23.cia.model.external.riksdagen.votering.impl.VoteData,
7124386,"""gp05fiu4y""",,com.hack23.cia.model.external.riksdagen.dokumentlista.impl.DocumentElement,
1207158,"""3,D3D0C5B5-C55F-47DD-B213-6EA8A8FB7E1D,0185503778507,SAKFRÅGAN""",,com.hack23.cia.model.external.riksdagen.votering.impl.VoteData,
717948,,embeddedId,,717946
2961677,"""40,D9BA3DE8-0113-422D-BDAD-FC592704A33B,0105632258713,SAKFRÅGAN""",,com.hack23.cia.model.external.riksdagen.votering.impl.VoteData,
9222529,1781697,,com.hack23.cia.model.external.riksdagen.dokumentstatus.impl.DocumentStatusContainer,
3286426,"""3,0ED55CD1-DA84-4EC5-BC3D-9998B37110C9,0776705932527,SAKFRÅGAN""",,com.hack23.cia.model.external.riksdagen.votering.impl.VoteData,
10956735,,indicator,,10956733
7413832,63691,,com.hack23.cia.model.external.riksdagen.dokumentstatus.impl.DocumentDetailData,
2385373,"""11,A7E0B41A-C465-4691-AD34-20F5A7848813,0568055205114,SAKFRÅGAN""",,com.hack23.cia.model.external.riksdagen.votering.impl.VoteData,
8554819,1147682,,com.hack23.cia.model.external.riksdagen.documentcontent.impl.DocumentContentData,
4450036,"""27,634CBB03-BA7C-42B6-B6EB-85A6C6A80624,0236051814311,SAKFRÅGAN""",,com.hack23.cia.model.external.riksdagen.votering.impl.VoteData,
7464496,111459,,com.hack23.cia.model.external.riksdagen.dokumentstatus.impl.DocumentDetailData,
11700608,3047209,,com.hack23.cia.model.external.riksdagen.documentcontent.impl.DocumentContentData,
2835875,"""2,376D9BE7-554D-11D7-AE73-0004755038EE,0517869568019,SAKFRÅGAN""",,com.hack23.cia.model.external.riksdagen.votering.impl.VoteData,
2188761,"""12,5CF0E717-1A75-44C1-9C6C-11518BD209F8,0857394544302,SAKFRÅGAN""",,com.hack23.cia.model.external.riksdagen.votering.impl.VoteData,
12152321,,embeddedId,,12152320
5235325,,embeddedId,,5235324
6490572,"""3,5F56D02F-3D91-4E68-8748-8760AAF41A5E,0752691002718,SAKFRÅGAN""",,com.hack23.cia.model.external.riksdagen.votering.impl.VoteData,
5360004,"""1,6AA0288E-DDE6-403F-ADAF-8D7F5F92B8B4,0199751900210,SAKFRÅGAN""",,com.hack23.cia.model.external.riksdagen.votering.impl.VoteData,
11885383,3220237,,com.hack23.cia.model.external.riksdagen.documentcontent.impl.DocumentContentData,
6534178,,embeddedId,,6534177
6803303,,embeddedId,,6803302
5136981,"""2,AC7E8514-2214-41EC-BFF9-BBB25C6DD0C9,0460690753617,SAKFRÅGAN""",,com.hack23.cia.model.external.riksdagen.votering.impl.VoteData,
6003891,,embeddedId,,6003890
8891217,1466800,,com.hack23.cia.model.external.riksdagen.dokumentstatus.impl.DocumentPersonReferenceContainer,
8033419,652081,,com.hack23.cia.model.external.riksdagen.dokumentstatus.impl.DocumentActivityData,
5126733,"""12,34342A50-79C4-45A2-819A-ED19D9D1C48D,0628190530410,SAKFRÅGAN""",,com.hack23.cia.model.external.riksdagen.votering.impl.VoteData,
9791186,2310470,,com.hack23.cia.model.external.riksdagen.utskottsforslag.impl.CommitteeProposalData,
3535807,,embeddedId,,3535806
3405255,,embeddedId,,3405253
2387783,"""3,15C12D0B-CBD1-4033-8B48-3F6E25A049C5,0831636664429,SAKFRÅGAN""",,com.hack23.cia.model.external.riksdagen.votering.impl.VoteData,
3117830,,embeddedId,,3117829
3939068,"""1,C4ABCCE0-634E-4B80-8AFA-5FE83568A243,045666679112,SAKFRÅGAN""",,com.hack23.cia.model.external.riksdagen.votering.impl.VoteData,
8277407,883805,,com.hack23.cia.model.external.riksdagen.dokumentstatus.impl.DocumentProposalData,
7788324,418966,,com.hack23.cia.model.external.riksdagen.documentcontent.impl.DocumentContentData,
1824132,,embeddedId,,1824131
8322040,926159,,com.hack23.cia.model.external.riksdagen.dokumentstatus.impl.DocumentStatusContainer,
11266182,,indicator,,11266180
2361685,"""1,DC8CE7A5-FED8-4195-A251-4C5BA7E7C3AF,0125036219125,SAKFRÅGAN""",,com.hack23.cia.model.external.riksdagen.votering.impl.VoteData,
3806213,,embeddedId,,3806212
7109069,"""go111088""",,com.hack23.cia.model.external.riksdagen.dokumentlista.impl.DocumentElement,
3106524,,embeddedId,,3106522
2356014,,embeddedId,,2356008
7901807,"""GP02Sf311""",,com.hack23.cia.model.external.riksdagen.dokumentstatus.impl.DocumentData,
6158519,,embeddedId,,6158518
957830,,embeddedId,,957829
2495013,"""6,304C3F00-4219-438B-B8C7-B9A05A272BDA,0891897903314,SAKFRÅGAN""",,com.hack23.cia.model.external.riksdagen.votering.impl.VoteData,
1495228,"""2,719EDE65-9268-433E-9A30-70E50CF7083B,0405594274208,SAKFRÅGAN""",,com.hack23.cia.model.external.riksdagen.votering.impl.VoteData,
9438387,1986936,,com.hack23.cia.model.external.riksdagen.dokumentstatus.impl.DocumentActivityData,
7809452,439123,,com.hack23.cia.model.external.riksdagen.dokumentstatus.impl.DocumentProposalContainer,
830278,"""5,A2B3872F-1D8F-4085-98FA-4EFC1A374624,0706528359123,SAKFRÅGAN""",,com.hack23.cia.model.external.riksdagen.votering.impl.VoteData,
698110,,embeddedId,,698109
4528840,,embeddedId,,4528838
3245859,,embeddedId,,3245857
2564940,,embeddedId,,2564939
8908647,1483299,,com.hack23.cia.model.external.riksdagen.dokumentstatus.impl.DocumentPersonReferenceData,
9867811,2342921,,com.hack23.cia.model.external.riksdagen.utskottsforslag.impl.CommitteeProposalData,
5543416,"""2,BCED435F-0D07-11D7-AE4C-000475504B05,0913965980315,SAKFRÅGAN""",,com.hack23.cia.model.external.riksdagen.votering.impl.VoteData,
3395826,"""2,3BD23EB9-6886-46E9-966F-C954A14618C2,0469626830920,SAKFRÅGAN""",,com.hack23.cia.model.external.riksdagen.votering.impl.VoteData,
2072583,"""14,C5864360-204A-4069-BB46-568EE80C5EF8,0448155122323,SAKFRÅGAN""",,com.hack23.cia.model.external.riksdagen.votering.impl.VoteData,
3110022,,embeddedId,,3110021
12683857,"""2,E38AB198-0FB4-4D69-8B77-D8DFCA7A6E85,0523902030928,SAKFRÅGAN""",,com.hack23.cia.model.external.riksdagen.votering.impl.VoteData,
859940,,embeddedId,,859938
7699022,334209,,com.hack23.cia.model.external.riksdagen.dokumentstatus.impl.DocumentDetailData,
12612807,,embeddedId,,12612806
918023,"""7,700415D1-8F0C-440F-8515-453606EC4A08,0752691002718,SAKFRÅGAN""",,com.hack23.cia.model.external.riksdagen.votering.impl.VoteData,
10303304,2525555,,com.hack23.cia.model.external.worldbank.data.impl.WorldBankData,
226810,,embeddedId,,226808
8268566,875432,,com.hack23.cia.model.external.riksdagen.dokumentstatus.impl.DocumentDetailContainer,
5813439,,embeddedId,,5813438
6659891,"""10,5AEA35C4-48C4-11D7-AE60-0004755052C8,0205360448417,SAKFRÅGAN""",,com.hack23.cia.model.external.riksdagen.votering.impl.VoteData,
282390,"""1,9A44AE84-FF76-476B-9119-A57C3D89BC2D,051207517226,SAKFRÅGAN""",,com.hack23.cia.model.external.riksdagen.votering.impl.VoteData,
8842291,1420388,,com.hack23.cia.model.external.riksdagen.dokumentstatus.impl.DocumentProposalData,
4544456,"""13,C36036B0-6CE5-11D8-891E-0004755037A9,0186989169008,SAKFRÅGAN""",,com.hack23.cia.model.external.riksdagen.votering.impl.VoteData,
2140569,"""1,53FF0B5B-2BCF-49FD-8526-BBEB80E03E77,0494431859015,SAKFRÅGAN""",,com.hack23.cia.model.external.riksdagen.votering.impl.VoteData,
7488692,134293,,com.hack23.cia.model.external.riksdagen.dokumentstatus.impl.DocumentActivityData,
7095029,"""6,06110DE6-8099-45A8-BA46-AAE31DFE59FB,0165360915617,SAKFRÅGAN""",,com.hack23.cia.model.external.riksdagen.votering.impl.VoteData,
2433711,"""14,43C94DAE-0745-44DC-AF88-3EE47118513C,0502688311316,SAKFRÅGAN""",,com.hack23.cia.model.external.riksdagen.votering.impl.VoteData,
8210260,819964,,com.hack23.cia.model.external.riksdagen.dokumentstatus.impl.DocumentActivityContainer,
8559816,1152408,,com.hack23.cia.model.external.riksdagen.dokumentstatus.impl.DocumentActivityData,
8457092,1054774,,com.hack23.cia.model.external.riksdagen.dokumentstatus.impl.DocumentActivityData,
11369749,,country,,11369748
11286412,2892981,,com.hack23.cia.model.external.worldbank.data.impl.WorldBankData,
12063089,3380116,,com.hack23.cia.model.internal.application.data.rules.impl.RuleViolation,
6229590,"""2,7D2EF741-F0C0-4961-B7DE-D5EA6CA1590B,0628190530410,SAKFRÅGAN""",,com.hack23.cia.model.external.riksdagen.votering.impl.VoteData,
10438089,2580024,,com.hack23.cia.model.external.worldbank.data.impl.WorldBankData,
3397671,"""1,2C1C1151-F9A4-4949-9770-5D99072DFB94,0846171262302,SAKFRÅGAN""",,com.hack23.cia.model.external.riksdagen.votering.impl.VoteData,
7616216,255435,,com.hack23.cia.model.external.riksdagen.dokumentstatus.impl.DocumentPersonReferenceData,
2396067,"""9,B4010DB6-53E0-4656-B108-E16FABE6206A,0406831930624,SAKFRÅGAN""",,com.hack23.cia.model.external.riksdagen.votering.impl.VoteData,
11155106,,indicator,,11155104
7573038,214451,,com.hack23.cia.model.external.riksdagen.dokumentstatus.impl.DocumentReferenceData,
7007447,,embeddedId,,7007446
11359791,2917892,,com.hack23.cia.model.external.worldbank.data.impl.WorldBankData,
10505216,,indicator,,10505215
8101395,716672,,com.hack23.cia.model.external.riksdagen.dokumentstatus.impl.DocumentActivityContainer,
1987325,"""5,531631C5-77F6-4203-8499-08B93BFD9B9C,0992420223820,SAKFRÅGAN""",,com.hack23.cia.model.external.riksdagen.votering.impl.VoteData,
12636264,"""2,DD06603B-7994-44F2-95A9-626F8DF34F52,0710595759638,SAKFRÅGAN""",,com.hack23.cia.model.external.riksdagen.votering.impl.VoteData,
11017988,,indicator,,11017987
9579873,2121019,,com.hack23.cia.model.external.riksdagen.dokumentstatus.impl.DocumentPersonReferenceData,
2805340,,embeddedId,,2805339
6047787,,embeddedId,,6047786
3247326,,embeddedId,,3247325
8918429,,source,,8918428
12827037,1159898,,com.hack23.cia.model.internal.application.data.rules.impl.RuleViolation,
7720878,354929,,com.hack23.cia.model.external.riksdagen.dokumentstatus.impl.DocumentDetailContainer,
10655152,2667216,,com.hack23.cia.model.external.worldbank.data.impl.WorldBankData,
9133479,1697027,,com.hack23.cia.model.external.riksdagen.dokumentstatus.impl.DocumentPersonReferenceData,
235389,"""6,21D078DF-9CAB-40E8-B580-32844C157CD2,0395416536118,SAKFRÅGAN""",,com.hack23.cia.model.external.riksdagen.votering.impl.VoteData,
3104639,"""1,A68591CF-D320-4C51-B22D-AC1AFB8F6BB8,0194498232620,SAKFRÅGAN""",,com.hack23.cia.model.external.riksdagen.votering.impl.VoteData,
282071,,embeddedId,,282070
1990782,,embeddedId,,1990781
12721858,"""3,ECA8F56F-EE1A-44F3-8321-C4449A724DC1,0130789484021,SAKFRÅGAN""",,com.hack23.cia.model.external.riksdagen.votering.impl.VoteData,
12592102,1075561,,com.hack23.cia.model.internal.application.data.rules.impl.RuleViolation,
8208757,818542,,com.hack23.cia.model.external.riksdagen.dokumentstatus.impl.DocumentActivityData,
12509259,,indicator,,12509258
9505144,2050260,,com.hack23.cia.model.external.riksdagen.dokumentstatus.impl.DocumentAttachmentContainer,
7561747,203684,,com.hack23.cia.model.external.riksdagen.dokumentstatus.impl.DocumentPersonReferenceData,
11837279,3172328,,com.hack23.cia.model.external.riksdagen.documentcontent.impl.DocumentContentData,
3155702,,embeddedId,,3155701
6444618,"""2,E5A494C8-DD42-411F-AC96-58DC588425E2,0287315215921,SAKFRÅGAN""",,com.hack23.cia.model.external.riksdagen.votering.impl.VoteData,
2028295,"""8,C93B6C71-FDAD-4DAE-8524-47D10E687302,043972220518,SAKFRÅGAN""",,com.hack23.cia.model.external.riksdagen.votering.impl.VoteData,
8667963,1255141,,com.hack23.cia.model.external.riksdagen.dokumentstatus.impl.DocumentDetailData,
10534462,2617939,,com.hack23.cia.model.external.worldbank.data.impl.WorldBankData,
7920118,544333,,com.hack23.cia.model.external.riksdagen.dokumentstatus.impl.DocumentStatusContainer,
8241250,849450,,com.hack23.cia.model.external.riksdagen.dokumentstatus.impl.DocumentDetailData,
6820898,"""2,F6A51B1D-FE74-409D-84E1-B0ADBF6D71FA,0546731406922,SAKFRÅGAN""",,com.hack23.cia.model.external.riksdagen.votering.impl.VoteData,
8099856,715201,,com.hack23.cia.model.external.riksdagen.dokumentstatus.impl.DocumentPersonReferenceContainer,
2254066,,embeddedId,,2254065
11900261,3234612,,com.hack23.cia.model.external.riksdagen.dokumentstatus.impl.DocumentDetailData,
3846951,,embeddedId,,3846950
1240057,"""1,47620D75-6067-11D7-AE2C-0004755038F6,0251564185908,SAKFRÅGAN""",,com.hack23.cia.model.external.riksdagen.votering.impl.VoteData,
5076520,"""7,7869749E-9763-4C01-98CC-79595994A407,0831636664429,SAKFRÅGAN""",,com.hack23.cia.model.external.riksdagen.votering.impl.VoteData,
9541436,2084630,,com.hack23.cia.model.external.riksdagen.dokumentstatus.impl.DocumentPersonReferenceContainer,
11337447,,indicator,,11337445
4691768,"""1,4C8DAB8B-7445-4811-B200-B8ABAFD4669D,0602744999917,SAKFRÅGAN""",,com.hack23.cia.model.external.riksdagen.votering.impl.VoteData,
12268074,"""6,E4C55AA6-4828-41FF-A270-A790A00376E5,0502490570219,SAKFRÅGAN""",,com.hack23.cia.model.external.riksdagen.votering.impl.VoteData,
12828910,1161771,,com.hack23.cia.model.internal.application.data.rules.impl.RuleViolation,
4339311,,embeddedId,,4339310
2559684,,embeddedId,,2559683
5511052,,embeddedId,,5511050
376005,,embeddedId,,376004
5750948,"""3,C807AC7B-5378-4EA2-8E7C-86AB8326FCAF,065105536026,SAKFRÅGAN""",,com.hack23.cia.model.external.riksdagen.votering.impl.VoteData,
7525947,169605,,com.hack23.cia.model.external.riksdagen.dokumentstatus.impl.DocumentStatusContainer,
3073846,,embeddedId,,3073845
8516187,1110846,,com.hack23.cia.model.external.riksdagen.dokumentstatus.impl.DocumentActivityData,
9509857,2054748,,com.hack23.cia.model.external.riksdagen.dokumentstatus.impl.DocumentProposalData,
9251805,1809557,,com.hack23.cia.model.external.riksdagen.dokumentstatus.impl.DocumentAttachment,
6515986,"""9,5F1B6722-2D12-4976-ADF2-67349FFBD921,0888126424314,SAKFRÅGAN""",,com.hack23.cia.model.external.riksdagen.votering.impl.VoteData,
4912574,"""1,FEB572E0-1D27-4883-8889-D0E48DCD4995,0956444284814,SAKFRÅGAN""",,com.hack23.cia.model.external.riksdagen.votering.impl.VoteData,
11189042,2859839,,com.hack23.cia.model.external.worldbank.data.impl.WorldBankData,
1861860,,embeddedId,,1861859
8222881,831904,,com.hack23.cia.model.external.riksdagen.dokumentstatus.impl.DocumentActivityData,
10613293,2650056,,com.hack23.cia.model.external.worldbank.data.impl.WorldBankData,
9914072,2361601,,com.hack23.cia.model.external.riksdagen.utskottsforslag.impl.CommitteeProposalData,
11363195,2919064,,com.hack23.cia.model.external.worldbank.data.impl.WorldBankData,
10449119,2584602,,com.hack23.cia.model.external.worldbank.data.impl.WorldBankData,
9964018,,country,,9964017
2480286,"""2,F17AE2E9-7E55-493F-A489-86A59BE8224A,0170585430421,SAKFRÅGAN""",,com.hack23.cia.model.external.riksdagen.votering.impl.VoteData,
4903087,"""2,66E67087-CD13-4693-ABEC-9AB828B25BAF,0648224557612,SAKFRÅGAN""",,com.hack23.cia.model.external.riksdagen.votering.impl.VoteData,
5290373,,embeddedId,,5290372
2655619,,embeddedId,,2655616
2425358,,embeddedId,,2425357
2225743,,embeddedId,,2225741
1814035,"""1,F3180AB3-6571-45B5-8F0D-C2A031BCEE6A,0780214960516,SAKFRÅGAN""",,com.hack23.cia.model.external.riksdagen.votering.impl.VoteData,
5546127,,embeddedId,,5546126
6731151,,embeddedId,,6731150
4216533,"""13,5633A4F6-8C7C-45C9-B171-20F28E7ABAB0,0538404901718,SAKFRÅGAN""",,com.hack23.cia.model.external.riksdagen.votering.impl.VoteData,
5901374,"""8,8BD7F91D-11DA-4682-B45C-7DB280ABD5EB,0986091320811,SAKFRÅGAN""",,com.hack23.cia.model.external.riksdagen.votering.impl.VoteData,
12325841,"""2,2FF3A560-6671-420F-A749-25B0B9A2D542,055824190225,SAKFRÅGAN""",,com.hack23.cia.model.external.riksdagen.votering.impl.VoteData,
6218405,,embeddedId,,6218404
1144454,"""1,4C6B7809-4800-4151-98E2-AB4B69B3D04C,0853395328224,SAKFRÅGAN""",,com.hack23.cia.model.external.riksdagen.votering.impl.VoteData,
2294973,"""5,8FCC61C4-2135-4E20-9BA7-73C182D45446,0150118366721,SAKFRÅGAN""",,com.hack23.cia.model.external.riksdagen.votering.impl.VoteData,
9168511,1730404,,com.hack23.cia.model.external.riksdagen.dokumentstatus.impl.DocumentDetailContainer,
1540669,,embeddedId,,1540668
9758294,2288591,,com.hack23.cia.model.external.riksdagen.documentcontent.impl.DocumentContentData,
11755591,3096851,,com.hack23.cia.model.external.riksdagen.documentcontent.impl.DocumentContentData,
4123892,,embeddedId,,4123890
7937595,561015,,com.hack23.cia.model.external.riksdagen.dokumentstatus.impl.DocumentStatusContainer,
10479763,2596582,,com.hack23.cia.model.external.riksdagen.utskottsforslag.impl.CommitteeProposalData,
11298461,,country,,11298459
5447814,"""8,51C4E1D8-768A-11D8-AF3D-0004755038F6,0455256796113,SAKFRÅGAN""",,com.hack23.cia.model.external.riksdagen.votering.impl.VoteData,
11610201,3002976,,com.hack23.cia.model.external.worldbank.data.impl.WorldBankData,
1179997,"""6,208FA812-DDDD-4DFD-818D-D8D34C52A4D7,0460690753617,SAKFRÅGAN""",,com.hack23.cia.model.external.riksdagen.votering.impl.VoteData,
4920793,,embeddedId,,4920791
3949503,,embeddedId,,3949501
8178027,789338,,com.hack23.cia.model.external.riksdagen.dokumentstatus.impl.DocumentReferenceContainer,
12139137,,embeddedId,,12139136
5755993,,embeddedId,,5755992
1088698,,embeddedId,,1088697
1316121,"""44,38D43B9C-C39F-48F6-9CE0-4BC4713F33CD,0236051814311,SAKFRÅGAN""",,com.hack23.cia.model.external.riksdagen.votering.impl.VoteData,
2639161,,embeddedId,,2639160
8812470,1392106,,com.hack23.cia.model.external.riksdagen.dokumentstatus.impl.DocumentActivityData,
952148,"""2,11B70D2C-0741-44AA-9D6A-E85D340991D8,0411459873625,SAKFRÅGAN""",,com.hack23.cia.model.external.riksdagen.votering.impl.VoteData,
1597404,"""6,A9E16DE6-875F-419D-B392-F93378A426E6,0275724540919,SAKFRÅGAN""",,com.hack23.cia.model.external.riksdagen.votering.impl.VoteData,
8134695,748210,,com.hack23.cia.model.external.riksdagen.dokumentstatus.impl.DocumentActivityData,
4447357,,embeddedId,,4447356
7345151,"""h4c320161215fiu4""",,com.hack23.cia.model.external.riksdagen.dokumentlista.impl.DocumentElement,
10894179,,indicator,,10894175
6002256,"""2,A295E810-F4BA-4260-BF76-95500DD0FEB4,0110600080618,SAKFRÅGAN""",,com.hack23.cia.model.external.riksdagen.votering.impl.VoteData,
4698498,"""12,92BF0E6D-FDD0-4D07-A77F-92D28EC16717,0718034011110,SAKFRÅGAN""",,com.hack23.cia.model.external.riksdagen.votering.impl.VoteData,
4421540,"""18,4C2795A9-B09F-4BEB-98FF-580D52821642,0477013214601,SAKFRÅGAN""",,com.hack23.cia.model.external.riksdagen.votering.impl.VoteData,
9426018,1975253,,com.hack23.cia.model.external.riksdagen.dokumentstatus.impl.DocumentActivityData,
8032173,650897,,com.hack23.cia.model.external.riksdagen.dokumentstatus.impl.DocumentAttachment,
2823303,"""4,A3820FA2-C104-4517-8AAD-535A2BD374F1,0188653245302,SAKFRÅGAN""",,com.hack23.cia.model.external.riksdagen.votering.impl.VoteData,
12409132,1034923,,com.hack23.cia.model.external.worldbank.data.impl.WorldBankData,
12210231,,embeddedId,,12210230
2481851,,embeddedId,,2481850
4808810,"""1,6BFE4302-EC03-4D35-BD7D-CC701BC26CBA,0980725315516,SAKFRÅGAN""",,com.hack23.cia.model.external.riksdagen.votering.impl.VoteData,
11609800,,country,,11609799
10185912,2475733,,com.hack23.cia.model.external.worldbank.data.impl.WorldBankData,
1157788,"""1,9DA3D2ED-3D78-4D65-983E-C25D04EC0E74,0273506284025,SAKFRÅGAN""",,com.hack23.cia.model.external.riksdagen.votering.impl.VoteData,
7984158,605288,,com.hack23.cia.model.external.riksdagen.dokumentstatus.impl.DocumentReferenceData,
6734091,,embeddedId,,6734090
10589379,,indicator,,10589378
2136647,,embeddedId,,2136644
11354851,2916267,,com.hack23.cia.model.external.worldbank.data.impl.WorldBankData,
12704213,1107536,,com.hack23.cia.model.internal.application.data.rules.impl.RuleViolation,
4455603,,embeddedId,,4455602
591115,,embeddedId,,591114
3214900,"""22,6A9C1929-5AD7-4D13-A702-8F1C48867507,0911916463828,SAKFRÅGAN""",,com.hack23.cia.model.external.riksdagen.votering.impl.VoteData,
473764,,embeddedId,,473762
4730016,,embeddedId,,4730015
11654292,,indicator,,11654291
1037705,,embeddedId,,1037704
1967178,"""10,7632F06E-D9C3-4BC3-9919-B8C3A9592EBD,0803753212716,SAKFRÅGAN""",,com.hack23.cia.model.external.riksdagen.votering.impl.VoteData,
12511125,1053948,,com.hack23.cia.model.internal.application.data.rules.impl.RuleViolation,
12361019,"""5,BC6D7251-6A7C-4047-9DCD-7A24531AAA82,0641953830512,SAKFRÅGAN""",,com.hack23.cia.model.external.riksdagen.votering.impl.VoteData,
4325483,,embeddedId,,4325482
6337067,,embeddedId,,6337066
8049551,667416,,com.hack23.cia.model.external.riksdagen.dokumentstatus.impl.DocumentAttachment,
9418646,1968249,,com.hack23.cia.model.external.riksdagen.dokumentstatus.impl.DocumentActivityData,
8420913,1020247,,com.hack23.cia.model.external.riksdagen.documentcontent.impl.DocumentContentData,
7401186,"""hda3eun4""",,com.hack23.cia.model.external.riksdagen.dokumentlista.impl.DocumentElement,
2744520,"""6,7ED59568-A2E7-4191-8F60-D6EFF2BD1854,0958776965517,SAKFRÅGAN""",,com.hack23.cia.model.external.riksdagen.votering.impl.VoteData,
4064237,,embeddedId,,4064236
9350529,1903421,,com.hack23.cia.model.external.riksdagen.dokumentstatus.impl.DocumentAttachment,
3709801,,embeddedId,,3709800
9875031,,country,,9875030
11534530,2977243,,com.hack23.cia.model.external.worldbank.data.impl.WorldBankData,
6532271,,embeddedId,,6532269
6930077,"""1,DD14402D-7AED-4A8E-A355-0BD68C0F2AE8,0875221317013,SAKFRÅGAN""",,com.hack23.cia.model.external.riksdagen.votering.impl.VoteData,
1603533,"""1,AAF8F8BC-5758-4039-B5E1-867C8443F4E5,042413114103,SAKFRÅGAN""",,com.hack23.cia.model.external.riksdagen.votering.impl.VoteData,
1167372,,embeddedId,,1167370
3710178,"""1,569F0901-0A40-46A8-9D37-63BCC206150C,012053331219,SAKFRÅGAN""",,com.hack23.cia.model.external.riksdagen.votering.impl.VoteData,
811781,"""9,A9BE6348-722E-4B12-AC5E-B0B4FE1B6485,0344222203323,SAKFRÅGAN""",,com.hack23.cia.model.external.riksdagen.votering.impl.VoteData,
8809482,1389263,,com.hack23.cia.model.external.riksdagen.dokumentstatus.impl.DocumentActivityData,
3782339,"""2,3F786E23-7E4F-4079-A63D-B9B7C0973337,0108109641223,SAKFRÅGAN""",,com.hack23.cia.model.external.riksdagen.votering.impl.VoteData,
3264069,"""4,06254AED-260C-449E-96F2-47831D05CF06,065701062615,SAKFRÅGAN""",,com.hack23.cia.model.external.riksdagen.votering.impl.VoteData,
2237201,,embeddedId,,2237200
9129180,1692933,,com.hack23.cia.model.external.worldbank.indicators.impl.Topics,
1543466,"""2,B10384C9-AF38-478A-A17F-FFF4F01F86FC,0653904370212,SAKFRÅGAN""",,com.hack23.cia.model.external.riksdagen.votering.impl.VoteData,
3481007,,embeddedId,,3481005
2704589,"""10,9C1F9628-C688-45E2-8423-D05383FA47D4,043972220518,SAKFRÅGAN""",,com.hack23.cia.model.external.riksdagen.votering.impl.VoteData,
4780373,,embeddedId,,4780372
4248723,,embeddedId,,4248722
8594843,1185737,,com.hack23.cia.model.external.riksdagen.dokumentstatus.impl.DocumentActivityData,
2129248,"""7,447FD6F1-B479-47E7-9C57-DCAA059A12B6,0538387395826,SAKFRÅGAN""",,com.hack23.cia.model.external.riksdagen.votering.impl.VoteData,
10569863,,indicator,,10569862
6735764,,embeddedId,,6735763
11617994,,country,,11617993
2053451,"""6,F45363F9-61A9-467A-A0A6-677F71DED8CB,0103624617217,SAKFRÅGAN""",,com.hack23.cia.model.external.riksdagen.votering.impl.VoteData,
10063112,,country,,10063111
4713635,,embeddedId,,4713634
10967501,2784498,,com.hack23.cia.model.external.worldbank.data.impl.WorldBankData,
9049694,1617384,,com.hack23.cia.model.external.riksdagen.dokumentstatus.impl.DocumentReferenceData,
4521633,,embeddedId,,4521631
9076672,1643042,,com.hack23.cia.model.external.riksdagen.dokumentstatus.impl.DocumentPersonReferenceData,
9923426,,country,,9923424
9689592,2225079,,com.hack23.cia.model.external.riksdagen.dokumentstatus.impl.DocumentDetailData,
4174601,,embeddedId,,4174600
7013310,"""3,6959DBBC-9D95-4F42-9F15-D3FC547D09F1,0211757295524,SAKFRÅGAN""",,com.hack23.cia.model.external.riksdagen.votering.impl.VoteData,
8208294,818113,,com.hack23.cia.model.external.riksdagen.dokumentstatus.impl.DocumentAttachmentContainer,
2728568,,embeddedId,,2728567
12205576,,embeddedId,,12205574
6345227,"""3,DC9EF9E4-B488-4B06-89C2-FD53209823C9,0477013214601,SAKFRÅGAN""",,com.hack23.cia.model.external.riksdagen.votering.impl.VoteData,
1371100,,embeddedId,,1371099
3107081,"""3,55B7EF90-380F-488E-A09F-F717D9FDB48C,0252067342313,SAKFRÅGAN""",,com.hack23.cia.model.external.riksdagen.votering.impl.VoteData,
8368481,970337,,com.hack23.cia.model.external.riksdagen.dokumentstatus.impl.DocumentStatusContainer,
11783720,3122800,,com.hack23.cia.model.external.riksdagen.dokumentstatus.impl.DocumentActivityData,
1868663,,embeddedId,,1868662
1641321,,embeddedId,,1641320
1387140,,embeddedId,,1387139
12755969,,embeddedId,,12755968
2514988,,embeddedId,,2514986
225137,,embeddedId,,225136
9181246,1742537,,com.hack23.cia.model.external.riksdagen.dokumentstatus.impl.DocumentDetailContainer,
8483269,1079636,,com.hack23.cia.model.external.riksdagen.dokumentstatus.impl.DocumentAttachment,
4715565,,embeddedId,,4715563
11273711,,indicator,,11273710
9872526,2344644,,com.hack23.cia.model.external.worldbank.data.impl.WorldBankData,
10275796,,country,,10275795
2425870,"""9,A017AD78-880E-4A68-A1CE-3E2B83997B02,0891731772016,SAKFRÅGAN""",,com.hack23.cia.model.external.riksdagen.votering.impl.VoteData,
10276420,,country,,10276418
11576851,,country,,11576850
5891696,,embeddedId,,5891695
5645629,,embeddedId,,5645628
11114384,,indicator,,11114382
4926038,"""2,68DFE513-3A77-40C0-9309-B76421C6C726,0768554866215,SAKFRÅGAN""",,com.hack23.cia.model.external.riksdagen.votering.impl.VoteData,
10737670,,country,,10737668
11679340,3028061,,com.hack23.cia.model.external.riksdagen.documentcontent.impl.DocumentContentData,
11969838,3301111,,com.hack23.cia.model.external.riksdagen.dokumentstatus.impl.DocumentProposalData,
9937666,,indicator,,9937665
8276644,883078,,com.hack23.cia.model.external.riksdagen.dokumentstatus.impl.DocumentDetailData,
2501305,"""11,C0360CCB-BBEE-4F74-B744-93E9C8D1C213,0223069839622,SAKFRÅGAN""",,com.hack23.cia.model.external.riksdagen.votering.impl.VoteData,
3020367,,embeddedId,,3020365
7667000,303667,,com.hack23.cia.model.external.riksdagen.dokumentstatus.impl.DocumentActivityData,
3088852,"""3,55CF495B-FC1A-472B-9A5C-698C311059F9,0729710260118,SAKFRÅGAN""",,com.hack23.cia.model.external.riksdagen.votering.impl.VoteData,
10239534,2498274,,com.hack23.cia.model.external.riksdagen.utskottsforslag.impl.AgainstProposalData,
8590726,1181802,,com.hack23.cia.model.external.riksdagen.dokumentstatus.impl.DocumentAttachment,
10734492,,indicator,,10734491
4257696,"""2,382ACABE-1862-4764-B472-70C03B802BDE,0196024739401,SAKFRÅGAN""",,com.hack23.cia.model.external.riksdagen.votering.impl.VoteData,
3147496,,embeddedId,,3147495
4889020,"""2,46B018B4-3F64-4613-883C-F160032658BE,0494242537816,SAKFRÅGAN""",,com.hack23.cia.model.external.riksdagen.votering.impl.VoteData,
1414023,"""14,51133B54-ADC6-4F86-B54F-85B161A8D411,0427695165918,SAKFRÅGAN""",,com.hack23.cia.model.external.riksdagen.votering.impl.VoteData,
9226836,1785778,,com.hack23.cia.model.external.riksdagen.dokumentstatus.impl.DocumentDetailData,
7354736,"""h6d34c7d98""",,com.hack23.cia.model.external.riksdagen.dokumentlista.impl.DocumentElement,
5702019,,embeddedId,,5702018
12723927,"""2,164E8AD3-EB9A-4779-B3BD-6DB79C78A00E,0792733370419,SAKFRÅGAN""",,com.hack23.cia.model.external.riksdagen.votering.impl.VoteData,
11981617,3312404,,com.hack23.cia.model.external.riksdagen.dokumentstatus.impl.DocumentPersonReferenceData,
10539301,2620005,,com.hack23.cia.model.external.worldbank.data.impl.WorldBankData,
9728693,2261970,,com.hack23.cia.model.external.riksdagen.documentcontent.impl.DocumentContentData,
1830401,"""2,2067C00A-F2C6-453A-B95F-AC5A217B5283,0895706637124,SAKFRÅGAN""",,com.hack23.cia.model.external.riksdagen.votering.impl.VoteData,
10814523,,indicator,,10814521
9383741,1935017,,com.hack23.cia.model.external.riksdagen.dokumentstatus.impl.DocumentPersonReferenceData,
8183071,794124,,com.hack23.cia.model.external.riksdagen.dokumentstatus.impl.DocumentProposalContainer,
6408700,"""10,8CAA7AE5-64ED-4535-A51F-78A243964EBE,0714579775816,SAKFRÅGAN""",,com.hack23.cia.model.external.riksdagen.votering.impl.VoteData,
7525157,168897,,com.hack23.cia.model.external.riksdagen.dokumentstatus.impl.DocumentPersonReferenceData,
3739555,,embeddedId,,3739554
1081486,,embeddedId,,1081485
11689980,3037651,,com.hack23.cia.model.external.riksdagen.documentcontent.impl.DocumentContentData,
4170035,,embeddedId,,4170034
8381958,983134,,com.hack23.cia.model.external.riksdagen.dokumentstatus.impl.DocumentDetailContainer,
11204471,,indicator,,11204469
7565653,207391,,com.hack23.cia.model.external.riksdagen.dokumentstatus.impl.DocumentActivityData,
3758063,,embeddedId,,3758062
6626708,,embeddedId,,6626706
3217655,"""3,CE1681A8-D8DF-4CFB-A9DE-6D33E0F325AA,0204494765606,SAKFRÅGAN""",,com.hack23.cia.model.external.riksdagen.votering.impl.VoteData,
3493532,"""1,A99F4C48-1D40-4B39-9CE3-B59D0F6D1684,0770363683317,SAKFRÅGAN""",,com.hack23.cia.model.external.riksdagen.votering.impl.VoteData,
768417,"""1,64B7CA4B-B060-4B83-82AA-5EA6554A5633,0530425150220,SAKFRÅGAN""",,com.hack23.cia.model.external.riksdagen.votering.impl.VoteData,
182938,"""11,1B4AD409-B47A-46FF-9FE4-AB14DD82C0B1,0309480686522,SAKFRÅGAN""",,com.hack23.cia.model.external.riksdagen.votering.impl.VoteData,
11183496,,country,,11183495
9529484,2073369,,com.hack23.cia.model.external.riksdagen.dokumentstatus.impl.DocumentProposalContainer,
3525133,,embeddedId,,3525132
6684006,"""5,2455F771-793A-11D7-AF1D-00047552FA16,0272604986201,SAKFRÅGAN""",,com.hack23.cia.model.external.riksdagen.votering.impl.VoteData,
3561793,,embeddedId,,3561792
4572345,"""9,D7D6243A-84F1-42F2-B99B-901A69293DC3,0661283223209,SAKFRÅGAN""",,com.hack23.cia.model.external.riksdagen.votering.impl.VoteData,
6811524,"""2,FF963ECA-9941-4A5E-8C0E-79229AEA341D,0875425244515,SAKFRÅGAN""",,com.hack23.cia.model.external.riksdagen.votering.impl.VoteData,
6642298,"""6,ABF89164-34D1-4424-B9C0-788CEFCB131D,0901257862125,SAKFRÅGAN""",,com.hack23.cia.model.external.riksdagen.votering.impl.VoteData,
2428563,"""5,0B771E7B-D719-40A3-9771-C7087A7AC20D,0229350341619,SAKFRÅGAN""",,com.hack23.cia.model.external.riksdagen.votering.impl.VoteData,
5061664,,embeddedId,,5061662
11920098,3253659,,com.hack23.cia.model.external.riksdagen.dokumentstatus.impl.DocumentPersonReferenceData,
1737620,"""10,3B58ACF2-CE74-4630-AE9E-A18636920BFE,0210198640127,SAKFRÅGAN""",,com.hack23.cia.model.external.riksdagen.votering.impl.VoteData,
9847865,,country,,9847863
4988485,,embeddedId,,4988483
1940386,,embeddedId,,1940385
9776115,,country,,9776114
7100458,"""7,56172239-EB05-4CB5-9797-3384C97EEDBA,0963654118003,SAKFRÅGAN""",,com.hack23.cia.model.external.riksdagen.votering.impl.VoteData,
4888555,,embeddedId,,4888554
156887,,embeddedId,,156885
10280119,,indicator,,10280118
7158782,"""h5c320180301au11""",,com.hack23.cia.model.external.riksdagen.dokumentlista.impl.DocumentElement,
4387524,,embeddedId,,4387523
2134010,,embeddedId,,2134008
6754858,,embeddedId,,6754856
8981282,1552391,,com.hack23.cia.model.external.riksdagen.dokumentstatus.impl.DocumentReferenceData,
7082099,"""4,C2E22A2B-A3CE-4BF0-8AC1-969055730A5B,0256404677510,SAKFRÅGAN""",,com.hack23.cia.model.external.riksdagen.votering.impl.VoteData,
1274046,"""3,2300C2FF-D476-445A-882E-EE1C305964A7,0612916684825,SAKFRÅGAN""",,com.hack23.cia.model.external.riksdagen.votering.impl.VoteData,
5218029,,embeddedId,,5218028
19764,"""1,4C38D1E6-6C26-4013-A9FA-B353BCC7B7B0,016950536026,MOTIVFRÅGAN""",,com.hack23.cia.model.external.riksdagen.votering.impl.VoteData,
11357543,,indicator,,11357542
3004812,,embeddedId,,3004811
3222648,,embeddedId,,3222647
10140139,,country,,10140138
8524342,1118612,,com.hack23.cia.model.external.riksdagen.dokumentstatus.impl.DocumentAttachment,
521874,"""4,B6260B4A-9440-426C-AAF9-090D68A60164,067992138910,SAKFRÅGAN""",,com.hack23.cia.model.external.riksdagen.votering.impl.VoteData,
3994923,,embeddedId,,3994922
1080329,"""14,605C485A-687F-4EF9-B12F-335DDAB20832,0321885416125,SAKFRÅGAN""",,com.hack23.cia.model.external.riksdagen.votering.impl.VoteData,
8887766,1463512,,com.hack23.cia.model.external.riksdagen.dokumentstatus.impl.DocumentStatusContainer,
6650849,,embeddedId,,6650848
7414800,64631,,com.hack23.cia.model.external.riksdagen.dokumentstatus.impl.DocumentDetailData,
8222570,831657,,com.hack23.cia.model.external.riksdagen.dokumentstatus.impl.DocumentReferenceContainer,
4300252,,embeddedId,,4300251
12486465,,embeddedId,,12486464
12521912,,embeddedId,,12521911
6147526,"""5,6CD5CC28-FE58-447A-B0AB-EE4695A02DA3,0843345349823,SAKFRÅGAN""",,com.hack23.cia.model.external.riksdagen.votering.impl.VoteData,
7340141,"""h4021981""",,com.hack23.cia.model.external.riksdagen.dokumentlista.impl.DocumentElement,
11717312,3062273,,com.hack23.cia.model.external.riksdagen.documentcontent.impl.DocumentContentData,
4658414,,embeddedId,,4658410
7314215,"""h103193""",,com.hack23.cia.model.external.riksdagen.dokumentlista.impl.DocumentElement,
5935292,"""3,C17C5538-8102-4594-93EE-CA509668BAB4,0721509806321,SAKFRÅGAN""",,com.hack23.cia.model.external.riksdagen.votering.impl.VoteData,
4579137,,embeddedId,,4579136
11958240,3290032,,com.hack23.cia.model.external.riksdagen.dokumentstatus.impl.DocumentActivityData,
4908499,,embeddedId,,4908498
809348,,embeddedId,,809347
9474726,2021362,,com.hack23.cia.model.external.riksdagen.dokumentstatus.impl.DocumentActivityData,
8097697,713134,,com.hack23.cia.model.external.riksdagen.dokumentstatus.impl.DocumentActivityContainer,
1923758,,embeddedId,,1923757
2065028,"""1,148A429C-71C8-469A-A454-64533ACE773D,0764949934324,MOTIVFRÅGAN""",,com.hack23.cia.model.external.riksdagen.votering.impl.VoteData,
10213991,2487820,,com.hack23.cia.model.external.worldbank.data.impl.WorldBankData,
6830208,,embeddedId,,6830204
9951221,,indicator,,9951219
5958974,"""6,D9C0FCBB-5301-11D7-AEFA-000475530052,0702674089702,SAKFRÅGAN""",,com.hack23.cia.model.external.riksdagen.votering.impl.VoteData,
6104930,"""1,4C499BD3-AD7E-4A91-B1AE-36C53C32CD92,0381853591928,SAKFRÅGAN""",,com.hack23.cia.model.external.riksdagen.votering.impl.VoteData,
3741611,,embeddedId,,3741610
11185359,2858574,,com.hack23.cia.model.external.worldbank.data.impl.WorldBankData,
68675,,embeddedId,,68673
319898,,embeddedId,,319897
3930921,,embeddedId,,3930919
2994430,"""3,8B06F024-BD1E-4A3D-8423-BB9BBC26C9D2,0237055280513,MOTIVFRÅGAN""",,com.hack23.cia.model.external.riksdagen.votering.impl.VoteData,
4683978,"""5,4DD2A7CD-7E7B-11D9-AE6B-000475530032,0235494367806,SAKFRÅGAN""",,com.hack23.cia.model.external.riksdagen.votering.impl.VoteData,
3207841,"""14,56BCB531-9530-4FD5-AF2B-55EE1A5C6F8E,0281670919717,SAKFRÅGAN""",,com.hack23.cia.model.external.riksdagen.votering.impl.VoteData,
3074524,,embeddedId,,3074523
5766824,"""11,9561E3E0-864A-493D-AD6B-BFB8DC91E9AF,0902086611116,SAKFRÅGAN""",,com.hack23.cia.model.external.riksdagen.votering.impl.VoteData,
9556478,2098814,,com.hack23.cia.model.external.riksdagen.dokumentstatus.impl.DocumentAttachmentContainer,
11937168,3269991,,com.hack23.cia.model.external.riksdagen.dokumentstatus.impl.DocumentActivityContainer,
6821563,"""4,0FE77598-1EFC-46C1-9E63-3362E48A29D2,0535526562910,SAKFRÅGAN""",,com.hack23.cia.model.external.riksdagen.votering.impl.VoteData,
1051518,"""12,DB294B9F-2FA8-11D7-AE74-0004755038A1,0910241260018,SAKFRÅGAN""",,com.hack23.cia.model.external.riksdagen.votering.impl.VoteData,
457567,,embeddedId,,457566
5907468,"""9,F6DDEBA8-B59D-4A78-B540-B27E75D721A4,0130789484021,SAKFRÅGAN""",,com.hack23.cia.model.external.riksdagen.votering.impl.VoteData,
8583653,1175131,,com.hack23.cia.model.external.riksdagen.dokumentstatus.impl.DocumentPersonReferenceData,
12629726,1080284,,com.hack23.cia.model.external.riksdagen.utskottsforslag.impl.CommitteeProposalData,
4664069,,embeddedId,,4664068
10541691,"""GS01JUU6""",,com.hack23.cia.model.external.riksdagen.utskottsforslag.impl.CommitteeDocumentData,
12672569,"""1,41C822F8-2971-4744-A4DA-3B8AF08A5E56,0130640724922,SAKFRÅGAN""",,com.hack23.cia.model.external.riksdagen.votering.impl.VoteData,
12320131,,embeddedId,,12320130
8790714,1371514,,com.hack23.cia.model.external.riksdagen.dokumentstatus.impl.DocumentProposalContainer,
4651814,"""3,B16A2ADB-B9DB-44DD-8A50-33FC84C8C2D4,0615338062910,SAKFRÅGAN""",,com.hack23.cia.model.external.riksdagen.votering.impl.VoteData,
833282,,embeddedId,,833281
3852758,"""1,DAFAB99E-50EC-47C0-909F-DDC02FE1B2DA,0240128497814,SAKFRÅGAN""",,com.hack23.cia.model.external.riksdagen.votering.impl.VoteData,
462940,16280,,com.hack23.cia.model.external.riksdagen.person.impl.AssignmentData,
9045434,1613336,,com.hack23.cia.model.external.riksdagen.dokumentstatus.impl.DocumentActivityData,
12141930,"""4,0109D45C-D8D6-4E36-9477-8B909C26E6C4,066036027425,SAKFRÅGAN""",,com.hack23.cia.model.external.riksdagen.votering.impl.VoteData,
6136049,,embeddedId,,6136048
5918325,,embeddedId,,5918324
10262756,,country,,10262755
11432827,2942700,,com.hack23.cia.model.external.worldbank.data.impl.WorldBankData,
4472470,,embeddedId,,4472469
11014183,,country,,11014182
11303422,,indicator,,11303420
10189946,2477260,,com.hack23.cia.model.external.worldbank.data.impl.WorldBankData,
2698494,,embeddedId,,2698493
3237188,,embeddedId,,3237187
8221367,830503,,com.hack23.cia.model.external.riksdagen.dokumentstatus.impl.DocumentActivityData,
829024,"""2,D3F85585-1067-41B8-B252-BF27694B7579,0615175917521,SAKFRÅGAN""",,com.hack23.cia.model.external.riksdagen.votering.impl.VoteData,
8335240,938718,,com.hack23.cia.model.external.riksdagen.documentcontent.impl.DocumentContentData,
8974588,1546009,,com.hack23.cia.model.external.riksdagen.dokumentstatus.impl.DocumentDetailData,
11597377,,indicator,,11597373
2315762,"""1,68E22B7B-435B-4194-98A3-A6C85124E378,0810201628512,SAKFRÅGAN""",,com.hack23.cia.model.external.riksdagen.votering.impl.VoteData,
11667735,3022540,,com.hack23.cia.model.external.worldbank.data.impl.WorldBankData,
9899390,,indicator,,9899389
11331168,,indicator,,11331166
9919776,2363824,,com.hack23.cia.model.external.worldbank.data.impl.WorldBankData,
9350255,1903168,,com.hack23.cia.model.external.riksdagen.dokumentstatus.impl.DocumentReferenceData,
1405742,,embeddedId,,1405740
3491880,"""3,57302870-7FD5-45A1-AE38-CB6B8ADFBEBB,0744993950910,SAKFRÅGAN""",,com.hack23.cia.model.external.riksdagen.votering.impl.VoteData,
6678318,,embeddedId,,6678315
8942408,1515358,,com.hack23.cia.model.external.riksdagen.dokumentstatus.impl.DocumentPersonReferenceData,
12093796,,embeddedId,,12093795
699269,"""2,EE650B60-5CD9-434C-8532-ED0A18B462AC,0891971250317,SAKFRÅGAN""",,com.hack23.cia.model.external.riksdagen.votering.impl.VoteData,
11296701,,indicator,,11296700
915907,,embeddedId,,915905
1247226,"""3,8FD1C5BE-CBD8-4055-B3E3-0C15D0A50719,0150200797210,SAKFRÅGAN""",,com.hack23.cia.model.external.riksdagen.votering.impl.VoteData,
1047425,,embeddedId,,1047423
7452762,100304,,com.hack23.cia.model.external.riksdagen.dokumentstatus.impl.DocumentAttachmentContainer,
8999061,1569265,,com.hack23.cia.model.external.riksdagen.dokumentstatus.impl.DocumentDetailData,
3243355,"""1,54DC5C7A-A184-41D7-AA98-FEA00793CE54,0853204119514,SAKFRÅGAN""",,com.hack23.cia.model.external.riksdagen.votering.impl.VoteData,
7980795,602092,,com.hack23.cia.model.external.riksdagen.dokumentstatus.impl.DocumentReferenceData,
8354630,957136,,com.hack23.cia.model.external.riksdagen.dokumentstatus.impl.DocumentPersonReferenceData,
2466291,"""2,04181FAC-6711-477C-BC0C-1EFF628ADD9E,0773497241728,SAKFRÅGAN""",,com.hack23.cia.model.external.riksdagen.votering.impl.VoteData,
11034188,,indicator,,11034186
9773698,,country,,9773693
1229447,"""1,F7C9650E-0447-46AA-B64B-C62467D19047,0627722735100,SAKFRÅGAN""",,com.hack23.cia.model.external.riksdagen.votering.impl.VoteData,
10112781,,country,,10112779
2650037,,embeddedId,,2650035
4695239,,embeddedId,,4695238
4161213,"""2,B378F2BF-84AA-45B8-A88F-01F3ED592EE1,0627450126815,SAKFRÅGAN""",,com.hack23.cia.model.external.riksdagen.votering.impl.VoteData,
11547429,,country,,11547427
1459977,,embeddedId,,1459976
4151172,"""1,80134F38-F4D4-42F8-810E-A84D3D5239CC,0262455192724,SAKFRÅGAN""",,com.hack23.cia.model.external.riksdagen.votering.impl.VoteData,
8899100,"""GR02T486""",,com.hack23.cia.model.external.riksdagen.dokumentstatus.impl.DocumentData,
12190957,,embeddedId,,12190955
2960327,"""2,0481062D-529B-4BD5-8D02-10289323976E,0475778011711,SAKFRÅGAN""",,com.hack23.cia.model.external.riksdagen.votering.impl.VoteData,
331044,,embeddedId,,331043
3470487,"""1,22738BEA-2A78-4BB4-A0F3-288B49634C2A,0951905661227,MOTIVFRÅGAN""",,com.hack23.cia.model.external.riksdagen.votering.impl.VoteData,
4069072,"""21,05357894-BC3F-47E7-A7F0-49EACB387C1D,0251564185908,SAKFRÅGAN""",,com.hack23.cia.model.external.riksdagen.votering.impl.VoteData,
2725433,"""6,5B6F1B51-AF47-4B98-B7C1-D67EF8928D23,0506482805418,SAKFRÅGAN""",,com.hack23.cia.model.external.riksdagen.votering.impl.VoteData,
86206,,embeddedId,,86205
1853996,"""5,6B7DBFCB-D435-4FA9-94CA-0440C9DC7097,0411459873625,SAKFRÅGAN""",,com.hack23.cia.model.external.riksdagen.votering.impl.VoteData,
252449,,embeddedId,,252448
5698077,,embeddedId,,5698076
7973735,595336,,com.hack23.cia.model.external.riksdagen.dokumentstatus.impl.DocumentAttachment,
7670829,307312,,com.hack23.cia.model.external.riksdagen.dokumentstatus.impl.DocumentAttachment,
4026768,"""18,7DD50C6A-742C-4600-BB16-65E2EECEC2C1,0843345349823,SAKFRÅGAN""",,com.hack23.cia.model.external.riksdagen.votering.impl.VoteData,
5309075,,embeddedId,,5309074
7472076,118602,,com.hack23.cia.model.external.riksdagen.dokumentstatus.impl.DocumentAttachmentContainer,
11257124,,country,,11257123
8756448,1339012,,com.hack23.cia.model.external.riksdagen.dokumentstatus.impl.DocumentPersonReferenceData,
3229416,,embeddedId,,3229415
6687608,,embeddedId,,6687606
4439353,,embeddedId,,4439352
11645054,3014885,,com.hack23.cia.model.external.worldbank.data.impl.WorldBankData,
3634766,"""1,3F30B57E-2CE9-447B-BFD0-E7B7AC857CDA,0628190530410,SAKFRÅGAN""",,com.hack23.cia.model.external.riksdagen.votering.impl.VoteData,
194001,"""11,B4964284-B8BA-42E4-9389-777CBADA8E6E,0340854285007,SAKFRÅGAN""",,com.hack23.cia.model.external.riksdagen.votering.impl.VoteData,
6379876,"""7,DE7B19B0-C3AF-43A6-9266-43A405E9241C,0133767709317,SAKFRÅGAN""",,com.hack23.cia.model.external.riksdagen.votering.impl.VoteData,
11400823,,country,,11400822
11823591,3158640,,com.hack23.cia.model.external.riksdagen.documentcontent.impl.DocumentContentData,
256168,,embeddedId,,256166
232402,"""1,F4C86D18-6036-424A-A202-1B7E66B1A731,0204443909416,SAKFRÅGAN""",,com.hack23.cia.model.external.riksdagen.votering.impl.VoteData,
5019302,"""17,2BBF1F64-448A-4226-9D7A-A7789BB87E63,0801311569314,SAKFRÅGAN""",,com.hack23.cia.model.external.riksdagen.votering.impl.VoteData,
12420865,"""5,4BAFEEBF-3BD5-4F5F-8B2F-F3BE053596F3,0592345073323,SAKFRÅGAN""",,com.hack23.cia.model.external.riksdagen.votering.impl.VoteData,
8081708,697897,,com.hack23.cia.model.external.riksdagen.dokumentstatus.impl.DocumentDetailContainer,
1115755,,embeddedId,,1115754
9909681,,indicator,,9909680
1470918,"""4,3D0CB16F-CE17-46E7-9808-5455FF94B40E,0538387395826,SAKFRÅGAN""",,com.hack23.cia.model.external.riksdagen.votering.impl.VoteData,
1832335,"""7,DAC3A845-E47A-4CCF-A80F-76B96A9500A9,0111479807829,SAKFRÅGAN""",,com.hack23.cia.model.external.riksdagen.votering.impl.VoteData,
3900249,,embeddedId,,3900248
2733400,,embeddedId,,2733399
50404,,embeddedId,,50403
205520,"""2,834ABBEF-7A5F-4BC8-BACE-9E2435856CEF,0324815829026,SAKFRÅGAN""",,com.hack23.cia.model.external.riksdagen.votering.impl.VoteData,
283652,"""7,81EBAA51-3640-47AC-BC35-1F6072677E7C,0807866053922,SAKFRÅGAN""",,com.hack23.cia.model.external.riksdagen.votering.impl.VoteData,
5844418,"""7,F0996370-5AF9-43A8-8943-ED2651ED2F84,0792474127508,SAKFRÅGAN""",,com.hack23.cia.model.external.riksdagen.votering.impl.VoteData,
8813728,1393317,,com.hack23.cia.model.external.riksdagen.dokumentstatus.impl.DocumentReferenceData,
8690736,1276748,,com.hack23.cia.model.external.riksdagen.dokumentstatus.impl.DocumentAttachmentContainer,
12042125,3626,,com.hack23.cia.model.internal.application.data.ministry.impl.GovernmentBodyData,
11709399,3055129,,com.hack23.cia.model.external.worldbank.indicators.impl.IndicatorElement,
9702359,2237166,,com.hack23.cia.model.external.riksdagen.dokumentstatus.impl.DocumentActivityContainer,
4598132,"""1,155BB246-4F9B-475A-B682-F0118DB01EF4,0331791853028,SAKFRÅGAN""",,com.hack23.cia.model.external.riksdagen.votering.impl.VoteData,
5998515,,embeddedId,,5998514
7868501,495236,,com.hack23.cia.model.external.riksdagen.dokumentstatus.impl.DocumentActivityData,
6021831,"""10,48978023-A7BA-455A-A05E-52847C081543,0256743155204,SAKFRÅGAN""",,com.hack23.cia.model.external.riksdagen.votering.impl.VoteData,
447181,,embeddedId,,447180
5632007,,embeddedId,,5632006
11662011,3020612,,com.hack23.cia.model.external.worldbank.data.impl.WorldBankData,
12162047,,embeddedId,,12162046
6215488,"""1,406EB102-6071-432D-9AFA-A8925A4A1C73,02910042914,SAKFRÅGAN""",,com.hack23.cia.model.external.riksdagen.votering.impl.VoteData,
7087890,"""5,30F542B5-B7A7-4CA6-B686-4E8FDC0622F8,0910803550317,SAKFRÅGAN""",,com.hack23.cia.model.external.riksdagen.votering.impl.VoteData,
2065822,,embeddedId,,2065821
3117603,"""7,FF8C1021-A642-4FD1-8BF4-A4447FDB8D84,0788526088220,SAKFRÅGAN""",,com.hack23.cia.model.external.riksdagen.votering.impl.VoteData,
3352505,,embeddedId,,3352503
9248224,1806124,,com.hack23.cia.model.external.riksdagen.dokumentstatus.impl.DocumentAttachment,
4976193,,embeddedId,,4976191
11896891,3231360,,com.hack23.cia.model.external.riksdagen.dokumentstatus.impl.DocumentActivityData,
11081683,2823355,,com.hack23.cia.model.external.worldbank.data.impl.WorldBankData,
2444246,"""1,319974E5-9C0F-468A-9E5F-01094A2AAEFC,0499755198526,SAKFRÅGAN""",,com.hack23.cia.model.external.riksdagen.votering.impl.VoteData,
1169745,"""2,BF4FA99F-B58D-40FB-80C4-1D2F3CC5926B,0395042560705,SAKFRÅGAN""",,com.hack23.cia.model.external.riksdagen.votering.impl.VoteData,
7243296,"""gvd34c300b""",,com.hack23.cia.model.external.riksdagen.dokumentlista.impl.DocumentElement,
7959067,581407,,com.hack23.cia.model.external.riksdagen.dokumentstatus.impl.DocumentReferenceData,
64807,,embeddedId,,64806
3596677,"""8,4A33B220-8928-4626-91DB-57138F687D69,0499755198526,SAKFRÅGAN""",,com.hack23.cia.model.external.riksdagen.votering.impl.VoteData,
2953841,"""3,FBF7517C-5219-48B8-9995-1E7EE1C5FD78,0534173087404,SAKFRÅGAN""",,com.hack23.cia.model.external.riksdagen.votering.impl.VoteData,
2133601,"""3,FFB35F7E-A071-4850-AC6B-7B174A547E75,0880452278816,SAKFRÅGAN""",,com.hack23.cia.model.external.riksdagen.votering.impl.VoteData,
9527920,2071877,,com.hack23.cia.model.external.riksdagen.dokumentstatus.impl.DocumentAttachmentContainer,
12651010,1091231,,com.hack23.cia.model.internal.application.data.rules.impl.RuleViolation,
839823,,embeddedId,,839822
2161974,"""1,0D271F1B-5575-46D2-BA1C-E921C6DBF739,0154189076919,SAKFRÅGAN""",,com.hack23.cia.model.external.riksdagen.votering.impl.VoteData,
3565822,"""2,34D883D9-60B9-434F-8303-D3BA55EC7B93,0410640630411,SAKFRÅGAN""",,com.hack23.cia.model.external.riksdagen.votering.impl.VoteData,
11020987,,indicator,,11020986
7023663,"""9,F5D35E53-AD23-4847-8C29-36D62A680E75,0744993950910,SAKFRÅGAN""",,com.hack23.cia.model.external.riksdagen.votering.impl.VoteData,
11427307,,indicator,,11427306
3183079,,embeddedId,,3183077
11582338,,indicator,,11582337
4433187,"""21,5F109B78-A7EE-44B3-AE81-021CD4DA5028,0316177736318,SAKFRÅGAN""",,com.hack23.cia.model.external.riksdagen.votering.impl.VoteData,
3143176,,embeddedId,,3143175
9658179,2195294,,com.hack23.cia.model.external.riksdagen.dokumentstatus.impl.DocumentDetailData,
6832638,"""2,07C9CA07-953B-4CE6-ACA1-CE109F4D4743,0363721826713,SAKFRÅGAN""",,com.hack23.cia.model.external.riksdagen.votering.impl.VoteData,
12201288,"""26,26FFF3C0-B885-4919-BDBE-A4505A9EDE53,0607691439013,SAKFRÅGAN""",,com.hack23.cia.model.external.riksdagen.votering.impl.VoteData,
2013853,"""16,4C7F393F-9FDA-4CDE-810D-4A6228625350,0564126739422,SAKFRÅGAN""",,com.hack23.cia.model.external.riksdagen.votering.impl.VoteData,
506783,"""18,51EB85E8-41D1-417B-8CA9-8A7D92BE1693,0204240926023,SAKFRÅGAN""",,com.hack23.cia.model.external.riksdagen.votering.impl.VoteData,
1913289,"""1,5AC24A99-6122-44CB-AD4E-B949095ECF8D,0889860537413,SAKFRÅGAN""",,com.hack23.cia.model.external.riksdagen.votering.impl.VoteData,
2715717,"""4,895BC192-BFDE-4739-B924-4855A775BB1B,0126797549328,SAKFRÅGAN""",,com.hack23.cia.model.external.riksdagen.votering.impl.VoteData,
8568876,1161023,,com.hack23.cia.model.external.riksdagen.dokumentstatus.impl.DocumentReferenceData,
8895187,1470556,,com.hack23.cia.model.external.riksdagen.dokumentstatus.impl.DocumentDetailData,
6867722,,embeddedId,,6867721
987139,"""1,332A5907-3CBC-41D1-9A08-22825363DE47,0843345349823,SAKFRÅGAN""",,com.hack23.cia.model.external.riksdagen.votering.impl.VoteData,
1870245,"""1,47B36B64-DA6F-4C3C-BE17-B719968B2AD3,0226631365426,SAKFRÅGAN""",,com.hack23.cia.model.external.riksdagen.votering.impl.VoteData,
12838188,1171049,,com.hack23.cia.model.internal.application.data.rules.impl.RuleViolation,
7278276,"""gx10462""",,com.hack23.cia.model.external.riksdagen.dokumentlista.impl.DocumentElement,
12511177,1054000,,com.hack23.cia.model.internal.application.data.rules.impl.RuleViolation,
1169484,,embeddedId,,1169483
7727994,361686,,com.hack23.cia.model.external.riksdagen.documentcontent.impl.DocumentContentData,
10194277,2479084,,com.hack23.cia.model.external.worldbank.data.impl.WorldBankData,
6957568,"""4,085E9F7F-1299-4D0A-A9D7-44328040F1CF,0792733370419,SAKFRÅGAN""",,com.hack23.cia.model.external.riksdagen.votering.impl.VoteData,
12072161,,embeddedId,,12072160
3823717,,embeddedId,,3823716
6165140,"""6,70502CE6-BE84-4BAB-B6B9-1F904C6E6230,0766496753128,SAKFRÅGAN""",,com.hack23.cia.model.external.riksdagen.votering.impl.VoteData,
6115551,,embeddedId,,6115550
7825960,"""H3022281""",,com.hack23.cia.model.external.riksdagen.dokumentstatus.impl.DocumentData,
5542403,"""1,DD98A216-555C-11D7-AE73-0004755038EE,0792716417210,SAKFRÅGAN""",,com.hack23.cia.model.external.riksdagen.votering.impl.VoteData,
3077490,,embeddedId,,3077489
12450564,"""11,326C96B2-1B56-4F78-A488-BC9B59B1206A,037561614928,SAKFRÅGAN""",,com.hack23.cia.model.external.riksdagen.votering.impl.VoteData,
2621373,"""3,F1B86B47-A07B-4023-863C-CC2A67DED4E1,0460690753617,SAKFRÅGAN""",,com.hack23.cia.model.external.riksdagen.votering.impl.VoteData,
341760,,embeddedId,,341759
11228571,,indicator,,11228570
513559,,embeddedId,,513558
2200003,"""1,5E3750B7-93F9-4A49-9934-DDFBEF4D95B0,0475643059428,SAKFRÅGAN""",,com.hack23.cia.model.external.riksdagen.votering.impl.VoteData,
6434913,,embeddedId,,6434912
8630406,1219519,,com.hack23.cia.model.external.riksdagen.dokumentstatus.impl.DocumentDetailData,
8977191,1548475,,com.hack23.cia.model.external.riksdagen.dokumentstatus.impl.DocumentDetailData,
11867877,3202926,,com.hack23.cia.model.external.riksdagen.documentcontent.impl.DocumentContentData,
11315535,,country,,11315533
4931913,,embeddedId,,4931912
5950914,"""9,D40238BB-FFCF-473C-BD5B-07A02BD222B4,0397377293714,SAKFRÅGAN""",,com.hack23.cia.model.external.riksdagen.votering.impl.VoteData,
7094068,"""21,6FFCF2F3-C217-4E5C-998D-C2A07F25AC68,0338088431726,SAKFRÅGAN""",,com.hack23.cia.model.external.riksdagen.votering.impl.VoteData,
5917943,,embeddedId,,5917942
2002286,"""1,A9EFCCDB-745D-4F08-8652-32D803524925,0939158389321,SAKFRÅGAN""",,com.hack23.cia.model.external.riksdagen.votering.impl.VoteData,
1409788,,embeddedId,,1409787
11812003,3147052,,com.hack23.cia.model.external.riksdagen.documentcontent.impl.DocumentContentData,
2187790,,embeddedId,,2187789
6914205,,embeddedId,,6914204
11442949,,indicator,,11442947
10287254,,country,,10287252
7328757,"""h112404""",,com.hack23.cia.model.external.riksdagen.dokumentlista.impl.DocumentElement,
4199147,,embeddedId,,4199146
12144903,,embeddedId,,12144902
9025531,1594366,,com.hack23.cia.model.external.riksdagen.dokumentstatus.impl.DocumentAttachmentContainer,
6846516,"""3,21037EF5-59DE-11D7-AE78-0004755038EE,0500946976511,SAKFRÅGAN""",,com.hack23.cia.model.external.riksdagen.votering.impl.VoteData,
10736618,2701153,,com.hack23.cia.model.external.riksdagen.utskottsforslag.impl.AgainstProposalData,
11882247,3217180,,com.hack23.cia.model.external.riksdagen.dokumentstatus.impl.DocumentActivityData,
5286555,"""1,CFD60A1A-F5E4-4EE4-9315-B043E05988D5,0376353897112,SAKFRÅGAN""",,com.hack23.cia.model.external.riksdagen.votering.impl.VoteData,
9624575,2163460,,com.hack23.cia.model.external.riksdagen.dokumentstatus.impl.DocumentReferenceData,
5058591,,embeddedId,,5058590
1688042,"""13,77EFAAEE-DBDC-4A39-ACE6-FBFD27AA8E4E,0279360042003,SAKFRÅGAN""",,com.hack23.cia.model.external.riksdagen.votering.impl.VoteData,
4700753,,embeddedId,,4700751
7459111,106328,,com.hack23.cia.model.external.riksdagen.dokumentstatus.impl.DocumentAttachment,
10792375,,country,,10792374
7446732,94584,,com.hack23.cia.model.external.riksdagen.dokumentstatus.impl.DocumentDetailData,
11267884,,indicator,,11267882
10290011,2519982,,com.hack23.cia.model.external.worldbank.data.impl.WorldBankData,
10598803,,country,,10598802
2222748,"""2,A78892C7-B283-41D1-A16A-55CF90D4F129,0866055333028,SAKFRÅGAN""",,com.hack23.cia.model.external.riksdagen.votering.impl.VoteData,
475461,"""1,7ED1D9B4-3B71-47D1-ACDE-DAA1677BD550,023767922422,SAKFRÅGAN""",,com.hack23.cia.model.external.riksdagen.votering.impl.VoteData,
1218134,"""2,4FB31523-9E0C-4A02-940F-C621D44F572D,0522240580423,SAKFRÅGAN""",,com.hack23.cia.model.external.riksdagen.votering.impl.VoteData,
8592572,1183566,,com.hack23.cia.model.external.riksdagen.dokumentstatus.impl.DocumentActivityData,
787872,"""7,1A98ECDB-16CB-4242-BFAA-EB90F05AC08B,0365797008114,SAKFRÅGAN""",,com.hack23.cia.model.external.riksdagen.votering.impl.VoteData,
2565297,"""28,C1F04096-8E7A-435A-A24F-DA2DA6A5C163,0475092656901,SAKFRÅGAN""",,com.hack23.cia.model.external.riksdagen.votering.impl.VoteData,
1858825,,embeddedId,,1858823
4450980,"""1,9FD8DB60-5D6D-4D2A-9132-5655B72AE885,0879782396219,SAKFRÅGAN""",,com.hack23.cia.model.external.riksdagen.votering.impl.VoteData,
1308618,,embeddedId,,1308617
12417036,1040505,,com.hack23.cia.model.internal.application.data.rules.impl.RuleViolation,
1114975,,embeddedId,,1114974
3078827,"""1,16B4A1C4-6160-432A-946B-8CEBF917C709,0475778011711,SAKFRÅGAN""",,com.hack23.cia.model.external.riksdagen.votering.impl.VoteData,
12705963,1109269,,com.hack23.cia.model.internal.application.data.rules.impl.RuleViolation,
9014278,"""GT02T528""",,com.hack23.cia.model.external.riksdagen.dokumentstatus.impl.DocumentData,
5959718,"""7,53799107-7125-48E3-85CD-5D157FC885F6,0210198640127,SAKFRÅGAN""",,com.hack23.cia.model.external.riksdagen.votering.impl.VoteData,
6626725,,embeddedId,,6626723
1759991,"""1,30C08764-6515-4078-A7DC-550A415173DE,0963654118003,SAKFRÅGAN""",,com.hack23.cia.model.external.riksdagen.votering.impl.VoteData,
3230534,,embeddedId,,3230533
6861168,"""4,172606B2-A341-4221-AC0E-6D7F1308169C,0729710260118,SAKFRÅGAN""",,com.hack23.cia.model.external.riksdagen.votering.impl.VoteData,
3809796,,embeddedId,,3809795
10415411,,indicator,,10415410
6394203,,embeddedId,,6394202
7933966,557575,,com.hack23.cia.model.external.riksdagen.dokumentstatus.impl.DocumentProposalData,
7853346,480831,,com.hack23.cia.model.external.riksdagen.dokumentstatus.impl.DocumentAttachmentContainer,
379666,,embeddedId,,379665
9701699,2236561,,com.hack23.cia.model.external.riksdagen.dokumentstatus.impl.DocumentProposalContainer,
2862509,"""3,1048EBD0-A30D-44EC-9CBF-88E5083C2040,0455086201022,SAKFRÅGAN""",,com.hack23.cia.model.external.riksdagen.votering.impl.VoteData,
12559772,,embeddedId,,12559771
2648420,,embeddedId,,2648418
3259741,,embeddedId,,3259740
4786900,"""11,20CDC81F-6E8F-4E44-86C2-5150A93E14F1,0714307225418,SAKFRÅGAN""",,com.hack23.cia.model.external.riksdagen.votering.impl.VoteData,
5067186,,embeddedId,,5067185
10176894,,country,,10176893
12389322,,indicator,,12389320
492183,,embeddedId,,492182
10043466,,indicator,,10043462
8663296,1250723,,com.hack23.cia.model.external.riksdagen.dokumentstatus.impl.DocumentDetailData,
12827168,1160029,,com.hack23.cia.model.internal.application.data.rules.impl.RuleViolation,
6101365,,embeddedId,,6101362
7957983,580385,,com.hack23.cia.model.external.riksdagen.dokumentstatus.impl.DocumentActivityContainer,
2944403,"""6,B2B49433-0388-4656-AE74-127876D545DD,0110600080618,SAKFRÅGAN""",,com.hack23.cia.model.external.riksdagen.votering.impl.VoteData,
3571366,,embeddedId,,3571364
11031991,,indicator,,11031990
93167,,embeddedId,,93164
7214552,"""gta1aysj3sf""",,com.hack23.cia.model.external.riksdagen.dokumentlista.impl.DocumentElement,
1068665,"""10,8E114E1D-4B45-4A42-9CCF-3AE1D49AA062,0641486384014,SAKFRÅGAN""",,com.hack23.cia.model.external.riksdagen.votering.impl.VoteData,
4881206,,embeddedId,,4881204
2105136,"""4,55D02CA6-1543-4CB5-822E-D3A5B44B49D9,0575283695521,SAKFRÅGAN""",,com.hack23.cia.model.external.riksdagen.votering.impl.VoteData,
2453830,,embeddedId,,2453829
11927880,3261159,,com.hack23.cia.model.external.riksdagen.dokumentstatus.impl.DocumentPersonReferenceData,
12364519,1019270,,com.hack23.cia.model.internal.application.data.rules.impl.RuleViolation,
4374227,,embeddedId,,4374224
4200519,,embeddedId,,4200518
4006695,"""4,7F288B29-352C-457D-8BFD-653BDE7CB12A,0125056691517,SAKFRÅGAN""",,com.hack23.cia.model.external.riksdagen.votering.impl.VoteData,
4689376,"""2,767C4662-0E8B-4BE6-A81D-9C5DA53DD56E,0499755198526,SAKFRÅGAN""",,com.hack23.cia.model.external.riksdagen.votering.impl.VoteData,
11870229,3205278,,com.hack23.cia.model.external.riksdagen.documentcontent.impl.DocumentContentData,
7826453,455266,,com.hack23.cia.model.external.riksdagen.dokumentstatus.impl.DocumentProposalData,
6796279,,embeddedId,,6796278
4622291,,embeddedId,,4622290
2756337,"""10,1F1A1712-08E2-404F-8323-7EFDA6F56454,0537484650407,SAKFRÅGAN""",,com.hack23.cia.model.external.riksdagen.votering.impl.VoteData,
10127871,,country,,10127869
9637448,2175669,,com.hack23.cia.model.external.riksdagen.dokumentstatus.impl.DocumentProposalContainer,
10293581,2521247,,com.hack23.cia.model.external.riksdagen.utskottsforslag.impl.CommitteeProposalData,
12844589,1177450,,com.hack23.cia.model.internal.application.data.rules.impl.RuleViolation,
760533,"""17,2F35786A-4FEB-11D8-AE8C-006008D5D577,0534056896314,SAKFRÅGAN""",,com.hack23.cia.model.external.riksdagen.votering.impl.VoteData,
398863,"""3,904BD192-405A-456A-ADFE-02DCF4A4BC0B,069309987221,SAKFRÅGAN""",,com.hack23.cia.model.external.riksdagen.votering.impl.VoteData,
2856559,"""1,B8903182-5BBB-476B-B722-2287FAA117B3,0750518623913,SAKFRÅGAN""",,com.hack23.cia.model.external.riksdagen.votering.impl.VoteData,
2606680,,embeddedId,,2606679
1234313,"""2,3F857D39-1A47-4DED-85EE-55EB1E2B0A1F,0519542449425,SAKFRÅGAN""",,com.hack23.cia.model.external.riksdagen.votering.impl.VoteData,
7738096,371265,,com.hack23.cia.model.external.riksdagen.dokumentstatus.impl.DocumentDetailContainer,
10619372,,country,,10619370
8725958,1310099,,com.hack23.cia.model.external.riksdagen.dokumentstatus.impl.DocumentActivityData,
7487355,133035,,com.hack23.cia.model.external.riksdagen.dokumentstatus.impl.DocumentActivityData,
6496983,,embeddedId,,6496982
10451528,,country,,10451526
1568747,,embeddedId,,1568746
9505348,2050455,,com.hack23.cia.model.external.riksdagen.dokumentstatus.impl.DocumentActivityData,
6505982,"""3,2480B9D1-46DD-4530-8F81-1D4322742597,0718034011110,SAKFRÅGAN""",,com.hack23.cia.model.external.riksdagen.votering.impl.VoteData,
57059,,embeddedId,,57058
107900,"""4,652868C2-C3A6-467E-993F-C6013E666607,0499755198526,SAKFRÅGAN""",,com.hack23.cia.model.external.riksdagen.votering.impl.VoteData,
829761,,embeddedId,,829760
3907766,"""7,AD4EB39B-3BA0-45EB-A677-FDFC25E25D8D,0679228585116,SAKFRÅGAN""",,com.hack23.cia.model.external.riksdagen.votering.impl.VoteData,
11729026,3072877,,com.hack23.cia.model.external.riksdagen.documentcontent.impl.DocumentContentData,
11932770,3265803,,com.hack23.cia.model.external.riksdagen.dokumentstatus.impl.DocumentPersonReferenceContainer,
12141294,"""18,C9876EC1-3770-4CEC-9606-E5680A7D1F1A,0502174718806,SAKFRÅGAN""",,com.hack23.cia.model.external.riksdagen.votering.impl.VoteData,
12236292,,embeddedId,,12236291
12062940,3379967,,com.hack23.cia.model.internal.application.data.rules.impl.RuleViolation,
6382519,,embeddedId,,6382517
1948404,,embeddedId,,1948403
12208218,"""25,A0F12C18-3318-476D-9474-7FE57283F18B,0843345349823,SAKFRÅGAN""",,com.hack23.cia.model.external.riksdagen.votering.impl.VoteData,
664977,"""5,E8F6B8A8-F9FD-4BA0-96D0-74A14689AE6D,0652497579621,SAKFRÅGAN""",,com.hack23.cia.model.external.riksdagen.votering.impl.VoteData,
7537563,180645,,com.hack23.cia.model.external.riksdagen.dokumentstatus.impl.DocumentPersonReferenceContainer,
3206020,"""1,4ADE29D8-BACF-40BF-B548-95F0AD07524C,0810201628512,SAKFRÅGAN""",,com.hack23.cia.model.external.riksdagen.votering.impl.VoteData,
4854525,,embeddedId,,4854524
956979,"""2,DFC0239E-356A-4FD1-A24B-4A994100A20F,0592345073323,SAKFRÅGAN""",,com.hack23.cia.model.external.riksdagen.votering.impl.VoteData,
5034674,"""3,E84B5256-68F6-4466-B918-9404C33CE437,0787533297400,SAKFRÅGAN""",,com.hack23.cia.model.external.riksdagen.votering.impl.VoteData,
11464529,,indicator,,11464527
2697320,,embeddedId,,2697319
2780884,"""4,A36CB53C-9434-48E1-843A-5AD2618031B5,0737666060225,SAKFRÅGAN""",,com.hack23.cia.model.external.riksdagen.votering.impl.VoteData,
5298069,"""2,9649E0B9-4122-4C54-907C-B17C28FF84B6,0500946976511,SAKFRÅGAN""",,com.hack23.cia.model.external.riksdagen.votering.impl.VoteData,
1536004,"""20,0A04C0BE-70F3-4207-9941-DB9AFB7968DE,0521260619925,SAKFRÅGAN""",,com.hack23.cia.model.external.riksdagen.votering.impl.VoteData,
6563558,"""1,9B8EB672-2E9E-4A98-A3CF-3610907C23EA,0540190357911,MOTIVFRÅGAN""",,com.hack23.cia.model.external.riksdagen.votering.impl.VoteData,
4942179,,embeddedId,,4942178
10397120,,country,,10397119
12459836,"""4,369761C6-92E1-45DB-932D-A2CF30774DFF,0964730940415,SAKFRÅGAN""",,com.hack23.cia.model.external.riksdagen.votering.impl.VoteData,
12451083,,embeddedId,,12451082
9594399,2134807,,com.hack23.cia.model.external.riksdagen.dokumentstatus.impl.DocumentProposalContainer,
4516362,"""1,F5F3369E-2C9C-4DF6-A09F-E546E6E4C43F,0488357052317,SAKFRÅGAN""",,com.hack23.cia.model.external.riksdagen.votering.impl.VoteData,
10189468,,country,,10189466
8133731,747296,,com.hack23.cia.model.external.worldbank.indicators.impl.IndicatorElement,
8624905,1214311,,com.hack23.cia.model.external.riksdagen.dokumentstatus.impl.DocumentDetailData,
8164815,776772,,com.hack23.cia.model.external.riksdagen.dokumentstatus.impl.DocumentDetailData,
9011511,1581097,,com.hack23.cia.model.external.riksdagen.dokumentstatus.impl.DocumentPersonReferenceData,
2602240,,embeddedId,,2602239
7334745,"""h4a3juu8""",,com.hack23.cia.model.external.riksdagen.dokumentlista.impl.DocumentElement,
4597354,,embeddedId,,4597353
9958726,,country,,9958724
716568,"""5,B423B5B2-3DBC-4DD8-AB78-286831EF555D,0235974887200,SAKFRÅGAN""",,com.hack23.cia.model.external.riksdagen.votering.impl.VoteData,
1212107,,embeddedId,,1212106
7386700,"""h90k433""",,com.hack23.cia.model.external.riksdagen.dokumentlista.impl.DocumentElement,
8753390,1336097,,com.hack23.cia.model.external.riksdagen.dokumentstatus.impl.DocumentProposalContainer,
6068402,"""5,10919399-7966-11D7-AEC8-0004755038E0,0264838147315,SAKFRÅGAN""",,com.hack23.cia.model.external.riksdagen.votering.impl.VoteData,
6193725,,embeddedId,,6193724
9774503,,country,,9774501
6802258,,embeddedId,,6802257
5230714,,embeddedId,,5230713
9834052,,indicator,,9834050
1438014,,embeddedId,,1438012
7361586,"""h5022334""",,com.hack23.cia.model.external.riksdagen.dokumentlista.impl.DocumentElement,
10298959,,country,,10298958
10976900,,country,,10976898
12463570,"""5,08540A47-4DF9-4D3D-8AEB-0FEA034EFBC4,084624777218,SAKFRÅGAN""",,com.hack23.cia.model.external.riksdagen.votering.impl.VoteData,
6965433,,embeddedId,,6965428
5786378,"""4,72A9210F-2570-4EC2-BE4A-4B28700FBF26,0210444373111,SAKFRÅGAN""",,com.hack23.cia.model.external.riksdagen.votering.impl.VoteData,
11345622,,indicator,,11345621
337957,"""12,E3B7BF00-45CA-11D9-AE51-000475505133,0802373156815,SAKFRÅGAN""",,com.hack23.cia.model.external.riksdagen.votering.impl.VoteData,
5227039,,embeddedId,,5227037
921119,"""2,A411C2FE-5225-437B-AAE0-18E8977E85C1,0467253407311,SAKFRÅGAN""",,com.hack23.cia.model.external.riksdagen.votering.impl.VoteData,
7449998,97721,,com.hack23.cia.model.external.riksdagen.dokumentstatus.impl.DocumentReferenceData,
8790356,1371169,,com.hack23.cia.model.external.riksdagen.dokumentstatus.impl.DocumentActivityData,
889714,,embeddedId,,889712
8499617,1095141,,com.hack23.cia.model.external.riksdagen.dokumentstatus.impl.DocumentActivityData,
8473214,1070066,,com.hack23.cia.model.external.riksdagen.documentcontent.impl.DocumentContentData,
1337409,,embeddedId,,1337408
3929453,,embeddedId,,3929452
10685890,,country,,10685889
10359458,,indicator,,10359456
12329982,"""6,38B01878-EA2C-4CE2-9D4C-FE07E32FB7F3,043972220518,SAKFRÅGAN""",,com.hack23.cia.model.external.riksdagen.votering.impl.VoteData,
2218446,,embeddedId,,2218445
3425217,"""3,2BA5599A-208D-4069-8831-0BF0E13DEABF,055824190225,SAKFRÅGAN""",,com.hack23.cia.model.external.riksdagen.votering.impl.VoteData,
573215,"""8,EDFFA3F9-C713-4605-924B-BBB4D9D04051,0252067342313,SAKFRÅGAN""",,com.hack23.cia.model.external.riksdagen.votering.impl.VoteData,
8143019,756087,,com.hack23.cia.model.external.riksdagen.dokumentstatus.impl.DocumentStatusContainer,
7527481,"""H002C383""",,com.hack23.cia.model.external.riksdagen.dokumentstatus.impl.DocumentData,
9699350,2234321,,com.hack23.cia.model.external.riksdagen.dokumentstatus.impl.DocumentDetailContainer,
2330588,,embeddedId,,2330587
5527999,,embeddedId,,5527998
10419511,,country,,10419509
1253662,"""2,6CFBC099-2057-4D21-AF2D-8FCB66E7E69D,088172351225,SAKFRÅGAN""",,com.hack23.cia.model.external.riksdagen.votering.impl.VoteData,
6310110,,embeddedId,,6310109
11899449,3233841,,com.hack23.cia.model.external.riksdagen.dokumentstatus.impl.DocumentPersonReferenceData,
10933418,,country,,10933416
6016217,,embeddedId,,6016216
905361,"""3,BA451ABA-0F71-4FFB-80ED-5EDE0115A05F,0116084827614,SAKFRÅGAN""",,com.hack23.cia.model.external.riksdagen.votering.impl.VoteData,
9609524,2149135,,com.hack23.cia.model.external.riksdagen.dokumentstatus.impl.DocumentProposalContainer,
4596653,,embeddedId,,4596652
8333028,936643,,com.hack23.cia.model.external.riksdagen.dokumentstatus.impl.DocumentReferenceData,
10328474,,country,,10328472
4009834,,embeddedId,,4009832
6136369,"""7,7150F631-DA16-4F7B-8A04-765E390BBB50,0344222203323,SAKFRÅGAN""",,com.hack23.cia.model.external.riksdagen.votering.impl.VoteData,
5549942,,embeddedId,,5549941
7542905,185722,,com.hack23.cia.model.external.riksdagen.dokumentstatus.impl.DocumentDetailData,
