hjid,code,detail_name,text,document_detail_list_documen_0
1502699,inlamnatav,Inlämnat av,Näringsdepartementet,1502698
624866,motkat,Motionskategori,Fristående motion,624865
363021,tilldelat,Tilldelat,Socialförsäkringsutskottet,363018
394779,beslutdatumtid,Datum och tid för beslutet,2021-05-05 00:00:00,394778
1681286,beslutssammanfattningusk,Utskottets förslag till beslut,Bifall till propositionen.,1681285
952715,tilldelat,Tilldelat,Finansutskottet,952712
547950,motkat,Motionskategori,Fristående motion,547949
208598,motkat,Motionskategori,Fristående motion,208597
1335158,tilldelat,Tilldelat,Miljö- och jordbruksutskottet,1335155
746744,statustext,statustext,Ärendet är avslutat,746742
975288,tilldelat,Tilldelat,Socialutskottet,975285
1103754,statustext,statustext,Ärendet är avslutat,1103752
670274,tilldelat,Tilldelat,Miljö- och jordbruksutskottet,670271
2223676,motkat,Motionskategori,Fristående motion,2223675
890580,utsknotis,Utskottets förslag till beslut,"<p>Riksbanken vill att regeringen tillsätter en eller flera utredningar för att se över det svenska finansiella regelverket. Detta med anledning av finanskrisen. Tidigt i våras meddelade regeringen att den tänker tillsätta en finanskriskommission.</p><p>Finansutskotter menar att Riksbankens olika utredningsförslag bör kunna tas om hand i finanskriskommissionen eller i andra former av utredningar. Utskottet föreslår därför att regeringen får i uppdrag att se till att det blir så. Detta gäller inte Riksbankens förslag om en modernisering av riksbankslagen. Utskottet vill avvakta med en sådan översyn till dess att de andra utredningarna är klara. En framtida översyn av riksbankslagen bör vara parlamentarisk till sin karaktär och tillsättas av riksdagsstyrelsen, konstaterar utskottet.</p>",890574
976757,debattdatumtid,Datum och tid för debatten,2016-05-18 00:00:00,976754
1242324,tilldelat,Tilldelat,Justitieutskottet,1242321
1188852,motkat,Motionskategori,Fristående motion,1188851
810329,tilldelat,Tilldelat,Socialutskottet,810326
408330,motkat,Motionskategori,Fristående motion,408329
3266917,beslutssammanfattningusk,Utskottets förslag till beslut,Avslag på motionerna.,3266916
1664794,tilldelat,Tilldelat,Kulturutskottet,1664791
443459,statustext,statustext,Ärendet är avslutat,443457
795141,tilldelat,Tilldelat,Näringsutskottet,795138
85283,debattdatumtid,Datum och tid för debatten,2022-05-04 00:00:00,85279
400343,statustext,statustext,Ärendet är avslutat,400338
265630,statustext,statustext,Ärendet är avslutat,265628
322109,inlamnatav,Inlämnat av,Miljödepartementet,322108
1679566,tilldelat,Tilldelat,Konstitutionsutskottet,1679563
1778063,statustext,statustext,Ärendet är avslutat,1778061
2019292,motkat,Motionskategori,Fristående motion,2019291
1757517,rdbeslut,Riksdagens beslut,Kammaren beslöt bifalla utskottets förslag.,1757513
1157290,tilldelat,Tilldelat,Trafikutskottet,1157287
721605,tilldelat,Tilldelat,Civilutskottet,721602
1461978,tilldelat,Tilldelat,Trafikutskottet,1461975
256240,statustext,statustext,Ärendet är avslutat,256236
1374303,tilldelat,Tilldelat,Socialutskottet,1374300
828998,tilldelat,Tilldelat,Arbetsmarknadsutskottet,828995
1761242,statustext,statustext,Ärendet är avslutat,1761240
529627,tilldelat,Tilldelat,Trafikutskottet,529621
509010,utsknotisrubrik,Utskottets förslag,Åtgärder för ett sunt och säkert spelande (KrU7),509000
1312132,motkat,Motionskategori,Fristående motion,1312131
1093649,motkat,Motionskategori,Fristående motion,1093648
1666304,tilldelat,Tilldelat,Trafikutskottet,1666301
793733,tilldelat,Tilldelat,Utbildningsutskottet,793730
760797,motkat,Motionskategori,Fristående motion,760796
857404,rdbeslut,Riksdagens beslut,Kammaren biföll utskottets förslag.,857400
1498429,motkat,Motionskategori,Följdmotion,1498427
1294121,motkat,Motionskategori,Fristående motion,1294120
916544,motkat,Motionskategori,Fristående motion,916543
288524,motkat,Motionskategori,Fristående motion,288523
1376654,tilldelat,Tilldelat,Justitieutskottet,1376651
3269663,notis,Beslut i korthet,"Riksdagen godkände ett utkast till rambeslut för skydd av personuppgifter inom EU. Rambeslutet utgör ett komplement till andra instrument om informationsutbyte inom ramen för polisiärt och straffrättsligt samarbete och innehåller bl.a.bestämmelser om behandling av personuppgifter, behandling av känsliga personuppgifter, rättelse och raderingsamt hur den som registreras ska informeras. I stora delar motsvarar utkastet innehållet i den svenska personuppgiftslagen. ",3269661
1610493,motkat,Motionskategori,Följdmotion,1610491
532148,motkat,Motionskategori,Fristående motion,532146
1415898,motkat,Motionskategori,Fristående motion,1415897
2002509,notisrubrik,Beslut,Svårare att missbruka reglerna för arbetskraftsinvandring (SfU19),2002506
3238706,motkat,Motionskategori,Fristående motion,3238705
2243855,motkat,Motionskategori,Följdmotion,2243853
782537,statustext,statustext,Ärendet är avslutat,782535
1252279,statustext,statustext,Ärendet är avslutat,1252277
2176029,tilldelat,Tilldelat,Socialförsäkringsutskottet,2176026
435063,beslutdatumtid,Datum och tid för beslutet,2022-01-19 00:00:00,435061
2195730,motgrund,Motionsgrund,Proposition 2004/05:9,2195729
412641,statustext,statustext,Ärendet är avslutat,412639
344600,statustext,statustext,Ärendet är avslutat,344598
237776,utsknotisrubrik,Utskottets förslag,Försöksverksamheten vid medborgarkontor förlängs (KU30),237764
323887,notisrubrik,Beslut,Cirka 77 miljarder till kommunikationer (TU1),323882
435169,utsknotis,Utskottets förslag till beslut,"                           <p>Regler om vilken domare som ska vara ordförande i en rättegång regleras i lag. Regleringen gäller när flera domare deltar i samma rättegång. Dessa regler är en praxis som används i domstolarna redan i dag, men för att skapa ökad tydlighet regleras alltså nu detta i lag.</p>
<p>Om flera domare deltar i samma mål måste alltid en av dem vara ordförande. Med ordförandeskapet följer vissa befogenheter såsom till exempel att hålla ordning i rätten och besluta om yngre åhörare ska nekas tillträde till en rättegång. Enligt de nya lagändringarna ska den domare som har den högsta befattningen bli ordförande. Om det finns fler som har samma befattning blir det den som är äldst i tjänst som blir ordförande. Dessutom kan även pensionerade domare bli ordförande i bland annat tingsrätten och förvaltningsrätten om det finns särskilda skäl.</p>
<p>Innan en dom beslutas ska rätten hålla överläggning. Om det finns olika uppfattningar vid överläggningen ska omröstning ske. Enligt lagen finns det vissa turordningar kring vem av domarna som ska yttra sig först och sist, beroende på vem som är äldst i tjänst och vem som har högst befattning. Det tydliggörs nu i lagen att det alltid är ordföranden som ska säga sin mening sist och att hen har utslagsrösten vid jämna omröstningar.</p>
<p>Justitieutskottet förslår att riksdagen säger ja till regeringens förslag. Lagändringarna föreslås börja gälla den 1 juli 2018.</p>
                                            ",435161
1396447,statustext,statustext,Ärendet är avslutat,1396445
2117592,tilldelat,Tilldelat,Näringsutskottet,2117586
1997198,motkat,Motionskategori,Fristående motion,1997197
493136,tilldelat,Tilldelat,Socialförsäkringsutskottet,493133
970311,tilldelat,Tilldelat,Civilutskottet,970308
546384,notisrubrik,Beslut,Skrivelse om att förebygga ohälsa och självmord har behandlats (SoU7),546378
208976,rdbeslut,Riksdagens beslut,Anmälan läggs till handlingarna,208972
1811486,tilldelat,Tilldelat,Trafikutskottet,1811483
1131991,statustext,statustext,Ärendet är avslutat,1131989
959742,utsknotis,Utskottets förslag till beslut,"<p>Utbildningsutskottet föreslår att riksdagen säger ja till regeringens förslag om att införa en tioårig grundskola. Förslaget innebär att förskoleklassen ersätts med en ny första årskurs i skolan. Den nya årskurs 1 blir en del av grundskolan som därmed förlängs med ett år, och årskurs 10 blir den avslutande årskursen. </p>
<p>Även skolformerna den anpassade grundskolan, specialskolan och sameskolan ska utökas med en ny första årskurs. Detta innebär att den anpassade grundskolan blir tioårig, specialskolan elvaårig och sameskolan sjuårig. Den nya första årskursen ska anpassas efter elevernas ålder, men i övrigt ska gällande regelverk gällande ämnen och kursplaner för de olika skolformerna följas. </p>
<p>Förslaget innebär bland annat att eleverna får en mer sammanhållen och likvärdig skolgång när de går i endast en skolform i stället för två. I dag är förskoleklassen en egen skolform som inte ingår i grundskolan.</p>
<p>Förslaget innebär förändringar i skollagen men även i flera andra lagar. Ändringarna i skollagen föreslås börja gälla den 1 juli 2026 och tillämpas första gången i fråga om utbildning och annan verksamhet som bedrivs efter den 30 juni 2028. Övriga lagändringar föreslås börja gälla den 1 juli 2028.</p>",959733
1161507,motkat,Motionskategori,Fristående motion,1161506
709395,statustext,statustext,Ärendet är avslutat,709393
365329,statustext,statustext,Ärendet är avslutat,365327
409050,motkat,Motionskategori,Fristående motion,409049
1320887,statustext,statustext,Ärendet är avslutat,1320885
330761,motkat,Motionskategori,Fristående motion,330760
1684687,motkat,Motionskategori,Fristående motion,1684686
1302366,tilldelat,Tilldelat,Miljö- och jordbruksutskottet,1302363
1761752,motgrund,Motionsgrund,Proposition 2003/04:42,1761751
646526,motkat,Motionskategori,Fristående motion,646525
1583142,notis,Beslut i korthet,"Riksdagen har beslutat att det ska bli lättare för läkare att anmäla olämpliga körkortsinnehavare till Transportstyrelsen. I stället för att enbart anmäla förare som är ""uppenbart olämpliga"" ska läkare i fortsättning kunna anmäla förare som är ""olämpliga"". Anmälningen resulterar i en utredning av körkortsinnehavarens lämplighet som förare. Samtidigt slopas kravet på att introduktionsutbildning vid privat övningskörning måste genomföras av körkortsaspiranten och handledaren samtidigt. Ändringarna börjar gälla den 1 september 2010. För att komma i kapp med den tekniska utvecklingen behöver definition av begreppet cykel också breddas. Små eldrivna fordon, exempelvis tvåhjulingen ""Segway"", som inte kan överstiga 20 km/tim ska nu kunna betraktas som cyklar. När fordonet framförs i högre hastighet än gångfart ska förarna därför följa de regler som gäller för cyklande. Eftersom frågan även kommer att behandlas på EU-nivå har riksdagen beslutat att lagen om vägtrafikdefinitioner ändras den dag regeringen bestämmer. ",1583140
1164229,statustext,statustext,Ärendet är avslutat,1164224
979852,statustext,statustext,Ärendet är avslutat,979850
3221197,tilldelat,Tilldelat,Miljö- och jordbruksutskottet,3221194
1249621,tilldelat,Tilldelat,Utbildningsutskottet,1249618
659592,statustext,statustext,Ärendet är avslutat,659590
3356940,statustext,statustext,Ärendet är avslutat,3356938
1585014,rdbeslut,Riksdagens beslut,Kammaren biföll utskottets förslag,1585010
682974,beslutssammanfattningusk,Utskottets förslag till beslut,Skrivelsen läggs till handlingarna. Avslag på samtliga motioner.,682973
986146,statustext,statustext,Ärendet är avslutat,986144
508204,statustext,statustext,Ärendet är avslutat,508201
1413649,tilldelat,Tilldelat,Kulturutskottet,1413646
2216523,notisrubrik,Beslut,En ny rovdjursförvaltning (MJU8),2216520
1514611,motkat,Motionskategori,Fristående motion,1514610
1062825,motkat,Motionskategori,Fristående motion,1062824
1238952,tilldelat,Tilldelat,Finansutskottet,1238946
2122091,statustext,statustext,Ärendet är avslutat,2122089
1808163,motkat,Motionskategori,Följdmotion,1808161
1572552,statustext,statustext,Ärendet är avslutat,1572550
1744326,statustext,statustext,Ärendet är avslutat,1744324
1690816,tilldelat,Tilldelat,Arbetsmarknadsutskottet,1690809
600002,motkat,Motionskategori,Fristående motion,600001
931702,tilldelat,Tilldelat,Socialutskottet,931699
1824481,motkat,Motionskategori,Fristående motion,1824480
425001,statustext,statustext,Ärendet är avslutat,424999
708199,statustext,statustext,Ärendet är avslutat,708196
687008,statustext,statustext,Ärendet är avslutat,687006
1859156,motkat,Motionskategori,Fristående motion,1859155
1605805,motkat,Motionskategori,Fristående motion,1605804
1181395,tilldelat,Tilldelat,Utbildningsutskottet,1181392
627049,statustext,statustext,Ärendet är avslutat,627047
1020733,motkat,Motionskategori,Fristående motion,1020732
1200242,statustext,statustext,Ärendet är avslutat,1200240
1688917,statustext,statustext,Ärendet är avslutat,1688915
1824814,tilldelat,Tilldelat,Konstitutionsutskottet,1824810
790681,motkat,Motionskategori,Fristående motion,790680
1497573,utsknotisrubrik,Utskottets förslag,Försvarsmaktens organisation i fred (FöU10),1497566
374714,motkat,Motionskategori,Fristående motion,374713
396261,statustext,statustext,Ärendet är avslutat,396259
2186836,tilldelat,Tilldelat,Utbildningsutskottet,2186833
2241232,tilldelat,Tilldelat,Socialutskottet,2241228
318818,beslutssammanfattningusk,Utskottets förslag till beslut,"Bifall till propositionen.
Avslag på motionerna.",318816
1735763,beslutdatumtid,Datum och tid för beslutet,2018-05-30 00:00:00,1735762
3322810,tilldelat,Tilldelat,Trafikutskottet,3322807
509638,statustext,statustext,Ärendet är avslutat,509636
1978948,statustext,statustext,Ärendet är avslutat,1978946
1729452,beslutssammanfattningusk,Utskottets förslag till beslut,Bifall till proposition,1729450
3335878,statustext,statustext,Skrivelsen är avslutad,3335876
1308574,tilldelat,Tilldelat,Kulturutskottet,1308571
1082164,tilldelat,Tilldelat,Socialförsäkringsutskottet,1082161
1371144,utsknotis,Utskottets förslag till beslut,<p>Finansutskottet föreslår att riksdagen godkänner regeringens förslag till förbättringar av förutsättningarna för att i Sverige genomföra s.k. värdepapperisering. Värdepapperisering är ett förfarande som innebär att relativt homogena tillgångar med förutsägbara betalningsflöden omvandlas till obligationer eller andra lätt omsättningsbara värdepapper. Termen syftar - i den mening som här används - på en verksamhet där fordringar säljs till en juridisk person som enbart äger fordringarna och emitterar obligationer för sin finansiering. Lagändringarna föreslås träda i kraft den 1 juni 2001.</p>,1371138
907722,tilldelat,Tilldelat,Miljö- och jordbruksutskottet,907719
487326,tilldelat,Tilldelat,Socialförsäkringsutskottet,487323
1256925,notis,Beslut i korthet,"                           <p>Riksdagen riktade åtta uppmaningar, tillkännagivanden, till regeringen om vapenfrågor:</p>
<ul>
<li>Vapensmuggling bör få en egen brottsrubricering.</li>
<li>Prövningen av vapenlicensfrågor bör flyttas från Polismyndigheten till en ny tillståndsmyndighet. En utredning bör se över denna fråga.</li>
<li>Regeringen bör arbeta för att förkorta handläggningstiderna för ärenden om vapenlicens.</li>
<li>En generell översyn av vapenlagstiftningen bör genomföras.</li>
<li>Regeringen ska se till att genomförandet av 2017 års ändringsdirektiv (EU:s vapendirektiv), inte går längre än vad direktivet kräver när det införs i den svenska lagstiftningen.</li>
<li>Det bör övervägas att slopa kravet på förnyade nya licenser vart femte år för innehav av helautomatiska vapen och enhandsvapen.</li>
<li>Begreppet synnerliga skäl i vapenlagen behöver förtydligas.</li>
<li>Licenshanteringen vid vapenbyte borde förenklas.</li>
</ul>
<p>Riksdagens tillkännagivanden gjordes i samband med att riksdagen behandlade cirka 50 förslag i motioner från den allmänna motionstiden 2019. Riksdagen sa nej till förslagen i övriga motioner, bland annat med hänvisning till att utrednings- och beredningsarbete pågår.</p>
                                            ",1256921
1481525,motkat,Motionskategori,Fristående motion,1481524
111879,motkat,Motionskategori,Fristående motion,111878
842541,statustext,statustext,Ärendet är avslutat,842539
1215865,tilldelat,Tilldelat,Justitieutskottet,1215862
1163504,motkat,Motionskategori,Fristående motion,1163503
1572076,statustext,statustext,Ärendet är avslutat,1572074
1558980,motkat,Motionskategori,Fristående motion,1558979
432837,motkat,Motionskategori,Fristående motion,432836
761284,statustext,statustext,Ärendet är avslutat,761282
1962300,statustext,statustext,Ärendet är avslutat,1962298
2115382,tilldelat,Tilldelat,Näringsutskottet,2115378
1895820,tilldelat,Tilldelat,Trafikutskottet,1895817
2036866,tilldelat,Tilldelat,Socialutskottet,2036863
1434594,motkat,Motionskategori,Fristående motion,1434593
254730,statustext,statustext,Ärendet är avslutat,254728
1340808,tilldelat,Tilldelat,Justitieutskottet,1340805
974248,beslutssammanfattningusk,Utskottets förslag till beslut,Bifall till propositionen. Skrivelsen läggs till handlingarna.,974247
1877248,motkat,Motionskategori,Fristående motion,1877247
2154936,tilldelat,Tilldelat,Skatteutskottet,2154933
305849,rdbeslut,Riksdagens beslut,Kammaren har bifallit utskottets förslag.,305845
1756450,motkat,Motionskategori,Fristående motion,1756449
1554730,tilldelat,Tilldelat,Konstitutionsutskottet,1554727
1416897,statustext,statustext,Ärendet är avslutat,1416895
726028,tilldelat,Tilldelat,Civilutskottet,726025
1055508,statustext,statustext,Ärendet är avslutat,1055506
378617,inlamnatav,Inlämnat av,Finansdepartementet,378616
956324,statustext,statustext,Ärendet är avslutat,956322
524852,utsknotis,Utskottets förslag till beslut,"<p>Justitieutskottet har behandlat en skrivelse från regeringen som tar upp Riksrevisionens rapport om återfall i brott samt motioner från bland annat den allmänna motionstiden 2015 om kriminalvårdens återfallsförebyggande arbete.</p>
<p>Regeringen har utifrån Riksrevisionens granskning tagit initiativ till åtgärder som ska bidra till att minska antalet återfall i brott. Bland annat ska samverkan mellan berörda aktörer utvecklas så att klienter inom kriminalvården tidigt kan få det stöd som de är i behov av.</p>
<p>Justitieutskottet instämmer i regeringens bedömning av rapporten och förslår att riksdagen lägger skrivelsen till handlingarna, det vill säga avslutar ärendet.</p>
<p>Justitieutskottet föreslår att riksdagen säger nej till motionerna, bland annat med hänvisning till pågående arbete inom området.</p>",524846
3278490,motkat,Motionskategori,Fristående motion,3278489
73501,rdbeslut,Riksdagens beslut,Kammaren biföll utskottets förslag.,73494
1687962,tilldelat,Tilldelat,Trafikutskottet,1687959
1585136,statustext,statustext,Ärendet är avslutat,1585134
1121038,statustext,statustext,Motionen bereds i utskott,1121036
546165,statustext,statustext,Ärendet är avslutat,546157
1728717,utsknotisrubrik,Utskottets förslag,Riksbankens Jubileumsfonds verksamhet 2021 har granskats (UbU34),1728707
658528,beslutdatumtid,Datum och tid för beslutet,2021-04-28 00:00:00,658527
1585068,tilldelat,Tilldelat,Trafikutskottet,1585065
1900186,tilldelat,Tilldelat,Miljö- och jordbruksutskottet,1900183
254184,tilldelat,Tilldelat,Justitieutskottet,254181
1389218,statustext,statustext,Ärendet är avslutat,1389216
2159698,tilldelat,Tilldelat,Civilutskottet,2159695
1764496,tilldelat,Tilldelat,Trafikutskottet,1764493
1869284,motkat,Motionskategori,Fristående motion,1869282
935559,motkat,Motionskategori,Fristående motion,935558
161403,motkat,Motionskategori,Fristående motion,161402
1272728,statustext,statustext,Ärendet är avslutat,1272726
3304444,beslutssammanfattningusk,Utskottets förslag till beslut,Bifall till ett motionsyrkande samt delvis bifall till ett annat om ogrundade ansökningar om betalningsförelägganden. Avslag på övriga motionsyrkanden.,3304443
386783,tilldelat,Tilldelat,Kulturutskottet,386780
845107,motgrund,Motionsgrund,Proposition 2001/02:20,845106
299448,statustext,statustext,Ärendet är avslutat,299446
495857,tilldelat,Tilldelat,Finansutskottet,495854
294982,statustext,statustext,Ärendet är avslutat,294980
1838197,statustext,statustext,Ärendet är avslutat,1838190
1720524,motkat,Motionskategori,Fristående motion,1720523
389652,beslutssammanfattningusk,Utskottets förslag till beslut,Delvis bifall till proposition 2005/06:200 och delvis bifall till proposition 2005/06:124 i denna del. Avslag på motionerna.,389651
302326,statustext,statustext,Ärendet är avslutat,302324
1523329,utsknotis,Utskottets förslag till beslut,"<p>En del screening inom hälso- och sjukvården bör bli gratis. Socialutskottet föreslår att riksdagen säger ja till regeringens förslag.</p>
<p>Enligt regeringsförslaget ska det vara regeringen som bestämmer vilken typ av screening som ska göras avgiftsfri. Enligt regeringen ska denna reform gälla screening för bröstcancer med mammografi. En del landsting har redan infört avgiftsfri mammografi, men regeringen vill alltså att alla landsting ska erbjuda avgiftsfri screening.</p>
<p>Bröstcancer är den vanligaste cancerformen bland kvinnor och därför är det den cancerform som prioriteras i första hand av regeringen. Syftet med avgiftsfriheten är att öka deltagandet i strukturerade mammografiundersökningar. Särskilt angeläget är det för kvinnor i socioekonomiskt utsatta grupper.</p>
<p>Enligt regeringsförslaget är det också regeringen som ska bestämma vilka villkor som ska gälla för screeningen. Regeringen kan också välja att delegera det beslutet till en myndighet.</p>
<p>Förändringarna föreslås börja gälla den 1 juli 2016.</p>",1523321
3328176,motkat,Motionskategori,Följdmotion,3328174
1552507,motkat,Motionskategori,Fristående motion,1552506
88667,motkat,Motionskategori,Följdmotion,88665
255795,statustext,statustext,Ärendet är avslutat,255793
764595,motkat,Motionskategori,Fristående motion,764594
2010896,motkat,Motionskategori,Fristående motion,2010895
3249882,debattdatumtid,Datum och tid för debatten,2020-03-18 00:00:00,3249879
1729631,motkat,Motionskategori,Fristående motion,1729630
1351778,tilldelat,Tilldelat,Trafikutskottet,1351775
3337048,inlamnatav,Inlämnat av,Utrikesdepartementet,3337047
2045365,tilldelat,Tilldelat,Skatteutskottet,2045359
983200,tilldelat,Tilldelat,Trafikutskottet,983197
3117445,motkat,Motionskategori,Fristående motion,3117444
1382115,tilldelat,Tilldelat,Socialutskottet,1382112
656917,tilldelat,Tilldelat,Näringsutskottet,656914
1511349,tilldelat,Tilldelat,Finansutskottet,1511346
459381,motkat,Motionskategori,Följdmotion,459379
1548225,tilldelat,Tilldelat,Miljö- och jordbruksutskottet,1548222
2177170,tilldelat,Tilldelat,Utbildningsutskottet,2177167
972206,motkat,Motionskategori,Fristående motion,972205
2065503,motkat,Motionskategori,Fristående motion,2065502
1446550,debattdatumtid,Datum och tid för debatten,2022-12-07 00:00:00,1446546
409540,statustext,statustext,Ärendet är avslutat,409538
267604,tilldelat,Tilldelat,Trafikutskottet,267601
682835,statustext,statustext,Ärendet är avslutat,682833
1022965,motkat,Motionskategori,Fristående motion,1022964
1208017,motkat,Motionskategori,Fristående motion,1208016
1499783,notisrubrik,Beslut,Rätt till förlängt barnbidrag för elever i gymnasiesärskolan (SfU5),1499780
139048,tilldelat,Tilldelat,Konstitutionsutskottet,139045
569131,notis,Beslut i korthet,"<p>Totalt cirka 21,6 miljarder kronor ur statens budget för 2026 går till utgiftsområdet Rikets styrelse. Riksdagen sa ja till regeringens, riksdagsstyrelsens, JO:s och Riksrevisionens förslag i budgetpropositionen för 2026 om hur pengarna inom utgiftsområdet Rikets styrelse ska fördelas på de olika anslagen. Därmed sa riksdagen nej till alternativa budgetförslag i motioner.</p>
<p>I utgiftsområdet Rikets styrelse ingår bland annat hovet, riksdagens ledamöter och partier, Riksdagsförvaltningen, Regeringskansliet, länsstyrelserna, allmänna val och demokrati, nationella minoriteter och mediestödet.</p>
<p>Mest pengar, 10,7 miljarder kronor, går till Regeringskansliet. Drygt 4,4 miljarder kronor går till landets länsstyrelser, cirka 1,2 miljarder till riksdagens ledamöter och partier samt cirka 922 miljoner kronor till allmänna val och demokrati. Pengar går också till ytterligare 15 anslag.</p>
<p>Riksdagen beslutar om statens budget i två steg. Först beslutas om ramarna för de 27 utgiftsområdena i budgeten. Det beslutade riksdagen om den 26 november 2025. Därefter bestämmer riksdagen i ett andra steg hur pengarna ska fördelas inom varje utgiftsområde. Det här beslutet avser steg två i beslutsprocessen.</p>
<p>Vidare sa riksdagen ja till regeringens förslag om ändringar i budgetlagen. Ändringarna innebär bland annat att uttrycket överskottsmål tas bort ur lagen. Lagändringarna börjar gälla den 31 december 2025.</p>
<p>Riksdagen lade även redogörelsen om Riksdagsförvaltningens årsredovisning för 2024 till handlingarna, det vill säga avslutade ärendet.</p>",569126
342996,motkat,Motionskategori,Fristående motion,342995
229310,tilldelat,Tilldelat,Finansutskottet,229307
194899,tilldelat,Tilldelat,Trafikutskottet,194896
1079496,statustext,statustext,Ärendet är avslutat,1079494
1773995,motkat,Motionskategori,Fristående motion,1773991
1699176,motkat,Motionskategori,Fristående motion,1699175
3323841,statustext,statustext,Ärendet är avslutat,3323839
975108,statustext,statustext,Ärendet är avslutat,975101
321006,notisrubrik,Beslut,Ändrade krav på apoteken (SoU24),321001
1549146,motkat,Motionskategori,Fristående motion,1549145
340075,tilldelat,Tilldelat,Trafikutskottet,340072
1925905,inlamnatav,Inlämnat av,Socialdepartementet,1925904
1646476,tilldelat,Tilldelat,Justitieutskottet,1646473
890250,motkat,Motionskategori,Fristående motion,890249
1429319,motkat,Motionskategori,Fristående motion,1429318
287805,statustext,statustext,Ärendet är avslutat,287803
1409177,statustext,statustext,Ärendet är avslutat,1409175
551926,tilldelat,Tilldelat,Näringsutskottet,551923
1462508,tilldelat,Tilldelat,Konstitutionsutskottet,1462505
1465682,statustext,statustext,Ärendet är avslutat,1465680
1307187,motkat,Motionskategori,Fristående motion,1307186
649790,motkat,Motionskategori,Fristående motion,649789
932298,statustext,statustext,Ärendet är avslutat,932296
1776185,statustext,statustext,Ärendet är avslutat,1776183
866283,motkat,Motionskategori,Fristående motion,866282
3249579,statustext,statustext,Ärendet är avslutat,3249577
1802487,statustext,statustext,Ärendet är avslutat,1802485
482600,motkat,Motionskategori,Följdmotion,482598
2114727,tilldelat,Tilldelat,Miljö- och jordbruksutskottet,2114724
1862549,statustext,statustext,Ärendet är avslutat,1862547
1429043,tilldelat,Tilldelat,Skatteutskottet,1429040
1528074,tilldelat,Tilldelat,Skatteutskottet,1528071
317226,notisrubrik,Beslut,Nej till motioner om våldsbrott och brottsoffer (JuU14),317220
1504638,motkat,Motionskategori,Fristående motion,1504637
1403137,tilldelat,Tilldelat,Civilutskottet,1403133
1166675,tilldelat,Tilldelat,Utbildningsutskottet,1166672
1511305,tilldelat,Tilldelat,Utbildningsutskottet,1511302
515431,tilldelat,Tilldelat,Socialutskottet,515428
1894376,motkat,Motionskategori,Fristående motion,1894375
1398944,motkat,Motionskategori,Fristående motion,1398943
1869871,motkat,Motionskategori,Fristående motion,1869870
3283345,statustext,statustext,Ärendet är avslutat,3283343
1130264,notis,Beslut i korthet,"Små privata aktiebolag ska få välja om bolaget ska ha en revisor eller inte. Syftet är att aktiebolagen själva så långt som möjligt ska få avgöra vilka tjänster de behöver för sin organisation och förvaltning. Samma regel ska gälla även för vissa andra företag, bland annat handelsbolag. Aktiebolag som inte är revisionspliktiga och som vill välja bort revision ska fatta ett beslut med den innebörden. Den fasta mandattiden för revisorer i bland annat aktiebolag ändras från fyra år till ett år. Det finns ett gränsvärde som avgör om ett företag är skyldigt att upprätta årsredovisning på grund av sin storlek. Detta gränsvärde höjs. Detsamma gäller det gränsvärde som används för att skilja mellan större och mindre företag i årsredovisningslagen. Det innebär att fler företag kan utnyttja de möjligheter till förenklingar och undantag som finns för mindre företag. ",1130262
2160458,tilldelat,Tilldelat,Utbildningsutskottet,2160455
600106,notisrubrik,Beslut,Ändringar i diskrimineringslagen ska främja lika rättigheter och möjligheter (AU10),600101
657931,tilldelat,Tilldelat,Näringsutskottet,657927
687601,statustext,statustext,Ärendet är avslutat,687599
992087,utsknotis,Utskottets förslag till beslut,"<p>Konstitutionsutskottet föreslår att riksdagen säger nej till motioner från allmänna motionstiden 2013 om riksdagens arbetsformer. Motionerna handlar bland annat om riksdagsledamöternas arbetsvillkor, utskottens och ledamöternas resor, riksdagens krigsdelegation och minnesåret för demokratins genombrott.</p>",992081
1932957,notis,Beslut i korthet,"<p>Riksdagen sa nej till motioner från den allmänna motionstiden 2014 som gäller inkomstbeskattningen av fysiska personer. Motionerna handlar bland annat om skatteskalan, bilförmån, reseavdrag, personalvårdsförmåner, gåvor till ideella ändamål, personaloptioner, pensionsförsäkringar, avgifter till fackföreningar och arbetslöshetskassor.<br />&nbsp;<br />Riksdagen har också behandlat en skrivelse från regeringen som innehåller en återkallelse av en tidigare lagd proposition om skattereduktion för mikroproduktion av förnybar el. Riksdagen la skrivelsen till handlingarna, det vill säga avslutade ärendet.</p>",1932955
196084,utsknotis,Utskottets förslag till beslut,"<p>Riksdagen beslutade våren 2000 om en nationell handlingsplan för handikappolitiken. Regeringen har nu lämnat sin första rapport till riksdagen om arbetet med att genomföra handlingsplanen. Regeringen berättar om vilka åtgärder som hittills gjorts för att förbättra villkoren för personer med funktionshinder. Regeringen berättar också om vilka insatser som kommer att ha stor betydelse de närmaste åren och viktiga delar av det internationella arbetet. Den nationella handlingsplanen sträcker sig fram till 2010. Den omfattar alla samhällsområden och markerar därigenom att handikappolitiken är allas vårt ansvar. Personer med funktionshinder ska inte diskrimineras i några sammanhang utan ha samma rätt som alla andra att delta i samhällslivet och få del av samma utbud av varor, tjänster, service och kultur. Socialutskottet har med anledning av regeringens rapport och det Europeiska handikappåret hållit en offentlig utfrågning om vardagslivet för barn och unga med funktionshinder. Socialutskottet föreslår att riksdagen avslutar ärendet utan att göra något mer.</p>",196078
1930889,statustext,statustext,Ärendet är avslutat,1930887
794282,motkat,Motionskategori,Fristående motion,794281
693555,utsknotisrubrik,Utskottets förslag,ILO:s deklaration om social rättvisa för en rättvis globalisering (AU10),693548
532533,motkat,Motionskategori,Fristående motion,532532
815435,motkat,Motionskategori,Fristående motion,815434
1592340,statustext,statustext,Ärendet är avslutat,1592338
412177,tilldelat,Tilldelat,Miljö- och jordbruksutskottet,412174
1402264,statustext,statustext,Ärendet är avslutat,1402262
1665636,motkat,Motionskategori,Fristående motion,1665635
2153252,motkat,Motionskategori,Fristående motion,2153251
635314,notisrubrik,Beslut,Ja till pengar för ekonomisk trygghet vid ålderdom (SfU2),635309
798003,motkat,Motionskategori,Fristående motion,798002
1997797,tilldelat,Tilldelat,Justitieutskottet,1997794
435245,utsknotis,Utskottets förslag till beslut,"                           <p>Lagar ska ändras för att möjliggöra en mer digital hantering av ärenden i myndigheter inom rättsväsendet, exempelvis Polismyndigheten och Kronofogdemyndigheten. Syftet med regeringens förslag är att möjliggöra effektiviseringar inom myndigheterna och bättre service till medborgarna genom enklare kommunikation i elektronisk form med berörda myndigheter.</p>
<p>Lagändringarna innebär att en mer digital hantering möjliggörs i flera fall. Det gäller exempelvis ordningsbot, alltså böter som kan beslutas exempelvis av polis och tulltjänstemän, och strafföreläggande, alltså när en åklagare vid vissa omständigheter, vid ett erkännande, kan lagföra brottet och bestämma straffet utan rättegång. Det ska även bli möjligt att lämna in ansökan elektroniskt om betalningsföreläggande och handräckning, alltså ansökan om att Kronofogdemyndigheten ska fastställa till exempel en skuld som ska betalas eller en egendom som ska överlämnas.</p>
<p>Justitieutskottet föreslår att riksdagen säger ja till regeringens förslag. Lagändringarna föreslås börja gälla den 1 juli 2018.</p>
                                            ",435237
1030090,statustext,statustext,Ärendet är avslutat,1030088
3296462,beslutdatumtid,Datum och tid för beslutet,2017-06-20 00:00:00,3296461
2096657,tilldelat,Tilldelat,Kulturutskottet,2096654
565524,statustext,statustext,Ärendet är avslutat,565522
150626,utsknotisrubrik,Utskottets förslag,"Anslag till hovet, riksdag, regering och presstöd (KU1)",150619
2039972,tilldelat,Tilldelat,Utbildningsutskottet,2039969
114621,statustext,statustext,Ärendet är avslutat,114619
363245,motkat,Motionskategori,Följdmotion,363243
2056601,tilldelat,Tilldelat,Skatteutskottet,2056598
357373,statustext,statustext,Ärendet är avslutat,357370
1127686,tilldelat,Tilldelat,Socialförsäkringsutskottet,1127683
1582347,beslutssammanfattningusk,Utskottets förslag till beslut,Avslag på motionerna.,1582346
1114089,tilldelat,Tilldelat,Utrikesutskottet,1114086
365109,statustext,statustext,Ärendet är avslutat,365107
1492282,motkat,Motionskategori,Fristående motion,1492281
1359056,tilldelat,Tilldelat,Utbildningsutskottet,1359053
1099648,statustext,statustext,Ärendet är avslutat,1099646
340526,tilldelat,Tilldelat,Trafikutskottet,340523
823571,motkat,Motionskategori,Fristående motion,823570
1599353,motkat,Motionskategori,Följdmotion,1599351
808550,motkat,Motionskategori,Fristående motion,808549
2097695,inlamnatav,Inlämnat av,Justitiedepartementet,2097694
1249904,tilldelat,Tilldelat,Trafikutskottet,1249901
727503,tilldelat,Tilldelat,Kulturutskottet,727500
1988723,statustext,statustext,Ärendet är avslutat,1988721
142810,statustext,statustext,Ärendet är avslutat,142808
1603766,statustext,statustext,Ärendet är avslutat,1603763
919841,motkat,Motionskategori,Fristående motion,919840
600255,utsknotisrubrik,Utskottets förslag,Nej till motioner om lärare och elever (UbU7),600245
3316993,motkat,Motionskategori,Fristående motion,3316992
215826,debattdatumtid,Datum och tid för debatten,2018-11-21 00:00:00,215823
71122,motkat,Motionskategori,Fristående motion,71120
814446,statustext,statustext,Ärendet är avslutat,814444
1580926,tilldelat,Tilldelat,Trafikutskottet,1580923
968561,motkat,Motionskategori,Fristående motion,968560
941370,statustext,statustext,Ärendet är avslutat,941368
473958,motkat,Motionskategori,Fristående motion,473957
2186540,motkat,Motionskategori,Fristående motion,2186539
1341757,statustext,statustext,Ärendet är avslutat,1341755
2174186,beslutssammanfattningusk,Utskottets förslag till beslut,Bifall till propositionen. Avslag på samtliga motioner.,2174184
826123,statustext,statustext,Ärendet är avslutat,826121
833751,statustext,statustext,Motionen bereds i utskott,833749
1107836,statustext,statustext,Ärendet är avslutat,1107834
1934700,tilldelat,Tilldelat,Finansutskottet,1934697
847215,tilldelat,Tilldelat,Justitieutskottet,847212
1709075,statustext,statustext,Ärendet är avslutat,1709073
615723,tilldelat,Tilldelat,Kulturutskottet,615720
880090,tilldelat,Tilldelat,Utbildningsutskottet,880086
3212745,motkat,Motionskategori,Fristående motion,3212744
1863490,beslutssammanfattningusk,Utskottets förslag till beslut,Bifall till proposition. Avslag på motionerna.,1863489
1573269,tilldelat,Tilldelat,Arbetsmarknadsutskottet,1573266
841470,utsknotisrubrik,Utskottets förslag,Regeringen bör se över hur vårdansvaret för personer med psykisk ohälsa och beroendesjukdom kan samlas hos en huvudman (SoU15),841449
2121302,tilldelat,Tilldelat,Civilutskottet,2121299
1607696,rdbeslut,Riksdagens beslut,Kammaren biföll utskottets förslag.,1607689
1359307,tilldelat,Tilldelat,Miljö- och jordbruksutskottet,1359304
2194083,beslutdatumtid,Datum och tid för beslutet,2022-06-09 00:00:00,2194081
1835677,notisrubrik,Beslut,Bolagsverket tar över vissa uppgifter från länsstyrelserna (CU22),1835674
195906,tilldelat,Tilldelat,Trafikutskottet,195903
68780,statustext,statustext,Ärendet är avslutat,68778
3279114,motkat,Motionskategori,Fristående motion,3279113
1672557,statustext,statustext,Ärendet är avslutat,1672555
935579,tilldelat,Tilldelat,Trafikutskottet,935576
865467,statustext,statustext,Ärendet är avslutat,865465
59382,motkat,Motionskategori,Fristående motion,59381
1799621,motkat,Motionskategori,Fristående motion,1799620
1750813,motkat,Motionskategori,Fristående motion,1750812
1236954,statustext,statustext,Motionen bereds i utskott,1236952
1452083,motkat,Motionskategori,Fristående motion,1452082
195341,motkat,Motionskategori,Fristående motion,195340
1161753,motkat,Motionskategori,Fristående motion,1161752
92360,statustext,statustext,Ärendet är avslutat,92356
1614383,statustext,statustext,Motionen bereds i utskott,1614379
1964512,statustext,statustext,Ärendet är avslutat,1964507
1207348,motkat,Motionskategori,Fristående motion,1207347
1905823,tilldelat,Tilldelat,Socialutskottet,1905820
1236137,tilldelat,Tilldelat,Socialutskottet,1236134
846330,motkat,Motionskategori,Fristående motion,846329
131519,tilldelat,Tilldelat,Civilutskottet,131516
1945812,statustext,statustext,Ärendet är avslutat,1945807
741254,tilldelat,Tilldelat,Finansutskottet,741246
1314100,motkat,Motionskategori,Fristående motion,1314099
1510999,motkat,Motionskategori,Fristående motion,1510998
1450650,statustext,statustext,Ärendet är avslutat,1450648
180990,motkat,Motionskategori,Följdmotion,180988
3263154,statustext,statustext,Ärendet är avslutat,3263152
756592,statustext,statustext,Ärendet är avslutat,756590
2159219,motkat,Motionskategori,Fristående motion,2159218
243715,tilldelat,Tilldelat,Näringsutskottet,243711
574922,utsknotisrubrik,Utskottets förslag,Förändringar i skatteavtalet mellan Sverige och Tyskland (SkU3),574912
108412,statustext,statustext,Ärendet är avslutat,108410
361480,tilldelat,Tilldelat,Civilutskottet,361477
807270,motkat,Motionskategori,Fristående motion,807269
71742,motkat,Motionskategori,Fristående motion,71741
210572,tilldelat,Tilldelat,Socialutskottet,210569
487343,motkat,Motionskategori,Fristående motion,487342
1161422,motkat,Motionskategori,Fristående motion,1161420
1222709,tilldelat,Tilldelat,Justitieutskottet,1222706
450858,rdbeslut,Riksdagens beslut,Kammaren biföll utskottets förslag,450855
1527525,utsknotis,Utskottets förslag till beslut,"                           <p>Utbildningsutskottet har behandlat en skrivelse från regeringen, som handlar om Riksrevisionens rapport Skolverkets statistikuppdrag - information, uppföljning och utvärdering. Utskottet välkomnar Riksrevisionens granskning av Skolverkets uppdrag att tillhandahålla statistik på skolområdet och konstaterar att regeringen instämmer i huvudsak med de iakttagelser och analyser som gjorts. I enlighet med Riksrevisionens rekommendationer kommer regeringen bland annat mer aktivt följa upp att Skolverket uppfyller sitt ansvar som statistikansvarig myndighet.</p>
<p>Därmed föreslår utskottet att riksdagen lägger skrivelsen till handlingarna, det vill säga avslutar ärendet.</p>
                                            ",1527513
1617491,tilldelat,Tilldelat,Konstitutionsutskottet,1617488
1218740,tilldelat,Tilldelat,Socialförsäkringsutskottet,1218737
994408,statustext,statustext,Ärendet är avslutat,994406
1342438,motkat,Motionskategori,Fristående motion,1342437
763839,motkat,Motionskategori,Fristående motion,763838
1179054,tilldelat,Tilldelat,Socialförsäkringsutskottet,1179051
1231918,motkat,Motionskategori,Fristående motion,1231917
2115597,motkat,Motionskategori,Fristående motion,2115596
1994178,rdbeslut,Riksdagens beslut,Kammaren biföll utskottets förslag.,1994172
60657,statustext,statustext,Ärendet är avslutat,60655
2027926,statustext,statustext,Ärendet är avslutat,2027924
1544938,statustext,statustext,Ärendet är avslutat,1544936
93605,motkat,Motionskategori,Fristående motion,93604
2015112,motkat,Motionskategori,Följdmotion,2015109
1124915,utsknotis,Utskottets förslag till beslut,"                           <p>Justitieutskottet föreslår att riksdagen säger ja till regeringens förslag om nya och tydligare regler gällande sekretess för ljuddämpare till skjutvapen.</p>
<p>Enligt ett tidigare riksdagsbeslut kommer ljuddämpare inte längre att jämställas med skjutvapen från den 1 juli 2022. Det innebär också att uppgifter om ljuddämpare inte längre kommer att omfattas av de nuvarande sekretessreglerna.</p>
<p>Regeringen har därför föreslagit en lagändring som innebär att uppgifter om ljuddämpare även i fortsättningen ska kunna omfattas av sekretess. Utskottet håller med om att denna möjlighet bör finnas kvar även om ljuddämpare inte längre jämställs med skjutvapen.</p>
<p>Lagändringen ska börja gälla den 1 juli 2022.</p>
                                            ",1124906
406902,statustext,statustext,Ärendet är avslutat,406900
1292547,statustext,statustext,Ärendet är avslutat,1292545
1145758,rdbeslut,Riksdagens beslut,Kammaren biföll utskottets förslag till beslut.,1145754
1467648,tilldelat,Tilldelat,Utrikesutskottet,1467645
552777,statustext,statustext,Ärendet är avslutat,552775
1353264,motkat,Motionskategori,Fristående motion,1353263
435968,statustext,statustext,Ärendet är avslutat,435966
474981,statustext,statustext,Ärendet är avslutat,474978
792786,motkat,Motionskategori,Fristående motion,792785
985183,notisrubrik,Beslut,Regeringen bör öka takten i arbetet med enklare regler för yrkesfisket (MJU3),985178
982245,motgrund,Motionsgrund,Proposition 2013/14:71,982244
1047729,tilldelat,Tilldelat,Trafikutskottet,1047726
253623,tilldelat,Tilldelat,Finansutskottet,253620
531397,utsknotisrubrik,Utskottets förslag,Det bör bli möjligt att låta bli att återkalla uppehållstillstånd (SfU7),531388
1466690,beslutdatumtid,Datum och tid för beslutet,2022-05-11 00:00:00,1466688
1598159,statustext,statustext,Ärendet är avslutat,1598155
868478,motkat,Motionskategori,Följdmotion,868476
3335936,inlamnatav,Inlämnat av,Landsbygds- och infrastrukturdepartementet,3335935
790537,tilldelat,Tilldelat,Näringsutskottet,790534
1856986,statustext,statustext,Ärendet är avslutat,1856984
1910950,arendestatuskammaren,Beslutat,"",1910949
239248,utsknotisrubrik,Utskottets förslag,Kontroll av post med alkohol- eller tobaksvaror under 2012 (SkU9),239241
2114986,statustext,statustext,Ärendet är avslutat,2114984
417020,statustext,statustext,Ärendet är avslutat,417018
2242405,motkat,Motionskategori,Följdmotion,2242403
1484861,notisrubrik,Beslut,Nej till motioner om kulturarv (KrU5) ,1484855
1964997,motkat,Motionskategori,Fristående motion,1964996
2081285,statustext,statustext,Ärendet är avslutat,2081283
889690,debattdatumtid,Datum och tid för debatten,2018-01-31 00:00:00,889687
1510397,motkat,Motionskategori,Fristående motion,1510396
2073207,tilldelat,Tilldelat,Socialförsäkringsutskottet,2073204
865492,notis,Beslut i korthet,"<p>Regeringen har lämnat en skrivelse om offentlighet och sekretess för uppgifterna hos Säkerhetspolisen från de så kallade Stasiarkiven. Uppgifterna gäller enskilda svenskars misstänkta samröre med den östtyska säkerhets- och underrättelsetjänsten. Konstitutionsutskottet ser positivt på regeringens hantering av frågan och de samtal som har genomförts med företrädare för samtliga riksdagspartier. Genom samtalen har en samsyn uppnåtts i frågorna om offentlighet och sekretess för uppgifterna. Riksdagen ställde sig bakom de bedömningar som regeringen redovisar i skrivelsen och lade skrivelsen till handlingarna, det vill säga avslutade ärendet.</p>
<p>Riksdagen sa vidare nej till motioner från allmänna motionstiden 2010 och 2011 om integritetsfrågor. Motionerna handlar bland annat om offentlighetsprincipen och skyddet av den personliga integriteten, kränkningar på internet, Datainspektionens uppgifter, behandlingen av personuppgifter inom kriminalvården och en föreslagen lag om allmän kommunikationshemlighet.</p>",865490
2047271,statustext,statustext,Ärendet är avslutat,2047269
537466,statustext,statustext,Ärendet är avslutat,537464
212242,statustext,statustext,Ärendet är avslutat,212240
801918,statustext,statustext,Ärendet är avslutat,801916
1679865,statustext,statustext,Ärendet är avslutat,1679863
499392,statustext,statustext,Ärendet är avslutat,499390
1239709,statustext,statustext,Ärendet är avslutat,1239707
1402171,utsknotis,Utskottets förslag till beslut,"<p>Socialförsäkringsutskottet har granskat EU-kommissionens grönbok om rätt till familjeåterförening för icke-EU-medborgare som är bosatta i EU. EU-kommissionen ställer en rad frågor om rätten till familjeåterförening. Syftet är att inleda en offentlig debatt i frågan. Baserat på resultatet kommer EU-kommissionen att avgöra om det behövs någon ändring av det nuvarande direktivet. Frågorna gäller bland annat kraven på den familjemedlem som redan bor i ett EU-land samt krav på integrationsåtgärder, till exempel språkkurser.</p>
<p>Utskottet befarar att en ändring av direktivet skulle kunna leda till att vissa bestämmelser skärps. Utskottet ser därför ingen anledning till att direktivet nu ska omförhandlas. Utskottet föreslår att riksdagen lägger utlåtandet till handlingarna, det vill säga avslutar ärendet. Därefter skickas utlåtandet för kännedom till EU-kommissionen och till Regeringskansliet.</p>",1402160
1930378,tilldelat,Tilldelat,Trafikutskottet,1930375
743052,statustext,statustext,Ärendet är avslutat,743050
568751,motkat,Motionskategori,Fristående motion,568750
1870030,statustext,statustext,Ärendet är avslutat,1870028
77576,motkat,Motionskategori,Fristående motion,77575
1269253,motkat,Motionskategori,Fristående motion,1269252
2224656,motkat,Motionskategori,Fristående motion,2224655
1772107,tilldelat,Tilldelat,Socialutskottet,1772101
1400122,tilldelat,Tilldelat,Civilutskottet,1400119
123789,statustext,statustext,Ärendet är avslutat,123787
3278563,utsknotis,Utskottets förslag till beslut,"<p>Kraven på djurhållningen vid uppfödning av minkar för pälsproduktion skärps. Det skrivs in i djurskyddslagen att minkar ska hållas så att deras behov av att röra sig, klättra, utöva sitt jaktbeteende och ägna sig åt annan sysselsättning samt av att periodvis vara ensamma kan tillgodoses. Det anges dessutom att minkar ska ha tillgång till vatten att simma i. Lagen börjar gälla den 1 januari 2007. För minkuppfödare som har startar sin verksamhet före den 1 januari 2007 ska lagen gälla först från den 1 januari 2009. Miljö- och jordbruksutskottet föreslår att riksdagen säger ja till regeringens förslag.</p>",3278557
2009584,tilldelat,Tilldelat,Konstitutionsutskottet,2009581
985616,motkat,Motionskategori,Fristående motion,985615
321042,statustext,statustext,Ärendet är avslutat,321040
3234376,motkat,Motionskategori,Fristående motion,3234375
441986,tilldelat,Tilldelat,Trafikutskottet,441982
1875292,motkat,Motionskategori,Fristående motion,1875291
231751,statustext,statustext,Ärendet är avslutat,231749
361388,tilldelat,Tilldelat,Justitieutskottet,361379
3280565,tilldelat,Tilldelat,Justitieutskottet,3280562
384263,motkat,Motionskategori,Följdmotion,384261
369952,statustext,statustext,Ärendet är avslutat,369949
155199,tilldelat,Tilldelat,Socialutskottet,155196
3332152,statustext,statustext,Ärendet är avslutat,3332149
927545,motkat,Motionskategori,Fristående motion,927544
969050,motkat,Motionskategori,Fristående motion,969049
2096468,statustext,statustext,Ärendet är avslutat,2096466
248544,motkat,Motionskategori,Fristående motion,248543
1142859,utsknotis,Utskottets förslag till beslut,"<p>Utbildningsutskottet föreslår att riksdagen säger ja till regeringens förslag i budgetpropositionen om drygt 60 miljarder kronor i anslag till utbildning och universitetsforskning för 2014. Bland annat kommer följande satsningar att genomföras 2014:</p>
<ul>
<li>Statsbidrag för att ordna undervisning under sommarlovet och andra skollov för elever som inte nått upp till kunskapskraven inom ramen för den vanliga undervisningen.</li>
<li>Försöksverksamheten med mer undervisningstid i ämnet svenska för nyanlända elever utökas.</li>
<li>Reformen om karriärutveckling för lärare förstärks med mer medel.</li>
<li>Skolverket får mer resurser till arbetet med att legitimera förskollärare och lärare.</li>
<li>Antalet platser utökas på den yrkesinriktade vuxenutbildningen på gymnasial nivå och den kommunala vuxenutbildningen för arbetslösa ungdomar i åldern 20-24 år.</li>
<li>Universitet och högskolor får medel för att kunna möta en fortsatt hög efterfrågan på högskoleutbildning.</li>
<li>De statliga anslagen för forskning och forskarutbildning vid universitet och högskolor ökas.</li>
</ul>
<p>Utskottet föreslår också att riksdagen godkänner en försöksverksamhet med lämplighetsprov vid antagningen till lärar- och förskollärarutbildningen. Vidare ska statliga universitet och högskolor få möjlighet att separat anta sökande som måste betala studieavgift för att studera på grundnivå och avancerad nivå.</p>",1142853
2073726,statustext,statustext,Ärendet är avslutat,2073724
3324341,tilldelat,Tilldelat,Miljö- och jordbruksutskottet,3324338
116949,tilldelat,Tilldelat,Arbetsmarknadsutskottet,116946
121853,statustext,statustext,Ärendet är avslutat,121851
2096951,tilldelat,Tilldelat,Utbildningsutskottet,2096948
1250829,motkat,Motionskategori,Fristående motion,1250828
1377034,tilldelat,Tilldelat,Försvarsutskottet,1377031
150110,tilldelat,Tilldelat,Utbildningsutskottet,150106
594867,statustext,statustext,Ärendet är avslutat,594865
1844586,motkat,Motionskategori,Fristående motion,1844585
55160,motkat,Motionskategori,Fristående motion,55159
1571701,statustext,statustext,Ärendet är avslutat,1571699
1959748,notisrubrik,Beslut,Motioner om skolan (UbU10),1959746
3341311,utsknotisrubrik,Utskottets förslag,Ändringar i riksdagsförvaltningens instruktion (KU5),3341304
3251391,tilldelat,Tilldelat,Socialförsäkringsutskottet,3251388
1768465,tilldelat,Tilldelat,Socialutskottet,1768461
2091667,statustext,statustext,Ärendet är avslutat,2091665
273118,tilldelat,Tilldelat,Skatteutskottet,273115
789314,statustext,statustext,Ärendet är avslutat,789309
3283131,tilldelat,Tilldelat,Miljö- och jordbruksutskottet,3283128
1208170,statustext,statustext,Ärendet är avslutat,1208168
1509417,tilldelat,Tilldelat,Arbetsmarknadsutskottet,1509413
171160,motkat,Motionskategori,Fristående motion,171159
3232277,statustext,statustext,Ärendet är avslutat,3232275
1942249,motkat,Motionskategori,Fristående motion,1942248
263170,beslutdatumtid,Datum och tid för beslutet,2025-06-11 00:00:00,263168
1029171,statustext,statustext,Ärendet är avslutat,1029169
293604,inlamnatav,Inlämnat av,Finansdepartementet,293603
1083963,statustext,statustext,Motionen bereds i utskott,1083961
1808879,statustext,statustext,Ärendet är avslutat,1808876
1058443,rdbeslut,Riksdagens beslut,Kammaren biföll utskottets förslag till beslut.,1058439
1826650,motkat,Motionskategori,Fristående motion,1826649
1169773,notisrubrik,Beslut,Riksrevisionens rapport om Swedfund International AB (UU8),1169770
651417,statustext,statustext,Ärendet är avslutat,651415
2192210,motkat,Motionskategori,Fristående motion,2192209
3350681,statustext,statustext,Ärendet är avslutat,3350679
1301794,motkat,Motionskategori,Fristående motion,1301793
1104733,tilldelat,Tilldelat,Utbildningsutskottet,1104730
1753664,statustext,statustext,Ärendet är avslutat,1753662
988024,motkat,Motionskategori,Fristående motion,988023
1099497,statustext,statustext,Ärendet är avslutat,1099495
1915832,motkat,Motionskategori,Fristående motion,1915831
303270,tilldelat,Tilldelat,Kulturutskottet,303267
582546,statustext,statustext,Ärendet är avslutat,582544
950063,tilldelat,Tilldelat,Utbildningsutskottet,950060
1773896,statustext,statustext,Ärendet är avslutat,1773891
1051883,utsknotisrubrik,Utskottets förslag,Regeringen bör verka för en nordisk kommission för försvars- och säkerhetspolitik (UU14) ,1051873
656650,statustext,statustext,Ärendet är avslutat,656648
878147,statustext,statustext,Ärendet är avslutat,878145
132569,utsknotis,Utskottets förslag till beslut,"<p>Konstitutionsutskottet föreslår att riksdagen godkänner Riksdagens revisorers förslag om att regeringen bör se över myndigheten Regeringskansliet. Den 1 januari 1997 omorganiserades Regeringskansliet till en myndighet och regeringen uppmanas nu att snarast påbörja en utvärdering av resultaten av sammanslagningen till en myndighet, se över frågor kring förvaltningsavdelningens roll och ledningsfunktionerna i departementen samt lämna resultatredovisning för Regeringskansliet. Till grund för revisorernas förslag ligger en granskning som revisorerna på eget initiativ gjort av myndigheten Regeringskansliet.</p>",132564
1190260,motkat,Motionskategori,Fristående motion,1190259
320046,tilldelat,Tilldelat,Socialutskottet,320043
3350580,motkat,Motionskategori,Fristående motion,3350579
1993811,tilldelat,Tilldelat,Skatteutskottet,1993808
2178320,tilldelat,Tilldelat,Försvarsutskottet,2178317
2009596,motkat,Motionskategori,Fristående motion,2009595
1261590,tilldelat,Tilldelat,Justitieutskottet,1261587
1150424,statustext,statustext,Ärendet är avslutat,1150422
874339,motgrund,Motionsgrund,Förslag 2006/07:RRS15,874338
1808725,motkat,Motionskategori,Fristående motion,1808724
284495,motkat,Motionskategori,Fristående motion,284494
132904,statustext,statustext,Ärendet är avslutat,132902
1315677,beslutssammanfattningusk,Utskottets förslag till beslut,"Utskottet föreslår med bifall till motionerna 2021/22:1026 yrkande 2, 2021/22:3429 yrkande 1 och 2021/22:3664 yrkande 5 ett tillkännagivande om översyn av jaktlagen. 

Utskottet föreslår med bifall till motionerna 2021/22: 1607, 2021/22:2459 yrkande 42, 2021/22:3429 yrkande 2 och 2021/22:3877 yrkande 38 samt delvis bifall till motion 2021/22:2674 ett tillkännagivande om jakt- och viltvårdsuppdraget. 

Utskottet föreslår med bifall till motionerna 2021/22:3664 yrkande 6 ett tillkännagivande om terrängkörning vid jakt. 

Avslag på övriga motionsyrkanden.",1315674
690688,beslutdatumtid,Datum och tid för beslutet,2019-03-06 00:00:00,690687
1958696,tilldelat,Tilldelat,Miljö- och jordbruksutskottet,1958693
458075,tilldelat,Tilldelat,Socialutskottet,458072
3285931,tilldelat,Tilldelat,Finansutskottet,3285928
251646,tilldelat,Tilldelat,Socialutskottet,251643
1807680,tilldelat,Tilldelat,Justitieutskottet,1807677
1900756,statustext,statustext,Ärendet är avslutat,1900754
572074,statustext,statustext,Ärendet är avslutat,572072
3289506,motkat,Motionskategori,Fristående motion,3289505
521838,tilldelat,Tilldelat,Trafikutskottet,521835
560083,tilldelat,Tilldelat,Konstitutionsutskottet,560080
1979953,tilldelat,Tilldelat,Arbetsmarknadsutskottet,1979950
193030,statustext,statustext,Ärendet är avslutat,193028
1336224,tilldelat,Tilldelat,Utbildningsutskottet,1336221
2201897,tilldelat,Tilldelat,Civilutskottet,2201894
2179754,tilldelat,Tilldelat,Skatteutskottet,2179751
725864,statustext,statustext,Ärendet är avslutat,725862
1551969,statustext,statustext,Ärendet är avslutat,1551967
1925494,debattdatumtid,Datum och tid för debatten,2022-04-27 00:00:00,1925490
1742400,beslutssammanfattningusk,Utskottets förslag till beslut,Bifall till motion 2015/16:2137 yrkande 4 under punkt 5. I övrigt avslag på samtliga motioner.,1742399
849779,motkat,Motionskategori,Fristående motion,849778
905369,rdbeslut,Riksdagens beslut,Kammaren biföll utskottets förslag.,905363
231995,motkat,Motionskategori,Fristående motion,231994
2068681,statustext,statustext,Ärendet är avslutat,2068679
1997138,motkat,Motionskategori,Fristående motion,1997137
1143135,motkat,Motionskategori,Fristående motion,1143134
1602933,statustext,statustext,Ärendet är avslutat,1602931
3331647,statustext,statustext,Ärendet är avslutat,3331645
1757065,motkat,Motionskategori,Fristående motion,1757064
2144143,utsknotis,Utskottets förslag till beslut,"                           <p>Regeringen bör se till att Kriminalvården skyndsamt följer upp den kartläggning myndigheten har gjort av metoder och arbetssätt som kan användas för att motverka våldsbejakande extremism och radikalisering. Det är också angeläget att regeringen driver på och vidtar åtgärder för att säkerställa att Kriminalvården genomför och prioriterar ett arbete med den här inriktningen. Det anser justitieutskottet som föreslår att riksdagen ska rikta ett tillkännagivande till regeringen om detta.</p>
<p>Utskottet gjorde sitt ställningstagande i samband med behandlingen av motioner om kriminalvårdsfrågor.</p>
                                            ",2144135
875330,statustext,statustext,Ärendet är avslutat,875325
663141,motkat,Motionskategori,Fristående motion,663140
2150036,motgrund,Motionsgrund,Proposition 2014/15:147,2150035
1687396,motkat,Motionskategori,Fristående motion,1687395
2225538,notis,Beslut i korthet,"Riksdagen beviljade riksbanksfullmäktige och direktionen ansvarsfrihet för sin förvaltning av Riksbanken under 2001 samt fastställde Riksbankens balansräkning och resultaträkning. Dispositionen innebär bl.a. att 27,3 miljarder kronor ska levereras in till statsverket, varav 7,3 miljarder som reguljär utdelning och 20 miljarder som extraordinär utdelning. Vidare godkände riksdagen finansutskottets utvärdering av Riksbankens penningpolitik för perioden 1999-2001.",2225537
1884052,motkat,Motionskategori,Fristående motion,1884051
639108,motkat,Motionskategori,Fristående motion,639107
445521,tilldelat,Tilldelat,Justitieutskottet,445518
56724,motkat,Motionskategori,Fristående motion,56723
634963,utsknotisrubrik,Utskottets förslag,Reglerna för viss skyddsjakt av rovdjur behöver ses över (MJU18),634956
1013226,rdbeslut,Riksdagens beslut,Kammaren biföll utskottets förslag.,1013220
186628,statustext,statustext,Ärendet är avslutat,186626
1374451,motkat,Motionskategori,Fristående motion,1374450
916532,statustext,statustext,Ärendet är avslutat,916530
585343,statustext,statustext,Ärendet är avslutat,585341
1469146,motkat,Motionskategori,Fristående motion,1469145
1159114,motkat,Motionskategori,Fristående motion,1159113
1427699,tilldelat,Tilldelat,Näringsutskottet,1427696
1241597,tilldelat,Tilldelat,Justitieutskottet,1241594
1982735,statustext,statustext,Ärendet är avslutat,1982733
1180614,statustext,statustext,Ärendet är avslutat,1180612
1040352,debattdatumtid,Datum och tid för debatten,2020-06-16 00:00:00,1040349
308799,tilldelat,Tilldelat,Justitieutskottet,308796
523607,arendestatuskammaren,Beslutat,"",523606
3235460,statustext,statustext,Ärendet är avslutat,3235458
1970863,statustext,statustext,Ärendet är avslutat,1970858
1069528,tilldelat,Tilldelat,Kulturutskottet,1069525
700305,statustext,statustext,Ärendet är avslutat,700303
1691643,motkat,Motionskategori,Fristående motion,1691642
169741,statustext,statustext,Ärendet är avslutat,169739
814271,tilldelat,Tilldelat,Miljö- och jordbruksutskottet,814268
3281580,motkat,Motionskategori,Fristående motion,3281579
1130350,statustext,statustext,Ärendet är avslutat,1130348
1704802,utsknotis,Utskottets förslag till beslut,"<p>Cirka 28,8 miljarder kronor ur statens budget för 2025 ska gå till utgiftsområdet Statsskuldsräntor m.m. </p>
<p>Finansutskottet föreslår att riksdagen säger ja till regeringens förslag som handlar om utgifter för räntor på statsskulden, oförutsedda utgifter och Riksgäldskontorets provisionsutgifter i samband med upplåning och skuldförvaltning.</p>
<p>Riksdagen beslutar om statens budget i två steg. Först beslutas om ramarna för de 27 utgiftsområdena i budgeten. Det beslutade riksdagen om den 27 november 2024. Därefter bestämmer riksdagen i ett andra steg hur pengarna ska fördelas inom varje utgiftsområde. Det här förslaget till beslut avser steg två i beslutsprocessen.</p>",1704793
1462213,statustext,statustext,Ärendet är avslutat,1462211
164315,statustext,statustext,Ärendet är avslutat,164313
1867795,tilldelat,Tilldelat,Miljö- och jordbruksutskottet,1867792
1124873,utsknotisrubrik,Utskottets förslag,Nytt regelverk för kvalificerade säkerhetsärenden (JuU30),1124863
1087765,tilldelat,Tilldelat,Socialutskottet,1087762
1439281,tilldelat,Tilldelat,Justitieutskottet,1439278
1764984,motkat,Motionskategori,Fristående motion,1764983
506408,statustext,statustext,Ärendet är avslutat,506406
203042,motkat,Motionskategori,Fristående motion,203041
3213223,statustext,statustext,Ärendet är avslutat,3213221
1210985,tilldelat,Tilldelat,Utrikesutskottet,1210982
3320092,tilldelat,Tilldelat,Miljö- och jordbruksutskottet,3320089
1224009,statustext,statustext,Ärendet är avslutat,1224007
1573826,tilldelat,Tilldelat,Trafikutskottet,1573823
1230486,beslutdatumtid,Datum och tid för beslutet,2020-04-01 00:00:00,1230485
470822,beslutssammanfattningusk,Utskottets förslag till beslut,"",470821
1633811,utsknotisrubrik,Utskottets förslag,Nej till motioner om folkbildning och spelfrågor (KrU5),1633802
847195,motkat,Motionskategori,Fristående motion,847194
641196,motkat,Motionskategori,Fristående motion,641195
2190966,tilldelat,Tilldelat,Socialförsäkringsutskottet,2190962
1801347,tilldelat,Tilldelat,Socialutskottet,1801344
210861,tilldelat,Tilldelat,Utbildningsutskottet,210858
1828270,statustext,statustext,Ärendet är avslutat,1828268
1645956,motkat,Motionskategori,Fristående motion,1645955
1097458,statustext,statustext,Ärendet är avslutat,1097456
3356429,motkat,Motionskategori,Fristående motion,3356428
1291791,tilldelat,Tilldelat,Utbildningsutskottet,1291788
1899592,statustext,statustext,Ärendet är avslutat,1899590
2248391,tilldelat,Tilldelat,Justitieutskottet,2248388
1635536,motkat,Motionskategori,Fristående motion,1635535
798892,motkat,Motionskategori,Fristående motion,798891
150198,motkat,Motionskategori,Följdmotion,150196
403909,motkat,Motionskategori,Fristående motion,403908
210379,utsknotis,Utskottets förslag till beslut,"<p>Kulturutskottet föreslår att riksdagen säger nej till cirka 120 förslag om kulturarv i motioner från allmänna motionstiden 2024. Förslagen handlar bland annat om kulturmiljövård, krisberedskap och museifrågor.</p>
<p>Utskottet hänvisar bland annat till pågående arbete och genomförda insatser.</p>",210370
786437,motkat,Motionskategori,Fristående motion,786436
580479,tilldelat,Tilldelat,Justitieutskottet,580476
912920,statustext,statustext,Ärendet är avslutat,912918
1188721,statustext,statustext,Ärendet är avslutat,1188719
54276,motkat,Motionskategori,Fristående motion,54275
1066315,motkat,Motionskategori,Fristående motion,1066314
745351,tilldelat,Tilldelat,Socialutskottet,745348
463689,tilldelat,Tilldelat,Utrikesutskottet,463686
1807588,utsknotis,Utskottets förslag till beslut,"<p>Totalt cirka 17,3 miljarder kronor ur statens budget för 2026 går till utgiftsområdet Kultur, medier, trossamfund och fritid. Kulturutskottet föreslår att riksdagen säger ja till regeringens förslag i budgetpropositionen för 2026 om hur pengarna inom utgiftsområdet ska fördelas. Därmed föreslår utskottet att riksdagen säger nej till alternativa budgetförslag i motioner.</p>
<p>Mest pengar, drygt 2,5 miljarder kronor, går till folkhögskolor. Drygt 2,1 miljarder kronor går till stöd till idrotten och knappt 1,7 miljarder kronor går till regional kulturverksamhet. Pengar ska också gå till ytterligare 45 områden.</p>
<p>Kulturutskottet föreslår också att riksdagen säger ja till regeringens förslag om ekonomiska bemyndiganden och en investeringsplan.</p>
<p>Riksdagen beslutar om statens budget i två steg. Först beslutas om ramarna för de 27 utgiftsområdena i budgeten. Det beslutade riksdagen om den 26 november 2025. Därefter bestämmer riksdagen i ett andra steg hur pengarna ska fördelas inom varje utgiftsområde. Det här förslaget avser steg två i beslutsprocessen.</p>",1807579
1473113,tilldelat,Tilldelat,Socialförsäkringsutskottet,1473110
828245,statustext,statustext,Ärendet är avslutat,828243
1813181,beslutssammanfattningusk,Utskottets förslag till beslut,Bifall till proposition. Avslag på motionerna.,1813178
1873518,tilldelat,Tilldelat,Kulturutskottet,1873514
2247380,motkat,Motionskategori,Fristående motion,2247379
832120,statustext,statustext,Motionen bereds i utskott,832118
229260,tilldelat,Tilldelat,Utbildningsutskottet,229257
54211,tilldelat,Tilldelat,Utbildningsutskottet,54208
3242599,tilldelat,Tilldelat,Finansutskottet,3242596
2186565,notis,Beslut i korthet,"Luftfartslagen och sekretesslagen ändras med anledning av ett EU-direktiv om rapportering av händelser i civil luftfart. Direktivet innehåller bestämmelser om informationsutbyte mellan EU-länderna och EU-kommissionen och om sekretess för de uppgifter som utbyts. Syftet är att hålla kolleger i Europa informerade om gjorda iakttagelser, att öka kunskapen om och förbättra grunderna för säkerhetsrekommendationer samt att i tid upptäcka svagheter av olika slag innan en allvarlig olycka inträffar.",2186563
845141,tilldelat,Tilldelat,Trafikutskottet,845138
740902,tilldelat,Tilldelat,Näringsutskottet,740899
642695,statustext,statustext,Ärendet är avslutat,642693
1066652,statustext,statustext,Ärendet är avslutat,1066650
1332792,tilldelat,Tilldelat,Trafikutskottet,1332789
574092,statustext,statustext,Ärendet är avslutat,574090
491985,utsknotisrubrik,Utskottets förslag,Nya regler för upphovsmannens rätt till ersättning vid vidareförsäljning av originalkonstverk (NU13),491978
640326,statustext,statustext,Ärendet är avslutat,640324
899786,motkat,Motionskategori,Fristående motion,899785
2205565,statustext,statustext,Ärendet är avslutat,2205563
420893,statustext,statustext,Ärendet är avslutat,420891
936217,tilldelat,Tilldelat,Miljö- och jordbruksutskottet,936214
1817178,statustext,statustext,Ärendet är avslutat,1817176
1913334,tilldelat,Tilldelat,Socialutskottet,1913331
2244452,statustext,statustext,Ärendet är avslutat,2244450
1859522,tilldelat,Tilldelat,Justitieutskottet,1859519
1614561,statustext,statustext,Ärendet är avslutat,1614559
3314554,statustext,statustext,Ärendet är avslutat,3314552
2167729,statustext,statustext,Ärendet är avslutat,2167727
632003,motkat,Motionskategori,Fristående motion,632002
342165,motkat,Motionskategori,Fristående motion,342164
1397362,statustext,statustext,Ärendet är avslutat,1397360
1579990,statustext,statustext,Ärendet är avslutat,1579988
1081941,motkat,Motionskategori,Fristående motion,1081939
1743138,tilldelat,Tilldelat,Skatteutskottet,1743135
206399,tilldelat,Tilldelat,Utrikesutskottet,206396
793972,tilldelat,Tilldelat,Civilutskottet,793969
413826,utsknotis,Utskottets förslag till beslut,"                           <p>Trafikutskottet föreslår att riksdagen säger ja till regeringens förslag att förarbevis ska krävas för vattenskoter. Föraren ska ha fyllt 15 år och ha gått en särskild utbildning med godkänt resultat. Den som erbjuder sådan utbildning ska ha tillstånd för det samt stå under tillsyn. Tillstånd, tillsyn och utfärdande av förarbevis ska enligt regeringen hanteras av Transportstyrelsen. Kravet på förarbevis föreslås börja gälla den 1 maj 2022. Regler för utbildare och utfärdare av förarbevis ska börja gälla den 1 juli 2021.</p>
<p>Utskottet välkomnar reglerna men anser att de är för snävt utformade och inte tar hänsyn till teknikutvecklingen. Vidare är det enligt utskottet viktigt att man drar nytta av de organisationer och företag som i dag bedriver utbildning för förarintyg för fritidsbåt. Därför föreslår utskottet tre tillkännagivanden, uppmaningar, till regeringen om att den bör</p>
<ul>
<li>införa ett nytt teknikneutralt obligatoriskt förarbevis kopplat till fart för vissa vattenfordon utan att lagen ytterligare fördröjs</li>
<li>se till att den samordnande myndigheten bejakar möjligheten att ge båtlivets befintliga utbildningsorganisation och andra externa aktörer möjlighet att utbilda och examinera för förarbevis</li>
<li>se till att den samordnande myndigheten bejakar möjligheten att ge båtlivets befintliga utbildningsorganisation och andra externa aktörer som erbjuder utbildning och examination möjlighet att utfärda förarbevis.</li>
</ul>
<p>Förslagen om tillkännagivanden har sin grund i förslag i motioner.</p>
                                            ",413818
1263148,statustext,statustext,Ärendet är avslutat,1263146
1187880,tilldelat,Tilldelat,Arbetsmarknadsutskottet,1187877
687882,tilldelat,Tilldelat,Socialutskottet,687879
299436,tilldelat,Tilldelat,Kulturutskottet,299433
1037225,beslutssammanfattningusk,Utskottets förslag till beslut,Bifall till propositionen. Bifall till initiativ. Avslag på motionerna.,1037224
1837815,statustext,statustext,Ärendet är avslutat,1837813
2094803,statustext,statustext,Ärendet är avslutat,2094801
1934762,tilldelat,Tilldelat,Finansutskottet,1934759
3289547,statustext,statustext,Ärendet är avslutat,3289545
2050621,beslutssammanfattningusk,Utskottets förslag till beslut,Bifall till propositionen. Avslag på motionerna.,2050620
1624568,tilldelat,Tilldelat,Utrikesutskottet,1624565
208811,motgrund,Motionsgrund,Redogörelse 2009/10:ER1,208810
1142174,tilldelat,Tilldelat,Socialutskottet,1142171
2039068,motkat,Motionskategori,Fristående motion,2039067
346051,tilldelat,Tilldelat,Skatteutskottet,346048
3328772,motkat,Motionskategori,Fristående motion,3328771
1171857,statustext,statustext,Ärendet är avslutat,1171855
1208366,notisrubrik,Beslut,Nej till motioner om mervärdesskatt (SkU20),1208363
619383,beslutssammanfattningusk,Utskottets förslag till beslut,"",619382
1133485,tilldelat,Tilldelat,Konstitutionsutskottet,1133482
324129,tilldelat,Tilldelat,Skatteutskottet,324125
1481576,tilldelat,Tilldelat,Trafikutskottet,1481573
1556830,tilldelat,Tilldelat,Socialutskottet,1556827
1735556,beslutssammanfattningusk,Utskottets förslag till beslut,Skrivelsen läggs till handlingarna. Avslag på motionerna.,1735554
1907406,motkat,Motionskategori,Fristående motion,1907405
1942233,tilldelat,Tilldelat,Justitieutskottet,1942230
901966,motkat,Motionskategori,Fristående motion,901965
612878,motgrund,Motionsgrund,Proposition 2007/08:99,612877
1541836,statustext,statustext,Ärendet är avslutat,1541831
1230909,motkat,Motionskategori,Fristående motion,1230908
1212987,tilldelat,Tilldelat,Justitieutskottet,1212984
233269,statustext,statustext,Ärendet är avslutat,233267
1838682,statustext,statustext,Ärendet är avslutat,1838680
349537,motkat,Motionskategori,Fristående motion,349536
1468224,tilldelat,Tilldelat,Skatteutskottet,1468221
1634509,motkat,Motionskategori,Fristående motion,1634508
1810308,rdbeslut,Riksdagens beslut,Kammaren biföll utskottets förslag.,1810302
113351,statustext,statustext,Ärendet är avslutat,113346
1051773,utsknotis,Utskottets förslag till beslut,"<p>Utrikesutskottet har behandlat en redogörelse för verksamheten i riksdagens delegation till Europarådets parlamentariska församling för året 2024. </p>
<p>Under många år har debatten i församlingen alltmer kommit att handla om att medlemsländer brister när det gäller att värna om organisationens grundprinciper som handlar om demokrati, mänskliga rättigheter och rättsstatsprincipen. Vissa länder agerar, i både ord och handling, tvärtemot sina åtaganden enligt Europarådets stadgar. Det finns en stor frustration över medlemsstaternas oförmåga att följa Europadomstolens beslut. </p>
<p>Det finns en rad pågående konflikter mellan medlemsländer som kraftigt påverkar samarbetet och debattklimatet i församlingen. </p>
<p>Under 2024 har den parlamentariska församlingen antagit 56 resolutioner, 23 rekommendationer och två yttranden. </p>
<p>Utskottet föreslår att riksdagen lägger redogörelsen till handlingarna, vilket innebär att ärendet avslutas.</p>",1051764
1997405,motkat,Motionskategori,Fristående motion,1997404
973210,statustext,statustext,Ärendet är avslutat,973205
1451657,notis,Beslut i korthet,"<p>Valsystemet ändras så att mandatfördelningen mellan partierna bättre speglar hur väljarna faktiskt har röstat. Ändringarna i regeringsformen gäller val till riksdagen, landstingsfullmäktige och kommunfullmäktige.</p>
<p>Vallagen ändras också:</p>
<ul>
<li>En person som nomineras som kandidat för ett parti ska skriftligt ha sagt ja till detta för att kunna bli vald.</li>
<li>Partierna ska få trycka sina partisymboler i färg på valsedlarna så att väljarna lättare ska kunna se skillnad på valsedlarna.</li>
<li>Så kallade utjämningsmandat införs i kommuner som är indelade i valkretsar.</li>
<li>Det införs en spärr som innebär att ett parti måste få minst 3 procent av rösterna för att få mandat i en kommun som är indelad i valkretsar, och minst 2 procent av rösterna i kommuner som inte är det.</li>
</ul>
<p>För att ändra en grundlag krävs att riksdagen fattar två beslut med likadant innehåll och att det hålls ett val till riksdagen mellan de två besluten. Under våren 2014 sa riksdagen ja till förslaget om ändringar i regeringsformen som vilande. Riksdagen sa nu på nytt ja till förslaget.&nbsp;Riksdagen sa&nbsp;också ja till förslaget om ändringar i vallagen.</p>
<p>De nya reglerna gäller från den 1 januari 2015 och tillämpas för första gången vid ordinarie val 2018.</p>",1451655
1088059,tilldelat,Tilldelat,Miljö- och jordbruksutskottet,1088056
3283346,tilldelat,Tilldelat,Näringsutskottet,3283343
928754,motkat,Motionskategori,Fristående motion,928753
468674,motkat,Motionskategori,Fristående motion,468673
651760,statustext,statustext,Ärendet är avslutat,651758
1459156,notis,Beslut i korthet,"<p>Riksdagen sa ja till förslag från Moderaterna, Centerpartiet, Folkpartiet och Kristdemokraterna om fördelningen av pengar till integration och jämställdhet för 2015. Det innebär skillnader i anslagen till integrationsåtgärder och särskilda jämställdhetsåtgärder jämfört med regeringens förslag.</p>
<p>Den sammanlagda summan i statens budget för integration och jämställdhet är knappt 17 miljarder kronor för 2015. Mest pengar går till ersättningar till kommuner vid flyktingmottagande (knappt 9,5 miljarder) och etableringsersättning till vissa nyanlända invandrare (drygt 4 miljarder).</p>",1459154
1098627,utsknotis,Utskottets förslag till beslut,<p>  Utrikesutskottet föreslår att riksdagen godkänner ett tillägg till Europakonventionen som innebär att dödsstraff förbjuds under alla omständigheter.</p>,1098621
2209542,statustext,statustext,Ärendet är avslutat,2209539
1405002,motkat,Motionskategori,Fristående motion,1405001
1687631,statustext,statustext,Ärendet är avslutat,1687629
1265873,motkat,Motionskategori,Fristående motion,1265871
572565,motkat,Motionskategori,Fristående motion,572564
3344749,tilldelat,Tilldelat,Socialutskottet,3344746
477895,motkat,Motionskategori,Fristående motion,477894
407550,beslutdatumtid,Datum och tid för beslutet,2019-01-23 00:00:00,407549
1025167,tilldelat,Tilldelat,Arbetsmarknadsutskottet,1025164
3314889,motkat,Motionskategori,Fristående motion,3314888
262641,utsknotis,Utskottets förslag till beslut,"<p>Regeringen föreslår ändringar i statens budget för 2015. Förslaget innebär höjda ramar för 10 utgiftsområden. I förslaget ingår också ändrade nivåer för 26 anslag inom olika utgiftsområden. 19 anslag ska ökas och 7 anslag minskas. Anslagen ökar med 5,7 miljarder kronor och gäller bland annat en höjning av anslaget för EU-avgiften. Minskningarna ligger på 0,2 miljarder kronor och ska användas till att finansiera en del av anslagsökningarna.</p>
<p>Användningen av fyra anslag inom fyra utgiftsområden ändras. Dessutom förändras vissa bemyndiganden om ekonomiska åtaganden. Regeringen föreslår också en ny beräkning av statens inkomster från energiskatter. Det innebär att skattebefrielsen för vissa biodrivmedel i motorbränsle minskar. Ändringarna gäller från den 1 december 2015.</p>
<p>Finansutskottet föreslår att riksdagen säger ja till regeringens förslag.</p>",262635
881968,motkat,Motionskategori,Fristående motion,881967
707488,statustext,statustext,Ärendet är avslutat,707485
262499,statustext,statustext,Ärendet är avslutat,262497
2193991,statustext,statustext,Ärendet är avslutat,2193989
3134722,motkat,Motionskategori,Fristående motion,3134720
3356690,tilldelat,Tilldelat,Trafikutskottet,3356687
958925,notis,Beslut i korthet,"Arbetstagare ska fr.o.m. den 1 september 2001 ha rätt, men inte skyldighet, att stanna kvar i anställningen till 67 års ålder. Det ska i fortsättningen inte att vara möjligt att träffa avtal om avgångsskyldighet dessförinnan. Lagen träder i kraft den 1 september 2001. Enligt en övergångsbestämmelse ska kollektivavtal som ingåtts före ikraftträdandet trots den nya regeln gälla fram till dess att avtalet löpt ut eller längst till utgången av år 2002. För att göra det möjligt också för läkare, sjukgymnaster, tandläkare och tandhygienister att fortsätta förvärvsarbeta höjs åldersgränserna från 65 till 67 år för rätt till ersättning enligt lagen om läkarvårdsersättning, lagen om ersättning för sjukgymnastik och lagen om allmän försäkring. Riksdagen gav, med anledning av motionsförslag, regeringen i uppdrag att återkomma med förslag att i nästa steg avskaffa dessa åldersgränser helt. ",958923
621285,tilldelat,Tilldelat,Skatteutskottet,621281
1503956,tilldelat,Tilldelat,Trafikutskottet,1503953
791615,motkat,Motionskategori,Fristående motion,791614
730858,tilldelat,Tilldelat,Socialutskottet,730855
629704,tilldelat,Tilldelat,Arbetsmarknadsutskottet,629698
1291959,statustext,statustext,Ärendet är avslutat,1291957
194879,statustext,statustext,Ärendet är avslutat,194877
1800970,tilldelat,Tilldelat,Socialutskottet,1800967
1051950,utsknotis,Utskottets förslag till beslut,"<p>Utrikesutskottet föreslår att riksdagen lägger redogörelsen för verksamheten inom Interparlamentariska unionen (IPU) och den svenska delegationens arbete under 2023, till handlingarna. IPU grundades 1889 med syfte att arbete för fred och mellanfolkligt samarbete. Organisationen har 181 nationella parlament som medlemmar. </p>
<p>Under 2024 debatterade IPU-församlingen huvudsakligen Rysslands krig mot Ukraina, kriget mellan Israel och Hamas, kränkningar av parlamentarikers mänskliga rättigheter och parlaments möjligheter att motverka internationell terrorism. Dessutom debatterades jämställdhets- och hållbarhetsfrågor, möjligheter för unga människor att komma till tals inom organisationens medlemsparlament samt hur parlament kan spela en aktiv och konstruktiv roll inom vetenskap och forskning.</p>",1051941
534100,tilldelat,Tilldelat,Arbetsmarknadsutskottet,534093
462404,tilldelat,Tilldelat,Kulturutskottet,462401
1626863,motkat,Motionskategori,Fristående motion,1626862
1433197,tilldelat,Tilldelat,Näringsutskottet,1433194
2129351,tilldelat,Tilldelat,Konstitutionsutskottet,2129348
3230696,motkat,Motionskategori,Följdmotion,3230694
1755081,motkat,Motionskategori,Fristående motion,1755080
1763540,tilldelat,Tilldelat,Utrikesutskottet,1763537
143604,statustext,statustext,Ärendet är avslutat,143602
465399,tilldelat,Tilldelat,Arbetsmarknadsutskottet,465396
2233224,tilldelat,Tilldelat,Finansutskottet,2233221
1762754,tilldelat,Tilldelat,Kulturutskottet,1762751
1210142,tilldelat,Tilldelat,Utrikesutskottet,1210139
851419,motkat,Motionskategori,Fristående motion,851418
495805,tilldelat,Tilldelat,Skatteutskottet,495802
2220271,tilldelat,Tilldelat,Finansutskottet,2220268
1991907,motkat,Motionskategori,Fristående motion,1991906
1003463,utsknotisrubrik,Utskottets förslag,Personlig assistans till personer över 65 år (SoU3),1003456
2004069,motkat,Motionskategori,Följdmotion,2004067
3333783,notisrubrik,Beslut,Barn ska kunna vårdas mot den ena vårdnadshavarens vilja (CU12),3333780
534727,motkat,Motionskategori,Fristående motion,534726
806850,inlamnatav,Inlämnat av,Finansdepartementet,806849
2202229,motkat,Motionskategori,Fristående motion,2202228
67943,tilldelat,Tilldelat,Miljö- och jordbruksutskottet,67940
1834277,motkat,Motionskategori,Fristående motion,1834276
1030465,statustext,statustext,Ärendet är avslutat,1030462
1215967,motkat,Motionskategori,Fristående motion,1215966
2143794,notisrubrik,Beslut,Nej till motioner om offentlig upphandling (FiU34) ,2143788
1327999,tilldelat,Tilldelat,Justitieutskottet,1327996
1259365,motkat,Motionskategori,Fristående motion,1259364
869630,notisrubrik,Beslut,Ändringar i riksdagens organisation och arbetsformer (KU21),869627
471749,statustext,statustext,Ärendet är avslutat,471747
930804,motkat,Motionskategori,Fristående motion,930803
866366,motkat,Motionskategori,Fristående motion,866365
1059603,notis,Beslut i korthet,Riksdagen ställde sig bakom de förslag Riksdagens revisorer lagt fram med anledning av sin granskning av den nya modell för statliga kreditgarantier som infördes 1997. Den nya garantimodellen ska omfatta också äldre garantier som efter hand ska inordnas i det nya systemet. Invärderingen av dessa äldre garantier ska ha slutförts senast vid utgången av 2001. Riksdagen gav regeringen i uppdrag att göra en översyn av det garantisystem som används för att främja bostadsinvesteringar.,1059601
3260056,rdbeslut,Riksdagens beslut,Kammaren biföll utskottets förslag.,3260047
1392370,motkat,Motionskategori,Fristående motion,1392369
1611394,motkat,Motionskategori,Fristående motion,1611393
2188900,motkat,Motionskategori,Fristående motion,2188899
2217537,statustext,statustext,Ärendet är avslutat,2217535
2220432,motkat,Motionskategori,Fristående motion,2220431
2219718,statustext,statustext,Ärendet är avslutat,2219713
3237282,statustext,statustext,Ärendet är avslutat,3237279
986474,tilldelat,Tilldelat,Trafikutskottet,986471
706465,tilldelat,Tilldelat,Konstitutionsutskottet,706462
884834,tilldelat,Tilldelat,Konstitutionsutskottet,884831
1417360,statustext,statustext,Ärendet är avslutat,1417358
961378,notisrubrik,Beslut,Skärpta straff för gravfridsbrott (JuU43),961372
451133,notisrubrik,Beslut,Ja till nya lagar om ersättning och stöd kring riksdagsarbetet (KU3),451128
275226,inlamnatav,Inlämnat av,Utrikesdepartementet,275225
1014563,motkat,Motionskategori,Fristående motion,1014562
1441989,motkat,Motionskategori,Fristående motion,1441988
3121997,statustext,statustext,Ärendet är avslutat,3121993
1386467,tilldelat,Tilldelat,Miljö- och jordbruksutskottet,1386461
174866,tilldelat,Tilldelat,Utrikesutskottet,174863
1156769,tilldelat,Tilldelat,Socialförsäkringsutskottet,1156766
1991819,tilldelat,Tilldelat,Socialutskottet,1991816
792684,statustext,statustext,Ärendet är avslutat,792682
2020804,motkat,Motionskategori,Fristående motion,2020803
160979,tilldelat,Tilldelat,Justitieutskottet,160976
519768,statustext,statustext,Ärendet är avslutat,519766
483447,tilldelat,Tilldelat,Konstitutionsutskottet,483443
1986819,tilldelat,Tilldelat,Miljö- och jordbruksutskottet,1986816
2256362,tilldelat,Tilldelat,Näringsutskottet,2256359
1980080,statustext,statustext,Ärendet är avslutat,1980078
823105,statustext,statustext,Ärendet är avslutat,823103
2083136,statustext,statustext,Ärendet är avslutat,2083134
2138558,tilldelat,Tilldelat,Socialutskottet,2138555
1220378,statustext,statustext,Ärendet är avslutat,1220376
756331,motkat,Motionskategori,Fristående motion,756330
1266391,motkat,Motionskategori,Fristående motion,1266390
1534196,rdbeslut,Riksdagens beslut,Kammaren biföll utskottets förslag,1534192
790624,statustext,statustext,Ärendet är avslutat,790622
202127,motgrund,Motionsgrund,Proposition 2009/10:41,202126
88533,tilldelat,Tilldelat,Utrikesutskottet,88529
428087,motkat,Motionskategori,Fristående motion,428086
2131362,tilldelat,Tilldelat,Trafikutskottet,2131359
68962,motkat,Motionskategori,Fristående motion,68961
300090,tilldelat,Tilldelat,Utrikesutskottet,300087
1310887,motkat,Motionskategori,Fristående motion,1310886
365887,tilldelat,Tilldelat,Utbildningsutskottet,365883
2116266,tilldelat,Tilldelat,Försvarsutskottet,2116263
765333,rdbeslut,Riksdagens beslut,Kammaren biföll utskottet,765329
372702,tilldelat,Tilldelat,Trafikutskottet,372699
2215426,statustext,statustext,Ärendet är avslutat,2215422
261676,motgrund,Motionsgrund,Proposition 2020/21:21,261675
553183,motkat,Motionskategori,Fristående motion,553182
546791,tilldelat,Tilldelat,Näringsutskottet,546788
1920507,tilldelat,Tilldelat,Näringsutskottet,1920504
275905,statustext,statustext,Ärendet är avslutat,275902
1974578,statustext,statustext,Ärendet är avslutat,1974576
309379,motkat,Motionskategori,Fristående motion,309378
1307175,tilldelat,Tilldelat,Kulturutskottet,1307172
199316,motkat,Motionskategori,Följdmotion,199314
1337459,motkat,Motionskategori,Fristående motion,1337458
1580638,tilldelat,Tilldelat,Trafikutskottet,1580635
361238,motgrund,Motionsgrund,Proposition 1999/2000:147,361237
142411,statustext,statustext,Ärendet är avslutat,142409
2171940,motkat,Motionskategori,Fristående motion,2171939
2015035,tilldelat,Tilldelat,Utbildningsutskottet,2015032
1312951,notis,Beslut i korthet,"                           <p>Konsumentombudsmannen, Konsumentverket, Finansinspektionen och Läkemedelsverket ska få ökade befogenheter på konsumentskyddsområdet. Förändringarna är en följd av en ny EU-förordning om samarbete mellan tillsynsmyndigheter på konsumentområdet. Riksdagen sa ja till regeringens förslag.</p>
<p>Bland annat ska myndigheterna ha rätt att köpa produkter under dold identitet, så kallade testköp, för att upptäcka överträdelser av regler som skyddar konsumenterna.</p>
<p>Vidare ska en näringsidkare som bryter mot den konsumentskyddande lagstiftningen på internet, exempelvis genom otillbörlig marknadsföring, kunna bli skyldig att visa ett varningsmeddelande på webbplatsen. Samma skyldighet ska också gälla för en värdtjänstleverantör eller internetleverantör.</p>
<p>Lagändringarna börjar gälla 1 juli 2020.</p>
                                            ",1312947
281113,statustext,statustext,Ärendet är avslutat,281111
668544,statustext,statustext,Ärendet är avslutat,668542
1994813,motkat,Motionskategori,Fristående motion,1994812
2223758,notisrubrik,Beslut,Säkerhetskopior av e-post efter tsunamin sekretessbeläggs (KU26),2223755
753375,motkat,Motionskategori,Fristående motion,753374
3314111,motkat,Motionskategori,Följdmotion,3314109
461300,motkat,Motionskategori,Fristående motion,461298
90188,notisrubrik,Beslut,Ändringar i reglerna på elmarknadsområdet (NU10),90182
380148,motkat,Motionskategori,Fristående motion,380147
1468246,tilldelat,Tilldelat,Utbildningsutskottet,1468243
440355,motkat,Motionskategori,Fristående motion,440354
567731,tilldelat,Tilldelat,Skatteutskottet,567728
2159656,statustext,statustext,Ärendet är avslutat,2159654
920642,tilldelat,Tilldelat,Socialutskottet,920639
1811626,tilldelat,Tilldelat,Socialutskottet,1811623
1094176,tilldelat,Tilldelat,Trafikutskottet,1094173
1789165,motkat,Motionskategori,Fristående motion,1789163
269771,tilldelat,Tilldelat,Konstitutionsutskottet,269768
1848601,tilldelat,Tilldelat,Justitieutskottet,1848598
453552,statustext,statustext,Ärendet är avslutat,453550
997239,motgrund,Motionsgrund,Proposition 2001/02:119,997238
687529,motkat,Motionskategori,Fristående motion,687528
260846,debattdatumtid,Datum och tid för debatten,2016-06-08 00:00:00,260844
381743,statustext,statustext,Motionen bereds i utskott,381741
220380,statustext,statustext,Ärendet är avslutat,220372
1165334,statustext,statustext,Ärendet är avslutat,1165332
3117139,statustext,statustext,Ärendet är avslutat,3117137
188127,tilldelat,Tilldelat,Skatteutskottet,188124
1103291,motkat,Motionskategori,Fristående motion,1103290
681505,tilldelat,Tilldelat,Civilutskottet,681502
3347160,tilldelat,Tilldelat,Skatteutskottet,3347156
1192929,tilldelat,Tilldelat,Socialutskottet,1192926
1797521,statustext,statustext,Ärendet är avslutat,1797519
857270,statustext,statustext,Ärendet är avslutat,857265
2161404,motkat,Motionskategori,Fristående motion,2161403
1841910,motkat,Motionskategori,Fristående motion,1841909
1540040,motkat,Motionskategori,Fristående motion,1540039
1700273,inlamnatav,Inlämnat av,Justitiedepartementet,1700272
395626,tilldelat,Tilldelat,Trafikutskottet,395623
156854,utsknotis,Utskottets förslag till beslut,"<p>Justitieutskottet har granskat EU-kommissionens meddelande till Europaparlamentet och rådet. Meddelandet gäller den kontroll av Europols verksamhet som görs av Europaparlamentet tillsammans med de nationella parlamenten. Hur kontrollen har fungerat och hur den skulle kunna utvecklas.   </p><p>I sin granskning betonar justitieutskottet följande:</p><p><ul></p><p><li>Det är viktigt att den parlamentariska kontrollen upprätthåller balansen mellan åtgärder för att skydda medborgarna och åtgärder till skydd för den personliga integriteten. </p><p></li></p><p><li>Utskottet anser att kommissionen bör utarbeta en gemensam tidsplan och ett gemensamt förfarande för den parlamentariska kontrollen av Europol och Eurojust.</p><p></li></p><p><li>Utskottet ser positivt på kommissionens förslag att inrätta ett gemensamt interparlamentariskt forum. Samtidigt betonar utskottet behovet av att ta fram en förordning enligt artikel 88 i fördraget om Europeiska unionens funktionssätt.</p><p></li></p><p><li>Formerna för den parlamentariska kontrollen bör vara enkel, snabb och konkret och det bör inte inrättas några nya myndigheter för detta ändamål.</li></p><p><li>Fokuset för den parlamentariska kontrollen bör vara att följa upp strategier och resultat snarare än enskilda beslut. </p><p></li></p><p><li>Företrädare för nationella parlamentens utskott ska ha samma förutsättningar som företrädare för motsvarande utskott i Europaparlamentet att delta i kontrollen. </p><p></li></ul></p><p>Utskottet föreslår att riksdagen avslutar ärendet. Därefter skickas utlåtandet till Regeringskansliet och för kännedom till EU- kommissionen.</p><p></p><p> </p><p></p><p></p>",156848
1013422,motkat,Motionskategori,Följdmotion,1013420
1641441,motkat,Motionskategori,Fristående motion,1641440
1516563,tilldelat,Tilldelat,Socialutskottet,1516560
2067623,tilldelat,Tilldelat,Skatteutskottet,2067620
1922927,motkat,Motionskategori,Fristående motion,1922926
755171,utsknotis,Utskottets förslag till beslut,"                           <p>Miljö- och jordbruksutskottet föreslår att riksdagen säger nej till ett sjuttiotal förslag i motioner från den allmänna motionstiden 2020 om vattenvård. Detta främst med hänvisning till att arbete redan pågår i flera av de frågor som motionerna tar upp.</p>
<p>Motionerna handlar bland annat om en hållbar förvaltning av haven, forskning om haven och döda havsbottnar, åtgärder för våtmarker och mot övergödning, nationellt mål för fosfor- och kväveåterföring, rådgivning om enskilda avlopp, EU:s vattendirektiv och olika vattenföroreningar.</p>
                                            ",755163
1067220,motkat,Motionskategori,Följdmotion,1067218
1883830,motkat,Motionskategori,Fristående motion,1883829
1713079,tilldelat,Tilldelat,Utbildningsutskottet,1713074
3319713,tilldelat,Tilldelat,Trafikutskottet,3319710
784407,statustext,statustext,Ärendet är avslutat,784405
259574,motkat,Motionskategori,Fristående motion,259573
1393599,motkat,Motionskategori,Fristående motion,1393598
470029,motkat,Motionskategori,Fristående motion,470028
2157247,tilldelat,Tilldelat,Utbildningsutskottet,2157244
1519423,tilldelat,Tilldelat,Konstitutionsutskottet,1519420
530466,tilldelat,Tilldelat,Socialutskottet,530463
1088941,motkat,Motionskategori,Fristående motion,1088940
3130737,tilldelat,Tilldelat,Justitieutskottet,3130734
1173448,statustext,statustext,Ärendet är avslutat,1173446
250860,tilldelat,Tilldelat,Trafikutskottet,250856
129552,tilldelat,Tilldelat,Civilutskottet,129546
1127329,beslutssammanfattningusk,Utskottets förslag till beslut,Avslag på motionerna.,1127328
1365593,statustext,statustext,Ärendet är avslutat,1365591
3303492,statustext,statustext,Ärendet är avslutat,3303489
1074908,beslutdatumtid,Datum och tid för beslutet,2018-05-23 00:00:00,1074907
362880,inlamnatav,Inlämnat av,Näringsdepartementet,362879
1834147,statustext,statustext,Ärendet är avslutat,1834142
628076,tilldelat,Tilldelat,Utbildningsutskottet,628073
2015179,statustext,statustext,Ärendet är avslutat,2015177
316601,statustext,statustext,Ärendet är avslutat,316599
759708,motkat,Motionskategori,Fristående motion,759707
1583516,motkat,Motionskategori,Fristående motion,1583515
1754990,motkat,Motionskategori,Fristående motion,1754986
1104536,tilldelat,Tilldelat,Utrikesutskottet,1104533
1517335,beslutdatumtid,Datum och tid för beslutet,2024-03-14 00:00:00,1517333
494810,debattdatumtid,Datum och tid för debatten,2018-06-15 00:00:00,494807
179147,motkat,Motionskategori,Fristående motion,179146
864742,tilldelat,Tilldelat,Arbetsmarknadsutskottet,864739
1385033,tilldelat,Tilldelat,Utbildningsutskottet,1385030
1653397,motkat,Motionskategori,Fristående motion,1653396
1665842,arendestatuskammaren,Beslutat,"",1665841
585030,tilldelat,Tilldelat,Konstitutionsutskottet,585027
3299308,tilldelat,Tilldelat,Socialförsäkringsutskottet,3299305
3284861,motkat,Motionskategori,Fristående motion,3284860
359219,motgrund,Motionsgrund,Proposition 2000/01:26,359218
3341723,statustext,statustext,Ärendet är avslutat,3341720
3233810,statustext,statustext,Ärendet är avslutat,3233808
2138690,statustext,statustext,Ärendet är avslutat,2138688
59268,motkat,Motionskategori,Följdmotion,59266
3249684,motkat,Motionskategori,Fristående motion,3249683
3302718,rdbeslut,Riksdagens beslut,Kammaren biföll utskottets förslag.,3302712
416781,statustext,statustext,Motionen bereds i utskott,416779
2119864,statustext,statustext,Ärendet är avslutat,2119862
377753,motkat,Motionskategori,Följdmotion,377751
1864161,debattdatumtid,Datum och tid för debatten,2023-12-15 00:00:00,1864157
439248,statustext,statustext,Ärendet är avslutat,439246
1475234,beslutssammanfattningusk,Utskottets förslag till beslut,Skrivelsen läggs till handlingarna.,1475232
2241953,motkat,Motionskategori,Fristående motion,2241952
787625,statustext,statustext,Ärendet är avslutat,787623
1136901,statustext,statustext,Ärendet är avslutat,1136899
1799689,tilldelat,Tilldelat,Lagutskottet,1799686
1846348,debattdatumtid,Datum och tid för debatten,2022-03-01 00:00:00,1846344
146574,debattdatumtid,Datum och tid för debatten,2025-11-12 00:00:00,146570
1806693,motkat,Motionskategori,Fristående motion,1806692
96439,beslutssammanfattningusk,Utskottets förslag till beslut,Bifall till propositionen. Avslag på motionerna.,96438
124033,motkat,Motionskategori,Fristående motion,124032
1885497,tilldelat,Tilldelat,Miljö- och jordbruksutskottet,1885493
2219174,utsknotis,Utskottets förslag till beslut,"                           <p>Regeringen vill införa en ny lag som ska underlätta vid de kontroller som Olaf, europeiska byrån för bedrägeribekämpning, genomför i Sverige. Olaf är det EU-organ som arbetar för att avslöja och stoppa bedrägerier med EU-pengar.</p>
<p>Lagen innebär att de svenska myndigheter som deltar i Olafs kontroller ska ges utökade befogenheter. Bland annat ska de få de undersökningsbefogenheter som behövs vid Olafs platskontroller, och kunna begära handräckning av Kronofogdemyndigheten.</p>
<p>Syftet med lagen är att bättra svara upp till de krav som EU:s medlemsländer har på sig om att ge Olaf det stöd som behövs i arbetet.</p>
<p>Justitieutskottet föreslår att riksdagen säger ja till regeringens förslag och att den nya lagen börjar gälla den 1 maj 2017.</p>
                                            ",2219166
1353499,motkat,Motionskategori,Fristående motion,1353498
1548066,tilldelat,Tilldelat,Justitieutskottet,1548062
1485102,statustext,statustext,Ärendet är avslutat,1485100
897770,tilldelat,Tilldelat,Skatteutskottet,897767
435343,utsknotis,Utskottets förslag till beslut,"                           <p>Personuppgifter ska, även fortsättningsvis, kunna behandlas och utbytas mellan myndigheter när det behövs för att förebygga, förhindra eller avslöja brott liksom att se till att straff verkställs. Justitieutskottet föreslår att riksdagen säger ja till regeringens förslag om en ny brottsdatalag.</p>
<p>Syftet med den nya lagen är att skydda människors grundläggande rättigheter men samtidigt se till att myndigheter kan utbyta personuppgifter med varandra när det är nödvändigt.</p>
<p>Hur personuppgifter ska hanteras regleras i stort i EU:s nya dataskyddsförordning som började gälla i Sverige den 25 maj. Lagen är dock inte anpassad till de särskilda förutsättningar som gäller för personuppgiftsbehandling när det gäller brott och straff. Därför införs nu en ny brottsdatalag som kompletterar EU:s dataskyddslag.</p>
<p>Lagändringarna föreslås i huvudsak börja gälla den 1 augusti 2018.</p>
                                            ",435335
1754480,utsknotis,Utskottets förslag till beslut,"                           <p>Svensk lag kompletteras med bestämmelser om etisk granskning vid klinisk läkemedelsprövning, det vill säga undersökningar på människor för att studera effekten av ett läkemedel. Detta för att följa bindande EU-regler.&nbsp;Utbildningsutskottet föreslår att riksdagen säger ja till regeringens förslag.</p>
<p>Förslaget innebär bland annat att en ny myndighet, Etikprövningsmyndigheten, ska göra etiska granskningar av verksamheters ansökningar om tillstånd för klinisk läkemedelsprövning. Myndigheten tar över det ansvaret från nuvarande regionala nämnder den 1 januari 2019.</p>
<p>Den etiska granskningen ska utgå från samma bestämmelser som vid etikprövning av forskning och beslutsprocessen kommer att innehålla fler moment jämfört med idag. Den ska också redovisas i ett yttrande till Läkemedelsverket som beslutar om tillstånd för detta.</p>
<p>Lagändringarna föreslås börja gälla den dag som regeringen bestämmer.</p>
                                            ",1754472
1933234,notisrubrik,Beslut,Skatteregler för flyg- och fartygsbränsle ändras (SkU12),1933231
1536663,tilldelat,Tilldelat,Trafikutskottet,1536660
1631045,statustext,statustext,Motionen bereds i utskott,1631043
1325335,motkat,Motionskategori,Fristående motion,1325334
90880,tilldelat,Tilldelat,Skatteutskottet,90876
3313377,statustext,statustext,Ärendet är avslutat,3313375
1905408,motkat,Motionskategori,Fristående motion,1905407
1519819,statustext,statustext,Ärendet är avslutat,1519817
1351300,statustext,statustext,Ärendet är avslutat,1351298
3232575,motkat,Motionskategori,Fristående motion,3232574
1693921,statustext,statustext,Ärendet är avslutat,1693918
1300047,tilldelat,Tilldelat,Socialutskottet,1300044
907095,tilldelat,Tilldelat,Socialutskottet,907092
3326256,statustext,statustext,Ärendet är avslutat,3326254
817003,statustext,statustext,Ärendet är avslutat,817001
708561,notis,Beslut i korthet,"Riksdagen gav regeringen i uppdrag att göra en utvärdering av verksamheten vid Granskningsnämnden för radio och TV. Riksdagen konstaterar att nämnden har fått kritik för sina arbetsmetoder och att resultatet av granskningar har ifrågasatts. Granskningsnämnden är en statlig myndighet som granskar innehållet i radio- och tv-program efter anmälningar från tittare och lyssnare eller på eget initiativ. Riksdagen sade också ja till en reservation från s, v, och mp som innebär att regeringen får i uppdrag att se över mediekoncentrationen, som under senare år har ökat. Vidare sade riksdagen nej till motioner från allmänna motionstiden 2006 och 2007 om tryck- och yttrandefrihet. ",708559
1834993,inlamnatav,Inlämnat av,Miljödepartementet,1834992
1289117,tilldelat,Tilldelat,Utbildningsutskottet,1289114
1066664,motkat,Motionskategori,Följdmotion,1066662
1310640,notisrubrik,Beslut,Ändringar i tryckfrihetsförordningen (KU2),1310634
792141,notisrubrik,Beslut,Lagändringar för att genomföra EU:s barnrättsdirektiv i Sverige (JuU21),792136
408610,statustext,statustext,Ärendet är avslutat,408608
1983617,motkat,Motionskategori,Fristående motion,1983616
3295264,statustext,statustext,Ärendet är avslutat,3295261
455352,tilldelat,Tilldelat,Konstitutionsutskottet,455349
1693922,tilldelat,Tilldelat,Utrikesutskottet,1693918
328992,utsknotis,Utskottets förslag till beslut,<p>Riksdagsordningen och några andra lagar ändras:<ul><li>Formerna för att utse riksdagsdirektör ändras.</li><li>Försöksverksamheten med att besvara interpellationer under sommaren blir permanent.</li><li>Kravet på att ledamöterna ska underteckna interpellationer och skriftliga frågor slopas.</li><li>Det införs ett nytt enhetligt system för riksdagsledamöternas enskilda utrikes tjänsteresor.</li><li>Ledamöterna ska åter ha rätt att lämna in motioner med anledning av alla skrivelser och redogörelser. Denna rätt togs bort 2006.</li></ul>De nya reglerna börjar gälla den 1 april 2009. Konstitutionsutskottet föreslår att riksdagen säger ja till riksdagsstyrelsens förslag.</p>,328986
1612250,statustext,statustext,Ärendet är avslutat,1612248
1384285,tilldelat,Tilldelat,Utbildningsutskottet,1384282
1275116,utsknotisrubrik,Utskottets förslag,Nej till motioner om processrättsliga frågor (JuU11),1275109
957397,utsknotisrubrik,Utskottets förslag,Migration och asylpolitik (SfU9),957390
1387662,motkat,Motionskategori,Fristående motion,1387661
1247817,tilldelat,Tilldelat,Utbildningsutskottet,1247814
940300,statustext,statustext,Ärendet är avslutat,940298
953032,motkat,Motionskategori,Fristående motion,953031
2075314,statustext,statustext,Ärendet är avslutat,2075312
1996851,notis,Beslut i korthet,"Riksdagen avslog motioner bl.a. från allmänna motionstiden 1999 om det nya pensionssystemet. Motionerna behandlar bl.a. pensionsrätt vid adoption, frågor om flexibel pensionsålder, inrättande av utbildningskonton, den allmänna ålderspensionsavgiften och genomförandet av den övergångsvisa garantipensionen.",1996849
1184083,statustext,statustext,Ärendet är avslutat,1184081
1606221,motkat,Motionskategori,Fristående motion,1606220
405000,beslutssammanfattningusk,Utskottets förslag till beslut,Bifall till propositionen. Avslag på samtliga motioner.,404999
2053413,statustext,statustext,Ärendet är avslutat,2053411
1715079,motgrund,Motionsgrund,Proposition 2019/20:28,1715078
1165244,motkat,Motionskategori,Fristående motion,1165243
103055,rdbeslut,Riksdagens beslut,Bifall till utskottets hemställan,103051
1664739,tilldelat,Tilldelat,Trafikutskottet,1664736
1848346,tilldelat,Tilldelat,Utbildningsutskottet,1848343
1661291,statustext,statustext,Ärendet är avslutat,1661289
657826,statustext,statustext,Ärendet är avslutat,657824
525738,motkat,Motionskategori,Fristående motion,525737
1821908,statustext,statustext,Ärendet är avslutat,1821906
1801045,tilldelat,Tilldelat,Trafikutskottet,1801035
1592723,rdbeslut,Riksdagens beslut,Kammaren biföll utskottets förslag till beslut.,1592719
901560,tilldelat,Tilldelat,Bostadsutskottet,901557
1398198,tilldelat,Tilldelat,Kulturutskottet,1398195
3296695,inlamnatav,Inlämnat av,Justitiedepartementet,3296694
3235907,motkat,Motionskategori,Fristående motion,3235906
1605107,statustext,statustext,Ärendet är avslutat,1605105
734890,tilldelat,Tilldelat,Justitieutskottet,734886
192399,beslutdatumtid,Datum och tid för beslutet,2024-12-17 00:00:00,192397
168431,motkat,Motionskategori,Fristående motion,168430
744578,tilldelat,Tilldelat,Utbildningsutskottet,744574
181911,tilldelat,Tilldelat,Trafikutskottet,181908
1671349,statustext,statustext,Ärendet är avslutat,1671347
1529498,statustext,statustext,Ärendet är avslutat,1529490
343367,tilldelat,Tilldelat,Trafikutskottet,343364
212874,statustext,statustext,Ärendet är avslutat,212872
2006640,tilldelat,Tilldelat,Skatteutskottet,2006637
2002887,tilldelat,Tilldelat,Socialförsäkringsutskottet,2002883
1262977,statustext,statustext,Ärendet är avslutat,1262974
1377124,tilldelat,Tilldelat,Försvarsutskottet,1377121
948123,tilldelat,Tilldelat,Finansutskottet,948120
3100439,statustext,statustext,Ärendet är avslutat,3100437
2039056,statustext,statustext,Ärendet är avslutat,2039054
220084,rdbeslut,Riksdagens beslut,Kammaren biföll utskottets förslag till beslut.,220080
1699776,statustext,statustext,Ärendet är avslutat,1699774
420978,motkat,Motionskategori,Fristående motion,420977
1994518,tilldelat,Tilldelat,Socialförsäkringsutskottet,1994515
1064379,inlamnatav,Inlämnat av,Finansdepartementet,1064378
2148494,motkat,Motionskategori,Fristående motion,2148492
2096692,beslutssammanfattningusk,Utskottets förslag till beslut,Bifall till propositionen. Avslag på motionen.,2096691
2241783,motgrund,Motionsgrund,Proposition 2000/01:128,2241782
3234130,statustext,statustext,Ärendet är avslutat,3234128
2074901,tilldelat,Tilldelat,Socialförsäkringsutskottet,2074898
1831105,statustext,statustext,Ärendet är avslutat,1831103
3283468,utsknotis,Utskottets förslag till beslut,<p>Skattereglerna för skogskonto och skogsskadekonto ändras. Efter den 31 december 2008 kommer sådana konton att kunna föras över till närstående vid generationsskiften utan att själva överföringen leder till beskattning. Vidare öppnas en möjlighet att använda skogskonto och skogsskadekonton för skogsintäkter från fastigheter i ett annat land inom EES. Skatteutskottet föreslår att riksdagen säger ja till regeringens förslag.</p>,3283462
3236170,notis,Beslut i korthet,"<p>Riksdagen godkände på regeringens förslag&nbsp;en överenskommelse om att Europeiska utvecklingsbanken, EBRD, även ska få verka i länder i södra och östra Medelhavsområdet. Överenskommelsen är en följd av de politiska förändringarna i Nordafrika och Mellanöstern våren 2011. Den pågående demokratiutvecklingen i flera länder i Medelhavsområdet är enligt riksdagen av stor historisk betydelse och måste på olika sätt stödjas av EU och Sverige.</p>
<p>Europeiska utvecklingsbanken, eller Europeiska banken för återuppbyggnad och utveckling som den egentligen heter (EBRD), startade sin verksamhet 1991. Bankens uppdrag är att främja övergången från planekonomi till marknadsekonomi och demokrati och byggdes upp mot bakgrund av omvälvningarna i Öst- och Centraleuropa och upplösningen av Sovjetunionen.</p>
<p>Ett krav för att EBRD ska få börja verka i de aktuella länderna i Medelhavsområdet är att länderna uppfyller de politiska och ekonomiska villkor som ställts.</p>",3236168
948453,tilldelat,Tilldelat,Civilutskottet,948450
1541092,tilldelat,Tilldelat,Skatteutskottet,1541089
1070744,tilldelat,Tilldelat,Miljö- och jordbruksutskottet,1070741
680502,tilldelat,Tilldelat,"",680498
3234304,motkat,Motionskategori,Fristående motion,3234303
1436270,tilldelat,Tilldelat,Skatteutskottet,1436267
1480080,motgrund,Motionsgrund,Proposition 1999/2000:68,1480079
3125752,tilldelat,Tilldelat,Justitieutskottet,3125749
1977621,motkat,Motionskategori,Följdmotion,1977619
2018774,tilldelat,Tilldelat,Konstitutionsutskottet,2018770
1284918,statustext,statustext,Ärendet är avslutat,1284916
1161174,statustext,statustext,Ärendet är avslutat,1161167
1417382,tilldelat,Tilldelat,Socialutskottet,1417379
350459,beslutssammanfattningusk,Utskottets förslag till beslut,Bifall till propositionen. Avslag på motionen.,350458
1776260,rdbeslut,Riksdagens beslut,Kammaren biföll utskottets förslag.,1776256
1441476,tilldelat,Tilldelat,Justitieutskottet,1441473
508661,tilldelat,Tilldelat,Arbetsmarknadsutskottet,508658
183761,motkat,Motionskategori,Följdmotion,183759
1510772,statustext,statustext,Ärendet är avslutat,1510770
92004,motgrund,Motionsgrund,Proposition 2004/05:21,92003
1535626,statustext,statustext,Ärendet är avslutat,1535621
301586,motkat,Motionskategori,Fristående motion,301585
951478,tilldelat,Tilldelat,Socialförsäkringsutskottet,951475
410777,motkat,Motionskategori,Fristående motion,410776
1371427,tilldelat,Tilldelat,Arbetsmarknadsutskottet,1371424
3230963,beslutssammanfattningusk,Utskottets förslag till beslut,Redogörelsen läggs till handlingarna. Avslag på motion.,3230962
3341248,utsknotis,Utskottets förslag till beslut,"                           <p>EU-kommissionen har lämnat ett så kallat meddelande om EU:s strategi för arbetet med hormonstörande ämnen. Det övergripande målet i strategin är att skydda EU:s befolkning och miljö från att utsättas för hormonstörande ämnen, och samtidigt upprätthålla EU:s gemensamma marknad. I strategin ingår åtaganden om att minimera den totala exponeringen för hormonstörande ämnen, att stödja nödvändig forskning om hormonstörande ämnen och att främja en aktiv dialog mellan de berörda aktörerna.</p>
<p>Miljö- och jordbruksutskottet som har granskat meddelandet välkomnar att kommissionen har inlett arbetet med en översyn av EU:s lagstiftning på området. Utskottet anser att strategin täcker in de viktigaste frågorna inom området, som att det är viktigt att tydligare belysa hur försiktighetsprincipen ska tillämpas, att särskilt farliga ämnen ska ersättas med bättre alternativ och att det är viktigt att ha en stark och enhetlig tillsyn och marknadskontroll. Utskottets granskning skickas till kommissionen och kommer att finnas tillgängligt för andra medlemsstater.</p>
<p>Utskottet föreslår att riksdagen lägger utlåtandet till handlingarna, det vill säga avslutar ärendet.</p>
                                            ",3341240
2014257,notis,Beslut i korthet,"<p>Riksdagen sa ja till regeringens förslag i budgetpropositionen om drygt 21 miljarder kronor till området jämställdhet och nyanlända invandrares etablering för år 2016. Mest pengar går till ersättningar till kommunerna för flyktingmottagande samt etableringsersättning till vissa nyanlända invandrare.</p>
<p>Riksdagen sa också ja till förslaget om att avskaffa så kallade etableringslotsar. Riksdagen sa nej till de motioner som väckts med anledning av regeringens budgetförslag.</p>",2014255
1850532,tilldelat,Tilldelat,Skatteutskottet,1850529
1356799,tilldelat,Tilldelat,Trafikutskottet,1356796
2043220,motgrund,Motionsgrund,Proposition 2013/14:148,2043219
1506977,motkat,Motionskategori,Följdmotion,1506975
1524812,tilldelat,Tilldelat,Trafikutskottet,1524809
2112593,tilldelat,Tilldelat,Kulturutskottet,2112590
1418558,motkat,Motionskategori,Fristående motion,1418557
663198,tilldelat,Tilldelat,Arbetsmarknadsutskottet,663195
799110,statustext,statustext,Ärendet är avslutat,799108
1371059,motkat,Motionskategori,Fristående motion,1371058
1700507,motkat,Motionskategori,Fristående motion,1700506
1785478,rdbeslut,Riksdagens beslut,Kammaren biföll utskottets förslag.,1785474
1267689,statustext,statustext,Ärendet är avslutat,1267687
819351,tilldelat,Tilldelat,Justitieutskottet,819347
986361,motkat,Motionskategori,Fristående motion,986360
910609,inlamnatav,Inlämnat av,Finansdepartementet,910608
665495,notisrubrik,Beslut,"Partnerskapsavtal mellan EU och staterna i Afrika, Västindien och Stillahavsområdet (UU3)",665493
1169131,debattdatumtid,Datum och tid för debatten,2020-04-15 00:00:00,1169128
260007,notis,Beslut i korthet,"                           <p>Medborgare i EU-länder och deras familjemedlemmar ska få rätt till samma konsulära skydd, alltså hjälp från svenska ambassader och konsulat, som svenska medborgare i länder utanför EU. Riksdagen sa ja till regeringens förslag.</p>
<p>Det innebär att svensk lagstiftning ändras och anpassas till bindande EU-regler om att EU-medborgare som vistas i ett land utanför EU, där landet som de är medborgare i inte har ambassader eller konsulat, ska kunna få konsulärt skydd från andra EU-länder. Lagändringarna&nbsp;innebär att EU-medborgare och deras familjemedlemmar, på samma villkor som svenska medborgare, får rätt att ta del av ekonomiskt bistånd och katastrofinsatser från svenska ambassader och konsulat i länder utanför EU.</p>
<p>Lagändringarna börjar gälla den 1 maj 2018.</p>
                                            ",260003
86814,rdbeslut,Riksdagens beslut,Kammaren biföll utskottets förslag.,86810
1771864,statustext,statustext,Ärendet är avslutat,1771862
383556,tilldelat,Tilldelat,Trafikutskottet,383553
3303104,motkat,Motionskategori,-,3303102
1113479,utsknotis,Utskottets förslag till beslut,"                           <p>För att förstärka det brottsbekämpande arbetet bland EU:s medlemsländer ska möjligheten att hämta in bevisning mellan länderna förbättras. Lagförslaget innebär bland annat att en svensk domstol eller åklagare ska kunna utfärda en europeisk utredningsorder. Den ska erkännas och verkställas i ett annat medlemsland om det finns bevisning i landet som behövs för att utreda brott i Sverige.</p>
<p>Den föreslagna lagen innebär att en förvaltningsuppgift som innefattar myndighetsutövning mot enskild överlåts till en annan stat. Därför behöver beslutet ha kvalificerad majoritet i riksdagen.</p>
<p>Justitieutskottet föreslår att riksdagen säger ja till förslaget. Den nya lagen börjar gälla den 1 december 2017.</p>
                                            ",1113471
1336647,statustext,statustext,Motionen bereds i utskott,1336645
1918670,tilldelat,Tilldelat,Trafikutskottet,1918666
484938,tilldelat,Tilldelat,Arbetsmarknadsutskottet,484935
869876,motkat,Motionskategori,Fristående motion,869875
1123190,statustext,statustext,Ärendet är avslutat,1123185
1330373,statustext,statustext,Ärendet är avslutat,1330371
1781343,tilldelat,Tilldelat,Kulturutskottet,1781340
1928378,notis,Beslut i korthet,Riksdagen beslöt återförvisa ärendet till lagutskottet för ytterligare beredning. (Se även 1999/2000:LU11 .),1928376
463560,motkat,Motionskategori,Fristående motion,463559
175612,motkat,Motionskategori,Fristående motion,175611
1093487,motkat,Motionskategori,Fristående motion,1093486
3276637,statustext,statustext,Ärendet är avslutat,3276635
2006443,statustext,statustext,Ärendet är avslutat,2006441
1917865,tilldelat,Tilldelat,Trafikutskottet,1917862
1852037,motkat,Motionskategori,Fristående motion,1852036
1618961,statustext,statustext,Ärendet är avslutat,1618959
3291939,statustext,statustext,Ärendet är avslutat,3291937
619927,statustext,statustext,Ärendet är avslutat,619925
1155893,motkat,Motionskategori,Fristående motion,1155892
988314,motkat,Motionskategori,Fristående motion,988313
1398563,motkat,Motionskategori,Fristående motion,1398562
1939782,statustext,statustext,Ärendet är avslutat,1939780
281313,motkat,Motionskategori,Fristående motion,281312
543672,tilldelat,Tilldelat,Näringsutskottet,543669
3122478,tilldelat,Tilldelat,Kulturutskottet,3122475
3349155,tilldelat,Tilldelat,Konstitutionsutskottet,3349152
1522483,statustext,statustext,Ärendet är avslutat,1522481
1317164,tilldelat,Tilldelat,Kulturutskottet,1317161
3329288,statustext,statustext,Ärendet är avslutat,3329285
1811997,arendestatuskammaren,Beslutat,"",1811996
931463,statustext,statustext,Ärendet är avslutat,931461
697468,tilldelat,Tilldelat,Socialutskottet,697465
1852872,motgrund,Motionsgrund,Skrivelse 2021/22:24,1852871
2030358,statustext,statustext,Ärendet är avslutat,2030356
731054,motkat,Motionskategori,Fristående motion,731053
1954292,motkat,Motionskategori,Fristående motion,1954291
631062,tilldelat,Tilldelat,Arbetsmarknadsutskottet,631059
882660,statustext,statustext,Ärendet är avslutat,882658
739637,statustext,statustext,Ärendet är avslutat,739635
1864564,notisrubrik,Beslut,Våld mot äldre i nära relationer bör kartläggas (SoU9),1864559
884325,statustext,statustext,Ärendet är avslutat,884323
248271,tilldelat,Tilldelat,Konstitutionsutskottet,248267
1473745,utsknotisrubrik,Utskottets förslag,Skrivelse om hantering av uttjänta solcellspaneler och vindturbinblad och motioner om cirkulär och giftfri ekonomi har behandlats (MJU17),1473735
1408666,tilldelat,Tilldelat,Miljö- och jordbruksutskottet,1408663
1204199,motkat,Motionskategori,Fristående motion,1204198
543698,tilldelat,Tilldelat,Skatteutskottet,543695
88118,beslutdatumtid,Datum och tid för beslutet,2017-06-14 00:00:00,88117
3348027,statustext,statustext,Ärendet är avslutat,3348025
1019062,tilldelat,Tilldelat,Utbildningsutskottet,1019059
1560324,motkat,Motionskategori,Fristående motion,1560323
686471,motkat,Motionskategori,Fristående motion,686470
904624,utsknotis,Utskottets förslag till beslut,"<p>Personer som utsatts för våld i nära relationer ska få större möjligheter att behålla sin bostad. När en person vräks från sin hyresrätt eller bostadsrätt på grund av att han eller hon har misskött sig ska det särskilt beaktas om misskötseln beror på att personen har utsatts för brott av en närstående eller tidigare närstående. Om så är fallet ska han eller hon kunna få bo kvar.</p>
<p>Hyresgäster ska också få ett bättre skydd mot överraskande vräkning. Om en hyresgäst missköter sig ska hyresvärden i regel ge hyresgästen en varning. Först efter det ska hyresgästen kunna bli vräkt, om han eller hon fortsätter att missköta sig. Om det uppstår en tvist mellan hyresvärden och hyresgästen om förlängningen av ett hyresavtal ska socialnämnden få information om detta.</p>
<p>De nya reglerna ska gälla från den 1 juli 2014.</p>",904618
726571,motkat,Motionskategori,Fristående motion,726570
528703,tilldelat,Tilldelat,Socialförsäkringsutskottet,528700
1175342,motkat,Motionskategori,Fristående motion,1175341
1893653,statustext,statustext,Ärendet är avslutat,1893651
3217170,motkat,Motionskategori,Fristående motion,3217169
700621,statustext,statustext,Ärendet är avslutat,700619
1253222,tilldelat,Tilldelat,Socialutskottet,1253219
659729,beslutssammanfattningusk,Utskottets förslag till beslut,Avslag på samtliga motioner.,659728
850420,motgrund,Motionsgrund,Proposition 2022/23:6,850419
1579316,motkat,Motionskategori,Fristående motion,1579315
449159,motkat,Motionskategori,Fristående motion,449158
248225,motkat,Motionskategori,Fristående motion,248224
246437,notisrubrik,Beslut,Ersättning från de internationella oljeskadefonderna (LU2),246434
1256193,notisrubrik,Beslut,Stärkt integritetsskydd i Rättsmedicinalverkets verksamhet (JuU24),1256188
373156,motkat,Motionskategori,Fristående motion,373155
2068742,tilldelat,Tilldelat,Miljö- och jordbruksutskottet,2068739
3287371,tilldelat,Tilldelat,Miljö- och jordbruksutskottet,3287367
83408,statustext,statustext,Ärendet är avslutat,83401
2181818,motkat,Motionskategori,Fristående motion,2181817
3333231,inlamnatav,Inlämnat av,Finansdepartementet,3333230
657585,tilldelat,Tilldelat,Justitieutskottet,657579
1401341,tilldelat,Tilldelat,Miljö- och jordbruksutskottet,1401338
732305,statustext,statustext,Ärendet är avslutat,732303
126388,motkat,Motionskategori,Fristående motion,126387
1587773,statustext,statustext,Ärendet är avslutat,1587771
3339413,statustext,statustext,Motionen bereds i utskott,3339411
1496103,tilldelat,Tilldelat,Trafikutskottet,1496100
2121282,statustext,statustext,Ärendet är avslutat,2121280
1936037,statustext,statustext,Ärendet är avslutat,1936035
1412905,rdbeslut,Riksdagens beslut,Kammaren biföll utskottets förslag till beslut.,1412901
1060402,utsknotisrubrik,Utskottets förslag,Översyn av uppskov med reavinstbeskattning (SkU17),1060395
1261256,tilldelat,Tilldelat,Civilutskottet,1261253
187714,tilldelat,Tilldelat,Utrikesutskottet,187711
1935294,inlamnatav,Inlämnat av,Näringsdepartementet,1935293
926618,tilldelat,Tilldelat,Miljö- och jordbruksutskottet,926615
1036684,tilldelat,Tilldelat,Miljö- och jordbruksutskottet,1036681
1473206,statustext,statustext,Ärendet är avslutat,1473203
842100,motkat,Motionskategori,Fristående motion,842099
2249562,motkat,Motionskategori,Fristående motion,2249561
1770380,tilldelat,Tilldelat,Trafikutskottet,1770377
768186,notis,Beslut i korthet,"Behöver fritidspolitiker ett starkare skydd så att de inte får det sämre på jobbet på grund av sitt uppdrag? Riksdagen gav regeringen i uppdrag att utreda frågan. Det finns i dag inte några lagar som direkt säger att en politiskt förtroendevald är skyddad mot försämringar på arbetsplatsen på grund av uppdraget, till exempel hot om indragen tjänst. I arbetet med den snart 30 år gamla kommunallagen förutsatte man att den förtroendevaldes situation på arbetsplatsen inte skulle bli sämre på grund av uppdraget. Regeringen menade att situationen på arbetsplatsen skulle bestämmas genom avtal om det fanns behov av det. ",768184
1375408,tilldelat,Tilldelat,Civilutskottet,1375405
2028421,utsknotis,Utskottets förslag till beslut,"<p>Försvarsutskottet ansluter sig till regeringens bedömning att det finns ett behov av en övergripande strategi för det militära försvarets materielförsörjning, forskning och teknikutveckling. Regeringskansliet har inlett ett arbete med att utforma en sådan strategi. Arbetet förutsätts leda fram till bl.a. en sådan precisering av roller och ansvar för regering och myndigheter som efterlyses i förslag från Riksdagens revisorer och i flera motioner. Utskottet föreslår därför att riksdagen avslår Riksdagens revisorers förslag om styrningen m.m. av försvarets materielförsörjning och motioner, bl.a. från allmänna motionstiden 2001, om materielfrågor.</p>",2028416
1870916,statustext,statustext,Ärendet är avslutat,1870914
247645,utsknotis,Utskottets förslag till beslut,"<p>Allt fler filmer distribueras och lagras med hjälp av digital teknik, till exempel via satellit eller bredband, istället för analogt. Regeringen föreslår därför att digital bio och annan offentlig uppspelning ur databaser ska omfattas av grundlagsskyddet i yttrandefrihetsgrundlagen. Digital bio ska också kunna förhandsgranskas på samma sätt som traditionell biograffilm. </p><p>Enligt förslaget blir det också möjligt att ställa krav på att kabel-tv-sändningar utformas så att program blir tillgängliga för personer med funktionsnedsättning, med hjälp av till exempel textning, teckenspråkstolkning eller syntolkning. </p><p>Förslaget innebär också att det tydligt ska framgå i tryckfrihetsförordningen och yttrandefrihetsgrundlagen att det är förbjudet för myndigheter och andra allmänna organ att ingripa mot den som använder sig av sin tryck- respektive yttrandefrihet. Samtidigt införs en straffbestämmelse för allvarligare överträdelser av förbudet mot repressalier. Andra föreslagna ändringar i yttrandefrihetsgrundlagen syftar till att förtydliga webbsändnings- och databasreglerna.</p><p>Eftersom förslaget kräver grundlagsändringar sa riksdagen under våren 2010 ja till förslaget som vilande. Ett andra och slutgiltigt riksdagsbeslut kan nu tas, eftersom ett val ägt rum. Vilande grundlagsförslag måste nämligen slutbehandlas av en nyvald riksdag.</p><p>Konstitutionsutskottet föreslår att riksdagen säger ja till regeringens förslag.</p><p>Förslaget föreslås börja gälla den 1 januari 2011.</p>",247639
1470391,statustext,statustext,Ärendet är avslutat,1470389
80254,tilldelat,Tilldelat,Utbildningsutskottet,80251
470438,beslutssammanfattningusk,Utskottets förslag till beslut,"",470437
3295764,tilldelat,Tilldelat,Konstitutionsutskottet,3295761
2139576,tilldelat,Tilldelat,Utbildningsutskottet,2139573
1304502,motkat,Motionskategori,Följdmotion,1304500
1570746,tilldelat,Tilldelat,Näringsutskottet,1570743
2256975,beslutssammanfattningusk,Utskottets förslag till beslut,Bifall till propositionen. Avslag på motionerna.,2256973
314623,statustext,statustext,Ärendet är avslutat,314621
1860665,tilldelat,Tilldelat,Miljö- och jordbruksutskottet,1860662
1624368,statustext,statustext,Ärendet är avslutat,1624366
245509,motkat,Motionskategori,Fristående motion,245508
1763953,motkat,Motionskategori,Följdmotion,1763951
1819014,motkat,Motionskategori,Följdmotion,1819012
497765,statustext,statustext,Ärendet är avslutat,497763
1478047,tilldelat,Tilldelat,Arbetsmarknadsutskottet,1478044
1969877,motgrund,Motionsgrund,Proposition 2021/22:252,1969876
1170882,tilldelat,Tilldelat,Miljö- och jordbruksutskottet,1170879
2094632,statustext,statustext,Ärendet är avslutat,2094630
158520,statustext,statustext,Ärendet är avslutat,158518
1377789,statustext,statustext,Ärendet är avslutat,1377787
318555,rdbeslut,Riksdagens beslut,Kammaren biföll utskottets förslag.,318544
3308474,tilldelat,Tilldelat,Arbetsmarknadsutskottet,3308471
1089406,tilldelat,Tilldelat,Civilutskottet,1089402
1914921,tilldelat,Tilldelat,Justitieutskottet,1914918
207513,tilldelat,Tilldelat,Lagutskottet,207510
2079970,motkat,Motionskategori,Fristående motion,2079969
604507,statustext,statustext,Ärendet är avslutat,604505
3285709,tilldelat,Tilldelat,Miljö- och jordbruksutskottet,3285706
678449,statustext,statustext,Ärendet är avslutat,678447
1357307,motkat,Motionskategori,Fristående motion,1357306
1781671,motkat,Motionskategori,Fristående motion,1781670
1801014,tilldelat,Tilldelat,Utbildningsutskottet,1801010
3330189,utsknotisrubrik,Utskottets förslag,Ändringar i EU:s fusionsdirektiv (SkU2),3330182
1764137,motgrund,Motionsgrund,Proposition 2003/04:85,1764136
1339323,notis,Beslut i korthet,Ärendet återremitterades till skatteutskottet för ytterligare beredning.,1339321
799249,notisrubrik,Beslut,Skärpta straffrättsliga regler mot förorening från fartyg (TU2),799246
833955,statustext,statustext,Ärendet är avslutat,833953
1723425,statustext,statustext,Ärendet är avslutat,1723423
105096,motkat,Motionskategori,Fristående motion,105095
2161366,motkat,Motionskategori,Fristående motion,2161365
1592214,tilldelat,Tilldelat,Finansutskottet,1592211
1008506,motkat,Motionskategori,Fristående motion,1008505
3234695,motkat,Motionskategori,Fristående motion,3234694
197645,utsknotisrubrik,Utskottets förslag,Myndighet ska specificera krav för vissa spritproducenter (MJU21),197636
533073,motkat,Motionskategori,Fristående motion,533072
1598517,statustext,statustext,Ärendet är avslutat,1598515
3318507,statustext,statustext,Ärendet är avslutat,3318505
66182,statustext,statustext,Skrivelsen är avslutad,66180
457450,tilldelat,Tilldelat,Konstitutionsutskottet,457447
3293089,tilldelat,Tilldelat,Utbildningsutskottet,3293086
963233,statustext,statustext,Ärendet är avslutat,963231
1113636,tilldelat,Tilldelat,Lagutskottet,1113633
899903,utsknotisrubrik,Utskottets förslag,Lagen om elektronisk kommunikation EU-anpassas (TU12),899896
75550,tilldelat,Tilldelat,Miljö- och jordbruksutskottet,75547
143009,utsknotisrubrik,Utskottets förslag,"Nej till motioner om public service, film och dataspel (KrU4)",142999
1028355,motkat,Motionskategori,Följdmotion,1028353
562294,tilldelat,Tilldelat,Kulturutskottet,562291
878299,motkat,Motionskategori,Fristående motion,878298
972644,statustext,statustext,Ärendet är avslutat,972642
516029,motkat,Motionskategori,Fristående motion,516028
666540,utsknotis,Utskottets förslag till beslut,"<p>Finansutskottet föreslår att riksdagen säger ja till regeringens förslag i budgetpropositionen om 33,9 miljarder kronor i anslag till statsskuldsräntor för 2009. Utskottet föreslår att 1 miljon kronor flyttas från ett anslag för oförutsedda utgifter till ett nytt anslag för garantier för vissa utländska instituts insättningar. Detta mot bakgrund av att riksdagen tidigare beslutat om statliga garantier till insättare i utländska instituts filialer i Sverige (se 2008/09:FiU14).</p>",666534
1161867,tilldelat,Tilldelat,Socialutskottet,1161864
906009,debattdatumtid,Datum och tid för debatten,2018-04-11 00:00:00,906006
2135607,notisrubrik,Beslut,Anslag till statsskuldsräntor (FiU4),2135604
731938,statustext,statustext,Ärendet är avslutat,731935
2198182,tilldelat,Tilldelat,Civilutskottet,2198179
2212994,tilldelat,Tilldelat,Socialutskottet,2212988
1454324,statustext,statustext,Ärendet är avslutat,1454322
3305390,tilldelat,Tilldelat,Finansutskottet,3305386
309796,tilldelat,Tilldelat,Justitieutskottet,309792
503681,tilldelat,Tilldelat,Civilutskottet,503678
646305,motkat,Motionskategori,-,646303
746398,tilldelat,Tilldelat,Socialutskottet,746394
992484,rdbeslut,Riksdagens beslut,Kammaren biföll utskottets förslag,992480
1885874,motkat,Motionskategori,Fristående motion,1885873
3352400,statustext,statustext,Ärendet är avslutat,3352398
1500769,tilldelat,Tilldelat,Skatteutskottet,1500766
2128487,tilldelat,Tilldelat,Konstitutionsutskottet,2128484
1212535,motkat,Motionskategori,Fristående motion,1212534
1080965,statustext,statustext,Ärendet är avslutat,1080963
1538169,rdbeslut,Riksdagens beslut,Kammaren biföll utskottets förslag.,1538162
175944,utsknotisrubrik,Utskottets förslag,Pengar till studiestöd (UbU2),175935
570152,rdbeslut,Riksdagens beslut,Kammaren biföll utskottets förslag.,570145
2168413,tilldelat,Tilldelat,Justitieutskottet,2168410
2209138,statustext,statustext,Ärendet är avslutat,2209136
2079217,tilldelat,Tilldelat,Konstitutionsutskottet,2079214
1764804,motkat,Motionskategori,Fristående motion,1764803
1385587,tilldelat,Tilldelat,Socialutskottet,1385584
1752048,statustext,statustext,Ärendet är avslutat,1752045
1482608,motkat,Motionskategori,Fristående motion,1482607
1380341,inlamnatav,Inlämnat av,Justitiedepartementet,1380340
953626,motkat,Motionskategori,Fristående motion,953625
592924,rdbeslut,Riksdagens beslut,Kammaren biföll utskottets förslag till beslut,592920
65803,tilldelat,Tilldelat,Skatteutskottet,65800
160497,motkat,Motionskategori,Fristående motion,160494
257577,statustext,statustext,Ärendet är avslutat,257575
1033807,beslutssammanfattningusk,Utskottets förslag till beslut,Bifall till propositionen. Avslag på motionerna.,1033806
556236,motkat,Motionskategori,Fristående motion,556235
2168476,statustext,statustext,Ärendet är avslutat,2168474
2239666,motkat,Motionskategori,Fristående motion,2239665
159681,statustext,statustext,Ärendet är avslutat,159679
1772295,notis,Beslut i korthet,"Ett vårdvalssystem ska införas i hela landet, något som redan finns i flera landsting men på frivillig väg. Syftet med vårdvalssystemet är att öka patienternas valfrihet och underlätta för nya vårdgivare att etablera sig i primärvården med offentlig ersättning. Reformen innebär att varje patient själv får välja vilken vårdcentral han eller hon vill gå till i fortsättningen. Varje enskilt landsting får besluta vilka krav man ska ställa på vårdgivarna. Alla som uppfyller kraven har rätt att starta primärvård, till exempel nya vårdcentraler, med offentlig ersättning. Grunderna i vårdvalssystemet ska vara att ersättningen följer patientens val och att privata och offentliga vårdgivare behandlas lika. Det är upp till varje landsting att besluta om ersättningens närmare utformning. Kravet på att den fasta läkarkontakten i primärvården ska vara specialist i allmänmedicin tas bort. Därmed kan fler läkare söka sig till primärvården och motverka den läkarbrist som råder på många håll. Denna ändring föreslås börja gälla den 1 april 2009. Övriga lagändringar föreslås träda i kraft den 1 januari 2010. Riksdagen sa ja till regeringens förslag. ",1772293
1844714,motkat,Motionskategori,Fristående motion,1844713
1846039,motkat,Motionskategori,Fristående motion,1846038
959735,beslutdatumtid,Datum och tid för beslutet,2025-06-18 00:00:00,959733
119189,statustext,statustext,Ärendet är avslutat,119187
767589,tilldelat,Tilldelat,Arbetsmarknadsutskottet,767586
1958169,tilldelat,Tilldelat,Socialförsäkringsutskottet,1958166
874140,motkat,Motionskategori,Fristående motion,874139
1070620,tilldelat,Tilldelat,Utbildningsutskottet,1070616
1167588,statustext,statustext,Ärendet är avslutat,1167586
76420,tilldelat,Tilldelat,Civilutskottet,76417
1368018,tilldelat,Tilldelat,Socialförsäkringsutskottet,1368015
1520191,motkat,Motionskategori,Följdmotion,1520189
609770,beslutssammanfattningusk,Utskottets förslag till beslut,Bifall till propositionen. Avslag på motionerna.,609769
1320784,tilldelat,Tilldelat,Skatteutskottet,1320781
1695220,statustext,statustext,Ärendet är avslutat,1695218
3102394,statustext,statustext,Ärendet är avslutat,3102392
1929340,statustext,statustext,Ärendet är avslutat,1929338
412199,statustext,statustext,Ärendet är avslutat,412197
3133355,statustext,statustext,Ärendet är avslutat,3133353
1498355,statustext,statustext,Ärendet är avslutat,1498353
1583878,motkat,Motionskategori,Fristående motion,1583877
1494057,motkat,Motionskategori,Följdmotion,1494055
2242121,motkat,Motionskategori,Fristående motion,2242120
1116375,inlamnatav,Inlämnat av,Justitiedepartementet,1116374
2222149,motkat,Motionskategori,Fristående motion,2222148
956702,beslutdatumtid,Datum och tid för beslutet,2019-04-25 00:00:00,956701
479195,statustext,statustext,Ärendet är avslutat,479193
3246518,statustext,statustext,Ärendet är avslutat,3246516
926681,tilldelat,Tilldelat,Trafikutskottet,926678
3126771,statustext,statustext,Ärendet är avslutat,3126769
430618,statustext,statustext,Ärendet är avslutat,430616
2078417,utsknotis,Utskottets förslag till beslut,"<p>Kulturutskottet föreslår att riksdagen säger nej till motioner från allmänna motionstiden 2006 om spel- och lotterifrågor. Skälet är bland annat att regeringen arbetar med Lotteriutredningens betänkande Spel i en föränderlig värld (SOU 2006:11). Motionerna handlar om den reglerade spelmarknaden, annonsering och reklam för spel, direktiv till AB Svenska Spel, åldersgräns vid spel, begränsade öppettider för spel på värdeautomater, frivillig avstängning från olika typer av spel, Lotteriinspektionens arbete rörande illegal spelverksamhet, lagskärpning rörande illegal spelverksamhet, hantering av speltillstånd, kasinon, Internetspel och vadslagning på hundar.</p>",2078411
1272786,motkat,Motionskategori,Fristående motion,1272785
1781213,motkat,Motionskategori,Fristående motion,1781212
818331,statustext,statustext,Ärendet är avslutat,818329
1050124,motkat,Motionskategori,Fristående motion,1050123
665558,statustext,statustext,Ärendet är avslutat,665554
1430695,utsknotis,Utskottets förslag till beslut,<p>Rikspolisstyrelsen får göra avtal med andra länders myndigheter om omlokalisering av personer som har en stark hotbild emot sig. Dessa personer kallas för skyddspersoner. Meningen är att skyddspersonen ska få hjälp att bosätta sig och skapa en ny framtid i det land som han eller hon omplaceras till. Men för närvarande saknas bestämmelser som gör att uppehållstillstånd i Sverige kan beviljas enbart för att någon är en skyddsperson.</p><p>Regeringen föreslår därför en ny grund för uppehållstillstånd. Utländska skyddspersoner och deras närstående som omlokaliseras till Sverige ska enligt förslaget kunna få ett tidsbegränsat uppehållstillstånd om minst ett år. Därefter ska skyddspersoner och deras närstående kunna ansöka om permanent uppehållstillstånd.</p><p>Lagändringarna föreslås börja gälla den 1 juli 2010.</p><p>Socialförsäkringsutskottet föreslår att riksdagen säger ja till regeringens förslag.</p>,1430689
427236,motkat,Motionskategori,Fristående motion,427235
1213492,tilldelat,Tilldelat,Justitieutskottet,1213489
1437956,statustext,statustext,Ärendet är avslutat,1437954
1385757,tilldelat,Tilldelat,Utbildningsutskottet,1385754
2070610,tilldelat,Tilldelat,Utrikesutskottet,2070606
675236,notis,Beslut i korthet,"<p>Totalt cirka 4,9 miljarder kronor ur statens budget för 2026 går till utgiftsområdet Regional utveckling. Riksdagen sa ja till regeringens förslag i budgetpropositionen för 2026 om hur pengarna inom utgiftsområdet ska fördelas. Därmed sa riksdagen nej till alternativa budgetförslag i motioner.</p>
<p>Mest pengar, drygt 2,2 miljarder kronor, går till den Europeiska regionala utvecklingsfonden och till Fonden för en rättvis omställning under perioden 2021–2027. Drygt 2,1 miljarder kronor går till regionala utvecklingsåtgärder och knappt 456 miljoner kronor går till transportbidrag.</p>
<p>Riksdagen sa också ja till regeringens förslag om ekonomiska bemyndiganden.</p>
<p>Riksdagen beslutar om statens budget i två steg. Först beslutas om ramarna för de 27 utgiftsområdena i budgeten. Det beslutade riksdagen om den 26 november 2025. Därefter bestämmer riksdagen i ett andra steg hur pengarna ska fördelas inom varje utgiftsområde. Det här beslutet avser steg två i beslutsprocessen.</p>",675231
585973,motkat,Motionskategori,Fristående motion,585972
1766915,tilldelat,Tilldelat,Socialförsäkringsutskottet,1766912
1642868,statustext,statustext,Motionen bereds i utskott,1642866
618761,statustext,statustext,Ärendet är avslutat,618759
69890,motkat,Motionskategori,Fristående motion,69889
1703640,notis,Beslut i korthet,Riksdagen sade nej till motioner från allmänna motionstiden 2006 om kärnteknisk säkerhet och strålskydd.,1703638
235098,statustext,statustext,Ärendet är avslutat,235095
1365838,motkat,Motionskategori,Fristående motion,1365837
2211594,statustext,statustext,Ärendet är avslutat,2211592
1794556,inlamnatav,Inlämnat av,Näringsdepartementet,1794555
1065900,tilldelat,Tilldelat,Konstitutionsutskottet,1065897
1455405,tilldelat,Tilldelat,Utbildningsutskottet,1455402
724322,motkat,Motionskategori,Fristående motion,724321
857533,utsknotisrubrik,Utskottets förslag,Statliga företag (NU5),857526
1661580,statustext,statustext,Motionen bereds i utskott,1661578
1809012,motkat,Motionskategori,Fristående motion,1809011
311650,statustext,statustext,Ärendet är avslutat,311648
948781,statustext,statustext,Ärendet är avslutat,948779
125934,motkat,Motionskategori,Fristående motion,125933
1447625,tilldelat,Tilldelat,Socialförsäkringsutskottet,1447622
1567326,statustext,statustext,Ärendet är avslutat,1567324
966369,tilldelat,Tilldelat,Finansutskottet,966366
961869,beslutdatumtid,Datum och tid för beslutet,2024-04-17 00:00:00,961867
1199782,inlamnatav,Inlämnat av,Finansdepartementet,1199781
2121093,statustext,statustext,Ärendet är avslutat,2121091
1326921,statustext,statustext,Ärendet är avslutat,1326919
1818436,tilldelat,Tilldelat,Arbetsmarknadsutskottet,1818433
2055272,statustext,statustext,Ärendet är avslutat,2055270
1991457,motkat,Motionskategori,Fristående motion,1991456
1837529,motkat,Motionskategori,Fristående motion,1837528
1330929,tilldelat,Tilldelat,Utbildningsutskottet,1330926
1291527,motkat,Motionskategori,Fristående motion,1291526
199338,motkat,Motionskategori,Följdmotion,199336
739394,tilldelat,Tilldelat,Finansutskottet,739391
2099170,statustext,statustext,Ärendet är avslutat,2099168
182447,statustext,statustext,Ärendet är avslutat,182445
1368436,statustext,statustext,Ärendet är avslutat,1368434
463312,motkat,Motionskategori,Fristående motion,463311
752360,motgrund,Motionsgrund,Proposition 2000/01:34,752359
1850032,motgrund,Motionsgrund,Skrivelse 2021/22:6,1850031
1613928,statustext,statustext,Ärendet är avslutat,1613926
1264851,tilldelat,Tilldelat,Socialutskottet,1264848
874088,motkat,Motionskategori,Fristående motion,874087
1814494,tilldelat,Tilldelat,Trafikutskottet,1814491
268541,tilldelat,Tilldelat,Miljö- och jordbruksutskottet,268538
1110757,statustext,statustext,Ärendet är avslutat,1110752
527652,tilldelat,Tilldelat,Konstitutionsutskottet,527649
1848744,motkat,Motionskategori,Fristående motion,1848743
1160977,tilldelat,Tilldelat,Miljö- och jordbruksutskottet,1160974
939467,tilldelat,Tilldelat,Civilutskottet,939464
124473,tilldelat,Tilldelat,Civilutskottet,124469
83377,notisrubrik,Beslut,Naturgasföretagens intäkter ska prövas i förväg (NU16),83374
649149,statustext,statustext,Ärendet är avslutat,649147
2203810,notisrubrik,Beslut,Sverige kan delta i militär utbildningsinsats i norra Irak (UFöU4),2203807
1107026,motkat,Motionskategori,Fristående motion,1107025
1635006,motkat,Motionskategori,Fristående motion,1635005
425659,tilldelat,Tilldelat,Socialförsäkringsutskottet,425656
1435116,statustext,statustext,Ärendet är avslutat,1435114
1783937,statustext,statustext,Ärendet är avslutat,1783935
1004504,tilldelat,Tilldelat,Miljö- och jordbruksutskottet,1004500
1546462,tilldelat,Tilldelat,Utrikesutskottet,1546459
806334,statustext,statustext,Ärendet är avslutat,806332
3331276,motkat,Motionskategori,Fristående motion,3331275
1193561,notis,Beslut i korthet,<p>Riksdagen sa ja till regeringens förslag i budgetpropositionen om drygt 22 miljarder kronor till statsskuldsräntor för 2014.</p>,1193559
203074,tilldelat,Tilldelat,Utrikesutskottet,203071
1571532,tilldelat,Tilldelat,Trafikutskottet,1571529
911350,utsknotisrubrik,Utskottets förslag,Elmarknaden och persontrafiken på järnväg bör utvärderas (NU23),911343
1691696,motkat,Motionskategori,Fristående motion,1691695
3217431,statustext,statustext,Ärendet är avslutat,3217424
95452,statustext,statustext,Ärendet är avslutat,95450
1628548,beslutssammanfattningusk,Utskottets förslag till beslut,Bifall till propositionen. Avslag på motionen.,1628547
1713064,statustext,statustext,Ärendet är avslutat,1713060
431121,motkat,Motionskategori,Fristående motion,431120
618708,motkat,Motionskategori,Fristående motion,618707
1990217,tilldelat,Tilldelat,Näringsutskottet,1990214
859814,motgrund,Motionsgrund,Proposition 2006/07:96,859813
652594,motkat,Motionskategori,Fristående motion,652593
497173,utsknotis,Utskottets förslag till beslut,"                           <p>Näringsutskottet föreslår att riksdagen säger ja till regeringens förslag om fördelningen av cirka 2,9 miljarder kronor inom utgiftsområdet energi. Nästan hälften av pengarna, 1,42 miljarder kronor, föreslås gå till energiforskning. 440 miljoner kronor förslås gå till att utveckla och stimulera spridningen av energitekniska lösningar. Resten av pengarna går bland annat till Statens energimyndighet och till insatser för energieffektivisering.</p>
<p>Utskottet föreslår även att riksdagen godkänner det statliga affärsverket Svenska kraftnäts investeringsplan för perioden 2017-2020 och Svenska kraftnäts finansiella befogenheter för 2017.</p>
                                            ",497165
992709,beslutssammanfattningusk,Utskottets förslag till beslut,Avslag på motionerna.,992708
1985827,motkat,Motionskategori,Fristående motion,1985826
1294791,statustext,statustext,Ärendet är avslutat,1294789
1187279,tilldelat,Tilldelat,Finansutskottet,1187275
582116,statustext,statustext,Ärendet är avslutat,582112
1674539,statustext,statustext,Ärendet är avslutat,1674537
2159434,statustext,statustext,Ärendet är avslutat,2159431
989742,statustext,statustext,Ärendet är avslutat,989740
536401,utsknotis,Utskottets förslag till beslut,"                           <p>Regeringen föreslår ändringar i vilka villkor som ska gälla när arbetstagare tillfälligt arbetar i ett annat land inom ramen för en gränsöverskridande tjänsteutövning. Syftet är att dessa så kallade utstationerade arbetstagare ska få mer liknande rättigheter som andra arbetstagare i landet.</p>
<p>Ändringarna innebär bland annat att möjligheterna att reglera villkoren för utstationerade arbetstagare i kollektivavtal utvidgas. Till exempel ska den lön som får krävas inte längre vara begränsad till en minimilön. Dessutom föreslår regeringen en skärpning i bestämmelser om anmälningsskyldighet och kontaktperson, där arbetsgivaren blir skyldig att rapportera uppgifter om alla utstationeringar och att omgående rapportera förändringar som uppstår.</p>
<p>Arbetsmarknadsutskottet föreslår att riksdagen säger ja till regeringens förslag. Lagändringarna är en anpassning till EU-regler på området och ska börja gälla den 30 juli 2020.</p>
                                            ",536393
541149,tilldelat,Tilldelat,Miljö- och jordbruksutskottet,541146
2242837,tilldelat,Tilldelat,Utbildningsutskottet,2242834
1473979,statustext,statustext,Ärendet är avslutat,1473977
751799,tilldelat,Tilldelat,Miljö- och jordbruksutskottet,751796
1157027,statustext,statustext,Ärendet är avslutat,1157025
266388,motkat,Motionskategori,Fristående motion,266387
1533224,motkat,Motionskategori,Fristående motion,1533223
382882,statustext,statustext,Ärendet är avslutat,382880
382972,statustext,statustext,Ärendet är avslutat,382969
1090882,tilldelat,Tilldelat,Skatteutskottet,1090879
883130,motkat,Motionskategori,Fristående motion,883129
1163095,statustext,statustext,Ärendet är avslutat,1163093
1964982,tilldelat,Tilldelat,Konstitutionsutskottet,1964979
575887,statustext,statustext,Ärendet är avslutat,575885
307531,motkat,Motionskategori,Fristående motion,307530
1428738,tilldelat,Tilldelat,Näringsutskottet,1428735
1508979,tilldelat,Tilldelat,Skatteutskottet,1508976
2011041,motkat,Motionskategori,Fristående motion,2011040
574873,utsknotis,Utskottets förslag till beslut,"<p>Det blir ingen uppräkning av gränsen för uttag av statlig inkomstskatt på beskattningsbara förvärvsinkomster för beskattningsåret 2024. Skiktgränsen föreslås uppgå till 598 500 kronor.</p>
<p>Skatteutskottet föreslår att riksdagen säger ja till regeringens förslag.</p>",574864
1033526,motkat,Motionskategori,Fristående motion,1033525
171812,notis,Beslut i korthet,"Socialförsäkringsutskottet har granskat EU-kommissionens grönbok med sikte på tillräckliga, långsiktigt bärkraftiga och trygga pensionssystem i EU. Syftet med grönboken är att inleda en debatt om utformningen av framtidens pensionssystem så att dessa mål nås. Syftet är även att undersöka hur EU kan stödja medlemsstaterna i deras arbete med att nå målen. Kommissionen har analyserat konsekvenserna för pensionssystemen av den ekonomiska och finansiella krisen och av den demografiska utvecklingen. Utskottet tycker att analysen är ett värdefullt bidrag för att inleda en debatt. Kommissionen menar att den nuvarande utvecklingen med en åldrande befolkning och tidiga pensionsavgångar är ohållbar. Medlemsstaterna måste göra mer för att åstadkomma effektivare och tryggare pensionssystem, anser kommissionen. Utskottet håller med. Men utskottet anser att det helt och hållet är varje EU-lands ansvar att utforma och bestämma innehållet i det egna pensionssystemet. Den öppna samordningsmetoden är ett både lämpligt och fullt tillräckligt instrument för att stödja EU-länderrna i arbetet med att reformera sina pensionssystem. Det är dock viktigt att EU via utbyte av kunskaper och erfarenheter arbetar aktivt för att stödja EU-ländernas insatser för att få långsiktigt hållbara pensionssystem som samtidigt är tillräckliga. Riksdagen avslutade ärendet. Därefter skickades utlåtandet till Regeringskansliet och för kännedom till EU-kommissionen.",171810
328846,notis,Beslut i korthet,"<p>Sekretessbestämmelserna för Statens haverikommission ska ändras och göras mer enhetliga. Riksdagen sa ja till regeringens förslag.</p>
<p>När haverikommissionen undersöker en olycka gäller sekretess för de uppgifter som inhämtas. I dag skiljer sig sekretessreglerna åt beroende på vilken typ av olycka som undersöks – exempelvis om det är en flygolycka eller sjöolycka.</p>
<p>Enligt regeringens förslag ska bestämmelserna framöver vara desamma för alla olyckstyper. I bestämmelserna görs skillnad på om uppgifterna gäller haverikommissionens verksamhet eller om de gäller enskildas personliga eller ekonomiska förhållanden. Starkare sekretess ska gälla för uppgifter om enskilda förhållanden. Sekretesstiden blir 50 år för uppgifter om enskilda och 40 år för uppgifter om haverikommissionens verksamhet.</p>
<p>Lagändringen börjar gälla den 1 april 2025.</p>",328841
2010838,statustext,statustext,Ärendet är avslutat,2010835
1863217,statustext,statustext,Ärendet är avslutat,1863215
1840094,statustext,statustext,Ärendet är avslutat,1840092
1047141,motkat,Motionskategori,Fristående motion,1047140
1152830,tilldelat,Tilldelat,Trafikutskottet,1152827
1656647,statustext,statustext,Ärendet är avslutat,1656645
1356836,tilldelat,Tilldelat,Utbildningsutskottet,1356833
285938,statustext,statustext,Ärendet är avslutat,285936
287204,tilldelat,Tilldelat,Finansutskottet,287201
1794485,tilldelat,Tilldelat,Utbildningsutskottet,1794478
545766,utsknotisrubrik,Utskottets förslag,Nej till motioner om familjerättsliga frågor (CU18),545759
2043239,tilldelat,Tilldelat,Socialförsäkringsutskottet,2043236
3331434,tilldelat,Tilldelat,Miljö- och jordbruksutskottet,3331431
1244299,tilldelat,Tilldelat,Justitieutskottet,1244296
1625564,statustext,statustext,Ärendet är avslutat,1625562
2200601,tilldelat,Tilldelat,Trafikutskottet,2200598
1172535,motkat,Motionskategori,Fristående motion,1172534
1062231,inlamnatav,Inlämnat av,Socialdepartementet,1062230
1731845,tilldelat,Tilldelat,Civilutskottet,1731842
499656,motkat,Motionskategori,Fristående motion,499655
2165099,motkat,Motionskategori,Fristående motion,2165098
1578147,tilldelat,Tilldelat,Socialutskottet,1578144
706493,beslutssammanfattningusk,Utskottets förslag till beslut,Skrivelsen läggs till handlingar. Avslag på motionerna.,706492
1966682,beslutssammanfattningusk,Utskottets förslag till beslut,Bifall till propositionen. Utskottet föreslår ett tillkännagivande till regeringen om forskning på prover från beslutsoförmögna personer. Utskottets förslag grundas på en motion.,1966679
1979325,statustext,statustext,Ärendet är avslutat,1979323
566950,tilldelat,Tilldelat,Näringsutskottet,566947
586193,motkat,Motionskategori,Följdmotion,586191
382138,statustext,statustext,Ärendet är avslutat,382136
928083,notis,Beslut i korthet,"<p>Den 20 april föreslog talmannen att en följdmotion om landstingsindelning från M, C, L och KD skulle läggas till handlingarna utan att hänvisas till utskott. Han gjorde bedömningen att den inte i tillräckligt stor utsträckning handlade om det som tas upp i regeringens proposition.</p>
<p>Eftersom en majoritet i riksdagen inte höll med talmannen fick KU i uppgift att avgöra om motionen ska hänvisas till utskott.&nbsp;Konstitutionsutskottet, KU, har nu prövat ärendet och kom fram till att motionen ska hänvisas till utskott för behandling.</p>
<p>KU:s betänkande&nbsp;anmäldes i kammaren den 25 maj, och den 26 maj&nbsp;hänvisades följdmotionen till KU för behandling.</p>",928081
2073531,motkat,Motionskategori,Fristående motion,2073530
538723,statustext,statustext,Ärendet är avslutat,538721
704734,statustext,statustext,Ärendet är avslutat,704731
590740,motkat,Motionskategori,Fristående motion,590739
2186990,statustext,statustext,Ärendet är avslutat,2186988
1605806,statustext,statustext,Ärendet är avslutat,1605804
2185015,notis,Beslut i korthet,Antalet kommuner och landsting som uppvisar positiva resultat har minskat för året 2008. Det visar regeringens årliga redovisning av ekonomin och verksamheterna i kommuner och landsting som lämnats till riksdagen. Av kommunerna uppvisar 75 procent positiva resultat medan siffran för landstingen är 50 procent. I resultaten ovan är eventuella extraordinära poster inte inräknade. ,2185013
456030,statustext,statustext,Ärendet är avslutat,456027
1668609,tilldelat,Tilldelat,Finansutskottet,1668606
1564066,tilldelat,Tilldelat,Miljö- och jordbruksutskottet,1564063
553321,motkat,Motionskategori,Fristående motion,553320
3258244,statustext,statustext,Ärendet är avslutat,3258237
1708446,motkat,Motionskategori,Fristående motion,1708445
317339,tilldelat,Tilldelat,Lagutskottet,317336
889691,notis,Beslut i korthet,"                           <p>Justitieombudsmännen, JO, granskar om myndigheter och tjänstemän följer lagar och andra författningar. JO har lämnat sin årliga redogörelse för verksamheten till riksdagen. Den gäller verksamhetsåret 1 juli 2016 - 30 juni 2017.</p>
<p>Under perioden registrerades 8748 nya ärenden. Det är en ökning med knappt 9 procent jämfört med året innan. Framför allt är det klagomålsärenden som har ökat. Den större delen av ökningen gäller socialförsäkrings- och utlänningsärenden. För att hålla handläggningstiderna på en rimlig nivå har JO begärt ytterligare resurser för 2018.</p>
<p>Riksdagen lade JO:s redogörelse till handlingarna, det vill säga avslutade ärendet.</p>
                                            ",889687
656152,tilldelat,Tilldelat,Arbetsmarknadsutskottet,656149
281751,statustext,statustext,Ärendet är avslutat,281749
1333092,tilldelat,Tilldelat,Skatteutskottet,1333089
2107900,statustext,statustext,Ärendet är avslutat,2107898
1555192,statustext,statustext,Motionen bereds i utskott,1555190
1590243,motkat,Motionskategori,Fristående motion,1590242
124546,statustext,statustext,Ärendet är avslutat,124544
2186482,notis,Beslut i korthet,"Riksdagen sa ja till regeringens förslag om ändringar i statens budget för 2009. Förslagen innehåller åtgärder för jobb och omställning. Ändringarna innebär mer pengar till bland annat Arbetsförmedlingen, vuxenutbildning och investeringar i infrastruktur. Sammanlagt betyder det att anslagen för 2009 höjs med 1,2 miljarder kronor.",2186480
2052529,statustext,statustext,Ärendet är avslutat,2052527
148125,statustext,statustext,Ärendet är avslutat,148122
103548,tilldelat,Tilldelat,Socialutskottet,103545
1681646,utsknotis,Utskottets förslag till beslut,"<p>Konstitutionsutskottet föreslår att riksdagen säger nej till motioner från allmänna motionstiden 2009 om de nationella minoriteterna. Motionerna handlar om nordisk samekonvention, minoritetsspråkens ställning, omfattningen av minoritetsspråkslagstiftningens användning samt tillsynen av minoritetsspråkens användning i bland annat äldreomsorgen.</p>",1681640
104597,notisrubrik,Beslut,Beskattning av vinster på utländska premieobligationer och andra skattefrågor (SkU11),104594
309169,statustext,statustext,Ärendet är avslutat,309167
1214740,motkat,Motionskategori,Fristående motion,1214739
857137,notisrubrik,Beslut,EU-förslag om energibesparing strider mot subsidiaritetsprincipen (NU8),857134
1025252,tilldelat,Tilldelat,Finansutskottet,1025247
2044167,tilldelat,Tilldelat,Trafikutskottet,2044164
1555684,motkat,Motionskategori,Fristående motion,1555683
903436,tilldelat,Tilldelat,Bostadsutskottet,903433
1462483,motkat,Motionskategori,Fristående motion,1462482
2192841,motkat,Motionskategori,Fristående motion,2192840
1650602,motkat,Motionskategori,Fristående motion,1650601
3262660,tilldelat,Tilldelat,Försvarsutskottet,3262657
447408,tilldelat,Tilldelat,Konstitutionsutskottet,447405
1006045,statustext,statustext,Ärendet är avslutat,1006043
2019476,tilldelat,Tilldelat,Kulturutskottet,2019473
3270222,notisrubrik,Beslut,Motioner om socialtjänstfrågor (SoU6),3270219
992452,beslutssammanfattningusk,Utskottets förslag till beslut,Redogörelsen läggs till handlingarna.,992451
1003848,arendestatuskammaren,Beslutat,"",1003847
2147484,tilldelat,Tilldelat,Socialförsäkringsutskottet,2147481
2259107,motkat,Motionskategori,Fristående motion,2259106
294950,motkat,Motionskategori,Fristående motion,294949
1745555,statustext,statustext,Ärendet är avslutat,1745551
2226043,statustext,statustext,Ärendet är avslutat,2226041
991295,tilldelat,Tilldelat,Skatteutskottet,991292
67286,statustext,statustext,Ärendet är avslutat,67284
949060,rdbeslut,Riksdagens beslut,Kammaren biföll utskottets förslag,949057
1056023,motkat,Motionskategori,Fristående motion,1056022
549104,tilldelat,Tilldelat,Finansutskottet,549101
1217777,tilldelat,Tilldelat,Utrikesutskottet,1217774
1494791,statustext,statustext,Ärendet är avslutat,1494789
130007,motkat,Motionskategori,Fristående motion,130006
365148,statustext,statustext,Ärendet är avslutat,365145
1264639,statustext,statustext,Ärendet är avslutat,1264637
1305437,tilldelat,Tilldelat,Utbildningsutskottet,1305434
2132324,motkat,Motionskategori,Fristående motion,2132323
3119868,motkat,Motionskategori,Fristående motion,3119867
920835,statustext,statustext,Motionen bereds i utskott,920833
80373,inlamnatav,Inlämnat av,Kulturdepartementet,80372
354861,statustext,statustext,Ärendet är avslutat,354859
1531365,tilldelat,Tilldelat,Socialförsäkringsutskottet,1531362
1870743,statustext,statustext,Ärendet är avslutat,1870741
197564,utsknotisrubrik,Utskottets förslag,Brott mot tillståndsplikt för insamling av elavfall blir straffbart (MJU20),197555
552033,statustext,statustext,Ärendet är avslutat,552028
95372,statustext,statustext,Ärendet är avslutat,95370
322697,beslutssammanfattningusk,Utskottets förslag till beslut,Bifall till propositionen med en lagteknisk justering. Avslag på motionen.,322695
756626,motkat,Motionskategori,Fristående motion,756625
986507,motkat,Motionskategori,Fristående motion,986506
730052,statustext,statustext,Ärendet är avslutat,730050
161988,statustext,statustext,Ärendet är avslutat,161986
2132388,statustext,statustext,Ärendet är avslutat,2132386
200193,statustext,statustext,Ärendet är avslutat,200191
1258928,motkat,Motionskategori,Fristående motion,1258927
478485,statustext,statustext,Ärendet är avslutat,478483
996518,statustext,statustext,Ärendet är avslutat,996516
1739809,statustext,statustext,Ärendet är avslutat,1739807
219097,tilldelat,Tilldelat,Utbildningsutskottet,219094
1161192,motkat,Motionskategori,Fristående motion,1161191
1372734,utsknotis,Utskottets förslag till beslut,"<p>Regeringen borde ta initiativ till att skapa en brottsofferportal för dem som drabbats av bedrägerier och identitetsstölder. Det anser justitieutskottet som föreslår att riksdagen uppmanar regeringen att börja driva frågan. Det i ett så kallat tillkännagivande.</p>
<p>En identitetskapning innebär en stor kränkning för den personliga integriteten och den drabbade tvingas dessutom ägna stora ansträngningar för att själv ordna upp i situationen. Det menar justitieutskottet, som pekar på att den drabbade måste spärra sina identitetsuppgifter hos i princip alla kreditupplysningsföretag. Detta för att skydda sig mot att någon tar lån i den enskildes namn.</p>
<p>Justitieutskottet tycker att mer behöver göras för att försvåra för de kriminella och minska de skador som identitetsstölderna skapar. Därför anser utskottet alltså att regeringen borde ta initiativ till att skapa en brottsofferportal.&nbsp;Där skulle de drabbade dels kunna hitta information och dels kunna spärra sina identitetsuppgifter.</p>
<p>Justitieutskottet föreslår samtidigt att riksdagen säger nej till flera motionsförslag som behandlats samtidigt. Förslagen handlar bland annat om tvångsäktenskap och kontaktförbud.</p>",1372728
433010,motkat,Motionskategori,Fristående motion,433009
3274660,tilldelat,Tilldelat,Konstitutionsutskottet,3274657
577700,statustext,statustext,Ärendet är avslutat,577698
125112,statustext,statustext,Ärendet är avslutat,125110
1678998,tilldelat,Tilldelat,Konstitutionsutskottet,1678995
134339,statustext,statustext,Ärendet är avslutat,134337
342631,tilldelat,Tilldelat,Socialutskottet,342628
584575,tilldelat,Tilldelat,Miljö- och jordbruksutskottet,584572
210304,notis,Beslut i korthet,"Riksdagen avslog Riksdagens revisorers förslag om statens avtalsförsäkringar. Enligt revisorerna har dagens system för finansiering av de statliga avtalsförsäkringarna allvarliga brister. Systemet kan leda till diskriminering av äldre arbetskraft på den statliga marknaden. Systemet gör det också svårt för myndigheterna, särskilt mindre myndigheter, att ekonomiskt planera sin verksamhet. Riksdagen avslog revisorernas förslag eftersom regeringen startat en utredning som ska se över systemet. ",210302
432744,beslutssammanfattningusk,Utskottets förslag till beslut,"Bifall till motioner med tillkännagivande om att regeringen bör skyndsamt återkomma till riksdagen med lagförslag som innebär att fastighetsägares möjligheter till handräckning av otillåtna bosättningar förbättras och bifall till motioner med tillkännagivande om att regeringen bör se över möjligheten att skärpa lagstiftningen mot fordonsmålvakter.
Avslag på övriga motioner.",432742
144853,tilldelat,Tilldelat,Lagutskottet,144850
1933109,tilldelat,Tilldelat,Justitieutskottet,1933105
1519013,motkat,Motionskategori,Fristående motion,1519012
696726,motkat,Motionskategori,Fristående motion,696725
1669857,tilldelat,Tilldelat,Socialutskottet,1669854
507746,notis,Beslut i korthet,"<p>Riksdagen beslutade att återförvisa skatteutskottets betänkande om beskattning av företag, kapital och fastighet. Det betyder att betänkandet skickades tillbaka till utskottet.</p>",507742
2129419,statustext,statustext,Ärendet är avslutat,2129417
720548,motkat,Motionskategori,Fristående motion,720547
3266455,utsknotisrubrik,Utskottets förslag,Nya regler om prospekt för värdepapper (FiU49),3266448
1551280,motkat,Motionskategori,Fristående motion,1551279
1055846,statustext,statustext,Ärendet är avslutat,1055844
2214093,tilldelat,Tilldelat,Socialförsäkringsutskottet,2214090
2103464,statustext,statustext,Ärendet är avslutat,2103462
2238090,utsknotisrubrik,Utskottets förslag,Enkla brott ska prövas snabbare (JuU26),2238083
1072422,debattdatumtid,Datum och tid för debatten,2024-12-04 00:00:00,1072418
2020029,statustext,statustext,Ärendet är avslutat,2020027
234446,tilldelat,Tilldelat,Trafikutskottet,234443
1742402,notisrubrik,Beslut,Kulturpolitiken borde ta till vara det positiva sambandet mellan kultur och hälsa (KrU10),1742399
1758064,tilldelat,Tilldelat,Utbildningsutskottet,1758061
2101879,tilldelat,Tilldelat,Finansutskottet,2101876
2241094,tilldelat,Tilldelat,Socialutskottet,2241090
1828320,statustext,statustext,Ärendet är avslutat,1828318
422377,notis,Beslut i korthet,"<p>Tilläggsbeloppet för särskilt stöd till barn och elever ska vara individuellt bestämt utifrån barnets eller elevens behov. Regeringen tycker inte att detta framgår tillräckligt tydligt i de nuvarande reglerna och vill att detta ska stå tydligt även i skollagen.</p>
<p>Tilläggsbeloppet är ett bidrag som ägare till fristående förskolor och skolor kan få för barn och elever som har omfattande behov av särskilt stöd.</p>
<p>Riksdagen sa ja till regeringens förslag. Ändringarna börjar gälla den 1 juli 2016.</p>",422373
1081483,motkat,Motionskategori,Fristående motion,1081482
1195921,statustext,statustext,Ärendet är avslutat,1195919
1380872,tilldelat,Tilldelat,Socialutskottet,1380869
253712,motkat,Motionskategori,Fristående motion,253711
876573,motkat,Motionskategori,Fristående motion,876572
1951758,motkat,Motionskategori,Fristående motion,1951757
305389,motkat,Motionskategori,Fristående motion,305388
445540,motkat,Motionskategori,Fristående motion,445539
104875,statustext,statustext,Ärendet är avslutat,104873
752948,tilldelat,Tilldelat,Miljö- och jordbruksutskottet,752945
680989,motkat,Motionskategori,Fristående motion,680988
1989291,statustext,statustext,Ärendet är avslutat,1989289
1879152,statustext,statustext,Ärendet är avslutat,1879150
64958,tilldelat,Tilldelat,Justitieutskottet,64955
1271316,statustext,statustext,Ärendet är avslutat,1271313
3134030,motkat,Motionskategori,Fristående motion,3134028
958199,tilldelat,Tilldelat,Konstitutionsutskottet,958196
547663,motkat,Motionskategori,Fristående motion,547662
187151,tilldelat,Tilldelat,Näringsutskottet,187148
884478,tilldelat,Tilldelat,Kulturutskottet,884475
2225330,tilldelat,Tilldelat,Finansutskottet,2225327
1468031,arendestatuskammaren,Beslutat,"",1468030
837963,statustext,statustext,Ärendet är avslutat,837958
1421281,beslutdatumtid,Datum och tid för beslutet,2026-01-14 00:00:00,1421279
1222031,statustext,statustext,Ärendet är avslutat,1222029
1592886,notisrubrik,Beslut,Ny lag ska motverka diskriminering vid digital och fysisk handel inom EU (NU6),1592881
226734,utsknotis,Utskottets förslag till beslut,"<p>Utbildningsutskottet föreslår att skollagen ändras så att fristående gymnasieskolor kan inrätta individuella program. En elev som lämnar grundskolan utan att ha uppnått gymnasiebehörighet kan komplettera sin utbildning på gymnasieskolans individuella program. Eleven ska läsa in vad han eller hon har har missat i grundskolan för att sedan kunna börja på ett vanligt nationellt program. I dag är det bara kommunala gymnasieskolor som får ha individuella program. Denna regel begränsar valmöjligheterna för elever som inte har uppnått gymnasiebehörighet. Utskottet föreslår därför att riksdagen ändrar skollagen från den 1 juli 2006. De borgerliga partierna och Miljöpartiet föreslår också lagändringar från den 1 juli 2006 som ger etableringsfrihet för förskolor och fritidshem. Kommunerna ska vara skyldiga att lämna tillstånd för förskolor och fritidshem som uppfyller vissa kvalitetskrav. Kommunerna ska också, om tillstånd finns och verksamheten är öppen för alla barn, lämna bidrag till verksamheten. Socialdemokraterna och Vänsterpartiet vänder sig emot de fem partiernas förslag. De borgerliga partierna och Miljöpartiet föreslår också att riksdagen gör tre uttalanden:</p><p></p><ul><li>Lika villkor ska gälla för skolor oavsett driftsform.</li></ul><p></p><li>Möjligheten för kommunerna att använda plan- och byggregler samt lokalfrågor för att hindra etableringar av fristående skolor ska tas bort. </li><p></p><li>Regeringen bör snarast lägga fram förslag om hur kommunala beslut om bidrag till fristående skolor ska kunna överklagas genom så kallade förvaltningsbesvär av huvudmannen för den fristående skolan.</li><p>De borgerliga partierna och Miljöpartiet har majoritet när riksdagen ska rösta i kammaren.</p>",226728
512265,motkat,Motionskategori,Fristående motion,512264
2077237,tilldelat,Tilldelat,Konstitutionsutskottet,2077234
498973,statustext,statustext,Ärendet är avslutat,498970
330301,statustext,statustext,Ärendet är avslutat,330299
463362,notisrubrik,Beslut,Brott mot Internationella brottmålsdomstolen (JuU4),463359
542700,statustext,statustext,Ärendet är avslutat,542698
2020714,rdbeslut,Riksdagens beslut,Kammaren biföll utskottets förslag.,2020710
2100375,motkat,Motionskategori,Fristående motion,2100374
1671567,rdbeslut,Riksdagens beslut,Kammaren biföll utskottets förslag.,1671561
2185119,notisrubrik,Beslut,Årsredovisning för staten 2008 (FiU26),2185116
1992279,statustext,statustext,Ärendet är avslutat,1992277
2079385,statustext,statustext,Ärendet är avslutat,2079383
3333782,notis,Beslut i korthet,"<p>Socialtjänsten ska kunna besluta att ett barn ska vårdas mot den ena vårdnadstagarens vilja, förutsatt att vården krävs för barnets bästa. De nya reglerna gäller från den 1 maj 2012 för psykiatrisk och psykologisk utredning och behandling, behandling i öppna former samt utseende av en kontaktperson eller familj enligt socialtjänstlagen. Reglerna omfattar också vissa åtgärder enligt lagen om stöd och service till vissa funktionshindrade. Normalt krävs båda vårdnadstagarnas samtycke för att ett barn ska få vård. Om barnet självt anses kunna samtycka till eller motsätta sig olika behandlingar krävs inget samtycke från vårdnadshavarna.</p>
<p>För närvarande införs ingen möjlighet för domstolar att utse ett juridiskt biträde för barn i mål som rör vårdnad, boende eller umgänge. Riksdagen har tidigare vid två tillfällen gett regeringen i uppdrag att se över frågan. Regeringen anser att frågan behöver övervägas ytterligare och kommer därför att låta utvärdera vårdnadsreformen från 2006.</p>
<p>Riksdagen sa ja till regeringens förslag.</p>",3333780
3126153,tilldelat,Tilldelat,Arbetsmarknadsutskottet,3126150
3262789,statustext,statustext,Skrivelsen bereds i utskott,3262787
385475,tilldelat,Tilldelat,Utbildningsutskottet,385472
3223665,statustext,statustext,Ärendet är avslutat,3223663
1659166,utsknotis,Utskottets förslag till beslut,"                           <p>Trafikutskottet föreslår att riksdagen säger nej till 65 förslag i motioner från den allmänna motionstiden 2022. Bland annat med hänvisning till pågående arbete.</p>
<p>Förslagen handlar exempelvis om svensk sjöfarts konkurrenskraft, Sjöfartsverkets verksamhetsform, sjöfartsavgifter, isbrytare, vissa miljöfrågor och arbetsmiljöfrågor samt fritidsbåtsfrågor.</p>
                                            ",1659157
1650718,statustext,statustext,Ärendet är avslutat,1650716
3296434,beslutssammanfattningusk,Utskottets förslag till beslut,Bifall till propositionen. Avslag på motionerna.,3296432
1771788,motkat,Motionskategori,Fristående motion,1771787
55764,beslutssammanfattningusk,Utskottets förslag till beslut,Avslag på motionerna.,55763
183124,utsknotis,Utskottets förslag till beslut,"                           <p>Försvarsutskottet har behandlat regeringens årliga skrivelse om integritetsskydd vid signalspaning i försvarsunderrättelseverksamhet.</p>
<p>Skrivelsen handlar bland annat om de granskningar som Statens inspektion för försvarsunderrättelseverksamheten (Siun) gjort under 2019 med anledning av den så kallade signalspaningslagen.&nbsp;Regeringen ser positivt på att Siun lämnar synpunkter på, utvecklar och förstärker integritetsskyddet och har en löpande dialog med Försvarets radioanstalt (FRA) om förbättringar. Systemet för att värna den personliga integriteten vid signalspaning i försvarsunderrättelseverksamhet fungerar på det sätt som avsetts i lagen, anser regeringen.</p>
<p>Försvarsutskottet delar regeringens uppfattning och föreslår att riksdagen lägger skrivelsen till handlingarna, det vill säga avslutar ärendet. Utskottet föreslår även att riksdagen säger nej till fem förslag i motioner inom området.</p>
                                            ",183116
2243294,statustext,statustext,Ärendet är avslutat,2243292
1482457,motkat,Motionskategori,Fristående motion,1482456
517620,motkat,Motionskategori,Följdmotion,517618
647371,debattdatumtid,Datum och tid för debatten,2016-12-14 00:00:00,647368
1604711,statustext,statustext,Ärendet är avslutat,1604709
2034469,statustext,statustext,Ärendet är avslutat,2034467
1324094,statustext,statustext,Ärendet är avslutat,1324092
1808970,beslutssammanfattningusk,Utskottets förslag till beslut,Avslag på samtliga motioner,1808969
883098,tilldelat,Tilldelat,Miljö- och jordbruksutskottet,883095
324879,tilldelat,Tilldelat,Lagutskottet,324876
631791,statustext,statustext,Ärendet är avslutat,631788
1423689,statustext,statustext,Ärendet är avslutat,1423687
3256908,statustext,statustext,Ärendet är avslutat,3256906
75921,tilldelat,Tilldelat,Socialutskottet,75918
3346893,motkat,Motionskategori,Fristående motion,3346892
261704,beslutssammanfattningusk,Utskottets förslag till beslut,Avslag på motionerna.,261702
588957,statustext,statustext,Ärendet är avslutat,588955
1410953,motkat,Motionskategori,Fristående motion,1410952
1038911,tilldelat,Tilldelat,Utbildningsutskottet,1038908
406253,tilldelat,Tilldelat,Civilutskottet,406250
723490,motkat,Motionskategori,Följdmotion,723488
955955,statustext,statustext,Ärendet är avslutat,955948
3219132,statustext,statustext,Ärendet är avslutat,3219130
71685,tilldelat,Tilldelat,Arbetsmarknadsutskottet,71681
1217355,motkat,Motionskategori,Fristående motion,1217354
2131249,tilldelat,Tilldelat,Lagutskottet,2131246
1491602,tilldelat,Tilldelat,Socialutskottet,1491599
140658,tilldelat,Tilldelat,Socialutskottet,140655
1919882,statustext,statustext,Ärendet är avslutat,1919880
405550,motgrund,Motionsgrund,Skrivelse 2020/21:114,405549
76211,motkat,Motionskategori,Följdmotion,76209
1447010,utsknotisrubrik,Utskottets förslag,Viktigt med transparens när myndigheternas anslag räknas om (FiU12),1447000
1990952,utsknotis,Utskottets förslag till beslut,"<p>Regeringen ska få ingå ekonomiska åtaganden så att reformen med ny instans- och processordningen i utlänningsärenden kan träda i kraft 2006 trots att riksdagen inte kan besluta om reformen förrän i höst. Det föreslår finansutskottets majoritet (s, v och mp) som också säger ja till regeringens förslag till tilläggsbudget för 2005. Regeringens föreslag till ny instans- och processordning innebär att särskilda migrationsdomstolar ska inrättas. Regeringen behöver därför göra förberedelser i form av nyanställningar och investeringar, vilket innebär ökade kostnader för staten från 2006. Finansutskottet utgår från att kostnaderna kommer att rymmas inom de totala kostnaderna för de nya migrationsdomstolarnas verksamhet, som beräknas uppgå till 900 miljoner kronor per år. Utskottet förutsätter att regeringen redovisar i budgetpropositionen för 2006 vilka anslag som behöver ändras för att reformen ska kunna genomföras fullt ut. Genom tilläggsbudgeten ska totalt 277 miljoner kronor skjutas till årets statsbudget. En rad arbetsmarknadspolitiska åtgärder föreslås, till exempel utbildningssatsningar, ändrade villkor för anställningsstöd och skärpta regler för finansieringsbidrag vid arbetspraktik och för hur länge arbetssökande får vara i arbetsmarknadspolitiska aktiviteter. Skogsbruket får mer pengar efter stormen i södra Sverige i januari 2005. Extra pengar anslås också för att täcka kostnaderna för hjälp till nödställda svenskar som drabbats av flodvågskatastrofen i Asien. Riksdagen godkände regeringens mål för anslaget Samarbete inom Östersjöregionen, som  regeringen redovisat på riksdagens begäran.</p>",1990946
75568,motkat,Motionskategori,Fristående motion,75567
905537,notisrubrik,Beslut,Regelverket som reglerar vattenbruk borde ses över (MJU13),905532
3227448,statustext,statustext,Ärendet är avslutat,3227446
1854032,tilldelat,Tilldelat,Utrikesutskottet,1854029
1803331,statustext,statustext,Ärendet är avslutat,1803329
1618499,motkat,Motionskategori,Fristående motion,1618498
1947573,motkat,Motionskategori,Fristående motion,1947572
700326,statustext,statustext,Ärendet är avslutat,700324
1839898,tilldelat,Tilldelat,Socialutskottet,1839895
1862205,motkat,Motionskategori,Fristående motion,1862204
2008655,statustext,statustext,Ärendet är avslutat,2008653
1247699,motkat,Motionskategori,Fristående motion,1247698
2257226,tilldelat,Tilldelat,Näringsutskottet,2257223
1764389,statustext,statustext,Ärendet är avslutat,1764387
2030517,motkat,Motionskategori,Fristående motion,2030516
194155,motkat,Motionskategori,Fristående motion,194154
541599,tilldelat,Tilldelat,Skatteutskottet,541596
1141764,debattdatumtid,Datum och tid för debatten,2020-05-13 00:00:00,1141761
2104798,tilldelat,Tilldelat,Konstitutionsutskottet,2104795
1304011,statustext,statustext,Ärendet är avslutat,1304009
1845087,notisrubrik,Beslut,Bättre konkurrens på byggmarknaden (BoU9),1845084
920097,tilldelat,Tilldelat,Utrikesutskottet,920094
322183,statustext,statustext,Ärendet är avslutat,322181
1913996,statustext,statustext,Ärendet är avslutat,1913994
1724286,motkat,Motionskategori,Fristående motion,1724285
1244433,tilldelat,Tilldelat,Utbildningsutskottet,1244430
1908507,statustext,statustext,Ärendet är avslutat,1908505
1943117,statustext,statustext,Ärendet är avslutat,1943115
1926331,motkat,Motionskategori,Fristående motion,1926330
442417,tilldelat,Tilldelat,Socialutskottet,442414
1752245,tilldelat,Tilldelat,Finansutskottet,1752241
654802,motkat,Motionskategori,Fristående motion,654801
1556264,statustext,statustext,Ärendet är avslutat,1556262
1892012,motkat,Motionskategori,Fristående motion,1892011
1119121,tilldelat,Tilldelat,Arbetsmarknadsutskottet,1119118
1153986,tilldelat,Tilldelat,Utbildningsutskottet,1153983
3351905,motkat,Motionskategori,Fristående motion,3351904
550316,tilldelat,Tilldelat,Skatteutskottet,550313
2200522,tilldelat,Tilldelat,Justitieutskottet,2200519
3304827,notis,Beslut i korthet,Ensamkommande barn som söker uppehållstillstånd i Sverige ska få en god man. Den gode mannen ska utses snabbt efter det att barnet anlänt till Sverige. Personen i fråga ska vara både barnets förmyndare och vårdnadshavare. Om barnet får uppehållstillstånd ska en särskild vårdnadshavare ersätta den gode mannen. Även barn som blivit ensamma efter ankomsten till Sverige kan få en god man. Beslutet innebär också att en vårdnadshavare kan utses för barn vars föräldrar exempelvis försvunnit i en naturkatastrof eller liknande och där föräldrarna ännu inte kunnat dödförklaras. De nya bestämmelserna börjar gälla den 1 juli 2005. ,3304825
984055,statustext,statustext,Ärendet är avslutat,984053
424160,statustext,statustext,Ärendet är avslutat,424155
1677032,motkat,Motionskategori,Fristående motion,1677031
115190,motkat,Motionskategori,Fristående motion,115189
644516,statustext,statustext,Ärendet är avslutat,644513
439193,inlamnatav,Inlämnat av,Finansdepartementet,439192
1620765,motkat,Motionskategori,Fristående motion,1620764
239246,statustext,statustext,Ärendet är avslutat,239241
778494,statustext,statustext,Ärendet är avslutat,778492
3332808,motkat,Motionskategori,Fristående motion,3332807
2174776,tilldelat,Tilldelat,Skatteutskottet,2174773
1615865,motkat,Motionskategori,Fristående motion,1615864
1303674,motgrund,Motionsgrund,Proposition 2014/15:108,1303673
579053,tilldelat,Tilldelat,Finansutskottet,579049
295362,statustext,statustext,Ärendet är avslutat,295360
146025,statustext,statustext,Ärendet är avslutat,146023
1772001,statustext,statustext,Ärendet är avslutat,1771997
1556854,motkat,Motionskategori,Fristående motion,1556853
2229312,statustext,statustext,Ärendet är avslutat,2229309
60403,beslutssammanfattningusk,Utskottets förslag till beslut,"Delvis bifall till proposition.
Avslag på motionerna.",60401
3332787,motkat,Motionskategori,Fristående motion,3332786
97230,beslutssammanfattningusk,Utskottets förslag till beslut,"Bifall till propositionen.
Utskottet föreslår med bifall till motionerna 2016/17:2670 yrkande 1 i denna del och 2016/17:3167 yrkande 1 ett tillkännagivande om att klimatpolitik ska vara långsiktigt effektiv och bedrivas så att minskade utsläpp av växthusgaser förenas med tillväxt. Avslag på övriga motionsyrkanden.",97228
2013923,statustext,statustext,Ärendet är avslutat,2013921
184518,motkat,Motionskategori,Fristående motion,184517
1880178,statustext,statustext,Ärendet är avslutat,1880176
291665,tilldelat,Tilldelat,Skatteutskottet,291662
116947,motkat,Motionskategori,Fristående motion,116946
117470,statustext,statustext,Ärendet är avslutat,117468
505283,tilldelat,Tilldelat,Socialutskottet,505280
1601366,motkat,Motionskategori,Fristående motion,1601365
1583752,tilldelat,Tilldelat,Försvarsutskottet,1583749
111108,motkat,Motionskategori,Fristående motion,111107
1430191,inlamnatav,Inlämnat av,Justitiedepartementet,1430190
2089564,tilldelat,Tilldelat,Socialförsäkringsutskottet,2089561
1204497,motkat,Motionskategori,Fristående motion,1204496
2202895,utsknotisrubrik,Utskottets förslag,Anslag till arbetsmarknad och arbetsliv (AU1),2202888
358208,motkat,Motionskategori,Fristående motion,358206
1877198,tilldelat,Tilldelat,Konstitutionsutskottet,1877195
472819,statustext,statustext,Ärendet är avslutat,472817
310793,tilldelat,Tilldelat,Miljö- och jordbruksutskottet,310790
2038567,motkat,Motionskategori,Fristående motion,2038566
1237714,tilldelat,Tilldelat,Utbildningsutskottet,1237711
1969879,statustext,statustext,Ärendet är avslutat,1969876
3351309,motkat,Motionskategori,Fristående motion,3351308
250686,tilldelat,Tilldelat,Utbildningsutskottet,250683
3253311,tilldelat,Tilldelat,Arbetsmarknadsutskottet,3253308
1744095,motkat,Motionskategori,Fristående motion,1744094
873991,statustext,statustext,Ärendet är avslutat,873989
1545695,statustext,statustext,Ärendet är avslutat,1545693
1053562,tilldelat,Tilldelat,Socialförsäkringsutskottet,1053559
519104,statustext,statustext,Ärendet är avslutat,519102
1053186,statustext,statustext,Ärendet är avslutat,1053184
1781626,statustext,statustext,Ärendet är avslutat,1781623
3117591,statustext,statustext,Ärendet är avslutat,3117589
1426137,notisrubrik,Beslut,Nej till motioner om trafiksäkerhet (TU11),1426132
1345874,motkat,Motionskategori,Fristående motion,1345873
3335346,inlamnatav,Inlämnat av,Finansdepartementet,3335345
1957306,tilldelat,Tilldelat,Konstitutionsutskottet,1957303
743704,statustext,statustext,Ärendet är avslutat,743701
3118053,tilldelat,Tilldelat,Utrikesutskottet,3118050
1409040,motkat,Motionskategori,Fristående motion,1409039
1240357,motkat,Motionskategori,Fristående motion,1240356
1865971,statustext,statustext,Ärendet är avslutat,1865969
1416810,statustext,statustext,Ärendet är avslutat,1416808
226278,tilldelat,Tilldelat,Finansutskottet,226275
1974609,motkat,Motionskategori,Fristående motion,1974608
1309668,tilldelat,Tilldelat,Socialutskottet,1309665
2086371,motkat,Motionskategori,Fristående motion,2086370
898966,motkat,Motionskategori,Fristående motion,898965
901355,tilldelat,Tilldelat,Civilutskottet,901351
1110828,rdbeslut,Riksdagens beslut,Kammaren biföll utskottets förslag,1110824
3233860,tilldelat,Tilldelat,Miljö- och jordbruksutskottet,3233857
1308625,statustext,statustext,Ärendet är avslutat,1308623
1593423,statustext,statustext,Ärendet är avslutat,1593421
2221466,tilldelat,Tilldelat,Socialutskottet,2221463
2195787,tilldelat,Tilldelat,Utrikesutskottet,2195784
1300125,statustext,statustext,Ärendet är avslutat,1300123
1267376,notisrubrik,Beslut,Drygt 4 miljarder till bland annat energiforskning och energiteknik (NU3),1267371
1354250,beslutssammanfattningusk,Utskottets förslag till beslut,Skrivelsen läggs till handlingarna. Avslag på samtliga motioner.,1354249
845082,notis,Beslut i korthet,"                           <p>Riksdagen sa ja till regeringens förslag om att covid-19-lagen och lagen om tillfälliga smittskyddsåtgärder på serveringsställen ska upphöra att gälla den 31 mars 2022.</p>
<p>Riksdagen sa också ja till regeringens förslag om att sjukdomen covid-19 inte längre ska anges som en allmänfarlig eller samhällsfarlig sjukdom.</p>
<p>Lagändringarna börjar gälla den 1 april 2022.</p>
<p>Riksdagen avgjorde ärendet trots att det har varit tillgängligt kortare tid än två vardagar före den dag då det behandlas, som är det vanliga.</p>
                                            ",845077
1888893,motkat,Motionskategori,Fristående motion,1888892
1993438,utsknotisrubrik,Utskottets förslag,Nej till motioner om allmänna helgdagar (KU19),1993430
3334244,statustext,statustext,Ärendet är avslutat,3334242
1471477,tilldelat,Tilldelat,Finansutskottet,1471474
668441,statustext,statustext,Ärendet är avslutat,668439
1009205,motkat,Motionskategori,Fristående motion,1009204
296545,tilldelat,Tilldelat,Utrikesutskottet,296541
2225483,statustext,statustext,Ärendet är avslutat,2225479
519792,tilldelat,Tilldelat,Skatteutskottet,519789
2103606,tilldelat,Tilldelat,Skatteutskottet,2103603
1856985,motkat,Motionskategori,Fristående motion,1856984
249168,motkat,Motionskategori,Följdmotion,249166
1176930,utsknotis,Utskottets förslag till beslut,"<p>Trafikutskottet vill att regeringen skyndsamt undersöker möjligheterna att införa så kallade alkobommar i gränshamnarna. Utskottet föreslår att riksdagen gör ett tillkännagivande till regeringen om detta.</p>
<p>De senaste åren har det gjorts försök med alkobommar i svenska hamnar, där förare som körde av färjorna fick testa sin nykterhet innan de fick köra vidare. Uppföljningar har visat att alkobommarna har fungerat väl och att informationen om automatisk nykterhetskontroll har minskat antalet onyktra förare betydligt. Utskottet föreslår att riksdagen ger regeringen i uppdrag att skyndsamt undersöka hur permanenta alkobommar skulle kunna införas i gränshamnarna. Förslaget bygger på en motion från Moderaterna och en motion från Kristdemokraterna.</p>
<p>Utskottet föreslår att riksdagen säger nej till övriga motioner från allmänna motionstiden 2014 om trafiksäkerhet.</p>",1176924
1530185,debattdatumtid,Datum och tid för debatten,2022-01-26 00:00:00,1530181
1886848,statustext,statustext,Ärendet är avslutat,1886846
691369,statustext,statustext,Ärendet är avslutat,691364
371730,beslutssammanfattningusk,Utskottets förslag till beslut,"Delvis bifall till motioner om partisymboler på valsedlar, möjlighet att delta i val för personer med fuktionsnedsättning, röstningslokaler för förtidsröstning, utbildning av röstmottagare m.fl. och elektroniskt röstningsförfarande. Avslag på övriga motioner.",371729
1573803,statustext,statustext,Ärendet är avslutat,1573800
1340709,tilldelat,Tilldelat,Socialförsäkringsutskottet,1340705
735589,motkat,Motionskategori,Fristående motion,735588
1454379,tilldelat,Tilldelat,Bostadsutskottet,1454376
664581,statustext,statustext,Ärendet är avslutat,664576
3337184,statustext,statustext,Propositionen är avslutad,3337182
1672685,statustext,statustext,Ärendet är avslutat,1672683
1830493,statustext,statustext,Ärendet är avslutat,1830489
476519,statustext,statustext,Ärendet är avslutat,476517
2035782,notis,Beslut i korthet,Riksdagen sa ja till regeringens förslag om att upphäva riksdagens tidigare beslutade mål och riktlinjer för Smittskyddsinstitutet arbete och organisation. Anledningen är att regeringen vill ge Smittskyddsinstitutet ett breddat uppdrag på kunskapsområdet. Myndigheten ska bygga upp och sprida kunskap om smittskydd i större utsträckning än vad den har gjort tidigare. För att klara detta behövs en omorgansiation. Omorganisationen är tänkt att genomföras den 1 juli 2010. Enligt regeringen ska Socialstyrelsen även i fortsättningen ansvara för styrningen av smittskyddet inom hälso- och sjukvården. Myndigheten ska också ansvara för att det finns en god beredskap för att hantera smittskydd. ,2035780
1873517,statustext,statustext,Ärendet är avslutat,1873514
1527411,debattdatumtid,Datum och tid för debatten,2023-06-14 00:00:00,1527406
71005,motkat,Motionskategori,Fristående motion,71004
2029290,utsknotis,Utskottets förslag till beslut,"<p>Trafikutskottet föreslår att riksdagen säger ja till regeringens förslag om att komplettera lagen om åtgärder vid hindrande av fortsatt färd.</p>
<p>Trafikutskottet har även behandlat motioner om yrkestrafik och taxi. Utskottet föreslår att riksdagen ska ge tre uppdrag, så kallade tillkännagivanden, till regeringen.</p>
<p>Utskottet vill att riksdagen ska uppmana regeringen att snabbt behandla frågan om åtgärder för att kunna stoppa ett fordon i mer än 24 timmar och sedan återkomma med förslag. Regeringen föreslås också att få i uppdrag att snabbt utarbeta regler så att lastbilar med en bruttovikt på upp till 74 ton kan tillåtas på de delar av det allmänna vägnätet som har tillräcklig bärighet. I detta tillkännagivande ingår också att det ska vara lättare att få dispens samt att regeringen bör fortsätta att utreda frågan om att tillåta fordon upp till 30 meter. Utskottet vill även att regeringen ska få i uppdrag att se över möjligheten att tillåta mindre avvikelser från kör- och vilotidsreglerna för yrkesmässig trafik.</p>
<p>Trafikutskottet föreslår att riksdagen säger nej till övriga motioner.</p>",2029284
1004698,motgrund,Motionsgrund,Redogörelse 2011/12:RS5,1004697
113043,beslutssammanfattningusk,Utskottets förslag till beslut,Skrivelsen och redogörelsen läggs till handlingarna,113042
3351493,statustext,statustext,Ärendet är avslutat,3351491
85054,tilldelat,Tilldelat,Kulturutskottet,85051
186533,statustext,statustext,Ärendet är avslutat,186531
563857,tilldelat,Tilldelat,Näringsutskottet,563854
728175,statustext,statustext,Ärendet är avslutat,728173
487253,statustext,statustext,Ärendet är avslutat,487251
1496305,motkat,Motionskategori,Fristående motion,1496304
1640674,motkat,Motionskategori,Fristående motion,1640673
1401465,motgrund,Motionsgrund,Skrivelse 2017/18:90,1401464
2243729,tilldelat,Tilldelat,Socialförsäkringsutskottet,2243726
215824,beslutdatumtid,Datum och tid för beslutet,2018-11-21 00:00:00,215823
1637940,utsknotisrubrik,Utskottets förslag,Motioner om fri- och rättighetsskydd (KU26),1637933
791948,motkat,Motionskategori,Fristående motion,791947
1306695,beslutssammanfattningusk,Utskottets förslag till beslut,Bifall till propositionen i denna del (förslagspunkt 1).,1306694
2036242,tilldelat,Tilldelat,Kulturutskottet,2036239
1660254,statustext,statustext,Ärendet är avslutat,1660252
2231270,tilldelat,Tilldelat,Civilutskottet,2231266
1856296,tilldelat,Tilldelat,Arbetsmarknadsutskottet,1856293
1424433,tilldelat,Tilldelat,Utbildningsutskottet,1424430
1286518,tilldelat,Tilldelat,Socialutskottet,1286515
1202939,beslutdatumtid,Datum och tid för beslutet,2021-12-14 00:00:00,1202938
2246433,motgrund,Motionsgrund,Proposition 2022/23:122,2246432
196698,beslutssammanfattningusk,Utskottets förslag till beslut,Bifall till proposition. Avslag på motionerna.,196697
2064685,tilldelat,Tilldelat,Justitieutskottet,2064682
1624347,motkat,Motionskategori,Fristående motion,1624346
1607110,rdbeslut,Riksdagens beslut,Kammaren biföll utskottets förslag.,1607103
1865784,motkat,Motionskategori,Fristående motion,1865783
1465492,statustext,statustext,Ärendet är avslutat,1465490
1789117,notisrubrik,Beslut,Krigsmaterielexporten år 2000 (UU14),1789111
2211619,debattdatumtid,Datum och tid för debatten,2024-03-14 00:00:00,2211615
1534055,utsknotisrubrik,Utskottets förslag,Kompletteringar i sjukförsäkringen (SfU10),1534048
675831,arendestatuskammaren,Beslutat,"",675830
1616534,motkat,Motionskategori,Fristående motion,1616533
588510,tilldelat,Tilldelat,Justitieutskottet,588507
2176737,tilldelat,Tilldelat,Näringsutskottet,2176734
1214167,tilldelat,Tilldelat,Socialutskottet,1214164
1528545,utsknotis,Utskottets förslag till beslut,"<p>Riksdagsstyrelsen bör överväga i vilken utsträckning besök hos riksdagsledamöter behöver anmälas och vilka uppgifter om besökare som behöver registreras. Det föreslår konstitutionsutskottet, KU, som därmed delvis säger ja till två motioner från Socialdemokraterna och Moderaterna. Syftet med förslaget är att säkerställa möjligheten för människor att besöka sina folkvalda utan att bli registrerade. Sedan några år tillbaka registreras alla besökare till riksdagsledamöter i Riksdagshuset i ett besöksregister. Registreringen genomförs av säkerhetsskäl. Uppgifterna i registret är offentliga, vilket innebär att vem som helst kan begära ut dem. </p>",1528539
2232096,tilldelat,Tilldelat,Utbildningsutskottet,2232093
2226959,tilldelat,Tilldelat,Försvarsutskottet,2226956
943109,tilldelat,Tilldelat,Socialutskottet,943106
1607020,rdbeslut,Riksdagens beslut,Kammaren biföll utskottets förslag.,1607013
2195556,motgrund,Motionsgrund, ,2195555
654393,motkat,Motionskategori,Fristående motion,654392
1999941,tilldelat,Tilldelat,Trafikutskottet,1999938
1241130,notis,Beslut i korthet,"                           <p>Riksdagen sa ja till regeringens&nbsp;förslag om&nbsp;att det nationella höjdsystemet RH 2000 ska användas för att bestämma gränsen mellan allmänt vatten och det vatten som hör till en fastighet, enskilt vatten. Det ska göra det enklare för både fastighetsägare och myndigheter att avgöra vilket vatten som är allmänt och vilket som tillhör en fastighet, jämfört med det system som används i dag.&nbsp;Beslutet har betydelse för fastigheter som ligger vid havet och vid de sjöar som har allmänt vatten: Vänern, Vättern, Hjälmaren och Storsjön.</p>
<p>Fastighetsägare och andra som särskilt påverkas av att en fastighets vattenområde minskar på grund av övergången till RH 2000 ska ha rätt till ersättning av staten.</p>
<p>De nya reglerna börjar gälla den 1 januari 2019.</p>
                                            ",1241126
1085636,motkat,Motionskategori,Följdmotion,1085634
517954,motkat,Motionskategori,Fristående motion,517953
325839,statustext,statustext,Motionen bereds i utskott,325837
1663721,motkat,Motionskategori,Fristående motion,1663720
1463067,statustext,statustext,Ärendet är avslutat,1463065
1450884,tilldelat,Tilldelat,Utbildningsutskottet,1450881
449529,motkat,Motionskategori,Fristående motion,449528
1845947,statustext,statustext,Motionen behandlas inte,1845946
238748,statustext,statustext,Ärendet är avslutat,238744
1854915,tilldelat,Tilldelat,Civilutskottet,1854912
624820,motkat,Motionskategori,Fristående motion,624819
1980883,motgrund,Motionsgrund,Proposition 2008/09:25,1980882
368582,utsknotisrubrik,Utskottets förslag,Ny konsumentkreditlag (CU5),368575
1409912,tilldelat,Tilldelat,Socialförsäkringsutskottet,1409909
3236329,motkat,Motionskategori,Fristående motion,3236328
914916,tilldelat,Tilldelat,Skatteutskottet,914913
511936,statustext,statustext,Ärendet är avslutat,511934
425129,tilldelat,Tilldelat,Trafikutskottet,425126
694212,notis,Beslut i korthet,"<p>Säkerhets- och integritetsskyddsnämndens tillsyn över Säkerhetspolisens personuppgiftsbehandling förtydligas. Tidigare beslutade lagändringar har uppfattats som en inskränkning av nämndens tillsyn. Syftet med förtydligandet är att Säkerhets- och integritetsskyddsnämndens tillsyn över Säkerhetspolisens personuppgiftsbehandling ska fortgå som tidigare, utan inskränkningar.&nbsp;Riksdagen sa&nbsp;ja till regeringens förslag.</p>",694210
205206,utsknotis,Utskottets förslag till beslut,"<p>Företag får ökade möjligheter till omedelbart avdrag för inventarier av mindre värde. Syftet är att göra reglerna enklare och göra det lättare för företagen att veta när inventarier ska anses vara av mindre värde och därmed omedelbart avdragsgilla. De nya reglerna innebär att företagen direkt får dra av inköp av de inventarier som har ett anskaffningsvärde som är mindre än ett halvt prisbasbelopp, vilket motsvarar 21 400 kronor för 2009. Skatteutskottet föreslår att riksdagen säger ja till regeringens förslag.</p>",205200
2151853,statustext,statustext,Ärendet är avslutat,2151851
1279544,statustext,statustext,Ärendet är avslutat,1279542
3251744,motkat,Motionskategori,Fristående motion,3251743
2083309,statustext,statustext,Ärendet är avslutat,2083307
168049,motkat,Motionskategori,Fristående motion,168048
1331183,statustext,statustext,Ärendet är avslutat,1331181
1909865,statustext,statustext,Ärendet är avslutat,1909863
411948,motkat,Motionskategori,Fristående motion,411947
1434699,motkat,Motionskategori,Fristående motion,1434698
172716,statustext,statustext,Ärendet är avslutat,172714
1565957,tilldelat,Tilldelat,Finansutskottet,1565954
1778982,statustext,statustext,Ärendet är avslutat,1778980
1049161,tilldelat,Tilldelat,Civilutskottet,1049158
326021,motkat,Motionskategori,Fristående motion,326020
261711,utsknotisrubrik,Utskottets förslag,Nej till motioner om vuxenutbildning (UbU12),261702
3336059,tilldelat,Tilldelat,Trafikutskottet,3336055
457061,tilldelat,Tilldelat,Konstitutionsutskottet,457058
1709494,motkat,Motionskategori,Fristående motion,1709493
684420,tilldelat,Tilldelat,Utbildningsutskottet,684417
1831001,statustext,statustext,Ärendet är avslutat,1830999
2006193,tilldelat,Tilldelat,Socialutskottet,2006190
2050843,statustext,statustext,Ärendet är avslutat,2050841
407976,statustext,statustext,Ärendet är avslutat,407969
1166062,motgrund,Motionsgrund,Proposition 2003/04:19,1166061
1185443,statustext,statustext,Ärendet är avslutat,1185441
1991653,motkat,Motionskategori,Fristående motion,1991652
1398312,motkat,Motionskategori,Följdmotion,1398310
1672390,tilldelat,Tilldelat,Trafikutskottet,1672387
1697089,statustext,statustext,Ärendet är avslutat,1697087
1176483,statustext,statustext,Ärendet är avslutat,1176481
1812129,motkat,Motionskategori,Fristående motion,1812128
2023003,statustext,statustext,Ärendet är avslutat,2023001
2133289,motkat,Motionskategori,Följdmotion,2133287
967844,statustext,statustext,Ärendet är avslutat,967839
1094864,tilldelat,Tilldelat,Bostadsutskottet,1094861
1158664,statustext,statustext,Ärendet är avslutat,1158662
216399,motkat,Motionskategori,Fristående motion,216398
145263,tilldelat,Tilldelat,Justitieutskottet,145260
634633,utsknotisrubrik,Utskottets förslag,Motioner om strålning från mobiltelefoner (MJU12),634626
817083,motkat,Motionskategori,Fristående motion,817081
1454682,tilldelat,Tilldelat,Näringsutskottet,1454679
406323,statustext,statustext,Motionen bereds i utskott,406321
798106,motkat,Motionskategori,Fristående motion,798105
690562,motkat,Motionskategori,Följdmotion,690560
1678344,motkat,Motionskategori,Fristående motion,1678343
1298728,tilldelat,Tilldelat,Civilutskottet,1298725
1307241,inlamnatav,Inlämnat av,Utbildningsdepartementet,1307240
542917,tilldelat,Tilldelat,Skatteutskottet,542914
1414740,tilldelat,Tilldelat,Miljö- och jordbruksutskottet,1414737
534309,rdbeslut,Riksdagens beslut,Kammaren biföll utskottets förslag,534305
3292205,statustext,statustext,Ärendet är avslutat,3292203
1052741,motkat,Motionskategori,Fristående motion,1052740
1246654,statustext,statustext,Ärendet är avslutat,1246652
1981652,arendestatuskammaren,Beslutat,"",1981651
299931,tilldelat,Tilldelat,Civilutskottet,299928
693348,notis,Beslut i korthet,"<p>Regeringen har efter flera händelser i vår omvärld, som självmordsbombningen i Stockholm och terroristattentaten i Norge, uppdaterat den nationella strategin mot terrorism. Strategin innehåller målsättningar och åtgärder för att förebygga uppkomsten av terrorism, förhindra terroristattentat och förbereda för det fall ett attentat inträffar.</p>
<p>En utgångspunkt för regeringens arbete mot terrorism är att den endast kan bekämpas effektivt med medel och för ändamål som hör hemma i ett öppet, demokratiskt och rättssäkerhet samhälle. Internationell rätt, inklusive mänskliga rättigheter, ska respekteras nationellt och internationellt. Demokratin ska skyddas utan att skada de värden som ska försvaras.</p>
<p>Regeringen har redovisat strategin i en skrivelse till riksdagen. Riksdagen lade skrivelsen till handlingarna, det vill säga avslutade ärendet.</p>",693346
812774,motkat,Motionskategori,Fristående motion,812773
1948607,tilldelat,Tilldelat,Utrikesutskottet,1948602
821246,motkat,Motionskategori,Fristående motion,821245
355087,motkat,Motionskategori,Följdmotion,355085
1783250,motkat,Motionskategori,Fristående motion,1783249
1528417,debattdatumtid,Datum och tid för debatten,2018-06-12 00:00:00,1528414
1662766,motkat,Motionskategori,Fristående motion,1662765
2127936,rdbeslut,Riksdagens beslut,Kammaren biföll utskottets förslag.,2127930
94680,tilldelat,Tilldelat,Socialutskottet,94676
1400948,tilldelat,Tilldelat,Socialutskottet,1400945
1298124,statustext,statustext,Motionen bereds i utskott,1298122
486827,statustext,statustext,Ärendet är avslutat,486824
3346683,tilldelat,Tilldelat,Socialutskottet,3346680
289242,motkat,Motionskategori,Fristående motion,289240
655720,tilldelat,Tilldelat,Justitieutskottet,655717
756490,statustext,statustext,Ärendet är avslutat,756488
1078419,statustext,statustext,Ärendet är avslutat,1078417
418586,motkat,Motionskategori,Fristående motion,418585
839821,tilldelat,Tilldelat,Trafikutskottet,839818
965405,beslutssammanfattningusk,Utskottets förslag till beslut,Bifall till propositionen. Avslag på samtliga motioner.,965404
2142458,motkat,Motionskategori,Fristående motion,2142457
58677,tilldelat,Tilldelat,Försvarsutskottet,58671
1592444,tilldelat,Tilldelat,Finansutskottet,1592441
355883,statustext,statustext,Ärendet är avslutat,355881
207547,tilldelat,Tilldelat,Försvarsutskottet,207544
1106972,motkat,Motionskategori,Följdmotion,1106970
653587,rdbeslut,Riksdagens beslut,Återförvisat.,653583
2074320,rdbeslut,Riksdagens beslut,Kammaren biföll utskottets förslag.,2074314
1834912,utsknotisrubrik,Utskottets förslag,Radio- och tv-företag ska få ersättning vid privatkopiering (NU21),1834902
1588070,tilldelat,Tilldelat,Socialutskottet,1588067
1716485,tilldelat,Tilldelat,Civilutskottet,1716482
1423052,tilldelat,Tilldelat,Utbildningsutskottet,1423049
342667,motkat,Motionskategori,Fristående motion,342666
334314,motkat,Motionskategori,Fristående motion,334313
408870,motkat,Motionskategori,Fristående motion,408869
761457,tilldelat,Tilldelat,Miljö- och jordbruksutskottet,761449
1816560,tilldelat,Tilldelat,Kulturutskottet,1816557
132871,tilldelat,Tilldelat,Skatteutskottet,132868
371404,motkat,Motionskategori,Fristående motion,371403
1975803,tilldelat,Tilldelat,Arbetsmarknadsutskottet,1975800
299843,statustext,statustext,Ärendet är avslutat,299841
1495118,statustext,statustext,Ärendet är avslutat,1495115
1588480,statustext,statustext,Ärendet är avslutat,1588476
1329204,statustext,statustext,Ärendet är avslutat,1329202
1271586,statustext,statustext,Ärendet är avslutat,1271584
2171820,statustext,statustext,Ärendet är avslutat,2171818
1401011,tilldelat,Tilldelat,Utbildningsutskottet,1401008
2021599,statustext,statustext,Ärendet är avslutat,2021597
2166809,statustext,statustext,Ärendet är avslutat,2166807
2218865,arendestatuskammaren,Beslutat,"",2218864
467724,statustext,statustext,Ärendet är avslutat,467722
1783042,motkat,Motionskategori,Fristående motion,1783041
539148,notis,Beslut i korthet,Riksdagen sa nej till motionsförslag från den allmänna motionstiden 2008 om namnlagen. Riksdagen hänvisar till pågående arbete och en kommande utredning av de frågor som motionerna tar upp. Motionerna handlar om ändringar i 1982 års namnlag och behovet av en översyn av lagen. ,539146
353170,motkat,Motionskategori,Fristående motion,353169
1665695,motgrund,Motionsgrund,Regeringsskrivelse 2013/14:233,1665694
2216499,statustext,statustext,Ärendet är avslutat,2216497
571460,utsknotis,Utskottets förslag till beslut,"<p>Trafikutskottet föreslår att riksdagen godkänner regeringens förslag om ändrade regler för sjömäns vilotid med anledning av EG-direktiv. Det ska inte längre vara möjligt att avtala bort den särskilda bestämmelsen om att sjömän som är under 18 år ska ha rätt till minst nio timmars sammanhängande nattvila. Tillsynen av utländska fartygs efterlevnad av vilotidsbestämmelserna ska kunna utövas genom såväl flaggstats- som hamnstatskontroll. Det blir möjligt att i kollektivavtal bestämma om undantag från lagens vilotidsgränser för vaktgående sjömän på fartyg som enbart anlöper svenska, dock inte gotländska, hamnar.</p>",571455
1217273,statustext,statustext,Ärendet är avslutat,1217271
843274,statustext,statustext,Ärendet är avslutat,843272
3295994,motkat,Motionskategori,Fristående motion,3295993
730450,tilldelat,Tilldelat,Konstitutionsutskottet,730447
1266171,tilldelat,Tilldelat,Justitieutskottet,1266168
1116415,statustext,statustext,Ärendet är avslutat,1116412
1814025,tilldelat,Tilldelat,Lagutskottet,1814022
221364,tilldelat,Tilldelat,Trafikutskottet,221361
2090946,motkat,Motionskategori,Fristående motion,2090945
1741115,tilldelat,Tilldelat,Miljö- och jordbruksutskottet,1741112
909877,beslutdatumtid,Datum och tid för beslutet,2022-05-19 00:00:00,909875
709427,statustext,statustext,Ärendet är avslutat,709424
2052892,statustext,statustext,Ärendet är avslutat,2052890
498873,statustext,statustext,Ärendet är avslutat,498871
1737543,tilldelat,Tilldelat,Arbetsmarknadsutskottet,1737540
939213,statustext,statustext,Ärendet är avslutat,939211
1829246,statustext,statustext,Ärendet är avslutat,1829244
2251339,statustext,statustext,Ärendet är avslutat,2251337
988063,statustext,statustext,Ärendet är avslutat,988061
1119454,tilldelat,Tilldelat,Arbetsmarknadsutskottet,1119451
2207838,motkat,Motionskategori,Fristående motion,2207837
686181,motkat,Motionskategori,Fristående motion,686180
170823,motkat,Motionskategori,Fristående motion,170822
1634587,statustext,statustext,Ärendet är avslutat,1634585
594318,utsknotis,Utskottets förslag till beslut,"<p>Riksdagen föreslås godkänna ett frihandelsavtal mellan EU och Sydkorea. Avtalet med Sydkorea är det mest omfattande frihandelsavtal som EU hittills har förhandlat fram. Tullarna för industri- och jordbruksprodukter avvecklas nästan fullständigt. Andra områden som liberaliseras är tjänstehandeln, etableringsrätten och den elektroniska handeln. Näringsutskottet föreslår att riksdagen säger ja till regeringens förslag.</p>",594312
2105622,tilldelat,Tilldelat,Konstitutionsutskottet,2105619
1049142,inlamnatav,Inlämnat av,Utrikesdepartementet,1049141
272209,motkat,Motionskategori,Fristående motion,272208
1425934,statustext,statustext,Ärendet är avslutat,1425932
287183,tilldelat,Tilldelat,Näringsutskottet,287180
574144,statustext,statustext,Ärendet är avslutat,574142
720026,utsknotisrubrik,Utskottets förslag,Ny organisation inom näringspolitiken (NU17),720019
85819,utsknotisrubrik,Utskottets förslag,"Förbud mot utvinning av kol, olja och naturgas och skärpta regler för utvinning i alunskiffer (NU23)",85809
1279877,motkat,Motionskategori,Fristående motion,1279876
1700185,statustext,statustext,Ärendet är avslutat,1700182
441117,utsknotisrubrik,Utskottets förslag,87 miljarder kronor till rättsväsendet (JuU1),441107
166759,rdbeslut,Riksdagens beslut,Kammaren biföll utskottets förslag.,166753
1421289,utsknotisrubrik,Utskottets förslag,Förenklad hantering av skattefritt bränsle och vissa andra punktskattefrågor (SkU2),1421279
955875,statustext,statustext,Ärendet är avslutat,955873
2158835,tilldelat,Tilldelat,Utbildningsutskottet,2158832
1705426,beslutssammanfattningusk,Utskottets förslag till beslut,Bifall till proposition 2024/25:1 och övriga propositioner. Avslag på samtliga motionsyrkanden.,1705423
207655,motkat,Motionskategori,Fristående motion,207654
2243159,motkat,Motionskategori,Fristående motion,2243158
1774047,motkat,Motionskategori,Fristående motion,1774043
1861483,beslutssammanfattningusk,Utskottets förslag till beslut,Bifall till propositionen. Avslag på samtliga motionsyrkanden.,1861480
1004048,motgrund,Motionsgrund,Proposition 2011/12:33,1004046
1572570,statustext,statustext,Ärendet är avslutat,1572568
502083,beslutdatumtid,Datum och tid för beslutet,2017-04-06 00:00:00,502082
750009,motkat,Motionskategori,Fristående motion,750008
1205754,motkat,Motionskategori,Fristående motion,1205753
996460,motkat,Motionskategori,Fristående motion,996459
1932184,tilldelat,Tilldelat,Trafikutskottet,1932181
3257287,tilldelat,Tilldelat,Trafikutskottet,3257284
1180402,tilldelat,Tilldelat,Arbetsmarknadsutskottet,1180399
364272,motgrund,Motionsgrund,Proposition 2005/06:105,364271
1123054,statustext,statustext,Ärendet är avslutat,1123049
1694576,tilldelat,Tilldelat,Miljö- och jordbruksutskottet,1694573
1336664,motkat,Motionskategori,Fristående motion,1336663
1454791,motkat,Motionskategori,Fristående motion,1454790
1544810,statustext,statustext,Ärendet är avslutat,1544808
628773,tilldelat,Tilldelat,Utrikesutskottet,628770
210833,motkat,Motionskategori,Fristående motion,210832
1599136,statustext,statustext,Ärendet är avslutat,1599134
767561,motkat,Motionskategori,Fristående motion,767560
1607455,tilldelat,Tilldelat,Konstitutionsutskottet,1607452
235679,statustext,statustext,Ärendet är avslutat,235677
1830939,statustext,statustext,Ärendet är avslutat,1830937
1093613,motkat,Motionskategori,Fristående motion,1093612
1889004,tilldelat,Tilldelat,Finansutskottet,1889001
68549,tilldelat,Tilldelat,Utbildningsutskottet,68546
1666032,arendestatuskammaren,Beslutat,"",1666031
543225,beslutssammanfattningusk,Utskottets förslag till beslut,"Utskottet föreslår att riksdagen lämnar ett motiverat yttrande till
Europaparlamentets, rådets och kommissionens ordförande. Utskottet anser att kommissionens förslag strider mot subsidiaritetsprincipen.",543222
770699,statustext,statustext,Ärendet är avslutat,770697
277047,tilldelat,Tilldelat,Lagutskottet,277044
1033414,statustext,statustext,Ärendet är avslutat,1033412
1542268,motkat,Motionskategori,Fristående motion,1542267
223169,utsknotis,Utskottets förslag till beslut,"                           <p>Arbetsmarknadsutskottet föreslår att riksdagen säger nej till cirka 90 förslag om jämställdhet och diskriminering i motioner från den allmänna motionstiden 2020.</p>
<p>Förslagen handlar bland annat om jämställdhetsintegrering, målen för jämställdhetspolitiken, översyn av diskrimineringslagen, åtgärder för jämställdhet och mot diskriminering i arbetslivet, mot hedersrelaterat våld och förtryck etcetera. Arbetsmarknadsutskottet hänvisar främst till pågående arbete inom området.</p>
                                            ",223161
1743358,motkat,Motionskategori,Fristående motion,1743356
987538,motkat,Motionskategori,Fristående motion,987537
1161457,tilldelat,Tilldelat,Trafikutskottet,1161454
394972,statustext,statustext,Ärendet är avslutat,394965
1413042,statustext,statustext,Ärendet är avslutat,1413040
1460732,statustext,statustext,Ärendet är avslutat,1460730
1699695,motkat,Motionskategori,Fristående motion,1699694
1083206,motgrund,Motionsgrund,Proposition 2025/26:234,1083205
635010,utsknotisrubrik,Utskottets förslag,Tydligare biståndsregler i socialtjänstlagen (SoU6),635003
1917699,tilldelat,Tilldelat,Finansutskottet,1917696
1583653,statustext,statustext,Ärendet är avslutat,1583651
321590,tilldelat,Tilldelat,Trafikutskottet,321587
1735943,tilldelat,Tilldelat,Näringsutskottet,1735940
3259097,inlamnatav,Inlämnat av,Socialdepartementet,3259096
541871,statustext,statustext,Ärendet är avslutat,541868
3228170,utsknotisrubrik,Utskottets förslag,"12,9 miljarder till Skatteverket, Tullverket och Kronofogdemyndigheten (SkU1)",3228160
2231915,tilldelat,Tilldelat,Konstitutionsutskottet,2231912
1033292,tilldelat,Tilldelat,Civilutskottet,1033289
2123933,tilldelat,Tilldelat,Konstitutionsutskottet,2123930
940978,tilldelat,Tilldelat,Socialutskottet,940975
354882,tilldelat,Tilldelat,Kulturutskottet,354879
1191951,notisrubrik,Beslut,Åtgärder för tryggare bostadsområden (CU20),1191945
509971,statustext,statustext,Ärendet är avslutat,509969
1381264,motkat,Motionskategori,Fristående motion,1381263
1328826,statustext,statustext,Ärendet är avslutat,1328824
1932873,motkat,Motionskategori,Fristående motion,1932871
947928,statustext,statustext,Ärendet är avslutat,947926
2152484,tilldelat,Tilldelat,Försvarsutskottet,2152480
3350356,notisrubrik,Beslut,Tingsrätten ska få ta ut en tilläggsavgift vid vissa ärenden (JuU20),3350353
210900,motkat,Motionskategori,Fristående motion,210899
3116224,statustext,statustext,Ärendet är avslutat,3116222
583431,tilldelat,Tilldelat,Trafikutskottet,583425
886811,tilldelat,Tilldelat,Socialutskottet,886808
1413647,motkat,Motionskategori,Fristående motion,1413646
814206,statustext,statustext,Ärendet är avslutat,814203
2168109,tilldelat,Tilldelat,Utbildningsutskottet,2168106
3114583,statustext,statustext,Ärendet är avslutat,3114580
3126907,statustext,statustext,Ärendet är avslutat,3126905
677663,tilldelat,Tilldelat,Näringsutskottet,677660
1041987,notisrubrik,Beslut,Trängselskatten ska betalas en gång i månaden (SkU23),1041984
1693878,motgrund,Motionsgrund,Proposition 2019/20:118,1693877
1017508,tilldelat,Tilldelat,Näringsutskottet,1017505
306971,tilldelat,Tilldelat,Trafikutskottet,306968
1186135,utsknotisrubrik,Utskottets förslag,Nej till motioner om offentlig upphandling (FiU29),1186128
1600012,motgrund,Motionsgrund,Proposition 2008/09:115,1600011
939688,motkat,Motionskategori,Fristående motion,939687
1405891,motkat,Motionskategori,Fristående motion,1405890
1577089,tilldelat,Tilldelat,Socialutskottet,1577086
2001903,statustext,statustext,Ärendet är avslutat,2001901
500873,beslutdatumtid,Datum och tid för beslutet,2020-12-09 00:00:00,500872
3336736,inlamnatav,Inlämnat av,Utrikesdepartementet,3336735
295279,statustext,statustext,Ärendet är avslutat,295272
1456423,statustext,statustext,Ärendet är avslutat,1456421
1281878,inlamnatav,Inlämnat av,Finansdepartementet,1281877
1180676,tilldelat,Tilldelat,Utbildningsutskottet,1180673
2152498,statustext,statustext,Ärendet är avslutat,2152496
1050133,motgrund,Motionsgrund,Proposition 2025/26:160,1050131
883516,motkat,Motionskategori,Fristående motion,883515
470559,tilldelat,Tilldelat,Utbildningsutskottet,470556
1911505,motkat,Motionskategori,Följdmotion,1911503
1047325,notisrubrik,Beslut,Sjukskriven får rätt till ledighet för att prova annat arbete (AU10),1047322
3262824,statustext,statustext,Ärendet är avslutat,3262822
2106023,motkat,Motionskategori,Fristående motion,2106021
664051,utsknotisrubrik,Utskottets förslag,Riksbankens Jubileumsfonds verksamhet 2016 har granskats (UbU24),664042
866060,statustext,statustext,Ärendet är avslutat,866058
1062026,statustext,statustext,Ärendet är avslutat,1062024
2204512,motkat,Motionskategori,Fristående motion,2204511
297690,tilldelat,Tilldelat,Lagutskottet,297686
221616,tilldelat,Tilldelat,Utbildningsutskottet,221613
335619,tilldelat,Tilldelat,Socialutskottet,335616
1118129,statustext,statustext,Ärendet är avslutat,1118127
917461,statustext,statustext,Ärendet är avslutat,917459
808530,tilldelat,Tilldelat,Konstitutionsutskottet,808527
1983076,statustext,statustext,Ärendet är avslutat,1983074
180137,motgrund,Motionsgrund,Förslag 2002/03:RR16,180136
759816,tilldelat,Tilldelat,Miljö- och jordbruksutskottet,759813
1755047,motkat,Motionskategori,Fristående motion,1755046
1387725,tilldelat,Tilldelat,Socialutskottet,1387722
1564631,tilldelat,Tilldelat,Konstitutionsutskottet,1564628
1501157,tilldelat,Tilldelat,Skatteutskottet,1501154
804954,motkat,Motionskategori,Fristående motion,804953
2096746,motkat,Motionskategori,Fristående motion,2096745
3309568,statustext,statustext,Ärendet är avslutat,3309566
1228117,tilldelat,Tilldelat,Justitieutskottet,1228114
1170416,notisrubrik,Beslut,Nytt regelverk om internationell verkställighet i brottmål (JuU28),1170410
2198045,motkat,Motionskategori,Fristående motion,2198044
1246883,notis,Beslut i korthet,"                           <p>Straffen skärps för hedersrelaterad brottslighet. Brott där motivet varit att bevara eller återupprätta heder ska ses som en försvårande omständighet vid bedömning av straffvärdet.</p>
<p>Dessutom blir det straffbart att förmå eller tillåta ett barn att ingå äktenskap eller äktenskapsliknande förbindelser och utreseförbud införs för att skydda barn från att föras utomlands i syfte att ingå barnäktenskap eller att könsstympas.</p>
<p>Riksdagens sa ja till regeringens förslag. Lagändringarna börjar gälla den 1 juli 2020.</p>
                                            ",1246879
521413,statustext,statustext,Ärendet är avslutat,521410
1191203,notis,Beslut i korthet,"<p>Riksdagen godkände ett avtal mellan Sverige och Macao SAR om utbyte av upplysningar i skatteärenden. Avtalet innehåller regler om utbyte av upplysningar på begäran, skatteutredningar som görs utomlands, sekretess och hur ömsesidiga överenskommelser ska upprättas. Regeringen kommer att bestämma när de nya reglerna ska börja gälla.</p>",1191201
475433,motkat,Motionskategori,Fristående motion,475432
1694541,motkat,Motionskategori,Fristående motion,1694540
1548304,tilldelat,Tilldelat,Miljö- och jordbruksutskottet,1548301
298372,motkat,Motionskategori,Fristående motion,298371
1820063,tilldelat,Tilldelat,Näringsutskottet,1820060
1246155,motgrund,Motionsgrund,Proposition 2002/03:94,1246154
1781585,statustext,statustext,Ärendet är avslutat,1781581
1750442,tilldelat,Tilldelat,Miljö- och jordbruksutskottet,1750439
1880946,motkat,Motionskategori,Fristående motion,1880945
700286,tilldelat,Tilldelat,Näringsutskottet,700283
1922836,motkat,Motionskategori,Fristående motion,1922835
757654,motkat,Motionskategori,Fristående motion,757653
965575,statustext,statustext,Ärendet är avslutat,965572
1774879,utsknotisrubrik,Utskottets förslag,Det samlade stödet till solel har granskats (NU18),1774870
585975,statustext,statustext,Ärendet är avslutat,585972
1245144,statustext,statustext,Ärendet är avslutat,1245142
1728683,tilldelat,Tilldelat,Miljö- och jordbruksutskottet,1728680
593568,statustext,statustext,Ärendet är avslutat,593566
1314543,motkat,Motionskategori,Fristående motion,1314542
1085952,statustext,statustext,Ärendet är avslutat,1085950
879639,motgrund,Motionsgrund,Proposition 2013/14:37,879638
3335481,notisrubrik,Beslut,Pengar till ekonomisk trygghet vid sjukdom och funktionsnedsättning (SfU1),3335476
622905,statustext,statustext,Ärendet är avslutat,622903
1352800,tilldelat,Tilldelat,Trafikutskottet,1352797
117931,motkat,Motionskategori,Fristående motion,117930
2112323,statustext,statustext,Ärendet är avslutat,2112321
789853,statustext,statustext,Ärendet är avslutat,789848
759055,motkat,Motionskategori,Fristående motion,759054
1013567,tilldelat,Tilldelat,Socialutskottet,1013563
936888,tilldelat,Tilldelat,Socialutskottet,936885
351134,tilldelat,Tilldelat,Bostadsutskottet,351131
1532651,tilldelat,Tilldelat,Socialförsäkringsutskottet,1532648
3327292,tilldelat,Tilldelat,Miljö- och jordbruksutskottet,3327289
2027699,statustext,statustext,Ärendet är avslutat,2027697
603765,tilldelat,Tilldelat,Näringsutskottet,603762
1040441,tilldelat,Tilldelat,Skatteutskottet,1040438
3308508,tilldelat,Tilldelat,Konstitutionsutskottet,3308505
798146,statustext,statustext,Ärendet är avslutat,798144
293219,tilldelat,Tilldelat,Trafikutskottet,293216
752061,tilldelat,Tilldelat,Miljö- och jordbruksutskottet,752058
1280980,utsknotisrubrik,Utskottets förslag,Nya regler om kapitaltäckning för värdepappersbolag införs (FiU50),1280971
984120,tilldelat,Tilldelat,Bostadsutskottet,984117
870759,motgrund,Motionsgrund,Proposition 2006/07:111,870758
1707998,motkat,Motionskategori,Följdmotion,1707996
1151659,motkat,Motionskategori,Fristående motion,1151658
1330443,beslutssammanfattningusk,Utskottets förslag till beslut,Delvis bifall på propositionen. Avslag på motionen.,1330442
484706,statustext,statustext,Ärendet är avslutat,484704
1567562,statustext,statustext,Ärendet är avslutat,1567560
1970630,statustext,statustext,Ärendet är avslutat,1970628
549452,motkat,Motionskategori,Fristående motion,549451
528486,beslutdatumtid,Datum och tid för beslutet,2023-02-22 00:00:00,528484
1828672,inlamnatav,Inlämnat av,Justitiedepartementet,1828671
1657918,motkat,Motionskategori,Fristående motion,1657917
908708,motkat,Motionskategori,Fristående motion,908707
1602823,tilldelat,Tilldelat,Trafikutskottet,1602820
2056679,tilldelat,Tilldelat,Utbildningsutskottet,2056676
2257525,tilldelat,Tilldelat,Kulturutskottet,2257522
1740560,motkat,Motionskategori,Följdmotion,1740558
1229692,tilldelat,Tilldelat,Socialutskottet,1229689
1644800,rdbeslut,Riksdagens beslut,Kammaren biföll utskottets förslag,1644795
2003361,motkat,Motionskategori,Fristående motion,2003360
1119834,statustext,statustext,Ärendet är avslutat,1119832
3325022,motkat,Motionskategori,Fristående motion,3325021
1444718,utsknotis,Utskottets förslag till beslut,"<p>Personer ska kunna sättas i karantän och områden spärras av för att förhindra smittspridning av samhällsfarliga sjukdomar. En sjukdom ska räknas som samhällsfarlig om den riskerar att störa viktiga samhällsfunktioner som kräver extraordinära skyddsåtgärder. Sjukdomen måste dessutom uppfylla smittskyddslagens kriterier för allmänfarlig sjukdom. I dag är det enbart smittkoppor och SARS (svår akut respiratorisk sjukdom) som anses som samhällsfarliga. Till de extraordinära skyddsåtgärderna räknas, förutom karantän och avspärrningar, också hälsokontroller av personer som kommer till Sverige och som kan misstänkas för att vara smittade. Beslut om hälsokontroll ska fattas av en smittskyddsläkare och kontrollen ska äga rum på platsen för inresan. De samhällsfarliga sjukdomarna kommer att tas upp i en särskild bilaga till smittskyddslagen. Lagändringarna utgör ett komplement till den nya smittskyddslag som trädde i kraft den 1 juli 2004 (se <a href=""/bik/beslut.asp?ptnr=2399"">2003/04:SoU6</a>). Lagändringarna föreslås börja gälla den 1 januari 2005. Socialutskottet föreslår att riksdagen säger ja till regeringens förslag.</p>",1444712
718423,tilldelat,Tilldelat,Socialutskottet,718420
601869,notisrubrik,Beslut,Regeringen bör undersöka om licensjakten på varg kan utökas (MJU15),601864
472606,tilldelat,Tilldelat,Socialutskottet,472603
1664312,statustext,statustext,Ärendet är avslutat,1664310
617678,notisrubrik,Beslut,Ja till regeringens riktlinjer för den ekonomiska politiken (FiU20),617673
1651084,motkat,Motionskategori,Fristående motion,1651083
1604083,motkat,Motionskategori,Fristående motion,1604082
837933,tilldelat,Tilldelat,Konstitutionsutskottet,837929
2191956,statustext,statustext,Ärendet är avslutat,2191954
105163,statustext,statustext,Ärendet är avslutat,105161
1862491,motkat,Motionskategori,Fristående motion,1862490
361363,statustext,statustext,Ärendet är avslutat,361361
1782489,motkat,Motionskategori,Fristående motion,1782486
2017615,statustext,statustext,Ärendet är avslutat,2017613
669299,motkat,Motionskategori,Fristående motion,669298
1520912,statustext,statustext,Ärendet är avslutat,1520910
811336,statustext,statustext,Ärendet är avslutat,811331
1576967,tilldelat,Tilldelat,Trafikutskottet,1576964
3211542,statustext,statustext,Ärendet är avslutat,3211536
1342028,tilldelat,Tilldelat,Socialutskottet,1342025
894911,statustext,statustext,Ärendet är avslutat,894909
1613345,statustext,statustext,Ärendet är avslutat,1613340
1090350,motkat,Motionskategori,Fristående motion,1090349
1220826,tilldelat,Tilldelat,Skatteutskottet,1220823
1681883,utsknotisrubrik,Utskottets förslag,  Nej till motioner om vallagsfrågor (KU26),1681871
874706,statustext,statustext,Motionen bereds i utskott,874704
1441176,notis,Beslut i korthet,"                           <div>Riksdagen sa nej till cirka 80 förslag i motioner från den allmänna motionstiden 2019. De handlar bland annat om museifrågor, byggande och förvaltning av värdefulla kulturmiljöer och världsarv med mera.<br /><br />",1441172
1296024,motkat,Motionskategori,Fristående motion,1296023
1846696,beslutssammanfattningusk,Utskottets förslag till beslut,Bifall till propositionen. Avslag på motionerna.,1846695
3329766,beslutdatumtid,Datum och tid för beslutet,2024-01-17 00:00:00,3329765
1456985,motkat,Motionskategori,Fristående motion,1456984
1402757,tilldelat,Tilldelat,Utbildningsutskottet,1402754
731108,motkat,Motionskategori,Fristående motion,731107
2132454,motkat,Motionskategori,Fristående motion,2132452
1667945,statustext,statustext,Ärendet är avslutat,1667943
898382,inlamnatav,Inlämnat av,Arbetsmarknadsdepartementet,898381
2074743,arendestatuskammaren,Beslutat,"",2074742
288802,tilldelat,Tilldelat,Miljö- och jordbruksutskottet,288799
2204620,tilldelat,Tilldelat,Näringsutskottet,2204617
402125,tilldelat,Tilldelat,Näringsutskottet,402122
704677,tilldelat,Tilldelat,Civilutskottet,704672
2204305,motkat,Motionskategori,Fristående motion,2204304
1142379,motkat,Motionskategori,Fristående motion,1142378
1885937,motkat,Motionskategori,Fristående motion,1885936
185461,statustext,statustext,Ärendet är avslutat,185459
1287742,statustext,statustext,Ärendet är avslutat,1287740
527367,tilldelat,Tilldelat,Socialförsäkringsutskottet,527364
165938,tilldelat,Tilldelat,Socialutskottet,165935
1484860,notis,Beslut i korthet,"<p>Riksdagen sa nej till cirka 100 förslag i motioner om kulturarv från allmänna motionstiden 2023.</p>
<p>Motionerna handlar bland annat om museer, fornminnen och krisberedskap. </p>
<p>Riksdagen hänvisar bland annat till gällande bestämmelser och pågående arbete.</p>
<p> </p>
<p> </p>
<p> </p>
<p> </p>
<p> </p>",1484855
1935104,tilldelat,Tilldelat,Trafikutskottet,1935101
913060,tilldelat,Tilldelat,Miljö- och jordbruksutskottet,913057
1511046,motgrund,Motionsgrund,Proposition 2007/08:29,1511045
468057,beslutssammanfattningusk,Utskottets förslag till beslut,Avslag på samtliga motioner.,468056
1179528,motkat,Motionskategori,Fristående motion,1179527
55945,utsknotisrubrik,Utskottets förslag,Pengar till rättsväsendet (JuU1),55938
2019781,tilldelat,Tilldelat,Miljö- och jordbruksutskottet,2019777
300946,tilldelat,Tilldelat,Trafikutskottet,300943
1031303,notis,Beslut i korthet,"Riksdagen sade ja till regeringens förslag om konkurrens på lika villkor i kontantbranschen. En företagare som säljer varor och tjänster mot kontant betalning måste från den 1 januari 2010 registrera försäljningen i ett godkänt kassaregister. Syftet är att skydda seriösa företagare från illojal konkurrens från företagare som inte betalar skatter och avgifter. Vissa verksamheter, bland annat torg- och marknadshandeln och distans- och hemförsäljning, undantas från lagen, liksom försäljning där det inte rör sig om särskilt mycket pengar. ",1031301
2149125,statustext,statustext,Ärendet är avslutat,2149123
140086,tilldelat,Tilldelat,Socialutskottet,140083
138432,motkat,Motionskategori,Fristående motion,138429
818154,motgrund,Motionsgrund,Proposition 2023/24:18,818153
1917782,tilldelat,Tilldelat,Trafikutskottet,1917779
112660,motkat,Motionskategori,Fristående motion,112659
1873073,motkat,Motionskategori,Fristående motion,1873072
2132958,rdbeslut,Riksdagens beslut,Kammaren biföll utskottets förslag.,2132952
714261,motkat,Motionskategori,Fristående motion,714260
1591842,motkat,Motionskategori,Fristående motion,1591841
258167,tilldelat,Tilldelat,Justitieutskottet,258164
2061319,motkat,Motionskategori,Fristående motion,2061318
1457313,tilldelat,Tilldelat,Civilutskottet,1457310
962916,tilldelat,Tilldelat,Konstitutionsutskottet,962913
221253,tilldelat,Tilldelat,Skatteutskottet,221250
1251939,statustext,statustext,Motionen bereds i utskott,1251937
1594205,motgrund,Motionsgrund,Proposition 2019/20:150,1594204
2159744,tilldelat,Tilldelat,Miljö- och jordbruksutskottet,2159741
2209342,statustext,statustext,Ärendet är avslutat,2209340
3305223,notisrubrik,Beslut,Regeringens planer för äldreomsorgen har granskats (SoU6),3305218
2005416,motkat,Motionskategori,Fristående motion,2005415
325023,rdbeslut,Riksdagens beslut,Kammaren biföll utskottets förslag,325019
1695686,statustext,statustext,Ärendet är avslutat,1695682
3325973,motkat,Motionskategori,Fristående motion,3325972
748234,statustext,statustext,Ärendet är avslutat,748232
2109279,statustext,statustext,Ärendet är avslutat,2109277
1475192,utsknotis,Utskottets förslag till beslut,"<p>Lagstiftningen när det gäller vissa skatte- och avgiftsnedsättningar behöver ändras för att anpassas till nya regler på EU-nivå om statsstöd. Socialförsäkringsutskottet föreslår att riksdagen säger ja till regeringens förslag om detta.</p>
<p>En av förändringarna rör det så kallade växa-stödet till små företag. Med de nya reglerna får berörda företag statsstöd genom återbetalning av arbetsgivaravgiften i stället för att betala in en lägre arbetsgivaravgift.</p>
<p>Förändringar rör även företag i vissa glest befolkade områden, så kallade stödområden, som kan ha rätt till avdrag från socialavgifter. Denna typ av regionala avdrag utvidgas till att även gälla sektorerna jordbruk, fiske och vattenbruk, medan andra verksamhetsgrenar som till exempel stål, kol och transport, inte längre omfattas.</p>
<p>Eftersom Skatteverket bland annat ska kontrollera och registrera beviljat stöd i ett register föreslås även att företag och personer som berörs ska lämna in fler uppgifter än i dag till Skatteverket.</p>
<p>Den nya lagen och lagändringarna föreslås i huvudsak börja gälla den 1 januari 2026.</p>",1475183
1769546,tilldelat,Tilldelat,Försvarsutskottet,1769543
483596,motkat,Motionskategori,Fristående motion,483595
770464,statustext,statustext,Ärendet är avslutat,770462
2256143,statustext,statustext,Ärendet är avslutat,2256141
1587793,motkat,Motionskategori,Fristående motion,1587792
232727,statustext,statustext,Ärendet är avslutat,232725
156677,inlamnatav,Inlämnat av,Justitiedepartementet,156676
448665,motkat,Motionskategori,Fristående motion,448664
378637,tilldelat,Tilldelat,Socialförsäkringsutskottet,378634
1710894,tilldelat,Tilldelat,Miljö- och jordbruksutskottet,1710891
1230039,statustext,statustext,Ärendet är avslutat,1230037
1085389,statustext,statustext,Ärendet är avslutat,1085387
1528419,notisrubrik,Beslut,Körkortslån möjliggörs (TU19),1528414
1949170,tilldelat,Tilldelat,Socialutskottet,1949166
2141965,statustext,statustext,Ärendet är avslutat,2141963
689690,tilldelat,Tilldelat,Socialutskottet,689687
441596,debattdatumtid,Datum och tid för debatten,2025-01-22 00:00:00,441592
871393,tilldelat,Tilldelat,Justitieutskottet,871390
1009537,motkat,Motionskategori,Fristående motion,1009536
1926711,beslutssammanfattningusk,Utskottets förslag till beslut,Skrivelsen läggs till handlingarna.,1926708
1842435,motkat,Motionskategori,Fristående motion,1842434
1955958,statustext,statustext,Ärendet är avslutat,1955956
758556,tilldelat,Tilldelat,Socialförsäkringsutskottet,758551
1205565,rdbeslut,Riksdagens beslut,Kammaren biföll utskottets förslag.,1205559
1845067,tilldelat,Tilldelat,Miljö- och jordbruksutskottet,1845064
467181,tilldelat,Tilldelat,Socialutskottet,467178
2225929,motkat,Motionskategori,Fristående motion,2225928
1369764,tilldelat,Tilldelat,Kulturutskottet,1369761
1374626,motkat,Motionskategori,Fristående motion,1374625
630382,statustext,statustext,Ärendet är avslutat,630380
192121,utsknotisrubrik,Utskottets förslag,Stiftelsen Riksbankens Jubileumsfonds verksamhet (UbU20),192114
1362637,tilldelat,Tilldelat,Trafikutskottet,1362634
1738747,motkat,Motionskategori,Fristående motion,1738746
461093,motkat,Motionskategori,Fristående motion,461092
1792882,tilldelat,Tilldelat,Justitieutskottet,1792879
175425,rdbeslut,Riksdagens beslut,Kammaren biföll utskottets förslag.,175421
2087719,statustext,statustext,Ärendet är avslutat,2087717
1757019,motkat,Motionskategori,Fristående motion,1757018
3254763,motkat,Motionskategori,Fristående motion,3254762
3281330,motkat,Motionskategori,Fristående motion,3281329
2213474,notisrubrik,Beslut,Pensionsmyndighetens försäkringsverksamhet regleras i egen lag (SfU13),2213469
2017480,motkat,Motionskategori,Fristående motion,2017479
809026,tilldelat,Tilldelat,Kulturutskottet,809023
1147738,beslutssammanfattningusk,Utskottets förslag till beslut,Avslag på Riksdagens revisorers förslag. Avslag på samtliga motioner.,1147737
1086576,tilldelat,Tilldelat,Miljö- och jordbruksutskottet,1086573
2012150,statustext,statustext,Ärendet är avslutat,2012148
907487,tilldelat,Tilldelat,Finansutskottet,907484
999109,tilldelat,Tilldelat,Skatteutskottet,999106
1745641,tilldelat,Tilldelat,Miljö- och jordbruksutskottet,1745638
1992473,statustext,statustext,Ärendet är avslutat,1992471
1826116,tilldelat,Tilldelat,Socialförsäkringsutskottet,1826113
379897,motkat,Motionskategori,Fristående motion,379896
778989,rdbeslut,Riksdagens beslut,Kammaren biföll utskottets förslag till beslut.,778985
130144,tilldelat,Tilldelat,Näringsutskottet,130141
1078475,tilldelat,Tilldelat,Utbildningsutskottet,1078472
173475,inlamnatav,Inlämnat av,Utrikesdepartementet,173474
336722,tilldelat,Tilldelat,Socialutskottet,336719
1638909,motkat,Motionskategori,Fristående motion,1638908
676302,tilldelat,Tilldelat,Utbildningsutskottet,676299
3239592,motkat,Motionskategori,Fristående motion,3239591
319908,motkat,Motionskategori,Följdmotion,319906
1476629,motkat,Motionskategori,Fristående motion,1476628
703302,motkat,Motionskategori,Fristående motion,703301
321093,statustext,statustext,Ärendet är avslutat,321089
837813,statustext,statustext,Motionen bereds i utskott,837811
231373,rdbeslut,Riksdagens beslut,Kammaren biföll utskottets förslag,231369
943746,tilldelat,Tilldelat,Socialförsäkringsutskottet,943743
1052000,debattdatumtid,Datum och tid för debatten,2017-09-27 00:00:00,1051997
692805,notisrubrik,Beslut,Riksdagen vill ha klimatsmart strategi för it-lösningar (TU7),692802
768123,motkat,Motionskategori,Fristående motion,768122
437903,statustext,statustext,Ärendet är avslutat,437898
810446,motkat,Motionskategori,Fristående motion,810445
814947,statustext,statustext,Ärendet är avslutat,814945
3230990,motkat,Motionskategori,Fristående motion,3230989
1100185,statustext,statustext,Ärendet är avslutat,1100183
268257,tilldelat,Tilldelat,Justitieutskottet,268254
3366182,tilldelat,Tilldelat,Konstitutionsutskottet,3366177
1722863,tilldelat,Tilldelat,Arbetsmarknadsutskottet,1722856
1399143,tilldelat,Tilldelat,Skatteutskottet,1399140
1863316,notis,Beslut i korthet,"<p>Riksdagen sa nej till motioner från allmänna motionstiden 2012 om vuxenutbildning. Orsakerna är främst pågående arbete och att riksdagen tidigare tagit ställning i flera av de frågor som motionerna tar upp. Motionerna handlar bland annat om vuxenutbildningens uppdrag och styrkor, livslångt lärande, regionalt samarbete kring kommunal vuxenutbildning, nya utbildningar och regelverket för yrkeshögskoleutbildning. Andra motioner tar upp frågor om validering, erkännande av yrkes- och utbildningskvalifikationer och utbildning i svenska för invandrare.</p>",1863314
714769,motkat,Motionskategori,Fristående motion,714768
1724109,inlamnatav,Inlämnat av,Miljödepartementet,1724108
1671509,rdbeslut,Riksdagens beslut,Kammaren biföll utskottets förslag.,1671503
1904310,motgrund,Motionsgrund,Proposition 2016/17:33,1904309
820610,statustext,statustext,Ärendet är avslutat,820608
1996701,motkat,Motionskategori,Fristående motion,1996700
897789,tilldelat,Tilldelat,Utbildningsutskottet,897786
1839008,statustext,statustext,Ärendet är avslutat,1839006
453337,tilldelat,Tilldelat,Konstitutionsutskottet,453333
772359,motkat,Motionskategori,Fristående motion,772358
3279624,tilldelat,Tilldelat,Justitieutskottet,3279621
778833,utsknotisrubrik,Utskottets förslag,Motion om stalking (JuU20),778826
2025906,statustext,statustext,Ärendet är avslutat,2025904
2161554,tilldelat,Tilldelat,Utbildningsutskottet,2161551
213221,tilldelat,Tilldelat,Finansutskottet,213218
694776,tilldelat,Tilldelat,Arbetsmarknadsutskottet,694773
3315615,utsknotisrubrik,Utskottets förslag,Sverige ansluter sig till FN-konvention mot terrorism (JuU39),3315608
656624,notis,Beslut i korthet,Riksdagen sa nej till motioner från allmänna motionstiden 2009 om sjö- och kustövervakningsfrågor. Flera motioner handlar om åtgärder mot vrak som kan läcka miljögifter. Sjöfartsverket har inlett ett kartläggnings- och utredningsarbete som på sikt ska hantera de frågor som väcks i dessa motioner. ,656622
1152670,tilldelat,Tilldelat,Civilutskottet,1152667
164254,tilldelat,Tilldelat,Skatteutskottet,164251
105727,motkat,Motionskategori,Fristående motion,105726
2122535,statustext,statustext,Ärendet är avslutat,2122533
656519,statustext,statustext,Ärendet är avslutat,656517
961118,utsknotisrubrik,Utskottets förslag,"Motioner om taxering, skattebetalning och folkbokföring (SkU25)",961111
1837746,beslutdatumtid,Datum och tid för beslutet,2019-10-23 00:00:00,1837745
217918,statustext,statustext,Ärendet är avslutat,217916
1743928,tilldelat,Tilldelat,Skatteutskottet,1743925
1910322,notis,Beslut i korthet,"<p>Riksdagen sa nej till motioner från allmänna motionstiden 2012 om politiken för det civila samhället, bland annat idrott och allmänna samlingslokaler, samt folkbildning och trossamfund.</p>
<p>Motionerna om det civila samhället handlar om folkrörelsernas roll, statistik och läxhjälp av frivilligorganisationer. På idrottsområdet handlar motionerna om avgifter för idrottsaktiviteter, föreningstvång för statligt stöd, idrottens sociala ansvar, hbtq-frågor, konsekvenser av internationella idrottsarrangemang, äldres tillgång till idrott och fysisk aktivitet samt utdrag ur belastningsregister för barn- och ungdomsledare.</p>
<p>Motionerna om folkbildning handlar om folkbildningens betydelse, gemensamt ansvar för folkbildning, mångkulturalistisk verksamhet, kvalitetssäkring av folkbildningen, risk- och väsentlighetsanalyser, förvaltningslagen och myndighetsutövning, unga arbetslösa samt folkbildning och it.</p>
<p>När det gäller trossamfunden tar motionerna upp krav och kontroll för att få statsbidrag samt vikten av dialoger med religiösa samfund och kulturellt och etniskt baserade föreningar.</p>",1910320
2012556,tilldelat,Tilldelat,Socialförsäkringsutskottet,2012553
1469768,motkat,Motionskategori,Fristående motion,1469767
2253677,tilldelat,Tilldelat,Socialförsäkringsutskottet,2253671
1294993,statustext,statustext,Ärendet är avslutat,1294991
903570,motkat,Motionskategori,Fristående motion,903569
1096447,tilldelat,Tilldelat,Socialutskottet,1096444
875191,tilldelat,Tilldelat,Konstitutionsutskottet,875188
1048992,statustext,statustext,Ärendet är avslutat,1048990
517172,motkat,Motionskategori,Följdmotion,517170
2259204,tilldelat,Tilldelat,Civilutskottet,2259201
2179174,statustext,statustext,Ärendet är avslutat,2179170
444262,motkat,Motionskategori,Följdmotion,444260
892888,notisrubrik,Beslut,Tester för att hitta allvarliga medfödda sjukdomar ska utökas (SoU19),892883
983400,tilldelat,Tilldelat,Kulturutskottet,983397
1433576,inlamnatav,Inlämnat av,Justitiedepartementet,1433575
609255,motkat,Motionskategori,Fristående motion,609254
292291,tilldelat,Tilldelat,Socialförsäkringsutskottet,292288
621554,motkat,Motionskategori,Fristående motion,621553
740267,tilldelat,Tilldelat,Arbetsmarknadsutskottet,740264
338792,statustext,statustext,Ärendet är avslutat,338790
2157544,tilldelat,Tilldelat,Näringsutskottet,2157541
233944,tilldelat,Tilldelat,Justitieutskottet,233941
2240396,tilldelat,Tilldelat,Socialutskottet,2240392
1003514,tilldelat,Tilldelat,Trafikutskottet,1003508
1089983,motgrund,Motionsgrund,Proposition 2025/26:258,1089982
1341315,motkat,Motionskategori,Fristående motion,1341314
737287,statustext,statustext,Ärendet är avslutat,737282
582875,statustext,statustext,Ärendet är avslutat,582873
1735024,motkat,Motionskategori,Fristående motion,1735023
2155345,statustext,statustext,Ärendet är avslutat,2155343
2192716,motkat,Motionskategori,Fristående motion,2192715
1303516,motkat,Motionskategori,Fristående motion,1303513
177212,motkat,Motionskategori,Fristående motion,177211
2007384,statustext,statustext,Ärendet är avslutat,2007382
1428051,statustext,statustext,Ärendet är avslutat,1428046
917678,motkat,Motionskategori,Fristående motion,917677
1976078,statustext,statustext,Ärendet är avslutat,1976075
1661422,notisrubrik,Beslut,Lika böter för alla oavsett nationalitet (TU5),1661419
1074199,tilldelat,Tilldelat,Finansutskottet,1074196
1600964,tilldelat,Tilldelat,Socialutskottet,1600961
459165,motkat,Motionskategori,Fristående motion,459164
1971972,statustext,statustext,Ärendet är avslutat,1971970
1016411,notis,Beslut i korthet,"                           <p>Regeringen föreslår att Sverige ska fortsätta delta i den pågående FN-insatsen i Mali. Enligt förslaget ska Sverige fram till 31 december 2020 delta med en väpnad styrka om högst 470 personer. Det svenska bidraget ska under 2020 utgöras av ett lätt skyttekompani. Förslaget gäller under förutsättning att det finns ett fortsatt mandat för styrkan i FN:s säkerhetsråd. 2014 fattade regeringen och riksdagen beslut om att Sverige skulle delta i fredsinsatsen i Mali, efter att ha fått en förfrågan från FN. Sveriges deltagande har sedan förlängts varje år.</p>
<p>Riksdagen sa ja till regeringens förslag.</p>
                                            ",1016407
1473353,statustext,statustext,Ärendet är avslutat,1473349
1593651,motkat,Motionskategori,Fristående motion,1593650
2098246,statustext,statustext,Ärendet är avslutat,2098244
2110171,statustext,statustext,Ärendet är avslutat,2110169
636646,statustext,statustext,Ärendet är avslutat,636644
682910,statustext,statustext,Ärendet är avslutat,682908
1937138,tilldelat,Tilldelat,Civilutskottet,1937135
785292,motkat,Motionskategori,Fristående motion,785291
1447983,arendestatuskammaren,Beslutat,"",1447982
785256,motkat,Motionskategori,Fristående motion,785255
569136,utsknotisrubrik,Utskottets förslag,"21,6 miljarder till rikets styrelse (KU1)",569126
1515666,notisrubrik,Beslut,Nej till motioner om gymnasieskolan (UbU8),1515663
658792,motkat,Motionskategori,Fristående motion,658791
1732480,tilldelat,Tilldelat,Miljö- och jordbruksutskottet,1732477
620654,statustext,statustext,Ärendet är avslutat,620652
1409420,motkat,Motionskategori,Fristående motion,1409419
121215,statustext,statustext,Ärendet är avslutat,121213
3237302,tilldelat,Tilldelat,Utbildningsutskottet,3237299
1870244,tilldelat,Tilldelat,Justitieutskottet,1870241
1656977,statustext,statustext,Ärendet är avslutat,1656975
104957,utsknotisrubrik,Utskottets förslag,Informationsutbyte i skattefrågor mellan Sverige och Isle of Man (SkU16),104950
90939,motkat,Motionskategori,Fristående motion,90938
1975921,motkat,Motionskategori,Fristående motion,1975920
1709599,beslutdatumtid,Datum och tid för beslutet,2024-04-11 00:00:00,1709597
2227222,statustext,statustext,Ärendet är avslutat,2227217
1683359,statustext,statustext,Ärendet är avslutat,1683357
229571,tilldelat,Tilldelat,Finansutskottet,229568
306578,motkat,Motionskategori,Fristående motion,306577
438319,tilldelat,Tilldelat,Miljö- och jordbruksutskottet,438316
1851842,statustext,statustext,Ärendet är avslutat,1851837
1547244,motgrund,Motionsgrund,Skrivelse 2019/20:76,1547243
1959394,motkat,Motionskategori,Fristående motion,1959393
1925158,statustext,statustext,Ärendet är avslutat,1925156
874122,motkat,Motionskategori,Fristående motion,874121
997991,tilldelat,Tilldelat,Finansutskottet,997988
1728370,motkat,Motionskategori,Fristående motion,1728369
3246178,motkat,Motionskategori,Fristående motion,3246177
1284806,statustext,statustext,Ärendet är avslutat,1284804
611253,statustext,statustext,Ärendet är avslutat,611249
1055456,tilldelat,Tilldelat,Socialutskottet,1055453
320805,motkat,Motionskategori,Fristående motion,320804
1678346,tilldelat,Tilldelat,Miljö- och jordbruksutskottet,1678343
185914,statustext,statustext,Ärendet är avslutat,185912
513285,motgrund,Motionsgrund,Proposition 2000/01:57,513284
539050,beslutssammanfattningusk,Utskottets förslag till beslut,Bifall till propositionen.,539047
1329583,motkat,Motionskategori,Fristående motion,1329582
2214987,tilldelat,Tilldelat,Miljö- och jordbruksutskottet,2214984
2195009,tilldelat,Tilldelat,Utrikesutskottet,2195006
695940,tilldelat,Tilldelat,Arbetsmarknadsutskottet,695937
1247304,tilldelat,Tilldelat,Skatteutskottet,1247301
1929586,notisrubrik,Beslut,Svensk migration och asylpolitik (SfU8),1929583
726604,tilldelat,Tilldelat,Miljö- och jordbruksutskottet,726601
1951435,motkat,Motionskategori,Fristående motion,1951434
1974532,tilldelat,Tilldelat,Civilutskottet,1974528
1095979,statustext,statustext,Ärendet är avslutat,1095977
308013,tilldelat,Tilldelat,Finansutskottet,308010
1686253,motkat,Motionskategori,Fristående motion,1686252
1697535,motgrund,Motionsgrund,Skrivelse 2022/23:129,1697534
404666,statustext,statustext,Ärendet är avslutat,404664
3328262,motkat,Motionskategori,Fristående motion,3328261
2119071,tilldelat,Tilldelat,Miljö- och jordbruksutskottet,2119068
1966972,debattdatumtid,Datum och tid för debatten,2023-02-22 00:00:00,1966968
1632308,beslutssammanfattningusk,Utskottets förslag till beslut,Skrivelsen läggs till handlingarna. Avslag på motionerna.,1632305
2033967,tilldelat,Tilldelat,Utbildningsutskottet,2033964
1990048,tilldelat,Tilldelat,Utbildningsutskottet,1990042
1040689,statustext,statustext,Ärendet är avslutat,1040682
309274,tilldelat,Tilldelat,Miljö- och jordbruksutskottet,309271
431016,statustext,statustext,Ärendet är avslutat,431014
1261702,statustext,statustext,Ärendet är avslutat,1261700
788125,motkat,Motionskategori,Fristående motion,788124
458560,statustext,statustext,Ärendet är avslutat,458558
74178,statustext,statustext,Ärendet är avslutat,74176
1437765,motkat,Motionskategori,Fristående motion,1437764
420616,tilldelat,Tilldelat,Justitieutskottet,420613
1747298,tilldelat,Tilldelat,Socialförsäkringsutskottet,1747295
100161,tilldelat,Tilldelat,Trafikutskottet,100158
406837,statustext,statustext,Ärendet är avslutat,406835
1705178,tilldelat,Tilldelat,Justitieutskottet,1705175
1187469,statustext,statustext,Ärendet är avslutat,1187466
3300773,motgrund,Motionsgrund,Proposition 2023/24:158,3300772
2140236,beslutssammanfattningusk,Utskottets förslag till beslut,Bifall till propositionen. Avslag på samtliga motioner.,2140235
2152625,tilldelat,Tilldelat,Försvarsutskottet,2152622
1996580,motkat,Motionskategori,Fristående motion,1996579
323420,statustext,statustext,Ärendet är avslutat,323418
959494,motkat,Motionskategori,Fristående motion,959493
813262,utsknotis,Utskottets förslag till beslut,"<p>Skatteutskotttet föreslår att riksdagen godkänner regeringens förslag att sänka mervärdesskatten på tillträde till djurparker från 25 % till 6 %. Mervärdesskatten för djurparksverksamhet blir därmed den samma som gäller för museer med skattepliktig verksamhet. Skatteändringen är ett resultat av att riksdagen våren 2000 begärde att regeringen skulle lägga fram ett sådant förslag (se  <A HREF=""/bik/beslut.asp?ptnr=1252"">1999/2000:SkU21</A>). Utskottet föreslår vidare att riksdagen bl.a. beslutar om en ändring i en övergångsbestämmelse angående korrigering av ingående skatt vid frivillig skattskyldighet i samband med fastighetsuthyrning i vissa fall.</p>",813256
2211037,rdbeslut,Riksdagens beslut,Kammaren biföll utskottets förslag,2211033
1201654,statustext,statustext,Ärendet är avslutat,1201652
824762,motkat,Motionskategori,Följdmotion,824760
587126,statustext,statustext,Ärendet är avslutat,587124
1259712,statustext,statustext,Ärendet är avslutat,1259707
271973,motkat,Motionskategori,Fristående motion,271972
2170126,statustext,statustext,Ärendet är avslutat,2170124
3262363,tilldelat,Tilldelat,Trafikutskottet,3262359
3331847,tilldelat,Tilldelat,Näringsutskottet,3331843
1898784,motkat,Motionskategori,Fristående motion,1898783
440862,rdbeslut,Riksdagens beslut,Kammaren biföll utskottets förslag.,440858
781780,motkat,Motionskategori,Fristående motion,781779
1780729,statustext,statustext,Ärendet är avslutat,1780720
383222,statustext,statustext,Motionen bereds i utskott,383220
523494,utsknotisrubrik,Utskottets förslag,Skrivelse om statens servicekontor har behandlats (KU36),523484
1325793,statustext,statustext,Motionen bereds i utskott,1325791
1624500,motkat,Motionskategori,Fristående motion,1624499
132372,motkat,Motionskategori,Fristående motion,132371
1672417,utsknotis,Utskottets förslag till beslut,"                           <p>Riksrevisionen har granskat hur styrningen av ämneslärarutbildningen vid Högskolan i Gävle, Linnéuniversitetet och Stockholms universitet fungerar. Riksrevisionens slutsats är att styrningen fungerar olika väl på lärosätena. För att öka kvaliteten i ämneslärarprogrammen rekommenderar revisionen därför att lärosätena i olika grad bland annat tydliggör ansvarsfördelningen och förbättrar samordningen.</p>
<p>Utbildningsutskottet har behandlat en skrivelse från regeringen som handlar om Riksrevisionens rapport. Precis som regeringen välkomnar utskottet rapporten och förutsätter att de berörda lärosätena tar del av revisionens rekommendationer.</p>
<p>Utskottet föreslår att riksdagen lägger skrivelsen till handlingarna, det vill säga avslutar ärendet.</p>
                                            ",1672407
1773523,statustext,statustext,Ärendet är avslutat,1773521
860193,tilldelat,Tilldelat,Skatteutskottet,860190
172355,utsknotisrubrik,Utskottets förslag,Nationellt stöd vid upphandling av hjälpmedel (SoU2),172349
221652,tilldelat,Tilldelat,Utbildningsutskottet,221649
165825,motkat,Motionskategori,Fristående motion,165824
744812,motkat,Motionskategori,Följdmotion,744810
2120706,motkat,Motionskategori,Fristående motion,2120705
1667493,statustext,statustext,Ärendet är avslutat,1667491
1444966,motkat,Motionskategori,Fristående motion,1444965
893443,utsknotisrubrik,Utskottets förslag,Tydligare regler för omhändertagande av barn i internationella situationer (SoU20),893434
1364585,motkat,Motionskategori,Fristående motion,1364584
875757,motkat,Motionskategori,Fristående motion,875756
1627403,tilldelat,Tilldelat,Konstitutionsutskottet,1627400
498171,debattdatumtid,Datum och tid för debatten,2020-11-18 00:00:00,498168
401469,statustext,statustext,Motionen bereds i utskott,401467
1469179,tilldelat,Tilldelat,Trafikutskottet,1469176
1124113,tilldelat,Tilldelat,Utbildningsutskottet,1124110
803306,statustext,statustext,Ärendet är avslutat,803304
871010,motkat,Motionskategori,Fristående motion,871009
714834,tilldelat,Tilldelat,Justitieutskottet,714831
2149080,tilldelat,Tilldelat,Utbildningsutskottet,2149077
1055177,statustext,statustext,Ärendet är avslutat,1055172
313932,statustext,statustext,Motionen bereds i utskott,313930
919758,tilldelat,Tilldelat,Miljö- och jordbruksutskottet,919755
3121648,utsknotisrubrik,Utskottets förslag,Finansutskottet invänder mot tak för kapitaltäckning (FiU29),3121641
861899,statustext,statustext,Ärendet är avslutat,861897
1507324,notisrubrik,Beslut,Skrivelse om Sis särskilda ungdomshem har behandlats (SoU11),1507312
1865929,motkat,Motionskategori,Fristående motion,1865928
2016854,tilldelat,Tilldelat,Utrikesutskottet,2016851
1679448,motkat,Motionskategori,Fristående motion,1679447
782238,motkat,Motionskategori,Fristående motion,782237
828355,tilldelat,Tilldelat,Socialförsäkringsutskottet,828352
785458,motkat,Motionskategori,Fristående motion,785457
3267868,motkat,Motionskategori,Fristående motion,3267867
675552,statustext,statustext,Ärendet är avslutat,675550
1292797,statustext,statustext,Ärendet är avslutat,1292790
2153385,tilldelat,Tilldelat,Kulturutskottet,2153382
76234,motkat,Motionskategori,Fristående motion,76233
1991052,statustext,statustext,Ärendet är avslutat,1991050
769156,motkat,Motionskategori,Fristående motion,769155
568938,tilldelat,Tilldelat,Näringsutskottet,568935
1072321,notis,Beslut i korthet,"<p>Varje år redovisar regeringen i en skrivelse till riksdagen hur de brottsbekämpande myndigheterna använder hemlig avlyssning och andra hemliga tvångsmedel. Riksdagen har behandlat skrivelsen om användningen under 2023. Den handlar om hur Åklagarmyndigheten, Ekobrottsmyndigheten, Polismyndigheten, Tullverket och Säkerhetspolisen har använt sig av hemlig avlyssning av elektronisk kommunikation, övervakning av elektronisk kommunikation, kameraövervakning och rumsavlyssning.</p>
<p>Riksdagen anser i likhet med regeringen att de hemliga tvångsmedlen fyller en viktig funktion för att utreda brott och att redovisningen visar att de hemliga tvångsmedlen har varit till nytta. Riksdagen lade skrivelsen till handlingarna, det vill säga avslutade ärendet.</p>",1072316
457709,motkat,Motionskategori,Fristående motion,457708
495032,statustext,statustext,Ärendet är avslutat,495026
114852,statustext,statustext,Ärendet är avslutat,114850
1037080,notis,Beslut i korthet,Ett nytt inskrivningsregister ska göra det tydligare vem som äger ett flygplan som köpts på avbetalning eller leasats. Det blir möjligt att med sakrättslig verkan skriva in förvärv av äganderätt och nyttjanderätt till flygplanet i registret. En sådan möjlighet saknas i dag. Det har försvårat finansieringen av flygplan och medfört att flygplan ibland registreras utomlands. De nya reglerna ska börja gälla den 1 april 2005 och ska gälla även för andra luftfartyg än flygplan.,1037078
1124735,notis,Beslut i korthet,"                           <p>Riksdagen sa ja till regeringens förslag om höjt bostadstillägg till pensionärer, och höjt minimibelopp vid fastställande av avgifter enligt socialtjänstlagen.</p>
<p>Regeringen har föreslagit en lagändring som innebär att konsumtionsstödet inom bostadstillägget till pensionärer höjs med 200 kronor för ogifta och 100 kronor för gifta, per månad. En lagändring har också föreslagits för att säkerställa att pensionärer som betalar avgifter för insatser enligt socialtjänstlagen får del av höjningen.</p>
<p>Lagändringen gällande bostadstillägget börjar gälla den 1 juli 2022 och ska börja tillämpas första gången för bostadstillägg som avser augusti 2022.</p>
<p>Riksdagen sa nej till tre förslag i motioner.</p>
                                            ",1124730
1225674,tilldelat,Tilldelat,Försvarsutskottet,1225670
653420,statustext,statustext,Ärendet är avslutat,653418
2110452,inlamnatav,Inlämnat av,Finansdepartementet,2110451
144884,motkat,Motionskategori,Fristående motion,144883
857114,statustext,statustext,Ärendet är avslutat,857111
1783215,tilldelat,Tilldelat,Socialutskottet,1783206
1332333,motkat,Motionskategori,Fristående motion,1332332
258248,motkat,Motionskategori,Fristående motion,258247
1209256,motgrund,Motionsgrund,Regeringsskrivelse 2006/07:85,1209255
2184329,tilldelat,Tilldelat,Skatteutskottet,2184326
1561748,statustext,statustext,Ärendet är avslutat,1561746
922821,tilldelat,Tilldelat,Trafikutskottet,922818
341448,debattdatumtid,Datum och tid för debatten,2025-03-27 00:00:00,341444
338150,notisrubrik,Beslut,Skrivelse om bildandet av Svevia och Infranord har behandlats (TU7),338144
139030,tilldelat,Tilldelat,Miljö- och jordbruksutskottet,139027
1947876,utsknotis,Utskottets förslag till beslut,"<p>Utbildningsutskottet föreslår att riksdagen säger nej till 180 motioner från allmänna motionstiden 2011 om olika frågor inom skolpolitikens område. Skälet är bland annat pågående arbete och gällande bestämmelser. Motionerna handlar bland annat om resurser till kommunerna, avgifter, fristående skolor, kvalitet, elevhälsa och mobbning, it i skolan, tillgång till skolbibliotek, modersmål, teckenspråk, vissa ämnen såsom matematik och moderna språk samt fritidshem.</p>",1947870
1821417,inlamnatav,Inlämnat av,Finansdepartementet,1821416
530033,rdbeslut,Riksdagens beslut,Kammaren biföll utskottets förslag.,530029
1426140,utsknotis,Utskottets förslag till beslut,"                           <p>Trafikutskottet föreslår att riksdagen säger nej till 140 förslag i motioner om trafiksäkerhet. Anledningen till det är bland annat att arbete redan pågår i flera av frågorna som motionerna handlar om.</p>
<p>Motionerna handlar bland annat om trafiksäkerhetsarbetet, insatser mot alkohol vid bilkörning, vinterdäck, hastighetsbegränsningar, förarutbildning, hälsofrågor och sommartid.</p>
                                            ",1426132
1832036,motgrund,Motionsgrund,Skrivelse 2016/17:126,1832035
86583,rdbeslut,Riksdagens beslut,Kammaren biföll utskottets förslag.,86579
3261552,tilldelat,Tilldelat,Utrikesutskottet,3261549
1173716,statustext,statustext,Ärendet är avslutat,1173711
410727,motkat,Motionskategori,Fristående motion,410726
2019553,statustext,statustext,Ärendet är avslutat,2019551
1107922,statustext,statustext,Ärendet är avslutat,1107920
605310,tilldelat,Tilldelat,Försvarsutskottet,605307
1976439,motgrund,Motionsgrund,Proposition 2021/22:211,1976438
1653214,tilldelat,Tilldelat,Miljö- och jordbruksutskottet,1653211
2096514,tilldelat,Tilldelat,Utbildningsutskottet,2096511
1621885,motkat,Motionskategori,Fristående motion,1621884
283211,tilldelat,Tilldelat,Konstitutionsutskottet,283208
1581279,tilldelat,Tilldelat,Socialutskottet,1581276
1806234,motkat,Motionskategori,Fristående motion,1806233
733690,rdbeslut,Riksdagens beslut,Kammaren biföll utskottets förslag.,733686
3133870,motkat,Motionskategori,Fristående motion,3133868
281047,notisrubrik,Beslut,Direktivet om sena betalningar (LU30),281045
1027329,beslutssammanfattningusk,Utskottets förslag till beslut,"Skrivelsen läggs till handlingarna.
Avslag på motionerna.",1027327
2004841,motkat,Motionskategori,Följdmotion,2004839
595338,beslutdatumtid,Datum och tid för beslutet,2017-03-15 00:00:00,595337
1757673,statustext,statustext,Ärendet är avslutat,1757669
1592846,statustext,statustext,Ärendet är avslutat,1592841
191732,statustext,statustext,Ärendet är avslutat,191730
2113394,motkat,Motionskategori,Fristående motion,2113392
1259448,motkat,Motionskategori,Fristående motion,1259447
1229493,motkat,Motionskategori,Fristående motion,1229492
652747,motgrund,Motionsgrund,Proposition 2006/07:109,652746
262609,beslutdatumtid,Datum och tid för beslutet,2019-06-04 00:00:00,262608
2217407,inlamnatav,Inlämnat av,Finansdepartementet,2217406
3355016,motkat,Motionskategori,Fristående motion,3355015
1566727,tilldelat,Tilldelat,Finansutskottet,1566724
1907863,tilldelat,Tilldelat,Justitieutskottet,1907860
1311208,tilldelat,Tilldelat,Utbildningsutskottet,1311205
298135,statustext,statustext,Ärendet är avslutat,298133
1384269,motkat,Motionskategori,Fristående motion,1384268
1649711,motkat,Motionskategori,Fristående motion,1649710
1294391,motgrund,Motionsgrund,Proposition 2001/02:159,1294390
189456,tilldelat,Tilldelat,Utrikesutskottet,189453
2115661,statustext,statustext,Ärendet är avslutat,2115659
642585,beslutdatumtid,Datum och tid för beslutet,2020-05-27 00:00:00,642584
184074,motkat,Motionskategori,Följdmotion,184072
1265755,rdbeslut,Riksdagens beslut,Kammaren biföll utskottets förslag till beslut.,1265751
996960,tilldelat,Tilldelat,Socialutskottet,996957
1762753,statustext,statustext,Ärendet är avslutat,1762751
835367,motkat,Motionskategori,Fristående motion,835366
2134580,rdbeslut,Riksdagens beslut,Kammaren biföll utskottets förslag,2134576
1550425,motkat,Motionskategori,Fristående motion,1550424
990170,statustext,statustext,Ärendet är avslutat,990168
1995573,statustext,statustext,Motionen behandlas inte,1995572
3349521,tilldelat,Tilldelat,Trafikutskottet,3349518
3114621,motkat,Motionskategori,Följdmotion,3114619
1425875,statustext,statustext,Ärendet är avslutat,1425873
1115379,tilldelat,Tilldelat,Justitieutskottet,1115376
395595,statustext,statustext,Ärendet är avslutat,395593
2086520,motkat,Motionskategori,Fristående motion,2086519
719394,tilldelat,Tilldelat,Utrikesutskottet,719391
75861,motkat,Motionskategori,Fristående motion,75860
326262,utsknotis,Utskottets förslag till beslut,"<p>Justitieutskottet har redovisat för riksdagen sin granskning av två meddelanden från EU-kommissionen om upptrappning av kampen mot terrorism och bättre sprängämnessäkerhet. Utskottet ser positivt på att arbetet med EU:s strategi för kampen mot terrorism utvecklas på sätt som kommissionen beskrivet det i meddelandet. Samtidigt understryker utskottet vikten av att det vid varje enskild åtgärd som föreslås måste säkerställas att de mänskliga rättigheterna och rättsstatsprincipen liksom de grundlagsfästa fri- och rättigheterna respekteras. I meddelandet nämns bland annat säkerhet i stadstrafik. Utskottet vill betona att de åtgärder som vidtas måste stå i proportion till de mål som ska uppnås, såväl på detta område som på andra. Det gäller att åstadkomma säkerhetshöjande åtgärder som inte upplevs som onödiga eller inskränkande på ett omotiverat sätt för medborgarna. När det gäller meddelandet om bättre sprängämnessäkerhet pekar utskottet på att det kommer att krävas en noggrann analys och omfattande samordning av olika intressen till följd av handlingsplanens komplexitet och övergripande karaktär. Utskottet föreslår att riksdagen avslutar ärendet med detta.</p>",326256
3132925,rdbeslut,Riksdagens beslut,Kammaren biföll utskottets förslag,3132921
888435,statustext,statustext,Ärendet är avslutat,888433
365346,tilldelat,Tilldelat,Utrikesutskottet,365342
1867467,motkat,Motionskategori,Fristående motion,1867466
2225177,motkat,Motionskategori,Fristående motion,2225176
385895,beslutssammanfattningusk,Utskottets förslag till beslut,Bifall till propositionen.,385893
1004699,motkat,Motionskategori,Följdmotion,1004697
660793,statustext,statustext,Ärendet är avslutat,660791
1910573,motkat,Motionskategori,Fristående motion,1910572
124627,utsknotisrubrik,Utskottets förslag,Nya regler för sluten ungdomsvård (JuU25),124620
1179792,statustext,statustext,Ärendet är avslutat,1179789
2184225,tilldelat,Tilldelat,Socialförsäkringsutskottet,2184222
617952,notisrubrik,Beslut,Sveriges deltagande i lånearrangemang inom Internationella valutafonden förlängs (FiU29),617947
2114562,tilldelat,Tilldelat,Socialutskottet,2114559
2217192,tilldelat,Tilldelat,Skatteutskottet,2217189
1779135,tilldelat,Tilldelat,Näringsutskottet,1779125
1495330,beslutssammanfattningusk,Utskottets förslag till beslut,Avslag på motionerna.,1495328
1495501,tilldelat,Tilldelat,Utrikesutskottet,1495497
1268471,motkat,Motionskategori,Fristående motion,1268470
1879102,statustext,statustext,Ärendet är avslutat,1879100
2173133,tilldelat,Tilldelat,Socialförsäkringsutskottet,2173130
2007693,motkat,Motionskategori,Fristående motion,2007692
763514,tilldelat,Tilldelat,Konstitutionsutskottet,763510
894048,statustext,statustext,Ärendet är avslutat,894046
1170192,utsknotis,Utskottets förslag till beslut,"<p>Justitieutskottet har behandlat en redogörelse för verksamheten under 2024 inom den gemensamma parlamentariska kontrollgruppen för Europol och den svenska delegationens arbete.</p>
<p>EU:s polisbyrå Europols verksamhet övervakas av en gemensam parlamentarisk kontrollgrupp kallad Joint Parliamentary Scrutiny Group on Europol (JPSG). Kontrollgruppen består av representanter från de nationella parlamenten i EU och Europaparlamentet. Riksdagen deltar i kontrollgruppen med en delegation av riksdagsledamöter.</p>
<p>Under 2024 handlade arbetet i kontrollgruppen och delegationen bland annat om Europols verksamhet, den europeiska datatillsynsmannens rapporter, olaglig vapenhandel och skjutvapenvåld, migrantsmuggling och människohandel, samt hur Europol bidrar i arbetet kopplat till kriget i Ukraina.</p>
<p>Utskottet föreslår att riksdagen lägger redogörelsen till handlingarna, det vill säga avslutar ärendet.</p>",1170183
3245759,utsknotisrubrik,Utskottets förslag,Läkare och sjukgymnaster får möjlighet till ersättningsetablering (SoU6),3245752
984136,tilldelat,Tilldelat,Försvarsutskottet,984133
3287117,statustext,statustext,Ärendet är avslutat,3287114
422815,motkat,Motionskategori,Fristående motion,422814
551901,utsknotis,Utskottets förslag till beslut,"<p>Miljö- och jordbruksutskottet föreslår att riksdagen säger ja till förslag från Moderaterna, Centerpartiet, Folkpartiet och Kristdemokraterna om fördelningen och användningen av pengar i statsbudgeten till miljö- och naturvård. Samtidigt föreslår utskottet att riksdagen delvis säger ja till regeringens förslag i dessa frågor. Vidare föreslår utskottet att riksdagen ger regeringen tillåtelse att upphäva överskottet av utsläppsutrymme från Kyotoprotokollets första period.</p>
<p>Den sammanlagda summan i statens budget för miljö- och naturvård är drygt 5,3 miljarder kronor. Mest pengar går till skydd av värdefull natur (715 miljoner) och åtgärder för havs- och vattenmiljö (knappt 667 miljoner).</p>",551895
1264412,tilldelat,Tilldelat,Miljö- och jordbruksutskottet,1264409
1892956,statustext,statustext,Ärendet är avslutat,1892954
1811539,statustext,statustext,Ärendet är avslutat,1811537
812105,tilldelat,Tilldelat,Kulturutskottet,812102
1102000,tilldelat,Tilldelat,Justitieutskottet,1101997
2041936,tilldelat,Tilldelat,Finansutskottet,2041933
564477,statustext,statustext,Ärendet är avslutat,564475
390275,beslutssammanfattningusk,Utskottets förslag till beslut,Bifall till propositionen. Avslag på motionen.,390274
2098030,tilldelat,Tilldelat,Justitieutskottet,2098027
1371807,beslutdatumtid,Datum och tid för beslutet,2023-06-14 00:00:00,1371805
669733,tilldelat,Tilldelat,Näringsutskottet,669730
91975,tilldelat,Tilldelat,Trafikutskottet,91972
3281106,motkat,Motionskategori,Fristående motion,3281105
750623,tilldelat,Tilldelat,Skatteutskottet,750620
520013,rdbeslut,Riksdagens beslut,Kammaren biföll utskottets förslag,520010
370841,tilldelat,Tilldelat,Socialförsäkringsutskottet,370838
2063919,motkat,Motionskategori,Fristående motion,2063918
3291039,notisrubrik,Beslut,Energibeskattning anpassas till EU-direktiv (SkU5),3291036
220808,motkat,Motionskategori,Fristående motion,220807
582607,beslutssammanfattningusk,Utskottets förslag till beslut,Avslag på motionerna.,582606
1049300,statustext,statustext,Ärendet är avslutat,1049298
855145,motkat,Motionskategori,Fristående motion,855144
1447744,tilldelat,Tilldelat,Socialförsäkringsutskottet,1447741
1599376,statustext,statustext,Ärendet är avslutat,1599374
1414781,notis,Beslut i korthet,<p>Den 1 juli 2014 ändras tullagen och offentlighets- och sekretesslagen med anledning av en ny EU-förordning om säkerställande av skyddet för immateriella rättigheter. Bakgrunden är att EU-kommissionen tillsammans med EU-länderna sett över tidigare regler. Med den nya EU-förordningen skärps reglerna om kontroll av efterlevnaden av immateriella rättigheter och samtidigt förtydligas reglerna för att höja rättssäkerheten.</p>,1414779
1427149,tilldelat,Tilldelat,Socialförsäkringsutskottet,1427146
453492,motgrund,Motionsgrund,Regeringsskrivelse 2005/06:95,453491
61374,statustext,statustext,Ärendet är avslutat,61372
1846237,utsknotisrubrik,Utskottets förslag,"Anslag till skatteförvaltningen, tullen och kronofogdemyndigheterna (SkU1)",1846231
240820,motkat,Motionskategori,Fristående motion,240819
1103251,motkat,Motionskategori,Fristående motion,1103250
949109,notis,Beslut i korthet,"                           <p>Cirka 3,6 miljarder kronor ur statens budget för 2018 går till utgiftsområdet energi. Mest pengar går till energiforskning, knappt 1,5 miljarder kronor. 975 miljoner kronor går till energiteknik. Statens energimyndighet får drygt 313 miljoner kronor. Riksdagen sa ja till regeringens förslag om hur pengarna inom utgiftsområdet ska fördelas.</p>
<p>Riksdagen beslutar om statens budget i två steg. Först beslutas om ramarna för de 27 utgiftsområdena i budgeten. Därefter bestämmer riksdagen hur pengarna ska fördelas inom varje utgiftsområde.</p>
<p>Riksdagen&nbsp;godkände regeringens förslag på hur stor elberedskapsavgiften sammanlagt får vara. Riksdagen&nbsp;godkände också det statliga affärsverket Svenska kraftnäts investeringsplan för perioden 2018-2020 och Svenska kraftnäts finansiella befogenheter för 2018.</p>
                                            ",949105
1960121,tilldelat,Tilldelat,Justitieutskottet,1960115
2161178,utsknotis,Utskottets förslag till beslut,"<p>Gränsen mellan Sverige och Finland ändras för att upprätthålla en korrekt och regelrätt riksgräns. Riksgränsen ska följa djupfåran i älvarna Torne, Muonio och Könkämä. Eftersom djupfåran ändras successivt ska gränsöversyner genomföras vart tjugofemte år.</p><p>De aktuella ändringarna följer förslagen i gränsöversynen som gjordes 2006 och innebär att mindre vattenområden i Torne älv förs över från Sverige till Finland och att andra områden förs över från Finland till Sverige. Utrikesutskottet föreslår att riksdagen säger ja till regeringens förslag.</p>",2161172
646452,statustext,statustext,Ärendet är avslutat,646450
1292512,motkat,Motionskategori,Fristående motion,1292511
530287,motkat,Motionskategori,Fristående motion,530286
209454,motkat,Motionskategori,Fristående motion,209453
1302883,tilldelat,Tilldelat,Konstitutionsutskottet,1302879
2004130,motgrund,Motionsgrund,Proposition 2004/05:56,2004129
1142318,motkat,Motionskategori,Fristående motion,1142317
1181472,statustext,statustext,Ärendet är avslutat,1181470
1222744,statustext,statustext,Ärendet är avslutat,1222742
639478,motkat,Motionskategori,Fristående motion,639477
244431,tilldelat,Tilldelat,Justitieutskottet,244428
427026,statustext,statustext,Ärendet är avslutat,427024
666618,utsknotisrubrik,Utskottets förslag,AP-fondernas verksamhet 2007 (FiU6),666611
62660,statustext,statustext,Ärendet är avslutat,62657
301551,notis,Beslut i korthet,Det införs en automatisk balansering av ålderspensionssystemet. Ett balanstal ska varje år fastställas som visar förhållandet mellan tillgångar och skulder i ålderspensionssystemets fördelningsdel. När balanstalet visar att tillgångarna är mindre än skulderna ska avsteg automatiskt göras från indexeringen av pensionsbehållningar och pensioner. Indexering innebär att pensionerna räknas upp eller ned beroende på inkomst- och prisutvecklingen. Riksdagen gav regeringen i uppdrag att överväga om balanstalet ska vara mer fingraderat. Det skulle medföra att balanseringsmekanismen reagerade vid mindre variationer och att risken för en varaktig obalans i pensionssystemets tillgångar och skulder spreds över en längre tid och således fördelades på fler personer och med mycket mindre sänkning av uppräkningen. Riksdagen beslutade också om riktlinjer om fördelning av eventuella överskott i fördelningssystemet. Överskott ska fördelas på de försäkrade genom ett tillägg till indexeringen som motsvarar det utdelningsbara överskottet.,301549
1834601,inlamnatav,Inlämnat av,Finansdepartementet,1834600
2238720,notisrubrik,Beslut,Motioner om straffrättsliga frågor (JuU16),2238717
552486,tilldelat,Tilldelat,Finansutskottet,552483
1519749,motgrund,Motionsgrund,Proposition 2017/18:261,1519748
199963,statustext,statustext,Ärendet är avslutat,199961
1480471,tilldelat,Tilldelat,Konstitutionsutskottet,1480468
1627174,statustext,statustext,Ärendet är avslutat,1627172
3219661,tilldelat,Tilldelat,Arbetsmarknadsutskottet,3219658
1911390,tilldelat,Tilldelat,Miljö- och jordbruksutskottet,1911387
450859,statustext,statustext,Ärendet är avslutat,450855
222950,motkat,Motionskategori,Fristående motion,222949
2140920,statustext,statustext,Ärendet är avslutat,2140918
563205,motkat,Motionskategori,Fristående motion,563204
661269,tilldelat,Tilldelat,Socialförsäkringsutskottet,661266
3260958,notis,Beslut i korthet,"                           <p>Cirka 105,7 miljarder kronor ur statens budget för år 2021 ska gå till utgiftsområdet arbetsmarknad och arbetsliv. Mest pengar, cirka 52,9 miljarder, går till bidrag till arbetslöshetsersättning och aktivitetsstöd. Cirka 20,5 miljarder går till lönebidrag och samhall med mera.</p>
<p>Riksdagen sa ja till regeringens förslag. Förslaget bygger på en överenskommelse mellan Socialdemokraterna, Centerpartiet, Liberalerna och Miljöpartiet.</p>
<p>Samtidigt sa riksdagen nej till 30 förslag i motioner från den allmänna motionstiden 2020 på området, bland dessa alternativa budgetförslag.</p>
<p>Riksdagen beslutar om statens budget i två steg. Först beslutas om ramarna för de 27 utgiftsområdena i budgeten. Det beslutade riksdagen den 25 november 2020. Därefter bestämmer riksdagen i ett andra steg hur pengarna ska fördelas inom varje utgiftsområde. Det här beslutet avser steg två i beslutsprocessen.</p>
<p>Riksdagen sa också ja till regeringens förslag om ändringar i lagen om arbetslöshetsförsäkring. Det innebär bland annat att tillfälliga lagändringar med anledning av covid-19 förlängs till och med den 1 januari 2023.</p>
<p>Vidare sa riksdagen ja till en lagändring som innebär att intyg ska utfärdas för möjlighet att söka arbete i Storbritannien och Nordirland med bibehållen ersättning. Bakgrunden är Storbritanniens och Nordirlands utträde ur EU. Beslutet har sin grund i ett utskottsinitiativ, vilket betyder att förslaget har väckts i arbetsmarknadsutskottet och inte bygger på en proposition eller en motion. Lagändringen börjar gälla den 1 januari 2021.</p>
<p>&nbsp;</p>
                                            ",3260954
1144195,tilldelat,Tilldelat,Trafikutskottet,1144192
1757822,tilldelat,Tilldelat,Skatteutskottet,1757819
1669955,statustext,statustext,Ärendet är avslutat,1669948
1629040,utsknotisrubrik,Utskottets förslag,Motioner om radio- och TV-frågor (KrU6),1629033
1715478,statustext,statustext,Ärendet är avslutat,1715475
1868070,statustext,statustext,Ärendet är avslutat,1868067
1907131,tilldelat,Tilldelat,Utbildningsutskottet,1907128
960807,motgrund,Motionsgrund,Proposition 2002/03:54,960806
223557,motkat,Motionskategori,Fristående motion,223556
1152107,notisrubrik,Beslut,Nej till motioner om jämställdhet och genusfrågor inom försvaret (FöU14),1152104
2252215,tilldelat,Tilldelat,Socialförsäkringsutskottet,2252212
938618,tilldelat,Tilldelat,Skatteutskottet,938615
987797,motkat,Motionskategori,Fristående motion,987796
1408475,tilldelat,Tilldelat,Finansutskottet,1408472
754232,tilldelat,Tilldelat,Civilutskottet,754229
2236127,statustext,statustext,Ärendet är avslutat,2236125
976543,utsknotis,Utskottets förslag till beslut,"<p>Utrikesutskottet föreslår att riksdagen säger ja till regeringens förslag i budgetpropositionen om att biståndsramen för 2013 ska vara 38,2 miljarder kronor. Det motsvarar 1 procent av den beräknade bruttonationalinkomsten, BNI. Utgiftsområdet Internationellt bistånd får drygt 31 miljarder kronor under 2013. Mest pengar går till biståndsverksamhet (28,8 miljarder) och reformsamarbete i Östeuropa (1,3 miljarder).</p>
<p>Det finns en samsyn i utrikesutskottet om att utvärderingen av svenskt bistånd behöver reformeras. Regeringen förbereder en omstrukturering av myndigheten Sadev, och utskottet vill att regeringen samråder med riksdagen. Regeringen bör sträva efter en bred politisk enighet kring den framtida verksamhetsutformningen. Budgetpropositionen innehåller ett anslag för avveckling av Sadev. Utskottet föreslår att detta anslag ersätts av ett nytt anslag för utvärdering av internationellt utvecklingssamarbete. Utskottet gör sitt ställningstagande med anledning av motioner från Socialdemokraterna, Miljöpartiet, Sverigedemokraterna och Vänsterpartiet. Bakom&nbsp;förslaget om att utvärderingen ska reformeras står Socialdemokraterna, Moderaterna, Miljöpartiet, Folkpartiet, Centerpartiet, Vänsterpartiet och Kristdemokraterna.</p>
<p>Utskottet anser i likhet med regeringen att de tre tematiska prioriteringarna för utvecklingssamarbetet ger grundläggande förutsättningar för att stimulera utvecklingens drivkrafter. Prioriteringarna är demokrati och mänskliga rättigheter, miljö och klimat respektive främjande av jämställdhet och kvinnors roll i utveckling.</p>",976537
1717268,motkat,Motionskategori,Fristående motion,1717267
2179367,statustext,statustext,Ärendet är avslutat,2179365
222292,tilldelat,Tilldelat,Skatteutskottet,222289
495948,utsknotisrubrik,Utskottets förslag,Nej till motioner om förskolan (UbU7),495939
935850,tilldelat,Tilldelat,Justitieutskottet,935847
3290202,tilldelat,Tilldelat,Kulturutskottet,3290198
830884,statustext,statustext,Ärendet är avslutat,830882
633444,statustext,statustext,Ärendet är avslutat,633442
718744,motkat,Motionskategori,Fristående motion,718743
429789,arendestatuskammaren,Beslutat,"",429788
123834,tilldelat,Tilldelat,Socialutskottet,123831
537327,statustext,statustext,Ärendet är avslutat,537325
2141896,notis,Beslut i korthet,"<p>Riksdagen sa ja till regeringens höständringsbudget för 2023. Förslaget innebär att statens budget ökar med 24,9 miljarder kronor i år. Totalt berörs 19 utgiftsområden.</p>
<p>Regeringens förslag till ändringar i statens budget för 2023 innebär att 18 anslag ökas till ett värde av 25,1 miljarder kronor, och att sex anslag minskas, till ett värde av 0,1 miljarder kronor.</p>
<p>Vidare föreslås höjningar av fyra beställningsbemyndiganden. Det handlar bland annat om höjda trängselskatter i Stockholm och Göteborg. </p>
<p>Bland övriga förslag finns att riksdagen ska bemyndiga, det vill säga ge befogenhet, till regeringen att under 2025–2030 fullt ut utnyttja den begränsade annulleringen av utsläppsrätter från Sveriges auktionsvolym inom EU:s utsläppshandelssystem för 2025–2030 som följer av artikel sex i EU:s ansvarsfördelningsförordning. Det betyder att Sverige avstår intäkten från auktioneringen av dessa utsläppsrätter.</p>",2141891
1126103,utsknotisrubrik,Utskottets förslag,Större möjligheter att avtjäna straff med fotboja (JuU42),1126093
420877,tilldelat,Tilldelat,Miljö- och jordbruksutskottet,420874
1013337,statustext,statustext,Ärendet är avslutat,1013335
1658327,motkat,Motionskategori,Fristående motion,1658326
2182928,statustext,statustext,Ärendet är avslutat,2182926
1175103,statustext,statustext,Ärendet är avslutat,1175101
2001060,beslutssammanfattningusk,Utskottets förslag till beslut,"Riksdagen tillkännager för regeringen som sin mening vad utskottet anför om en parlamentarisk kommitté som ska granska varför så få våldtäktsanmälningar leder till åtal och fällande dom och om en översyn av våldtäktslagstiftningen. Därmed bifaller riksdagen delvis motionerna 2013/14:Ju201, 2013/14:Ju306, 2013/14:Ju308 yrkande 1, 2013/14:Ju352, 2013/14:Ju355, 2013/14:Ju380, 2013/14:Ju412 yrkande 42 och 2013/14:So249 yrkandena 25 och 26.",2001059
574629,motkat,Motionskategori,Fristående motion,574628
1388120,tilldelat,Tilldelat,Socialutskottet,1388117
1906811,utsknotis,Utskottets förslag till beslut,"                           <p>Arbetsmarknadsutskottet föreslår att riksdagen säger ja till regeringens förslag som innebär att de tillfälliga lättnaderna i arbetsvillkoret och karensvillkoret som infördes under covid-19-pandemin ska fortsätta att gälla tills vidare. Detsamma gäller den tillfälliga möjligheten för regeringen eller den myndighet som regeringen bestämmer att meddela föreskrifter om undantag från den så kallade femårsregeln för företagare. Femårsregeln innebär en begränsning av förtagares möjlighet att få arbetslöshetsersättning vid upprepade uppehåll i sin näringsverksamhet. Tidigare beslutade lagändringar ska därmed upphöra och tidigare tillfälligt beslutade bestämmelser som infördes under covid-19-pandemin ska gälla tills vidare.</p>
                                            ",1906800
2253698,tilldelat,Tilldelat,Socialförsäkringsutskottet,2253695
974767,notis,Beslut i korthet,"Reglerna för beskattning av andelsbyten vid utflyttning ska ändras, enligt ett beslut av riksdagen. Ett andelsbyte sker när ett företag köper ett annat och erbjuder till exempel aktier som betalning. Lagändringen innebär att säljaren inte ska beskattas vid flytt inom det Europiska ekonomiska samarbetsområdet (EES). Vinsten ska i stället beskattas då säljaren inte längre är bosatt inom EES. Lagändringen är en anpassning till EG-rätten. ",974765
1435897,motkat,Motionskategori,Fristående motion,1435896
1375342,notisrubrik,Beslut,Ny terroristlag (JuU12),1375339
3267932,motkat,Motionskategori,Fristående motion,3267931
905024,notisrubrik,Beslut,Starkare skydd vid telefonförsäljning av pensionstjänster (CU23),905021
371147,motkat,Motionskategori,Fristående motion,371146
937581,rdbeslut,Riksdagens beslut,Kammaren biföll utskottet,937577
2249008,tilldelat,Tilldelat,Utrikesutskottet,2249005
389553,rdbeslut,Riksdagens beslut,Kammaren biföll utskottets förslag.,389547
1786038,tilldelat,Tilldelat,Miljö- och jordbruksutskottet,1786035
741955,motkat,Motionskategori,Fristående motion,741954
3352814,notisrubrik,Beslut,Sänkt moms på e-publikationer och ändrad användning av anslag (FiU36),3352810
355126,statustext,statustext,Ärendet är avslutat,355122
1438279,statustext,statustext,Ärendet är avslutat,1438277
290977,tilldelat,Tilldelat,Bostadsutskottet,290974
1639574,utsknotisrubrik,Utskottets förslag,Avtal om samarbete i konkurrensfrågor (NU6),1639567
363747,motkat,Motionskategori,Fristående motion,363746
1206039,beslutssammanfattningusk,Utskottets förslag till beslut,Bifall till propositionen. Avslag på samtliga motioner.,1206036
1915401,tilldelat,Tilldelat,Skatteutskottet,1915398
623492,motkat,Motionskategori,Följdmotion,623490
399331,motkat,Motionskategori,Fristående motion,399330
1120788,motkat,Motionskategori,Fristående motion,1120787
1568893,tilldelat,Tilldelat,Socialutskottet,1568890
1116530,statustext,statustext,Motionen bereds i utskott,1116528
1084965,motgrund,Motionsgrund,Proposition 2025/26:218,1084964
895826,statustext,statustext,Ärendet är avslutat,895824
1892647,tilldelat,Tilldelat,Socialutskottet,1892644
452835,tilldelat,Tilldelat,Kulturutskottet,452831
1723875,rdbeslut,Riksdagens beslut,Kammaren biföll utskottets förslag.,1723869
407689,tilldelat,Tilldelat,Miljö- och jordbruksutskottet,407686
1876183,statustext,statustext,Ärendet är avslutat,1876181
1387709,tilldelat,Tilldelat,Socialutskottet,1387706
1046061,statustext,statustext,Ärendet är avslutat,1046059
988492,statustext,statustext,Ärendet är avslutat,988490
505126,debattdatumtid,Datum och tid för debatten,2016-11-16 00:00:00,505123
1394176,rdbeslut,Riksdagens beslut,Kammaren biföll utskottets förslag.,1394170
838812,motkat,Motionskategori,Fristående motion,838811
1906029,motkat,Motionskategori,Fristående motion,1906028
723127,tilldelat,Tilldelat,Miljö- och jordbruksutskottet,723124
132928,motkat,Motionskategori,Fristående motion,132927
1727769,tilldelat,Tilldelat,Arbetsmarknadsutskottet,1727766
2078295,tilldelat,Tilldelat,Skatteutskottet,2078292
761258,tilldelat,Tilldelat,Miljö- och jordbruksutskottet,761255
841411,motkat,Motionskategori,Fristående motion,841410
326796,motkat,Motionskategori,Fristående motion,326795
1557344,statustext,statustext,Ärendet är avslutat,1557342
1117191,tilldelat,Tilldelat,Näringsutskottet,1117188
3354052,motkat,Motionskategori,Fristående motion,3354051
2006371,tilldelat,Tilldelat,Socialutskottet,2006368
3341627,beslutssammanfattningusk,Utskottets förslag till beslut,Bifall till propositionen.,3341625
1883529,tilldelat,Tilldelat,Kulturutskottet,1883526
919112,tilldelat,Tilldelat,Trafikutskottet,919109
1565841,motkat,Motionskategori,Fristående motion,1565840
1370610,motkat,Motionskategori,Fristående motion,1370609
1497078,tilldelat,Tilldelat,Trafikutskottet,1497075
305250,tilldelat,Tilldelat,Justitieutskottet,305247
927423,utsknotisrubrik,Utskottets förslag,Möjligt införa skyldighet att lämna ut handlingar elektroniskt (KU5),927416
1695397,statustext,statustext,Ärendet är avslutat,1695394
1237841,statustext,statustext,Motionen bereds i utskott,1237839
1730344,tilldelat,Tilldelat,Socialförsäkringsutskottet,1730340
796705,utsknotisrubrik,Utskottets förslag,Energimyndigheten får ökade möjligheter att utfärda ursprungsgarantier för el (NU19),796696
1848956,tilldelat,Tilldelat,Skatteutskottet,1848952
596865,tilldelat,Tilldelat,Kulturutskottet,596862
1960006,motkat,Motionskategori,Fristående motion,1960005
1524870,tilldelat,Tilldelat,Försvarsutskottet,1524866
1348780,motkat,Motionskategori,Fristående motion,1348779
162089,inlamnatav,Inlämnat av,Socialdepartementet,162088
1897256,motkat,Motionskategori,-,1897254
2161749,tilldelat,Tilldelat,Justitieutskottet,2161746
3299883,motkat,Motionskategori,Fristående motion,3299882
1069081,notis,Beslut i korthet,"Riksdagen avslog motioner från allmänna motionstiden 2001 om polisfrågor. Motionerna behandlar bl.a. ordning och säkerhet vid demonstrationer, kostnaden för att bevaka evenemang, polisens organisation, arbetsförhållanden och utrustning, polisens möjligheter att utfärda ordningsbot och internationellt polissamarbete.",1069080
2257318,tilldelat,Tilldelat,Näringsutskottet,2257315
1074085,motkat,Motionskategori,Fristående motion,1074084
1956313,statustext,statustext,Ärendet är avslutat,1956311
312300,statustext,statustext,Ärendet är avslutat,312298
853404,tilldelat,Tilldelat,Socialutskottet,853401
1816521,statustext,statustext,Ärendet är avslutat,1816519
615388,motkat,Motionskategori,Fristående motion,615387
380687,motkat,Motionskategori,Fristående motion,380686
2030519,tilldelat,Tilldelat,Trafikutskottet,2030516
3241629,tilldelat,Tilldelat,Miljö- och jordbruksutskottet,3241626
143694,statustext,statustext,Ärendet är avslutat,143692
2001101,statustext,statustext,Ärendet är avslutat,2001099
452973,motkat,Motionskategori,Fristående motion,452972
3251373,statustext,statustext,Ärendet är avslutat,3251371
3323350,tilldelat,Tilldelat,Miljö- och jordbruksutskottet,3323347
185880,motkat,Motionskategori,Fristående motion,185879
973001,notis,Beslut i korthet,Regeringen har tecknat ett så kallat informationsutbytesavtal med Cooköarna. Nu har riksdagen godkänt avtalet. Tanken med avtalet är att Sverige och Cooköarna ska hjälpa varandra vid skatteutredningar. Gemensamt ska länderna bekämpa skattefusk. Det blir möjligt för svenska myndigheter att ta del av information från banker och finansinstitut i Cooköarna. Svenska representanter ska också kunna närvara vid skatteutredningar i landet. ,972999
2154069,tilldelat,Tilldelat,Trafikutskottet,2154066
3262050,statustext,statustext,Ärendet är avslutat,3262048
3318147,tilldelat,Tilldelat,Trafikutskottet,3318143
687217,motkat,Motionskategori,Fristående motion,687216
3311931,utsknotisrubrik,Utskottets förslag,Myndigheternas användning av hemlig avlyssning har granskats (JuU9),3311922
801399,tilldelat,Tilldelat,Bostadsutskottet,801394
1150498,motkat,Motionskategori,Fristående motion,1150497
2192883,statustext,statustext,Ärendet är avslutat,2192881
3290836,tilldelat,Tilldelat,Trafikutskottet,3290833
1327774,tilldelat,Tilldelat,Utrikesutskottet,1327771
1370168,tilldelat,Tilldelat,Skatteutskottet,1370165
1752203,motkat,Motionskategori,Fristående motion,1752202
939988,statustext,statustext,Ärendet är avslutat,939986
329426,tilldelat,Tilldelat,Miljö- och jordbruksutskottet,329423
376594,tilldelat,Tilldelat,Finansutskottet,376590
1529404,statustext,statustext,Ärendet är avslutat,1529402
142483,statustext,statustext,Ärendet är avslutat,142481
1671403,beslutdatumtid,Datum och tid för beslutet,2021-04-08 00:00:00,1671402
1533435,motkat,Motionskategori,Fristående motion,1533434
1403708,statustext,statustext,Ärendet är avslutat,1403706
398056,statustext,statustext,Ärendet är avslutat,398050
1993842,tilldelat,Tilldelat,Socialförsäkringsutskottet,1993839
3249741,statustext,statustext,Ärendet är avslutat,3249739
1020109,statustext,statustext,Ärendet är avslutat,1020107
3323032,tilldelat,Tilldelat,Utbildningsutskottet,3323029
986998,motkat,Motionskategori,Fristående motion,986997
1738107,utsknotis,Utskottets förslag till beslut,<p>Bostadsutskottet föreslår att riksdagen godkänner regeringens förslag att vissa av de bygglovsärenden som regeringen i dag prövar i stället ska prövas av de allmänna förvaltningsdomstolarna.</p>,1738101
712943,statustext,statustext,Ärendet är avslutat,712935
2250771,tilldelat,Tilldelat,Miljö- och jordbruksutskottet,2250768
3270781,motkat,Motionskategori,Fristående motion,3270780
3311444,motkat,Motionskategori,Fristående motion,3311443
2093280,statustext,statustext,Ärendet är avslutat,2093278
910652,statustext,statustext,Ärendet är avslutat,910650
1169216,utsknotisrubrik,Utskottets förslag,Nej till motioner om socialförsäkringsfrågor (SfU17),1169207
70607,motgrund,Motionsgrund,Proposition 2007/08:95,70606
1518825,inlamnatav,Inlämnat av,Utbildningsdepartementet,1518824
1879655,motkat,Motionskategori,Fristående motion,1879654
1360474,rdbeslut,Riksdagens beslut,Kammaren biföll utskottets förslag,1360470
1388195,statustext,statustext,Ärendet är avslutat,1388192
1146911,notis,Beslut i korthet,"                           <p>EU-kommissionen vill ersätta den nuvarande förordningen om konsumentskyddssamarbete med en ny förordning, som är mer anpassad till den digitala ekonomin och den ökande handeln över gränserna inom EU.</p>
<p>Riksdagen håller med EU-kommissionen om att samarbetet mellan de nationella myndigheter som har ansvar för konsumentskyddet behöver bli bättre och bör regleras på EU-nivå. Däremot anser riksdagen att delar av förslaget går längre än vad som behövs för att nå målen och därmed strider mot subsidiaritetsprincipen, som innebär att beslut ska fattas så nära medborgarna som möjligt samtidigt som det är effektivt. Riksdagen tänker därför lämna ett motiverat yttrande om detta till EU:s beslutande institutioner. Det innebär att riksdagen lämnar in ett yttrande där den förklarar varför Sverige anser att förslaget strider mot subsidiaritetsprincipen.</p>
<p>Om en tredjedel av de nationella parlamenten i EU-länderna anser att ett förslag strider mot subsidiaritetsprincipen ska förslaget omprövas av den som lagt förslaget, oftast EU-kommissionen.</p>
                                            ",1146908
1144513,notisrubrik,Beslut,Tilläggsbudget 2 för 2006 (FiU11),1144510
688837,tilldelat,Tilldelat,Socialutskottet,688834
2047852,tilldelat,Tilldelat,Konstitutionsutskottet,2047849
3302202,statustext,statustext,Ärendet är avslutat,3302197
1670943,tilldelat,Tilldelat,Trafikutskottet,1670940
1502917,motkat,Motionskategori,Fristående motion,1502916
569869,tilldelat,Tilldelat,Miljö- och jordbruksutskottet,569866
2006849,tilldelat,Tilldelat,Socialutskottet,2006846
1360060,motkat,Motionskategori,Fristående motion,1360059
1611358,statustext,statustext,Ärendet är avslutat,1611356
688539,tilldelat,Tilldelat,Socialutskottet,688536
751493,motkat,Motionskategori,Fristående motion,751492
