hjid,assignment_type,detail,from_date,intressent_id,order_number,org_code,role_code,status,to_date,assignment_list_person_assig_0
40066,Riksdagsorgan,Krigsdelegationen,2018-10-09,0899112324519,9,KD,Ledamot,"",2022-10-09,40021
38438,uppdrag,Justitieutskottet,2020-03-18,0645111757928,153,JuU,Suppleant,"",2022-09-26,38430
39196,uppdrag,Civilutskottet,2018-10-02,0254695027922,8,CU,Ledamot,"",2022-09-26,39189
41699,kammaruppdrag,"",2014-09-29,0641953830512,164,kam,Riksdagsledamot,Tjänstgörande,2018-09-24,41696
49006,kammaruppdrag,"",1985-09-30,0818989495009,0,kam,Riksdagsledamot,Tjänstgörande,1988-10-03,49003
4344,uppdrag,Näringsutskottet,1994-10-11,0790996600918,0,NU,Suppleant,"",1998-10-04,4337
48001,kammaruppdrag,"",2014-09-29,0992420223820,243,kam,Riksdagsledamot,Tjänstgörande,2018-09-24,47992
21425,Riksdagsorgan,Nordiska rådets svenska delegation,2015-10-01,0535526562910,14,NR,Ledamot,"",2016-09-29,21392
3849,kammaruppdrag,"",1982-10-04,0314386385815,0,kam,Riksdagsledamot,Tjänstgörande,1985-09-30,3844
38574,Riksdagsorgan,Riksbanksfullmäktige,2014-10-14,0477013214601,7,RB,Suppleant,"",2018-10-09,38532
47283,uppdrag,Socialutskottet,2006-10-10,0729710260118,10,SoU,Suppleant,"",2010-03-10,47248
34722,uppdrag,Socialförsäkringsutskottet,2020-03-18,0760500234712,202,SfU,Suppleant,"",2022-09-26,34709
46595,kammaruppdrag,"",2024-08-13,0525562399327,309,kam,Riksdagsledamot,Tjänstgörande,2026-09-28,46594
30664,uppdrag,Konstitutionsutskottet,2020-03-18,0495218011521,117,KU,Suppleant,"",2020-09-03,30648
5262,uppdrag,Utbildningsutskottet,2002-10-08,0228907110117,0,UbU,Suppleant,"",2002-10-20,5241
18820,uppdrag,Utbildningsutskottet,1994-10-11,0853813080501,0,UbU,Suppleant,"",1996-04-17,18811
18805,uppdrag,"Sammansatta utrikes-, miljö- och jordbruksutskottet",2003-02-18,0883123676901,0,UMJU,Deputerad,"",2003-05-21,18800
37746,uppdrag,Arbetsmarknadsutskottet,2020-03-18,0237055280513,254,AU,Suppleant,"",2022-09-26,37734
24415,uppdrag,Utrikesutskottet,2021-09-08,0228167770927,14,UU,Suppleant,"",2022-09-26,24399
2360,Riksdagsorgan,Krigsdelegationen,1994-10-18,0987224899103,0,KD,Ledamot,"",1998-10-05,2338
25755,kammaruppdrag,"",1994-10-03,0816308745507,252,kam,Riksdagsledamot,Tjänstgörande,1998-10-05,25752
52857,uppdrag,Socialförsäkringsutskottet,2020-03-18,0198917587520,232,SfU,Suppleant,"",2022-09-26,52838
17687,Riksdagsorgan,Utrikesnämnden,2006-10-10,0996403729104,7,UN,Suppleant,"",2010-10-04,17662
44282,uppdrag,Näringsutskottet,2020-03-18,0457722435319,218,NU,Suppleant,"",2022-09-26,44266
43867,uppdrag,Utrikesutskottet,2020-03-18,0665360289423,153,UU,Suppleant,"",2020-08-09,43847
50782,kammaruppdrag,Fredrik Reinfeldt,2010-10-26,0970259744617,51,kam,Statsrådsersättare,Ersättare,2014-09-29,50778
6007,uppdrag,Finansutskottet,2006-10-24,0181478122414,18,FiU,Suppleant,"",2010-10-04,6001
53648,uppdrag,Socialutskottet,2022-10-12,0138741628520,18,SoU,Suppleant,"",2023-09-20,53633
42697,Riksdagsorgan,Nordiska rådets svenska delegation,2024-10-16,0440673458216,18,NR,Suppleant,"",2025-10-15,42691
49287,Departement,Näringsdepartementet,2019-10-01,0339894357417,17,N,Statsråd,"",2020-12-17,49284
40976,uppdrag,Försvarsutskottet,2014-11-05,0414687558527,25,FöU,Suppleant,"",2018-09-24,40973
18178,uppdrag,Lagutskottet,1994-10-11,017523200206,0,LU,Ledamot,"",1998-10-04,18171
44892,uppdrag,Justitieutskottet,2020-03-18,0522054204918,63,JuU,Suppleant,"",2022-09-26,44882
53461,kammaruppdrag,"",2014-09-29,0183544538819,223,kam,Riksdagsledamot,Tjänstgörande,2014-12-21,53458
28553,uppdrag,EU-nämnden,2019-11-07,0541320528015,55,EUN,Suppleant,"",2022-09-26,28513
7881,uppdrag,Finansutskottet,2004-09-20,0959102638818,0,FiU,Ledamot,"",2006-10-02,7863
32353,uppdrag,Utbildningsutskottet,2020-03-18,0238095659621,123,UbU,Suppleant,"",2022-09-26,32337
44575,Riksdagsorgan,Riksdagsstyrelsen,2024-08-20,0819601620927,10,RS,Ledamot,"",2026-10-06,44523
29505,uppdrag,Sammansatta utrikes- och försvarsutskottet,2013-02-21,0843345349823,3,UFöU,Suppleant,"",2013-03-06,29471
24939,kammaruppdrag,"",2015-05-16,0697941234716,101,kam,Riksdagsledamot,Tjänstgörande,2018-09-24,24938
6737,kammaruppdrag,"",1979-12-01,0906359551705,0,kam,Riksdagsledamot,Tjänstgörande,1980-04-07,6726
19419,uppdrag,Lagutskottet,1983-10-04,0692993567203,0,LU,Suppleant,"",1985-09-29,19397
51400,uppdrag,Finansutskottet,2020-03-18,0667220767927,157,FiU,Suppleant,"",2022-09-26,51383
13409,uppdrag,Lagutskottet,2002-10-08,0388920259006,0,LU,Ordförande,"",2006-10-02,13390
42492,uppdrag,Finansutskottet,2020-03-20,086684470825,318,FiU,Suppleant,"",2022-09-26,42483
7824,uppdrag,Utbildningsutskottet,2002-10-08,0379072486818,0,UbU,Ledamot,"",2004-07-19,7820
37836,uppdrag,Socialutskottet,2002-10-15,0745594497101,0,SoU,Suppleant,"",2006-10-02,37829
42145,uppdrag,Trafikutskottet,2014-10-07,0559925283228,1,TU,Suppleant,"",2018-09-24,42119
43830,uppdrag,Justitieutskottet,2025-03-26,0360187680814,1,JuU,Suppleant,"",2026-03-26,43827
44188,uppdrag,Konstitutionsutskottet,2018-01-19,0810201628512,4,KU,Suppleant,"",2018-09-24,44162
2205,kammaruppdrag,"",1991-09-30,0972914963202,71,kam,Riksdagsledamot,Tjänstgörande,1994-10-03,2203
13893,uppdrag,Utrikesutskottet,2006-10-10,0739780276601,0,UU,Ledamot,"",2009-07-13,13882
30856,Riksdagsorgan,Nordiska rådets svenska delegation,2020-10-14,0905312407726,5,NR,Suppleant,"",2021-10-13,30831
53793,uppdrag,Kulturutskottet,2022-10-12,0831636664429,18,KrU,Suppleant,"",2025-03-11,53780
26864,uppdrag,Näringsutskottet,1991-10-08,0988598877109,0,NU,Ledamot,"",1994-10-02,26857
31338,Departement,Utbildningsdepartementet,2016-05-25,0505783078517,11,U,Statsråd,"",2019-01-21,31337
11767,kammaruppdrag,"",1979-10-01,0599498861600,0,kam,Riksdagsledamot,Tjänstgörande,1982-10-04,11763
31025,uppdrag,Skatteutskottet,2020-03-18,0325462829512,255,SkU,Suppleant,"",2022-09-26,31014
52387,uppdrag,Konstitutionsutskottet,2022-10-04,0611350076611,15,KU,Ledamot,"",2022-10-27,52382
3201,Riksdagsorgan,Nordiska rådets svenska delegation,2006-10-17,0887345842319,12,NR,Ledamot,"",2010-10-04,3191
15438,uppdrag,Försvarsutskottet,2002-10-08,0252641216303,0,FöU,Ledamot,"",2006-10-02,15435
25076,uppdrag,Skatteutskottet,2020-03-18,0853831481615,129,SkU,Suppleant,"",2022-09-26,25064
6275,uppdrag,Kulturutskottet,1991-10-08,078688254917,0,KrU,Ledamot,"",1993-10-04,6270
20615,partiuppdrag,Kristdemokraterna,2014-09-29,0161597857912,0,KD,Kvittningsperson,"",2018-09-24,20563
50122,Riksdagsorgan,Riksdagens råd för Riksrevisionen,2024-09-13,0376395541120,1,RRR,Suppleant,"",2026-10-27,50121
38624,uppdrag,Utbildningsutskottet,2020-03-18,0779329190517,58,UbU,Suppleant,"",2022-09-26,38605
17544,uppdrag,Bostadsutskottet,1988-10-11,0308563888104,0,BoU,Ledamot,"",1989-05-06,17541
43051,Riksdagsorgan,Riksdagens råd för Riksrevisionen,2019-04-01,025158809026,5,RRR,Suppleant,"",2021-03-05,43050
31375,uppdrag,Arbetsmarknadsutskottet,2021-10-13,0495661214429,325,AU,Suppleant,"",2022-09-26,31370
26085,uppdrag,Sammansatta utrikes- och försvarsutskottet,2008-11-20,0186989169008,0,UFöU,Suppleant,"",2008-12-19,26073
27700,Riksdagsorgan,Krigsdelegationen,2006-10-17,0262017901513,3,KD,Ledamot,"",2010-10-19,27661
29376,uppdrag,Finansutskottet,2020-03-18,0878075468027,167,FiU,Suppleant,"",2022-09-26,29356
750,uppdrag,Lagutskottet,1998-10-13,0377384542907,0,LU,Suppleant,"",2002-09-30,734
42673,uppdrag,Utbildningsutskottet,2019-01-30,0801311569314,1,UbU,Ledamot,"",2019-01-31,42651
20608,uppdrag,Utbildningsutskottet,1994-10-11,0161597857912,0,UbU,Suppleant,"",1998-10-04,20563
23397,kammaruppdrag,"",2003-10-28,0910241260018,159,kam,Riksdagsledamot,Ledig,2003-12-18,23392
46149,uppdrag,Arbetsmarknadsutskottet,2013-11-14,014386615025,0,AU,Extra suppleant,"",2013-12-17,46114
30117,uppdrag,Skatteutskottet,2020-03-18,0934639939611,114,SkU,Suppleant,"",2022-09-26,30103
7171,kammaruppdrag,"",2005-02-14,0523880046118,0,kam,Statsrådsersättare,Ersättare,2006-10-02,7170
39512,uppdrag,Justitieutskottet,1988-10-11,085018966209,0,JuU,Ledamot,"",1991-09-29,39505
768,kammaruppdrag,"",2002-09-30,0340854285007,84,kam,Riksdagsledamot,Tjänstgörande,2006-10-02,766
2803,uppdrag,Sammansatta utrikes- och försvarsutskottet,2009-02-12,0481005050915,0,UFöU,Deputerad,"",2009-03-12,2793
28752,uppdrag,Näringsutskottet,2010-10-19,048970816012,19,NU,Suppleant,"",2014-09-29,28742
28177,uppdrag,Skatteutskottet,2020-03-18,0677738818613,133,SkU,Suppleant,"",2022-09-26,28163
33703,kammaruppdrag,Pernilla Zethraeus,2008-02-16,0545353563812,245,kam,Ersättare,Ersättare,2008-06-17,33698
45331,kammaruppdrag,"",2022-09-26,0161616238120,215,kam,Riksdagsledamot,Tjänstgörande,2026-09-28,45327
44958,uppdrag,Utrikesutskottet,2018-10-09,0638497389621,19,UU,Suppleant,"",2020-09-03,44927
31728,uppdrag,Sammansatta utrikes- och försvarsutskottet,2004-02-05,0837501934208,0,UFöU,Deputerad,"",2004-02-18,31714
29067,uppdrag,Civilutskottet,2020-03-18,0590042760718,41,CU,Suppleant,"",2022-09-26,29060
18382,Riksdagsorgan,Nordiska rådets svenska delegation,1994-10-18,0553513261108,0,NR,Suppleant,"",1998-10-05,18358
14567,uppdrag,Kulturutskottet,1994-10-11,0798631972204,0,KrU,Suppleant,"",1998-10-04,14559
2384,Riksdagsorgan,Valberedningen,2006-10-02,0963654118003,4,VB,Ledamot,"",2010-10-04,2373
7877,uppdrag,Miljö- och jordbruksutskottet,2011-10-19,0959102638818,11,MJU,Ledamot,"",2014-09-29,7863
44538,kammaruppdrag,"",2014-09-29,0819601620927,211,kam,Riksdagsledamot,Tjänstgörande,2015-12-10,44523
47562,uppdrag,Utbildningsutskottet,2018-10-02,0694917698222,15,UbU,Ledamot,"",2022-09-26,47551
49981,uppdrag,Civilutskottet,2020-03-20,037781229619,319,CU,Suppleant,"",2022-09-26,49975
27703,Riksdagsorgan,Valberedningen,2006-10-02,0262017901513,0,VB,Ledamot,"",2006-10-06,27661
46234,uppdrag,Skatteutskottet,2025-02-18,010643534813,1,SkU,Vice ordförande,"",2026-09-28,46231
31086,uppdrag,Civilutskottet,2020-09-03,0655028250417,165,CU,Suppleant,"",2021-04-30,31080
39869,kammaruppdrag,"",1997-05-01,0661583406713,307,kam,Riksdagsledamot,Tjänstgörande,1998-10-05,39860
50933,uppdrag,Sammansatta utrikes- och försvarsutskottet,2013-04-23,0973782197017,15,UFöU,Suppleant,"",2013-06-18,50869
14729,Riksdagsorgan,Riksdagens förvaltningskontor,1994-10-11,0391621769505,0,RFK,Suppleant,"",1998-10-05,14717
30863,Riksdagsorgan,Nordiska rådets svenska delegation,2014-10-07,0905312407726,6,NR,Suppleant,"",2015-10-01,30831
15967,Riksdagsorgan,EES-EFTA delegationen,1994-10-11,0229002789006,0,EES,Ledamot,"",1994-12-31,15931
16191,Riksdagsorgan,Valprövningsnämnden,2019-03-13,0714579775816,4,VPN,Ledamot,"",2023-03-22,16174
9484,Europaparlamentet,Europaparlamentet,2011-12-01,0528830353520,20,EP,Ledamot,"",2014-07-01,9483
11566,kammaruppdrag,"",1991-09-30,0205148684308,7,kam,Riksdagsledamot,Tjänstgörande,1992-10-18,11561
26673,uppdrag,Utrikesutskottet,1988-10-03,0198565054212,0,UU,Suppleant,"",1991-09-29,26661
29384,uppdrag,Utbildningsutskottet,2020-03-18,0878075468027,167,UbU,Suppleant,"",2022-09-26,29356
43151,uppdrag,Socialförsäkringsutskottet,2022-11-24,0245468368228,22,SfU,Suppleant,"",2026-09-28,43147
34365,Riksdagsorgan,Krigsdelegationen,2002-01-01,0891971250317,0,KD,Ledamot,"",2002-10-14,34303
40231,kammaruppdrag,"",2022-06-28,0474290584024,52,kam,Riksdagsledamot,Tjänstgörande,2022-09-26,40229
16633,kammaruppdrag,"",1998-10-05,0823142696709,257,kam,Riksdagsledamot,Tjänstgörande,2002-09-30,16632
5053,kammaruppdrag,"",2002-09-30,0891897903314,182,kam,Riksdagsledamot,Tjänstgörande,2006-10-02,5052
1839,uppdrag,Kulturutskottet,2010-10-12,0447461551212,8,KrU,Ledamot,"",2014-09-29,1836
16248,uppdrag,Miljö- och jordbruksutskottet,2007-01-01,082139988919,0,MJU,Suppleant,"",2007-03-31,16245
52549,Riksdagsorgan,Nordiska rådets svenska delegation,2016-10-26,0932000030511,16,NR,Ledamot,"",2017-09-28,52507
23185,uppdrag,Trafikutskottet,2005-04-06,0889860537413,0,TU,Suppleant,"",2006-10-02,23175
47207,uppdrag,Socialutskottet,2020-03-18,0911067396229,195,SoU,Suppleant,"",2022-09-26,47189
4407,uppdrag,Kulturutskottet,1988-10-11,089241104007,0,KrU,Suppleant,"",1991-09-29,4400
30819,uppdrag,EU-nämnden,2020-03-18,0277648711624,176,EUN,Suppleant,"",2022-09-26,30790
41771,partiuppdrag,Centerpartiet,2018-10-09,0836001490919,0,C,Förste vice gruppledare,"",2023-12-31,41768
12391,uppdrag,Kulturutskottet,1985-09-30,0177639310807,0,KrU,Ledamot,"",1988-10-02,12379
44835,kammaruppdrag,"",2022-09-26,051207517226,34,kam,Riksdagsledamot,Tjänstgörande,2026-09-28,44833
6031,uppdrag,Utrikesutskottet,2002-10-08,0371688419616,0,UU,Ledamot,"",2004-03-17,6019
1334,uppdrag,Näringsutskottet,2002-10-08,0792474127508,0,NU,Ledamot,"",2006-10-02,1327
17720,uppdrag,Sammansatta konstitutions- och utrikesutskottet,2001-10-16,075043103804,0,KUU,Suppleant,"",2001-12-06,17712
1172,kammaruppdrag,"",2006-10-02,0251564185908,38,kam,Riksdagsledamot,Tjänstgörande,2010-10-04,1169
50611,uppdrag,Sammansatta utrikes- och försvarsutskottet,2024-05-23,0628005785225,7,UFöU,Deputerad,"",2024-06-18,50580
22438,Riksdagsorgan,Riksbanksfullmäktige,2011-08-25,0363608290410,7,RB,Suppleant,"",2014-10-14,22429
13360,uppdrag,Utrikesutskottet,1998-10-13,0336920874106,0,UU,Ledamot,"",2001-12-31,13353
49286,Departement,Näringsdepartementet,2020-12-17,0339894357417,16,N,Statsråd,"",2021-02-04,49284
24392,uppdrag,Konstitutionsutskottet,2012-12-14,0590020362617,1,KU,Suppleant,"",2014-09-29,24387
41452,uppdrag,Skatteutskottet,2020-03-18,075747847023,161,SkU,Suppleant,"",2022-09-26,41434
45074,Riksdagsorgan,Valprövningsnämnden,2015-02-18,0130789484021,6,VPN,Suppleant,"",2019-03-13,45041
20538,kammaruppdrag,Bosse Ringholm,2006-10-02,0720249554818,173,kam,Statsrådsersättare,Ersättare,2006-10-06,20532
2494,uppdrag,Arbetsmarknadsutskottet,1994-10-11,0529963707818,0,AU,Ledamot,"",1998-10-04,2480
27181,uppdrag,Utrikesutskottet,1994-10-11,0738969851001,0,UU,Ledamot,"",1998-10-04,27168
38689,uppdrag,Näringsutskottet,2022-10-04,0245113256029,4,NU,Suppleant,"",2026-09-28,38687
52791,uppdrag,Civilutskottet,2020-03-18,0105632258713,88,CU,Suppleant,"",2022-09-26,52779
40627,Riksdagsorgan,Krigsdelegationen,2010-10-19,011731125914,6,KD,Ledamot,"",2014-10-14,40606
23311,Riksdagsorgan,Ledamotsrådet,2014-10-15,0157062733618,4,LR,Ledamot,"",2015-01-28,23265
15873,uppdrag,Utbildningsutskottet,1982-10-04,0184922809505,0,UbU,Suppleant,"",1985-09-29,15855
52932,uppdrag,EU-nämnden,2024-11-29,0526772256714,30,EUN,Suppleant,"",2025-12-08,52926
40047,uppdrag,Försvarsutskottet,2020-03-18,0899112324519,80,FöU,Suppleant,"",2020-09-03,40021
43169,kammaruppdrag,Erik Ullenhag,2014-09-29,0725043815911,143,kam,Statsrådsersättare,Ersättare,2014-10-03,43168
13150,Riksdagsorgan,Krigsdelegationen,1992-07-01,0303930476905,0,KD,Ledamot,"",1994-10-03,13133
1249,uppdrag,Sammansatta konstitutions- och utrikesutskottet,2003-10-07,0682674527208,0,KUU,Suppleant,"",2003-11-20,1234
42221,uppdrag,Näringsutskottet,2018-10-02,0503029811325,2,NU,Suppleant,"",2019-02-13,42193
52886,uppdrag,Näringsutskottet,2025-10-14,0939158389321,20,NU,Suppleant,"",2026-09-28,52881
41416,uppdrag,Socialutskottet,2020-03-18,0121939297619,174,SoU,Suppleant,"",2022-09-26,41399
47164,uppdrag,Justitieutskottet,2022-10-04,0768554866215,9,JuU,Ledamot,"",2025-02-14,47159
40953,uppdrag,Försvarsutskottet,2020-03-20,0468956880528,306,FöU,Suppleant,"",2020-09-03,40935
40736,uppdrag,Skatteutskottet,2020-03-18,0383111552218,237,SkU,Suppleant,"",2020-11-03,40721
46683,uppdrag,Socialutskottet,2025-12-11,0947572086414,14,SoU,Suppleant,"",2026-09-28,46677
32030,kammaruppdrag,"",2018-09-24,0435740736429,299,kam,Riksdagsledamot,Tjänstgörande,2022-09-26,32029
47998,kammaruppdrag,"",2020-05-04,0992420223820,141,kam,Riksdagsledamot,Tjänstgörande,2022-09-26,47992
50142,uppdrag,Utbildningsutskottet,2020-03-18,0376395541120,174,UbU,Suppleant,"",2022-09-26,50121
49382,Riksdagsorgan,Krigsdelegationen,2017-08-31,0744993950910,1,KD,Ledamot,"",2018-10-09,49329
22322,uppdrag,Sammansatta utrikes- och försvarsutskottet,2007-03-22,0781648625615,0,UFöU,Deputerad,"",2007-06-01,22289
2421,uppdrag,Kulturutskottet,1999-11-04,0479355987014,0,KrU,Suppleant,"",2002-09-30,2412
49266,uppdrag,Näringsutskottet,2018-10-02,0999976269027,16,NU,Suppleant,"",2019-01-21,49232
20788,kammaruppdrag,"",2002-09-30,0933424396309,105,kam,Riksdagsledamot,Tjänstgörande,2006-10-02,20785
43367,uppdrag,Kulturutskottet,2019-06-17,0810852280213,17,KrU,Suppleant,"",2022-09-26,43353
43697,uppdrag,Skatteutskottet,2020-03-18,0604811710522,45,SkU,Suppleant,"",2022-09-26,43676
14024,kammaruppdrag,"",1998-10-05,0638330195202,176,kam,Riksdagsledamot,Tjänstgörande,2002-09-30,14023
7351,uppdrag,Trafikutskottet,2020-03-18,0537400268911,146,TU,Suppleant,"",2022-09-26,7330
41062,uppdrag,Arbetsmarknadsutskottet,2022-01-11,0316505710324,322,AU,Suppleant,"",2022-09-26,41043
21034,uppdrag,EU-nämnden,2006-10-10,0235974887200,2,EUN,Vice ordförande,"",2010-10-12,21011
30265,uppdrag,Socialutskottet,2016-09-27,0204494765606,2,SoU,Suppleant,"",2018-09-24,30245
52666,uppdrag,Sammansatta utrikes- och försvarsutskottet,2011-11-24,0607691439013,1,UFöU,Ordförande,"",2011-12-14,52613
25519,uppdrag,Skatteutskottet,1985-09-30,0921939922800,0,SkU,Suppleant,"",1988-10-02,25501
3478,uppdrag,Socialförsäkringsutskottet,1998-10-13,0587985033012,0,SfU,Suppleant,"",2002-09-30,3472
15206,uppdrag,Miljö- och jordbruksutskottet,1998-10-13,0270681733602,0,MJU,Ledamot,"",2002-09-30,15198
51552,uppdrag,Civilutskottet,2020-03-18,0155487380917,119,CU,Suppleant,"",2022-09-26,51539
38809,uppdrag,Utrikesutskottet,2020-05-19,0506541436524,167,UU,Suppleant,"",2020-09-03,38785
248,Riksdagsorgan,Nordiska rådets svenska delegation,1998-10-20,0897304708905,0,NR,Suppleant,"",2002-09-30,219
23941,uppdrag,Utrikesutskottet,2014-10-07,0404025497421,14,UU,Ledamot,"",2018-02-14,23930
446,uppdrag,Skatteutskottet,2002-10-15,0235494367806,0,SkU,Suppleant,"",2006-10-02,442
8427,uppdrag,Justitieutskottet,1994-12-15,0251174631818,0,JuU,Suppleant,"",1998-10-04,8424
21550,uppdrag,Finansutskottet,2011-11-07,0488357052317,12,FiU,Suppleant,"",2014-09-29,21538
18047,uppdrag,Justitieutskottet,2002-10-15,0548843588006,0,JuU,Suppleant,"",2006-10-02,18041
43497,uppdrag,Utrikesutskottet,2010-10-12,0257612529618,12,UU,Ledamot,"",2014-09-29,43468
8795,kammaruppdrag,"",2006-10-02,0510486065729,189,kam,Riksdagsledamot,Tjänstgörande,2009-08-06,8792
24919,uppdrag,Utbildningsutskottet,2018-10-16,0465804601318,25,UbU,Suppleant,"",2021-03-09,24905
2428,uppdrag,Socialförsäkringsutskottet,1990-10-04,0479355987014,0,SfU,Suppleant,"",1991-09-29,2412
52859,uppdrag,Socialutskottet,2018-10-02,0198917587520,8,SoU,Suppleant,"",2022-09-26,52838
8116,kammaruppdrag,"",2013-06-01,0391973624515,72,kam,Riksdagsledamot,Tjänstgörande,2014-03-31,8113
38326,uppdrag,EU-nämnden,1998-10-13,0123939426106,0,EUN,Suppleant,"",2002-10-08,38319
47224,uppdrag,EU-nämnden,2020-03-18,0911067396229,232,EUN,Suppleant,"",2022-10-04,47189
38940,uppdrag,Socialförsäkringsutskottet,2020-03-18,0132818093422,127,SfU,Suppleant,"",2022-09-26,38921
20583,uppdrag,Trafikutskottet,2020-03-18,0161597857912,309,TU,Suppleant,"",2022-09-26,20563
8206,Riksdagsorgan,Krigsdelegationen,1998-10-20,0274710563201,0,KD,Ledamot,"",2002-10-14,8164
30473,uppdrag,Miljö- och jordbruksutskottet,2010-10-12,0521844714515,17,MJU,Suppleant,"",2012-03-20,30447
12848,kammaruppdrag,"",1998-10-05,0508589337602,122,kam,Riksdagsledamot,Tjänstgörande,2002-09-30,12847
9625,talmansuppdrag,"",1982-10-04,033722755191,10,kam,Talman,"",1985-09-30,9622
46272,kammaruppdrag,"",2014-09-29,0128805841317,218,kam,Riksdagsledamot,Tjänstgörande,2018-09-24,46269
53815,uppdrag,Arbetsmarknadsutskottet,2012-11-28,0831636664429,16,AU,Ledamot,"",2014-09-29,53780
28552,uppdrag,Bostadsutskottet,2002-10-08,0541320528015,0,BoU,Ledamot,"",2006-10-02,28513
51658,uppdrag,Sammansatta utrikes- och försvarsutskottet,2024-11-05,0604604418610,16,UFöU,Suppleant,"",2024-12-12,51652
31953,uppdrag,Utbildningsutskottet,2021-10-13,0556755096938,328,UbU,Suppleant,"",2022-05-19,31944
3001,uppdrag,Finansutskottet,1991-10-08,0980725315516,0,FiU,Ledamot,"",1994-10-02,2981
51495,uppdrag,Sammansatta utrikes- och försvarsutskottet,2022-10-20,0682989845822,12,UFöU,Suppleant,"",2022-12-21,51463
49669,uppdrag,Socialutskottet,2005-03-01,0427321850912,0,SoU,Suppleant,"",2005-05-26,49639
16005,Riksdagsorgan,Utrikesnämnden,1994-10-18,0593022437106,0,UN,Suppleant,"",1998-10-05,15986
30619,uppdrag,Kulturutskottet,2018-10-02,0758652610,14,KrU,Suppleant,"",2020-01-31,30612
43651,uppdrag,Miljö- och jordbruksutskottet,2020-03-18,0603366539729,96,MJU,Suppleant,"",2022-09-26,43635
21269,uppdrag,Skatteutskottet,2010-10-19,0958776965517,10,SkU,Suppleant,"",2014-09-29,21258
49642,kammaruppdrag,"",2014-09-29,0427321850912,20,kam,Riksdagsledamot,Tjänstgörande,2018-09-24,49639
5248,kammaruppdrag,Pär Nuder,2002-10-10,0228907110117,0,kam,Statsrådsersättare,Ersättare,2002-10-20,5241
9320,kammaruppdrag,Marianne Beyer 2000-11-09 - 2000-12-18,2000-11-09,0954999878706,216,kam,Riksdagsledamot,Ledig,2000-12-18,9318
45020,uppdrag,Miljö- och jordbruksutskottet,2006-10-10,0853395328224,0,MJU,Ledamot,"",2009-04-01,44993
41940,Riksdagsorgan,Nordiska rådets svenska delegation,2016-09-29,0980681611418,2,NR,Ledamot,"",2017-09-28,41844
11961,uppdrag,Kulturutskottet,1994-10-11,0288448506702,0,KrU,Suppleant,"",1998-10-04,11954
44254,uppdrag,Skatteutskottet,2020-03-18,0358278412329,145,SkU,Suppleant,"",2022-09-26,44233
39422,Riksdagsorgan,Nordiska rådets svenska delegation,2018-10-09,0974061238314,1,NR,Suppleant,"",2019-10-02,39383
26053,uppdrag,Justitieutskottet,1988-10-11,0764840691205,0,JuU,Suppleant,"",1991-09-29,26045
38499,uppdrag,Socialförsäkringsutskottet,2021-10-20,0526748040023,5,SfU,Ledamot,"",2022-09-26,38493
10518,kammaruppdrag,"",1979-10-01,0627956939404,0,kam,Riksdagsledamot,Tjänstgörande,1982-10-04,10515
45193,uppdrag,Civilutskottet,2020-03-20,0406831930624,289,CU,Suppleant,"",2022-09-26,45185
40655,uppdrag,Justitieutskottet,2022-10-04,0126797549328,3,JuU,Ledamot,"",2022-10-18,40639
34640,Europaparlamentet,Europaparlamentet,2024-07-16,0663851410627,18,EP,Ledamot,"",2029-07-16,34638
49196,kammaruppdrag,"",2023-09-25,0482689573825,276,kam,Riksdagsledamot,Tjänstgörande,2026-09-28,49195
43787,uppdrag,Trafikutskottet,2025-03-25,0591020192311,5,TU,Suppleant,"",2026-01-27,43782
2766,kammaruppdrag,"",1998-10-05,0479155832315,156,kam,Riksdagsledamot,Tjänstgörande,2002-09-30,2764
30530,uppdrag,Försvarsutskottet,2020-03-18,0671241874717,37,FöU,Suppleant,"",2020-09-03,30513
40756,Riksdagsorgan,Nordiska rådets svenska delegation,2016-09-29,0383111552218,15,NR,Suppleant,"",2017-09-28,40721
11389,uppdrag,Bostadsutskottet,1989-10-04,0465588741605,0,BoU,Suppleant,"",1991-09-29,11385
50768,Riksdagsorgan,Riksdagens delegation till parlamentariska Östersjökonferensen,2018-10-24,0879782396219,3,BSPC,Ledamot,"",2018-10-24,50699
37592,Riksdagsorgan,Ledamotsrådet,2022-10-12,0911916463828,1,LR,Ersättare,"",2026-10-12,37555
24148,kammaruppdrag,"",2018-01-22,0750727320521,132,kam,Riksdagsledamot,Tjänstgörande,2018-09-24,24147
37377,uppdrag,Försvarsutskottet,2020-09-28,0281670919717,18,FöU,Suppleant,"",2022-09-26,37370
14152,uppdrag,Bostadsutskottet,1983-10-04,0277100069203,0,BoU,Ledamot,"",1985-09-29,14137
38463,kammaruppdrag,Louise Meijer,2020-12-29,0360160202728,222,kam,Ersättare,Ersättare,2021-05-23,38461
4129,kammaruppdrag,"",1985-09-30,0389381287505,0,kam,Riksdagsledamot,Tjänstgörande,1988-10-03,4126
38243,kammaruppdrag,"",1998-10-05,0363228965800,3,kam,Riksdagsledamot,Tjänstgörande,1999-10-01,38238
24009,Riksdagsorgan,Krigsdelegationen,2014-10-14,0788526088220,39,KD,Ledamot,"",2015-04-24,23993
45244,uppdrag,Utbildningsutskottet,2020-03-18,065105536026,201,UbU,Suppleant,"",2022-09-26,45224
13725,kammaruppdrag,Ingbritt Irhammar 1995-01-10 - 1995-10-10,1995-01-10,0483420372909,144,kam,Riksdagsledamot,Ledig,1995-10-10,13723
28755,uppdrag,EU-nämnden,2014-10-14,048970816012,20,EUN,Suppleant,"",2015-09-10,28742
52746,uppdrag,Näringsutskottet,2020-03-18,041911485722,79,NU,Suppleant,"",2022-09-26,52729
38929,kammaruppdrag,Anders Flanking,2011-10-12,0132818093422,332,kam,Ersättare,Ersättare,2013-10-20,38921
22724,Departement,Utrikesdepartementet,2007-09-12,0784309503313,11,UD,Statsråd,"",2014-10-03,22723
6537,uppdrag,Skatteutskottet,2001-04-19,0791588767213,0,SkU,Suppleant,"",2001-05-16,6534
24489,kammaruppdrag,"",2014-09-29,0604459858621,348,kam,Riksdagsledamot,Tjänstgörande,2018-09-24,24483
23441,uppdrag,"Sammansatta utrikes-, miljö- och jordbruksutskottet",2003-02-18,0910241260018,0,UMJU,Deputerad,"",2003-05-21,23392
42657,uppdrag,Utbildningsutskottet,2019-01-31,0801311569314,1,UbU,Ordförande,"",2022-09-26,42651
26807,uppdrag,Arbetsmarknadsutskottet,1978-10-03,088849148003,0,AU,Ordförande,"",1979-09-30,26784
53399,Riksdagsorgan,Nordiska rådets svenska delegation,2020-10-14,0546731406922,18,NR,Suppleant,"",2021-03-10,53373
9455,uppdrag,Socialförsäkringsutskottet,2013-08-15,0797281536419,0,SfU,Extra suppleant,"",2014-02-15,9452
49852,Riksdagsorgan,Nordiska rådets svenska delegation,2023-10-19,0720250789315,10,NR,Suppleant,"",2024-10-16,49818
5166,kammaruppdrag,"",1991-09-30,0694657973716,122,kam,Riksdagsledamot,Tjänstgörande,1991-12-31,5165
42670,uppdrag,Konstitutionsutskottet,2020-03-18,0801311569314,159,KU,Suppleant,"",2020-09-03,42651
21708,uppdrag,Miljö- och jordbruksutskottet,2009-01-16,0743081365718,12,MJU,Ledamot,"",2010-10-04,21703
19374,uppdrag,Sammansatta utrikes- och försvarsutskottet,1995-10-26,0567603564903,0,UFöU,Ordförande,"",1995-12-06,19354
38325,uppdrag,Justitieutskottet,1994-10-11,0123939426106,0,JuU,Ledamot,"",1998-10-04,38319
15152,kammaruppdrag,"",1991-09-30,0998031180101,305,kam,Riksdagsledamot,Tjänstgörande,1994-10-03,15150
23573,uppdrag,Bostadsutskottet,2002-10-08,0103812031214,0,BoU,Ledamot,"",2006-10-02,23557
27442,uppdrag,Lagutskottet,2002-10-08,038604236714,0,LU,Suppleant,"",2006-10-02,27439
42505,uppdrag,Sammansatta utrikes- och försvarsutskottet,2020-03-26,086684470825,29,UFöU,Suppleant,"",2020-09-13,42483
21268,uppdrag,Socialutskottet,2010-10-12,0958776965517,8,SoU,Ledamot,"",2014-09-29,21258
29766,kammaruppdrag,Catharina Elmsäter-Svärd,2014-09-29,0210198640127,83,kam,Statsrådsersättare,Ersättare,2014-10-03,29762
18837,kammaruppdrag,"",2002-09-30,0802373156815,26,kam,Riksdagsledamot,Tjänstgörande,2006-10-02,18830
2565,uppdrag,Finansutskottet,1994-10-11,0766285636614,0,FiU,Suppleant,"",1995-01-18,2552
42445,uppdrag,Utbildningsutskottet,2020-03-18,0828721176319,37,UbU,Suppleant,"",2022-09-26,42425
39387,kammaruppdrag,"",2014-09-29,0974061238314,267,kam,Riksdagsledamot,Tjänstgörande,2018-09-24,39383
18754,uppdrag,Trafikutskottet,1991-10-15,0599003208801,0,TU,Suppleant,"",1994-10-02,18745
10728,uppdrag,Utbildningsutskottet,1989-10-04,0420946896300,0,UbU,Ledamot,"",1991-09-29,10722
53510,uppdrag,Miljö- och jordbruksutskottet,2025-12-12,0211757295524,19,MJU,Suppleant,"",2026-09-28,53492
26265,uppdrag,Sammansatta utrikes- och försvarsutskottet,2006-10-10,0637028706011,0,UFöU,Suppleant,"",2006-10-13,26243
15067,Riksdagsorgan,Utrikesnämnden,1994-10-18,0235331390700,0,UN,Suppleant,"",1996-11-08,15050
6370,kammaruppdrag,"",2010-10-06,0183788551910,18,kam,Riksdagsledamot,Tjänstgörande,2014-09-29,6367
7276,uppdrag,Sammansatta justitie- och socialutskottet,2006-02-09,0577400273410,0,JuSoU,Deputerad,"",2006-02-20,7261
10267,kammaruppdrag,"",1985-09-30,0227205756208,0,kam,Riksdagsledamot,Tjänstgörande,1987-04-26,10260
28468,uppdrag,Miljö- och jordbruksutskottet,2020-03-18,0409540163215,78,MJU,Suppleant,"",2022-09-26,28456
53896,Riksdagsorgan,Nordiska rådets svenska delegation,2025-10-15,0742883909221,7,NR,Suppleant,"",2026-10-31,53868
13376,uppdrag,Lagutskottet,1991-10-08,0336920874106,0,LU,Ledamot,"",1994-10-02,13353
28834,uppdrag,Socialförsäkringsutskottet,2020-03-18,0446541913415,100,SfU,Suppleant,"",2022-09-26,28817
46376,uppdrag,EU-nämnden,2018-10-09,0456680171315,48,EUN,Suppleant,"",2021-01-15,46349
21370,uppdrag,Sammansatta utrikes- och försvarsutskottet,2015-11-17,0573136138218,5,UFöU,Suppleant,"",2015-12-16,21330
48750,uppdrag,Näringsutskottet,2018-10-16,0229350341619,24,NU,Suppleant,"",2022-09-26,48734
20584,uppdrag,Utbildningsutskottet,2020-03-18,0161597857912,307,UbU,Suppleant,"",2022-09-26,20563
47405,uppdrag,Socialförsäkringsutskottet,2020-03-18,0204240926023,275,SfU,Suppleant,"",2022-09-26,47383
38504,uppdrag,Miljö- och jordbruksutskottet,2020-03-18,0526748040023,279,MJU,Suppleant,"",2022-09-26,38493
52967,uppdrag,Utrikesutskottet,2020-03-18,0861521539920,251,UU,Suppleant,"",2020-09-03,52939
48280,uppdrag,Justitieutskottet,2020-03-18,0616721755222,71,JuU,Suppleant,"",2020-04-30,48252
7075,uppdrag,Miljö- och jordbruksutskottet,2002-10-08,0195810270316,0,MJU,Suppleant,"",2006-10-02,7073
46864,uppdrag,Sammansatta utrikes- och försvarsutskottet,2014-11-20,0472349361027,17,UFöU,Suppleant,"",2014-12-17,46818
53649,uppdrag,Kulturutskottet,2018-10-02,0138741628520,10,KrU,Ledamot,"",2022-09-26,53633
32150,uppdrag,Utrikesutskottet,2020-03-18,0285527517421,254,UU,Suppleant,"",2020-09-03,32132
1143,Riksdagsorgan,Riksbanksfullmäktige,2014-10-14,0960030082916,5,RB,Suppleant,"",2018-10-09,1126
29884,kammaruppdrag,"",2014-09-29,0204443909416,244,kam,Riksdagsledamot,Tjänstgörande,2018-09-24,29878
34729,uppdrag,Utrikesutskottet,2020-03-18,0760500234712,197,UU,Suppleant,"",2020-09-03,34709
43679,kammaruppdrag,"Fredrik Schulte 2019-02-11 - 2019-07-01, Richard Herrey 2019-07-02 - 2019-09-09",2019-02-11,0604811710522,175,kam,Riksdagsledamot,Ledig,2019-09-09,43676
38245,kammaruppdrag,"",1991-09-30,0363228965800,17,kam,Riksdagsledamot,Tjänstgörande,1994-10-03,38238
46644,uppdrag,Miljö- och jordbruksutskottet,2020-03-18,069309987221,56,MJU,Suppleant,"",2022-09-26,46626
53895,uppdrag,EU-nämnden,2020-03-18,0742883909221,132,EUN,Suppleant,"",2022-10-04,53868
49343,kammaruppdrag,"Mattias Vepsä 2019-01-21 - 2019-07-14, Elsemarie Bjellqvist 2019-07-15 - 2019-09-05, Sultan Kayhan 2019-09-05 - 2020-03-08, Mattias Vepsä 2020-03-09 - 2022-01-31, Elsemarie Bjellqvist 2022-02-01 - 2022-06-06, Alexander Ojanne 2022-06-08 - 2022-09-26",2019-01-21,0744993950910,5,kam,Riksdagsledamot,Ledig,2022-09-26,49329
3666,uppdrag,Näringsutskottet,1995-10-11,0808145784313,0,NU,Suppleant,"",1998-10-04,3655
17477,uppdrag,Försvarsutskottet,1988-11-07,0880162479603,0,FöU,Suppleant,"",1991-09-29,17468
47636,uppdrag,Socialförsäkringsutskottet,2002-10-08,0583257327619,0,SfU,Suppleant,"",2006-10-02,47625
30629,uppdrag,Näringsutskottet,2014-11-05,0758652610,25,NU,Suppleant,"",2018-09-24,30612
3064,uppdrag,Justitieutskottet,1985-09-30,0815435847817,0,JuU,Ledamot,"",1986-10-07,3043
31143,uppdrag,Sammansatta utrikes- och försvarsutskottet,2017-05-02,0145294944502,13,UFöU,Deputerad,"",2017-06-14,31115
39421,Riksdagsorgan,Utrikesnämnden,2018-10-02,0974061238314,8,UN,Suppleant,"",2022-10-02,39383
46035,uppdrag,Socialförsäkringsutskottet,2017-05-08,0613297818326,1,SfU,Suppleant,"",2018-09-24,46009
23783,uppdrag,Sammansatta utrikes- och försvarsutskottet,2006-05-18,0548314774911,0,UFöU,Suppleant,"",2006-06-14,23764
21159,uppdrag,Finansutskottet,1979-10-01,031005479013,0,FiU,Suppleant,"",1982-10-03,21122
28545,uppdrag,Civilutskottet,2012-10-01,0541320528015,9,CU,Ledamot,"",2012-10-15,28513
19293,uppdrag,Sammansatta utrikes- och försvarsutskottet,2002-05-31,0928223863802,0,UFöU,Deputerad,"",2002-06-12,19279
40179,uppdrag,Socialutskottet,2020-03-18,0499755198526,197,SoU,Suppleant,"",2022-09-26,40163
52281,uppdrag,Utbildningsutskottet,2020-03-18,0594680769027,149,UbU,Suppleant,"",2022-09-26,52265
49484,uppdrag,Utrikesutskottet,2020-03-18,0776705932527,242,UU,Suppleant,"",2020-09-03,49461
25679,uppdrag,Finansutskottet,2014-12-15,0222691314314,2,FiU,Ledamot,"",2014-12-18,25650
52444,uppdrag,Försvarsutskottet,2022-10-04,0372414474424,11,FöU,Suppleant,"",2022-10-27,52434
15233,kammaruppdrag,"",2002-09-30,0470861746302,285,kam,Riksdagsledamot,Tjänstgörande,2006-10-02,15232
47124,uppdrag,Justitieutskottet,2021-10-13,0111479807829,1,JuU,Suppleant,"",2022-09-26,47113
53014,kammaruppdrag,"",2018-09-24,0903081277919,306,kam,Riksdagsledamot,Tjänstgörande,2022-09-26,53012
13033,uppdrag,Näringsutskottet,1998-10-13,0199809132302,0,NU,Ledamot,"",2002-09-30,13019
2846,kammaruppdrag,Kjell-Arne Welin 1994-02-07 - 1994-05-29,1994-02-07,0751995030915,170,kam,Riksdagsledamot,Ledig,1994-05-29,2844
31755,uppdrag,Socialförsäkringsutskottet,2020-03-18,064711971110,302,SfU,Suppleant,"",2022-09-26,31745
17608,Riksdagsorgan,Valprövningsnämnden,1998-12-01,0575413157004,0,VPN,Ledamot,"",2002-12-09,17586
50345,uppdrag,EU-nämnden,2019-05-10,019430605328,32,EUN,Suppleant,"",2022-10-04,50316
24206,kammaruppdrag,Stina Larsson 2020-04-07 - 2020-11-29  Föräldraledighet,2020-04-07,0884738092723,124,kam,Riksdagsledamot,Ledig,2020-11-29,24204
3258,uppdrag,Justitieutskottet,2007-11-12,0241675049710,16,JuU,Ledamot,"",2010-10-04,3252
41472,uppdrag,Utbildningsutskottet,2023-02-24,0985426914829,21,UbU,Suppleant,"",2026-09-28,41470
12765,uppdrag,Sammansatta utrikes- och försvarsutskottet,1998-10-05,0283299919701,0,UFöU,Deputerad,"",2002-09-30,12754
48866,uppdrag,Försvarsutskottet,2022-01-11,0462699892622,26,FöU,Suppleant,"",2022-09-26,48846
18133,kammaruppdrag,"",1994-10-08,0820673454606,47,kam,Riksdagsledamot,Tjänstgörande,1998-10-05,18129
44838,kammaruppdrag,"Fredrik Eriksson 2014-10-22 - 2014-12-21, Heidi Karlsson 2014-12-22 - 2015-03-31",2014-10-22,051207517226,290,kam,Riksdagsledamot,Ledig,2015-03-31,44833
29924,kammaruppdrag,Beatrice Ask,2010-10-04,072019517020,80,kam,Statsrådsersättare,Ersättare,2010-10-18,29915
44666,uppdrag,Försvarsutskottet,2023-03-23,0692076685824,29,FöU,Suppleant,"",2026-09-28,44657
37477,uppdrag,Försvarsutskottet,2020-03-18,0509415296421,264,FöU,Suppleant,"",2020-09-03,37457
1142,uppdrag,Lagutskottet,1995-01-26,0960030082916,0,LU,Suppleant,"",1998-10-04,1126
40536,uppdrag,Lagutskottet,1994-10-11,0447198048312,0,LU,Suppleant,"",1998-10-04,40511
43241,uppdrag,Arbetsmarknadsutskottet,2020-03-18,0796312429425,88,AU,Suppleant,"",2022-09-26,43231
22836,uppdrag,Sammansatta utrikes- och försvarsutskottet,2006-10-10,0205360448417,0,UFöU,Deputerad,"",2006-10-13,22819
3739,uppdrag,Trafikutskottet,2000-02-01,0534056896314,0,TU,Ledamot,"",2002-09-29,3723
17706,uppdrag,Lagutskottet,2002-10-08,019623784404,0,LU,Ledamot,"",2006-10-02,17701
53968,uppdrag,Justitieutskottet,2026-01-13,0427836082425,0,JuU,Extra suppleant,"",2026-02-15,53966
14471,kammaruppdrag,"",1979-10-01,0664751846104,0,kam,Riksdagsledamot,Tjänstgörande,1982-10-04,14463
27676,uppdrag,Försvarsutskottet,2018-10-02,0262017901513,2,FöU,Ledamot,"",2018-10-02,27661
8286,kammaruppdrag,"",1976-10-04,0802410630201,0,kam,Riksdagsledamot,Tjänstgörande,1979-10-01,8280
42250,uppdrag,Skatteutskottet,2020-03-18,0706528359123,187,SkU,Suppleant,"",2022-09-26,42233
6795,uppdrag,Sammansatta utrikes- och försvarsutskottet,2005-11-22,042839539117,0,UFöU,Deputerad,"",2005-12-07,6776
30580,Departement,Näringsdepartementet,2015-01-01,0781357446917,8,N,Statsråd,"",2016-05-25,30577
43346,uppdrag,Skatteutskottet,2022-10-12,0514669448526,23,SkU,Suppleant,"",2024-12-02,43342
30376,uppdrag,Skatteutskottet,2019-04-03,0208558695314,26,SkU,Suppleant,"",2021-08-31,30363
27017,kammaruppdrag,"",1994-10-03,0747552775209,240,kam,Riksdagsledamot,Tjänstgörande,1998-10-05,27016
24313,uppdrag,Näringsutskottet,2020-03-18,0873650166625,212,NU,Suppleant,"",2021-06-30,24304
2916,uppdrag,Trafikutskottet,1995-10-11,0913965980315,0,TU,Ledamot,"",1998-10-04,2899
5152,kammaruppdrag,Patrik Forslund,2010-01-11,0977557986415,134,kam,Ersättare,Ersättare,2010-04-05,5151
47431,Riksdagsorgan,Riksdagens delegation till OSSE:s parlamentariska församling,2023-05-22,0204240926023,5,OSSE,Ledamot,"",2026-10-13,47383
21451,kammaruppdrag,"",2014-09-29,0365797008114,241,kam,Riksdagsledamot,Tjänstgörande,2018-09-24,21450
15644,Riksdagsorgan,Fullmäktige i riksgäldskontoret,1985-09-30,0841802782704,0,RGK,Ledamot,"",1988-10-03,15623
13609,uppdrag,Miljö- och jordbruksutskottet,1991-09-30,0683260207407,0,MJU,Suppleant,"",1991-10-04,13592
31716,kammaruppdrag,Christer Erlandsson 2006-05-31 - 2006-08-31,2006-05-31,0837501934208,41,kam,Riksdagsledamot,Ledig,2006-08-31,31714
44690,uppdrag,EU-nämnden,2022-11-17,0692076685824,75,EUN,Suppleant,"",2026-09-28,44657
27792,uppdrag,Sammansatta utrikes- och försvarsutskottet,2004-05-11,0252067342313,0,UFöU,Suppleant,"",2004-05-26,27733
16300,Riksdagsorgan,Krigsdelegationen,2002-10-15,0745549193810,0,KD,Ledamot,"",2006-10-16,16272
48006,uppdrag,Socialförsäkringsutskottet,2023-01-19,0992420223820,3,SfU,Ledamot,"",2023-08-13,47992
24364,uppdrag,Miljö- och jordbruksutskottet,2020-03-18,0691264514114,139,MJU,Suppleant,"",2022-09-26,24352
37865,uppdrag,Lagutskottet,2002-10-08,0446973363306,0,LU,Suppleant,"",2006-10-02,37852
53193,uppdrag,Civilutskottet,2021-09-17,0986091320811,113,CU,Suppleant,"",2022-09-26,53184
53792,uppdrag,Utrikesutskottet,2024-09-11,0831636664429,19,UU,Suppleant,"",2025-09-11,53780
44524,partiuppdrag,Miljöpartiet de gröna,2023-09-04,0819601620927,0,MP,Förste vice gruppledare,"",2024-06-14,44523
14223,uppdrag,Socialutskottet,1989-10-04,0447050635303,0,SoU,Suppleant,"",1991-09-29,14220
43475,kammaruppdrag,"",2002-09-30,0257612529618,231,kam,Riksdagsledamot,Tjänstgörande,2006-10-02,43468
21624,uppdrag,EU-nämnden,2010-11-17,0105797223918,36,EUN,Suppleant,"",2014-10-07,21614
14979,uppdrag,Försvarsutskottet,2002-10-15,0462541496508,0,FöU,Suppleant,"",2006-10-02,14975
23327,uppdrag,Arbetsmarknadsutskottet,2016-01-20,0925451929216,24,AU,Suppleant,"",2018-09-24,23323
3044,Riksdagsorgan,EG-delegationen,1994-10-11,0815435847817,0,EG,Suppleant,"",1994-12-31,3043
8957,kammaruppdrag,Mikael Sandström,2010-10-06,0135054091316,248,kam,Ersättare,Ersättare,2012-03-18,8953
51208,Riksdagsorgan,Styrelsen för Stiftelsen Riksbankens Jubileumsfond,2022-11-01,0412148992926,1,RJ,Personlig suppleant,"",2024-10-31,51177
24773,uppdrag,Kulturutskottet,2014-10-07,0381918573217,11,KrU,Suppleant,"",2018-09-24,24769
28950,partiuppdrag,Centerpartiet,2006-10-11,0962841101917,0,C,Förste vice gruppledare,"",2010-10-04,28949
30818,uppdrag,Sammansatta utrikes- och försvarsutskottet,2015-11-17,0277648711624,12,UFöU,Suppleant,"",2015-12-16,30790
15095,Riksdagsorgan,Valberedningen,2002-09-30,0203071331400,0,VB,Suppleant,"",2006-10-02,15082
6641,Riksdagsorgan,Riksdagsstyrelsen,2000-07-01,0505599928316,0,RS,Suppleant,"",2002-09-30,6624
45021,Riksdagsorgan,Krigsdelegationen,2022-10-11,0853395328224,6,KD,Ledamot,"",2026-10-13,44993
553,uppdrag,Finansutskottet,2000-06-15,0507199415917,0,FiU,Suppleant,"",2002-09-23,544
14953,uppdrag,Arbetsmarknadsutskottet,1992-03-09,0393171737407,0,AU,Suppleant,"",1992-05-15,14942
40146,uppdrag,Trafikutskottet,2007-09-26,0973474532717,26,TU,Ledamot,"",2007-12-31,40121
19165,uppdrag,Försvarsutskottet,1998-10-13,0785143384002,0,FöU,Ledamot,"",2002-09-29,19156
39648,uppdrag,EU-nämnden,2018-10-09,0630824497414,33,EUN,Suppleant,"",2019-02-14,39624
8481,Riksdagsorgan,Riksdagens delegation till Interparlamentariska unionen,2004-04-14,0222234581210,0,IPU,Suppleant,"",2006-12-12,8469
5120,uppdrag,Trafikutskottet,2006-10-10,0556347007015,14,TU,Ledamot,"",2010-10-04,5116
53437,uppdrag,Utrikesutskottet,2018-10-02,0338088431726,15,UU,Suppleant,"",2020-09-06,53409
15552,kammaruppdrag,"",1991-10-08,0263142725304,0,kam,Ersättare,Ersättare,1994-06-11,15549
42731,kammaruppdrag,Robert Hannah,2019-03-13,0376461485627,191,kam,Ersättare,Ersättare,2019-05-16,42730
48097,Departement,Utbildningsdepartementet,2025-09-09,0277853016020,23,U,Utbildnings- och integrationsminister,"",2026-10-02,48096
42765,Riksdagsorgan,Nordiska rådets svenska delegation,2025-09-18,091303475611,1,NR,Suppleant,"",2025-10-15,42742
10670,uppdrag,Utbildningsutskottet,1988-10-11,0744066990009,0,UbU,Suppleant,"",1989-10-04,10667
44056,uppdrag,Socialutskottet,2020-03-18,0223069839622,102,SoU,Suppleant,"",2022-09-26,44034
8761,kammaruppdrag,"",2006-10-02,0705556766027,333,kam,Riksdagsledamot,Tjänstgörande,2007-11-13,8760
42322,uppdrag,Socialförsäkringsutskottet,2018-10-02,0494242537816,12,SfU,Ledamot,"",2022-09-26,42311
2279,uppdrag,Arbetsmarknadsutskottet,2002-10-08,0700714424203,0,AU,Suppleant,"",2006-10-02,2272
28091,kammaruppdrag,"",2018-09-24,0547818628111,10,kam,Riksdagsledamot,Tjänstgörande,2022-09-26,28090
8821,uppdrag,Försvarsutskottet,2008-10-01,0970607693429,0,FöU,Suppleant,"",2009-01-13,8817
1811,uppdrag,Kulturutskottet,1994-10-11,0428644311601,0,KrU,Suppleant,"",1996-04-17,1802
53018,uppdrag,Skatteutskottet,2022-10-04,0903081277919,14,SkU,Suppleant,"",2025-12-11,53012
9127,kammaruppdrag,"",1991-09-30,0432629750500,226,kam,Riksdagsledamot,Tjänstgörande,1994-10-03,9125
15118,Riksdagsorgan,Krigsdelegationen,1993-10-07,0332721987700,0,KD,Ledamot,"",1994-10-03,15100
1820,uppdrag,Konstitutionsutskottet,2003-10-03,0346261747912,0,KU,Suppleant,"",2006-10-02,1814
53727,Riksdagsorgan,Utrikesnämnden,2025-09-01,0602744999917,6,UN,Ledamot,"",2026-10-06,53714
19691,kammaruppdrag,"Marianne Nilsson 1998-10-07 - 2000-07-31, Anders Bengtsson 2000-08-01 - 2002-01-30",1998-10-07,0746654685605,179,kam,Riksdagsledamot,Ledig,2002-01-30,19690
39244,uppdrag,Försvarsutskottet,2022-10-04,0772402807013,1,FöU,Vice ordförande,"",2023-11-28,39236
3456,uppdrag,Miljö- och jordbruksutskottet,2006-10-10,0463955388312,3,MJU,Ledamot,"",2010-10-04,3450
23393,kammaruppdrag,"",2014-09-29,0910241260018,184,kam,Riksdagsledamot,Tjänstgörande,2018-09-24,23392
18284,uppdrag,EU-nämnden,1995-10-10,0209063197208,0,EUN,Suppleant,"",1998-10-05,18258
14040,Riksdagsorgan,Nordiska rådets svenska delegation,1998-10-20,0638330195202,0,NR,Ledamot,"",2002-09-30,14023
37374,uppdrag,Arbetsmarknadsutskottet,2020-03-20,0281670919717,293,AU,Suppleant,"",2022-09-26,37370
15965,Riksdagsorgan,Nordiska rådets svenska delegation,1994-10-18,0229002789006,0,NR,Suppleant,"",1995-11-07,15931
44544,uppdrag,Socialförsäkringsutskottet,2024-01-01,0819601620927,23,SfU,Suppleant,"",2026-09-28,44523
53508,uppdrag,Näringsutskottet,2025-03-18,0211757295524,5,NU,Ledamot,"",2026-09-28,53492
7114,uppdrag,Kulturutskottet,1995-10-11,0422439378601,0,KrU,Suppleant,"",1995-10-31,7104
52454,uppdrag,Trafikutskottet,2025-11-27,0358514648113,15,TU,Ledamot,"",2026-03-30,52451
49116,uppdrag,Trafikutskottet,2022-10-04,0737666060225,10,TU,Suppleant,"",2025-10-01,49111
4177,kammaruppdrag,"",1985-09-30,0402521607405,0,kam,Riksdagsledamot,Tjänstgörande,1988-10-03,4175
38141,kammaruppdrag,"",1994-10-03,0489462966700,281,kam,Riksdagsledamot,Tjänstgörande,1998-10-05,38139
48762,uppdrag,EU-nämnden,2018-10-16,0229350341619,63,EUN,Suppleant,"",2019-03-08,48734
16549,kammaruppdrag,Göran Magnusson 1984-10-03 - 1985-09-30,1985-09-30,0439752610809,0,kam,Riksdagsledamot,Tjänstgörande,1988-10-03,16542
35541,uppdrag,Sammansatta utrikes- och försvarsutskottet,2024-11-05,0254161225015,5,UFöU,Deputerad,"",2024-11-25,35531
15658,kammaruppdrag,"",1991-09-30,0214302391005,336,kam,Riksdagsledamot,Tjänstgörande,1994-10-03,15655
17107,kammaruppdrag,"",1994-10-03,0181942435301,41,kam,Riksdagsledamot,Tjänstgörande,1994-10-07,17096
46829,kammaruppdrag,"",2014-09-29,0472349361027,347,kam,Riksdagsledamot,Tjänstgörande,2018-09-24,46818
9319,kammaruppdrag,"",2000-12-19,0954999878706,216,kam,Riksdagsledamot,Tjänstgörande,2002-09-30,9318
2292,Departement,Finansdepartementet,1994-10-07,0825004049003,0,Fi,Finansminister,"",1996-03-22,2291
19035,kammaruppdrag,"",1985-09-30,0618583795602,0,kam,Riksdagsledamot,Tjänstgörande,1988-10-03,19029
45879,uppdrag,Arbetsmarknadsutskottet,2020-03-18,0540190357911,163,AU,Suppleant,"",2022-09-26,45870
45908,Riksdagsorgan,Ledamotsrådet,2010-10-13,0540190357911,1,LR,Ledamot,"",2014-10-13,45870
23738,Departement,Arbetsmarknadsdepartementet,2010-10-06,0275724540919,18,A,Statsråd,"",2014-10-03,23735
26761,uppdrag,Trafikutskottet,1994-10-11,0321680964806,0,TU,Suppleant,"",1995-01-15,26752
43696,uppdrag,Socialförsäkringsutskottet,2020-03-18,0604811710522,46,SfU,Suppleant,"",2022-09-26,43676
40590,kammaruppdrag,Willemo Carlsson 2008-11-01 - 2009-04-30,2008-11-01,0476336341120,291,kam,Riksdagsledamot,Ledig,2009-04-30,40571
50914,uppdrag,Sammansatta utrikes- och försvarsutskottet,2024-05-23,0973782197017,13,UFöU,Suppleant,"",2024-06-18,50869
45989,Riksdagsorgan,Krigsdelegationen,2010-10-19,0700424025906,49,KD,Ledamot,"",2012-05-07,45954
1889,uppdrag,Socialförsäkringsutskottet,1998-10-13,0591624095901,0,SfU,Suppleant,"",2002-09-30,1881
21363,uppdrag,Trafikutskottet,1992-11-26,0573136138218,0,TU,Suppleant,"",1992-12-31,21330
25204,uppdrag,Utrikesutskottet,2019-02-07,0640627133410,22,UU,Suppleant,"",2022-09-26,25188
4936,Riksdagsorgan,Valberedningen,2003-12-08,0483316376813,0,VB,Ledamot,"",2006-10-06,4907
51329,kammaruppdrag,"",2018-09-24,0800956862429,242,kam,Riksdagsledamot,Tjänstgörande,2022-09-26,51326
11461,kammaruppdrag,"",1994-10-03,0281408160607,71,kam,Riksdagsledamot,Tjänstgörande,1998-10-05,11455
24944,kammaruppdrag,"",2010-10-04,0697941234716,271,kam,Riksdagsledamot,Tjänstgörande,2013-05-01,24938
17915,kammaruppdrag,Ulf Adelsohn,1987-04-29,0153923606405,0,kam,Ersättare,Ersättare,1987-06-02,17908
39175,uppdrag,Justitieutskottet,2020-01-16,0828001951212,17,JuU,Vice ordförande,"",2020-03-18,39150
30736,uppdrag,Socialutskottet,2019-01-23,0704744533715,16,SoU,Ledamot,"",2021-02-25,30718
881,kammaruppdrag,"",1979-10-01,0225608811605,0,kam,Riksdagsledamot,Tjänstgörande,1982-10-04,878
23005,kammaruppdrag,Annie Lööf,2011-09-30,0397377293714,324,kam,Statsrådsersättare,Ersättare,2014-09-29,23001
39645,uppdrag,Skatteutskottet,2006-10-10,0630824497414,1,SkU,Suppleant,"",2009-10-16,39624
28977,uppdrag,Kulturutskottet,2010-10-12,0962841101917,11,KrU,Suppleant,"",2014-09-29,28949
40102,kammaruppdrag,"",2022-10-12,0678597762924,317,kam,Riksdagsledamot,Tjänstgörande,2026-09-28,40101
51591,uppdrag,Sammansatta utrikes- och försvarsutskottet,2015-04-14,0155487380917,9,UFöU,Deputerad,"",2015-06-16,51539
52531,uppdrag,Utrikesutskottet,2015-12-15,0932000030511,30,UU,Suppleant,"",2018-01-19,52507
25903,uppdrag,Skatteutskottet,2020-03-18,0341628241813,191,SkU,Suppleant,"",2022-09-26,25889
43027,Riksdagsorgan,Riksdagens styrgrupp för det bilaterala demokratifrämjande samarbetet,2022-10-27,0122987223112,6,DEM,Ledamot,"",2026-10-27,42991
19381,Riksdagsorgan,Utrikesnämnden,1995-11-06,0567603564903,0,UN,Ledamot,"",1998-10-05,19354
16640,uppdrag,Skatteutskottet,1994-10-11,0823142696709,0,SkU,Ledamot,"",1998-10-04,16632
28358,uppdrag,Skatteutskottet,2020-03-18,0415959965211,238,SkU,Suppleant,"",2022-05-05,28341
4837,kammaruppdrag,"",1994-10-03,0871076471012,130,kam,Riksdagsledamot,Tjänstgörande,1998-10-05,4834
30267,uppdrag,Socialförsäkringsutskottet,2012-11-22,0204494765606,13,SfU,Suppleant,"",2014-09-29,30245
49294,kammaruppdrag,"",2014-09-29,0339894357417,188,kam,Riksdagsledamot,Tjänstgörande,2018-09-24,49284
1442,kammaruppdrag,"",1991-09-30,0209004049600,151,kam,Riksdagsledamot,Tjänstgörande,1994-10-03,1441
21938,uppdrag,Kulturutskottet,2014-10-07,0731442709013,14,KrU,Suppleant,"",2018-09-24,21913
31428,Riksdagsorgan,Riksdagsstyrelsen,2021-02-25,0334816698724,6,RS,Ersättare,"",2022-01-10,31402
42794,uppdrag,Miljö- och jordbruksutskottet,2018-10-02,0203877548421,11,MJU,Ledamot,"",2022-09-26,42790
11846,kammaruppdrag,"",1982-10-04,0145888252000,0,kam,Riksdagsledamot,Tjänstgörande,1982-11-14,11831
31243,uppdrag,Trafikutskottet,2014-10-07,0656591334119,13,TU,Ledamot,"",2018-09-24,31241
39755,Departement,Utrikesdepartementet,2021-07-09,0828690288413,18,UD,Statsråd,"",2021-11-30,39752
43898,uppdrag,Näringsutskottet,2017-10-13,049290762318,28,NU,Suppleant,"",2018-09-24,43878
24000,uppdrag,Socialförsäkringsutskottet,2010-10-12,0788526088220,15,SfU,Ledamot,"",2014-09-29,23993
52483,kammaruppdrag,"",2024-08-20,0410231576416,15,kam,Riksdagsledamot,Tjänstgörande,2026-09-28,52482
12866,kammaruppdrag,"",1998-10-05,0695579897102,175,kam,Riksdagsledamot,Tjänstgörande,2002-09-30,12865
47339,kammaruppdrag,Mats Sander 2020-11-02 - 2021-05-02,2020-11-02,0764949934324,295,kam,Riksdagsledamot,Ledig,2021-05-02,47331
26171,kammaruppdrag,"",1991-09-30,0944338157703,179,kam,Riksdagsledamot,Tjänstgörande,1994-10-03,26168
22665,uppdrag,Sammansatta utrikes- och försvarsutskottet,2018-05-15,0558039843819,11,UFöU,Suppleant,"",2018-06-14,22650
30175,uppdrag,Sammansatta utrikes- och försvarsutskottet,2016-11-15,0173946230722,12,UFöU,Deputerad,"",2016-12-14,30167
4493,Riksdagsorgan,Riksdagens delegation till Interparlamentariska unionen,1991-11-19,0156214148697,0,IPU,Ordförande,"",1994-10-03,4486
44271,kammaruppdrag,Nermina Mizimovic 2020-09-08 - 2020-12-01,2020-09-08,0457722435319,61,kam,Riksdagsledamot,Ledig,2020-12-01,44266
44000,uppdrag,Försvarsutskottet,2019-02-07,0744139167426,26,FöU,Suppleant,"",2022-01-11,43967
21018,kammaruppdrag,"",1994-10-03,0235974887200,322,kam,Riksdagsledamot,Tjänstgörande,1998-10-05,21011
47610,uppdrag,Finansutskottet,2022-01-11,0389795960120,321,FiU,Suppleant,"",2022-09-26,47605
23409,uppdrag,Socialutskottet,1998-10-13,0910241260018,0,SoU,Suppleant,"",2002-09-30,23392
22167,uppdrag,Sammansatta utrikes- och försvarsutskottet,2015-11-17,0529103571012,2,UFöU,Suppleant,"",2015-12-16,22142
22838,uppdrag,Sammansatta utrikes- och försvarsutskottet,2005-11-22,0205360448417,0,UFöU,Deputerad,"",2005-12-07,22819
48074,kammaruppdrag,Marianne Åhman 2011-04-27 - 2011-10-28,2011-04-27,0125036219125,102,kam,Riksdagsledamot,Ledig,2011-10-28,48068
45166,uppdrag,Utrikesutskottet,2020-03-18,0378597308227,304,UU,Suppleant,"",2020-09-03,45145
23490,uppdrag,Bostadsutskottet,1998-10-13,0938901612810,0,BoU,Suppleant,"",2001-03-08,23468
44871,Departement,Statsrådsberedningen,2021-11-30,098412828516,1,SB,Statsminister,"",2022-10-18,44856
10723,kammaruppdrag,"",1988-10-03,0420946896300,57,kam,Riksdagsledamot,Tjänstgörande,1991-09-30,10722
27455,uppdrag,Kulturutskottet,2005-01-01,0280164118408,0,KrU,Suppleant,"",2006-10-02,27449
1271,kammaruppdrag,"",1988-10-03,0636794729408,312,kam,Riksdagsledamot,Tjänstgörande,1991-09-30,1264
39273,uppdrag,Sammansatta utrikes- och försvarsutskottet,2010-11-23,0772402807013,16,UFöU,Suppleant,"",2010-12-15,39236
4563,uppdrag,Skatteutskottet,1994-10-11,0435526123410,0,SkU,Ledamot,"",1998-10-04,4555
15789,uppdrag,Trafikutskottet,1995-01-26,0634122058105,0,TU,Suppleant,"",1995-10-10,15778
40523,kammaruppdrag,"",1994-10-03,0447198048312,337,kam,Riksdagsledamot,Tjänstgörande,1998-10-05,40511
30261,uppdrag,Försvarsutskottet,2020-03-18,0204494765606,91,FöU,Suppleant,"",2020-09-03,30245
3820,kammaruppdrag,"",1988-10-03,0272316208815,261,kam,Riksdagsledamot,Tjänstgörande,1991-09-30,3814
54020,uppdrag,Försvarsutskottet,2025-02-14,0930305890123,5,FöU,Suppleant,"",2025-03-14,54008
22897,uppdrag,Konstitutionsutskottet,2018-01-19,0732677378827,7,KU,Ledamot,"",2018-09-24,22866
8894,uppdrag,Utbildningsutskottet,2002-10-08,0691468495629,0,UbU,Suppleant,"",2006-10-02,8891
42236,kammaruppdrag,Sven-Erik Bucht,2018-09-24,0706528359123,312,kam,Statsrådsersättare,Ersättare,2019-01-21,42233
51595,uppdrag,Sammansatta utrikes- och försvarsutskottet,2013-04-23,0155487380917,11,UFöU,Deputerad,"",2013-06-18,51539
38196,uppdrag,Arbetsmarknadsutskottet,1982-10-04,0872218435908,0,AU,Ledamot,"",1985-09-29,38176
41869,uppdrag,Försvarsutskottet,2020-03-18,0980681611418,82,FöU,Suppleant,"",2020-09-06,41844
41078,uppdrag,Finansutskottet,2019-02-13,0316505710324,26,FiU,Suppleant,"",2021-02-11,41043
47712,uppdrag,Sammansatta utrikes- och försvarsutskottet,2018-11-15,0642224351118,2,UFöU,Suppleant,"",2018-12-05,47671
45730,kammaruppdrag,"",1998-10-05,0284192765516,121,kam,Riksdagsledamot,Tjänstgörande,2002-09-30,45710
14068,uppdrag,Utrikesutskottet,1994-10-12,018160186302,0,UU,Vice ordförande,"",1995-01-01,14054
8352,kammaruppdrag,Bo Finnkvist,1996-07-01,0484493492213,253,kam,Ersättare,Ersättare,1996-08-31,8351
24081,uppdrag,Arbetsmarknadsutskottet,2020-03-20,0787535945527,286,AU,Suppleant,"",2022-09-26,24078
51503,uppdrag,EU-nämnden,2022-05-04,0682989845822,65,EUN,Suppleant,"",2022-10-04,51463
38827,Riksdagsorgan,Riksdagens råd för Riksrevisionen,2022-10-27,0557180142229,2,RRR,Ledamot,"",2026-10-27,38826
26520,kammaruppdrag,"",1979-10-01,0213606215200,0,kam,Riksdagsledamot,Tjänstgörande,1982-10-04,26515
42413,uppdrag,Justitieutskottet,2024-05-17,0210444373111,25,JuU,Suppleant,"",2024-09-19,42403
26233,kammaruppdrag,"",2004-09-15,0328926898814,296,kam,Riksdagsledamot,Tjänstgörande,2006-10-02,26231
24538,uppdrag,Konstitutionsutskottet,2016-11-23,0373223420310,28,KU,Suppleant,"",2018-09-24,24535
28394,uppdrag,Utbildningsutskottet,2014-10-07,0480339311713,16,UbU,Ledamot,"",2018-09-24,28389
44930,talmansuppdrag,"",2022-09-26,0638497389621,0,kam,Andre vice talman,"",2026-09-28,44927
42779,kammaruppdrag,Anna-Lena Hedberg,2025-01-13,0998575875190,164,kam,Ersättare,Ersättare,2025-02-16,42777
44491,uppdrag,Civilutskottet,2017-03-02,0612916684825,1,CU,Ledamot,"",2017-06-30,44460
49828,uppdrag,Miljö- och jordbruksutskottet,2018-10-02,0720250789315,11,MJU,Suppleant,"",2022-09-26,49818
35725,kammaruppdrag,"Osama Ali Maher 2006-10-06 - 2007-02-15, Staffan Appelros 2007-02-16 - 2010-10-04",2006-10-06,0956595590924,122,kam,Riksdagsledamot,Ledig,2010-10-04,35711
37758,uppdrag,Konstitutionsutskottet,2020-03-18,0237055280513,308,KU,Suppleant,"",2020-09-03,37734
50596,uppdrag,Näringsutskottet,2020-03-18,0628005785225,37,NU,Suppleant,"",2022-09-26,50580
10910,kammaruppdrag,"",1988-10-03,0371147794304,199,kam,Riksdagsledamot,Tjänstgörande,1991-09-30,10909
6635,uppdrag,Skatteutskottet,1991-10-08,0505599928316,0,SkU,Ledamot,"",1994-10-02,6624
40289,kammaruppdrag,"",2022-09-26,0466653728712,271,kam,Riksdagsledamot,Tjänstgörande,2026-09-28,40288
3643,uppdrag,Socialutskottet,2002-10-08,0468775142013,0,SoU,Suppleant,"",2006-10-02,3631
2483,kammaruppdrag,"",2002-12-15,0529963707818,112,kam,Riksdagsledamot,Tjänstgörande,2005-07-31,2480
50128,kammaruppdrag,"",2018-09-24,0376395541120,220,kam,Riksdagsledamot,Tjänstgörande,2022-04-18,50121
29889,uppdrag,Civilutskottet,2020-03-18,0204443909416,109,CU,Suppleant,"",2022-09-26,29878
2451,uppdrag,Trafikutskottet,2002-10-08,0575745085214,0,TU,Suppleant,"",2006-10-02,2446
51959,uppdrag,Finansutskottet,2020-03-20,0452755722723,273,FiU,Suppleant,"",2022-09-26,51945
10774,uppdrag,Trafikutskottet,1991-10-08,0493166969401,0,TU,Suppleant,"",1994-10-02,10767
21423,Riksdagsorgan,Nordiska rådets svenska delegation,2017-09-28,0535526562910,14,NR,Ledamot,"",2018-09-24,21392
20013,uppdrag,Finansutskottet,1994-10-11,0500493436208,0,FiU,Ledamot,"",1994-10-20,20004
8613,kammaruppdrag,"",2006-10-02,0916145693524,199,kam,Riksdagsledamot,Tjänstgörande,2010-10-04,8611
22478,kammaruppdrag,"",2004-11-01,0658668232410,73,kam,Riksdagsledamot,Tjänstgörande,2006-10-02,22474
51384,partiuppdrag,Socialdemokraterna,2019-02-07,0667220767927,0,S,Förste vice gruppledare,"",2022-09-26,51383
17321,uppdrag,Sammansatta konstitutions- och utrikesutskottet,2001-10-16,0739152363302,0,KUU,Deputerad,"",2001-12-06,17286
51599,uppdrag,Sammansatta utrikes- och försvarsutskottet,2011-09-20,0155487380917,11,UFöU,Deputerad,"",2011-09-21,51539
16759,uppdrag,Näringsutskottet,1995-01-19,013322783509,0,NU,Ledamot,"",1995-10-10,16748
8939,uppdrag,Arbetsmarknadsutskottet,2012-04-20,0538982776628,28,AU,Suppleant,"",2014-09-29,8936
30423,uppdrag,Utbildningsutskottet,2020-03-18,0313210809828,118,UbU,Suppleant,"",2021-09-13,30406
11989,kammaruppdrag,"",1990-01-12,0288808902002,34,kam,Riksdagsledamot,Tjänstgörande,1990-06-30,11988
53225,kammaruppdrag,"",2026-06-23,0662032691523,229,kam,Riksdagsledamot,Tjänstgörande,2026-09-28,53224
52486,uppdrag,Trafikutskottet,2022-10-27,0410231576416,3,TU,Suppleant,"",2026-09-28,52482
47489,uppdrag,Sammansatta utrikes- och försvarsutskottet,2019-11-14,0665485817222,7,UFöU,Deputerad,"",2019-12-17,47445
50191,uppdrag,Finansutskottet,2020-03-18,0418929039326,204,FiU,Suppleant,"",2022-09-26,50178
7336,kammaruppdrag,"",2010-10-04,0537400268911,251,kam,Riksdagsledamot,Tjänstgörande,2014-09-29,7330
47877,uppdrag,Utbildningsutskottet,2020-03-18,0572788110724,71,UbU,Suppleant,"",2022-09-26,47855
4253,kammaruppdrag,"",1981-11-16,0387691310906,0,kam,Riksdagsledamot,Tjänstgörande,1982-10-04,4244
13192,kammaruppdrag,"",1985-09-30,0510160730305,0,kam,Riksdagsledamot,Tjänstgörande,1988-10-03,13191
6436,kammaruppdrag,"",1994-10-03,0477298899511,97,kam,Riksdagsledamot,Tjänstgörande,1998-05-31,6435
45158,uppdrag,Kulturutskottet,2020-03-18,0378597308227,305,KrU,Suppleant,"",2022-09-26,45145
39701,uppdrag,Socialförsäkringsutskottet,2019-01-16,0895706637124,29,SfU,Suppleant,"",2019-06-19,39694
27547,Riksdagsorgan,Riksdagens delegation till Europarådets parlamentariska församling,2006-11-01,0787533297400,0,ER,Ledamot,"",2006-12-05,27521
47826,uppdrag,Finansutskottet,2020-03-18,0493288854424,88,FiU,Suppleant,"",2022-09-26,47812
25245,uppdrag,Civilutskottet,2020-03-18,0598792324417,58,CU,Suppleant,"",2022-09-26,25242
51845,uppdrag,Socialutskottet,2020-03-18,0411459873625,227,SoU,Suppleant,"",2022-09-26,51826
3371,uppdrag,Skatteutskottet,1998-10-13,0368245926011,0,SkU,Suppleant,"",2002-09-30,3364
7537,Riksdagsorgan,Riksbanksfullmäktige,2010-10-19,0135730306412,2,RB,Suppleant,"",2011-05-03,7499
22350,Riksdagsorgan,Nordiska rådets svenska delegation,2012-10-04,0193378456716,20,NR,Suppleant,"",2013-09-16,22331
42576,kammaruppdrag,"",2022-09-26,0389220391128,249,kam,Riksdagsledamot,Tjänstgörande,2024-04-01,42573
34675,kammaruppdrag,Niels Paarup-Petersen,2024-01-10,0307835692938,62,kam,Ersättare,Ersättare,2024-06-23,34674
41644,uppdrag,Trafikutskottet,2020-03-18,025877594729,86,TU,Suppleant,"",2022-09-26,41628
13757,uppdrag,Finansutskottet,1993-10-07,0970500642209,0,FiU,Suppleant,"",1994-10-02,13750
20605,uppdrag,Socialförsäkringsutskottet,1994-10-11,0161597857912,0,SfU,Suppleant,"",1998-10-04,20563
18009,uppdrag,EES-utskottet,1992-05-26,0193303720505,0,EU,Suppleant,"",1993-06-04,17967
26799,uppdrag,Arbetsmarknadsutskottet,1994-10-12,088849148003,0,AU,Vice ordförande,"",1998-10-04,26784
12660,kammaruppdrag,"",1979-10-01,0502353466300,0,kam,Riksdagsledamot,Tjänstgörande,1982-10-04,12652
43116,uppdrag,EU-nämnden,2022-03-07,0926214745119,18,EUN,Suppleant,"",2022-10-04,43085
7614,uppdrag,Skatteutskottet,1998-10-13,0957631371811,0,SkU,Suppleant,"",2000-09-19,7603
42860,uppdrag,Socialförsäkringsutskottet,2015-05-08,0992473266516,29,SfU,Suppleant,"",2018-09-24,42827
20905,kammaruppdrag,"",1985-09-30,0126076270500,0,kam,Riksdagsledamot,Tjänstgörande,1988-10-03,20902
42195,kammaruppdrag,Åsa Hartzell 2024-09-10 - 2024-12-20,2024-09-10,0503029811325,128,kam,Riksdagsledamot,Ledig,2024-12-20,42193
50394,uppdrag,Civilutskottet,2025-10-24,0727772954327,3,CU,Suppleant,"",2026-09-28,50392
39791,Riksdagsorgan,Nordiska rådets svenska delegation,2017-09-28,012053331219,2,NR,Suppleant,"",2017-11-22,39764
49776,uppdrag,Utrikesutskottet,2020-03-18,0502688311316,134,UU,Suppleant,"",2020-09-03,49753
31756,uppdrag,Skatteutskottet,2020-03-18,064711971110,301,SkU,Suppleant,"",2022-09-26,31745
4522,uppdrag,Sammansatta utrikes- och försvarsutskottet,2004-10-19,0599736947819,0,UFöU,Suppleant,"",2004-12-15,4505
11807,kammaruppdrag,Sven-Åke Nygårds 1987-10-06 - 1988-10-03,1988-10-03,0905188835300,7,kam,Riksdagsledamot,Tjänstgörande,1988-11-07,11802
931,Riksdagsorgan,Krigsdelegationen,2002-10-15,0537484650407,0,KD,Ledamot,"",2003-10-26,903
50548,uppdrag,Sammansatta utrikes- och försvarsutskottet,2025-03-13,0202577142527,5,UFöU,Deputerad,"",2025-03-20,50520
21811,kammaruppdrag,Irene Oskarsson 2006-10-06 - 2010-10-04,2006-10-06,0331967573912,253,kam,Riksdagsledamot,Ledig,2010-10-04,21808
5612,uppdrag,Skatteutskottet,2012-07-01,0699787174310,12,SkU,Suppleant,"",2012-12-31,5600
6626,kammaruppdrag,"",1994-10-03,0505599928316,185,kam,Riksdagsledamot,Tjänstgörande,1998-10-05,6624
18655,uppdrag,Miljö- och jordbruksutskottet,1989-10-04,0900533740700,0,MJU,Suppleant,"",1990-10-03,18636
41888,uppdrag,Sammansatta utrikes- och försvarsutskottet,2020-11-10,0980681611418,4,UFöU,Ordförande,"",2020-12-08,41844
2413,kammaruppdrag,Pär Nuder,2001-06-01,0479355987014,0,kam,Ersättare,Ersättare,2002-09-30,2412
47172,uppdrag,Näringsutskottet,2020-03-18,0768554866215,273,NU,Suppleant,"",2022-09-26,47159
4247,kammaruppdrag,"",1991-09-30,0387691310906,196,kam,Riksdagsledamot,Tjänstgörande,1994-10-03,4244
1672,uppdrag,Finansutskottet,1994-10-11,0977281927618,0,FiU,Suppleant,"",1996-03-22,1658
38560,uppdrag,Finansutskottet,1991-10-15,0477013214601,0,FiU,Suppleant,"",1993-10-20,38532
51357,uppdrag,Utrikesutskottet,2020-03-18,0800956862429,93,UU,Suppleant,"",2020-09-03,51326
19371,uppdrag,Sammansatta konstitutions- och utrikesutskottet,2001-03-27,0567603564903,0,KUU,Deputerad,"",2001-04-26,19354
15313,kammaruppdrag,"",1982-10-04,0558681738602,0,kam,Riksdagsledamot,Tjänstgörande,1985-09-30,15309
11061,kammaruppdrag,"",1985-09-30,0370147780007,0,kam,Riksdagsledamot,Tjänstgörande,1988-10-03,11059
50594,uppdrag,Kulturutskottet,2020-03-18,0628005785225,38,KrU,Suppleant,"",2022-09-26,50580
45159,uppdrag,Miljö- och jordbruksutskottet,2020-03-18,0378597308227,307,MJU,Suppleant,"",2022-09-26,45145
50318,kammaruppdrag,Leif Gripestam 2025-11-03 - 2026-02-27,2025-11-03,019430605328,246,kam,Riksdagsledamot,Ledig,2026-02-27,50316
5710,kammaruppdrag,"",1994-10-03,069787178810,306,kam,Riksdagsledamot,Tjänstgörande,1998-10-05,5708
17221,Riksdagsorgan,Valberedningen,1994-11-15,0311892218602,0,VB,Suppleant,"",1998-10-05,17205
49160,uppdrag,Konstitutionsutskottet,2018-10-02,0509830681123,3,KU,Ledamot,"",2021-11-30,49144
4588,uppdrag,Finansutskottet,1989-10-04,0792716417210,0,FiU,Suppleant,"",1991-09-29,4571
7397,Riksdagsorgan,Krigsdelegationen,2006-10-17,0977860675311,13,KD,Ledamot,"",2010-10-19,7380
41890,uppdrag,Sammansatta utrikes- och försvarsutskottet,2019-11-14,0980681611418,4,UFöU,Ordförande,"",2019-12-17,41844
12709,uppdrag,Skatteutskottet,1991-10-08,0928479652300,0,SkU,Suppleant,"",1994-10-02,12698
38939,uppdrag,Näringsutskottet,2018-10-16,0132818093422,23,NU,Suppleant,"",2022-09-26,38921
4031,uppdrag,Bostadsutskottet,1994-10-11,0468206532916,0,BoU,Suppleant,"",1996-04-17,4015
29430,kammaruppdrag,"",2010-10-04,0448155122323,62,kam,Riksdagsledamot,Tjänstgörande,2014-09-29,29428
38746,Europaparlamentet,Europaparlamentet,2019-07-02,0229627943828,12,EP,Ledamot,"",2022-09-26,38744
7979,kammaruppdrag,Hans Unander 2008-10-22 - 2009-01-31,2008-10-22,0883392691612,74,kam,Riksdagsledamot,Ledig,2009-01-31,7977
27667,kammaruppdrag,"Sofia Arkelsten 2006-10-06 - 2006-11-15, Reza Khelili Dylami 2006-11-16 - 2007-09-17, Margareta Cederfelt 2007-09-18 - 2008-05-07, Marianne Watz 2008-05-08 - 2010-10-04",2006-10-06,0262017901513,110,kam,Riksdagsledamot,Ledig,2010-10-04,27661
48937,uppdrag,Kulturutskottet,2020-03-18,0224712677012,104,KrU,Suppleant,"",2022-09-26,48915
44021,Riksdagsorgan,Ledamotsrådet,2018-10-10,0744139167426,8,LR,Ledamot,"",2020-06-03,43967
31924,uppdrag,Arbetsmarknadsutskottet,2023-09-20,0136268785826,5,AU,Suppleant,"",2026-09-28,31921
8065,kammaruppdrag,Tobias Billström,2007-02-16,0441733186214,122,kam,Statsrådsersättare,Ledig Ersättare,2007-12-09,8064
47391,kammaruppdrag,"",2012-12-03,0204240926023,27,kam,Riksdagsledamot,Tjänstgörande,2014-09-29,47383
50682,uppdrag,Sammansatta utrikes- och försvarsutskottet,2016-04-12,0496341906327,8,UFöU,Deputerad,"",2016-05-25,50638
41474,uppdrag,Kulturutskottet,2022-10-12,0985426914829,21,KrU,Suppleant,"",2023-02-24,41470
31507,kammaruppdrag,"",1991-09-30,0247000811207,244,kam,Riksdagsledamot,Tjänstgörande,1994-10-03,31505
29700,kammaruppdrag,"",2012-05-01,0844246115721,249,kam,Riksdagsledamot,Tjänstgörande,2013-02-28,29695
19173,uppdrag,Sammansatta utrikes- och försvarsutskottet,2007-03-22,0785143384002,0,UFöU,Vice ordförande,"",2007-06-01,19156
44492,uppdrag,Civilutskottet,2016-01-01,0612916684825,1,CU,Vice ordförande,"",2017-03-02,44460
22001,Riksdagsorgan,Riksdagsstyrelsen,2010-10-12,0376867803913,3,RS,Ersättare,"",2012-03-22,21980
18657,uppdrag,Näringsutskottet,1989-03-17,0900533740700,0,NU,Suppleant,"",1989-10-04,18636
31793,uppdrag,Kulturutskottet,2020-02-12,0256404677510,12,KrU,Suppleant,"",2020-08-30,31780
5250,uppdrag,Utrikesutskottet,2004-07-20,0228907110117,0,UU,Suppleant,"",2006-10-02,5241
44013,Riksdagsorgan,Riksbanksfullmäktige,2022-10-11,0744139167426,10,RB,Suppleant,"",2023-01-13,43967
32133,kammaruppdrag,"",2018-09-24,0285527517421,71,kam,Riksdagsledamot,Tjänstgörande,2022-09-26,32132
12707,uppdrag,Trafikutskottet,1994-10-11,0928479652300,0,TU,Suppleant,"",1995-10-10,12698
38384,uppdrag,Socialförsäkringsutskottet,2020-03-18,0860364634014,199,SfU,Suppleant,"",2022-09-26,38371
4847,Riksdagsorgan,Nordiska rådets svenska delegation,1998-10-20,0871076471012,0,NR,Ledamot,"",2002-09-30,4834
45434,uppdrag,Finansutskottet,2010-10-19,0653904370212,18,FiU,Suppleant,"",2012-02-23,45398
40124,Departement,Näringsdepartementet,2019-01-21,0973474532717,6,N,Näringsminister,"",2019-09-10,40121
15458,kammaruppdrag,"",1994-10-03,0455181302203,82,kam,Riksdagsledamot,Tjänstgörande,1996-02-22,15457
31860,uppdrag,Socialförsäkringsutskottet,2020-03-18,057993099726,112,SfU,Suppleant,"",2022-09-26,31850
17719,uppdrag,Sammansatta konstitutions- och utrikesutskottet,2002-04-18,075043103804,0,KUU,Suppleant,"",2002-06-04,17712
45266,Riksdagsorgan,Utrikesnämnden,2018-10-02,065105536026,6,UN,Suppleant,"",2022-10-02,45224
32943,uppdrag,Skatteutskottet,2020-03-18,0628190530410,27,SkU,Suppleant,"",2021-10-21,32923
15333,uppdrag,Lagutskottet,1988-10-11,0611811040102,0,LU,Ledamot,"",1991-09-29,15330
50278,uppdrag,Trafikutskottet,2020-03-18,0619928872229,181,TU,Suppleant,"",2022-09-26,50257
28775,uppdrag,Arbetsmarknadsutskottet,2020-03-18,0285631067215,265,AU,Suppleant,"",2022-09-26,28771
13885,kammaruppdrag,"",2002-09-30,0739780276601,110,kam,Riksdagsledamot,Tjänstgörande,2006-10-02,13882
20220,kammaruppdrag,"",2002-09-30,0395416536118,342,kam,Riksdagsledamot,Tjänstgörande,2006-10-02,20217
20694,kammaruppdrag,"",1985-09-30,076794009304,0,kam,Riksdagsledamot,Tjänstgörande,1988-05-03,20690
33058,uppdrag,EU-nämnden,2015-09-10,0516528386117,20,EUN,Suppleant,"",2018-10-02,33025
50446,Riksdagsorgan,Utrikesnämnden,2011-04-14,0937688366013,2,UN,Suppleant,"",2014-10-03,50402
13543,kammaruppdrag,"",1988-10-03,0333810623907,271,kam,Riksdagsledamot,Tjänstgörande,1991-09-30,13541
48848,partiuppdrag,Miljöpartiet de gröna,2018-01-16,0462699892622,0,MP,Gruppledare,"",2018-09-24,48846
5449,uppdrag,Försvarsutskottet,2002-10-08,0990007083418,0,FöU,Ledamot,"",2006-10-02,5446
51568,uppdrag,Försvarsutskottet,2010-10-12,0155487380917,11,FöU,Suppleant,"",2014-09-29,51539
1743,uppdrag,Arbetsmarknadsutskottet,1999-11-04,0272604986201,0,AU,Suppleant,"",2002-09-30,1734
27850,Riksdagsorgan,Nordiska rådets svenska delegation,2015-11-26,0718937995813,4,NR,Ledamot,"",2016-09-29,27835
32509,kammaruppdrag,"",1988-10-03,0313166627901,293,kam,Riksdagsledamot,Tjänstgörande,1991-09-30,32507
7140,kammaruppdrag,"",1985-09-30,0637939864601,0,kam,Riksdagsledamot,Tjänstgörande,1988-10-03,7136
16231,uppdrag,Lagutskottet,1991-09-30,0110842257006,0,LU,Ledamot,"",1994-10-02,16218
31622,uppdrag,Försvarsutskottet,2018-10-16,0409763768311,0,FöU,Extra suppleant,"",2019-01-21,31617
19095,uppdrag,Skatteutskottet,2009-02-11,0782713019602,25,SkU,Suppleant,"",2010-10-04,19082
13593,kammaruppdrag,Ines Uusmann,1996-10-01,0683260207407,43,kam,Ersättare,Ersättare,1998-10-05,13592
14159,Riksdagsorgan,Riksdagens delegation till OSSE:s parlamentariska församling,1995-01-01,0277100069203,0,OSSE,Suppleant,"",1998-10-05,14137
43378,uppdrag,EU-nämnden,2022-11-09,0810852280213,70,EUN,Suppleant,"",2026-09-28,43353
47308,Riksdagsorgan,Nordiska rådets svenska delegation,2015-10-01,0729710260118,16,NR,Suppleant,"",2016-09-29,47248
45300,uppdrag,Trafikutskottet,2020-03-18,0523902030928,142,TU,Suppleant,"",2022-09-26,45280
28011,uppdrag,Skatteutskottet,2020-03-18,0909948830718,140,SkU,Suppleant,"",2022-09-26,27995
9038,kammaruppdrag,Tobias Billström,2014-02-24,033662260219,36,kam,Statsrådsersättare,Ersättare,2014-09-28,9037
52250,uppdrag,EU-nämnden,2020-03-18,0296384583518,257,EUN,Suppleant,"",2022-10-04,52221
8416,kammaruppdrag,Lars-Erik Lövdén,2002-11-05,0468904415516,0,kam,Ersättare,Ersättare,2002-12-20,8415
46528,uppdrag,Näringsutskottet,2020-03-18,0522240580423,63,NU,Suppleant,"",2022-09-26,46513
5528,kammaruppdrag,"",1986-11-15,0123927542506,0,kam,Riksdagsledamot,Tjänstgörande,1988-10-03,5519
20641,Riksdagsorgan,Fullmäktige i riksgäldskontoret,1988-10-18,0168437688801,0,RGK,Ledamot,"",1989-06-30,20635
45900,uppdrag,Trafikutskottet,1996-09-26,0540190357911,0,TU,Suppleant,"",1998-10-04,45870
19222,kammaruppdrag,"",1994-10-03,0817433088402,126,kam,Riksdagsledamot,Tjänstgörande,1998-10-05,19219
51886,uppdrag,Näringsutskottet,2022-10-04,0825441263617,12,NU,Ledamot,"",2026-09-28,51882
20108,Riksdagsorgan,Nordiska rådets svenska delegation,1988-10-18,0167049231801,0,NR,Suppleant,"",1994-10-03,20102
49039,uppdrag,Socialförsäkringsutskottet,2020-03-18,037561614928,188,SfU,Suppleant,"",2022-09-26,49026
45655,Riksdagsorgan,Krigsdelegationen,2022-10-11,055257333723,29,KD,Ledamot,"",2026-10-13,45631
46079,uppdrag,Socialutskottet,2022-01-19,0430865615328,5,SoU,Ledamot,"",2022-09-26,46072
2473,uppdrag,Socialförsäkringsutskottet,2002-10-08,0449003924218,0,SfU,Suppleant,"",2003-02-19,2463
17717,uppdrag,Arbetsmarknadsutskottet,1994-12-15,075043103804,0,AU,Suppleant,"",1998-10-04,17712
22837,uppdrag,Sammansatta utrikes- och försvarsutskottet,2006-05-18,0205360448417,0,UFöU,Suppleant,"",2006-06-14,22819
29542,uppdrag,Utrikesutskottet,2006-11-15,0485476395125,13,UU,Ledamot,"",2010-10-04,29535
43658,uppdrag,Kulturutskottet,2020-02-07,0603366539729,14,KrU,Suppleant,"",2021-09-02,43635
29732,uppdrag,Arbetsmarknadsutskottet,2020-03-18,0308306375022,104,AU,Suppleant,"",2021-09-08,29714
27532,kammaruppdrag,"",1995-10-10,0787533297400,60,kam,Riksdagsledamot,Tjänstgörande,1996-03-22,27521
14063,kammaruppdrag,"",1982-10-04,018160186302,0,kam,Riksdagsledamot,Tjänstgörande,1985-09-30,14054
25282,uppdrag,EU-nämnden,2017-05-04,0600784831409,67,EUN,Suppleant,"",2018-09-24,25277
16992,uppdrag,Trafikutskottet,1994-10-11,0567842515701,0,TU,Ledamot,"",1998-10-04,16981
46914,uppdrag,Kulturutskottet,2025-11-03,094145171913,0,KrU,Extra suppleant,"",2025-12-17,46908
29025,uppdrag,Finansutskottet,2020-03-18,0363721826713,122,FiU,Suppleant,"",2021-09-30,29017
16199,Riksdagsorgan,Riksrevisionens styrelse,2010-10-19,0714579775816,9,RRS,Ledamot,"",2010-12-31,16174
43551,Riksdagsorgan,Krigsdelegationen,2018-10-09,0257612529618,35,KD,Ledamot,"",2022-10-09,43468
47614,uppdrag,Socialförsäkringsutskottet,2022-01-11,0389795960120,16,SfU,Suppleant,"",2022-09-26,47605
23145,uppdrag,Justitieutskottet,1998-10-13,0515990253512,0,JuU,Suppleant,"",2002-09-30,23129
22044,uppdrag,Konstitutionsutskottet,2010-10-12,0617957067613,4,KU,Ledamot,"",2014-09-29,22036
2554,kammaruppdrag,"",1998-10-05,0766285636614,246,kam,Riksdagsledamot,Tjänstgörande,2002-09-30,2552
27381,kammaruppdrag,"",2005-12-01,0463244199702,0,kam,Ersättare,Ersättare,2006-02-28,27380
8707,kammaruppdrag,"",2002-09-30,0892215792827,289,kam,Riksdagsledamot,Tjänstgörande,2006-10-02,8706
37435,uppdrag,Miljö- och jordbruksutskottet,2020-03-18,0996640018922,220,MJU,Suppleant,"",2022-09-26,37420
46209,uppdrag,Försvarsutskottet,2020-03-18,0681030112815,113,FöU,Suppleant,"",2020-09-03,46192
22323,uppdrag,Sammansatta utrikes- och försvarsutskottet,2006-10-10,0781648625615,0,UFöU,Deputerad,"",2006-10-13,22289
38773,uppdrag,Näringsutskottet,2021-10-13,0965245623824,325,NU,Suppleant,"",2021-11-30,38759
15186,uppdrag,Socialförsäkringsutskottet,1985-09-30,0972721265901,0,SfU,Suppleant,"",1988-10-02,15173
46099,Riksdagsorgan,Krigsdelegationen,2023-04-18,0430865615328,25,KD,Ledamot,"",2026-10-13,46072
51407,uppdrag,Socialutskottet,2020-03-18,0667220767927,156,SoU,Suppleant,"",2022-09-26,51383
21646,uppdrag,Sammansatta utrikes- och försvarsutskottet,2015-11-17,0644177413119,15,UFöU,Deputerad,"",2015-12-16,21638
17829,kammaruppdrag,"",1979-10-01,037063714405,0,kam,Riksdagsledamot,Tjänstgörande,1982-10-04,17818
46172,uppdrag,Finansutskottet,2015-12-18,0791786201912,4,FiU,Ledamot,"",2018-09-24,46165
2022,kammaruppdrag,Emma Wallrup 2012-01-18 - 2012-04-09  Sjukledighet,2012-01-18,039984931601,57,kam,Riksdagsledamot,Ledig,2012-04-09,2020
48270,uppdrag,Näringsutskottet,2020-03-18,0616721755222,71,NU,Suppleant,"",2022-09-26,48252
934,Riksdagsorgan,Krigsdelegationen,1998-10-20,0537484650407,0,KD,Ledamot,"",2002-10-14,903
20393,uppdrag,Skatteutskottet,2009-10-16,0568055205114,1,SkU,Suppleant,"",2010-10-04,20387
28619,Riksdagsorgan,Riksdagsstyrelsen,2010-10-12,0460690753617,7,RS,Ledamot,"",2012-02-23,28581
6887,uppdrag,Finansutskottet,2007-08-16,0214849275619,0,FiU,Suppleant,"",2007-12-31,6878
4795,kammaruppdrag,"",1998-10-05,0111536149811,306,kam,Riksdagsledamot,Tjänstgörande,2002-09-30,4793
39514,Riksdagsorgan,Riksdagens förvaltningskontor,1991-10-08,085018966209,0,RFK,Suppleant,"",1994-10-03,39505
30548,Riksdagsorgan,Nordiska rådets svenska delegation,2012-10-04,0671241874717,7,NR,Ledamot,"",2013-09-16,30513
41739,uppdrag,Kulturutskottet,2024-05-16,0606863154419,16,KrU,Ledamot,"",2024-05-21,41732
42588,uppdrag,Utbildningsutskottet,2021-03-05,0389220391128,12,UbU,Ledamot,"",2022-09-26,42573
25236,uppdrag,Konstitutionsutskottet,2016-05-13,0393199907225,0,KU,Extra suppleant,"",2016-06-16,25230
44329,uppdrag,Näringsutskottet,2022-11-15,0397073482210,27,NU,Suppleant,"",2025-06-27,44322
21346,uppdrag,Utrikesutskottet,2014-10-07,0573136138218,1,UU,Suppleant,"",2014-11-25,21330
46566,uppdrag,Socialförsäkringsutskottet,2020-03-18,065701062615,294,SfU,Suppleant,"",2022-09-26,46551
43580,uppdrag,Finansutskottet,2020-03-18,0304498908019,254,FiU,Suppleant,"",2022-09-26,43570
42431,uppdrag,Trafikutskottet,2022-10-04,0828721176319,7,TU,Ledamot,"",2026-09-28,42425
30982,kammaruppdrag,"",2016-12-24,0182800488922,151,kam,Riksdagsledamot,Tjänstgörande,2018-09-24,30980
16459,uppdrag,Näringsutskottet,2003-03-12,0165360915617,0,NU,Suppleant,"",2006-10-02,16444
30431,uppdrag,Utbildningsutskottet,2010-10-12,0313210809828,11,UbU,Suppleant,"",2014-09-29,30406
45106,kammaruppdrag,"",2004-10-05,014744660015,68,kam,Riksdagsledamot,Tjänstgörande,2006-10-02,45087
40238,kammaruppdrag,Mikael Damberg,2014-10-03,0474290584024,82,kam,Statsrådsersättare,Ersättare,2016-08-09,40229
48973,uppdrag,Lagutskottet,1998-10-20,0224712677012,0,LU,Suppleant,"",1999-10-01,48915
19767,uppdrag,Finansutskottet,1991-10-08,075608413801,0,FiU,Ledamot,"",1993-04-22,19763
5193,uppdrag,Finansutskottet,1994-10-11,093487175616,0,FiU,Ledamot,"",1998-10-04,5190
20174,kammaruppdrag,Annika Jonsell 1994-10-03 - 1994-10-07,1994-10-03,0937012299307,180,kam,Riksdagsledamot,Ledig,1994-10-07,20170
21313,uppdrag,Socialutskottet,2009-02-09,0125056691517,23,SoU,Suppleant,"",2010-10-04,21295
51361,uppdrag,Utbildningsutskottet,2013-03-08,0800956862429,0,UbU,Extra suppleant,"",2013-08-14,51326
40615,kammaruppdrag,"Teres Lindberg 2014-10-03 - 2015-09-30, Anders Österberg 2015-10-01 - 2017-05-28, Sultan Kayhan 2017-05-29 - 2017-09-25, Mattias Vepsä 2017-09-25 - 2018-09-24",2014-10-03,011731125914,81,kam,Riksdagsledamot,Ledig,2018-09-24,40606
23717,uppdrag,Miljö- och jordbruksutskottet,2012-06-01,0951854268017,27,MJU,Suppleant,"",2014-09-29,23704
5229,uppdrag,Skatteutskottet,1999-03-10,0115057914316,0,SkU,Suppleant,"",1999-06-14,5213
1135,uppdrag,Försvarsutskottet,2006-10-10,0960030082916,7,FöU,Suppleant,"",2010-10-04,1126
24086,uppdrag,Miljö- och jordbruksutskottet,2020-03-18,0787535945527,268,MJU,Suppleant,"",2022-09-26,24078
42762,uppdrag,EU-nämnden,2020-03-18,091303475611,285,EUN,Suppleant,"",2022-10-04,42742
19878,uppdrag,Sammansatta utrikes- och försvarsutskottet,2006-05-18,0741187745315,0,UFöU,Suppleant,"",2006-06-14,19863
962,kammaruppdrag,Helena Nilsson,1996-03-11,0747244983307,168,kam,Ersättare,Ersättare,1996-05-31,959
45871,kammaruppdrag,"",2018-09-24,0540190357911,17,kam,Riksdagsledamot,Tjänstgörande,2022-09-26,45870
41170,uppdrag,Miljö- och jordbruksutskottet,2020-03-18,0194498232620,213,MJU,Suppleant,"",2022-09-26,41155
27693,uppdrag,Sammansatta utrikes- och försvarsutskottet,2018-05-15,0262017901513,7,UFöU,Deputerad,"",2018-06-14,27661
16362,uppdrag,Bostadsutskottet,1995-04-03,0806172169007,0,BoU,Suppleant,"",1998-10-04,16343
14147,uppdrag,Bostadsutskottet,1994-10-12,0277100069203,0,BoU,Ordförande,"",1998-10-04,14137
10078,kammaruppdrag,"",1979-10-01,0469915585804,0,kam,Riksdagsledamot,Tjänstgörande,1982-10-04,10073
21841,uppdrag,Kulturutskottet,2020-03-18,043972220518,174,KrU,Suppleant,"",2022-09-26,21830
6088,uppdrag,Sammansatta utrikes- och försvarsutskottet,2014-04-15,0600928907216,8,UFöU,Deputerad,"",2014-06-12,6072
18965,uppdrag,Socialutskottet,1988-10-11,0200943027702,0,SoU,Suppleant,"",1991-05-26,18962
53132,Riksdagsorgan,Riksrevisionens styrelse,2010-10-19,0229760896014,5,RRS,Ledamot,"",2010-12-31,53090
12764,uppdrag,Miljö- och jordbruksutskottet,1991-10-08,0283299919701,0,MJU,Suppleant,"",1994-10-02,12754
37737,kammaruppdrag,"",2016-05-23,0237055280513,158,kam,Riksdagsledamot,Tjänstgörande,2018-09-24,37734
24080,kammaruppdrag,"",2014-09-29,0787535945527,123,kam,Riksdagsledamot,Tjänstgörande,2018-09-24,24078
6764,uppdrag,Lagutskottet,1988-10-11,0348289738906,0,LU,Suppleant,"",1991-09-29,6758
52952,uppdrag,Utrikesutskottet,2021-10-20,0861521539920,15,UU,Ledamot,"",2022-09-26,52939
31031,uppdrag,Konstitutionsutskottet,2020-03-18,0325462829512,259,KU,Suppleant,"",2020-09-03,31014
41604,uppdrag,Trafikutskottet,2020-03-18,0545733815610,288,TU,Suppleant,"",2022-09-26,41587
22757,uppdrag,Arbetsmarknadsutskottet,2020-03-18,0752691002718,208,AU,Suppleant,"",2022-09-26,22753
24461,uppdrag,Justitieutskottet,2015-04-22,0266517781926,14,JuU,Suppleant,"",2018-09-24,24457
23604,uppdrag,Sammansatta utrikes- och försvarsutskottet,2015-11-17,067992138910,3,UFöU,Suppleant,"",2015-12-16,23590
7769,uppdrag,Näringsutskottet,2006-10-10,0880452278816,0,NU,Suppleant,"",2007-12-13,7760
44149,Riksdagsorgan,Riksdagsstyrelsen,2023-04-27,0603753860213,5,RS,Ersättare,"",2024-11-21,44111
30846,uppdrag,Försvarsutskottet,2020-03-20,0905312407726,276,FöU,Suppleant,"",2020-09-03,30831
20573,uppdrag,Arbetsmarknadsutskottet,2020-03-18,0161597857912,255,AU,Suppleant,"",2022-09-26,20563
1681,Riksdagsorgan,EFTA-delegationen,1990-02-06,0236004923301,0,EFTA,Suppleant,"",1994-01-12,1680
7689,uppdrag,EU-nämnden,2003-03-12,0747852417614,0,EUN,Suppleant,"",2004-10-27,7678
9831,uppdrag,Socialutskottet,1989-12-15,0120834418997,0,SoU,Suppleant,"",1991-09-29,9824
45711,Departement,Infrastrukturdepartementet,2022-10-07,0284192765516,10,I,Infrastrukturminister,"",2022-10-18,45710
53795,uppdrag,Utrikesutskottet,2022-10-04,0831636664429,9,UU,Suppleant,"",2023-11-28,53780
28611,uppdrag,EU-nämnden,2018-10-09,0460690753617,20,EUN,Suppleant,"",2022-09-26,28581
52116,uppdrag,Socialutskottet,2020-03-18,0575283695521,33,SoU,Suppleant,"",2022-09-26,52099
52024,Riksdagsorgan,Riksdagens delegation till OSSE:s parlamentariska församling,2022-10-11,0452755722723,1,OSSE,Ledamot,"",2022-10-13,51945
43236,uppdrag,Socialförsäkringsutskottet,2024-05-13,0796312429425,3,SfU,Ledamot,"",2024-05-14,43231
30957,Riksdagsorgan,Valberedningen,2018-09-24,0628870165823,8,VB,Suppleant,"",2020-01-28,30933
53296,kammaruppdrag,Axel Hallberg 2021-09-20 - 2022-05-19,2021-09-20,0624040854527,186,kam,Riksdagsledamot,Ledig,2022-05-19,53287
4404,kammaruppdrag,"",1982-10-04,089241104007,0,kam,Riksdagsledamot,Tjänstgörande,1985-09-30,4400
37426,kammaruppdrag,"",2018-09-24,0996640018922,293,kam,Riksdagsledamot,Tjänstgörande,2018-11-24,37420
46877,uppdrag,Miljö- och jordbruksutskottet,2025-12-12,0290003389021,1,MJU,Suppleant,"",2026-09-28,46873
23776,uppdrag,Utrikesutskottet,2006-10-10,0548314774911,0,UU,Ledamot,"",2008-02-14,23764
32430,uppdrag,Konstitutionsutskottet,1998-10-13,0480007629014,0,KU,Suppleant,"",2002-09-30,32422
51522,uppdrag,Sammansatta utrikes- och försvarsutskottet,2025-03-13,0737824098113,13,UFöU,Deputerad,"",2025-03-20,51517
49529,Riksdagsorgan,Nordiska rådets svenska delegation,2024-10-16,0254021157518,5,NR,Suppleant,"",2025-09-17,49494
50656,uppdrag,Kulturutskottet,2020-03-18,0496341906327,135,KrU,Suppleant,"",2022-09-26,50638
47964,Riksdagsorgan,Domarnämnden,2018-10-24,0108109641223,4,DN,Personlig ersättare,"",2018-12-31,47911
39453,kammaruppdrag,"",1982-10-04,0172078270306,0,kam,Riksdagsledamot,Tjänstgörande,1985-09-30,39447
22238,uppdrag,Sammansatta utrikes- och försvarsutskottet,2017-05-02,088028607414,7,UFöU,Deputerad,"",2017-06-14,22223
25658,kammaruppdrag,"",2014-10-04,0222691314314,179,kam,Riksdagsledamot,Tjänstgörande,2018-09-24,25650
15209,uppdrag,Näringsutskottet,1994-10-11,0270681733602,0,NU,Suppleant,"",1998-10-04,15198
53995,uppdrag,Arbetsmarknadsutskottet,2020-09-16,0838085832923,9,AU,Ledamot,"",2021-02-03,53977
20765,uppdrag,Bostadsutskottet,1989-02-24,0557059020608,0,BoU,Suppleant,"",1991-09-29,20757
7111,kammaruppdrag,"",1979-10-01,0422439378601,0,kam,Riksdagsledamot,Tjänstgörande,1982-10-04,7104
42658,uppdrag,Arbetsmarknadsutskottet,2020-03-18,0801311569314,159,AU,Suppleant,"",2022-09-26,42651
27190,uppdrag,Sammansatta konstitutions- och utrikesutskottet,2002-04-18,0738969851001,0,KUU,Deputerad,"",2002-06-04,27168
49056,Riksdagsorgan,Nordiska rådets svenska delegation,2015-10-01,037561614928,17,NR,Suppleant,"",2016-09-29,49026
2620,uppdrag,Utbildningsutskottet,1994-10-27,0745615729714,0,UbU,Suppleant,"",1998-10-04,2614
40753,Riksdagsorgan,Krigsdelegationen,2014-10-14,0383111552218,15,KD,Ledamot,"",2018-10-09,40721
51027,uppdrag,Utrikesutskottet,2020-03-18,028954589415,33,UU,Suppleant,"",2020-09-03,51005
23301,Riksdagsorgan,Riksdagsstyrelsen,2018-01-16,0157062733618,10,RS,Ersättare,"",2018-10-02,23265
49772,uppdrag,Trafikutskottet,2020-03-18,0502688311316,136,TU,Suppleant,"",2022-09-26,49753
39416,uppdrag,Sammansatta utrikes- och försvarsutskottet,2016-11-15,0974061238314,3,UFöU,Suppleant,"",2016-12-14,39383
52810,uppdrag,Trafikutskottet,2014-10-07,0105632258713,2,TU,Suppleant,"",2015-02-05,52779
16844,uppdrag,Konstitutionsutskottet,1994-04-20,0504312377900,0,KU,Suppleant,"",1994-10-02,16841
8872,kammaruppdrag,"",2006-10-02,0872978640827,323,kam,Riksdagsledamot,Tjänstgörande,2010-10-04,8870
40477,uppdrag,Arbetsmarknadsutskottet,2020-03-18,0781623040415,82,AU,Suppleant,"",2022-09-26,40464
28639,kammaruppdrag,"",2002-09-30,0136310791918,148,kam,Riksdagsledamot,Tjänstgörande,2006-10-02,28632
42125,kammaruppdrag,"",2013-01-01,0559925283228,24,kam,Riksdagsledamot,Tjänstgörande,2014-09-29,42119
19325,uppdrag,Miljö- och jordbruksutskottet,1991-10-08,0200003128803,0,MJU,Suppleant,"",1994-10-02,19319
26756,uppdrag,Justitieutskottet,1996-03-08,0321680964806,0,JuU,Suppleant,"",1998-10-04,26752
7525,uppdrag,Sammansatta utrikes- och försvarsutskottet,2014-04-15,0135730306412,12,UFöU,Deputerad,"",2014-06-12,7499
52846,uppdrag,Socialutskottet,2022-10-04,0198917587520,12,SoU,Suppleant,"",2026-09-28,52838
24389,kammaruppdrag,Lena Adelsohn Liljeroth,2010-10-19,0590020362617,141,kam,Statsrådsersättare,Ersättare,2010-10-25,24387
43494,uppdrag,Utrikesutskottet,2014-10-07,0257612529618,1,UU,Ordförande,"",2018-09-24,43468
44272,kammaruppdrag,"",2018-09-24,0457722435319,61,kam,Riksdagsledamot,Tjänstgörande,2020-09-07,44266
47981,Departement,Klimat- och näringslivsdepartementet,2022-10-18,0875693083423,24,KN,Statsråd,"",2022-10-18,47973
24221,uppdrag,Miljö- och jordbruksutskottet,2020-04-16,0884738092723,7,MJU,Ledamot,"",2020-11-29,24204
21303,uppdrag,Miljö- och jordbruksutskottet,2017-12-15,0125056691517,24,MJU,Suppleant,"",2018-09-24,21295
811,kammaruppdrag,"",2005-11-26,0101299073819,40,kam,Riksdagsledamot,Ledig,2005-12-28,807
14568,uppdrag,Arbetsmarknadsutskottet,1991-01-11,0798631972204,0,AU,Suppleant,"",1991-09-29,14559
51885,kammaruppdrag,"",2014-09-29,0825441263617,313,kam,Riksdagsledamot,Tjänstgörande,2018-09-24,51882
19162,uppdrag,Försvarsutskottet,2002-10-08,0785143384002,0,FöU,Ledamot,"",2006-10-02,19156
12808,uppdrag,Försvarsutskottet,1993-05-07,0457849683602,0,FöU,Suppleant,"",1993-05-31,12797
36574,uppdrag,Konstitutionsutskottet,2025-02-21,0591055036519,9,KU,Ledamot,"",2026-09-28,36567
24749,uppdrag,Sammansatta utrikes- och försvarsutskottet,2013-11-26,0236051814311,16,UFöU,Deputerad,"",2013-12-17,24735
18002,Riksdagsorgan,Nordiska rådets svenska delegation,1998-10-20,0193303720505,0,NR,Ledamot,"",2002-09-30,17967
33060,uppdrag,EU-nämnden,2010-10-19,0516528386117,10,EUN,Suppleant,"",2013-06-16,33025
18000,Riksdagsorgan,Riksdagsstyrelsen,2000-07-01,0193303720505,0,RS,Suppleant,"",2006-10-02,17967
20611,uppdrag,Bostadsutskottet,1998-10-13,0161597857912,0,BoU,Suppleant,"",2002-09-30,20563
17456,uppdrag,Konstitutionsutskottet,1994-10-11,0544752215503,0,KU,Ledamot,"",1998-10-04,17449
37594,Riksdagsorgan,Ledamotsrådet,2018-10-10,0911916463828,1,LR,Ersättare,"",2022-10-10,37555
3035,uppdrag,Bostadsutskottet,2002-10-08,0229825314217,0,BoU,Suppleant,"",2006-10-02,3030
5845,uppdrag,Justitieutskottet,2006-10-10,0683297678211,7,JuU,Ledamot,"",2010-10-04,5839
11955,kammaruppdrag,"",1994-10-03,0288448506702,287,kam,Riksdagsledamot,Tjänstgörande,1998-10-05,11954
15092,uppdrag,Bostadsutskottet,1998-10-13,0203071331400,0,BoU,Ledamot,"",2002-09-30,15082
31954,uppdrag,Civilutskottet,2021-09-20,0556755096938,0,CU,Extra suppleant,"",2022-05-19,31944
17296,uppdrag,Utrikesutskottet,2006-11-15,0739152363302,1,UU,Ledamot,"",2006-11-15,17286
46296,uppdrag,Civilutskottet,2006-10-10,0128805841317,1,CU,Suppleant,"",2010-10-04,46269
6555,uppdrag,Lagutskottet,1988-10-11,0544569681404,0,LU,Ordförande,"",1991-09-29,6543
49292,kammaruppdrag,Sara Heikkinen Breitholtz 2019-01-21 - 2021-06-30,2019-01-21,0339894357417,18,kam,Riksdagsledamot,Ledig,2021-06-30,49284
34407,Departement,Finansdepartementet,2021-02-05,062367962120,17,Fi,Statsråd,"",2021-06-29,34404
38928,kammaruppdrag,"",2013-10-21,0132818093422,332,kam,Ersättare,Ledig Ersättare,2013-12-20,38921
26186,uppdrag,Sammansatta utrikes- och försvarsutskottet,1996-10-21,0944338157703,0,UFöU,Suppleant,"",1996-11-20,26168
51481,uppdrag,Socialförsäkringsutskottet,2020-03-18,0682989845822,239,SfU,Suppleant,"",2022-09-26,51463
3120,kammaruppdrag,"",1994-10-03,0893605406218,226,kam,Riksdagsledamot,Tjänstgörande,1995-10-02,3118
32575,uppdrag,Arbetsmarknadsutskottet,2020-03-20,0955748436811,313,AU,Suppleant,"",2022-09-26,32569
28818,partiuppdrag,Folkpartiet liberalerna,2010-10-04,0446541913415,0,FP,Förste vice gruppledare,"",2012-09-16,28817
1273,uppdrag,Trafikutskottet,1995-10-11,0636794729408,0,TU,Ledamot,"",1997-04-30,1264
14189,kammaruppdrag,"",1985-09-30,0794602231002,0,kam,Riksdagsledamot,Tjänstgörande,1985-11-17,14180
2794,kammaruppdrag,"",2006-10-02,0481005050915,230,kam,Riksdagsledamot,Tjänstgörande,2010-10-04,2793
38248,uppdrag,Finansutskottet,2020-03-18,0363228965800,92,FiU,Suppleant,"",2022-09-26,38238
46402,uppdrag,Trafikutskottet,2018-10-02,0554852839719,11,TU,Suppleant,"",2022-09-26,46387
41504,uppdrag,Näringsutskottet,2020-03-18,0494054455310,260,NU,Suppleant,"",2022-09-26,41490
39260,uppdrag,Försvarsutskottet,2019-06-19,0772402807013,10,FöU,Ledamot,"",2021-11-26,39236
23220,uppdrag,Arbetsmarknadsutskottet,2014-10-14,0455086201022,18,AU,Suppleant,"",2018-09-24,23199
44289,uppdrag,Utrikesutskottet,2020-03-18,0457722435319,215,UU,Suppleant,"",2020-09-03,44266
11502,kammaruppdrag,"",1988-10-03,0566638963807,257,kam,Riksdagsledamot,Tjänstgörande,1991-09-30,11499
28666,Riksdagsorgan,Utrikesnämnden,2010-10-12,0136310791918,4,UN,Suppleant,"",2012-03-22,28632
13835,uppdrag,Miljö- och jordbruksutskottet,1994-10-11,0929270135300,0,MJU,Ledamot,"",1998-10-04,13828
52813,uppdrag,Socialutskottet,2008-01-18,0105632258713,0,SoU,Suppleant,"",2008-03-14,52779
29894,uppdrag,Socialförsäkringsutskottet,2020-03-18,0204443909416,113,SfU,Suppleant,"",2022-09-26,29878
37588,uppdrag,Justitieutskottet,2006-11-10,0911916463828,4,JuU,Suppleant,"",2010-10-04,37555
44611,uppdrag,Skatteutskottet,2020-03-18,0940980416614,48,SkU,Suppleant,"",2022-09-26,44592
1707,uppdrag,EES-utskottet,1992-06-03,0236004923301,0,EU,Suppleant,"",1993-06-04,1680
18511,uppdrag,Bostadsutskottet,1990-10-04,0267143098400,0,BoU,Suppleant,"",1991-09-29,18500
51163,uppdrag,Sammansatta utrikes- och försvarsutskottet,2024-11-05,0456522027421,8,UFöU,Suppleant,"",2024-12-12,51158
33121,uppdrag,Arbetsmarknadsutskottet,2021-09-17,0364687971222,7,AU,Ledamot,"",2022-09-26,33116
14378,kammaruppdrag,"",1994-10-03,0489591175704,22,kam,Riksdagsledamot,Tjänstgörande,1998-10-05,14376
41262,kammaruppdrag,"",2014-09-29,0859968278117,41,kam,Riksdagsledamot,Tjänstgörande,2018-09-24,41259
30130,uppdrag,Socialutskottet,2011-06-08,0934639939611,11,SoU,Suppleant,"",2011-10-20,30103
14828,uppdrag,Socialförsäkringsutskottet,1991-10-08,0401511670506,0,SfU,Suppleant,"",1994-10-02,14822
6552,uppdrag,Näringsutskottet,1991-10-08,0544569681404,0,NU,Ordförande,"",1994-10-02,6543
46598,uppdrag,Socialförsäkringsutskottet,2022-10-04,0525562399327,3,SfU,Suppleant,"",2026-04-16,46594
24644,uppdrag,Skatteutskottet,2016-06-09,0456066032422,14,SkU,Ledamot,"",2018-09-24,24641
30435,Riksdagsorgan,Valberedningen,2018-09-24,0313210809828,15,VB,Ledamot,"",2021-09-13,30406
23016,uppdrag,Trafikutskottet,2020-02-05,0397377293714,28,TU,Suppleant,"",2020-08-31,23001
24653,uppdrag,Utbildningsutskottet,2012-05-01,0456066032422,0,UbU,Extra suppleant,"",2012-12-31,24641
836,uppdrag,Arbetsmarknadsutskottet,1991-10-08,0101299073819,0,AU,Suppleant,"",1992-07-01,807
744,uppdrag,Socialutskottet,1998-10-13,0377384542907,0,SoU,Ledamot,"",2002-09-30,734
6341,kammaruppdrag,Leif Lindström 2012-04-18 - 2012-05-20  Sjukledighet,2012-04-18,0615338062910,48,kam,Riksdagsledamot,Ledig,2012-05-20,6339
5853,uppdrag,Sammansatta justitie- och socialutskottet,2008-01-29,0683297678211,0,JuSoU,Vice ordförande,"",2008-05-07,5839
27173,kammaruppdrag,"",1991-11-12,0738969851001,91,kam,Riksdagsledamot,Tjänstgörande,1992-10-16,27168
1270,kammaruppdrag,Gunnar Björk,1991-10-10,0636794729408,301,kam,Ersättare,Ersättare,1992-06-30,1264
28335,uppdrag,Miljö- och jordbruksutskottet,2003-03-12,0780069612618,0,MJU,Suppleant,"",2006-10-02,28329
38130,uppdrag,Konstitutionsutskottet,2012-10-01,0668060748617,9,KU,Suppleant,"",2014-09-29,38128
44004,uppdrag,Finansutskottet,2014-10-07,0744139167426,10,FiU,Suppleant,"",2018-09-24,43967
7348,uppdrag,Socialförsäkringsutskottet,2020-03-18,0537400268911,149,SfU,Suppleant,"",2022-09-26,7330
46750,uppdrag,Arbetsmarknadsutskottet,2022-01-28,0588282566419,9,AU,Ledamot,"",2022-09-26,46741
47655,kammaruppdrag,"",1992-07-01,023001325318,0,kam,Ersättare,Ersättare,1994-10-02,47650
10080,uppdrag,Konstitutionsutskottet,1991-10-15,0469915585804,0,KU,Suppleant,"",1994-10-02,10073
49600,uppdrag,Näringsutskottet,2022-10-04,0899169869710,15,NU,Suppleant,"",2026-09-28,49594
26966,uppdrag,Socialförsäkringsutskottet,2002-10-15,0327857385513,0,SfU,Suppleant,"",2006-10-02,26956
52534,uppdrag,EU-nämnden,2019-02-14,0932000030511,25,EUN,Suppleant,"",2020-12-16,52507
42801,uppdrag,Socialförsäkringsutskottet,2020-03-18,0203877548421,193,SfU,Suppleant,"",2022-09-26,42790
48203,kammaruppdrag,"",2022-09-26,071293048118,290,kam,Riksdagsledamot,Tjänstgörande,2026-09-28,48202
32528,kammaruppdrag,"",2002-09-30,0393583311409,319,kam,Riksdagsledamot,Tjänstgörande,2006-10-02,32526
7637,uppdrag,Kulturutskottet,2008-11-10,019331401512,0,KrU,Suppleant,"",2008-12-31,7633
10245,kammaruppdrag,Vivianne Franzén 1993-11-18 - 1993-12-17,1993-11-18,0991145731807,191,kam,Riksdagsledamot,Ledig,1993-12-17,10242
13660,uppdrag,Kulturutskottet,1988-10-11,0433320766008,0,KrU,Suppleant,"",1991-09-29,13652
9448,kammaruppdrag,"",2014-06-24,0723453743904,106,kam,Riksdagsledamot,Tjänstgörande,2014-09-29,9447
6389,Riksdagsorgan,Nordiska rådets svenska delegation,2012-10-04,0183788551910,11,NR,Ledamot,"",2013-09-16,6367
19088,kammaruppdrag,"",1995-10-11,0782713019602,245,kam,Riksdagsledamot,Tjänstgörande,1998-10-05,19082
46759,uppdrag,Socialutskottet,2020-03-18,0588282566419,36,SoU,Suppleant,"",2022-09-26,46741
52004,uppdrag,Sammansatta utrikes- och försvarsutskottet,2017-05-02,0452755722723,6,UFöU,Deputerad,"",2017-06-14,51945
28181,uppdrag,Konstitutionsutskottet,2020-03-18,0677738818613,132,KU,Suppleant,"",2020-09-03,28163
42599,uppdrag,Trafikutskottet,2021-02-12,0389220391128,317,TU,Suppleant,"",2022-09-26,42573
48109,uppdrag,Näringsutskottet,2022-10-04,0506482805418,10,NU,Ledamot,"",2026-09-28,48103
43866,uppdrag,Utbildningsutskottet,2020-03-18,0665360289423,156,UbU,Suppleant,"",2020-08-09,43847
46136,uppdrag,Arbetsmarknadsutskottet,2018-10-02,014386615025,8,AU,Ledamot,"",2022-02-04,46114
43582,uppdrag,Kulturutskottet,2020-03-18,0304498908019,310,KrU,Suppleant,"",2022-09-26,43570
8249,uppdrag,Utrikesutskottet,1991-10-08,0410190907901,0,UU,Ledamot,"",1994-10-02,8245
30661,uppdrag,Trafikutskottet,2020-03-18,0495218011521,116,TU,Suppleant,"",2021-09-02,30648
48780,uppdrag,Utbildningsutskottet,2025-09-17,048561486727,20,UbU,Suppleant,"",2025-09-25,48775
49054,Riksdagsorgan,Nordiska rådets svenska delegation,2017-09-28,037561614928,17,NR,Suppleant,"",2018-10-09,49026
19446,uppdrag,Socialutskottet,2002-10-08,0710863816703,0,SoU,Suppleant,"",2006-10-02,19442
16051,kammaruppdrag,"",1991-09-30,0754692641206,228,kam,Riksdagsledamot,Tjänstgörande,1994-10-03,16048
46302,Riksdagsorgan,Valberedningen,2018-09-24,0128805841317,2,VB,Ordförande,"",2022-09-26,46269
29432,uppdrag,Kulturutskottet,2015-09-22,0448155122323,2,KrU,Ordförande,"",2018-09-24,29428
34342,uppdrag,Sammansatta utrikes- och försvarsutskottet,2004-10-19,0891971250317,0,UFöU,Ordförande,"",2004-12-15,34303
6146,kammaruppdrag,Meeri Wasberg 2006-10-02 - 2006-10-06,2006-10-02,0806338394516,5,kam,Riksdagsledamot,Ledig,2006-10-06,6138
31211,uppdrag,Arbetsmarknadsutskottet,2020-03-18,0519542449425,107,AU,Suppleant,"",2022-09-26,31207
45059,uppdrag,Trafikutskottet,2020-03-18,0130789484021,282,TU,Suppleant,"",2022-09-26,45041
34732,uppdrag,EU-nämnden,2022-10-04,0760500234712,10,EUN,Ledamot,"",2024-09-24,34709
34357,Riksdagsorgan,Riksdagens delegation till Natos parlamentariska församling,2010-11-17,0891971250317,2,NATO,Vice ordförande,"",2014-10-28,34303
16715,uppdrag,Försvarsutskottet,1991-09-30,0911372158609,0,FöU,Ledamot,"",1993-10-05,16705
44168,kammaruppdrag,Cristina Husmark Pehrsson,2006-11-09,0810201628512,185,kam,Statsrådsersättare,Ersättare,2010-10-04,44162
7542,Riksdagsorgan,Utrikesnämnden,2004-07-20,0135730306412,0,UN,Ledamot,"",2006-10-10,7499
32127,kammaruppdrag,"",2022-06-13,0341604836310,100,kam,Riksdagsledamot,Tjänstgörande,2022-09-26,32126
9243,uppdrag,Socialförsäkringsutskottet,1988-10-11,0396368639900,0,SfU,Suppleant,"",1991-09-29,9236
53396,Riksdagsorgan,Nordiska rådets svenska delegation,2023-10-19,0546731406922,20,NR,Suppleant,"",2024-10-16,53373
32145,uppdrag,Trafikutskottet,2020-03-18,0285527517421,255,TU,Suppleant,"",2022-09-26,32132
31408,kammaruppdrag,"",2019-01-22,0334816698724,283,kam,Riksdagsledamot,Tjänstgörande,2022-01-10,31402
1095156,kammaruppdrag,Camilla Brunsberg,2026-06-08,0564126739422,221,kam,Ersättare,Ersättare,2026-07-07,36020
53871,uppdrag,Utrikesutskottet,2022-10-27,0742883909221,15,UU,Ledamot,"",2026-09-28,53868
38673,uppdrag,EU-nämnden,2016-06-14,0773497241728,66,EUN,Suppleant,"",2017-05-04,38647
2577,Riksdagsorgan,Nordiska rådets svenska delegation,1998-10-20,0766285636614,0,NR,Suppleant,"",2000-02-07,2552
3584,uppdrag,EU-nämnden,2002-10-08,087735695612,0,EUN,Suppleant,"",2005-02-28,3567
15961,Riksdagsorgan,Riksdagens delegation till Interparlamentariska unionen,1998-10-21,0229002789006,0,IPU,Suppleant,"",2002-09-30,15931
22795,Riksdagsorgan,Riksdagens delegation till parlamentariska Östersjökonferensen,2018-12-04,0752691002718,1,BSPC,Ordförande,"",2022-09-26,22753
28820,kammaruppdrag,"",2018-09-24,0446541913415,122,kam,Riksdagsledamot,Tjänstgörande,2022-09-26,28817
47196,kammaruppdrag,Arhe Hamednaca,2017-05-29,0911067396229,173,kam,Ersättare,Ersättare,2017-07-27,47189
17495,uppdrag,Civilutskottet,2012-10-05,09812885803,18,CU,Suppleant,"",2014-09-29,17489
30198,kammaruppdrag,"",2013-02-01,066769783310,196,kam,Riksdagsledamot,Tjänstgörande,2014-09-29,30195
34354,uppdrag,EU-nämnden,2010-10-12,0891971250317,22,EUN,Suppleant,"",2011-06-20,34303
1080414,Riksdagsorgan,Riksdagens delegation till OSSE:s parlamentariska församling,2026-04-21,0410640630411,3,OSSE,Ledamot,"",2026-10-13,52347
30250,uppdrag,Arbetsmarknadsutskottet,2020-03-18,0204494765606,90,AU,Suppleant,"",2022-09-26,30245
46251,uppdrag,Utrikesutskottet,2020-03-18,010643534813,263,UU,Suppleant,"",2020-09-03,46231
41385,Departement,Landsbygds- och infrastrukturdepartementet,2025-06-28,0168348837024,15,LI,Landsbygdsminister,"",2025-09-09,41383
41942,Riksdagsorgan,Nordiska rådets svenska delegation,2015-10-01,0980681611418,2,NR,Ledamot,"",2015-10-13,41844
6219,uppdrag,Arbetsmarknadsutskottet,1994-10-11,0184488075016,0,AU,Ledamot,"",1998-10-04,6214
19781,kammaruppdrag,"",2002-09-30,0213183979300,113,kam,Riksdagsledamot,Tjänstgörande,2006-10-02,19779
47085,uppdrag,Kulturutskottet,2020-03-18,066036027425,46,KrU,Suppleant,"",2022-09-26,47074
28196,Riksdagsorgan,Krigsdelegationen,2010-10-19,0677738818613,41,KD,Ledamot,"",2014-09-29,28163
44669,uppdrag,Konstitutionsutskottet,2022-01-11,0692076685824,16,KU,Ledamot,"",2022-09-26,44657
22667,uppdrag,Sammansatta utrikes- och försvarsutskottet,2017-05-02,0558039843819,11,UFöU,Suppleant,"",2017-06-14,22650
48855,kammaruppdrag,"",2021-11-30,0462699892622,140,kam,Riksdagsledamot,Tjänstgörande,2022-09-26,48846
47452,kammaruppdrag,Mona Smedman 2024-01-01 - 2024-05-31,2024-01-01,0665485817222,163,kam,Riksdagsledamot,Ledig,2024-05-31,47445
43118,Riksdagsorgan,Nordiska rådets svenska delegation,2025-10-15,0926214745119,2,NR,Ledamot,"",2026-10-31,43085
22503,uppdrag,EU-nämnden,1998-10-13,0658668232410,0,EUN,Suppleant,"",2006-10-10,22474
16280,kammaruppdrag,"",1998-10-05,0745549193810,21,kam,Riksdagsledamot,Tjänstgörande,2000-10-08,16272
5794,uppdrag,Socialutskottet,1991-10-08,0554072553108,0,SoU,Ordförande,"",1994-10-02,5787
24896,uppdrag,Socialutskottet,2014-10-07,0299937536814,3,SoU,Suppleant,"",2017-06-16,24891
48989,Riksdagsorgan,Riksdagens delegation till Europarådets parlamentariska församling,2003-01-01,0224712677012,0,ER,Suppleant,"",2005-03-17,48915
47860,kammaruppdrag,"Lars Johnsson 2022-10-18 - 2024-08-20, Ludvig Ceimertz 2024-08-21 - 2026-09-28",2022-10-18,0572788110724,65,kam,Riksdagsledamot,Ledig,2026-09-28,47855
52161,kammaruppdrag,"",2022-09-26,0802091197024,319,kam,Riksdagsledamot,Tjänstgörande,2026-09-28,52159
9489,kammaruppdrag,Julia Kronlid,2013-03-11,0156396655712,331,kam,Ersättare,Ersättare,2013-09-24,9488
13211,kammaruppdrag,"",1979-10-01,0583060288605,0,kam,Riksdagsledamot,Tjänstgörande,1982-10-04,13206
24509,uppdrag,Utrikesutskottet,2014-11-05,0604459858621,26,UU,Suppleant,"",2016-06-28,24483
39637,uppdrag,Skatteutskottet,2014-10-07,0630824497414,2,SkU,Ledamot,"",2015-01-27,39624
43554,Riksdagsorgan,Krigsdelegationen,2014-10-14,0257612529618,45,KD,Ledamot,"",2018-10-09,43468
27489,kammaruppdrag,"",2018-09-24,025931369428,180,kam,Riksdagsledamot,Tjänstgörande,2022-09-26,27487
5908,Riksdagsorgan,Riksdagsstyrelsen,2000-07-01,0512357753412,0,RS,Ledamot,"",2008-05-31,5885
28197,Riksdagsorgan,Valberedningen,2010-10-04,0677738818613,5,VB,Suppleant,"",2014-09-29,28163
53361,uppdrag,EU-nämnden,2002-10-08,0584183916016,17,EUN,Ledamot,"",2010-10-12,53329
38570,uppdrag,EU-nämnden,2006-10-10,0477013214601,0,EUN,Ledamot,"",2008-11-13,38532
29276,uppdrag,Kulturutskottet,2020-03-18,0893004490313,87,KrU,Suppleant,"",2022-09-26,29266
50650,uppdrag,Försvarsutskottet,2022-10-04,0496341906327,8,FöU,Suppleant,"",2026-09-28,50638
28238,uppdrag,EU-nämnden,2018-12-05,0750518623913,76,EUN,Suppleant,"",2019-02-13,28211
9338,uppdrag,Utbildningsutskottet,1982-10-04,0954999878706,0,UbU,Suppleant,"",1983-10-04,9318
51204,uppdrag,Sammansatta utrikes- och försvarsutskottet,2025-09-25,0412148992926,6,UFöU,Suppleant,"",2025-12-10,51177
37422,kammaruppdrag,"",2021-05-01,0996640018922,293,kam,Riksdagsledamot,Tjänstgörande,2022-09-26,37420
43816,uppdrag,Försvarsutskottet,2022-10-12,0386912710815,18,FöU,Suppleant,"",2023-11-28,43809
4365,kammaruppdrag,"",1986-10-07,0194731575606,0,kam,Riksdagsledamot,Tjänstgörande,1988-10-03,4362
1948,uppdrag,Justitieutskottet,1993-11-18,0667054859301,0,JuU,Ledamot,"",1994-10-02,1931
7786,kammaruppdrag,"",1994-10-03,078822921217,26,kam,Riksdagsledamot,Tjänstgörande,1997-01-20,7782
52210,uppdrag,Näringsutskottet,2023-04-10,0663840649717,0,NU,Extra suppleant,"",2023-05-12,52191
53973,uppdrag,EU-nämnden,2025-11-06,0427836082425,0,EUN,Extra suppleant,"",2026-01-11,53966
45924,kammaruppdrag,"",2014-09-29,0495314169413,256,kam,Riksdagsledamot,Tjänstgörande,2015-09-27,45921
603,uppdrag,Sammansatta utrikes- och försvarsutskottet,2004-02-05,0574724112206,0,UFöU,Deputerad,"",2004-02-18,580
15864,uppdrag,Arbetsmarknadsutskottet,1998-10-13,0184922809505,0,AU,Ledamot,"",1998-12-04,15855
13903,Riksdagsorgan,Krigsdelegationen,1998-10-20,0739780276601,0,KD,Ledamot,"",2002-10-14,13882
14405,uppdrag,Justitieutskottet,1982-10-04,0531431759204,0,JuU,Suppleant,"",1985-09-29,14387
49785,Riksdagsorgan,Nordiska rådets svenska delegation,2024-10-16,0502688311316,2,NR,Suppleant,"",2025-10-15,49753
6853,uppdrag,Civilutskottet,2007-09-27,0548089226618,0,CU,Suppleant,"",2008-02-15,6849
21896,Riksdagsorgan,Krigsdelegationen,2014-10-14,0113077554312,3,KD,Ledamot,"",2018-09-24,21877
14805,uppdrag,Konstitutionsutskottet,1991-09-30,0972781465305,0,KU,Ledamot,"",1994-10-02,14798
48746,uppdrag,Finansutskottet,2021-10-06,0229350341619,29,FiU,Suppleant,"",2022-09-26,48734
10568,kammaruppdrag,"",1991-09-30,0853366412307,328,kam,Riksdagsledamot,Tjänstgörande,1992-10-14,10565
7573,kammaruppdrag,Eva Flyborg,1997-10-20,0626451252310,206,kam,Ersättare,Ersättare,1997-12-19,7572
48069,Departement,Arbetsmarknadsdepartementet,2025-09-09,0125036219125,21,A,Jämställdhetsminister,"",2026-10-02,48068
2304,uppdrag,Finansutskottet,1993-10-08,0825004049003,0,FiU,Vice ordförande,"",1994-10-02,2291
51733,kammaruppdrag,"",2014-09-29,0802546764724,283,kam,Riksdagsledamot,Tjänstgörande,2015-10-31,51728
28125,Riksdagsorgan,Styrelsen för Stiftelsen Riksbankens Jubileumsfond,2016-11-01,0547818628111,2,RJ,Ledamot,"",2020-10-31,28090
14775,uppdrag,Finansutskottet,1991-10-15,0559791876105,0,FiU,Suppleant,"",1994-10-02,14765
45108,kammaruppdrag,"",2004-08-16,014744660015,68,kam,Riksdagsledamot,Tjänstgörande,2004-08-29,45087
8283,kammaruppdrag,"",1985-09-30,0802410630201,0,kam,Riksdagsledamot,Tjänstgörande,1987-11-12,8280
42339,Riksdagsorgan,Valberedningen,2025-01-16,0494242537816,6,VB,Suppleant,"",2026-09-28,42311
245,Riksdagsorgan,Utrikesnämnden,2002-10-08,0897304708905,0,UN,Suppleant,"",2006-10-10,219
44974,Riksdagsorgan,Krigsdelegationen,2022-10-11,0638497389621,5,KD,Ledamot,"",2022-12-08,44927
6632,uppdrag,Skatteutskottet,1998-10-13,0505599928316,0,SkU,Ledamot,"",1999-09-23,6624
53921,uppdrag,Justitieutskottet,2020-03-18,0227531635413,75,JuU,Suppleant,"",2022-09-26,53912
26862,uppdrag,Trafikutskottet,1998-10-13,0988598877109,0,TU,Ledamot,"",2002-01-14,26857
20818,kammaruppdrag,"",1994-10-03,0267879616300,118,kam,Riksdagsledamot,Tjänstgörande,1998-10-05,20817
48470,Riksdagsorgan,Krigsdelegationen,2002-10-15,0714307225418,0,KD,Ledamot,"",2006-10-16,48435
14770,kammaruppdrag,"",1982-10-04,0559791876105,0,kam,Riksdagsledamot,Tjänstgörande,1985-09-30,14765
16792,Riksdagsorgan,Krigsdelegationen,1991-10-15,0139582082909,0,KD,Ledamot,"",1994-10-03,16783
32719,kammaruppdrag,"",2022-09-26,0309480686522,129,kam,Riksdagsledamot,Tjänstgörande,2022-11-11,32716
39485,uppdrag,Socialförsäkringsutskottet,1994-10-11,0748447264503,0,SfU,Ledamot,"",1998-10-04,39474
23207,uppdrag,Kulturutskottet,2020-03-18,0455086201022,267,KrU,Suppleant,"",2022-09-26,23199
19512,uppdrag,Konstitutionsutskottet,2002-10-08,0914133868703,0,KU,Ledamot,"",2006-10-02,19507
52165,uppdrag,Skatteutskottet,2022-10-04,0802091197024,12,SkU,Suppleant,"",2026-09-28,52159
31447,uppdrag,Näringsutskottet,2020-03-18,0227802801605,217,NU,Suppleant,"",2022-01-31,31437
12656,kammaruppdrag,"",1991-09-30,0502353466300,116,kam,Riksdagsledamot,Tjänstgörande,1994-10-03,12652
47432,Riksdagsorgan,Riksdagens delegation till Natos parlamentariska församling,2022-10-26,0204240926023,1,NATO,Suppleant,"",2024-04-10,47383
40341,kammaruppdrag,"",2010-10-04,0369028728526,318,kam,Riksdagsledamot,Tjänstgörande,2014-09-29,40339
48903,Riksdagsorgan,Riksdagsstyrelsen,2014-10-07,0462699892622,10,RS,Ledamot,"",2015-02-05,48846
52222,kammaruppdrag,"",2022-09-26,0296384583518,236,kam,Riksdagsledamot,Tjänstgörande,2026-09-28,52221
14948,uppdrag,Socialförsäkringsutskottet,2005-04-06,0393171737407,0,SfU,Suppleant,"",2006-10-02,14942
27172,kammaruppdrag,Lola Björkquist 1992-10-17 - 1992-11-16,1992-10-17,0738969851001,91,kam,Riksdagsledamot,Ledig,1992-11-16,27168
3255,uppdrag,Civilutskottet,2010-10-12,0241675049710,15,CU,Ledamot,"",2013-02-21,3252
46699,uppdrag,EU-nämnden,2020-09-22,0947572086414,163,EUN,Suppleant,"",2021-03-31,46677
33169,uppdrag,Finansutskottet,2022-10-04,0904448094023,16,FiU,Suppleant,"",2024-01-25,33161
7518,uppdrag,Utrikesutskottet,2002-10-08,0135730306412,0,UU,Suppleant,"",2006-10-02,7499
8098,uppdrag,Näringsutskottet,1991-10-08,0573810408500,0,NU,Suppleant,"",1992-07-01,8090
17819,Departement,Försvarsdepartementet,1991-10-04,037063714405,0,Fö,Försvarsminister,"",1994-10-03,17818
44910,Riksdagsorgan,Krigsdelegationen,2022-11-15,0522054204918,3,KD,Ledamot,"",2026-10-13,44882
39460,uppdrag,Kulturutskottet,1990-06-14,0172078270306,0,KrU,Suppleant,"",1991-09-29,39447
21165,Riksdagsorgan,Valberedningen,2002-11-14,031005479013,0,VB,Ledamot,"",2006-10-02,21122
50049,Riksdagsorgan,Nordiska rådets svenska delegation,2025-10-15,0140985614421,4,NR,Suppleant,"",2026-10-31,50043
11857,uppdrag,Utrikesutskottet,1988-10-03,0145888252000,0,UU,Ledamot,"",1991-09-29,11831
2174,uppdrag,Lagutskottet,2002-10-08,0857394544302,0,LU,Suppleant,"",2004-09-23,2157
38199,uppdrag,Socialförsäkringsutskottet,1979-10-01,0872218435908,0,SfU,Suppleant,"",1982-10-03,38176
282,kammaruppdrag,"",1985-09-30,0622185335615,0,kam,Riksdagsledamot,Tjänstgörande,1988-10-03,272
13186,uppdrag,Utrikesutskottet,1988-11-12,0317320289305,0,UU,Suppleant,"",1988-12-11,13182
43936,kammaruppdrag,"",1988-10-03,0108961111006,232,kam,Riksdagsledamot,Tjänstgörande,1991-09-30,43935
7362,Riksdagsorgan,Riksbanksfullmäktige,2018-10-09,0537400268911,11,RB,Ledamot,"",2022-10-09,7330
13991,uppdrag,EES-utskottet,1992-05-26,0245320188502,0,EU,Ledamot,"",1993-06-04,13944
31403,partiuppdrag,Miljöpartiet de gröna,2021-02-22,0334816698724,0,MP,Förste vice gruppledare,"",2022-01-10,31402
23820,uppdrag,Socialutskottet,2012-09-28,0741225202024,2,SoU,Suppleant,"",2014-09-29,23814
45003,kammaruppdrag,Björn Petersson 2024-02-21 - 2024-03-24,2024-02-21,0853395328224,220,kam,Riksdagsledamot,Ledig,2024-03-24,44993
703,uppdrag,Sammansatta utrikes- och försvarsutskottet,1996-10-21,0789744347006,0,UFöU,Deputerad,"",1996-11-20,696
5758,uppdrag,Kulturutskottet,2006-10-10,0427127522211,0,KrU,Ledamot,"",2006-10-23,5749
1882,kammaruppdrag,"",2014-01-15,0591624095901,266,kam,Riksdagsledamot,Tjänstgörande,2014-09-29,1881
17703,kammaruppdrag,"",1998-10-05,019623784404,263,kam,Riksdagsledamot,Tjänstgörande,2002-09-30,17701
22953,kammaruppdrag,"",1994-10-03,0110600080618,131,kam,Riksdagsledamot,Tjänstgörande,1998-10-05,22946
23840,uppdrag,Kulturutskottet,2014-10-07,0321885416125,15,KrU,Ledamot,"",2017-11-09,23831
52422,uppdrag,Konstitutionsutskottet,2022-10-27,0764422217512,15,KU,Ledamot,"",2025-11-27,52418
9274,kammaruppdrag,"",1988-10-03,012786308404,39,kam,Riksdagsledamot,Tjänstgörande,1991-09-30,9273
40623,uppdrag,Socialutskottet,2007-02-01,011731125914,2,SoU,Vice ordförande,"",2010-10-04,40606
25086,Riksdagsorgan,Riksdagens delegation till OSSE:s parlamentariska församling,2018-10-09,0853831481615,7,OSSE,Ledamot,"",2022-09-26,25064
29290,uppdrag,Socialutskottet,2014-10-07,0893004490313,2,SoU,Ledamot,"",2017-10-13,29266
32102,uppdrag,Näringsutskottet,2020-03-18,0952789103522,237,NU,Suppleant,"",2022-09-26,32094
12708,uppdrag,Trafikutskottet,1992-01-16,0928479652300,0,TU,Ledamot,"",1994-10-02,12698
42890,uppdrag,Näringsutskottet,2020-03-18,0875221317013,162,NU,Suppleant,"",2022-09-26,42872
18906,uppdrag,Skatteutskottet,1982-10-04,0584386800218,0,SkU,Suppleant,"",1985-09-29,18877
6004,kammaruppdrag,"",2002-09-30,0181478122414,198,kam,Riksdagsledamot,Tjänstgörande,2006-10-02,6001
49595,partiuppdrag,Liberalerna,2019-09-24,0899169869710,0,L,Kvittningsperson,"",,49594
50794,uppdrag,Utrikesutskottet,2018-10-02,0970259744617,9,UU,Ledamot,"",2022-09-26,50778
31389,uppdrag,Trafikutskottet,2017-07-15,0495661214429,10,TU,Suppleant,"",2018-09-24,31370
51547,kammaruppdrag,"",2002-09-30,0155487380917,61,kam,Riksdagsledamot,Tjänstgörande,2006-10-02,51539
31146,uppdrag,Sammansatta utrikes- och försvarsutskottet,2015-11-17,0145294944502,13,UFöU,Deputerad,"",2015-12-16,31115
36053,Riksdagsorgan,Riksdagens delegation till OSSE:s parlamentariska församling,2018-10-09,0564126739422,2,OSSE,Suppleant,"",2022-09-26,36020
45932,uppdrag,Finansutskottet,2013-04-19,0495314169413,3,FiU,Ledamot,"",2014-09-29,45921
5974,uppdrag,Trafikutskottet,1998-10-13,0987147242812,0,TU,Ledamot,"",2002-09-30,5970
29177,Riksdagsorgan,Nordiska rådets svenska delegation,2016-02-09,010343930918,11,NR,Suppleant,"",2016-09-29,29133
14537,uppdrag,Finansutskottet,1991-09-30,0729731578904,0,FiU,Ledamot,"",1994-10-02,14526
31220,uppdrag,Socialutskottet,2020-03-18,0519542449425,111,SoU,Suppleant,"",2022-09-26,31207
45827,uppdrag,Finansutskottet,2020-03-18,0199751900210,142,FiU,Suppleant,"",2022-09-26,45818
17309,uppdrag,Sammansatta utrikes- och försvarsutskottet,2009-11-12,0739152363302,1,UFöU,Deputerad,"",2009-12-09,17286
21524,Riksdagsorgan,Nordiska rådets svenska delegation,2013-09-17,0251617324715,12,NR,Suppleant,"",2014-09-29,21504
49077,uppdrag,Justitieutskottet,2020-03-18,0407081382317,140,JuU,Suppleant,"",2021-11-30,49064
53664,uppdrag,Kulturutskottet,2014-10-07,0138741628520,13,KrU,Ledamot,"",2018-09-24,53633
771,kammaruppdrag,Göran Persson,1994-10-08,0340854285007,79,kam,Ersättare,Ersättare,1995-10-09,766
25571,kammaruppdrag,"",1991-09-30,0913138972707,284,kam,Riksdagsledamot,Tjänstgörande,1993-11-07,25567
7717,uppdrag,Utbildningsutskottet,1998-10-20,0864542495614,0,UbU,Suppleant,"",2002-09-30,7702
8687,kammaruppdrag,Tommy Waidelich,2008-02-11,0542215898226,112,kam,Ersättare,Ersättare,2008-04-13,8684
52757,uppdrag,Konstitutionsutskottet,2020-03-18,041911485722,77,KU,Suppleant,"",2020-09-03,52729
23769,uppdrag,Socialutskottet,2014-10-07,0548314774911,1,SoU,Vice ordförande,"",2015-09-30,23764
42545,uppdrag,Skatteutskottet,2025-02-14,0170585430421,15,SkU,Ledamot,"",2026-09-28,42541
52654,uppdrag,Utrikesutskottet,1998-10-13,0607691439013,0,UU,Suppleant,"",2002-09-30,52613
6162,kammaruppdrag,Björn Ericson 1983-04-06 - 1983-06-03,1983-04-06,0806338394516,0,kam,Riksdagsledamot,Ledig,1983-06-03,6138
40057,uppdrag,Arbetsmarknadsutskottet,2012-06-19,0899112324519,1,AU,Ordförande,"",2013-09-17,40021
3273,uppdrag,Näringsutskottet,1994-10-11,0478345475910,0,NU,Ledamot,"",1998-10-04,3265
18565,uppdrag,Utbildningsutskottet,1988-11-07,0470593486100,0,UbU,Suppleant,"",1991-09-29,18554
15897,uppdrag,Justitieutskottet,2002-10-08,0133282248705,0,JuU,Suppleant,"",2006-10-02,15889
18276,uppdrag,Arbetsmarknadsutskottet,1982-10-04,0209063197208,0,AU,Suppleant,"",1985-09-29,18258
47859,Departement,Justitiedepartementet,2022-10-18,0572788110724,18,Ju,Statsråd,"",2024-09-10,47855
52420,kammaruppdrag,"",2022-09-26,0764422217512,328,kam,Riksdagsledamot,Tjänstgörande,2026-09-28,52418
51724,uppdrag,Civilutskottet,2025-02-25,0262411569110,17,CU,Ledamot,"",2025-09-22,51717
16671,uppdrag,Sammansatta utrikes- och försvarsutskottet,2001-10-25,0841352877309,0,UFöU,Suppleant,"",2001-12-11,16659
26191,Riksdagsorgan,ESK-delegationen,1994-10-18,0944338157703,0,ESK,Ledamot,"",1994-12-31,26168
11021,kammaruppdrag,"",1985-09-30,0691717205205,0,kam,Riksdagsledamot,Tjänstgörande,1988-10-03,11019
7118,uppdrag,EU-nämnden,1995-01-01,0422439378601,0,EUN,Ledamot,"",1995-10-17,7104
4929,uppdrag,Bostadsutskottet,1991-10-08,0483316376813,0,BoU,Ledamot,"",1994-10-02,4907
44949,uppdrag,Kulturutskottet,2020-03-18,0638497389621,270,KrU,Suppleant,"",2022-09-26,44927
8511,uppdrag,Sammansatta konstitutions- och utrikesutskottet,2001-03-27,0502770250503,0,KUU,Deputerad,"",2001-04-26,8486
4928,uppdrag,Bostadsutskottet,1994-10-11,0483316376813,0,BoU,Suppleant,"",1998-10-04,4907
49360,uppdrag,Utbildningsutskottet,2025-10-02,0744993950910,2,UbU,Vice ordförande,"",2026-09-28,49329
43369,uppdrag,Näringsutskottet,2020-03-18,0810852280213,56,NU,Suppleant,"",2022-09-26,43353
2575,Riksdagsorgan,Krigsdelegationen,1998-10-20,0766285636614,0,KD,Ledamot,"",2002-10-14,2552
48867,uppdrag,Justitieutskottet,2022-01-11,0462699892622,22,JuU,Suppleant,"",2022-09-26,48846
47062,uppdrag,Konstitutionsutskottet,2010-02-16,0274462857213,0,KU,Extra suppleant,"",2010-03-31,47036
18477,uppdrag,Justitieutskottet,1995-01-16,0933523418809,0,JuU,Suppleant,"",1995-10-10,18467
40559,Departement,Justitiedepartementet,2022-10-18,0897334717419,10,Ju,Justitieminister,"",2024-09-10,40555
30626,uppdrag,Trafikutskottet,2018-10-02,0758652610,14,TU,Suppleant,"",2018-10-09,30612
4025,uppdrag,Miljö- och jordbruksutskottet,1998-10-13,0468206532916,0,MJU,Suppleant,"",2002-09-30,4015
18900,uppdrag,Försvarsutskottet,1991-10-08,0584386800218,0,FöU,Ledamot,"",1993-10-06,18877
4721,Riksdagsorgan,Nordiska rådets svenska delegation,2010-10-19,0699506181311,2,NR,Ledamot,"",2010-10-19,4701
6561,Riksdagsorgan,Valberedningen,1995-10-05,0544569681404,0,VB,Ledamot,"",1998-10-05,6543
13309,uppdrag,Trafikutskottet,1991-10-15,013600422205,0,TU,Suppleant,"",1994-10-02,13297
15070,Riksdagsorgan,ESK-delegationen,1993-01-21,0235331390700,0,ESK,Ledamot,"",1994-10-03,15050
46129,uppdrag,Miljö- och jordbruksutskottet,2020-03-18,014386615025,228,MJU,Suppleant,"",2022-09-26,46114
49098,Riksdagsorgan,Nordiska rådets svenska delegation,2017-09-28,0407081382317,12,NR,Suppleant,"",2018-10-09,49064
30622,uppdrag,Civilutskottet,2018-10-02,0758652610,14,CU,Suppleant,"",2018-10-09,30612
28112,uppdrag,Utbildningsutskottet,2014-10-07,0547818628111,4,UbU,Ledamot,"",2018-09-24,28090
17458,uppdrag,Sammansatta konstitutions- och utrikesutskottet,2002-04-18,0544752215503,0,KUU,Deputerad,"",2002-06-04,17449
34731,uppdrag,Kulturutskottet,2014-10-07,0760500234712,17,KrU,Suppleant,"",2018-09-24,34709
50769,Riksdagsorgan,Utrikesnämnden,2015-10-20,0879782396219,8,UN,Suppleant,"",2018-10-02,50699
7731,Riksdagsorgan,Krigsdelegationen,2006-10-17,0864542495614,27,KD,Ledamot,"",2010-10-19,7702
51616,uppdrag,EU-nämnden,2006-11-29,0155487380917,31,EUN,Suppleant,"",2010-10-12,51539
15012,kammaruppdrag,"",1991-09-30,0112791482908,159,kam,Riksdagsledamot,Tjänstgörande,1994-10-03,15006
44995,Departement,Socialdepartementet,2021-07-09,0853395328224,5,S,Socialminister,"",2021-11-30,44993
7928,uppdrag,Arbetsmarknadsutskottet,1995-10-11,0165732384110,0,AU,Ledamot,"",1996-03-22,7915
3266,kammaruppdrag,"",2002-09-30,0478345475910,38,kam,Riksdagsledamot,Tjänstgörande,2002-11-06,3265
46471,kammaruppdrag,"",2018-09-24,0877778793323,190,kam,Riksdagsledamot,Tjänstgörande,2022-09-26,46469
18437,uppdrag,Finansutskottet,2012-06-13,0661283223209,5,FiU,Ledamot,"",2013-04-18,18433
19641,uppdrag,Miljö- och jordbruksutskottet,1988-11-23,0658094895604,0,MJU,Suppleant,"",1989-10-04,19628
8744,uppdrag,Skatteutskottet,2010-10-12,0292756653724,1,SkU,Ordförande,"",2011-08-31,8736
19069,Riksdagsorgan,Valprövningsnämnden,1988-11-10,0618583795602,0,VPN,Suppleant,"",1994-11-15,19029
29274,uppdrag,Finansutskottet,2020-03-18,0893004490313,86,FiU,Suppleant,"",2022-09-26,29266
39414,uppdrag,Sammansatta utrikes- och försvarsutskottet,2018-11-15,0974061238314,11,UFöU,Deputerad,"",2018-12-05,39383
17926,uppdrag,EES-utskottet,1992-05-26,0153923606405,0,EU,Suppleant,"",1993-06-04,17908
50891,uppdrag,Skatteutskottet,2020-03-18,0973782197017,311,SkU,Suppleant,"",2022-09-26,50869
30697,kammaruppdrag,Helena Bonnier 2017-07-05 - 2018-03-05  Föräldraledighet,2017-07-05,0403769921921,316,kam,Riksdagsledamot,Ledig,2018-03-05,30695
6670,uppdrag,Miljö- och jordbruksutskottet,1988-10-03,0353689520405,0,MJU,Suppleant,"",1991-09-29,6655
23905,Riksdagsorgan,Utrikesnämnden,2010-10-12,0741005094627,3,UN,Suppleant,"",2014-10-07,23884
20322,Riksdagsorgan,Riksdagens delegation till Interparlamentariska unionen,1994-12-08,0137934715906,0,IPU,Ledamot,"",1998-10-20,20312
12749,uppdrag,Bostadsutskottet,1990-10-02,0244659729601,0,BoU,Suppleant,"",1990-11-04,12747
1773,uppdrag,Arbetsmarknadsutskottet,2006-10-10,0362924695201,15,AU,Suppleant,"",2010-10-04,1771
23077,kammaruppdrag,"",2010-10-04,0618560932311,112,kam,Riksdagsledamot,Tjänstgörande,2010-10-05,23071
4042,uppdrag,Kulturutskottet,1998-10-13,0821986001816,0,KrU,Suppleant,"",2002-09-30,4038
5733,kammaruppdrag,"",1985-09-30,0161742347007,0,kam,Riksdagsledamot,Tjänstgörande,1988-10-03,5730
337,Riksdagsorgan,Riksrevisionens styrelse,2006-10-17,0957794828205,1,RRS,Suppleant,"",2010-10-19,319
5737,uppdrag,Lagutskottet,1988-10-11,0161742347007,0,LU,Suppleant,"",1989-09-30,5730
37373,uppdrag,Utbildningsutskottet,2022-10-04,0281670919717,9,UbU,Ledamot,"",2026-09-28,37370
49043,uppdrag,Utbildningsutskottet,2020-03-18,037561614928,186,UbU,Suppleant,"",2022-09-26,49026
49677,Riksdagsorgan,Nordiska rådets svenska delegation,2020-10-14,0427321850912,11,NR,Ledamot,"",2021-10-13,49639
20496,Riksdagsorgan,Ledamotsrådet,2010-10-13,0196077326617,5,LR,Suppleant,"",2012-06-13,20460
46612,kammaruppdrag,"",2022-09-26,0157618290428,339,kam,Riksdagsledamot,Tjänstgörande,2026-09-28,46611
19803,kammaruppdrag,"",1979-10-01,0212469298402,0,kam,Riksdagsledamot,Tjänstgörande,1982-10-04,19797
22338,uppdrag,Miljö- och jordbruksutskottet,2014-10-07,0193378456716,2,MJU,Ledamot,"",2015-12-18,22331
19510,kammaruppdrag,Marita Ulvskog,1998-10-05,0914133868703,300,kam,Ersättare,Ersättare,2001-10-25,19507
47337,kammaruppdrag,Mats Sander 2022-03-14 - 2022-05-29,2022-03-14,0764949934324,295,kam,Riksdagsledamot,Ledig,2022-05-29,47331
25623,uppdrag,Miljö- och jordbruksutskottet,2014-11-05,0173210620224,26,MJU,Suppleant,"",2018-01-24,25613
53621,uppdrag,Utrikesutskottet,2020-03-18,0492644357418,288,UU,Suppleant,"",2020-09-03,53599
46154,Riksdagsorgan,Riksbanksfullmäktige,2018-10-09,014386615025,8,RB,Ledamot,"",2022-02-04,46114
18381,Riksdagsorgan,Valberedningen,1994-10-03,0553513261108,0,VB,Suppleant,"",2002-09-30,18358
792,uppdrag,Bostadsutskottet,1988-11-07,0157778896604,0,BoU,Suppleant,"",1991-09-29,784
47710,uppdrag,Sammansatta utrikes- och försvarsutskottet,2020-03-26,0642224351118,2,UFöU,Vice ordförande,"",2020-09-13,47671
8173,kammaruppdrag,"",1982-10-04,0274710563201,0,kam,Riksdagsledamot,Tjänstgörande,1985-09-30,8164
47182,uppdrag,EU-nämnden,2020-03-18,0768554866215,291,EUN,Suppleant,"",2022-10-04,47159
2900,kammaruppdrag,"",2006-10-02,0913965980315,55,kam,Riksdagsledamot,Tjänstgörande,2010-10-04,2899
8239,uppdrag,Kulturutskottet,2004-05-03,0320950917801,0,KrU,Suppleant,"",2005-10-18,8233
17756,uppdrag,Näringsutskottet,2002-01-18,0457213878205,0,NU,Suppleant,"",2002-09-29,17746
40327,kammaruppdrag,"",2022-09-26,0521260619925,86,kam,Riksdagsledamot,Tjänstgörande,2026-09-28,40326
7184,kammaruppdrag,"",1976-10-04,0805469037201,0,kam,Riksdagsledamot,Tjänstgörande,1979-10-01,7179
16338,uppdrag,Utbildningsutskottet,2012-10-04,0781029778411,4,UbU,Suppleant,"",2014-09-29,16336
30395,Riksdagsorgan,Styrelsen för Stiftelsen Riksbankens Jubileumsfond,2014-10-24,0208558695314,2,RJ,Personlig suppleant,"",2016-10-31,30363
40073,Riksdagsorgan,Styrelsen för Stiftelsen Riksbankens Jubileumsfond,2012-11-01,0899112324519,1,RJ,Vice ordförande,"",2013-09-17,40021
22541,uppdrag,Utbildningsutskottet,2006-10-10,0552248175312,0,UbU,Suppleant,"",2008-06-12,22523
52865,uppdrag,Försvarsutskottet,2014-10-07,0198917587520,15,FöU,Suppleant,"",2018-09-24,52838
16281,kammaruppdrag,"",1991-09-30,0745549193810,339,kam,Riksdagsledamot,Tjänstgörande,1994-10-03,16272
27686,uppdrag,Utbildningsutskottet,1994-10-12,0262017901513,0,UbU,Vice ordförande,"",1998-10-04,27661
5770,kammaruppdrag,Bengt Lindqvist,1989-01-30,0433787556201,17,kam,Ersättare,Ersättare,1991-09-30,5769
31514,uppdrag,Socialutskottet,1994-10-11,0247000811207,0,SoU,Ledamot,"",1998-10-04,31505
49152,kammaruppdrag,Hannah Bergstedt 2021-11-30 - 2022-09-26,2021-11-30,0509830681123,312,kam,Riksdagsledamot,Ledig,2022-09-26,49144
24038,uppdrag,Utrikesutskottet,2010-10-12,0901257862125,17,UU,Ledamot,"",2014-09-29,24029
12433,uppdrag,Finansutskottet,1998-10-13,0354810740804,0,FiU,Suppleant,"",2002-09-30,12422
19473,uppdrag,Bostadsutskottet,1991-10-08,0810673119603,0,BoU,Ledamot,"",1994-10-02,19459
10788,kammaruppdrag,"",1988-10-03,0583556285601,90,kam,Riksdagsledamot,Tjänstgörande,1989-05-08,10787
8518,Riksdagsorgan,Riksdagens delegation till Europarådets parlamentariska församling,1998-12-02,0502770250503,0,ER,Suppleant,"",2002-12-31,8486
50653,uppdrag,Civilutskottet,2020-03-18,0496341906327,134,CU,Suppleant,"",2022-09-26,50638
1988,uppdrag,Socialutskottet,1991-02-27,0654974921901,0,SoU,Ledamot,"",1991-09-29,1979
51065,uppdrag,Arbetsmarknadsutskottet,2020-03-20,0331791853028,320,AU,Suppleant,"",2022-09-26,51058
17849,Riksdagsorgan,Riksdagens delegation till Europarådets parlamentariska församling,1994-10-18,037063714405,0,ER,Ledamot,"",1994-10-19,17818
3127,uppdrag,Konstitutionsutskottet,1988-10-03,0893605406218,0,KU,Suppleant,"",1991-09-29,3118
18087,uppdrag,Utrikesutskottet,1994-10-11,0610573125306,0,UU,Ledamot,"",1998-10-04,18074
22160,uppdrag,Sammansatta utrikes- och försvarsutskottet,2019-05-09,0529103571012,9,UFöU,Deputerad,"",2019-06-12,22142
17248,uppdrag,Försvarsutskottet,1994-10-11,0509012622802,0,FöU,Ledamot,"",1998-10-04,17243
40609,Departement,Arbetsmarknadsdepartementet,2014-10-03,011731125914,4,A,Arbetsmarknadsminister,"",2016-05-25,40606
41010,uppdrag,Kulturutskottet,2020-03-18,0144048894712,61,KrU,Suppleant,"",2022-09-26,40995
45676,uppdrag,Arbetsmarknadsutskottet,2020-03-20,0333193598116,275,AU,Suppleant,"",2022-09-26,45667
48869,uppdrag,Miljö- och jordbruksutskottet,2022-01-11,0462699892622,306,MJU,Suppleant,"",2022-09-26,48846
1613,kammaruppdrag,Eva Nordmark 1995-01-10 - 1995-10-09,1995-01-10,061124537800,346,kam,Riksdagsledamot,Ledig,1995-10-09,1610
53947,Riksdagsorgan,Nordiska rådets svenska delegation,2023-10-19,0227531635413,11,NR,Ledamot,"",2024-10-16,53912
8344,uppdrag,Arbetsmarknadsutskottet,2010-10-12,0728463811911,3,AU,Suppleant,"",2011-03-06,8342
20406,kammaruppdrag,"",2010-10-04,0269067253614,289,kam,Riksdagsledamot,Tjänstgörande,2014-09-29,20403
19542,uppdrag,Försvarsutskottet,1991-09-30,0444624665304,0,FöU,Suppleant,"",1994-10-02,19537
5736,uppdrag,Skatteutskottet,1988-11-07,0161742347007,0,SkU,Suppleant,"",1989-09-30,5730
5956,uppdrag,Arbetsmarknadsutskottet,1998-10-13,0798417016112,0,AU,Ledamot,"",2002-09-30,5940
44791,uppdrag,Civilutskottet,2020-03-18,0103624617217,164,CU,Suppleant,"",2022-09-26,44779
15753,kammaruppdrag,"",2005-07-04,0488772415405,0,kam,Ersättare,Ersättare,2005-08-17,15752
52397,kammaruppdrag,"",2025-01-13,0220064764318,221,kam,Riksdagsledamot,Tjänstgörande,2026-06-07,52396
24512,uppdrag,Sammansatta utrikes- och försvarsutskottet,2017-11-14,0604459858621,5,UFöU,Suppleant,"",2017-12-15,24483
45311,Riksdagsorgan,Nordiska rådets svenska delegation,2021-10-13,0523902030928,3,NR,Suppleant,"",2022-10-11,45280
40475,uppdrag,Socialutskottet,2022-10-04,0781623040415,3,SoU,Ledamot,"",2022-10-18,40464
44408,uppdrag,Skatteutskottet,2020-03-18,0315499690028,215,SkU,Suppleant,"",2022-09-26,44388
14153,uppdrag,EES-utskottet,1992-06-10,0277100069203,0,EU,Suppleant,"",1993-06-04,14137
4226,kammaruppdrag,"",1991-09-30,043283522692,1,kam,Riksdagsledamot,Tjänstgörande,1994-10-03,4225
13403,uppdrag,Socialutskottet,1991-10-08,0388920259006,0,SoU,Suppleant,"",1994-10-02,13390
19646,Riksdagsorgan,Nordiska rådets svenska delegation,1994-10-18,0658094895604,0,NR,Ledamot,"",1996-10-23,19628
51114,uppdrag,Skatteutskottet,2020-03-18,0964730940415,177,SkU,Suppleant,"",2022-09-26,51099
48856,kammaruppdrag,Mats Berglund 2019-01-23 - 2021-11-30,2019-01-23,0462699892622,140,kam,Riksdagsledamot,Ledig,2021-11-30,48846
8977,uppdrag,Konstitutionsutskottet,2013-02-14,0424684306815,3,KU,Suppleant,"",2014-09-29,8975
30951,uppdrag,Civilutskottet,2018-10-02,0628870165823,16,CU,Ledamot,"",2018-10-02,30933
27668,kammaruppdrag,"",2006-10-02,0262017901513,110,kam,Riksdagsledamot,Tjänstgörande,2006-10-05,27661
23270,partiuppdrag,Miljöpartiet de gröna,2016-11-01,0157062733618,0,MP,Gruppledare,"",2018-01-15,23265
44285,uppdrag,Socialutskottet,2020-03-18,0457722435319,218,SoU,Suppleant,"",2022-09-26,44266
28612,Riksdagsorgan,Riksdagsstyrelsen,2018-10-02,0460690753617,3,RS,Ersättare,"",2022-09-26,28581
3802,Riksdagsorgan,Valberedningen,1992-10-23,0245526181815,0,VB,Suppleant,"",1994-10-03,3795
39193,uppdrag,Civilutskottet,2022-10-04,0254695027922,12,CU,Ordförande,"",2026-04-24,39189
6371,kammaruppdrag,"Maria Kornevik Jakobsson 2006-10-06 - 2010-10-04, Maria Kornevik Jakobsson 2010-10-04 - 2010-10-05  Statsråd",2010-10-04,0183788551910,18,kam,Riksdagsledamot,Ledig,2010-10-05,6367
26974,Riksdagsorgan,Valberedningen,2004-09-20,0327857385513,3,VB,Ledamot,"",2010-10-04,26956
31299,uppdrag,Socialförsäkringsutskottet,2014-10-07,085742305813,1,SfU,Suppleant,"",2017-05-07,31277
39097,uppdrag,Näringsutskottet,2022-10-04,0697733600628,2,NU,Ledamot,"",2022-10-17,39095
26574,uppdrag,Sammansatta utrikes- och försvarsutskottet,2013-04-23,0802826314426,1,UFöU,Deputerad,"",2013-06-18,26543
9164,uppdrag,Socialutskottet,2013-02-22,0534948028412,15,SoU,Suppleant,"",2014-09-29,9162
31132,uppdrag,Utrikesutskottet,2020-03-18,0145294944502,292,UU,Suppleant,"",2020-09-03,31115
41476,uppdrag,EU-nämnden,2022-12-20,0985426914829,87,EUN,Suppleant,"",2023-10-17,41470
8748,uppdrag,Konstitutionsutskottet,2004-09-23,0292756653724,0,KU,Suppleant,"",2006-10-02,8736
28105,uppdrag,Socialutskottet,2020-03-18,0547818628111,68,SoU,Suppleant,"",2022-09-26,28090
8282,kammaruppdrag,Eva Zetterberg 1987-11-13 - 1987-12-20,1987-11-13,0802410630201,0,kam,Riksdagsledamot,Ledig,1987-12-20,8280
6080,uppdrag,Näringsutskottet,2007-01-17,0600928907216,26,NU,Suppleant,"",2010-10-04,6072
1625,uppdrag,Sammansatta utrikes- och socialutskottet,2005-02-15,061124537800,0,USoU,Deputerad,"",2005-03-16,1610
8093,kammaruppdrag,"",1988-10-03,0573810408500,0,kam,Riksdagsledamot,Tjänstgörande,1991-09-30,8090
29775,uppdrag,Näringsutskottet,2020-03-18,0210198640127,80,NU,Suppleant,"",2022-03-22,29762
38388,uppdrag,Utbildningsutskottet,2020-03-18,0860364634014,197,UbU,Suppleant,"",2022-09-26,38371
18388,kammaruppdrag,"",1985-09-30,0814703093208,0,kam,Riksdagsledamot,Tjänstgörande,1988-10-03,18387
6464,Departement,Miljö- och samhällsbyggnadsdepartementet,2006-10-06,0195228370311,0,M  t.o.m. 1 jan-07,Miljöminister,"",2006-12-31,6462
27399,uppdrag,Trafikutskottet,2006-10-10,0455256796113,8,TU,Ledamot,"",2007-10-03,27388
23866,uppdrag,Kulturutskottet,2014-10-07,0316345926026,11,KrU,Ledamot,"",2015-01-18,23863
8000,kammaruppdrag,"",1985-09-30,0634320940409,0,kam,Riksdagsledamot,Tjänstgörande,1988-10-03,7996
21848,uppdrag,Utrikesutskottet,2019-02-27,043972220518,28,UU,Suppleant,"",2022-09-26,21830
49131,uppdrag,Utrikesutskottet,2020-03-18,0737666060225,172,UU,Suppleant,"",2020-09-03,49111
31767,uppdrag,EU-nämnden,2018-12-05,064711971110,77,EUN,Suppleant,"",2022-09-26,31745
48667,uppdrag,Arbetsmarknadsutskottet,2019-05-10,0538387395826,2,AU,Ledamot,"",2019-05-15,48644
31829,uppdrag,Arbetsmarknadsutskottet,2020-03-20,0846730583715,306,AU,Suppleant,"",2021-02-28,31815
19150,uppdrag,Miljö- och jordbruksutskottet,2002-10-08,0783033318602,0,MJU,Suppleant,"",2006-10-02,19147
36047,uppdrag,Miljö- och jordbruksutskottet,2011-02-02,0564126739422,13,MJU,Ledamot,"",2013-09-26,36020
29287,uppdrag,Utrikesutskottet,2019-02-27,0893004490313,29,UU,Suppleant,"",2019-09-20,29266
38705,uppdrag,Arbetsmarknadsutskottet,2020-03-18,0475778011711,164,AU,Suppleant,"",2022-09-26,38695
49641,kammaruppdrag,"",2018-09-24,0427321850912,21,kam,Riksdagsledamot,Tjänstgörande,2022-09-26,49639
26556,uppdrag,Utrikesutskottet,2014-10-07,0802826314426,7,UU,Ledamot,"",2015-01-28,26543
9524,uppdrag,Socialförsäkringsutskottet,2014-10-07,0652497579621,3,SfU,Suppleant,"",2017-05-07,9496
15272,Riksdagsorgan,EG-delegationen,1994-10-11,0522191574902,0,EG,Suppleant,"",1994-12-31,15271
20953,kammaruppdrag,Olof Johansson,1991-10-05,0990002843500,8,kam,Ersättare,Ersättare,1994-06-15,20952
46373,uppdrag,EU-nämnden,2022-10-19,0456680171315,19,EUN,Suppleant,"",2026-09-28,46349
46987,Riksdagsorgan,Riksdagens delegation till OSSE:s parlamentariska församling,2024-06-25,0905254899611,8,OSSE,Suppleant,"",2026-10-13,46983
19253,kammaruppdrag,Anne Ludvigsson 2001-11-19 - 2001-12-31,2001-11-19,0810983113102,95,kam,Riksdagsledamot,Ledig,2001-12-31,19251
3846,kammaruppdrag,"",1991-09-30,0314386385815,108,kam,Riksdagsledamot,Tjänstgörande,1994-10-03,3844
51191,uppdrag,Kulturutskottet,2020-03-18,0412148992926,162,KrU,Suppleant,"",2022-09-26,51177
25812,kammaruppdrag,"",2022-09-26,0512510717328,102,kam,Riksdagsledamot,Tjänstgörande,2022-10-18,25807
42386,uppdrag,Civilutskottet,2022-10-04,0469084171710,16,CU,Suppleant,"",2026-09-28,42383
7427,uppdrag,Kulturutskottet,2007-01-15,0649200228012,0,KrU,Suppleant,"",2007-05-31,7418
35907,Riksdagsorgan,Nordiska rådets svenska delegation,2017-09-28,0861447317415,7,NR,Ledamot,"",2018-09-24,35890
6506,uppdrag,Sammansatta konstitutions- och utrikesutskottet,2007-03-27,0181728423812,0,KUU,Deputerad,"",2009-05-06,6492
4043,uppdrag,Utbildningsutskottet,1994-10-11,0821986001816,0,UbU,Ledamot,"",1998-10-04,4038
44155,Riksdagsorgan,Ledamotsrådet,2012-06-14,0603753860213,6,LR,Ledamot,"",2014-10-15,44111
44307,uppdrag,Kulturutskottet,2022-10-04,069534526423,13,KrU,Suppleant,"",2026-09-28,44303
7954,uppdrag,Sammansatta konstitutions- och utrikesutskottet,2003-10-16,0546982180011,0,KUU,Suppleant,"",2003-11-20,7947
19206,uppdrag,Konstitutionsutskottet,1991-10-08,0887553712102,0,KU,Suppleant,"",1994-10-02,19204
38154,kammaruppdrag,"",1994-10-03,0560770565308,326,kam,Riksdagsledamot,Tjänstgörande,1998-10-05,38152
51505,Riksdagsorgan,Riksdagens delegation till Natos parlamentariska församling,2024-04-10,0682989845822,4,NATO,Ledamot,"",2026-10-26,51463
26725,uppdrag,Konstitutionsutskottet,2019-11-11,0624994476012,0,KU,Extra suppleant,"",2020-02-14,26709
38569,uppdrag,EU-nämnden,2010-10-12,0477013214601,9,EUN,Ledamot,"",2010-10-12,38532
48820,uppdrag,Försvarsutskottet,2020-03-18,0832311880029,74,FöU,Suppleant,"",2020-09-03,48795
45527,uppdrag,Utbildningsutskottet,2025-05-19,0599661454115,0,UbU,Extra suppleant,"",2025-11-28,45521
23765,kammaruppdrag,"",2014-09-29,0548314774911,51,kam,Riksdagsledamot,Tjänstgörande,2015-09-30,23764
584,uppdrag,Utrikesutskottet,2009-09-03,0574724112206,16,UU,Ledamot,"",2010-10-04,580
11768,kammaruppdrag,"",1976-10-04,0599498861600,0,kam,Riksdagsledamot,Tjänstgörande,1979-10-01,11763
2158,kammaruppdrag,"",2002-09-30,0857394544302,4,kam,Riksdagsledamot,Tjänstgörande,2006-10-02,2157
45594,uppdrag,Socialförsäkringsutskottet,2018-10-02,0721509806321,8,SfU,Ledamot,"",2020-11-27,45587
50792,uppdrag,Utrikesutskottet,2022-10-04,0970259744617,11,UU,Ledamot,"",2022-10-27,50778
49316,Riksdagsorgan,Krigsdelegationen,2014-10-14,0339894357417,28,KD,Ledamot,"",2018-10-09,49284
29666,uppdrag,Trafikutskottet,2021-03-15,012576033427,154,TU,Suppleant,"",2021-08-27,29644
7512,uppdrag,Skatteutskottet,2010-10-12,0135730306412,6,SkU,Suppleant,"",2011-05-03,7499
47538,uppdrag,Trafikutskottet,2020-03-18,0920901966627,228,TU,Suppleant,"",2022-09-26,47519
25466,kammaruppdrag,Anna-Caren Sätherberg,2021-11-30,0395154929710,78,kam,Statsrådsersättare,Ersättare,2022-09-26,25465
48701,uppdrag,Försvarsutskottet,2020-03-20,0803753212716,314,FöU,Suppleant,"",2020-09-03,48681
46905,uppdrag,Utbildningsutskottet,2020-03-18,0273506284025,77,UbU,Suppleant,"",2022-09-26,46885
13148,uppdrag,EU-nämnden,1995-01-01,0303930476905,0,EUN,Suppleant,"",1997-11-30,13133
38362,uppdrag,Utbildningsutskottet,2023-10-04,0371013828421,0,UbU,Extra suppleant,"",2023-10-08,38356
25102,Riksdagsorgan,Valprövningsnämnden,2015-02-18,0504711999229,6,VPN,Ledamot,"",2019-03-13,25098
11990,kammaruppdrag,Björn Ericson 1988-10-05 - 1990-01-11,1988-10-05,0288808902002,34,kam,Riksdagsledamot,Ledig,1990-01-11,11988
4076,uppdrag,Trafikutskottet,2003-01-24,07776758016,0,TU,Suppleant,"",2003-06-30,4071
23793,Riksdagsorgan,Krigsdelegationen,2008-08-14,0548314774911,4,KD,Ledamot,"",2010-10-19,23764
49870,uppdrag,Skatteutskottet,2020-10-23,0980092192122,93,SkU,Suppleant,"",2022-09-26,49829
30206,uppdrag,Miljö- och jordbruksutskottet,2020-03-18,066769783310,72,MJU,Suppleant,"",2022-09-26,30195
10580,uppdrag,Lagutskottet,1988-10-11,0853366412307,0,LU,Ledamot,"",1991-09-29,10565
43789,uppdrag,Civilutskottet,2023-09-29,0591020192311,9,CU,Suppleant,"",2024-09-11,43782
5842,kammaruppdrag,"",1998-10-05,0683297678211,86,kam,Riksdagsledamot,Tjänstgörande,2002-09-30,5839
13985,Riksdagsorgan,Utrikesnämnden,1982-10-04,0245320188502,0,UN,Ledamot,"",1985-09-30,13944
2470,uppdrag,Justitieutskottet,2002-10-24,0449003924218,0,JuU,Suppleant,"",2006-10-02,2463
2213,uppdrag,Näringsutskottet,1989-10-04,0972914963202,0,NU,Suppleant,"",1991-09-29,2203
9277,kammaruppdrag,"Inger Koch 1983-03-01 - 1983-03-31, Inger Koch 1983-04-01 - 1983-04-06",1983-03-01,012786308404,0,kam,Riksdagsledamot,Ledig,1983-04-06,9273
3257,uppdrag,Miljö- och jordbruksutskottet,2010-10-12,0241675049710,15,MJU,Suppleant,"",2013-02-21,3252
20805,Riksdagsorgan,Riksrevisionens parlamentariska råd,2011-05-06,0933424396309,1,RRPR,Ledamot,"",2011-05-11,20785
46405,uppdrag,Konstitutionsutskottet,2020-03-18,0554852839719,197,KU,Suppleant,"",2020-09-03,46387
30062,Riksdagsorgan,Riksdagens styrgrupp för det bilaterala demokratifrämjande samarbetet,2020-02-11,0170630324419,6,DEM,Ledamot,"",2022-09-26,30042
5313,kammaruppdrag,"",1991-11-30,0634917636517,281,kam,Riksdagsledamot,Tjänstgörande,1992-02-02,5306
39306,kammaruppdrag,"",2022-05-16,025967059622,62,kam,Riksdagsledamot,Tjänstgörande,2022-09-26,39302
31319,kammaruppdrag,Anders Forsberg,2017-03-03,0644591005314,93,kam,Ersättare,Ersättare,2017-03-18,31314
52796,uppdrag,Socialförsäkringsutskottet,2020-03-18,0105632258713,92,SfU,Suppleant,"",2022-09-26,52779
17250,uppdrag,Försvarsutskottet,1991-10-08,0509012622802,0,FöU,Suppleant,"",1994-10-02,17243
9197,uppdrag,Socialutskottet,2014-03-10,0119766779312,0,SoU,Extra suppleant,"",2014-04-17,9194
51614,uppdrag,EU-nämnden,2014-10-14,0155487380917,37,EUN,Suppleant,"",2018-10-02,51539
14473,uppdrag,Miljö- och jordbruksutskottet,1995-01-16,0664751846104,0,MJU,Ledamot,"",1998-10-04,14463
6908,uppdrag,Lagutskottet,2002-10-08,0517869568019,0,LU,Suppleant,"",2003-01-21,6893
44721,uppdrag,Justitieutskottet,2020-03-18,0766496753128,94,JuU,Suppleant,"",2022-09-26,44703
6864,Riksdagsorgan,Riksdagens delegation till Europarådets parlamentariska församling,2003-01-01,0548089226618,0,ER,Suppleant,"",2006-10-31,6849
47296,Riksdagsorgan,Riksdagens överklagandenämnd,2022-10-11,0729710260118,3,ÖN,Ledamot,"",2026-10-13,47248
18365,kammaruppdrag,"",2002-09-30,0553513261108,233,kam,Riksdagsledamot,Tjänstgörande,2003-03-27,18358
44196,uppdrag,EU-nämnden,2022-10-04,0810201628512,3,EUN,Suppleant,"",2026-09-28,44162
51736,uppdrag,Miljö- och jordbruksutskottet,2025-10-01,0802546764724,2,MJU,Ledamot,"",2026-09-28,51728
51396,uppdrag,Utrikesutskottet,2024-11-07,0667220767927,32,UU,Suppleant,"",2026-09-28,51383
48922,partiuppdrag,Folkpartiet liberalerna,2014-09-29,0224712677012,0,FP,Gruppledare,"",2014-10-04,48915
41683,uppdrag,Socialutskottet,2018-10-02,0130640724922,5,SoU,Suppleant,"",2022-01-19,41667
28523,uppdrag,Arbetsmarknadsutskottet,2020-03-18,0541320528015,94,AU,Suppleant,"",2022-09-26,28513
4828,uppdrag,Sammansatta utrikes- och försvarsutskottet,2002-12-03,0602796111612,0,UFöU,Suppleant,"",2002-12-18,4818
49038,uppdrag,Näringsutskottet,2020-03-18,037561614928,185,NU,Suppleant,"",2022-09-26,49026
8946,kammaruppdrag,Teres Lindberg,2012-07-15,0689360934600,24,kam,Ersättare,Ersättare,2012-12-31,8945
14297,kammaruppdrag,"",1991-09-30,0717130693403,256,kam,Riksdagsledamot,Tjänstgörande,1994-10-03,14292
50639,Riksdagsorgan,Systembolaget AB,2019-02-14,0496341906327,2,Systembolaget,Revisor,"",2020-02-29,50638
1082,uppdrag,Sammansatta utrikes- och försvarsutskottet,1996-10-21,0163254848207,0,UFöU,Suppleant,"",1996-11-20,1065
37749,uppdrag,Justitieutskottet,2020-03-18,0237055280513,308,JuU,Suppleant,"",2022-09-26,37734
27611,uppdrag,Trafikutskottet,2004-09-20,0352254228107,0,TU,Suppleant,"",2006-10-02,27594
51011,uppdrag,Utrikesutskottet,2022-10-04,028954589415,15,UU,Ledamot,"",2022-10-27,51005
43327,Riksdagsorgan,Krigsdelegationen,2010-10-19,0983984918111,32,KD,Ledamot,"",2014-10-14,43285
36830,Riksdagsorgan,Riksdagens råd för Riksrevisionen,2022-10-27,0481460392727,4,RRR,Ledamot,"",2026-10-27,36829
15013,kammaruppdrag,"",1988-10-03,0112791482908,162,kam,Riksdagsledamot,Tjänstgörande,1991-09-30,15006
11465,uppdrag,Försvarsutskottet,2004-01-30,0281408160607,0,FöU,Suppleant,"",2004-03-14,11455
28127,Riksdagsorgan,Styrelsen för Stiftelsen Riksbankens Jubileumsfond,2012-11-01,0547818628111,1,RJ,Personlig suppleant,"",2013-09-17,28090
45328,partiuppdrag,Liberalerna,2022-04-19,0161616238120,0,L,Förste vice gruppledare,"",2022-10-21,45327
41534,uppdrag,Kulturutskottet,2022-10-11,0938171000810,0,KrU,Extra suppleant,"",2023-06-30,41531
28259,kammaruppdrag,Christian Carlsson 2018-09-24 - 2018-12-31  Sjukledighet,2018-09-24,0860429409414,111,kam,Riksdagsledamot,Ledig,2018-12-31,28256
19844,uppdrag,Justitieutskottet,1988-10-03,04671560703,0,JuU,Ledamot,"",1991-09-29,19830
45263,Riksdagsorgan,Styrelsen för Stiftelsen Riksbankens Jubileumsfond,2020-11-01,065105536026,1,RJ,Personlig suppleant,"",2022-10-23,45224
43785,uppdrag,Näringsutskottet,2022-10-12,0591020192311,19,NU,Suppleant,"",2026-09-28,43782
9932,kammaruppdrag,Stig Gustafsson 1979-05-09 - 1979-06-09,1979-05-09,0160374603998,0,kam,Riksdagsledamot,Ledig,1979-06-09,9914
45997,Riksdagsorgan,Krigsdelegationen,1991-10-15,0700424025906,0,KD,Ledamot,"",1994-10-03,45954
50715,uppdrag,Justitieutskottet,2020-03-18,0879782396219,201,JuU,Suppleant,"",2022-09-26,50699
23040,kammaruppdrag,"",2010-10-04,0182190010218,210,kam,Riksdagsledamot,Tjänstgörande,2014-09-29,23037
21663,partiuppdrag,Socialdemokraterna,2008-06-05,0482927154110,0,S,Förste vice gruppledare,"",2010-10-04,21661
21073,uppdrag,Socialförsäkringsutskottet,2010-10-12,0150664940102,3,SfU,Suppleant,"",2012-11-07,21066
15787,uppdrag,Trafikutskottet,1995-10-11,0634122058105,0,TU,Ledamot,"",1998-10-04,15778
6800,uppdrag,Sammansatta utrikes- och försvarsutskottet,2004-05-11,042839539117,0,UFöU,Deputerad,"",2004-05-26,6776
49347,kammaruppdrag,"",2014-09-29,0744993950910,50,kam,Riksdagsledamot,Tjänstgörande,2014-10-02,49329
29145,uppdrag,Socialförsäkringsutskottet,2020-03-18,010343930918,83,SfU,Suppleant,"",2022-09-26,29133
25032,uppdrag,Civilutskottet,2020-03-18,0316870450511,50,CU,Suppleant,"",2020-06-21,25029
12685,kammaruppdrag,"",1982-10-04,0450899632600,0,kam,Riksdagsledamot,Tjänstgörande,1985-09-30,12683
22432,kammaruppdrag,"",2003-06-14,0363608290410,210,kam,Riksdagsledamot,Tjänstgörande,2004-04-25,22429
15960,Riksdagsorgan,Nordiska rådets svenska delegation,1998-10-20,0229002789006,0,NR,Ledamot,"",2002-09-30,15931
15023,uppdrag,Utrikesutskottet,1985-09-30,0112791482908,0,UU,Ledamot,"",1988-10-02,15006
10937,kammaruppdrag,"",1991-09-30,0870877750104,242,kam,Riksdagsledamot,Tjänstgörande,1994-10-03,10936
41641,uppdrag,Socialförsäkringsutskottet,2020-03-18,025877594729,89,SfU,Suppleant,"",2022-09-26,41628
11460,kammaruppdrag,"",1998-10-05,0281408160607,72,kam,Riksdagsledamot,Tjänstgörande,2002-09-30,11455
44163,partiuppdrag,Moderaterna,2024-11-12,0810201628512,0,M,Kvittningsperson,"",,44162
11591,Riksdagsorgan,EG-delegationen,1994-10-11,0213468747208,0,EG,Ledamot,"",1994-12-31,11590
21520,uppdrag,Utbildningsutskottet,2007-09-01,0251617324715,0,UbU,Suppleant,"",2007-09-25,21504
15296,Riksdagsorgan,Nordiska rådets svenska delegation,1985-09-30,0522191574902,0,NR,Ledamot,"",1994-10-03,15271
20179,uppdrag,EU-nämnden,1998-10-13,0937012299307,0,EUN,Ledamot,"",2001-02-28,20170
52512,uppdrag,Trafikutskottet,2019-12-16,0932000030511,2,TU,Ledamot,"",2022-09-26,52507
35905,Riksdagsorgan,Riksdagens ansvarsnämnd,2019-02-15,0861447317415,2,RAN,Ersättare,"",2021-12-31,35890
1739,uppdrag,Trafikutskottet,2006-10-10,0272604986201,9,TU,Ledamot,"",2010-10-04,1734
41056,uppdrag,Arbetsmarknadsutskottet,2022-11-17,0316505710324,25,AU,Suppleant,"",2026-09-28,41043
46658,uppdrag,EU-nämnden,2018-10-02,069309987221,9,EUN,Ledamot,"",2019-02-14,46626
3514,Riksdagsorgan,Valberedningen,2002-09-30,0681085425612,0,VB,Ledamot,"",2003-02-19,3495
23538,uppdrag,"Sammansatta utrikes-, miljö- och jordbruksutskottet",2003-02-18,064601872511,0,UMJU,Ordförande,"",2003-05-21,23513
41758,uppdrag,Konstitutionsutskottet,2020-03-18,0606863154419,304,KU,Suppleant,"",2020-09-03,41732
53766,uppdrag,Lagutskottet,2005-10-17,0847676507229,0,LU,Suppleant,"",2005-12-23,53743
49446,uppdrag,Utrikesutskottet,2020-03-18,0852475703226,223,UU,Suppleant,"",2020-09-03,49425
37432,uppdrag,Finansutskottet,2020-03-18,0996640018922,218,FiU,Suppleant,"",2022-09-26,37420
8101,Riksdagsorgan,Nordiska rådets svenska delegation,1991-10-15,0573810408500,0,NR,Suppleant,"",1994-10-03,8090
51663,Riksdagsorgan,Ledamotsrådet,2022-10-12,0604604418610,7,LR,Ledamot,"",2026-10-12,51652
2788,uppdrag,Lagutskottet,2002-01-01,0112524608217,0,LU,Suppleant,"",2002-09-29,2786
45571,uppdrag,EU-nämnden,2019-03-13,0228027853620,87,EUN,Suppleant,"",2022-10-04,45542
52027,Riksdagsorgan,Riksdagsstyrelsen,2018-10-02,0452755722723,10,RS,Ersättare,"",2020-09-30,51945
50830,uppdrag,Sammansatta utrikes- och försvarsutskottet,2018-05-15,0970259744617,4,UFöU,Suppleant,"",2018-06-14,50778
23518,kammaruppdrag,"",2014-10-04,064601872511,83,kam,Riksdagsledamot,Tjänstgörande,2014-12-16,23513
1857,uppdrag,Arbetsmarknadsutskottet,1991-10-08,0594584559201,0,AU,Ledamot,"",1994-10-02,1848
47304,Riksdagsorgan,Valberedningen,2016-10-26,0729710260118,10,VB,Ledamot,"",2018-09-24,47248
10549,kammaruppdrag,"",1988-10-03,0326516425507,127,kam,Riksdagsledamot,Tjänstgörande,1991-01-23,10548
45094,Departement,Näringsdepartementet,2017-07-27,014744660015,13,N,Närings- och innovationsminister,"",2019-01-21,45087
50827,uppdrag,Sammansatta utrikes- och försvarsutskottet,2019-11-14,0970259744617,4,UFöU,Suppleant,"",2019-12-17,50778
12262,uppdrag,Bostadsutskottet,1991-09-30,0401289742306,0,BoU,Ledamot,"",1994-10-02,12252
27153,uppdrag,Försvarsutskottet,1994-10-11,0373939465804,0,FöU,Suppleant,"",1998-10-04,27150
42040,uppdrag,EU-nämnden,2014-10-15,0718034011110,25,EUN,Suppleant,"",2018-10-02,42000
25622,uppdrag,Näringsutskottet,2016-01-14,0173210620224,14,NU,Ledamot,"",2018-01-24,25613
46290,uppdrag,Utrikesutskottet,2020-03-18,0128805841317,44,UU,Suppleant,"",2020-09-03,46269
10691,uppdrag,Arbetsmarknadsutskottet,1991-09-30,0725936371809,0,AU,Ledamot,"",1994-10-02,10684
51160,uppdrag,Utrikesutskottet,2022-10-04,0456522027421,8,UU,Ledamot,"",2026-09-28,51158
41364,uppdrag,Miljö- och jordbruksutskottet,2020-03-18,0279488554424,249,MJU,Suppleant,"",2022-09-26,41352
18132,kammaruppdrag,"",1998-10-05,0820673454606,41,kam,Riksdagsledamot,Tjänstgörande,2002-09-30,18129
18880,kammaruppdrag,"",1998-10-05,0584386800218,32,kam,Riksdagsledamot,Tjänstgörande,2002-09-30,18877
26971,uppdrag,Sammansatta justitie- och socialutskottet,2006-02-09,0327857385513,0,JuSoU,Suppleant,"",2006-04-26,26956
24737,kammaruppdrag,"",2010-10-04,0236051814311,189,kam,Riksdagsledamot,Tjänstgörande,2014-09-29,24735
9916,kammaruppdrag,Bengt Lindqvist 1993-05-01 - 1993-05-31,1993-05-01,0160374603998,3,kam,Riksdagsledamot,Ledig,1993-05-31,9914
27026,uppdrag,Näringsutskottet,1992-11-03,0747552775209,0,NU,Vice ordförande,"",1994-10-02,27016
52226,kammaruppdrag,Anna Wallén,2017-10-09,0296384583518,342,kam,Ersättare,Ersättare,2018-03-14,52221
51980,uppdrag,Konstitutionsutskottet,2012-04-19,0452755722723,26,KU,Suppleant,"",2014-09-29,51945
22411,uppdrag,EU-nämnden,2008-01-18,0338458649710,36,EUN,Suppleant,"",2010-10-12,22399
51842,uppdrag,Näringsutskottet,2020-03-18,0411459873625,227,NU,Suppleant,"",2022-09-26,51826
25037,uppdrag,Konstitutionsutskottet,2020-03-18,0316870450511,52,KU,Suppleant,"",2020-06-21,25029
40345,uppdrag,Näringsutskottet,2013-01-24,0369028728526,16,NU,Suppleant,"",2014-09-29,40339
49508,uppdrag,Kulturutskottet,2020-03-18,0254021157518,273,KrU,Suppleant,"",2022-09-26,49494
5843,kammaruppdrag,Göran Persson,1995-10-10,0683297678211,79,kam,Ersättare,Ersättare,1998-10-04,5839
51106,uppdrag,Arbetsmarknadsutskottet,2018-10-02,0964730940415,11,AU,Ledamot,"",2022-09-26,51099
28053,uppdrag,Miljö- och jordbruksutskottet,2022-03-28,0916608741910,0,MJU,Extra suppleant,"",2022-05-15,28049
1416,Riksdagsorgan,Riksdagsstyrelsen,2000-07-01,0104804820009,0,RS,Ledamot,"",2002-10-08,1388
7493,uppdrag,Utbildningsutskottet,2002-10-08,0170700930812,0,UbU,Suppleant,"",2006-10-02,7490
47160,kammaruppdrag,"",2022-09-26,0768554866215,255,kam,Riksdagsledamot,Tjänstgörande,2026-09-28,47159
30107,kammaruppdrag,Helén Andersson 2014-03-10 - 2014-04-17  Sjukledighet,2014-03-10,0934639939611,157,kam,Riksdagsledamot,Ledig,2014-04-17,30103
2294,kammaruppdrag,"",2006-10-07,0825004049003,7,kam,Riksdagsledamot,Tjänstgörande,2007-04-30,2291
3892,uppdrag,Utbildningsutskottet,1991-10-08,0920776498515,0,UbU,Ledamot,"",1994-10-02,3885
24559,uppdrag,Trafikutskottet,2014-10-07,0115834246514,15,TU,Ledamot,"",2018-06-07,24555
28644,uppdrag,Skatteutskottet,2022-04-01,0136310791918,0,SkU,Extra suppleant,"",2022-05-15,28632
25846,kammaruppdrag,"",1976-10-04,0277559107501,0,kam,Riksdagsledamot,Tjänstgörande,1979-10-01,25842
39719,kammaruppdrag,"",1994-10-03,0200426688007,5,kam,Riksdagsledamot,Tjänstgörande,1998-10-05,39717
44190,uppdrag,Konstitutionsutskottet,2014-10-07,0810201628512,7,KU,Suppleant,"",2018-01-19,44162
3167,kammaruppdrag,Bengt-Ola Ryttar,1995-01-10,0465435843419,288,kam,Ersättare,Ersättare,1995-10-09,3166
30537,uppdrag,Sammansatta utrikes- och försvarsutskottet,2013-04-23,0671241874717,13,UFöU,Suppleant,"",2013-06-18,30513
13135,Riksdagsorgan,EG-delegationen,1993-01-21,0303930476905,0,EG,Suppleant,"",1994-10-03,13133
44667,uppdrag,Kulturutskottet,2022-10-12,0692076685824,24,KrU,Suppleant,"",2026-09-28,44657
13899,Riksdagsorgan,Utrikesnämnden,2006-10-10,0739780276601,0,UN,Suppleant,"",2006-12-04,13882
16512,kammaruppdrag,Karl-Erik Svartberg,1989-10-16,0372922430808,217,kam,Ersättare,Ersättare,1989-11-23,16508
17083,kammaruppdrag,"",1985-09-30,0918472842401,0,kam,Riksdagsledamot,Tjänstgörande,1988-10-03,17082
6485,kammaruppdrag,Anders Ygeman,2007-03-18,0827298177012,111,kam,Ersättare,Ersättare,2007-09-17,6484
53687,kammaruppdrag,"",2026-01-01,0961483563503,312,kam,Riksdagsledamot,Tjänstgörande,2026-09-28,53686
30016,uppdrag,Miljö- och jordbruksutskottet,2020-03-18,0903307301618,208,MJU,Suppleant,"",2020-08-31,30004
51627,Riksdagsorgan,Riksdagens delegation till Europarådets parlamentariska församling,2010-11-01,0155487380917,3,ER,Suppleant,"",2014-11-01,51539
39888,Departement,Socialdepartementet,2016-05-25,0551169456620,20,S,Statsråd,"",2017-07-27,39887
2164,uppdrag,Konstitutionsutskottet,2002-10-08,0857394544302,0,KU,Ledamot,"",2006-10-02,2157
24095,uppdrag,Utrikesutskottet,2020-03-18,0787535945527,266,UU,Suppleant,"",2020-09-03,24078
6562,Riksdagsorgan,Valberedningen,1988-10-03,0544569681404,0,VB,Suppleant,"",1995-10-04,6543
27039,Riksdagsorgan,Krigsdelegationen,1992-11-02,0747552775209,0,KD,Ledamot,"",1994-10-03,27016
48098,Departement,Utbildningsdepartementet,2025-06-28,0277853016020,24,U,Utbildnings- och integrationsminister,"",2025-09-09,48096
494,uppdrag,Socialutskottet,1994-10-11,0310304705606,0,SoU,Ledamot,"",1995-01-18,487
42787,uppdrag,EU-nämnden,2025-01-14,0998575875190,0,EUN,Extra suppleant,"",2025-02-16,42777
13683,uppdrag,Finansutskottet,1994-10-11,0586690122908,0,FiU,Ledamot,"",1998-10-04,13673
50490,uppdrag,Sammansatta utrikes- och försvarsutskottet,2024-11-05,0473783431010,4,UFöU,Deputerad,"",2024-12-12,50454
47419,uppdrag,Sammansatta utrikes- och försvarsutskottet,2024-05-23,0204240926023,1,UFöU,Suppleant,"",2024-06-18,47383
45824,kammaruppdrag,"",2010-10-04,0199751900210,124,kam,Riksdagsledamot,Tjänstgörande,2014-09-29,45818
21364,uppdrag,Trafikutskottet,1992-03-17,0573136138218,0,TU,Suppleant,"",1992-05-31,21330
17923,uppdrag,Lagutskottet,1991-10-15,0153923606405,0,LU,Suppleant,"",1994-10-02,17908
3767,Riksdagsorgan,Riksbanksfullmäktige,2006-10-17,0888126424314,1,RB,Vice ordförande,"",2010-10-19,3758
27105,uppdrag,Konstitutionsutskottet,2003-10-03,0500946976511,0,KU,Suppleant,"",2003-12-18,27100
14743,kammaruppdrag,"",1985-09-30,0598571445305,0,kam,Riksdagsledamot,Tjänstgörande,1988-10-03,14740
1579,uppdrag,Utrikesutskottet,1998-10-13,0771794334400,0,UU,Suppleant,"",2000-03-28,1574
47654,Departement,Utbildningsdepartementet,2022-10-18,023001325318,6,U,Statsråd,"",2024-09-10,47650
4671,uppdrag,Socialförsäkringsutskottet,1989-10-04,0361346660811,0,SfU,Suppleant,"",1991-09-29,4667
14873,kammaruppdrag,"",1982-10-04,0532121969806,0,kam,Riksdagsledamot,Tjänstgörande,1985-09-30,14868
8546,kammaruppdrag,"",1988-10-03,0968100864203,50,kam,Riksdagsledamot,Tjänstgörande,1990-06-30,8545
15688,kammaruppdrag,"",1980-10-07,0395042560705,0,kam,Ersättare,Ersättare,1980-11-06,15684
10566,kammaruppdrag,"",1992-11-20,0853366412307,328,kam,Riksdagsledamot,Tjänstgörande,1994-10-03,10565
49721,uppdrag,Konstitutionsutskottet,2014-10-07,0630820052511,3,KU,Suppleant,"",2018-09-24,49699
1792,uppdrag,Trafikutskottet,1996-02-07,0903751303011,0,TU,Suppleant,"",1998-10-04,1780
29893,uppdrag,Näringsutskottet,2020-03-18,0204443909416,114,NU,Suppleant,"",2022-09-26,29878
4476,uppdrag,Miljö- och jordbruksutskottet,1998-12-18,0590881101608,0,MJU,Suppleant,"",2002-09-30,4468
5124,uppdrag,Trafikutskottet,2005-06-16,0556347007015,0,TU,Ledamot,"",2006-10-02,5116
6807,Riksdagsorgan,Valberedningen,1998-10-05,042839539117,0,VB,Ledamot,"",2006-10-02,6776
48076,kammaruppdrag,"",2006-10-02,0125036219125,133,kam,Riksdagsledamot,Tjänstgörande,2010-10-04,48068
8983,kammaruppdrag,Erik Ullenhag,2013-01-23,0437269990517,145,kam,Statsrådsersättare,Ersättare,2014-09-29,8982
51127,uppdrag,Sammansatta utrikes- och försvarsutskottet,2025-03-13,0964730940415,2,UFöU,Suppleant,"",2025-03-20,51099
24341,uppdrag,Näringsutskottet,2013-03-13,0105126451619,16,NU,Ledamot,"",2014-09-29,24336
29974,uppdrag,EU-nämnden,2018-11-27,0513020576128,73,EUN,Suppleant,"",2019-02-13,29962
28729,Riksdagsorgan,Riksrevisionens parlamentariska råd,2014-10-14,0781520322912,1,RRPR,Ledamot,"",2014-10-24,28689
8856,uppdrag,Civilutskottet,2010-10-12,0924947945722,2,CU,Ordförande,"",2011-03-02,8841
14293,kammaruppdrag,Marina Pettersson 1997-02-17 - 1997-09-30,1997-02-17,0717130693403,253,kam,Riksdagsledamot,Ledig,1997-09-30,14292
32431,uppdrag,Miljö- och jordbruksutskottet,1998-10-13,0480007629014,0,MJU,Suppleant,"",2002-09-30,32422
44840,kammaruppdrag,"",2010-10-04,051207517226,327,kam,Riksdagsledamot,Tjänstgörande,2014-09-29,44833
31379,uppdrag,Kulturutskottet,2021-10-13,0495661214429,325,KrU,Suppleant,"",2022-09-26,31370
21824,Riksdagsorgan,Utrikesnämnden,2004-04-29,0331967573912,0,UN,Suppleant,"",2006-10-10,21808
1179,uppdrag,Trafikutskottet,2006-10-10,0251564185908,0,TU,Ledamot,"",2007-02-13,1169
39910,kammaruppdrag,"",2002-09-30,0238588409223,29,kam,Riksdagsledamot,Tjänstgörande,2006-10-02,39898
39774,kammaruppdrag,Carl Bildt,2000-05-01,012053331219,2,kam,Ersättare,Ersättare,2000-06-30,39764
51370,Riksdagsorgan,Krigsdelegationen,2022-11-17,0800956862429,41,KD,Ledamot,"",2026-06-15,51326
50683,uppdrag,Sammansatta utrikes- och försvarsutskottet,2015-11-17,0496341906327,8,UFöU,Suppleant,"",2015-12-16,50638
50524,kammaruppdrag,"",2018-09-24,0202577142527,230,kam,Riksdagsledamot,Tjänstgörande,2022-09-26,50520
50133,uppdrag,Civilutskottet,2020-03-18,0376395541120,173,CU,Suppleant,"",2022-09-26,50121
30015,uppdrag,Konstitutionsutskottet,2020-03-18,0903307301618,205,KU,Suppleant,"",2020-08-31,30004
46742,kammaruppdrag,"",2022-09-26,0588282566419,48,kam,Riksdagsledamot,Tjänstgörande,2026-09-28,46741
30453,uppdrag,Finansutskottet,2020-03-18,0521844714515,227,FiU,Suppleant,"",2022-09-26,30447
44175,uppdrag,Finansutskottet,2020-03-18,0810201628512,53,FiU,Suppleant,"",2022-09-26,44162
41553,uppdrag,Arbetsmarknadsutskottet,2022-10-04,0519740099915,7,AU,Ledamot,"",2024-05-31,41546
1081324,uppdrag,Sammansatta utrikes- och försvarsutskottet,2026-05-19,0624040854527,16,UFöU,Deputerad,"",2026-06-04,53287
42001,partiuppdrag,Moderaterna,2020-09-29,0718034011110,0,M,Förste vice gruppledare,"",2022-10-18,42000
30699,uppdrag,Socialförsäkringsutskottet,2017-02-14,0403769921921,11,SfU,Ledamot,"",2018-09-24,30695
5540,kammaruppdrag,"",1979-10-01,0123927542506,0,kam,Riksdagsledamot,Tjänstgörande,1982-10-04,5519
53073,uppdrag,Försvarsutskottet,2020-03-18,0587736055221,124,FöU,Suppleant,"",2020-09-03,53050
26693,kammaruppdrag,"",1979-10-01,053444143093,0,kam,Riksdagsledamot,Tjänstgörande,1982-10-04,26688
11615,Riksdagsorgan,Valprövningsnämnden,1982-10-04,0213468747208,0,VPN,Suppleant,"",1991-12-17,11590
45762,Riksdagsorgan,Riksdagens delegation till OSSE:s parlamentariska församling,2002-10-15,0284192765516,0,OSSE,Suppleant,"",2002-10-23,45710
50969,uppdrag,Civilutskottet,2020-03-18,0226631365426,115,CU,Suppleant,"",2022-09-26,50963
40790,kammaruppdrag,"",2014-09-29,084624777218,139,kam,Riksdagsledamot,Tjänstgörande,2018-09-24,40787
51469,uppdrag,Försvarsutskottet,2022-10-04,0682989845822,12,FöU,Suppleant,"",2026-09-28,51463
5618,uppdrag,Justitieutskottet,2001-03-28,0699787174310,0,JuU,Suppleant,"",2001-04-27,5600
41818,Riksdagsorgan,Riksdagsstyrelsen,2014-10-07,0836001490919,9,RS,Ersättare,"",2018-10-02,41768
40089,uppdrag,Socialutskottet,2024-09-11,0966063008623,9,SoU,Ledamot,"",2026-09-28,40087
13001,uppdrag,Lagutskottet,1991-10-08,0153549892302,0,LU,Ordförande,"",1994-10-02,12983
40809,uppdrag,Utrikesutskottet,2020-03-18,084624777218,119,UU,Suppleant,"",2020-09-03,40787
7216,kammaruppdrag,"",1985-09-30,0982209946601,0,kam,Riksdagsledamot,Tjänstgörande,1988-10-03,7208
53645,uppdrag,Socialutskottet,2023-09-20,0138741628520,5,SoU,Suppleant,"",2023-12-18,53633
1699,uppdrag,EES-utskottet,1992-06-03,0236004923301,0,EU,Suppleant,"",1993-06-04,1680
25244,uppdrag,Arbetsmarknadsutskottet,2020-03-18,0598792324417,60,AU,Suppleant,"",2022-09-26,25242
22241,uppdrag,Sammansatta utrikes- och försvarsutskottet,2015-11-17,088028607414,7,UFöU,Deputerad,"",2015-12-16,22223
28218,uppdrag,Finansutskottet,2020-03-18,0750518623913,50,FiU,Suppleant,"",2021-01-31,28211
21790,uppdrag,Arbetsmarknadsutskottet,2010-12-22,0582811195313,21,AU,Suppleant,"",2012-09-30,21758
1490,uppdrag,Utrikesutskottet,2003-03-12,0512424416400,0,UU,Suppleant,"",2006-02-18,1476
52634,uppdrag,Miljö- och jordbruksutskottet,2020-03-18,0607691439013,48,MJU,Suppleant,"",2022-09-26,52613
895,kammaruppdrag,Linda Wemmert,2011-10-10,0783865993627,223,kam,Ersättare,Ersättare,2011-12-23,893
31864,uppdrag,Utbildningsutskottet,2020-03-18,057993099726,111,UbU,Suppleant,"",2022-09-26,31850
29989,uppdrag,Finansutskottet,2010-11-26,0132698667318,23,FiU,Suppleant,"",2012-04-12,29982
10913,kammaruppdrag,"",1985-09-30,0371147794304,0,kam,Riksdagsledamot,Tjänstgörande,1988-06-05,10909
29403,uppdrag,EU-nämnden,2002-10-08,0878075468027,0,EUN,Ledamot,"",2006-10-10,29356
6780,kammaruppdrag,"",1998-10-05,042839539117,114,kam,Riksdagsledamot,Tjänstgörande,2002-09-30,6776
38405,uppdrag,EU-nämnden,2020-03-18,0860364634014,233,EUN,Suppleant,"",2022-10-04,38371
34727,uppdrag,Försvarsutskottet,2020-03-18,0760500234712,198,FöU,Suppleant,"",2020-09-03,34709
50710,uppdrag,Utrikesutskottet,2022-10-04,0879782396219,6,UU,Ledamot,"",2022-10-04,50699
15626,kammaruppdrag,Hadar Cars 1991-10-05 - 1992-06-30,1991-10-05,0841802782704,14,kam,Riksdagsledamot,Ledig,1992-06-30,15623
48945,uppdrag,Justitieutskottet,2019-09-05,0224712677012,14,JuU,Ledamot,"",2022-04-13,48915
31971,uppdrag,Socialförsäkringsutskottet,2020-03-18,0272006117024,242,SfU,Suppleant,"",2022-09-26,31962
29539,uppdrag,Arbetsmarknadsutskottet,2014-10-07,0485476395125,11,AU,Ledamot,"",2018-09-24,29535
542,uppdrag,Sammansatta utrikes- och försvarsutskottet,2014-04-15,0502174718806,4,UFöU,Suppleant,"",2014-06-12,535
1035525,uppdrag,Utbildningsutskottet,2026-02-26,0766496753128,27,UbU,Suppleant,"",2026-09-28,44703
4120,kammaruppdrag,"",2002-06-15,0650006662217,341,kam,Riksdagsledamot,Tjänstgörande,2002-09-30,4119
29807,kammaruppdrag,"",2014-09-29,0216534495014,207,kam,Riksdagsledamot,Tjänstgörande,2018-09-24,29805
25904,uppdrag,Socialutskottet,2018-10-02,0341628241813,6,SoU,Suppleant,"",2022-09-26,25889
46746,uppdrag,Civilutskottet,2022-10-27,0588282566419,7,CU,Ledamot,"",2026-09-28,46741
3635,kammaruppdrag,"",2010-10-04,0468775142013,193,kam,Riksdagsledamot,Tjänstgörande,2014-09-29,3631
23958,uppdrag,Sammansatta utrikes- och försvarsutskottet,2004-10-19,0404025497421,0,UFöU,Suppleant,"",2004-12-15,23930
16874,uppdrag,Socialförsäkringsutskottet,1991-10-08,0773312517000,0,SfU,Ledamot,"",1994-10-02,16865
20713,kammaruppdrag,"Karin Nilsson 2006-10-06 - 2010-10-04, Karin Nilsson 2010-10-04 - 2014-09-29  Statsråd",2010-10-04,0465398691116,291,kam,Riksdagsledamot,Ledig,2014-09-29,20708
1863,uppdrag,EU-nämnden,1995-01-01,0594584559201,0,EUN,Ledamot,"",1998-10-05,1848
15056,kammaruppdrag,"",1985-09-30,0235331390700,0,kam,Riksdagsledamot,Tjänstgörande,1988-10-03,15050
41525,Riksdagsorgan,Riksrevisionens parlamentariska råd,2011-01-01,0494054455310,6,RRPR,Ledamot,"",2014-10-14,41490
40024,Departement,Arbetsmarknadsdepartementet,2013-09-17,0899112324519,24,A,Arbetsmarknadsminister,"",2014-10-03,40021
6027,uppdrag,Trafikutskottet,2013-12-12,0371688419616,27,TU,Suppleant,"",2014-09-29,6019
41742,uppdrag,Finansutskottet,2024-01-25,0606863154419,23,FiU,Suppleant,"",2024-05-16,41732
45098,partiuppdrag,Socialdemokraterna,2012-02-23,014744660015,0,S,Gruppledare,"",2014-09-29,45087
41976,uppdrag,Socialförsäkringsutskottet,1993-10-19,0567830387107,0,SfU,Vice ordförande,"",1994-10-02,41960
1492,uppdrag,Utrikesutskottet,1998-10-13,0512424416400,0,UU,Suppleant,"",2002-09-30,1476
13905,Riksdagsorgan,Krigsdelegationen,1994-10-18,0739780276601,0,KD,Ledamot,"",1998-10-05,13882
32384,uppdrag,Utbildningsutskottet,2019-07-15,0395762282903,0,UbU,Extra suppleant,"",2019-10-01,32374
33738,Departement,Utrikesdepartementet,2019-01-21,0992800527915,16,UD,Statsråd,"",2019-09-10,33730
30218,uppdrag,Finansutskottet,2013-03-06,066769783310,28,FiU,Suppleant,"",2014-09-29,30195
41420,uppdrag,Försvarsutskottet,2020-03-18,0121939297619,172,FöU,Suppleant,"",2020-09-03,41399
224,kammaruppdrag,"",1991-09-30,0897304708905,307,kam,Riksdagsledamot,Tjänstgörande,1994-10-03,219
41592,uppdrag,Utbildningsutskottet,2022-10-04,0545733815610,1,UbU,Ledamot,"",2026-09-28,41587
32594,uppdrag,EU-nämnden,2018-10-09,0955748436811,34,EUN,Suppleant,"",2022-10-04,32569
11217,uppdrag,Socialutskottet,1991-10-08,0252987797901,0,SoU,Suppleant,"",1994-10-02,11207
24089,uppdrag,Skatteutskottet,2020-03-18,0787535945527,262,SkU,Suppleant,"",2022-09-26,24078
27696,uppdrag,EU-nämnden,2002-10-08,0262017901513,0,EUN,Suppleant,"",2004-09-23,27661
49430,uppdrag,Utbildningsutskottet,2022-12-21,0852475703226,28,UbU,Suppleant,"",2025-10-14,49425
11463,uppdrag,Miljö- och jordbruksutskottet,2004-04-23,0281408160607,0,MJU,Suppleant,"",2004-07-03,11455
5016,uppdrag,EU-nämnden,2008-10-27,0679667648714,14,EUN,Suppleant,"",2010-10-12,5007
7594,uppdrag,Arbetsmarknadsutskottet,1999-11-04,0874331493311,0,AU,Suppleant,"",2002-09-30,7585
15022,uppdrag,Utrikesutskottet,1988-10-03,0112791482908,0,UU,Ledamot,"",1991-09-29,15006
41816,Riksdagsorgan,Riksdagsstyrelsen,2018-10-02,0836001490919,7,RS,Ersättare,"",2022-10-02,41768
50725,uppdrag,Konstitutionsutskottet,2020-03-18,0879782396219,201,KU,Suppleant,"",2020-09-03,50699
41496,uppdrag,Finansutskottet,2023-06-14,0494054455310,29,FiU,Suppleant,"",2024-06-19,41490
16663,kammaruppdrag,"",1994-10-03,0841352877309,230,kam,Riksdagsledamot,Tjänstgörande,1998-10-05,16659
44916,Riksdagsorgan,Nordiska rådets svenska delegation,2022-10-11,0522054204918,7,NR,Suppleant,"",2022-10-26,44882
39351,uppdrag,Justitieutskottet,2022-10-04,0719332223713,17,JuU,Ledamot,"",2024-03-01,39348
28529,uppdrag,Näringsutskottet,2020-03-18,0541320528015,97,NU,Suppleant,"",2022-09-26,28513
22511,Riksdagsorgan,Riksdagens förvaltningskontor,1998-10-13,0658668232410,0,RFK,Suppleant,"",2000-06-30,22474
53390,uppdrag,Trafikutskottet,2020-03-18,0546731406922,299,TU,Suppleant,"",2022-09-26,53373
29180,Riksdagsorgan,Nordiska rådets svenska delegation,2011-10-12,010343930918,18,NR,Ledamot,"",2012-09-18,29133
967,uppdrag,Utrikesutskottet,1996-03-11,0747244983307,0,UU,Suppleant,"",1996-05-31,959
19522,Riksdagsorgan,Valprövningsnämnden,2002-12-10,0914133868703,0,VPN,Suppleant,"",2007-01-17,19507
32493,kammaruppdrag,"",1985-09-30,0755978501008,0,kam,Riksdagsledamot,Tjänstgörande,1988-10-03,32491
40217,Riksdagsorgan,Utrikesnämnden,2018-10-02,0603490586517,9,UN,Suppleant,"",2019-06-27,40201
1307,uppdrag,Konstitutionsutskottet,1998-10-13,0664794700308,0,KU,Ledamot,"",2001-01-31,1299
21154,uppdrag,Näringsutskottet,1988-10-03,031005479013,0,NU,Ledamot,"",1991-09-29,21122
23200,kammaruppdrag,"",2018-09-24,0455086201022,107,kam,Riksdagsledamot,Tjänstgörande,2022-09-26,23199
23955,uppdrag,Sammansatta utrikes- och försvarsutskottet,2006-05-18,0404025497421,0,UFöU,Suppleant,"",2006-06-14,23930
1081265,uppdrag,Sammansatta utrikes- och försvarsutskottet,2026-05-19,0155487380917,14,UFöU,Deputerad,"",2026-06-04,51539
10724,kammaruppdrag,"",1985-09-30,0420946896300,0,kam,Riksdagsledamot,Tjänstgörande,1988-10-03,10722
45841,uppdrag,Arbetsmarknadsutskottet,2014-10-07,0199751900210,3,AU,Ledamot,"",2018-09-24,45818
46104,Riksdagsorgan,Valberedningen,2022-09-26,0430865615328,17,VB,Suppleant,"",2025-03-18,46072
5943,kammaruppdrag,"",2006-10-02,0798417016112,205,kam,Riksdagsledamot,Tjänstgörande,2008-10-21,5940
47936,uppdrag,Socialutskottet,2020-03-18,0108109641223,41,SoU,Suppleant,"",2022-09-26,47911
51597,uppdrag,Sammansatta utrikes- och försvarsutskottet,2012-11-27,0155487380917,11,UFöU,Deputerad,"",2012-12-19,51539
39305,kammaruppdrag,"",2022-09-26,025967059622,153,kam,Riksdagsledamot,Tjänstgörande,2022-10-04,39302
11603,uppdrag,Konstitutionsutskottet,1985-09-30,0213468747208,0,KU,Suppleant,"",1988-10-02,11590
47355,uppdrag,Trafikutskottet,2020-03-18,0764949934324,51,TU,Suppleant,"",2022-09-26,47331
49928,uppdrag,Arbetsmarknadsutskottet,2020-03-18,0648224557612,221,AU,Suppleant,"",2022-09-26,49921
21881,kammaruppdrag,"",2002-09-30,0113077554312,306,kam,Riksdagsledamot,Tjänstgörande,2006-10-02,21877
31123,uppdrag,Kulturutskottet,2020-03-18,0145294944502,291,KrU,Suppleant,"",2022-03-31,31115
32403,Departement,Kulturdepartementet,2022-10-07,0321691108412,17,Ku,Kulturminister,"",2022-10-18,32402
11096,kammaruppdrag,"",1994-10-03,0409817272107,286,kam,Riksdagsledamot,Tjänstgörande,1996-01-28,11093
6035,uppdrag,Sammansatta utrikes- och försvarsutskottet,2003-06-11,0371688419616,0,UFöU,Deputerad,"",2003-06-12,6019
50431,uppdrag,Sammansatta utrikes- och försvarsutskottet,2014-04-15,0937688366013,2,UFöU,Deputerad,"",2014-06-12,50402
13229,Riksdagsorgan,EG-delegationen,1994-10-11,0719430958705,0,EG,Ledamot,"",1994-12-31,13228
29817,uppdrag,Socialförsäkringsutskottet,2020-03-18,0216534495014,229,SfU,Suppleant,"",2022-09-26,29805
49241,uppdrag,Socialförsäkringsutskottet,2024-05-16,0999976269027,16,SfU,Ledamot,"",2024-05-31,49232
19463,kammaruppdrag,"",1991-10-01,0810673119603,202,kam,Riksdagsledamot,Tjänstgörande,1994-10-03,19459
44496,uppdrag,Försvarsutskottet,2010-10-19,0612916684825,19,FöU,Suppleant,"",2014-09-29,44460
12017,kammaruppdrag,Anna Lindgren 1992-10-21 - 1992-11-20,1992-10-21,0110548017702,86,kam,Riksdagsledamot,Ledig,1992-11-20,12015
7076,uppdrag,Trafikutskottet,2002-10-15,0195810270316,0,TU,Suppleant,"",2006-10-02,7073
48886,uppdrag,EU-nämnden,2022-01-11,0462699892622,16,EUN,Ledamot,"",2022-09-26,48846
43305,kammaruppdrag,"",2002-09-30,0983984918111,0,kam,Statsrådsersättare,Ersättare,2006-02-20,43285
52708,Riksdagsorgan,Krigsdelegationen,2014-10-14,0607691439013,46,KD,Ledamot,"",2018-10-09,52613
46094,uppdrag,Konstitutionsutskottet,2020-03-18,0430865615328,274,KU,Suppleant,"",2020-09-03,46072
42097,uppdrag,Socialutskottet,2020-03-18,0134101155612,211,SoU,Suppleant,"",2022-09-26,42085
46696,uppdrag,Utbildningsutskottet,2020-09-22,0947572086414,121,UbU,Suppleant,"",2021-03-31,46677
18978,kammaruppdrag,"",1991-09-30,0379333062002,262,kam,Riksdagsledamot,Tjänstgörande,1994-10-03,18976
44391,kammaruppdrag,Erica Nådin 2019-02-11 - 2019-11-30,2019-02-11,0315499690028,118,kam,Riksdagsledamot,Ledig,2019-11-30,44388
28638,kammaruppdrag,"",2006-10-02,0136310791918,37,kam,Riksdagsledamot,Tjänstgörande,2010-10-04,28632
8186,uppdrag,Sammansatta utrikes- och försvarsutskottet,2004-10-19,0274710563201,0,UFöU,Suppleant,"",2004-12-15,8164
19639,uppdrag,Miljö- och jordbruksutskottet,1991-04-12,0658094895604,0,MJU,Suppleant,"",1991-09-29,19628
41507,uppdrag,Trafikutskottet,2020-03-18,0494054455310,260,TU,Suppleant,"",2022-09-26,41490
51431,Riksdagsorgan,Riksdagsstyrelsen,2019-02-07,0667220767927,1,RS,Ledamot,"",2022-10-02,51383
41177,uppdrag,Försvarsutskottet,2020-03-18,0194498232620,210,FöU,Suppleant,"",2020-09-03,41155
23766,kammaruppdrag,"",2010-10-04,0548314774911,170,kam,Riksdagsledamot,Tjänstgörande,2014-09-29,23764
48204,uppdrag,Socialutskottet,2025-09-10,071293048118,11,SoU,Ledamot,"",2026-09-28,48202
12604,kammaruppdrag,"",1986-12-14,0611699417309,0,kam,Riksdagsledamot,Tjänstgörande,1988-10-03,12603
46100,Riksdagsorgan,Riksbanksfullmäktige,2022-10-11,0430865615328,4,RB,Suppleant,"",2026-02-25,46072
45171,Riksdagsorgan,Ledamotsrådet,2018-10-10,0378597308227,6,LR,Ledamot,"",2022-10-10,45145
51269,Riksdagsorgan,Riksdagens delegation till Arktiska parlamentarikerkonferensen,2022-10-26,0866055333028,3,CPAR,Ledamot,"",2022-11-16,51223
41781,uppdrag,Miljö- och jordbruksutskottet,2020-11-30,0836001490919,17,MJU,Ledamot,"",2022-09-26,41768
17561,uppdrag,Finansutskottet,1998-10-13,0534173087404,0,FiU,Ledamot,"",2002-09-30,17555
41514,uppdrag,Socialförsäkringsutskottet,2014-10-07,0494054455310,13,SfU,Suppleant,"",2016-02-25,41490
22707,Riksdagsorgan,Ledamotsrådet,2011-10-20,0640669898710,3,LR,Suppleant,"",2013-04-24,22690
45092,Departement,Justitiedepartementet,2019-09-10,014744660015,9,Ju,Statsråd,"",2021-02-04,45087
50184,kammaruppdrag,"",2018-09-24,0418929039326,311,kam,Riksdagsledamot,Tjänstgörande,2021-10-31,50178
31407,Departement,Miljö- och energidepartementet,2016-05-25,0334816698724,24,M,Miljöminister,"",2016-09-13,31402
18652,uppdrag,Socialutskottet,1988-10-11,0900533740700,0,SoU,Suppleant,"",1991-09-29,18636
29157,uppdrag,Skatteutskottet,2015-12-18,010343930918,7,SkU,Ledamot,"",2017-12-19,29133
24409,uppdrag,Kulturutskottet,2020-03-18,0228167770927,101,KrU,Suppleant,"",2022-09-26,24399
51954,uppdrag,Utrikesutskottet,2023-11-28,0452755722723,15,UU,Suppleant,"",2024-09-11,51945
47944,uppdrag,Utrikesutskottet,2020-03-18,0108109641223,42,UU,Suppleant,"",2020-09-03,47911
23365,uppdrag,Kulturutskottet,2020-03-18,0925652297119,288,KrU,Suppleant,"",2022-09-26,23356
33055,uppdrag,Arbetsmarknadsutskottet,2006-10-10,0516528386117,2,AU,Suppleant,"",2010-10-04,33025
39050,uppdrag,Socialförsäkringsutskottet,2020-03-18,0880018341619,298,SfU,Suppleant,"",2022-09-26,39037
14981,uppdrag,Justitieutskottet,1998-12-18,0462541496508,0,JuU,Suppleant,"",2002-09-30,14975
35636,uppdrag,Miljö- och jordbruksutskottet,2022-10-27,0262525788220,3,MJU,Suppleant,"",2024-09-05,35634
1787,uppdrag,Konstitutionsutskottet,2002-10-08,0903751303011,0,KU,Suppleant,"",2006-10-02,1780
40794,uppdrag,Skatteutskottet,2022-10-04,084624777218,14,SkU,Ledamot,"",2024-09-12,40787
52126,uppdrag,EU-nämnden,2020-03-18,0575283695521,97,EUN,Suppleant,"",2022-10-04,52099
42800,uppdrag,Näringsutskottet,2020-03-18,0203877548421,190,NU,Suppleant,"",2022-09-26,42790
37634,uppdrag,Trafikutskottet,2020-03-18,0780214960516,153,TU,Suppleant,"",2022-09-26,37615
9709,kammaruppdrag,"",1976-10-04,0249303256091,0,kam,Riksdagsledamot,Tjänstgörande,1979-10-01,9705
2241,uppdrag,Bostadsutskottet,1990-10-13,0207544889903,0,BoU,Suppleant,"",1990-11-12,2237
4709,uppdrag,Finansutskottet,2007-01-17,0699506181311,23,FiU,Suppleant,"",2010-10-04,4701
42761,uppdrag,Utrikesutskottet,2020-03-18,091303475611,262,UU,Suppleant,"",2020-09-03,42742
27117,kammaruppdrag,"",1994-10-03,0327449447106,36,kam,Riksdagsledamot,Tjänstgörande,1998-10-05,27116
35714,Departement,Justitiedepartementet,2010-10-06,0956595590924,9,Ju,Statsråd,"",2014-09-28,35711
52199,uppdrag,Arbetsmarknadsutskottet,2024-04-03,0663840649717,0,AU,Extra suppleant,"",2024-06-30,52191
21951,uppdrag,Finansutskottet,2007-10-04,0731442709013,0,FiU,Suppleant,"",2008-11-13,21913
5095,uppdrag,Socialförsäkringsutskottet,2002-10-08,0476457225115,0,SfU,Suppleant,"",2006-10-02,5088
2177,Riksdagsorgan,Riksdagens delegation till Interparlamentariska unionen,2002-12-19,0857394544302,0,IPU,Vice ordförande,"",2006-10-02,2157
43234,uppdrag,Socialförsäkringsutskottet,2024-05-14,0796312429425,3,SfU,Ordförande,"",2026-09-28,43231
9500,kammaruppdrag,"",2014-09-29,0652497579621,326,kam,Riksdagsledamot,Tjänstgörande,2018-09-24,9496
46452,Riksdagsorgan,Valberedningen,2022-09-26,0313390540217,18,VB,Ledamot,"",2026-09-28,46421
33731,Departement,Utrikesdepartementet,2022-10-07,0992800527915,7,UD,Utrikesminister,"",2022-10-18,33730
46663,Riksdagsorgan,Nordiska rådets svenska delegation,2023-10-19,069309987221,17,NR,Ledamot,"",2024-10-16,46626
15345,uppdrag,Justitieutskottet,1991-10-08,0713431429202,0,JuU,Suppleant,"",1992-03-17,15343
3385,uppdrag,Socialförsäkringsutskottet,1990-10-04,0420875837811,0,SfU,Ledamot,"",1991-09-29,3381
39484,uppdrag,Finansutskottet,1998-10-20,0748447264503,0,FiU,Suppleant,"",2002-09-30,39474
3392603,uppdrag,Konstitutionsutskottet,2026-02-03,0512009811316,0,KU,Extra suppleant,"",2026-06-22,53264
9163,kammaruppdrag,"",2013-02-22,0534948028412,258,kam,Riksdagsledamot,Tjänstgörande,2014-09-29,9162
19238,Riksdagsorgan,Valprövningsnämnden,2002-12-10,0817433088402,0,VPN,Ledamot,"",2003-12-09,19219
8040,uppdrag,Kulturutskottet,2003-09-22,0180442748612,0,KrU,Suppleant,"",2003-12-31,8030
14824,kammaruppdrag,"",1989-12-16,0401511670506,78,kam,Riksdagsledamot,Tjänstgörande,1991-09-30,14822
48736,Riksdagsorgan,Riksdagens råd för Riksrevisionen,2021-05-07,0229350341619,5,RRR,Suppleant,"",2022-10-27,48734
44889,uppdrag,Arbetsmarknadsutskottet,2020-03-18,0522054204918,62,AU,Suppleant,"",2022-09-26,44882
51035,uppdrag,EU-nämnden,2020-03-18,028954589415,96,EUN,Suppleant,"",2022-10-04,51005
52698,Riksdagsorgan,Riksdagens delegation till Natos parlamentariska församling,2022-10-26,0607691439013,3,NATO,Suppleant,"",2024-04-10,52613
44449,uppdrag,Utrikesutskottet,2023-06-01,011548866929,26,UU,Suppleant,"",2026-09-28,44445
40009,kammaruppdrag,Magdalena Thuresson,2021-12-10,088461404416,142,kam,Ersättare,Ersättare,2022-03-22,40007
43019,uppdrag,Sammansatta utrikes- och försvarsutskottet,2021-11-11,0122987223112,21,UFöU,Suppleant,"",2021-12-15,42991
5126,uppdrag,Utbildningsutskottet,2002-10-24,0556347007015,0,UbU,Suppleant,"",2005-10-10,5116
9102,kammaruppdrag,"",2014-05-24,03856618629,222,kam,Riksdagsledamot,Tjänstgörande,2014-09-29,9101
31445,uppdrag,Konstitutionsutskottet,2018-10-02,0227802801605,1,KU,Suppleant,"",2022-01-31,31437
9028,kammaruppdrag,Tobias Billström,2012-07-01,0979018047922,36,kam,Statsrådsersättare,Ersättare,2014-02-23,9026
1363,uppdrag,Konstitutionsutskottet,2004-06-19,0640774576009,0,KU,Ledamot,"",2006-10-02,1356
24748,uppdrag,Sammansatta utrikes- och försvarsutskottet,2014-04-15,0236051814311,16,UFöU,Suppleant,"",2014-06-12,24735
48670,uppdrag,Civilutskottet,2017-03-24,0538387395826,11,CU,Ledamot,"",2017-10-13,48644
29609,uppdrag,Näringsutskottet,2018-10-02,0980316377627,2,NU,Ordförande,"",2019-02-26,29582
9642,kammaruppdrag,"",1982-10-04,0283853469394,0,kam,Riksdagsledamot,Tjänstgörande,1985-09-30,9640
19425,Riksdagsorgan,Nordiska rådets svenska delegation,1995-11-08,0692993567203,0,NR,Ledamot,"",1998-10-05,19397
41261,kammaruppdrag,"",2018-09-24,0859968278117,196,kam,Riksdagsledamot,Tjänstgörande,2022-09-26,41259
21017,kammaruppdrag,"",1998-10-05,0235974887200,317,kam,Riksdagsledamot,Tjänstgörande,2002-09-30,21011
38842,uppdrag,Socialutskottet,2020-03-18,0557180142229,262,SoU,Suppleant,"",2022-09-26,38826
13792,Riksdagsorgan,Riksdagens förvaltningskontor,1998-10-13,0399430895200,0,RFK,Suppleant,"",2000-06-30,13780
23085,uppdrag,Konstitutionsutskottet,2002-10-08,0618560932311,0,KU,Suppleant,"",2004-09-23,23071
49255,uppdrag,Skatteutskottet,2020-03-18,0999976269027,302,SkU,Suppleant,"",2022-09-26,49232
7770,uppdrag,Utbildningsutskottet,2002-10-08,0880452278816,0,UbU,Ledamot,"",2006-10-02,7760
49893,uppdrag,EU-nämnden,2019-12-19,0980092192122,70,EUN,Suppleant,"",2022-10-04,49829
24421,uppdrag,Sammansatta utrikes- och försvarsutskottet,2020-03-26,0228167770927,39,UFöU,Suppleant,"",2020-09-13,24399
1138,uppdrag,Miljö- och jordbruksutskottet,2002-10-08,0960030082916,0,MJU,Ledamot,"",2002-10-23,1126
7308,uppdrag,Näringsutskottet,2010-10-12,0401150407611,9,NU,Ledamot,"",2014-09-29,7300
28669,Riksdagsorgan,Riksdagens delegation till Interparlamentariska unionen,2002-12-19,0136310791918,0,IPU,Suppleant,"",2004-04-13,28632
5227,uppdrag,Kulturutskottet,2001-03-28,0115057914316,0,KrU,Suppleant,"",2002-09-29,5213
18723,uppdrag,Utrikesutskottet,1994-10-11,0520793981601,0,UU,Suppleant,"",1998-10-04,18711
45599,uppdrag,Kulturutskottet,2020-03-18,0721509806321,224,KrU,Suppleant,"",2020-11-27,45587
22298,uppdrag,Försvarsutskottet,2006-10-10,0781648625615,17,FöU,Ledamot,"",2010-10-04,22289
3801,Riksdagsorgan,Valberedningen,1994-10-03,0245526181815,0,VB,Ledamot,"",1998-10-05,3795
14985,uppdrag,Bostadsutskottet,1998-10-13,0462541496508,0,BoU,Ledamot,"",2002-09-30,14975
39462,Riksdagsorgan,Utrikesnämnden,1990-06-14,0172078270306,0,UN,Suppleant,"",1991-09-30,39447
9403,uppdrag,Näringsutskottet,2011-05-13,0950559490627,0,NU,Extra suppleant,"",2011-06-13,9396
22666,uppdrag,Sammansatta utrikes- och försvarsutskottet,2017-11-14,0558039843819,11,UFöU,Suppleant,"",2017-12-15,22650
35595,uppdrag,Finansutskottet,2021-07-29,0987246082523,207,FiU,Suppleant,"",2021-12-17,35587
29591,uppdrag,Utbildningsutskottet,2022-02-01,0980316377627,2,UbU,Andre vice ordförande,"",2022-09-26,29582
39836,uppdrag,Sammansatta konstitutions- och utrikesutskottet,2007-03-27,0862868280923,0,KUU,Deputerad,"",2009-05-06,39816
47495,uppdrag,Sammansatta utrikes- och försvarsutskottet,2016-11-15,0665485817222,9,UFöU,Deputerad,"",2016-12-14,47445
21993,uppdrag,Sammansatta civil- och kulturutskottet,2018-03-13,0376867803913,8,CKrU,Suppleant,"",2018-05-24,21980
23444,Riksdagsorgan,Riksdagens delegation till OSSE:s parlamentariska församling,2014-10-14,0910241260018,1,OSSE,Ledamot,"",2014-11-06,23392
39536,uppdrag,Sammansatta utrikes- och försvarsutskottet,2015-04-14,0284039893826,10,UFöU,Suppleant,"",2015-06-16,39525
40276,Departement,Finansdepartementet,2021-02-05,0783117374519,21,Fi,Statsråd,"",2021-06-29,40273
32947,uppdrag,Finansutskottet,2014-10-07,0628190530410,15,FiU,Ledamot,"",2018-09-24,32923
33215,uppdrag,Sammansatta utrikes- och försvarsutskottet,2022-10-20,0497217816024,6,UFöU,Suppleant,"",2022-12-21,33190
49485,uppdrag,EU-nämnden,2020-03-18,0776705932527,271,EUN,Suppleant,"",2022-10-04,49461
50882,uppdrag,Arbetsmarknadsutskottet,2020-03-18,0973782197017,258,AU,Suppleant,"",2022-09-26,50869
16196,Riksdagsorgan,Krigsdelegationen,2013-01-22,0714579775816,3,KD,Ledamot,"",2014-10-14,16174
28109,uppdrag,Konstitutionsutskottet,2020-03-18,0547818628111,66,KU,Suppleant,"",2020-09-03,28090
49303,uppdrag,Näringsutskottet,2018-10-02,0339894357417,1,NU,Vice ordförande,"",2019-01-21,49284
46836,uppdrag,Finansutskottet,2020-03-18,0472349361027,178,FiU,Suppleant,"",2022-09-26,46818
30983,kammaruppdrag,Crister Spets 2016-10-19 - 2016-12-23  Sjukledighet,2016-10-19,0182800488922,151,kam,Riksdagsledamot,Ledig,2016-12-23,30980
44630,uppdrag,EU-nämnden,2019-02-14,0940980416614,17,EUN,Ledamot,"",2022-10-04,44592
14947,uppdrag,Kulturutskottet,2005-04-06,0393171737407,0,KrU,Suppleant,"",2006-10-02,14942
1081569,kammaruppdrag,Mohamed Yassin 2026-05-19 - 2026-06-19,2026-05-19,0381853591928,14,kam,Riksdagsledamot,Ledig,2026-06-19,42471
6538,uppdrag,Justitieutskottet,2000-12-06,0791588767213,0,JuU,Suppleant,"",2001-01-01,6534
21237,uppdrag,Sammansatta utrikes- och socialutskottet,2005-02-15,0641486384014,0,USoU,Deputerad,"",2005-03-16,21214
10637,Riksdagsorgan,Valberedningen,1988-10-03,0275356156309,0,VB,Suppleant,"",1991-09-30,10608
7636,uppdrag,Försvarsutskottet,2008-11-10,019331401512,0,FöU,Suppleant,"",2008-12-31,7633
16358,uppdrag,Försvarsutskottet,1988-10-11,0806172169007,0,FöU,Suppleant,"",1991-09-29,16343
8674,Riksdagsorgan,Nordiska rådets svenska delegation,2006-10-17,0324815829026,20,NR,Ledamot,"",2010-10-04,8650
5245,kammaruppdrag,Cinnika Beiming,2004-01-19,0228907110117,0,kam,Ersättare,Ersättare,2004-03-07,5241
19015,uppdrag,Konstitutionsutskottet,2005-01-01,0573273704102,0,KU,Suppleant,"",2006-10-02,19000
8285,kammaruppdrag,"",1979-10-01,0802410630201,0,kam,Riksdagsledamot,Tjänstgörande,1982-10-04,8280
22696,uppdrag,Socialförsäkringsutskottet,2010-10-12,0640669898710,14,SfU,Ledamot,"",2014-09-29,22690
44951,uppdrag,Näringsutskottet,2020-03-18,0638497389621,271,NU,Suppleant,"",2022-09-26,44927
21762,partiuppdrag,Liberalerna,2015-11-24,0582811195313,0,L,Förste vice gruppledare,"",2018-09-24,21758
31291,uppdrag,Trafikutskottet,2020-03-18,085742305813,202,TU,Suppleant,"",2022-01-09,31277
53539,uppdrag,Trafikutskottet,2010-11-26,0211757295524,23,TU,Suppleant,"",2013-02-21,53492
284,kammaruppdrag,"",1981-10-06,0622185335615,0,kam,Riksdagsledamot,Tjänstgörande,1982-10-04,272
32944,uppdrag,Försvarsutskottet,2020-03-18,0628190530410,223,FöU,Suppleant,"",2020-09-03,32923
3705,uppdrag,Utrikesutskottet,2010-10-12,0125165702713,5,UU,Suppleant,"",2014-09-29,3698
52108,uppdrag,Finansutskottet,2020-03-18,0575283695521,33,FiU,Suppleant,"",2022-09-26,52099
43800,uppdrag,Trafikutskottet,2024-09-12,0112333043027,19,TU,Suppleant,"",2025-03-25,43795
38886,uppdrag,Socialförsäkringsutskottet,2020-03-18,0271338654822,204,SfU,Suppleant,"",2022-09-26,38871
2398,kammaruppdrag,"",1994-10-03,0271495844814,238,kam,Riksdagsledamot,Tjänstgörande,1998-10-05,2395
45967,kammaruppdrag,"",1991-09-30,0700424025906,60,kam,Riksdagsledamot,Tjänstgörande,1991-10-04,45954
29223,uppdrag,Civilutskottet,2010-10-12,0397924710612,5,CU,Suppleant,"",2014-09-29,29206
25599,kammaruppdrag,Tony Haddou,2023-01-09,0398471271026,158,kam,Ersättare,Ersättare,2023-05-14,25598
11270,uppdrag,Justitieutskottet,1991-10-08,0179597134903,0,JuU,Ledamot,"",1994-10-02,11265
51432,Riksdagsorgan,Valberedningen,2019-02-07,0667220767927,1,VB,Ledamot,"",2022-09-26,51383
16106,uppdrag,Finansutskottet,1986-10-07,0763802658906,0,FiU,Suppleant,"",1988-10-02,16092
52164,uppdrag,Näringsutskottet,2023-02-08,0802091197024,28,NU,Suppleant,"",2026-09-28,52159
48014,uppdrag,Finansutskottet,2020-05-04,0992420223820,30,FiU,Suppleant,"",2022-09-26,47992
15523,kammaruppdrag,"",2002-09-30,023451344303,302,kam,Riksdagsledamot,Tjänstgörande,2006-10-02,15522
42486,kammaruppdrag,"",2018-09-24,086684470825,341,kam,Riksdagsledamot,Tjänstgörande,2022-09-26,42483
41299,uppdrag,EU-nämnden,2010-10-19,0859968278117,12,EUN,Ledamot,"",2013-05-22,41259
50398,Riksdagsorgan,Delegationen till den gemensamma parlamentariska kontrollgruppen för Europol,2024-12-19,0727772954327,3,Europol,Suppleant,"",2026-10-13,50392
22299,uppdrag,Skatteutskottet,2006-10-10,0781648625615,17,SkU,Suppleant,"",2010-10-04,22289
19887,uppdrag,Skatteutskottet,2013-02-22,0575313291605,21,SkU,Suppleant,"",2014-09-29,19883
22832,uppdrag,Sammansatta utrikes- och försvarsutskottet,2009-11-12,0205360448417,7,UFöU,Deputerad,"",2009-12-09,22819
24920,uppdrag,Socialutskottet,2018-10-24,0465804601318,12,SoU,Suppleant,"",2021-03-03,24905
555,uppdrag,Socialförsäkringsutskottet,1998-10-13,0507199415917,0,SfU,Suppleant,"",2002-09-29,544
37648,Riksdagsorgan,Nordiska rådets svenska delegation,2021-10-13,0780214960516,11,NR,Ledamot,"",2022-10-11,37615
52570,uppdrag,Finansutskottet,2020-03-18,0475643059428,109,FiU,Suppleant,"",2022-09-26,52560
20495,Riksdagsorgan,Ledamotsrådet,2012-06-14,0196077326617,5,LR,Ledamot,"",2014-10-15,20460
2570,uppdrag,Skatteutskottet,1988-10-11,0766285636614,0,SkU,Suppleant,"",1988-10-19,2552
21927,uppdrag,Näringsutskottet,2020-03-18,0731442709013,102,NU,Suppleant,"",2022-09-26,21913
53147,kammaruppdrag,"",2018-09-24,033935884729,325,kam,Riksdagsledamot,Tjänstgörande,2022-09-26,53144
51889,uppdrag,Försvarsutskottet,2022-10-12,0825441263617,19,FöU,Suppleant,"",2025-09-17,51882
22738,uppdrag,Sammansatta utrikes- och försvarsutskottet,2006-10-10,0784309503313,0,UFöU,Deputerad,"",2006-10-13,22723
3715,Riksdagsorgan,Riksdagens delegation till Europarådets parlamentariska församling,2010-11-01,0125165702713,1,ER,Ordförande,"",2014-11-01,3698
2422,uppdrag,Näringsutskottet,2001-03-22,0479355987014,0,NU,Suppleant,"",2002-09-29,2412
41267,Europaparlamentet,Europaparlamentet,2022-09-26,0859968278117,12,EP,Ledamot,"",2024-07-16,41259
31998,uppdrag,Finansutskottet,2021-10-13,051870309210,322,FiU,Suppleant,"",2022-09-26,31992
50890,uppdrag,Socialförsäkringsutskottet,2020-03-18,0973782197017,311,SfU,Suppleant,"",2022-09-26,50869
2352,uppdrag,Försvarsutskottet,1988-10-13,0987224899103,0,FöU,Suppleant,"",1989-09-30,2338
44541,uppdrag,Finansutskottet,2024-01-25,0819601620927,16,FiU,Suppleant,"",2026-09-28,44523
28655,uppdrag,Skatteutskottet,1999-11-04,0136310791918,0,SkU,Suppleant,"",2002-09-30,28632
11098,kammaruppdrag,"",1988-12-13,0409817272107,290,kam,Riksdagsledamot,Tjänstgörande,1991-09-30,11093
42851,uppdrag,Finansutskottet,2018-10-16,0992473266516,24,FiU,Suppleant,"",2021-03-03,42827
14853,uppdrag,Finansutskottet,1991-10-08,0599331666806,0,FiU,Ledamot,"",1994-10-02,14845
47757,kammaruppdrag,Mats Odell,2010-10-04,0982795248728,4,kam,Statsrådsersättare,Ersättare,2010-10-04,47740
26813,Riksdagsorgan,Nordiska rådets svenska delegation,1985-09-30,088849148003,0,NR,Ledamot,"",1994-10-03,26784
6110,uppdrag,Sammansatta utrikes- och försvarsutskottet,2004-10-19,0600928907216,0,UFöU,Suppleant,"",2004-12-15,6072
11266,kammaruppdrag,"",1991-09-30,0179597134903,106,kam,Riksdagsledamot,Tjänstgörande,1994-10-03,11265
13117,uppdrag,Skatteutskottet,2005-10-01,0185680273604,0,SkU,Suppleant,"",2005-11-30,13114
13245,uppdrag,Miljö- och jordbruksutskottet,1991-10-08,0719430958705,0,MJU,Ledamot,"",1994-10-02,13228
10052,kammaruppdrag,"",1993-05-04,0383675638504,208,kam,Riksdagsledamot,Tjänstgörande,1994-10-03,10050
53038,Riksdagsorgan,Valberedningen,2022-09-26,0903081277919,14,VB,Suppleant,"",2026-09-28,53012
24439,kammaruppdrag,Ardalan Shekarabi,2013-11-04,0314880166319,143,kam,Ersättare,Ersättare,2013-12-31,24436
50462,Departement,Socialdepartementet,2002-09-30,0473783431010,0,S,Statsråd,"",2006-10-02,50454
3330,kammaruppdrag,"",2002-09-30,0708565346310,101,kam,Riksdagsledamot,Tjänstgörande,2006-10-02,3328
14071,uppdrag,Utrikesutskottet,1982-10-04,018160186302,0,UU,Ledamot,"",1985-09-29,14054
42882,uppdrag,Finansutskottet,2022-10-04,0875221317013,4,FiU,Vice ordförande,"",2022-10-20,42872
20152,uppdrag,Sammansatta utrikes- och försvarsutskottet,2008-11-20,0780836041816,0,UFöU,Suppleant,"",2008-12-19,20138
42675,uppdrag,Utbildningsutskottet,2014-10-07,0801311569314,12,UbU,Ledamot,"",2018-09-24,42651
23612,uppdrag,Sammansatta utrikes- och försvarsutskottet,2012-11-27,067992138910,10,UFöU,Deputerad,"",2012-12-19,23590
25592,kammaruppdrag,"",2017-01-10,0759167494321,16,kam,Riksdagsledamot,Tjänstgörande,2018-09-24,25591
41109,Riksdagsorgan,Riksdagens delegation till parlamentariska Östersjökonferensen,2022-03-08,0316505710324,3,BSPC,Ledamot,"",2022-10-24,41043
1902,kammaruppdrag,Ingvar Carlsson,1995-10-10,0556854176401,27,kam,Ersättare,Ersättare,1996-03-22,1898
49261,uppdrag,Försvarsutskottet,2020-03-18,0999976269027,250,FöU,Suppleant,"",2020-09-03,49232
50224,uppdrag,Kulturutskottet,2022-10-04,0502490570219,3,KrU,Ledamot,"",2025-10-24,50220
8661,uppdrag,Justitieutskottet,2010-10-12,0324815829026,11,JuU,Ledamot,"",2010-10-12,8650
30802,uppdrag,Miljö- och jordbruksutskottet,2020-03-18,0277648711624,137,MJU,Suppleant,"",2022-09-26,30790
50234,uppdrag,Socialutskottet,2020-03-18,0502490570219,34,SoU,Suppleant,"",2022-09-26,50220
37481,uppdrag,EU-nämnden,2018-10-09,0509415296421,53,EUN,Suppleant,"",2022-10-04,37457
26611,kammaruppdrag,"",1988-10-03,0413418300203,11,kam,Riksdagsledamot,Tjänstgörande,1991-09-30,26609
6831,kammaruppdrag,Pär Nuder,2005-02-24,0422059125318,0,kam,Statsrådsersättare,Ersättare,2005-03-24,6830
21266,uppdrag,Socialutskottet,2014-10-07,0958776965517,3,SoU,Ledamot,"",2018-09-24,21258
26597,uppdrag,Utbildningsutskottet,1988-10-11,0430662617406,0,UbU,Suppleant,"",1991-09-29,26592
41541,uppdrag,Arbetsmarknadsutskottet,2022-11-08,0822010116020,0,AU,Extra suppleant,"",2023-10-29,41539
52794,uppdrag,Miljö- och jordbruksutskottet,2020-03-18,0105632258713,91,MJU,Suppleant,"",2022-09-26,52779
48705,uppdrag,Justitieutskottet,2014-10-07,0803753212716,6,JuU,Suppleant,"",2018-09-24,48681
24002,uppdrag,Finansutskottet,2006-10-10,0788526088220,16,FiU,Ledamot,"",2010-10-04,23993
29047,uppdrag,EU-nämnden,2021-09-17,0363721826713,159,EUN,Suppleant,"",2021-09-30,29017
3159,Riksdagsorgan,Riksdagsstyrelsen,2010-10-12,0288805051019,5,RS,Ersättare,"",2014-09-29,3150
20711,kammaruppdrag,"",2014-10-04,0465398691116,182,kam,Riksdagsledamot,Tjänstgörande,2018-09-24,20708
28974,uppdrag,Socialutskottet,2015-09-25,0962841101917,26,SoU,Suppleant,"",2018-09-24,28949
690,uppdrag,Sammansatta justitie- och socialutskottet,2008-01-29,0706974423606,0,JuSoU,Deputerad,"",2008-05-07,684
31438,kammaruppdrag,"",2019-09-05,0227802801605,24,kam,Riksdagsledamot,Tjänstgörande,2022-01-31,31437
11899,uppdrag,Konstitutionsutskottet,1991-10-08,0348268153001,0,KU,Ordförande,"",1994-10-02,11886
47680,kammaruppdrag,Pia Hallström,2016-09-14,0642224351118,73,kam,Ersättare,Ersättare,2016-10-11,47671
21311,uppdrag,Arbetsmarknadsutskottet,2010-10-12,0125056691517,15,AU,Ledamot,"",2012-02-23,21295
10459,kammaruppdrag,"",1982-10-04,0369065037402,0,kam,Riksdagsledamot,Tjänstgörande,1985-09-30,10456
29895,uppdrag,Skatteutskottet,2020-03-18,0204443909416,110,SkU,Suppleant,"",2022-09-26,29878
18941,uppdrag,Bostadsutskottet,1985-09-30,0117613859601,0,BoU,Ledamot,"",1988-10-02,18927
45669,kammaruppdrag,"",2022-09-26,0333193598116,294,kam,Riksdagsledamot,Tjänstgörande,2026-09-28,45667
37857,kammaruppdrag,"",1988-10-03,0446973363306,218,kam,Riksdagsledamot,Tjänstgörande,1991-09-30,37852
6153,kammaruppdrag,"",1988-10-03,0806338394516,52,kam,Riksdagsledamot,Tjänstgörande,1991-09-30,6138
1989,uppdrag,EU-nämnden,1998-10-13,0654974921901,0,EUN,Suppleant,"",2000-09-19,1979
12279,kammaruppdrag,"",1989-11-07,0196459185206,225,kam,Riksdagsledamot,Tjänstgörande,1991-09-30,12278
5244,kammaruppdrag,"",2004-03-08,0228907110117,0,kam,Ersättare,Ersättare,2004-06-14,5241
21233,uppdrag,Socialförsäkringsutskottet,1998-01-23,0641486384014,0,SfU,Suppleant,"",1998-02-22,21214
19924,uppdrag,Näringsutskottet,2006-10-10,0240128497814,21,NU,Suppleant,"",2010-10-04,19914
20161,uppdrag,Bostadsutskottet,1996-04-18,0780836041816,0,BoU,Suppleant,"",1998-10-04,20138
43304,kammaruppdrag,"",2006-02-21,0983984918111,269,kam,Riksdagsledamot,Tjänstgörande,2006-10-02,43285
45930,uppdrag,Miljö- och jordbruksutskottet,2015-12-18,0495314169413,2,MJU,Ledamot,"",2017-10-13,45921
1408,uppdrag,Konstitutionsutskottet,1979-10-01,0104804820009,0,KU,Ledamot,"",1982-10-03,1388
41517,uppdrag,Skatteutskottet,2012-05-03,0494054455310,22,SkU,Suppleant,"",2014-09-29,41490
24464,uppdrag,Kulturutskottet,2017-11-09,0266517781926,24,KrU,Suppleant,"",2018-01-26,24457
40654,kammaruppdrag,"",2006-10-02,0126797549328,317,kam,Riksdagsledamot,Tjänstgörande,2006-11-15,40639
21783,uppdrag,Försvarsutskottet,2020-03-18,0582811195313,100,FöU,Suppleant,"",2020-09-03,21758
28957,uppdrag,Civilutskottet,2020-03-18,0962841101917,124,CU,Suppleant,"",2022-09-26,28949
21929,uppdrag,Skatteutskottet,2020-03-18,0731442709013,99,SkU,Suppleant,"",2022-09-26,21913
28886,uppdrag,Sammansatta utrikes- och försvarsutskottet,2002-12-03,0446541913415,0,UFöU,Deputerad,"",2002-12-18,28817
37591,Riksdagsorgan,Krigsdelegationen,2022-10-11,0911916463828,24,KD,Ledamot,"",2026-10-13,37555
16156,uppdrag,Näringsutskottet,1995-02-22,080652068106,0,NU,Suppleant,"",1998-10-04,16150
18645,uppdrag,Försvarsutskottet,1998-10-13,0900533740700,0,FöU,Suppleant,"",2002-09-30,18636
21486,kammaruppdrag,"",2002-04-02,0771287795114,330,kam,Riksdagsledamot,Tjänstgörande,2002-09-30,21482
21963,Riksdagsorgan,Valberedningen,2018-09-24,0731442709013,7,VB,Ledamot,"",2019-09-26,21913
21024,uppdrag,Skatteutskottet,2004-11-18,0235974887200,0,SkU,Ledamot,"",2004-11-22,21011
4578,kammaruppdrag,"",1988-10-03,0792716417210,227,kam,Riksdagsledamot,Tjänstgörande,1991-09-30,4571
32064,uppdrag,Justitieutskottet,2020-03-18,022805994927,86,JuU,Suppleant,"",2022-09-26,32059
4347,kammaruppdrag,"",1976-10-04,0207814508895,0,kam,Riksdagsledamot,Tjänstgörande,1979-10-01,4338
19465,uppdrag,Finansutskottet,1991-10-08,0810673119603,0,FiU,Suppleant,"",1994-10-02,19459
6457,uppdrag,Utbildningsutskottet,2006-10-10,0921688244311,12,UbU,Suppleant,"",2010-10-04,6453
41519,uppdrag,Skatteutskottet,2010-10-12,0494054455310,16,SkU,Ledamot,"",2012-01-17,41490
45888,uppdrag,Trafikutskottet,2020-03-18,0540190357911,160,TU,Suppleant,"",2022-09-26,45870
24127,uppdrag,Försvarsutskottet,2016-12-07,0306286538528,28,FöU,Suppleant,"",2018-09-24,24105
22985,Riksdagsorgan,Riksdagens delegation till OSSE:s parlamentariska församling,2002-10-15,0110600080618,0,OSSE,Suppleant,"",2006-10-16,22946
32073,uppdrag,Försvarsutskottet,2020-03-18,022805994927,85,FöU,Suppleant,"",2020-09-03,32059
808,kammaruppdrag,Nina Lundström 2010-02-03 - 2010-10-04  Offentligt uppdrag,2010-02-03,0101299073819,27,kam,Riksdagsledamot,Ledig,2010-10-04,807
53930,uppdrag,Civilutskottet,2020-03-18,0227531635413,71,CU,Suppleant,"",2022-01-28,53912
21713,uppdrag,EU-nämnden,2010-10-12,0743081365718,15,EUN,Suppleant,"",2014-09-29,21703
52115,uppdrag,Skatteutskottet,2020-03-18,0575283695521,32,SkU,Suppleant,"",2022-09-26,52099
42671,uppdrag,Utrikesutskottet,2020-03-18,0801311569314,156,UU,Suppleant,"",2020-09-03,42651
32739,uppdrag,EU-nämnden,2021-10-13,0309480686522,327,EUN,Suppleant,"",2022-10-04,32716
15593,uppdrag,Justitieutskottet,2002-10-08,0390912778804,0,JuU,Suppleant,"",2004-04-29,15587
9083,uppdrag,Bostadsutskottet,1994-10-11,0144891150008,0,BoU,Suppleant,"",1998-10-04,9070
6948,uppdrag,Kulturutskottet,2010-10-12,0154189076919,14,KrU,Ledamot,"",2014-09-29,6945
53426,uppdrag,Finansutskottet,2020-03-20,0338088431726,316,FiU,Suppleant,"",2022-09-26,53409
16755,uppdrag,Näringsutskottet,1996-02-01,013322783509,0,NU,Ledamot,"",1998-10-04,16748
46126,uppdrag,Justitieutskottet,2020-03-18,014386615025,226,JuU,Suppleant,"",2022-09-26,46114
46248,uppdrag,Utbildningsutskottet,2020-03-18,010643534813,264,UbU,Suppleant,"",2022-09-26,46231
2662,uppdrag,Trafikutskottet,2002-10-08,0227924728814,0,TU,Suppleant,"",2006-03-09,2659
46777,uppdrag,EU-nämnden,2020-03-18,0588282566419,100,EUN,Suppleant,"",2022-10-04,46741
45926,kammaruppdrag,Mats Sander 2011-04-04 - 2011-06-22,2011-04-04,0495314169413,256,kam,Riksdagsledamot,Ledig,2011-06-22,45921
3953,talmansuppdrag,"",1974-01-10,0595189953892,10,kam,Talman,"",1976-10-04,3950
32060,kammaruppdrag,"",2018-09-24,022805994927,336,kam,Riksdagsledamot,Tjänstgörande,2022-09-26,32059
22536,uppdrag,Kulturutskottet,2010-10-12,0552248175312,2,KrU,Ordförande,"",2012-02-23,22523
21582,Riksdagsorgan,Nordiska rådets svenska delegation,2015-10-01,0133767709317,1,NR,Ledamot,"",2015-10-13,21567
1467,kammaruppdrag,"",2002-10-01,0326064715100,288,kam,Riksdagsledamot,Tjänstgörande,2006-10-02,1466
1016,kammaruppdrag,"",1982-10-04,0874604979107,0,kam,Riksdagsledamot,Tjänstgörande,1985-09-30,1007
41115,Riksdagsorgan,Riksdagsstyrelsen,2019-11-05,0316505710324,6,RS,Ledamot,"",2020-07-14,41043
31286,uppdrag,Miljö- och jordbruksutskottet,2020-03-18,085742305813,204,MJU,Suppleant,"",2022-01-09,31277
41984,Riksdagsorgan,Utrikesnämnden,1994-10-03,0567830387107,0,UN,Ledamot,"",1998-10-05,41960
17825,kammaruppdrag,"",1991-09-30,037063714405,103,kam,Riksdagsledamot,Tjänstgörande,1991-10-04,17818
10895,uppdrag,Socialutskottet,1988-10-11,0925516323103,0,SoU,Suppleant,"",1991-09-29,10888
28868,uppdrag,Sammansatta utrikes- och försvarsutskottet,2013-02-21,0446541913415,9,UFöU,Deputerad,"",2013-03-06,28817
5271,Departement,Socialdepartementet,2002-09-30,0332067570917,0,S,Statsråd,"",2004-09-13,5269
16355,uppdrag,Justitieutskottet,1994-10-11,0806172169007,0,JuU,Ledamot,"",1998-10-04,16343
52358,uppdrag,Sammansatta utrikes- och försvarsutskottet,2013-04-23,0410640630411,5,UFöU,Suppleant,"",2013-06-18,52347
28561,Riksdagsorgan,Utrikesnämnden,2012-10-01,0541320528015,5,UN,Suppleant,"",2014-10-03,28513
14505,uppdrag,Justitieutskottet,1994-10-11,0688961392304,0,JuU,Suppleant,"",1996-04-17,14494
10403,kammaruppdrag,"",1988-10-03,0362315104401,341,kam,Riksdagsledamot,Tjänstgörande,1989-01-26,10400
23379,uppdrag,Socialförsäkringsutskottet,2010-10-12,0925652297119,16,SfU,Suppleant,"",2014-09-29,23356
23013,uppdrag,Socialförsäkringsutskottet,2020-03-18,0397377293714,121,SfU,Suppleant,"",2020-08-31,23001
51119,uppdrag,Konstitutionsutskottet,2020-03-18,0964730940415,176,KU,Suppleant,"",2020-09-03,51099
993,uppdrag,Miljö- och jordbruksutskottet,2002-10-08,0946889218011,0,MJU,Suppleant,"",2006-10-02,984
44622,uppdrag,Utbildningsutskottet,2012-10-18,0940980416614,5,UbU,Ledamot,"",2014-09-29,44592
44393,kammaruppdrag,"",2017-01-02,0315499690028,180,kam,Riksdagsledamot,Tjänstgörande,2018-09-24,44388
18912,Riksdagsorgan,Riksdagens delegation till OSSE:s parlamentariska församling,2002-10-15,0584386800218,0,OSSE,Suppleant,"",2003-12-17,18877
14874,kammaruppdrag,"",1979-10-01,0532121969806,0,kam,Riksdagsledamot,Tjänstgörande,1982-10-04,14868
28014,uppdrag,Försvarsutskottet,2020-03-18,0909948830718,139,FöU,Suppleant,"",2020-09-03,27995
37757,uppdrag,Försvarsutskottet,2020-03-18,0237055280513,254,FöU,Suppleant,"",2020-09-03,37734
5862,kammaruppdrag,Karin Enström,2012-04-19,0178667655211,55,kam,Statsrådsersättare,Ersättare,2012-08-15,5859
48825,uppdrag,EU-nämnden,2024-09-20,0832311880029,3,EUN,Ordförande,"",2026-09-28,48795
7952,uppdrag,Miljö- och jordbruksutskottet,2002-10-08,0546982180011,0,MJU,Suppleant,"",2006-10-02,7947
19067,Riksdagsorgan,Riksdagens delegation till OSSE:s parlamentariska församling,1998-10-20,0618583795602,0,OSSE,Suppleant,"",1999-01-22,19029
15286,uppdrag,Finansutskottet,1988-10-03,0522191574902,0,FiU,Ledamot,"",1991-09-29,15271
38764,uppdrag,Socialutskottet,2022-11-17,0965245623824,0,SoU,Extra suppleant,"",2022-12-14,38759
996,Riksdagsorgan,Krigsdelegationen,2010-10-19,0946889218011,43,KD,Ledamot,"",2014-09-29,984
23781,uppdrag,Sammansatta utrikes- och försvarsutskottet,2007-03-22,0548314774911,0,UFöU,Deputerad,"",2007-06-01,23764
20006,kammaruppdrag,"",1994-10-03,0500493436208,47,kam,Riksdagsledamot,Tjänstgörande,1995-01-09,20004
9795,uppdrag,Näringsutskottet,1988-11-07,0490704966896,0,NU,Suppleant,"",1991-09-29,9790
53384,uppdrag,Skatteutskottet,2022-10-12,0546731406922,22,SkU,Suppleant,"",2023-12-31,53373
20129,uppdrag,Arbetsmarknadsutskottet,2010-10-12,0190560012714,5,AU,Suppleant,"",2012-10-04,20120
41743,uppdrag,Skatteutskottet,2024-01-01,0606863154419,22,SkU,Suppleant,"",2024-05-16,41732
49451,Riksdagsorgan,Nordiska rådets svenska delegation,2022-10-11,0852475703226,16,NR,Ledamot,"",2023-10-19,49425
3687,uppdrag,Trafikutskottet,2004-09-23,0879055385113,0,TU,Suppleant,"",2006-10-02,3678
53301,uppdrag,Trafikutskottet,2018-10-02,0624040854527,16,TU,Ledamot,"",2022-09-26,53287
13023,Riksdagsorgan,EG-delegationen,1993-01-21,0199809132302,0,EG,Ledamot,"",1994-10-03,13019
42245,uppdrag,Justitieutskottet,2020-03-18,0706528359123,187,JuU,Suppleant,"",2022-09-26,42233
51195,uppdrag,Socialutskottet,2020-03-18,0412148992926,163,SoU,Suppleant,"",2022-09-26,51177
8355,uppdrag,Socialförsäkringsutskottet,1996-02-01,0484493492213,0,SfU,Suppleant,"",1996-08-31,8351
13572,kammaruppdrag,"",1976-10-04,0413600182607,0,kam,Riksdagsledamot,Tjänstgörande,1979-10-01,13565
43579,uppdrag,Civilutskottet,2020-03-18,0304498908019,257,CU,Suppleant,"",2022-09-26,43570
15699,Riksdagsorgan,Valberedningen,1998-10-05,0395042560705,0,VB,Suppleant,"",2002-09-30,15684
48919,partiuppdrag,Liberalerna,2022-04-08,0224712677012,0,L,Tillförordnad partiledare,"",2022-11-26,48915
44857,Departement,Finansdepartementet,2021-07-09,098412828516,7,Fi,Finansminister,"",2021-11-29,44856
45689,uppdrag,Konstitutionsutskottet,2020-03-18,0333193598116,254,KU,Suppleant,"",2020-09-03,45667
20745,Riksdagsorgan,Riksdagens delegation till OSSE:s parlamentariska församling,1996-03-15,0465398691116,0,OSSE,Suppleant,"",1998-10-05,20708
592,uppdrag,Socialutskottet,1998-10-13,0574724112206,0,SoU,Suppleant,"",2002-09-30,580
31825,uppdrag,Skatteutskottet,2020-03-18,0846730583715,282,SkU,Suppleant,"",2021-02-28,31815
8408,Riksdagsorgan,Riksdagsstyrelsen,2006-10-10,0371414788216,2,RS,Ledamot,"",2010-10-04,8392
20727,uppdrag,Sammansatta utrikes- och försvarsutskottet,2006-05-18,0465398691116,0,UFöU,Ordförande,"",2006-06-14,20708
46201,uppdrag,Miljö- och jordbruksutskottet,2021-09-17,0681030112815,108,MJU,Suppleant,"",2022-09-26,46192
29475,kammaruppdrag,"Linda Wemmert 2011-01-10 - 2011-01-10, Tomas Avenborg 2011-01-11 - 2011-03-04  Föräldraledighet",2011-01-10,0843345349823,223,kam,Riksdagsledamot,Ledig,2011-03-04,29471
27951,uppdrag,Arbetsmarknadsutskottet,2021-03-03,0892978334516,12,AU,Ledamot,"",2022-09-26,27946
44931,kammaruppdrag,"",2018-09-24,0638497389621,83,kam,Riksdagsledamot,Tjänstgörande,2022-09-26,44927
6715,kammaruppdrag,Hugo Bergdahl,1990-11-06,0685529743005,282,kam,Ersättare,Ersättare,1990-12-31,6714
29593,uppdrag,Civilutskottet,2020-03-18,0980316377627,51,CU,Suppleant,"",2022-09-26,29582
52693,Riksdagsorgan,Utrikesnämnden,2022-10-25,0607691439013,3,UN,Suppleant,"",2026-10-06,52613
53784,kammaruppdrag,"",2018-09-24,0831636664429,151,kam,Riksdagsledamot,Tjänstgörande,2022-09-26,53780
10028,kammaruppdrag,"",1989-11-15,0477654100492,62,kam,Riksdagsledamot,Tjänstgörande,1991-09-30,10027
28601,uppdrag,Utrikesutskottet,2020-03-18,0460690753617,207,UU,Suppleant,"",2020-09-03,28581
7691,Riksdagsorgan,Nordiska rådets svenska delegation,2013-09-17,0747852417614,12,NR,Ledamot,"",2014-09-29,7678
51794,uppdrag,Civilutskottet,2020-03-18,07012286624,234,CU,Suppleant,"",2022-09-26,51786
41848,kammaruppdrag,"",2018-09-24,0980681611418,189,kam,Riksdagsledamot,Tjänstgörande,2022-09-26,41844
19450,uppdrag,Trafikutskottet,1998-10-20,0710863816703,0,TU,Suppleant,"",2002-09-30,19442
5681,uppdrag,Miljö- och jordbruksutskottet,1988-11-07,0890087624410,0,MJU,Suppleant,"",1991-09-29,5675
21466,uppdrag,EU-nämnden,2018-01-01,0365797008114,12,EUN,Suppleant,"",2018-09-24,21450
1695,uppdrag,Socialutskottet,1988-10-11,0236004923301,0,SoU,Ledamot,"",1991-09-29,1680
47931,uppdrag,Justitieutskottet,2020-03-18,0108109641223,40,JuU,Suppleant,"",2022-09-26,47911
40919,kammaruppdrag,"",1985-09-30,0254461538904,0,kam,Riksdagsledamot,Tjänstgörande,1988-04-24,40914
26564,uppdrag,Sammansatta utrikes- och försvarsutskottet,2018-05-15,0802826314426,11,UFöU,Deputerad,"",2018-06-14,26543
3200,uppdrag,Utbildningsutskottet,1998-10-13,0887345842319,0,UbU,Suppleant,"",2002-09-30,3191
53680,Riksdagsorgan,Nordiska rådets svenska delegation,2016-09-29,0138741628520,13,NR,Suppleant,"",2017-09-28,53633
11101,kammaruppdrag,"",1985-09-30,0409817272107,0,kam,Riksdagsledamot,Tjänstgörande,1988-10-03,11093
30247,kammaruppdrag,"",2016-09-13,0204494765606,45,kam,Riksdagsledamot,Tjänstgörande,2018-09-24,30245
6672,uppdrag,EU-nämnden,1997-06-09,0353689520405,0,EUN,Suppleant,"",1998-10-05,6655
25859,kammaruppdrag,"",2022-09-26,0469384565811,266,kam,Riksdagsledamot,Tjänstgörande,2026-09-28,25858
23335,uppdrag,EU-nämnden,2016-02-10,0925451929216,72,EUN,Suppleant,"",2016-06-13,23323
21049,Riksdagsorgan,Riksdagens delegation till OSSE:s parlamentariska församling,1995-01-01,0235974887200,0,OSSE,Suppleant,"",1996-11-20,21011
862,uppdrag,Socialutskottet,1994-12-15,0401344912307,0,SoU,Suppleant,"",1998-10-04,857
2753,kammaruppdrag,"",2002-09-30,0348584595917,50,kam,Riksdagsledamot,Tjänstgörande,2003-02-17,2746
37564,kammaruppdrag,"",2008-04-01,0911916463828,349,kam,Riksdagsledamot,Tjänstgörande,2010-10-04,37555
40997,kammaruppdrag,Anna Vedin 2024-01-15 - 2024-04-12,2024-01-15,0144048894712,298,kam,Riksdagsledamot,Ledig,2024-04-12,40995
10633,Riksdagsorgan,Utrikesnämnden,1991-10-15,0275356156309,0,UN,Ledamot,"",1994-10-03,10608
42499,uppdrag,Utbildningsutskottet,2020-03-18,086684470825,298,UbU,Suppleant,"",2022-09-26,42483
53022,uppdrag,Justitieutskottet,2018-10-16,0903081277919,23,JuU,Suppleant,"",2022-09-26,53012
21100,kammaruppdrag,"",2010-10-04,0995355603410,69,kam,Riksdagsledamot,Tjänstgörande,2014-09-29,21096
31140,uppdrag,Sammansatta utrikes- och försvarsutskottet,2018-11-15,0145294944502,10,UFöU,Deputerad,"",2018-12-05,31115
23739,kammaruppdrag,"",2014-10-04,0275724540919,143,kam,Riksdagsledamot,Tjänstgörande,2016-08-25,23735
52961,uppdrag,Socialutskottet,2020-03-18,0861521539920,252,SoU,Suppleant,"",2022-09-26,52939
25911,uppdrag,Socialförsäkringsutskottet,2018-10-02,0341628241813,3,SfU,Suppleant,"",2019-02-08,25889
17299,uppdrag,Konstitutionsutskottet,2003-11-24,0739152363302,0,KU,Suppleant,"",2004-06-18,17286
47436,Riksdagsorgan,Riksdagens styrgrupp för det bilaterala demokratifrämjande samarbetet,2022-03-18,0204240926023,3,DEM,Suppleant,"",2022-10-31,47383
47955,uppdrag,Sammansatta civil- och kulturutskottet,2018-03-13,0108109641223,11,CKrU,Deputerad,"",2018-05-24,47911
7000,uppdrag,Näringsutskottet,1998-10-13,0464639640213,0,NU,Ledamot,"",2002-09-30,6994
42452,uppdrag,Trafikutskottet,2014-10-07,0828721176319,7,TU,Ledamot,"",2018-09-24,42425
29855,kammaruppdrag,Göran Hägglund,2014-03-01,0666958447826,50,kam,Statsrådsersättare,Ersättare,2014-09-29,29850
1843,uppdrag,Sammansatta justitie- och socialutskottet,2008-01-29,0447461551212,0,JuSoU,Suppleant,"",2008-05-07,1836
25769,uppdrag,Socialförsäkringsutskottet,1991-10-08,0816308745507,0,SfU,Ordförande,"",1994-10-02,25752
52658,uppdrag,Sammansatta utrikes- och försvarsutskottet,2017-05-02,0607691439013,4,UFöU,Ordförande,"",2017-06-14,52613
25945,kammaruppdrag,"",2014-09-29,0526129317828,205,kam,Riksdagsledamot,Tjänstgörande,2018-09-24,25944
37863,uppdrag,Kulturutskottet,1991-09-30,0446973363306,0,KrU,Suppleant,"",1994-10-02,37852
50421,uppdrag,Försvarsutskottet,2011-04-08,0937688366013,2,FöU,Ledamot,"",2011-04-11,50402
49245,uppdrag,Justitieutskottet,2024-04-22,0999976269027,0,JuU,Extra suppleant,"",2024-05-31,49232
14011,uppdrag,Sammansatta utrikes- och försvarsutskottet,1996-10-21,0495620358802,0,UFöU,Suppleant,"",1996-11-20,14004
16643,uppdrag,Socialförsäkringsutskottet,1988-10-11,0823142696709,0,SfU,Suppleant,"",1991-09-29,16632
33741,Departement,Utrikesdepartementet,2016-05-25,0992800527915,23,UD,Statsråd,"",2016-09-13,33730
17739,uppdrag,Skatteutskottet,2003-02-06,0225823431305,0,SkU,Suppleant,"",2003-11-24,17732
32081,Riksdagsorgan,Nordiska rådets svenska delegation,2020-10-14,022805994927,4,NR,Suppleant,"",2021-10-13,32059
11109,uppdrag,Socialförsäkringsutskottet,1979-10-01,0409817272107,0,SfU,Suppleant,"",1982-10-03,11093
48571,kammaruppdrag,"",2017-08-07,023767922422,259,kam,Riksdagsledamot,Tjänstgörande,2018-09-24,48563
18282,uppdrag,Sammansatta utrikes- och försvarsutskottet,1996-10-21,0209063197208,0,UFöU,Deputerad,"",1996-11-20,18258
45242,uppdrag,Socialutskottet,2020-03-18,065105536026,199,SoU,Suppleant,"",2022-09-26,45224
6025,kammaruppdrag,"",1998-10-05,0371688419616,26,kam,Riksdagsledamot,Tjänstgörande,2002-09-30,6019
13605,uppdrag,Skatteutskottet,1994-10-11,0683260207407,0,SkU,Ledamot,"",1998-10-04,13592
5656,kammaruppdrag,"",2006-10-02,0747667590310,44,kam,Riksdagsledamot,Tjänstgörande,2010-10-04,5655
28419,uppdrag,Socialförsäkringsutskottet,2019-10-25,0116759114313,14,SfU,Ledamot,"",2022-09-26,28414
16691,uppdrag,Försvarsutskottet,1983-10-04,0892012091809,0,FöU,Suppleant,"",1985-09-29,16680
6786,uppdrag,Justitieutskottet,2004-03-17,042839539117,0,JuU,Suppleant,"",2006-10-02,6776
10519,kammaruppdrag,"",1976-10-04,0627956939404,0,kam,Riksdagsledamot,Tjänstgörande,1979-10-01,10515
46451,Riksdagsorgan,Riksdagens överklagandenämnd,2022-10-11,0313390540217,4,ÖN,Suppleant,"",2026-10-13,46421
50426,uppdrag,Sammansatta utrikes- och försvarsutskottet,2025-03-13,0937688366013,2,UFöU,Vice ordförande,"",2025-03-20,50402
34329,uppdrag,Sammansatta utrikes- och försvarsutskottet,2011-06-16,0891971250317,4,UFöU,Deputerad,"",2011-06-17,34303
38250,uppdrag,Kulturutskottet,2020-03-18,0363228965800,91,KrU,Suppleant,"",2022-09-26,38238
1282,uppdrag,Lagutskottet,1988-10-11,0636794729408,0,LU,Suppleant,"",1991-09-29,1264
29388,uppdrag,Civilutskottet,2017-07-01,0878075468027,3,CU,Ledamot,"",2018-09-24,29356
52141,kammaruppdrag,"",2022-09-26,0749416304126,329,kam,Riksdagsledamot,Tjänstgörande,2026-09-28,52140
28892,Riksdagsorgan,Valberedningen,2014-09-29,0446541913415,7,VB,Ledamot,"",2018-09-24,28817
27736,kammaruppdrag,"",2014-09-29,0252067342313,23,kam,Riksdagsledamot,Tjänstgörande,2018-09-24,27733
49441,uppdrag,Trafikutskottet,2020-03-18,0852475703226,224,TU,Suppleant,"",2022-09-26,49425
51929,kammaruppdrag,"",2022-09-26,0412502344925,20,kam,Riksdagsledamot,Tjänstgörande,2025-02-15,51926
40233,kammaruppdrag,Mikael Damberg,2019-02-01,0474290584024,26,kam,Statsrådsersättare,Ersättare,2020-07-31,40229
24738,uppdrag,Försvarsutskottet,2014-10-07,0236051814311,6,FöU,Ledamot,"",2018-09-24,24735
7983,uppdrag,Kulturutskottet,2006-10-10,0883392691612,2,KrU,Suppleant,"",2010-10-04,7977
18176,uppdrag,Lagutskottet,1998-10-13,017523200206,0,LU,Ledamot,"",2002-09-30,18171
22341,uppdrag,Försvarsutskottet,2010-10-12,0193378456716,5,FöU,Suppleant,"",2014-09-29,22331
41872,uppdrag,Utrikesutskottet,2018-10-02,0980681611418,2,UU,Ledamot,"",2018-10-02,41844
7048,uppdrag,Finansutskottet,1994-10-11,0962700307214,0,FiU,Suppleant,"",1995-01-18,7031
19050,uppdrag,Sammansatta utrikes- och försvarsutskottet,2002-05-31,0618583795602,0,UFöU,Deputerad,"",2002-06-12,19029
45253,uppdrag,Sammansatta utrikes- och försvarsutskottet,2020-12-08,065105536026,3,UFöU,Deputerad,"",2020-12-15,45224
1918,kammaruppdrag,"",2007-07-16,0273732267214,127,kam,Riksdagsledamot,Tjänstgörande,2010-10-04,1917
21954,uppdrag,Utbildningsutskottet,2006-10-24,0731442709013,8,UbU,Suppleant,"",2007-10-03,21913
27249,partiuppdrag,Socialdemokraterna,2021-11-06,0956345044828,0,S,Partisekreterare,"",,27248
29780,uppdrag,Utbildningsutskottet,2020-03-18,0210198640127,81,UbU,Suppleant,"",2022-03-22,29762
18660,uppdrag,Sammansatta konstitutions- och utrikesutskottet,2002-04-18,0900533740700,0,KUU,Deputerad,"",2002-06-04,18636
2941,Riksdagsorgan,Riksdagsstyrelsen,2010-10-12,039655712615,4,RS,Ledamot,"",2012-08-31,2928
51123,uppdrag,Arbetsmarknadsutskottet,2014-10-07,0964730940415,8,AU,Suppleant,"",2018-09-24,51099
26998,uppdrag,EES-utskottet,1992-05-26,0708639889502,0,EU,Ledamot,"",1993-06-04,26981
41636,uppdrag,Civilutskottet,2020-03-18,025877594729,85,CU,Suppleant,"",2022-09-26,41628
28101,uppdrag,Kulturutskottet,2020-03-18,0547818628111,67,KrU,Suppleant,"",2022-09-26,28090
4516,uppdrag,Näringsutskottet,1998-10-13,0599736947819,0,NU,Ledamot,"",2002-09-30,4505
43532,uppdrag,Sammansatta utrikes- och försvarsutskottet,2008-11-20,0257612529618,0,UFöU,Suppleant,"",2008-12-19,43468
22588,Riksdagsorgan,Krigsdelegationen,2004-04-29,0584659199514,0,KD,Ledamot,"",2006-10-16,22565
23214,uppdrag,Utbildningsutskottet,2020-03-18,0455086201022,269,UbU,Suppleant,"",2022-09-26,23199
4689,kammaruppdrag,"",2010-10-04,0641996868011,184,kam,Riksdagsledamot,Tjänstgörande,2011-04-05,4682
46447,uppdrag,Finansutskottet,2014-10-07,0313390540217,5,FiU,Suppleant,"",2014-11-25,46421
42968,uppdrag,Utrikesutskottet,2020-03-18,0977592683711,312,UU,Suppleant,"",2020-09-03,42944
45428,uppdrag,Finansutskottet,2018-10-02,0653904370212,1,FiU,Vice ordförande,"",2019-02-28,45398
50423,uppdrag,Utbildningsutskottet,2006-10-10,0937688366013,11,UbU,Ledamot,"",2010-10-04,50402
6557,uppdrag,Bostadsutskottet,1983-10-04,0544569681404,0,BoU,Ledamot,"",1985-09-29,6543
28533,uppdrag,Trafikutskottet,2020-03-18,0541320528015,95,TU,Suppleant,"",2022-09-26,28513
2075,uppdrag,Finansutskottet,1998-10-13,0387494457202,0,FiU,Suppleant,"",2002-09-30,2072
37682,uppdrag,Socialförsäkringsutskottet,2025-02-25,0714968014016,26,SfU,Suppleant,"",2026-09-28,37675
24676,uppdrag,Civilutskottet,2014-10-14,0879014196003,18,CU,Suppleant,"",2018-09-24,24673
7595,uppdrag,Justitieutskottet,1994-10-11,0874331493311,0,JuU,Suppleant,"",1998-10-04,7585
29502,uppdrag,Sammansatta utrikes- och försvarsutskottet,2014-04-15,0843345349823,3,UFöU,Suppleant,"",2014-06-12,29471
48588,uppdrag,Miljö- och jordbruksutskottet,2020-03-18,023767922422,101,MJU,Suppleant,"",2022-09-26,48563
10299,kammaruppdrag,"",1988-10-03,0252645348808,219,kam,Riksdagsledamot,Tjänstgörande,1988-11-06,10296
25023,uppdrag,Näringsutskottet,2011-03-08,0957513768616,3,NU,Suppleant,"",2014-09-29,25020
42660,uppdrag,Finansutskottet,2020-03-18,0801311569314,159,FiU,Suppleant,"",2022-09-26,42651
46642,uppdrag,Justitieutskottet,2020-03-18,069309987221,56,JuU,Suppleant,"",2022-09-26,46626
18654,uppdrag,Finansutskottet,1989-10-04,0900533740700,0,FiU,Suppleant,"",1990-10-03,18636
41736,uppdrag,Kulturutskottet,2024-05-21,0606863154419,16,KrU,Ordförande,"",2026-09-28,41732
45097,partiuppdrag,Socialdemokraterna,2014-09-29,014744660015,0,S,Gruppledare,"",2014-10-03,45087
19936,kammaruppdrag,"",1982-10-04,0706916743101,0,kam,Riksdagsledamot,Tjänstgörande,1985-09-30,19933
27491,uppdrag,Kulturutskottet,2022-10-04,025931369428,9,KrU,Ledamot,"",2023-09-20,27487
17529,Riksdagsorgan,Riksdagens överklagandenämnd,2014-10-14,0114869877121,1,ÖN,Ledamot,"",2018-05-14,17520
49516,uppdrag,Konstitutionsutskottet,2018-10-02,0254021157518,15,KU,Suppleant,"",2022-05-16,49494
541,uppdrag,Utrikesutskottet,2006-10-10,0502174718806,15,UU,Suppleant,"",2008-04-15,535
26244,partiuppdrag,Miljöpartiet de gröna,2010-10-25,0637028706011,0,MP,Kvittningsperson,"",2014-06-23,26243
27498,uppdrag,Näringsutskottet,2020-03-18,025931369428,269,NU,Suppleant,"",2022-09-26,27487
18640,kammaruppdrag,"",1988-10-04,0900533740700,237,kam,Riksdagsledamot,Tjänstgörande,1991-09-30,18636
53540,uppdrag,Sammansatta utrikes- och försvarsutskottet,2019-05-09,0211757295524,10,UFöU,Suppleant,"",2019-06-12,53492
31122,uppdrag,Justitieutskottet,2020-03-18,0145294944502,292,JuU,Suppleant,"",2022-03-31,31115
18882,kammaruppdrag,"",1991-09-30,0584386800218,40,kam,Riksdagsledamot,Tjänstgörande,1994-10-03,18877
26419,uppdrag,Arbetsmarknadsutskottet,1998-10-13,0937521536309,0,AU,Suppleant,"",2001-09-18,26411
52203,uppdrag,Arbetsmarknadsutskottet,2024-01-30,0663840649717,0,AU,Extra suppleant,"",2024-03-31,52191
53113,uppdrag,Försvarsutskottet,2020-03-18,0229760896014,116,FöU,Suppleant,"",2020-09-03,53090
40526,uppdrag,Konstitutionsutskottet,2010-10-12,0447198048312,14,KU,Ledamot,"",2010-10-12,40511
7888,Riksdagsorgan,Riksbanksfullmäktige,2014-10-14,0959102638818,9,RB,Ledamot,"",2018-10-09,7863
24297,Riksdagsorgan,Riksdagens delegation till OSSE:s parlamentariska församling,2014-10-14,0186426023519,5,OSSE,Ledamot,"",2018-09-24,24288
3445,uppdrag,Lagutskottet,1996-09-24,0460215186812,0,LU,Suppleant,"",1997-04-30,3442
38793,uppdrag,Socialförsäkringsutskottet,2022-10-04,0506541436524,4,SfU,Ledamot,"",2026-09-28,38785
40761,Riksdagsorgan,Nordiska rådets svenska delegation,2013-09-17,0383111552218,19,NR,Suppleant,"",2014-09-29,40721
23622,Riksdagsorgan,Utrikesnämnden,2014-10-07,067992138910,5,UN,Suppleant,"",2018-09-24,23590
14782,uppdrag,Utbildningsutskottet,1979-10-01,0559791876105,0,UbU,Ledamot,"",1982-10-03,14765
41339,Riksdagsorgan,Riksdagens delegation till parlamentariska Östersjökonferensen,2022-10-26,0880137451720,4,BSPC,Ledamot,"",2026-10-26,41327
27174,kammaruppdrag,Lola Björkquist 1991-10-12 - 1991-11-11,1991-10-12,0738969851001,91,kam,Riksdagsledamot,Ledig,1991-11-11,27168
48809,uppdrag,Civilutskottet,2020-03-18,0832311880029,70,CU,Suppleant,"",2022-09-26,48795
32934,uppdrag,Kulturutskottet,2020-03-18,0628190530410,223,KrU,Suppleant,"",2022-09-26,32923
50904,uppdrag,Näringsutskottet,2006-10-10,0973782197017,12,NU,Ledamot,"",2010-10-04,50869
25283,uppdrag,EU-nämnden,2016-06-14,0600784831409,68,EUN,Suppleant,"",2017-05-04,25277
48238,uppdrag,Utbildningsutskottet,2018-10-02,0793372891224,2,UbU,Suppleant,"",2022-09-26,48217
11572,Riksdagsorgan,Europaparlamentet,1995-01-01,0205148684308,0,EP,Ledamot,"",1995-10-10,11561
2274,kammaruppdrag,"",2002-09-30,0700714424203,125,kam,Riksdagsledamot,Tjänstgörande,2006-10-02,2272
30454,uppdrag,Justitieutskottet,2020-03-18,0521844714515,230,JuU,Suppleant,"",2022-09-26,30447
45988,Riksdagsorgan,Valberedningen,2010-10-12,0700424025906,8,VB,Ledamot,"",2014-09-29,45954
40495,uppdrag,Utbildningsutskottet,2012-10-19,0781623040415,7,UbU,Ledamot,"",2014-09-29,40464
412,uppdrag,Näringsutskottet,2006-10-24,0367418588113,16,NU,Suppleant,"",2008-11-13,402
43652,uppdrag,Näringsutskottet,2020-03-18,0603366539729,98,NU,Suppleant,"",2022-09-26,43635
29545,uppdrag,Sammansatta utrikes- och försvarsutskottet,2014-04-15,0485476395125,1,UFöU,Suppleant,"",2014-06-12,29535
43759,uppdrag,Miljö- och jordbruksutskottet,2020-03-18,02658325625,250,MJU,Suppleant,"",2022-09-26,43744
2873,uppdrag,Utrikesutskottet,2002-10-08,0875425244515,0,UU,Suppleant,"",2006-10-02,2864
53427,uppdrag,Justitieutskottet,2020-03-18,0338088431726,294,JuU,Suppleant,"",2022-09-26,53409
18593,uppdrag,Utbildningsutskottet,2010-10-19,0542573140300,21,UbU,Suppleant,"",2013-01-15,18584
49165,uppdrag,Kulturutskottet,2020-03-18,0509830681123,168,KrU,Suppleant,"",2021-11-30,49144
1664,kammaruppdrag,Mats Berglind 1996-03-23 - 1998-10-05,1998-10-05,0977281927618,75,kam,Riksdagsledamot,Tjänstgörande,2002-09-30,1658
51660,uppdrag,Sammansatta utrikes- och försvarsutskottet,2022-10-20,0604604418610,16,UFöU,Suppleant,"",2022-12-21,51652
48289,Riksdagsorgan,Delegationen till den gemensamma parlamentariska kontrollgruppen för Europol,2022-10-11,0616721755222,3,Europol,Suppleant,"",2024-12-19,48252
47753,kammaruppdrag,"",2016-03-05,0982795248728,212,kam,Riksdagsledamot,Tjänstgörande,2017-01-11,47740
9258,kammaruppdrag,"",2010-10-04,08188046917,299,kam,Riksdagsledamot,Tjänstgörande,2014-09-29,9257
27533,kammaruppdrag,Ingvar Carlsson,1994-10-08,0787533297400,27,kam,Ersättare,Ersättare,1995-10-09,27521
19324,uppdrag,Miljö- och jordbruksutskottet,1994-10-11,0200003128803,0,MJU,Ledamot,"",1998-10-04,19319
19785,uppdrag,Justitieutskottet,2002-10-08,0213183979300,0,JuU,Ledamot,"",2006-10-02,19779
16462,Riksdagsorgan,Nordiska rådets svenska delegation,2013-09-17,0165360915617,14,NR,Ledamot,"",2014-09-29,16444
17076,uppdrag,Utbildningsutskottet,1990-11-12,0845242325301,0,UbU,Suppleant,"",1990-12-11,17075
44651,uppdrag,Skatteutskottet,2025-02-16,0174490514929,0,SkU,Extra suppleant,"",2025-11-09,44648
383,kammaruppdrag,"",2006-10-02,08644719105,141,kam,Riksdagsledamot,Tjänstgörande,2010-10-04,382
30196,kammaruppdrag,"",2018-09-24,066769783310,270,kam,Riksdagsledamot,Tjänstgörande,2022-09-26,30195
37466,uppdrag,Civilutskottet,2020-03-18,0509415296421,264,CU,Suppleant,"",2022-09-26,37457
28796,uppdrag,Trafikutskottet,2010-10-12,0285631067215,15,TU,Suppleant,"",2014-09-29,28771
25443,kammaruppdrag,"",2014-09-29,0599390849728,333,kam,Riksdagsledamot,Tjänstgörande,2015-02-02,25432
3943,uppdrag,Konstitutionsutskottet,1998-10-13,0927576375115,0,KU,Suppleant,"",1999-06-16,3932
15811,uppdrag,Socialutskottet,1994-10-11,0623552243405,0,SoU,Suppleant,"",1998-10-04,15808
27704,Riksdagsorgan,Valberedningen,2002-09-30,0262017901513,0,VB,Vice ordförande,"",2006-10-02,27661
42355,kammaruppdrag,Camilla Waltersson Grönvall,2022-10-25,098329342620,299,kam,Statsrådsersättare,Ersättare,2026-09-28,42354
16692,uppdrag,Bostadsutskottet,1998-10-13,0892012091809,0,BoU,Ledamot,"",2002-09-30,16680
39780,uppdrag,Skatteutskottet,2001-10-18,012053331219,0,SkU,Suppleant,"",2002-09-30,39764
11748,uppdrag,Utrikesutskottet,1985-09-30,0393108743200,0,UU,Suppleant,"",1988-10-02,11727
40213,uppdrag,Konstitutionsutskottet,2019-09-05,0603490586517,21,KU,Suppleant,"",2019-10-31,40201
21025,uppdrag,Justitieutskottet,2002-11-05,0235974887200,0,JuU,Vice ordförande,"",2004-11-17,21011
31797,uppdrag,Socialförsäkringsutskottet,2020-03-18,0256404677510,314,SfU,Suppleant,"",2020-08-30,31780
5360,uppdrag,Utbildningsutskottet,2002-10-08,0694077681517,0,UbU,Suppleant,"",2006-10-02,5354
44011,Riksdagsorgan,Riksdagsstyrelsen,2023-09-04,0744139167426,10,RS,Ledamot,"",2024-08-20,43967
42007,uppdrag,Utrikesutskottet,2022-10-04,0718034011110,3,UU,Suppleant,"",2022-10-18,42000
9997,uppdrag,Lagutskottet,1988-10-11,0658894113791,0,LU,Suppleant,"",1991-09-29,9989
20603,uppdrag,Kulturutskottet,1994-10-11,0161597857912,0,KrU,Suppleant,"",1998-10-04,20563
1081291,uppdrag,Sammansatta utrikes- och försvarsutskottet,2026-05-19,0937688366013,2,UFöU,Ordförande,"",2026-06-04,50402
22847,Riksdagsorgan,Nordiska rådets svenska delegation,2015-10-01,0205360448417,8,NR,Ledamot,"",2016-09-29,22819
30749,uppdrag,EU-nämnden,2014-10-14,0704744533715,35,EUN,Suppleant,"",2017-12-11,30718
1095167,Riksdagsorgan,Riksdagsstyrelsen,2026-06-04,0202577142527,1,RS,Ersättare,"",2026-10-06,50520
23724,Riksdagsorgan,Valberedningen,2010-10-04,0951854268017,17,VB,Ledamot,"",2011-09-26,23704
50266,uppdrag,Konstitutionsutskottet,2025-10-16,0619928872229,8,KU,Suppleant,"",2026-09-28,50257
51723,uppdrag,Utbildningsutskottet,2025-02-25,0262411569110,15,UbU,Suppleant,"",2026-09-28,51717
30387,uppdrag,Näringsutskottet,2013-10-04,0208558695314,12,NU,Ledamot,"",2014-09-29,30363
50497,Riksdagsorgan,Riksdagens delegation till Natos parlamentariska församling,2022-10-26,0473783431010,2,NATO,Suppleant,"",2024-04-10,50454
31479,uppdrag,Utbildningsutskottet,2020-03-18,0685749336810,148,UbU,Suppleant,"",2022-06-07,31466
13420,Riksdagsorgan,Riksdagens förvaltningskontor,1998-10-13,0388920259006,0,RFK,Ledamot,"",2000-06-30,13390
5714,uppdrag,Socialförsäkringsutskottet,1991-10-08,069787178810,0,SfU,Suppleant,"",1994-10-02,5708
24419,uppdrag,Arbetsmarknadsutskottet,2018-10-02,0228167770927,17,AU,Ledamot,"",2019-11-15,24399
38467,uppdrag,Utbildningsutskottet,2022-10-14,0360160202728,3,UbU,Suppleant,"",2022-10-27,38461
15468,Riksdagsorgan,EG-delegationen,1993-01-21,0839411947603,0,EG,Ledamot,"",1993-02-09,15467
51299,uppdrag,Utrikesutskottet,2019-12-16,0530425150220,13,UU,Ledamot,"",2021-11-30,51284
42446,uppdrag,Försvarsutskottet,2020-03-18,0828721176319,35,FöU,Suppleant,"",2020-09-03,42425
51698,kammaruppdrag,Jessika Roswall,2022-10-18,0327372175911,146,kam,Statsrådsersättare,Ersättare,2024-08-28,51696
49300,uppdrag,Näringsutskottet,2021-12-14,0339894357417,1,NU,Vice ordförande,"",2022-09-26,49284
13000,uppdrag,Utrikesutskottet,1982-10-04,0153549892302,0,UU,Ledamot,"",1985-09-29,12983
44921,Riksdagsorgan,Nordiska rådets svenska delegation,2018-10-09,0522054204918,17,NR,Suppleant,"",2019-10-02,44882
30059,uppdrag,Försvarsutskottet,2020-03-18,0170630324419,127,FöU,Suppleant,"",2020-09-03,30042
44738,uppdrag,Miljö- och jordbruksutskottet,2015-03-06,0766496753128,14,MJU,Suppleant,"",2016-09-27,44703
8418,uppdrag,Konstitutionsutskottet,2002-11-14,0468904415516,0,KU,Suppleant,"",2002-12-20,8415
12474,kammaruppdrag,"",1991-09-30,0846623992109,298,kam,Riksdagsledamot,Tjänstgörande,1994-10-03,12473
18715,kammaruppdrag,"",1994-10-03,0520793981601,94,kam,Riksdagsledamot,Tjänstgörande,1998-10-05,18711
19399,Riksdagsorgan,EG-delegationen,1994-10-12,0692993567203,0,EG,Ordförande,"",1994-12-31,19397
10155,kammaruppdrag,"",1985-09-30,0987605799006,0,kam,Riksdagsledamot,Tjänstgörande,1988-10-03,10153
28376,Riksdagsorgan,Krigsdelegationen,2014-10-14,0415959965211,47,KD,Ledamot,"",2018-10-09,28341
18512,uppdrag,Bostadsutskottet,1989-04-04,0267143098400,0,BoU,Suppleant,"",1989-10-04,18500
6951,uppdrag,Näringsutskottet,2006-10-24,0154189076919,24,NU,Suppleant,"",2010-10-04,6945
53383,uppdrag,Trafikutskottet,2024-05-16,0546731406922,30,TU,Suppleant,"",2026-09-28,53373
46907,uppdrag,Konstitutionsutskottet,2020-03-18,0273506284025,74,KU,Suppleant,"",2020-09-03,46885
15762,uppdrag,Arbetsmarknadsutskottet,1992-04-01,0637482737005,0,AU,Suppleant,"",1994-10-02,15758
35680,uppdrag,Utbildningsutskottet,2018-10-16,0150118366721,24,UbU,Suppleant,"",2022-09-26,35658
21854,uppdrag,Utrikesutskottet,2014-10-07,043972220518,17,UU,Ledamot,"",2014-11-25,21830
20241,kammaruppdrag,Caroline Szyber,2016-10-11,0526874284718,208,kam,Ersättare,Ersättare,2017-01-01,20240
45436,uppdrag,Finansutskottet,2007-01-17,0653904370212,24,FiU,Suppleant,"",2010-10-04,45398
9321,kammaruppdrag,"",1998-10-05,0954999878706,216,kam,Riksdagsledamot,Tjänstgörande,2000-11-08,9318
9825,kammaruppdrag,"",1988-11-08,0120834418997,6,kam,Riksdagsledamot,Tjänstgörande,1991-09-30,9824
46124,uppdrag,Finansutskottet,2022-02-04,014386615025,8,FiU,Ledamot,"",2022-09-26,46114
8477,uppdrag,Miljö- och jordbruksutskottet,2004-09-20,0222234581210,0,MJU,Suppleant,"",2006-10-02,8469
47523,kammaruppdrag,"",2018-09-24,0920901966627,335,kam,Riksdagsledamot,Tjänstgörande,2022-09-26,47519
47763,uppdrag,Civilutskottet,2020-03-18,0982795248728,256,CU,Suppleant,"",2022-09-26,47740
16189,uppdrag,Bostadsutskottet,1998-10-13,0714579775816,0,BoU,Suppleant,"",2002-09-30,16174
2933,kammaruppdrag,"",2002-09-30,039655712615,175,kam,Riksdagsledamot,Tjänstgörande,2006-10-02,2928
37873,uppdrag,Lagutskottet,1985-09-30,0446973363306,0,LU,Suppleant,"",1988-10-02,37852
13402,uppdrag,Konstitutionsutskottet,1991-10-08,0388920259006,0,KU,Ledamot,"",1994-10-02,13390
41850,kammaruppdrag,"",2010-10-04,0980681611418,65,kam,Riksdagsledamot,Tjänstgörande,2014-09-29,41844
27313,uppdrag,Skatteutskottet,2021-09-19,0694273653613,0,SkU,Extra suppleant,"",2022-03-19,27297
51633,Riksdagsorgan,Utrikesnämnden,2006-10-10,0155487380917,5,UN,Suppleant,"",2010-10-12,51539
31830,uppdrag,Försvarsutskottet,2020-03-20,0846730583715,308,FöU,Suppleant,"",2020-09-03,31815
19991,Riksdagsorgan,Ledamotsrådet,2013-04-25,0116084827614,3,LR,Suppleant,"",2014-09-29,19974
41921,Riksdagsorgan,Krigsdelegationen,2022-10-11,0980681611418,17,KD,Ledamot,"",2022-11-15,41844
29544,uppdrag,Utrikesutskottet,2006-10-10,0485476395125,13,UU,Suppleant,"",2006-11-15,29535
45343,uppdrag,Näringsutskottet,2020-03-18,0161616238120,99,NU,Suppleant,"",2022-09-26,45327
495,uppdrag,Justitieutskottet,1994-10-11,0310304705606,0,JuU,Suppleant,"",1995-01-18,487
48370,Riksdagsorgan,Ledamotsrådet,2014-10-15,0542160909628,8,LR,Ersättare,"",2018-10-10,48325
14589,kammaruppdrag,"",2002-09-30,0899701619804,13,kam,Riksdagsledamot,Tjänstgörande,2006-10-02,14587
40454,Departement,Utrikesdepartementet,2021-07-09,0548038946425,22,UD,Statsråd,"",2021-11-30,40453
40494,uppdrag,Utbildningsutskottet,2014-10-07,0781623040415,7,UbU,Ledamot,"",2014-12-18,40464
22309,uppdrag,Sammansatta utrikes- och försvarsutskottet,2013-04-23,0781648625615,14,UFöU,Deputerad,"",2013-06-18,22289
31818,uppdrag,Finansutskottet,2020-03-20,0846730583715,306,FiU,Suppleant,"",2021-02-28,31815
51234,uppdrag,Justitieutskottet,2020-03-18,0866055333028,32,JuU,Suppleant,"",2022-09-26,51223
9725,kammaruppdrag,"",1979-10-01,0153453019693,0,kam,Riksdagsledamot,Tjänstgörande,1982-10-04,9722
18461,Riksdagsorgan,Besvärsnämnden,2002-10-15,0708483204009,0,BN,Suppleant,"",2003-07-01,18452
21366,uppdrag,Sammansatta utrikes- och försvarsutskottet,2017-11-14,0573136138218,12,UFöU,Suppleant,"",2017-12-15,21330
26550,kammaruppdrag,Beatrice Ask,2006-10-06,0802826314426,110,kam,Statsrådsersättare,Ersättare,2006-11-15,26543
11785,uppdrag,Kulturutskottet,1991-10-15,0627128694500,0,KrU,Suppleant,"",1994-10-02,11782
42695,uppdrag,Finansutskottet,2022-10-12,0440673458216,19,FiU,Suppleant,"",2026-09-28,42691
50321,kammaruppdrag,"",2022-09-26,019430605328,246,kam,Riksdagsledamot,Tjänstgörande,2023-01-29,50316
40373,uppdrag,Socialförsäkringsutskottet,2024-08-20,0257313105220,2,SfU,Suppleant,"",2026-09-28,40371
40803,uppdrag,Skatteutskottet,2020-03-18,084624777218,119,SkU,Suppleant,"",2022-09-26,40787
18599,uppdrag,Utbildningsutskottet,2002-10-08,0542573140300,0,UbU,Andre vice ordförande,"",2006-10-02,18584
3412,uppdrag,Trafikutskottet,1988-11-07,012855230311,0,TU,Suppleant,"",1991-09-29,3399
18813,kammaruppdrag,"",1998-10-05,0853813080501,192,kam,Riksdagsledamot,Tjänstgörande,2002-09-30,18811
48927,kammaruppdrag,"",2018-09-24,0224712677012,163,kam,Riksdagsledamot,Tjänstgörande,2022-09-26,48915
39313,uppdrag,Civilutskottet,2020-03-18,025967059622,185,CU,Suppleant,"",2022-09-26,39302
49673,Riksdagsorgan,Nordiska rådets svenska delegation,2024-10-16,0427321850912,12,NR,Ledamot,"",2025-10-15,49639
14274,uppdrag,Näringsutskottet,1998-10-13,0567810897103,0,NU,Suppleant,"",2002-09-30,14269
53125,Riksdagsorgan,Utrikesnämnden,2019-12-17,0229760896014,7,UN,Ledamot,"",2020-09-03,53090
29000,kammaruppdrag,"",2014-09-29,0198031297912,94,kam,Riksdagsledamot,Tjänstgörande,2018-09-24,28999
39055,uppdrag,Konstitutionsutskottet,2020-03-18,0880018341619,296,KU,Suppleant,"",2020-09-03,39037
49892,uppdrag,EU-nämnden,2022-10-04,0980092192122,15,EUN,Suppleant,"",2026-09-28,49829
44598,kammaruppdrag,"",2010-10-04,0940980416614,338,kam,Riksdagsledamot,Tjänstgörande,2014-09-29,44592
9435,uppdrag,Miljö- och jordbruksutskottet,2010-11-26,0627371646324,23,MJU,Suppleant,"",2011-09-29,9427
29328,Riksdagsorgan,Nordiska rådets svenska delegation,2010-10-19,0893004490313,3,NR,Suppleant,"",2011-09-15,29266
34350,uppdrag,Sammansatta utrikes- och försvarsutskottet,1999-03-23,0891971250317,0,UFöU,Suppleant,"",1999-09-13,34303
25932,uppdrag,Miljö- och jordbruksutskottet,2014-10-14,07351347121,20,MJU,Suppleant,"",2018-09-24,25929
8690,kammaruppdrag,"",2004-10-11,0542215898226,32,kam,Riksdagsledamot,Ledig,2004-11-11,8684
17956,uppdrag,Sammansatta utrikes- och försvarsutskottet,2002-05-31,0107123682905,0,UFöU,Suppleant,"",2002-06-12,17938
34486,uppdrag,Socialförsäkringsutskottet,2020-03-18,0376353897112,189,SfU,Suppleant,"",2022-09-26,34471
24323,uppdrag,Sammansatta utrikes- och försvarsutskottet,2019-11-14,0873650166625,6,UFöU,Deputerad,"",2019-12-17,24304
45755,Riksdagsorgan,Nordiska rådets svenska delegation,2016-09-29,0284192765516,18,NR,Suppleant,"",2017-07-27,45710
18545,uppdrag,EU-nämnden,2002-10-15,0384833975200,0,EUN,Suppleant,"",2005-12-31,18528
49210,uppdrag,Finansutskottet,2021-09-23,0482689573825,13,FiU,Ledamot,"",2022-09-26,49195
29277,uppdrag,Miljö- och jordbruksutskottet,2020-03-18,0893004490313,88,MJU,Suppleant,"",2022-09-26,29266
43973,kammaruppdrag,"",2023-05-08,0744139167426,14,kam,Riksdagsledamot,Tjänstgörande,2025-02-09,43967
38984,uppdrag,Socialutskottet,2020-12-01,0323000187920,157,SoU,Suppleant,"",2021-11-30,38971
48004,uppdrag,Socialförsäkringsutskottet,2024-05-13,0992420223820,7,SfU,Suppleant,"",2024-09-10,47992
15374,kammaruppdrag,"",1991-09-30,0846171262302,240,kam,Riksdagsledamot,Tjänstgörande,1994-10-03,15367
30945,uppdrag,Socialutskottet,2020-05-06,0628870165823,322,SoU,Suppleant,"",2022-09-26,30933
48624,uppdrag,Civilutskottet,2022-10-04,0409655917321,17,CU,Ledamot,"",2024-04-22,48618
40382,Departement,Finansdepartementet,2019-01-21,0956444284814,10,Fi,Statsråd,"",2019-09-10,40377
39389,uppdrag,Försvarsutskottet,2018-10-02,0974061238314,3,FöU,Ledamot,"",2022-09-26,39383
6702,Riksdagsorgan,Riksrevisionens styrelse,2003-03-12,0731809135516,0,RRS,Suppleant,"",2006-10-16,6684
26740,uppdrag,EES-utskottet,1992-11-06,0365641780005,0,EU,Suppleant,"",1993-06-04,26734
45126,Riksdagsorgan,Valberedningen,2012-03-01,014744660015,1,VB,Vice ordförande,"",2014-09-29,45087
48232,uppdrag,Miljö- och jordbruksutskottet,2020-03-18,0793372891224,70,MJU,Suppleant,"",2022-09-26,48217
29737,uppdrag,Utbildningsutskottet,2018-10-02,0308306375022,14,UbU,Vice ordförande,"",2019-02-26,29714
43853,uppdrag,Finansutskottet,2023-04-01,0665360289423,0,FiU,Extra suppleant,"",2023-09-24,43847
44484,uppdrag,Socialutskottet,2020-03-18,0612916684825,178,SoU,Suppleant,"",2022-09-26,44460
27768,uppdrag,Sammansatta utrikes- och försvarsutskottet,2015-11-17,0252067342313,3,UFöU,Deputerad,"",2015-12-16,27733
18279,uppdrag,Sammansatta utrikes- och försvarsutskottet,2002-05-31,0209063197208,0,UFöU,Deputerad,"",2002-06-12,18258
466,kammaruppdrag,"",2002-09-30,0761548559113,161,kam,Riksdagsledamot,Tjänstgörande,2006-10-02,461
32290,uppdrag,Sammansatta utrikes- och försvarsutskottet,2020-11-10,0201207390210,12,UFöU,Deputerad,"",2020-12-15,32268
28166,kammaruppdrag,"",2010-10-04,0677738818613,183,kam,Riksdagsledamot,Tjänstgörande,2014-09-29,28163
24488,kammaruppdrag,"",2018-09-24,0604459858621,277,kam,Riksdagsledamot,Tjänstgörande,2019-02-25,24483
51931,uppdrag,Skatteutskottet,2022-10-04,0412502344925,8,SkU,Ledamot,"",2026-09-28,51926
53382,uppdrag,Näringsutskottet,2022-10-12,0546731406922,24,NU,Suppleant,"",2026-09-28,53373
17750,kammaruppdrag,"",1991-09-30,0457213878205,324,kam,Riksdagsledamot,Tjänstgörande,1994-10-03,17746
49924,kammaruppdrag,"",2022-09-26,0648224557612,277,kam,Riksdagsledamot,Tjänstgörande,2025-01-10,49921
2731,kammaruppdrag,Gunhild Wallin 2008-01-01 - 2008-04-07,2008-01-01,0287864972117,232,kam,Riksdagsledamot,Ledig,2008-04-07,2729
7903,kammaruppdrag,Mikael Odenberg,2006-10-06,0296832736219,51,kam,Statsrådsersättare,Ersättare,2006-11-15,7899
1479,kammaruppdrag,"",2002-09-30,0512424416400,269,kam,Riksdagsledamot,Tjänstgörande,2002-11-18,1476
47025,uppdrag,EU-nämnden,2018-10-09,0831039938224,46,EUN,Suppleant,"",2022-10-04,46997
52195,kammaruppdrag,Josef Fransson,2023-04-26,0663840649717,203,kam,Ersättare,Ersättare,2023-05-12,52191
12477,uppdrag,Näringsutskottet,1992-03-30,0846623992109,0,NU,Suppleant,"",1993-10-14,12473
42889,uppdrag,Miljö- och jordbruksutskottet,2020-03-18,0875221317013,163,MJU,Suppleant,"",2022-09-26,42872
21443,uppdrag,Konstitutionsutskottet,2000-02-02,0232236105111,0,KU,Suppleant,"",2002-09-30,21441
15779,kammaruppdrag,"",2002-09-30,0634122058105,290,kam,Riksdagsledamot,Tjänstgörande,2006-10-02,15778
38246,kammaruppdrag,"",1988-10-03,0363228965800,25,kam,Riksdagsledamot,Tjänstgörande,1991-09-30,38238
41597,uppdrag,Justitieutskottet,2020-03-18,0545733815610,287,JuU,Suppleant,"",2022-09-26,41587
35717,Departement,Justitiedepartementet,2006-10-06,0956595590924,17,Ju,Statsråd,"",2010-07-06,35711
5665,uppdrag,Socialförsäkringsutskottet,1997-10-10,0747667590310,0,SfU,Suppleant,"",1998-10-04,5655
6353,Riksdagsorgan,Ledamotsrådet,2012-06-14,0615338062910,7,LR,Suppleant,"",2014-09-29,6339
31016,kammaruppdrag,"",2014-09-29,0325462829512,150,kam,Riksdagsledamot,Tjänstgörande,2018-09-24,31014
3070,Riksdagsorgan,Krigsdelegationen,1998-10-20,0815435847817,0,KD,Ledamot,"",2002-10-14,3043
42133,uppdrag,Kulturutskottet,2020-03-18,0559925283228,215,KrU,Suppleant,"",2022-09-26,42119
40072,Riksdagsorgan,Krigsdelegationen,2013-01-22,0899112324519,1,KD,Ledamot,"",2014-10-14,40021
3590,Riksdagsorgan,Nordiska rådets svenska delegation,2012-10-04,087735695612,8,NR,Ledamot,"",2013-09-16,3567
43100,uppdrag,Socialförsäkringsutskottet,2020-03-18,0926214745119,167,SfU,Suppleant,"",2022-09-26,43085
49563,uppdrag,Socialutskottet,2018-10-02,0148424181819,10,SoU,Suppleant,"",2022-09-26,49548
54069,uppdrag,Konstitutionsutskottet,2020-05-12,0722683622001,9,KU,Suppleant,"",2021-06-10,54050
2507,Riksdagsorgan,Valberedningen,2001-03-22,0529963707818,0,VB,Ledamot,"",2002-09-30,2480
4968,kammaruppdrag,Jörgen Johansson,2010-01-19,0191316991613,235,kam,Ersättare,Ersättare,2010-02-28,4965
1560,Riksdagsorgan,Krigsdelegationen,1994-10-18,0699354970600,0,KD,Ledamot,"",1998-10-05,1544
50525,uppdrag,Försvarsutskottet,2025-01-30,0202577142527,1,FöU,Vice ordförande,"",2026-09-28,50520
51835,uppdrag,Försvarsutskottet,2018-10-02,0411459873625,8,FöU,Ledamot,"",2022-09-26,51826
39658,Riksdagsorgan,Nordiska rådets svenska delegation,2006-10-17,0630824497414,19,NR,Ledamot,"",2010-10-04,39624
43014,uppdrag,Försvarsutskottet,2017-11-09,0122987223112,15,FöU,Ledamot,"",2018-09-24,42991
11567,kammaruppdrag,"",1988-10-03,0205148684308,9,kam,Riksdagsledamot,Tjänstgörande,1991-09-30,11561
46837,uppdrag,Justitieutskottet,2020-03-18,0472349361027,179,JuU,Suppleant,"",2022-09-26,46818
8488,kammaruppdrag,"",1998-10-05,0502770250503,283,kam,Riksdagsledamot,Tjänstgörande,2002-09-30,8486
38831,uppdrag,Konstitutionsutskottet,2022-10-04,0557180142229,5,KU,Ledamot,"",2026-09-28,38826
2330,uppdrag,Miljö- och jordbruksutskottet,2002-03-22,0975144579503,0,MJU,Suppleant,"",2002-09-29,2327
4543,uppdrag,Näringsutskottet,2006-10-10,0463606088610,0,NU,Ledamot,"",2008-10-03,4537
15726,Riksdagsorgan,Riksdagens delegation till Europarådets parlamentariska församling,1991-11-20,0334042720405,0,ER,Ledamot,"",1992-04-08,15703
4058,uppdrag,EU-nämnden,2008-02-21,0902086611116,41,EUN,Suppleant,"",2010-10-12,4049
17606,uppdrag,EU-nämnden,1998-10-20,0575413157004,0,EUN,Suppleant,"",2002-10-08,17586
7682,uppdrag,Arbetsmarknadsutskottet,2010-10-12,0747852417614,6,AU,Ledamot,"",2014-09-29,7678
243,Riksdagsorgan,Nordiska rådets svenska delegation,2006-10-17,0897304708905,1,NR,Ordförande,"",2010-10-04,219
16662,kammaruppdrag,"",1998-10-05,0841352877309,233,kam,Riksdagsledamot,Tjänstgörande,1999-01-10,16659
38386,uppdrag,Socialutskottet,2020-03-18,0860364634014,196,SoU,Suppleant,"",2022-09-26,38371
17695,Riksdagsorgan,Utrikesnämnden,1998-10-20,0996403729104,0,UN,Suppleant,"",2002-10-08,17662
25351,kammaruppdrag,"",2018-05-18,089413816205,251,kam,Riksdagsledamot,Tjänstgörande,2018-09-24,25350
47510,Riksdagsorgan,Nordiska rådets svenska delegation,2020-10-14,0665485817222,7,NR,Suppleant,"",2021-10-13,47445
2315,Departement,Statsrådsberedningen,1996-03-22,0825004049003,0,SB,Statsminister,"",2006-10-06,2291
19516,uppdrag,Justitieutskottet,1994-10-11,0914133868703,0,JuU,Suppleant,"",1998-10-04,19507
5280,uppdrag,Konstitutionsutskottet,2006-10-10,0332067570917,2,KU,Ordförande,"",2010-10-04,5269
32992,uppdrag,Civilutskottet,2006-10-10,0585684563812,25,CU,Ledamot,"",2009-02-09,32977
18506,uppdrag,Justitieutskottet,1994-10-11,0267143098400,0,JuU,Ledamot,"",1994-10-18,18500
43420,uppdrag,EU-nämnden,2022-10-18,0246927519019,67,EUN,Suppleant,"",2026-09-28,43394
5536,kammaruppdrag,Sverre Palm 1984-10-16 - 1984-11-16,1984-10-16,0123927542506,0,kam,Riksdagsledamot,Ledig,1984-11-16,5519
19975,Departement,Näringsdepartementet,2014-10-03,0116084827614,17,N,Statsråd,"",2016-04-18,19974
53726,Riksdagsorgan,Krigsdelegationen,2024-11-14,0602744999917,44,KD,Ledamot,"",2026-10-13,53714
50542,uppdrag,Utbildningsutskottet,2020-03-18,0202577142527,280,UbU,Suppleant,"",2022-09-26,50520
17877,uppdrag,Kulturutskottet,1999-10-26,046703152205,0,KrU,Suppleant,"",2002-09-30,17866
18330,uppdrag,EU-nämnden,2004-04-01,0319703582208,0,EUN,Suppleant,"",2006-10-10,18305
46328,kammaruppdrag,"",2022-09-26,0671571847522,117,kam,Riksdagsledamot,Tjänstgörande,2026-09-28,46327
28489,uppdrag,EU-nämnden,2019-02-14,0409540163215,28,EUN,Suppleant,"",2022-09-26,28456
25667,uppdrag,Kulturutskottet,2020-03-18,0222691314314,64,KrU,Suppleant,"",2022-09-26,25650
26263,uppdrag,Sammansatta konstitutions- och utrikesutskottet,2007-03-27,0637028706011,0,KUU,Suppleant,"",2009-05-06,26243
24083,uppdrag,Finansutskottet,2020-03-20,0787535945527,285,FiU,Suppleant,"",2022-09-26,24078
8410,Riksdagsorgan,Nordiska rådets svenska delegation,2006-10-17,0371414788216,2,NR,Suppleant,"",2010-10-04,8392
53063,uppdrag,Finansutskottet,2020-03-18,0587736055221,125,FiU,Suppleant,"",2022-09-26,53050
47632,uppdrag,Justitieutskottet,2010-10-12,0583257327619,4,JuU,Ledamot,"",2011-02-28,47625
29175,Riksdagsorgan,Nordiska rådets svenska delegation,2016-10-26,010343930918,7,NR,Suppleant,"",2017-09-28,29133
27535,uppdrag,Konstitutionsutskottet,2012-10-01,0787533297400,2,KU,Ledamot,"",2014-09-29,27521
10707,kammaruppdrag,"",1988-10-03,047696971609,118,kam,Riksdagsledamot,Tjänstgörande,1991-09-30,10706
46767,uppdrag,Arbetsmarknadsutskottet,2019-02-13,0588282566419,17,AU,Suppleant,"",2019-05-10,46741
26643,uppdrag,Näringsutskottet,1991-09-30,0924192709909,0,NU,Ledamot,"",1994-10-02,26636
18771,kammaruppdrag,"",2005-11-26,0668293417401,0,kam,Ersättare,Ersättare,2005-12-28,18770
34800,uppdrag,Socialförsäkringsutskottet,2024-10-15,0973350087929,17,SfU,Ledamot,"",2026-09-28,34798
22587,Riksdagsorgan,Krigsdelegationen,2006-10-17,0584659199514,12,KD,Ledamot,"",2010-10-19,22565
5139,uppdrag,Socialförsäkringsutskottet,2006-10-10,0835507837915,14,SfU,Suppleant,"",2010-10-04,5136
1070,kammaruppdrag,Jan Strömdahl,1990-10-02,0163254848207,63,kam,Ersättare,Ersättare,1990-12-31,1065
53758,uppdrag,Skatteutskottet,2020-04-08,0847676507229,0,SkU,Extra suppleant,"",2020-11-29,53743
39534,uppdrag,Sammansatta utrikes- och försvarsutskottet,2016-04-12,0284039893826,10,UFöU,Suppleant,"",2016-05-25,39525
6832,uppdrag,Trafikutskottet,2005-02-24,0422059125318,0,TU,Suppleant,"",2005-03-24,6830
32134,uppdrag,Försvarsutskottet,2021-11-26,0285527517421,10,FöU,Ledamot,"",2022-09-26,32132
1086,Riksdagsorgan,Riksdagens delegation till Europarådets parlamentariska församling,2002-04-09,0163254848207,0,ER,Suppleant,"",2002-09-30,1065
52584,uppdrag,Utrikesutskottet,2020-03-18,0475643059428,108,UU,Suppleant,"",2020-09-03,52560
49879,uppdrag,Civilutskottet,2019-11-15,0980092192122,19,CU,Suppleant,"",2020-02-07,49829
23565,kammaruppdrag,"",2005-01-01,0103812031214,322,kam,Riksdagsledamot,Ledig,2005-04-30,23557
3333,kammaruppdrag,Maj-Inger Klingvall,1998-10-05,0708565346310,95,kam,Ersättare,Ersättare,2001-11-15,3328
13989,Riksdagsorgan,EES-EFTA delegationen,1994-10-11,0245320188502,0,EES,Ledamot,"",1994-10-11,13944
43030,Riksdagsorgan,Nordiska rådets svenska delegation,2022-10-11,0122987223112,16,NR,Suppleant,"",2023-10-19,42991
37489,Riksdagsorgan,Nordiska rådets svenska delegation,2018-10-09,0509415296421,12,NR,Ledamot,"",2019-10-02,37457
43881,kammaruppdrag,"",2010-10-04,049290762318,329,kam,Riksdagsledamot,Tjänstgörande,2014-09-29,43878
53750,uppdrag,Arbetsmarknadsutskottet,2020-04-08,0847676507229,0,AU,Extra suppleant,"",2020-11-29,53743
1693,uppdrag,Utrikesutskottet,1994-10-18,0236004923301,0,UU,Suppleant,"",1998-10-04,1680
31425,uppdrag,Utbildningsutskottet,2019-01-23,0334816698724,16,UbU,Ledamot,"",2019-02-07,31402
20252,kammaruppdrag,"",1991-09-30,0699478732904,314,kam,Riksdagsledamot,Tjänstgörande,1994-10-03,20250
51390,kammaruppdrag,"",2016-01-01,0667220767927,18,kam,Talmansersättare,Ersättare,2018-09-24,51383
44047,uppdrag,Civilutskottet,2018-10-02,0223069839622,14,CU,Ledamot,"",2022-09-26,44034
2406,Riksdagsorgan,Riksdagens delegation till Interparlamentariska unionen,2002-12-19,0271495844814,0,IPU,Suppleant,"",2004-04-13,2395
47484,uppdrag,Skatteutskottet,2013-04-24,0665485817222,0,SkU,Extra suppleant,"",2013-05-31,47445
14148,uppdrag,Bostadsutskottet,1994-10-11,0277100069203,0,BoU,Ledamot,"",1998-10-04,14137
31855,uppdrag,Finansutskottet,2020-03-18,057993099726,111,FiU,Suppleant,"",2022-09-26,31850
1673,uppdrag,Lagutskottet,1994-10-11,0977281927618,0,LU,Suppleant,"",1996-03-22,1658
2357,uppdrag,EU-nämnden,1997-10-21,0987224899103,0,EUN,Suppleant,"",1998-10-05,2338
16822,uppdrag,Arbetsmarknadsutskottet,1994-10-11,0408672730600,0,AU,Ledamot,"",1998-10-04,16813
43639,uppdrag,Kulturutskottet,2025-02-27,0603366539729,17,KrU,Vice ordförande,"",2026-09-28,43635
6486,kammaruppdrag,Carin Jämtin,2006-10-02,0827298177012,278,kam,Statsrådsersättare,Ersättare,2006-10-06,6484
45609,uppdrag,Civilutskottet,2014-10-07,0721509806321,15,CU,Ledamot,"",2018-09-24,45587
12144,uppdrag,Konstitutionsutskottet,1985-09-30,0540309351004,0,KU,Ledamot,"",1988-10-02,12132
44156,Riksdagsorgan,Valberedningen,2012-06-12,0603753860213,6,VB,Ledamot,"",2014-09-29,44111
31819,uppdrag,Justitieutskottet,2020-03-06,0846730583715,5,JuU,Suppleant,"",2021-02-28,31815
10012,kammaruppdrag,"",1982-10-04,0333564361692,0,kam,Riksdagsledamot,Tjänstgörande,1985-09-30,10010
39586,Riksdagsorgan,Riksdagsstyrelsen,2010-10-12,069436402021,6,RS,Ledamot,"",2014-10-07,39555
19098,uppdrag,Skatteutskottet,1998-10-13,0782713019602,0,SkU,Ledamot,"",2000-02-01,19082
17049,kammaruppdrag,"",1988-10-03,0753292035001,165,kam,Riksdagsledamot,Tjänstgörande,1991-09-30,17046
45241,uppdrag,Skatteutskottet,2020-03-18,065105536026,201,SkU,Suppleant,"",2022-09-26,45224
35674,uppdrag,Miljö- och jordbruksutskottet,2020-03-18,0150118366721,246,MJU,Suppleant,"",2022-09-26,35658
27692,uppdrag,Sammansatta utrikes- och försvarsutskottet,2018-11-15,0262017901513,2,UFöU,Deputerad,"",2018-12-05,27661
14560,kammaruppdrag,"",2002-09-30,0798631972204,223,kam,Riksdagsledamot,Tjänstgörande,2006-10-02,14559
14193,kammaruppdrag,"",1979-10-01,0794602231002,0,kam,Riksdagsledamot,Tjänstgörande,1980-05-11,14180
39241,kammaruppdrag,"",2014-09-29,0772402807013,75,kam,Riksdagsledamot,Tjänstgörande,2018-09-24,39236
40409,uppdrag,EU-nämnden,2006-10-24,0956444284814,0,EUN,Suppleant,"",2008-11-11,40377
3009,Riksdagsorgan,Krigsdelegationen,1998-10-20,0980725315516,0,KD,Ledamot,"",2002-10-14,2981
3766,Riksdagsorgan,Riksbanksfullmäktige,2010-10-19,0888126424314,2,RB,Ledamot,"",2011-05-30,3758
53423,uppdrag,Näringsutskottet,2023-04-01,0338088431726,1,NU,Suppleant,"",2023-09-20,53409
52628,uppdrag,Konstitutionsutskottet,2019-02-26,0607691439013,2,KU,Ordförande,"",2022-09-26,52613
45835,uppdrag,Trafikutskottet,2020-03-18,0199751900210,140,TU,Suppleant,"",2022-09-26,45818
31027,uppdrag,Utbildningsutskottet,2020-03-18,0325462829512,260,UbU,Suppleant,"",2022-09-26,31014
9404,uppdrag,Skatteutskottet,2011-05-13,0950559490627,0,SkU,Extra suppleant,"",2011-06-13,9396
48983,Riksdagsorgan,Utrikesnämnden,2010-10-12,0224712677012,5,UN,Ledamot,"",2014-10-07,48915
6345,uppdrag,Justitieutskottet,2010-10-12,0615338062910,17,JuU,Ledamot,"",2014-09-29,6339
45172,partiuppdrag,Kristdemokraterna,2018-10-09,0378597308227,0,KD,Förste vice gruppledare,"",2022-09-26,45145
51482,uppdrag,Skatteutskottet,2021-10-22,0682989845822,226,SkU,Suppleant,"",2022-09-26,51463
1035536,uppdrag,Utbildningsutskottet,2026-02-28,019430605328,3,UbU,Ledamot,"",2026-09-28,50316
29896,uppdrag,Socialutskottet,2020-03-18,0204443909416,113,SoU,Suppleant,"",2022-09-26,29878
49728,Riksdagsorgan,Nordiska rådets svenska delegation,2023-10-19,0630820052511,8,NR,Ledamot,"",2024-10-16,49699
50616,uppdrag,Sammansatta utrikes- och försvarsutskottet,2020-03-26,0628005785225,9,UFöU,Deputerad,"",2020-09-13,50580
28756,uppdrag,EU-nämnden,2010-10-19,048970816012,8,EUN,Suppleant,"",2014-10-07,28742
3650,Riksdagsorgan,Riksdagens delegation till Interparlamentariska unionen,2002-12-19,0468775142013,0,IPU,Ledamot,"",2004-04-13,3631
13213,uppdrag,Finansutskottet,1991-10-15,0583060288605,0,FiU,Suppleant,"",1993-04-13,13206
4382,kammaruppdrag,"",1998-10-05,028536711718,71,kam,Riksdagsledamot,Tjänstgörande,2002-09-30,4378
38766,uppdrag,Socialutskottet,2021-02-25,0965245623824,16,SoU,Ledamot,"",2021-11-30,38759
50325,uppdrag,Civilutskottet,2020-03-18,019430605328,65,CU,Suppleant,"",2022-09-26,50316
44177,uppdrag,Kulturutskottet,2020-03-18,0810201628512,52,KrU,Suppleant,"",2022-09-26,44162
30614,Departement,Utbildningsdepartementet,2013-01-21,0758652610,23,U,Statsråd,"",2014-10-03,30612
45880,uppdrag,Civilutskottet,2020-03-18,0540190357911,162,CU,Suppleant,"",2022-09-26,45870
5400,kammaruppdrag,"",2002-09-30,0499497337518,299,kam,Riksdagsledamot,Tjänstgörande,2006-10-02,5399
43314,uppdrag,Miljö- och jordbruksutskottet,2010-10-12,0983984918111,2,MJU,Ordförande,"",2014-09-29,43285
1760,uppdrag,Lagutskottet,1992-03-23,0809421239311,0,LU,Ledamot,"",1993-10-04,1752
14350,Departement,Socialdepartementet,1994-10-07,084783547505,0,S,Statsråd,"",1996-03-22,14349
13237,kammaruppdrag,"",1985-09-30,0719430958705,0,kam,Riksdagsledamot,Tjänstgörande,1988-10-03,13228
44240,uppdrag,Miljö- och jordbruksutskottet,2025-01-14,0358278412329,0,MJU,Extra suppleant,"",2025-03-30,44233
24517,Riksdagsorgan,Nordiska rådets svenska delegation,2021-10-13,0604459858621,3,NR,Ledamot,"",2022-09-26,24483
2044,kammaruppdrag,"",2006-10-02,0262124593702,49,kam,Riksdagsledamot,Tjänstgörande,2010-10-04,2040
23476,kammaruppdrag,"",1998-10-05,0938901612810,44,kam,Riksdagsledamot,Tjänstgörande,2002-09-30,23468
7409,uppdrag,Arbetsmarknadsutskottet,1994-10-11,0315680549012,0,AU,Suppleant,"",1996-03-26,7404
43528,uppdrag,Sammansatta utrikes- och försvarsutskottet,2010-11-23,0257612529618,12,UFöU,Suppleant,"",2010-12-15,43468
48342,uppdrag,Finansutskottet,2018-10-16,0542160909628,25,FiU,Suppleant,"",2022-09-26,48325
5844,kammaruppdrag,Maj-Lis Lööw,1995-01-10,0683297678211,75,kam,Ersättare,Ersättare,1995-10-09,5839
41947,Riksdagsorgan,Nordiska rådets svenska delegation,2011-10-12,0980681611418,3,NR,Ledamot,"",2012-09-18,41844
501,uppdrag,Socialutskottet,1988-01-17,0310304705606,0,SoU,Ledamot,"",1988-10-02,487
16291,Riksdagsorgan,Riksbanksfullmäktige,2014-10-14,0745549193810,11,RB,Suppleant,"",2018-10-09,16272
50879,uppdrag,Konstitutionsutskottet,2022-10-04,0973782197017,13,KU,Suppleant,"",2024-10-18,50869
52308,Departement,Kulturdepartementet,2021-02-05,0888807074321,18,Ku,Kultur- och demokratiminister,"",2021-06-29,52298
21489,uppdrag,Trafikutskottet,2017-10-24,0771287795114,0,TU,Extra suppleant,"",2018-03-30,21482
3525,uppdrag,Försvarsutskottet,2006-10-10,0814945477312,14,FöU,Ledamot,"",2010-10-04,3520
10596,kammaruppdrag,"",1976-10-04,0840626810107,0,kam,Riksdagsledamot,Tjänstgörande,1979-10-01,10592
44665,uppdrag,Arbetsmarknadsutskottet,2024-05-16,0692076685824,22,AU,Suppleant,"",2026-09-28,44657
47577,uppdrag,EU-nämnden,2020-03-18,0694917698222,297,EUN,Suppleant,"",2022-10-04,47551
18080,kammaruppdrag,"",1991-09-30,0610573125306,239,kam,Riksdagsledamot,Tjänstgörande,1993-10-24,18074
14161,Riksdagsorgan,Riksdagens delegation till Europarådets parlamentariska församling,1993-10-07,0277100069203,0,ER,Ledamot,"",1994-10-03,14137
1361,uppdrag,Konstitutionsutskottet,2007-04-18,0640774576009,22,KU,Suppleant,"",2010-10-04,1356
15909,Riksdagsorgan,Riksdagens delegation till Europarådets parlamentariska församling,2003-01-01,0133282248705,0,ER,Ledamot,"",2006-10-31,15889
17918,uppdrag,Utrikesutskottet,1994-10-11,0153923606405,0,UU,Suppleant,"",1995-01-15,17908
8117,kammaruppdrag,Daniel Bäckström 2013-04-22 - 2013-05-31  Föräldraledighet,2013-04-22,0391973624515,72,kam,Riksdagsledamot,Ledig,2013-05-31,8113
6805,Riksdagsorgan,Krigsdelegationen,2006-10-17,042839539117,30,KD,Ledamot,"",2010-10-04,6776
18840,uppdrag,EU-nämnden,2006-01-01,0802373156815,0,EUN,Suppleant,"",2006-10-02,18830
2308,Riksdagsorgan,Krigsdelegationen,2006-10-17,0825004049003,0,KD,Ledamot,"",2007-04-30,2291
5427,uppdrag,Miljö- och jordbruksutskottet,2002-10-08,0758217192418,0,MJU,Ledamot,"",2006-10-02,5423
2872,uppdrag,Arbetsmarknadsutskottet,2004-11-25,0875425244515,0,AU,Ledamot,"",2006-10-02,2864
23292,uppdrag,Näringsutskottet,2011-09-19,0157062733618,14,NU,Ledamot,"",2011-09-21,23265
45852,Riksdagsorgan,Riksdagens ansvarsnämnd,2019-02-15,0199751900210,1,RAN,Ersättare,"",2021-12-31,45818
50335,uppdrag,Arbetsmarknadsutskottet,2021-02-03,019430605328,9,AU,Ledamot,"",2022-01-28,50316
7346,uppdrag,Miljö- och jordbruksutskottet,2020-03-18,0537400268911,150,MJU,Suppleant,"",2022-09-26,7330
52484,kammaruppdrag,Maria Malmer Stenergard,2022-10-18,0410231576416,65,kam,Statsrådsersättare,Ersättare,2024-08-20,52482
18667,uppdrag,EU-nämnden,2001-03-28,0900533740700,0,EUN,Suppleant,"",2002-10-08,18636
2901,kammaruppdrag,"",2002-09-30,0913965980315,46,kam,Riksdagsledamot,Tjänstgörande,2006-10-02,2899
3688,uppdrag,Socialförsäkringsutskottet,2002-10-08,0879055385113,0,SfU,Suppleant,"",2002-12-31,3678
42251,uppdrag,Socialutskottet,2020-03-18,0706528359123,190,SoU,Suppleant,"",2022-09-26,42233
23334,uppdrag,EU-nämnden,2016-06-14,0925451929216,71,EUN,Suppleant,"",2017-05-04,23323
2401,uppdrag,Arbetsmarknadsutskottet,1998-10-13,0271495844814,0,AU,Ledamot,"",2002-09-30,2395
47616,uppdrag,Socialutskottet,2022-01-11,0389795960120,303,SoU,Suppleant,"",2022-09-26,47605
12665,uppdrag,Justitieutskottet,1998-10-13,0502353466300,0,JuU,Ledamot,"",2002-01-14,12652
26712,kammaruppdrag,Laila Naraghi,2019-01-22,0624994476012,35,kam,Ersättare,Ersättare,2019-05-07,26709
6107,uppdrag,Sammansatta utrikes- och försvarsutskottet,2004-10-19,0600928907216,0,UFöU,Deputerad,"",2005-12-15,6072
29096,uppdrag,Sammansatta utrikes- och försvarsutskottet,2011-03-31,0590042760718,7,UFöU,Deputerad,"",2011-04-01,29060
4444,uppdrag,Bostadsutskottet,1998-10-13,0489096664719,0,BoU,Ledamot,"",2002-09-30,4440
43306,uppdrag,Konstitutionsutskottet,2023-12-07,0983984918111,30,KU,Suppleant,"",2026-09-28,43285
5103,uppdrag,Sammansatta konstitutions- och utrikesutskottet,2002-04-18,0476457225115,0,KUU,Deputerad,"",2002-06-04,5088
10775,Riksdagsorgan,Nordiska rådets svenska delegation,1992-10-20,0493166969401,0,NR,Ledamot,"",1994-10-03,10767
32341,uppdrag,Civilutskottet,2020-03-18,0238095659621,120,CU,Suppleant,"",2022-09-26,32337
24892,kammaruppdrag,"",2014-09-29,0299937536814,234,kam,Riksdagsledamot,Tjänstgörande,2018-09-24,24891
34312,uppdrag,Utrikesutskottet,2010-10-12,0891971250317,2,UU,Ledamot,"",2010-10-12,34303
30465,uppdrag,Konstitutionsutskottet,2020-03-18,0521844714515,229,KU,Suppleant,"",2020-09-03,30447
35750,uppdrag,Utbildningsutskottet,2002-10-08,0956595590924,0,UbU,Suppleant,"",2003-11-24,35711
31623,uppdrag,Utbildningsutskottet,2018-10-16,0409763768311,0,UbU,Extra suppleant,"",2019-01-21,31617
45005,kammaruppdrag,"Björn Petersson 2018-09-24 - 2022-09-26, Björn Petersson 2022-09-26 - 2022-10-06",2022-09-26,0853395328224,220,kam,Riksdagsledamot,Ledig,2022-10-06,44993
28520,kammaruppdrag,"",2010-10-04,0541320528015,144,kam,Riksdagsledamot,Tjänstgörande,2014-09-29,28513
52160,partiuppdrag,Vänsterpartiet,2025-10-21,0802091197024,0,V,Andre vice gruppledare,"",,52159
28933,uppdrag,Skatteutskottet,2016-09-29,0136801772915,3,SkU,Ledamot,"",2018-09-24,28915
27177,kammaruppdrag,Börje Stensson 1990-10-12 - 1990-11-11,1990-10-12,0738969851001,97,kam,Riksdagsledamot,Ledig,1990-11-11,27168
48509,uppdrag,Finansutskottet,2020-03-18,0792733370419,256,FiU,Suppleant,"",2022-09-26,48498
551,uppdrag,Utbildningsutskottet,1998-10-20,0507199415917,0,UbU,Suppleant,"",2002-09-30,544
37335,uppdrag,Sammansatta utrikes- och försvarsutskottet,2024-05-23,0314794471216,9,UFöU,Deputerad,"",2024-06-18,37328
15656,kammaruppdrag,"",1998-10-05,0214302391005,330,kam,Riksdagsledamot,Tjänstgörande,2002-03-28,15655
47488,uppdrag,Sammansatta utrikes- och försvarsutskottet,2020-03-26,0665485817222,7,UFöU,Suppleant,"",2020-09-13,47445
45284,kammaruppdrag,"",2022-09-26,0523902030928,336,kam,Riksdagsledamot,Tjänstgörande,2024-01-29,45280
19090,kammaruppdrag,"",1994-10-03,0782713019602,245,kam,Riksdagsledamot,Tjänstgörande,1995-01-09,19082
47762,uppdrag,Arbetsmarknadsutskottet,2020-03-18,0982795248728,256,AU,Suppleant,"",2022-09-26,47740
52363,uppdrag,Sammansatta utrikes- och försvarsutskottet,2011-06-16,0410640630411,1,UFöU,Suppleant,"",2011-06-17,52347
46824,kammaruppdrag,Lena Bäckelin 2023-01-15 - 2023-02-24,2023-01-15,0472349361027,239,kam,Riksdagsledamot,Ledig,2023-02-24,46818
29791,uppdrag,Utbildningsutskottet,2009-10-16,0210198640127,10,UbU,Ledamot,"",2010-10-04,29762
22952,kammaruppdrag,"",1998-10-05,0110600080618,134,kam,Riksdagsledamot,Tjänstgörande,2002-09-30,22946
27492,uppdrag,Kulturutskottet,2018-10-02,025931369428,15,KrU,Ledamot,"",2022-09-26,27487
22590,Riksdagsorgan,Nordiska rådets svenska delegation,2004-04-29,0584659199514,0,NR,Suppleant,"",2006-10-02,22565
23078,kammaruppdrag,"",2006-10-02,0618560932311,145,kam,Riksdagsledamot,Tjänstgörande,2010-10-04,23071
44007,uppdrag,EU-nämnden,2023-05-22,0744139167426,74,EUN,Suppleant,"",2024-10-04,43967
28024,uppdrag,EU-nämnden,2020-03-18,0909948830718,180,EUN,Suppleant,"",2022-09-26,27995
916,kammaruppdrag,"",1976-10-04,0537484650407,0,kam,Riksdagsledamot,Tjänstgörande,1979-10-01,903
43590,uppdrag,Utrikesutskottet,2021-03-03,0304498908019,12,UU,Suppleant,"",2022-03-29,43570
25434,kammaruppdrag,Crister Spets 2017-12-01 - 2018-02-28  Föräldraledighet,2017-12-01,0599390849728,333,kam,Riksdagsledamot,Ledig,2018-02-28,25432
46298,uppdrag,EU-nämnden,2021-02-18,0128805841317,4,EUN,Suppleant,"",2022-09-26,46269
22308,uppdrag,Sammansatta utrikes- och försvarsutskottet,2013-11-26,0781648625615,14,UFöU,Suppleant,"",2013-12-17,22289
46236,uppdrag,Skatteutskottet,2022-10-04,010643534813,5,SkU,Ledamot,"",2025-02-14,46231
43766,uppdrag,Försvarsutskottet,2020-03-20,02658325625,270,FöU,Suppleant,"",2020-09-03,43744
15059,uppdrag,Utrikesutskottet,1994-10-11,0235331390700,0,UU,Ledamot,"",1995-10-10,15050
44483,uppdrag,Skatteutskottet,2020-03-18,0612916684825,176,SkU,Suppleant,"",2022-09-26,44460
18085,uppdrag,Utrikesutskottet,1998-10-13,0610573125306,0,UU,Ledamot,"",2002-09-30,18074
3437,uppdrag,Skatteutskottet,2006-10-24,0124035957411,19,SkU,Suppleant,"",2010-10-04,3430
32514,uppdrag,Lagutskottet,1991-09-30,0313166627901,0,LU,Ledamot,"",1994-10-02,32507
43912,uppdrag,Sammansatta utrikes- och försvarsutskottet,2011-11-24,049290762318,10,UFöU,Deputerad,"",2011-12-14,43878
9777,kammaruppdrag,"",1979-10-01,0739154377395,0,kam,Riksdagsledamot,Tjänstgörande,1982-10-04,9774
7932,uppdrag,Sammansatta utrikes- och försvarsutskottet,2007-03-22,0165732384110,0,UFöU,Deputerad,"",2007-06-01,7915
51340,uppdrag,Socialutskottet,2024-03-05,0800956862429,26,SoU,Suppleant,"",2025-02-25,51326
30419,uppdrag,Socialförsäkringsutskottet,2020-03-18,0313210809828,118,SfU,Suppleant,"",2021-09-13,30406
27910,uppdrag,Försvarsutskottet,2020-03-18,0679228585116,133,FöU,Suppleant,"",2020-09-03,27891
23775,uppdrag,Socialförsäkringsutskottet,2008-02-14,0548314774911,2,SfU,Ledamot,"",2008-02-18,23764
13168,uppdrag,Trafikutskottet,1988-10-11,0346540621005,0,TU,Suppleant,"",1991-09-29,13163
25052,Europaparlamentet,Europaparlamentet,2009-07-14,0954072997110,16,EP,Ledamot,"",2011-11-30,25049
38513,uppdrag,Utrikesutskottet,2018-10-02,0526748040023,15,UU,Ledamot,"",2021-01-15,38493
34326,uppdrag,Sammansatta utrikes- och försvarsutskottet,2012-11-27,0891971250317,4,UFöU,Ordförande,"",2012-12-19,34303
3648,Riksdagsorgan,Styrelsen för Stiftelsen Riksbankens Jubileumsfond,2006-11-01,0468775142013,5,RJ,Personlig suppleant,"",2010-10-31,3631
17143,uppdrag,Finansutskottet,1985-09-30,0201502585302,0,FiU,Suppleant,"",1986-10-07,17131
50820,uppdrag,Sammansatta utrikes- och försvarsutskottet,2025-09-25,0970259744617,11,UFöU,Deputerad,"",2025-12-10,50778
50330,uppdrag,Näringsutskottet,2020-03-18,019430605328,68,NU,Suppleant,"",2022-09-26,50316
14673,uppdrag,Näringsutskottet,1988-10-11,0126791491904,0,NU,Suppleant,"",1989-10-04,14667
37525,uppdrag,Finansutskottet,2023-09-13,0926477102420,17,FiU,Ledamot,"",2026-09-28,37522
22401,kammaruppdrag,"",2010-10-04,0338458649710,174,kam,Riksdagsledamot,Tjänstgörande,2014-09-29,22399
38251,uppdrag,Miljö- och jordbruksutskottet,2020-03-18,0363228965800,93,MJU,Suppleant,"",2022-09-26,38238
13258,Riksdagsorgan,EES-EFTA delegationen,1994-10-11,0719430958705,0,EES,Suppleant,"",1994-12-31,13228
17210,kammaruppdrag,"",1991-09-30,0311892218602,190,kam,Riksdagsledamot,Tjänstgörande,1994-10-03,17205
632,kammaruppdrag,"Sven Yngve Persson 2006-10-06 - 2006-11-09, Ann-Charlotte Hammar Johnsson 2006-11-09 - 2010-10-04",2006-11-09,0652944607906,185,kam,Riksdagsledamot,Ledig,2010-10-04,628
23341,Riksdagsorgan,Nordiska rådets svenska delegation,2011-10-12,0925451929216,15,NR,Suppleant,"",2012-09-18,23323
47939,uppdrag,Näringsutskottet,2022-02-14,0108109641223,2,NU,Ledamot,"",2022-02-15,47911
48265,uppdrag,Arbetsmarknadsutskottet,2020-03-18,0616721755222,68,AU,Suppleant,"",2022-09-26,48252
28294,uppdrag,Socialförsäkringsutskottet,2001-09-18,0860429409414,0,SfU,Suppleant,"",2002-07-31,28256
2333,Riksdagsorgan,Riksbanksfullmäktige,2006-12-21,0975144579503,2,RB,Suppleant,"",2010-10-19,2327
14271,kammaruppdrag,"",1998-10-05,0567810897103,135,kam,Riksdagsledamot,Tjänstgörande,2002-09-30,14269
667,uppdrag,Justitieutskottet,1988-10-11,0666354900406,0,JuU,Ledamot,"",1991-09-29,655
33195,kammaruppdrag,Alexandra Völker,2019-01-22,0497217816024,174,kam,Ersättare,Ersättare,2019-01-31,33190
42453,uppdrag,Miljö- och jordbruksutskottet,2015-12-10,0828721176319,11,MJU,Suppleant,"",2018-09-24,42425
50736,uppdrag,Sammansatta utrikes- och försvarsutskottet,2024-05-23,0879782396219,4,UFöU,Suppleant,"",2024-06-18,50699
39369,uppdrag,Utbildningsutskottet,2020-03-18,0719332223713,99,UbU,Suppleant,"",2022-09-26,39348
51953,uppdrag,Utrikesutskottet,2024-09-11,0452755722723,18,UU,Suppleant,"",2026-05-28,51945
45443,uppdrag,EU-nämnden,2020-03-18,0653904370212,194,EUN,Suppleant,"",2020-10-14,45398
50265,uppdrag,Civilutskottet,2022-10-04,0619928872229,6,CU,Ledamot,"",2026-09-28,50257
32143,uppdrag,Skatteutskottet,2020-03-18,0285527517421,253,SkU,Suppleant,"",2022-09-26,32132
42332,uppdrag,Trafikutskottet,2020-03-18,0494242537816,316,TU,Suppleant,"",2022-09-26,42311
2914,uppdrag,Trafikutskottet,1998-10-13,0913965980315,0,TU,Suppleant,"",2002-09-30,2899
39321,uppdrag,Trafikutskottet,2020-03-18,025967059622,187,TU,Suppleant,"",2022-09-26,39302
20480,uppdrag,Försvarsutskottet,2020-03-18,0196077326617,129,FöU,Suppleant,"",2020-09-03,20460
31720,uppdrag,Försvarsutskottet,2002-10-08,0837501934208,0,FöU,Ledamot,"",2006-10-02,31714
47052,uppdrag,Skatteutskottet,2020-03-18,0274462857213,207,SkU,Suppleant,"",2022-09-26,47036
45375,Departement,Finansdepartementet,2017-07-27,0922497728524,16,Fi,Statsråd,"",2019-01-21,45367
15208,uppdrag,Miljö- och jordbruksutskottet,1994-10-11,0270681733602,0,MJU,Ledamot,"",1998-10-04,15198
41642,uppdrag,Skatteutskottet,2020-03-18,025877594729,88,SkU,Suppleant,"",2022-09-26,41628
39783,uppdrag,Sammansatta konstitutions- och utrikesutskottet,2007-05-31,012053331219,0,KUU,Suppleant,"",2009-05-06,39764
48778,uppdrag,Utbildningsutskottet,2025-09-25,048561486727,12,UbU,Ledamot,"",2026-09-28,48775
5019,Riksdagsorgan,Nordiska rådets svenska delegation,2011-10-12,0679667648714,19,NR,Ledamot,"",2012-09-18,5007
4540,kammaruppdrag,"",2002-09-30,0463606088610,321,kam,Riksdagsledamot,Tjänstgörande,2006-10-02,4537
18727,uppdrag,Utrikesutskottet,1988-10-11,0520793981601,0,UU,Suppleant,"",1991-09-29,18711
26236,kammaruppdrag,Barbro Hietala Nordlund 1998-10-05 - 2001-10-25,1998-10-05,0328926898814,300,kam,Riksdagsledamot,Ledig,2001-10-25,26231
34451,Europaparlamentet,Europaparlamentet,2024-07-16,0911490574010,12,EP,Ledamot,"",2029-07-16,34444
3668,uppdrag,Miljö- och jordbruksutskottet,1995-01-19,0808145784313,0,MJU,Suppleant,"",1996-04-17,3655
4150,uppdrag,Sammansatta utrikes- och försvarsutskottet,2004-05-11,0959236354417,0,UFöU,Suppleant,"",2004-05-26,4145
49565,uppdrag,Utbildningsutskottet,2020-03-18,0148424181819,251,UbU,Suppleant,"",2022-09-26,49548
24911,uppdrag,Justitieutskottet,2020-03-18,0465804601318,313,JuU,Suppleant,"",2022-09-26,24905
53189,uppdrag,Näringsutskottet,2025-12-11,0986091320811,21,NU,Suppleant,"",2026-09-28,53184
29510,uppdrag,Sammansatta utrikes- och försvarsutskottet,2011-03-31,0843345349823,13,UFöU,Deputerad,"",2011-04-01,29471
3992,kammaruppdrag,"",1979-10-01,0742132383497,0,kam,Riksdagsledamot,Tjänstgörande,1982-10-04,3989
21845,uppdrag,Skatteutskottet,2020-03-18,043972220518,173,SkU,Suppleant,"",2022-09-26,21830
23358,kammaruppdrag,"",2018-09-24,0925652297119,152,kam,Riksdagsledamot,Tjänstgörande,2022-09-26,23356
51392,kammaruppdrag,"",2014-09-29,0667220767927,18,kam,Talmansersättare,Ersättare,2015-10-11,51383
50240,uppdrag,Konstitutionsutskottet,2020-03-18,0502490570219,33,KU,Suppleant,"",2020-09-03,50220
21271,uppdrag,Finansutskottet,2006-10-10,0958776965517,7,FiU,Suppleant,"",2010-10-04,21258
27474,uppdrag,Utbildningsutskottet,1988-10-11,0575287564902,0,UbU,Suppleant,"",1991-09-29,27468
9585,kammaruppdrag,Offentligt uppdrag,1980-10-07,0689652394598,0,kam,Riksdagsledamot,Ledig,1980-11-06,9583
44036,kammaruppdrag,"",2019-05-17,0223069839622,191,kam,Riksdagsledamot,Tjänstgörande,2022-09-26,44034
29291,uppdrag,Försvarsutskottet,2010-10-12,0893004490313,1,FöU,Vice ordförande,"",2014-09-29,29266
17104,kammaruppdrag,"",1998-10-05,0181942435301,169,kam,Riksdagsledamot,Tjänstgörande,1999-09-30,17096
17713,kammaruppdrag,"",1998-10-05,075043103804,224,kam,Riksdagsledamot,Tjänstgörande,2002-09-30,17712
1600,uppdrag,Arbetsmarknadsutskottet,1998-10-13,0928964569700,0,AU,Vice ordförande,"",2002-09-29,1592
1110221,Riksdagsorgan,Krigsdelegationen,2026-06-16,0980092192122,41,KD,Ledamot,"",2026-10-13,49829
7386,uppdrag,Utrikesutskottet,2003-11-24,0977860675311,0,UU,Vice ordförande,"",2006-10-02,7380
21218,kammaruppdrag,"",2004-11-15,0641486384014,295,kam,Riksdagsledamot,Tjänstgörande,2006-10-02,21214
33128,uppdrag,Socialutskottet,2020-03-18,0364687971222,108,SoU,Suppleant,"",2022-09-26,33116
23367,uppdrag,Näringsutskottet,2020-03-18,0925652297119,290,NU,Suppleant,"",2022-09-26,23356
15763,uppdrag,Miljö- och jordbruksutskottet,1992-10-20,0637482737005,0,MJU,Suppleant,"",1993-04-23,15758
15112,uppdrag,Arbetsmarknadsutskottet,1988-10-03,0332721987700,0,AU,Ledamot,"",1991-09-29,15100
5889,kammaruppdrag,"",1994-10-03,0512357753412,227,kam,Riksdagsledamot,Tjänstgörande,1998-10-05,5885
7457,Riksdagsorgan,Valberedningen,1999-11-23,0838210948212,0,VB,Suppleant,"",2002-09-30,7437
5182,uppdrag,Näringsutskottet,2006-11-15,0906517990916,10,NU,Ledamot,"",2010-10-04,5180
40149,Riksdagsorgan,Valberedningen,2014-09-29,0973474532717,15,VB,Ledamot,"",2014-10-03,40121
15795,Riksdagsorgan,Nordiska rådets svenska delegation,2002-10-15,0634122058105,0,NR,Ledamot,"",2004-10-28,15778
4044,uppdrag,Socialförsäkringsutskottet,1995-01-26,0821986001816,0,SfU,Suppleant,"",1997-10-09,4038
16394,uppdrag,Trafikutskottet,2006-10-10,0522460069116,0,TU,Ledamot,"",2006-11-15,16380
5864,kammaruppdrag,Eliza Roszkowska Öberg,2011-10-10,0178667655211,249,kam,Ersättare,Ersättare,2012-03-18,5859
47083,uppdrag,Finansutskottet,2020-03-18,066036027425,46,FiU,Suppleant,"",2022-09-26,47074
48025,uppdrag,Utrikesutskottet,2020-05-04,0992420223820,32,UU,Suppleant,"",2020-09-03,47992
23394,kammaruppdrag,"",2010-10-04,0910241260018,152,kam,Riksdagsledamot,Tjänstgörande,2014-09-29,23392
48371,Riksdagsorgan,Krigsdelegationen,2015-08-27,0542160909628,19,KD,Ledamot,"",2018-10-09,48325
22879,uppdrag,Arbetsmarknadsutskottet,2020-03-18,0732677378827,69,AU,Suppleant,"",2022-09-26,22866
7765,kammaruppdrag,"",2002-09-30,0880452278816,65,kam,Riksdagsledamot,Tjänstgörande,2006-10-02,7760
38592,kammaruppdrag,Linus Lakso,2022-11-01,0348383585915,87,kam,Ersättare,Ersättare,2023-06-25,38591
43890,uppdrag,Socialförsäkringsutskottet,2020-03-18,049290762318,150,SfU,Suppleant,"",2022-09-26,43878
45379,kammaruppdrag,"Gustaf Lantz 2020-12-16 - 2022-09-26, Marcus Wennerström 2022-09-26 - 2022-10-18",2022-09-26,0922497728524,147,kam,Riksdagsledamot,Ledig,2022-10-18,45367
16527,kammaruppdrag,"",1982-10-04,0882262949208,0,kam,Riksdagsledamot,Tjänstgörande,1985-09-30,16523
34615,uppdrag,Justitieutskottet,2022-10-04,0121015874810,13,JuU,Suppleant,"",2022-11-09,34610
44804,uppdrag,Utrikesutskottet,2020-03-18,0103624617217,162,UU,Suppleant,"",2020-09-03,44779
15183,uppdrag,Arbetsmarknadsutskottet,1988-10-03,0972721265901,0,AU,Suppleant,"",1989-10-04,15173
220,kammaruppdrag,"",2006-10-02,0897304708905,76,kam,Riksdagsledamot,Tjänstgörande,2010-10-04,219
11920,kammaruppdrag,"",1988-10-03,0119158487501,289,kam,Riksdagsledamot,Tjänstgörande,1991-09-30,11919
41447,uppdrag,Finansutskottet,2020-03-18,075747847023,160,FiU,Suppleant,"",2022-09-26,41434
49096,Riksdagsorgan,Krigsdelegationen,2022-10-11,0407081382317,14,KD,Ledamot,"",2026-10-13,49064
44396,uppdrag,Justitieutskottet,2024-10-17,0315499690028,2,JuU,Vice ordförande,"",2026-09-28,44388
20392,uppdrag,Socialförsäkringsutskottet,2010-10-12,0568055205114,5,SfU,Suppleant,"",2012-11-07,20387
23289,uppdrag,Näringsutskottet,2012-11-03,0157062733618,14,NU,Ledamot,"",2012-11-03,23265
5847,uppdrag,Konstitutionsutskottet,2002-10-08,0683297678211,0,KU,Suppleant,"",2006-10-02,5839
47480,uppdrag,Trafikutskottet,2015-09-25,0665485817222,29,TU,Suppleant,"",2016-04-13,47445
1785,uppdrag,Socialförsäkringsutskottet,2006-10-10,0903751303011,0,SfU,Ledamot,"",2007-04-08,1780
4254,kammaruppdrag,Inga-Britt Johansson 1981-10-14 - 1981-11-15,1981-10-14,0387691310906,0,kam,Riksdagsledamot,Ledig,1981-11-15,4244
23290,uppdrag,Näringsutskottet,2011-09-22,0157062733618,14,NU,Vice ordförande,"",2012-10-07,23265
20281,kammaruppdrag,"",1979-10-01,0758610200105,0,kam,Riksdagsledamot,Tjänstgörande,1982-10-04,20276
45958,kammaruppdrag,"",2010-10-06,0700424025906,4,kam,Riksdagsledamot,Tjänstgörande,2012-10-14,45954
16224,uppdrag,Finansutskottet,1995-01-26,0110842257006,0,FiU,Suppleant,"",1998-10-04,16218
43855,uppdrag,Arbetsmarknadsutskottet,2020-03-18,0665360289423,156,AU,Suppleant,"",2020-08-09,43847
18733,Riksdagsorgan,Styrelsen för Stiftelsen Riksbankens Jubileumsfond,2002-11-01,0520793981601,0,RJ,Ledamot,"",2004-10-27,18711
19467,uppdrag,Finansutskottet,1985-09-30,0810673119603,0,FiU,Suppleant,"",1988-10-02,19459
17981,uppdrag,Utrikesutskottet,2002-10-08,0193303720505,0,UU,Suppleant,"",2006-10-02,17967
16733,kammaruppdrag,"",1998-10-05,0902172188709,273,kam,Riksdagsledamot,Tjänstgörande,2002-09-30,16731
43894,uppdrag,Utbildningsutskottet,2020-03-18,049290762318,147,UbU,Suppleant,"",2022-09-26,43878
29743,uppdrag,Arbetsmarknadsutskottet,2014-10-07,0308306375022,14,AU,Ledamot,"",2015-03-05,29714
53334,kammaruppdrag,"",2010-10-04,0584183916016,2,kam,Riksdagsledamot,Tjänstgörande,2014-09-29,53329
15283,uppdrag,Konstitutionsutskottet,1994-10-11,0522191574902,0,KU,Suppleant,"",1995-10-10,15271
22539,uppdrag,Arbetsmarknadsutskottet,2008-06-12,0552248175312,2,AU,Ledamot,"",2008-09-17,22523
44627,uppdrag,Arbetsmarknadsutskottet,2006-10-10,0940980416614,10,AU,Ledamot,"",2010-10-04,44592
49412,uppdrag,Utrikesutskottet,2025-04-14,0112806493429,0,UU,Extra suppleant,"",2025-05-11,49409
22663,uppdrag,Finansutskottet,2006-10-10,0558039843819,13,FiU,Ledamot,"",2010-10-04,22650
18908,uppdrag,Sammansatta konstitutions- och utrikesutskottet,2003-02-18,0584386800218,0,KUU,Förste vice ordförande,"",2003-11-20,18877
41978,uppdrag,Socialutskottet,1979-10-01,0567830387107,0,SoU,Suppleant,"",1982-10-03,41960
28522,kammaruppdrag,"",2002-09-30,0541320528015,62,kam,Riksdagsledamot,Tjänstgörande,2006-10-02,28513
46431,uppdrag,Justitieutskottet,2020-03-18,0313390540217,168,JuU,Suppleant,"",2022-09-26,46421
50760,uppdrag,Sammansatta utrikes- och försvarsutskottet,2011-03-31,0879782396219,8,UFöU,Suppleant,"",2011-04-01,50699
43373,uppdrag,Trafikutskottet,2020-03-18,0810852280213,55,TU,Suppleant,"",2022-09-26,43353
5333,uppdrag,Socialförsäkringsutskottet,1982-10-04,0634917636517,0,SfU,Suppleant,"",1985-09-29,5306
28989,Riksdagsorgan,Riksdagsstyrelsen,2006-10-10,0962841101917,8,RS,Ersättare,"",2010-10-12,28949
1612,kammaruppdrag,"",1998-10-05,061124537800,345,kam,Riksdagsledamot,Tjänstgörande,2002-09-30,1610
51134,Riksdagsorgan,Nordiska rådets svenska delegation,2022-10-11,0964730940415,4,NR,Ledamot,"",2023-10-19,51099
43790,uppdrag,Finansutskottet,2022-10-04,0591020192311,9,FiU,Suppleant,"",2023-09-20,43782
44251,uppdrag,Kulturutskottet,2020-03-18,0358278412329,144,KrU,Suppleant,"",2022-09-26,44233
19230,uppdrag,Skatteutskottet,1991-02-11,0817433088402,0,SkU,Suppleant,"",1991-09-29,19219
52083,uppdrag,Kulturutskottet,2022-10-04,0191189790215,3,KrU,Suppleant,"",2022-10-27,52079
2173,uppdrag,Sammansatta konstitutions- och utrikesutskottet,2003-02-18,0857394544302,0,KUU,Suppleant,"",2003-11-20,2157
26051,uppdrag,Justitieutskottet,1994-10-11,0764840691205,0,JuU,Suppleant,"",1998-10-04,26045
15117,uppdrag,Trafikutskottet,1982-10-04,0332721987700,0,TU,Suppleant,"",1985-09-29,15100
6385,uppdrag,Sammansatta konstitutions- och utrikesutskottet,2001-03-27,0183788551910,0,KUU,Suppleant,"",2001-04-26,6367
50749,uppdrag,Sammansatta utrikes- och försvarsutskottet,2015-11-17,0879782396219,5,UFöU,Deputerad,"",2015-12-16,50699
34676,uppdrag,Arbetsmarknadsutskottet,2024-01-17,0307835692938,27,AU,Suppleant,"",2024-06-23,34674
2940,Riksdagsorgan,Krigsdelegationen,2010-10-19,039655712615,3,KD,Ledamot,"",2012-08-31,2928
20154,uppdrag,Sammansatta utrikes- och försvarsutskottet,2007-03-22,0780836041816,0,UFöU,Suppleant,"",2007-06-01,20138
14562,kammaruppdrag,"",1994-10-03,0798631972204,325,kam,Riksdagsledamot,Tjänstgörande,1998-10-05,14559
18269,uppdrag,Arbetsmarknadsutskottet,1994-10-11,0209063197208,0,AU,Suppleant,"",1998-10-04,18258
52947,uppdrag,Utrikesutskottet,2025-09-11,0861521539920,1,UU,Ledamot,"",2026-01-31,52939
4481,uppdrag,Utbildningsutskottet,1999-04-29,0568736532719,0,UbU,Suppleant,"",1999-06-14,4479
1804,kammaruppdrag,"",1998-10-05,0428644311601,235,kam,Riksdagsledamot,Tjänstgörande,2002-09-30,1802
29271,kammaruppdrag,"",2002-09-30,0893004490313,257,kam,Riksdagsledamot,Tjänstgörande,2006-10-02,29266
26501,kammaruppdrag,"",1982-10-04,059858389704,0,kam,Riksdagsledamot,Tjänstgörande,1985-09-30,26498
7848,uppdrag,Socialförsäkringsutskottet,2006-10-10,0782242286018,1,SfU,Ordförande,"",2010-10-04,7841
29077,uppdrag,Utbildningsutskottet,2020-03-18,0590042760718,48,UbU,Suppleant,"",2022-09-26,29060
38626,uppdrag,Konstitutionsutskottet,2020-03-18,0779329190517,56,KU,Suppleant,"",2020-09-03,38605
9055,uppdrag,Försvarsutskottet,1996-09-24,0190801883908,0,FöU,Suppleant,"",1998-10-04,9046
29827,uppdrag,Miljö- och jordbruksutskottet,2010-10-12,0216534495014,17,MJU,Ledamot,"",2014-09-29,29805
44150,Riksdagsorgan,Riksdagsstyrelsen,2022-10-04,0603753860213,9,RS,Ledamot,"",2023-04-27,44111
38155,kammaruppdrag,Stina Eliasson,1992-10-15,0560770565308,328,kam,Ersättare,Ersättare,1992-11-19,38152
46986,uppdrag,EU-nämnden,2023-08-01,0905254899611,58,EUN,Suppleant,"",2026-09-28,46983
50676,uppdrag,Sammansatta utrikes- och försvarsutskottet,2020-03-26,0496341906327,21,UFöU,Suppleant,"",2020-09-13,50638
52251,uppdrag,EU-nämnden,2018-04-12,0296384583518,18,EUN,Suppleant,"",2018-10-02,52221
54058,uppdrag,Civilutskottet,2020-03-18,0722683622001,55,CU,Suppleant,"",2022-09-26,54050
53751,uppdrag,Civilutskottet,2020-04-08,0847676507229,0,CU,Extra suppleant,"",2020-11-29,53743
49554,uppdrag,Arbetsmarknadsutskottet,2021-01-15,0148424181819,15,AU,Ledamot,"",2022-09-26,49548
7586,kammaruppdrag,Matilda Ernkrans,2006-10-06,0874331493311,304,kam,Ersättare,Ersättare,2007-08-28,7585
15843,uppdrag,Socialförsäkringsutskottet,2004-03-01,0166402877505,0,SfU,Ledamot,"",2006-10-02,15839
50273,uppdrag,Miljö- och jordbruksutskottet,2020-03-18,0619928872229,187,MJU,Suppleant,"",2022-09-26,50257
52462,uppdrag,Kulturutskottet,2020-03-18,0358514648113,66,KrU,Suppleant,"",2022-09-26,52451
41548,kammaruppdrag,"",2018-09-24,0519740099915,49,kam,Riksdagsledamot,Tjänstgörande,2022-09-26,41546
52013,uppdrag,Sammansatta utrikes- och försvarsutskottet,2011-06-16,0452755722723,16,UFöU,Suppleant,"",2011-06-17,51945
42596,uppdrag,Socialförsäkringsutskottet,2021-02-12,0389220391128,317,SfU,Suppleant,"",2022-09-26,42573
42436,uppdrag,Civilutskottet,2020-03-18,0828721176319,33,CU,Suppleant,"",2022-09-26,42425
43004,uppdrag,Kulturutskottet,2020-03-18,0122987223112,231,KrU,Suppleant,"",2022-09-26,42991
41894,uppdrag,Sammansatta utrikes- och försvarsutskottet,2018-05-15,0980681611418,2,UFöU,Deputerad,"",2018-06-14,41844
36570,kammaruppdrag,Amir Jawad 2023-05-22 - 2023-07-13,2023-05-22,0591055036519,258,kam,Riksdagsledamot,Ledig,2023-07-13,36567
15862,uppdrag,Justitieutskottet,1998-10-05,0184922809505,0,JuU,Suppleant,"",2002-09-30,15855
4250,kammaruppdrag,"",1984-12-20,0387691310906,0,kam,Riksdagsledamot,Tjänstgörande,1985-09-30,4244
27782,uppdrag,Sammansatta utrikes- och försvarsutskottet,2010-02-04,0252067342313,11,UFöU,Deputerad,"",2010-03-03,27733
40611,Departement,Socialdepartementet,2004-09-13,011731125914,0,S,Statsråd,"",2006-10-02,40606
12322,uppdrag,Arbetsmarknadsutskottet,1993-10-14,0655109700507,0,AU,Suppleant,"",1994-10-02,12318
28975,uppdrag,Socialutskottet,2014-10-07,0962841101917,9,SoU,Suppleant,"",2015-09-24,28949
35731,uppdrag,Justitieutskottet,2020-03-18,0956595590924,38,JuU,Suppleant,"",2022-09-26,35711
14809,Riksdagsorgan,Riksdagens delegation till Interparlamentariska unionen,1991-11-19,0972781465305,0,IPU,Ledamot,"",1994-10-03,14798
31821,uppdrag,Konstitutionsutskottet,2020-03-06,0846730583715,18,KU,Suppleant,"",2021-02-28,31815
23298,Riksdagsorgan,Riksdagsstyrelsen,2019-02-15,0157062733618,6,RS,Ersättare,"",2019-06-30,23265
9898,kammaruppdrag,Lennart Blom,1987-10-06,0997984696398,0,kam,Ersättare,Ersättare,1987-11-08,9894
46753,uppdrag,Kulturutskottet,2020-03-18,0588282566419,36,KrU,Suppleant,"",2022-09-26,46741
45549,uppdrag,Kulturutskottet,2019-02-28,0228027853620,8,KrU,Förste vice ordförande,"",2022-09-26,45542
40388,kammaruppdrag,"Stefan Nilsson 2017-07-15 - 2018-09-24, Åsa Lindhagen 2018-09-24 - 2019-01-21, Pernilla Stålhammar 2019-01-22 - 2021-11-30",2018-09-24,0956444284814,80,kam,Riksdagsledamot,Ledig,2021-11-30,40377
30549,Riksdagsorgan,Nordiska rådets svenska delegation,2011-10-12,0671241874717,7,NR,Ledamot,"",2012-09-18,30513
15156,uppdrag,Justitieutskottet,1991-09-30,0998031180101,0,JuU,Ledamot,"",1994-10-02,15150
642,Riksdagsorgan,Nordiska rådets svenska delegation,2013-09-17,0652944607906,5,NR,Ledamot,"",2013-10-02,628
9745,uppdrag,Skatteutskottet,1988-10-11,075784887694,0,SkU,Ledamot,"",1991-09-29,9739
21133,kammaruppdrag,"",1994-10-08,031005479013,77,kam,Riksdagsledamot,Tjänstgörande,1998-10-05,21122
27619,uppdrag,Sammansatta utrikes- och försvarsutskottet,2011-11-24,0352254228107,11,UFöU,Deputerad,"",2011-12-14,27594
39559,kammaruppdrag,"",2018-09-24,069436402021,53,kam,Riksdagsledamot,Tjänstgörande,2019-07-01,39555
1071,kammaruppdrag,Tommy Franzén,1987-11-13,0163254848207,0,kam,Ersättare,Ersättare,1987-12-20,1065
30392,Riksdagsorgan,Styrelsen för Stiftelsen Riksbankens Jubileumsfond,2020-11-01,0208558695314,1,RJ,Ledamot,"",2021-08-31,30363
8829,kammaruppdrag,"",2010-10-04,084677425329,269,kam,Riksdagsledamot,Tjänstgörande,2014-09-29,8828
48781,uppdrag,Socialförsäkringsutskottet,2022-10-04,048561486727,12,SfU,Suppleant,"",2025-09-17,48775
23413,uppdrag,Sammansatta utrikes- och försvarsutskottet,2016-11-15,0910241260018,17,UFöU,Deputerad,"",2016-12-14,23392
42455,uppdrag,Trafikutskottet,2010-10-12,0828721176319,7,TU,Ledamot,"",2014-09-29,42425
47076,kammaruppdrag,"",2019-07-02,066036027425,74,kam,Riksdagsledamot,Tjänstgörande,2022-09-26,47074
31687,uppdrag,Civilutskottet,2020-03-18,0853204119514,190,CU,Suppleant,"",2022-09-26,31683
53311,Riksdagsorgan,Nordiska rådets svenska delegation,2025-10-15,0624040854527,20,NR,Ledamot,"",2025-12-12,53287
44401,uppdrag,Arbetsmarknadsutskottet,2020-03-18,0315499690028,214,AU,Suppleant,"",2022-09-26,44388
40752,Riksdagsorgan,Nordiska rådets svenska delegation,2018-10-09,0383111552218,20,NR,Suppleant,"",2019-10-02,40721
14476,uppdrag,Socialutskottet,1991-10-08,0664751846104,0,SoU,Ledamot,"",1994-10-02,14463
17812,uppdrag,Sammansatta utrikes- och försvarsutskottet,1999-03-23,0996373560505,0,UFöU,Suppleant,"",1999-09-13,17798
15158,uppdrag,Justitieutskottet,1988-10-11,0998031180101,0,JuU,Ledamot,"",1991-09-29,15150
23443,Riksdagsorgan,Riksdagens delegation till OSSE:s parlamentariska församling,2014-11-06,0910241260018,1,OSSE,Ordförande,"",2018-09-24,23392
3781,uppdrag,Konstitutionsutskottet,2006-10-10,058426570914,16,KU,Suppleant,"",2010-10-04,3773
22242,uppdrag,Sammansatta utrikes- och försvarsutskottet,2015-04-14,088028607414,7,UFöU,Deputerad,"",2015-06-16,22223
49339,Departement,Justitiedepartementet,2016-05-25,0744993950910,12,Ju,Statsråd,"",2017-07-27,49329
20998,uppdrag,Lagutskottet,1989-03-17,0144653147601,0,LU,Suppleant,"",1990-10-03,20989
6658,kammaruppdrag,"",1988-10-03,0353689520405,224,kam,Riksdagsledamot,Tjänstgörande,1991-09-30,6655
39695,Riksdagsorgan,Riksdagens delegation till den parlamentariska församlingen för Europa-Medelhavsområdet,2010-11-17,0895706637124,3,EMPA,Suppleant,"",2011-03-16,39694
41720,uppdrag,EU-nämnden,2020-03-18,0641953830512,292,EUN,Suppleant,"",2022-10-04,41696
18858,uppdrag,Utrikesutskottet,1998-10-13,0997123540801,0,UU,Ledamot,"",2002-09-30,18852
52147,Riksdagsorgan,Valberedningen,2024-10-24,0749416304126,15,VB,Ledamot,"",2026-09-28,52140
23092,Riksdagsorgan,Riksdagens delegation till Europarådets parlamentariska församling,2014-11-01,0618560932311,2,ER,Ledamot,"",2015-01-19,23071
6583,uppdrag,Lagutskottet,1991-10-08,0320679739714,0,LU,Ledamot,"",1992-03-17,6578
965,uppdrag,Utrikesutskottet,1997-04-21,0747244983307,0,UU,Suppleant,"",1997-05-31,959
24153,uppdrag,Civilutskottet,2014-10-07,0750727320521,3,CU,Suppleant,"",2018-09-24,24147
16155,uppdrag,Kulturutskottet,1994-10-11,080652068106,0,KrU,Ledamot,"",1998-10-04,16150
40000,kammaruppdrag,"",2010-10-04,0564232053610,248,kam,Riksdagsledamot,Tjänstgörande,2010-10-04,39997
52568,uppdrag,Arbetsmarknadsutskottet,2020-03-18,0475643059428,106,AU,Suppleant,"",2022-09-26,52560
20408,kammaruppdrag,Martin Nilsson,2005-08-01,0269067253614,0,kam,Ersättare,Ersättare,2005-09-30,20403
46288,uppdrag,Försvarsutskottet,2020-03-18,0128805841317,40,FöU,Suppleant,"",2020-09-03,46269
11968,uppdrag,Försvarsutskottet,1982-10-04,0288448506702,0,FöU,Suppleant,"",1985-09-29,11954
47011,uppdrag,Socialförsäkringsutskottet,2020-03-18,0831039938224,247,SfU,Suppleant,"",2022-09-26,46997
28313,uppdrag,EU-nämnden,2010-10-12,0860429409414,15,EUN,Ledamot,"",2014-10-07,28256
43575,uppdrag,Justitieutskottet,2022-10-12,0304498908019,22,JuU,Suppleant,"",2026-09-28,43570
34480,uppdrag,Arbetsmarknadsutskottet,2020-03-18,0376353897112,185,AU,Suppleant,"",2022-09-26,34471
46848,uppdrag,Finansutskottet,2017-04-28,0472349361027,5,FiU,Suppleant,"",2018-09-24,46818
10772,kammaruppdrag,"",1985-09-30,0493166969401,0,kam,Riksdagsledamot,Tjänstgörande,1988-10-03,10767
9226,uppdrag,Näringsutskottet,1995-10-10,0654651796309,0,NU,Suppleant,"",1996-06-30,9222
34481,uppdrag,Finansutskottet,2020-03-18,0376353897112,184,FiU,Suppleant,"",2022-09-26,34471
6790,uppdrag,Konstitutionsutskottet,1998-10-13,042839539117,0,KU,Suppleant,"",2002-09-30,6776
47037,kammaruppdrag,"",2022-09-26,0274462857213,161,kam,Riksdagsledamot,Tjänstgörande,2026-09-28,47036
25129,kammaruppdrag,"",2014-09-29,0283117091429,281,kam,Riksdagsledamot,Tjänstgörande,2018-02-28,25126
23528,uppdrag,Trafikutskottet,2002-10-08,064601872511,0,TU,Ledamot,"",2002-12-31,23513
22567,Riksdagsorgan,EFTA-delegationen,1991-10-15,0584659199514,0,EFTA,Suppleant,"",1994-10-10,22565
46134,uppdrag,Trafikutskottet,2020-03-18,014386615025,225,TU,Suppleant,"",2022-09-26,46114
45523,kammaruppdrag,Kalle Olsson,2023-10-16,0599661454115,239,kam,Ersättare,Ersättare,2024-05-01,45521
7143,uppdrag,Skatteutskottet,1994-10-12,0637939864601,0,SkU,Ordförande,"",1998-10-04,7136
19841,uppdrag,Arbetsmarknadsutskottet,1994-10-11,04671560703,0,AU,Suppleant,"",1995-01-18,19830
5090,kammaruppdrag,"",1999-04-01,0476457225115,187,kam,Riksdagsledamot,Tjänstgörande,2002-09-30,5088
51424,uppdrag,EU-nämnden,2020-03-18,0667220767927,192,EUN,Suppleant,"",2022-10-04,51383
23708,kammaruppdrag,"",2016-06-07,0951854268017,172,kam,Riksdagsledamot,Tjänstgörande,2017-07-14,23704
10610,kammaruppdrag,"",1991-09-30,0275356156309,224,kam,Riksdagsledamot,Tjänstgörande,1994-10-03,10608
1665,kammaruppdrag,Mats Berglind 1996-03-23 - 1998-10-05,1996-03-23,0977281927618,74,kam,Riksdagsledamot,Ledig,1998-10-05,1658
22094,uppdrag,Kulturutskottet,2006-12-04,0737073162411,0,KrU,Suppleant,"",2007-01-05,22070
49557,uppdrag,Justitieutskottet,2020-03-18,0148424181819,250,JuU,Suppleant,"",2022-09-26,49548
53860,Riksdagsorgan,Riksdagens delegation till OSSE:s parlamentariska församling,2022-01-11,0770363683317,7,OSSE,Suppleant,"",2022-10-09,53846
596,uppdrag,Sammansatta utrikes- och försvarsutskottet,2008-11-20,0574724112206,0,UFöU,Suppleant,"",2008-12-19,580
21345,uppdrag,Utrikesutskottet,2014-11-25,0573136138218,17,UU,Ledamot,"",2015-10-01,21330
42945,kammaruppdrag,"",2022-09-26,0977592683711,71,kam,Riksdagsledamot,Tjänstgörande,2026-09-28,42944
32358,Riksdagsorgan,Nordiska rådets svenska delegation,2021-10-13,0238095659621,19,NR,Ledamot,"",2022-09-26,32337
20382,Riksdagsorgan,Ledamotsrådet,2010-10-13,0196024739401,2,LR,Suppleant,"",2014-10-13,20367
48268,uppdrag,Kulturutskottet,2020-03-18,0616721755222,71,KrU,Suppleant,"",2022-09-26,48252
47543,uppdrag,Konstitutionsutskottet,2020-03-18,0920901966627,227,KU,Suppleant,"",2020-09-03,47519
28540,uppdrag,Konstitutionsutskottet,2017-08-31,0541320528015,25,KU,Suppleant,"",2018-09-24,28513
47323,kammaruppdrag,Markus Kauppinen 2025-03-10 - 2025-12-18,2025-03-10,0803790353229,182,kam,Riksdagsledamot,Ledig,2025-12-18,47321
31124,uppdrag,Miljö- och jordbruksutskottet,2020-03-18,0145294944502,296,MJU,Suppleant,"",2022-03-31,31115
10336,uppdrag,Utrikesutskottet,1990-10-12,0643205912808,0,UU,Suppleant,"",1990-11-11,10330
23787,uppdrag,Sammansatta utrikes- och försvarsutskottet,2004-05-11,0548314774911,0,UFöU,Suppleant,"",2004-05-26,23764
48153,uppdrag,Utbildningsutskottet,2025-09-10,039102787629,11,UbU,Ledamot,"",2026-04-16,48151
29589,kammaruppdrag,"",2010-10-04,0980316377627,296,kam,Riksdagsledamot,Tjänstgörande,2012-08-31,29582
21889,uppdrag,Arbetsmarknadsutskottet,2003-03-12,0113077554312,0,AU,Suppleant,"",2006-10-02,21877
28918,uppdrag,Justitieutskottet,2018-10-02,0136801772915,6,JuU,Ledamot,"",2022-09-26,28915
40257,uppdrag,Kulturutskottet,2017-10-13,0474290584024,12,KrU,Ledamot,"",2018-09-24,40229
9931,kammaruppdrag,"",1979-06-10,0160374603998,0,kam,Riksdagsledamot,Tjänstgörande,1979-10-01,9914
25280,uppdrag,Konstitutionsutskottet,2018-01-19,0600784831409,11,KU,Ledamot,"",2018-09-24,25277
33126,uppdrag,Näringsutskottet,2020-03-18,0364687971222,109,NU,Suppleant,"",2022-09-26,33116
49827,uppdrag,Kulturutskottet,2020-03-18,0720250789315,195,KrU,Suppleant,"",2022-09-26,49818
51751,uppdrag,Finansutskottet,2020-10-14,0802546764724,1,FiU,Ledamot,"",2020-10-14,51728
3692,uppdrag,Trafikutskottet,1994-10-11,0879055385113,0,TU,Suppleant,"",1998-10-04,3678
35715,Departement,Arbetsmarknadsdepartementet,2010-07-07,0956595590924,16,A,Migrations- och arbetsmarknadsminister,"",2010-10-05,35711
11611,Riksdagsorgan,Valberedningen,1995-10-05,0213468747208,0,VB,Suppleant,"",1998-10-05,11590
4917,uppdrag,Finansutskottet,2003-11-19,0483316376813,0,FiU,Förste vice ordförande,"",2006-10-02,4907
25808,Departement,Klimat- och näringslivsdepartementet,2023-01-01,0512510717328,2,KN,Energi- och näringsminister,"",2026-10-02,25807
34348,uppdrag,Sammansatta utrikes- och försvarsutskottet,2002-01-17,0891971250317,0,UFöU,Ordförande,"",2002-01-18,34303
45062,uppdrag,Konstitutionsutskottet,2020-03-18,0130789484021,281,KU,Suppleant,"",2020-09-03,45041
6545,kammaruppdrag,"",1991-09-30,0544569681404,303,kam,Riksdagsledamot,Tjänstgörande,1994-10-03,6543
49664,uppdrag,Trafikutskottet,2010-10-12,0427321850912,6,TU,Ledamot,"",2014-09-29,49639
47266,uppdrag,Socialutskottet,2020-03-18,0729710260118,42,SoU,Suppleant,"",2022-09-26,47248
31351,uppdrag,Socialförsäkringsutskottet,2020-03-18,0505783078517,166,SfU,Suppleant,"",2020-07-31,31337
1587,Riksdagsorgan,Riksdagens förvaltningskontor,1998-10-13,0771794334400,0,RFK,Ledamot,"",2000-06-30,1574
41706,uppdrag,Kulturutskottet,2020-03-18,0641953830512,276,KrU,Suppleant,"",2022-09-26,41696
42218,uppdrag,Finansutskottet,2019-02-13,0503029811325,2,FiU,Suppleant,"",2019-06-17,42193
14092,kammaruppdrag,"",1982-10-04,0903544136890,0,kam,Riksdagsledamot,Tjänstgörande,1985-09-30,14090
17884,Riksdagsorgan,Nordiska rådets svenska delegation,2002-10-15,046703152205,0,NR,Ledamot,"",2006-10-02,17866
28988,Riksdagsorgan,Krigsdelegationen,2006-10-17,0962841101917,19,KD,Ledamot,"",2010-10-19,28949
38891,uppdrag,Försvarsutskottet,2020-03-18,0271338654822,199,FöU,Suppleant,"",2020-09-03,38871
28527,uppdrag,Kulturutskottet,2021-09-02,0541320528015,14,KrU,Suppleant,"",2022-09-26,28513
41862,uppdrag,Miljö- och jordbruksutskottet,2020-03-18,0980681611418,84,MJU,Suppleant,"",2022-09-26,41844
5887,kammaruppdrag,"",2002-09-30,0512357753412,232,kam,Riksdagsledamot,Tjänstgörande,2006-10-02,5885
5277,kammaruppdrag,Margareta Winberg,1998-10-05,0332067570917,324,kam,Ersättare,Ersättare,2002-09-30,5269
17344,Riksdagsorgan,Utrikesnämnden,1998-10-20,0739152363302,0,UN,Ledamot,"",2002-10-08,17286
42138,uppdrag,Socialutskottet,2020-03-18,0559925283228,216,SoU,Suppleant,"",2022-09-26,42119
3646,uppdrag,Lagutskottet,1998-10-13,0468775142013,0,LU,Ledamot,"",2002-09-30,3631
24824,kammaruppdrag,"",2014-09-29,0280087199210,262,kam,Riksdagsledamot,Tjänstgörande,2018-09-24,24823
3701,kammaruppdrag,"",2002-09-30,0125165702713,47,kam,Riksdagsledamot,Tjänstgörande,2006-10-02,3698
15254,uppdrag,Socialförsäkringsutskottet,1991-10-08,0425391168202,0,SfU,Suppleant,"",1994-10-02,15245
50945,Riksdagsorgan,Riksdagens delegation till Natos parlamentariska församling,2025-02-11,0973782197017,1,NATO,Suppleant,"",2026-10-26,50869
53438,uppdrag,Försvarsutskottet,2020-03-20,0338088431726,318,FöU,Suppleant,"",2020-09-03,53409
10819,kammaruppdrag,"",1985-09-30,0687866836701,0,kam,Riksdagsledamot,Tjänstgörande,1988-10-03,10818
47940,uppdrag,Civilutskottet,2019-05-10,0108109641223,2,CU,Ledamot,"",2022-02-13,47911
12767,uppdrag,Sammansatta utrikes- och försvarsutskottet,2002-01-17,0283299919701,0,UFöU,Deputerad,"",2002-01-18,12754
23988,uppdrag,EU-nämnden,2006-10-10,0469626830920,13,EUN,Suppleant,"",2010-10-12,23981
41096,uppdrag,Försvarsutskottet,2014-10-14,0316505710324,20,FöU,Suppleant,"",2018-09-24,41043
23948,uppdrag,Sammansatta utrikes- och försvarsutskottet,2016-11-15,0404025497421,14,UFöU,Suppleant,"",2016-12-14,23930
8118,kammaruppdrag,"",2012-03-05,0391973624515,72,kam,Riksdagsledamot,Tjänstgörande,2013-04-21,8113
6101,uppdrag,Sammansatta utrikes- och försvarsutskottet,2009-02-12,0600928907216,0,UFöU,Deputerad,"",2009-03-12,6072
5315,kammaruppdrag,"",1991-09-30,0634917636517,281,kam,Riksdagsledamot,Tjänstgörande,1991-10-04,5306
19561,kammaruppdrag,"",1994-10-03,0405574090504,339,kam,Riksdagsledamot,Tjänstgörande,1998-10-05,19556
21276,uppdrag,EU-nämnden,2014-10-07,0958776965517,3,EUN,Suppleant,"",2018-09-24,21258
53374,kammaruppdrag,"",2022-09-26,0546731406922,324,kam,Riksdagsledamot,Tjänstgörande,2026-09-28,53373
32218,uppdrag,Konstitutionsutskottet,2020-03-18,0322827326923,104,KU,Suppleant,"",2020-09-03,32199
53708,uppdrag,Trafikutskottet,2025-09-01,0287315215921,0,TU,Extra suppleant,"",2025-12-31,53705
24427,Riksdagsorgan,Nordiska rådets svenska delegation,2020-10-14,0228167770927,14,NR,Suppleant,"",2021-10-13,24399
11784,kammaruppdrag,"",1988-10-03,0627128694500,288,kam,Riksdagsledamot,Tjänstgörande,1991-09-30,11782
10014,kammaruppdrag,Åke Gustavsson,1980-05-12,0333564361692,0,kam,Ersättare,Ersättare,1980-11-12,10010
37881,Riksdagsorgan,Riksbanksfullmäktige,2002-10-15,0446973363306,0,RB,Ledamot,"",2006-10-02,37852
44891,uppdrag,Finansutskottet,2021-04-13,0522054204918,79,FiU,Suppleant,"",2022-09-26,44882
5372,kammaruppdrag,"",2002-09-30,0316177736318,137,kam,Riksdagsledamot,Tjänstgörande,2006-10-02,5371
6290,uppdrag,Kulturutskottet,2006-10-10,0338278373318,12,KrU,Ledamot,"",2010-10-04,6286
43208,uppdrag,EU-nämnden,2022-11-08,0576122429317,0,EUN,Extra suppleant,"",2023-04-30,43189
26569,uppdrag,Sammansatta utrikes- och försvarsutskottet,2015-11-17,0802826314426,11,UFöU,Deputerad,"",2015-12-16,26543
41298,uppdrag,EU-nämnden,2020-03-18,0859968278117,184,EUN,Suppleant,"",2022-09-26,41259
2262,uppdrag,Sammansatta utrikes- och försvarsutskottet,1995-10-26,0370034713503,0,UFöU,Deputerad,"",1995-12-06,2253
28106,uppdrag,Trafikutskottet,2019-06-17,0547818628111,9,TU,Suppleant,"",2022-09-26,28090
45195,uppdrag,Justitieutskottet,2020-03-18,0406831930624,266,JuU,Suppleant,"",2022-09-26,45185
19520,uppdrag,Sammansatta konstitutions- och utrikesutskottet,2001-03-27,0914133868703,0,KUU,Deputerad,"",2001-04-26,19507
2169,uppdrag,Konstitutionsutskottet,1995-01-16,0857394544302,0,KU,Suppleant,"",1998-10-04,2157
1080410,uppdrag,Civilutskottet,2026-05-05,0146133946627,12,CU,Ordförande,"",2026-09-28,49904
28869,uppdrag,Sammansatta utrikes- och försvarsutskottet,2011-11-24,0446541913415,9,UFöU,Deputerad,"",2011-12-14,28817
32585,uppdrag,Trafikutskottet,2020-03-18,0955748436811,292,TU,Suppleant,"",2022-09-26,32569
21669,kammaruppdrag,Göran Persson,1998-10-05,0482927154110,146,kam,Ersättare,Ersättare,2002-09-30,21661
488,kammaruppdrag,Christin Hagberg 1995-01-10 - 1995-10-09,1995-01-10,0310304705606,163,kam,Riksdagsledamot,Ledig,1995-10-09,487
53609,uppdrag,Justitieutskottet,2019-06-18,0492644357418,10,JuU,Suppleant,"",2022-09-26,53599
47023,uppdrag,Socialutskottet,2013-05-03,0831039938224,0,SoU,Extra suppleant,"",2013-08-25,46997
41759,uppdrag,Utrikesutskottet,2020-03-18,0606863154419,303,UU,Suppleant,"",2020-09-03,41732
20339,uppdrag,Arbetsmarknadsutskottet,2002-10-08,0155044813008,0,AU,Suppleant,"",2003-11-23,20336
24588,uppdrag,Utrikesutskottet,2014-10-07,0483837558914,3,UU,Ledamot,"",2015-09-30,24582
21778,uppdrag,Skatteutskottet,2020-03-18,0582811195313,100,SkU,Suppleant,"",2022-09-26,21758
15788,uppdrag,Arbetsmarknadsutskottet,1994-10-11,0634122058105,0,AU,Ledamot,"",1995-10-10,15778
32532,uppdrag,Finansutskottet,2004-04-29,0393583311409,0,FiU,Suppleant,"",2004-11-30,32526
43514,uppdrag,Sammansatta utrikes- och försvarsutskottet,2016-04-12,0257612529618,1,UFöU,Deputerad,"",2016-05-25,43468
48453,uppdrag,Finansutskottet,1996-04-18,0714307225418,0,FiU,Suppleant,"",1998-10-04,48435
6051,Riksdagsorgan,Nordiska rådets svenska delegation,2006-10-17,0371688419616,13,NR,Suppleant,"",2010-10-04,6019
48816,uppdrag,Skatteutskottet,2020-03-18,0832311880029,74,SkU,Suppleant,"",2022-09-26,48795
11388,uppdrag,Skatteutskottet,1989-10-04,0465588741605,0,SkU,Ledamot,"",1991-09-29,11385
25671,uppdrag,Skatteutskottet,2020-03-18,0222691314314,65,SkU,Suppleant,"",2022-09-26,25650
44978,Riksdagsorgan,Krigsdelegationen,2014-10-14,0638497389621,42,KD,Ledamot,"",2018-10-09,44927
24832,uppdrag,Sammansatta utrikes- och försvarsutskottet,2018-05-15,0280087199210,10,UFöU,Suppleant,"",2018-06-14,24823
48821,uppdrag,Utrikesutskottet,2020-03-18,0832311880029,77,UU,Suppleant,"",2020-09-03,48795
26834,kammaruppdrag,"",1988-10-03,0844105199517,137,kam,Riksdagsledamot,Tjänstgörande,1991-09-30,26826
20793,uppdrag,Konstitutionsutskottet,2002-10-08,0933424396309,0,KU,Ledamot,"",2006-10-02,20785
3711,uppdrag,Sammansatta utrikes- och försvarsutskottet,2011-03-31,0125165702713,13,UFöU,Suppleant,"",2011-04-01,3698
29973,uppdrag,EU-nämnden,2019-02-14,0513020576128,32,EUN,Suppleant,"",2019-04-26,29962
27453,uppdrag,Konstitutionsutskottet,2006-10-10,0280164118408,9,KU,Suppleant,"",2010-10-04,27449
53992,uppdrag,Socialutskottet,2020-03-18,0838085832923,66,SoU,Suppleant,"",2022-09-26,53977
29709,uppdrag,Trafikutskottet,2006-11-15,0844246115721,10,TU,Suppleant,"",2008-03-05,29695
53152,uppdrag,Socialförsäkringsutskottet,2021-01-01,033935884729,7,SfU,Ledamot,"",2022-09-26,53144
51620,Riksdagsorgan,Riksdagens delegation till Natos parlamentariska församling,2022-10-26,0155487380917,4,NATO,Ledamot,"",2024-04-10,51539
41409,uppdrag,Finansutskottet,2020-03-18,0121939297619,171,FiU,Suppleant,"",2022-09-26,41399
18929,kammaruppdrag,"",1994-10-03,0117613859601,195,kam,Riksdagsledamot,Tjänstgörande,1998-10-05,18927
15606,uppdrag,Skatteutskottet,1994-10-11,0393332254704,0,SkU,Suppleant,"",1998-10-04,15600
46351,kammaruppdrag,"",2018-09-24,0456680171315,303,kam,Riksdagsledamot,Tjänstgörande,2022-09-26,46349
51699,uppdrag,Utrikesutskottet,2025-10-24,0327372175911,3,UU,Ledamot,"",2026-09-28,51696
31180,uppdrag,Utbildningsutskottet,2020-03-18,0468765214727,236,UbU,Suppleant,"",2022-09-26,31165
23168,Riksdagsorgan,Styrelsen för Stiftelsen Riksbankens Jubileumsfond,2014-11-01,0231432628318,3,RJ,Personlig suppleant,"",2017-07-27,23161
37384,uppdrag,Skatteutskottet,2018-10-02,0281670919717,15,SkU,Suppleant,"",2022-09-26,37370
41209,Departement,Arbetsmarknadsdepartementet,2007-01-01,0263862488414,14,A,Arbetsmarknadsminister,"",2010-07-06,41208
28958,uppdrag,Finansutskottet,2020-03-18,0962841101917,127,FiU,Suppleant,"",2022-09-26,28949
52856,uppdrag,Näringsutskottet,2020-03-18,0198917587520,233,NU,Suppleant,"",2022-09-26,52838
3379573,uppdrag,Justitieutskottet,2026-01-27,0386912710815,9,JuU,Suppleant,"",2026-09-28,43809
45093,Departement,Justitiedepartementet,2019-01-21,014744660015,11,Ju,Statsråd,"",2019-09-10,45087
18864,uppdrag,Utrikesutskottet,1995-01-19,0997123540801,0,UU,Suppleant,"",1995-10-09,18852
40125,Departement,Miljö- och energidepartementet,2015-01-01,0973474532717,6,M,Statsråd,"",2016-05-25,40121
23568,uppdrag,Socialutskottet,2010-10-12,0103812031214,12,SoU,Ledamot,"",2014-09-29,23557
24560,uppdrag,Miljö- och jordbruksutskottet,2014-10-14,0115834246514,22,MJU,Suppleant,"",2018-06-07,24555
2578,Riksdagsorgan,Krigsdelegationen,1995-02-21,0766285636614,0,KD,Ledamot,"",1998-10-05,2552
4592,Riksdagsorgan,Krigsdelegationen,1998-10-20,0792716417210,0,KD,Ledamot,"",2002-10-14,4571
45205,uppdrag,Konstitutionsutskottet,2020-03-18,0406831930624,265,KU,Suppleant,"",2020-09-03,45185
20671,uppdrag,Miljö- och jordbruksutskottet,2014-10-07,0192918410514,11,MJU,Ledamot,"",2018-09-24,20668
42587,uppdrag,Socialutskottet,2022-10-12,0389220391128,23,SoU,Suppleant,"",2022-11-09,42573
44179,uppdrag,Socialförsäkringsutskottet,2020-03-18,0810201628512,53,SfU,Suppleant,"",2022-09-26,44162
45854,Riksdagsorgan,Nordiska rådets svenska delegation,2019-10-02,0199751900210,16,NR,Suppleant,"",2020-10-14,45818
22741,uppdrag,Sammansatta utrikes- och försvarsutskottet,2004-10-19,0784309503313,0,UFöU,Deputerad,"",2004-12-15,22723
28935,uppdrag,Miljö- och jordbruksutskottet,2014-10-07,0136801772915,5,MJU,Ledamot,"",2016-09-29,28915
19007,kammaruppdrag,Mikael Damberg,2004-08-30,0573273704102,0,kam,Ersättare,Ersättare,2004-10-04,19000
45161,uppdrag,Skatteutskottet,2020-03-18,0378597308227,305,SkU,Suppleant,"",2022-09-26,45145
33213,uppdrag,Utrikesutskottet,2020-03-18,0497217816024,189,UU,Suppleant,"",2020-09-03,33190
49700,kammaruppdrag,"",2022-09-26,0630820052511,38,kam,Riksdagsledamot,Tjänstgörande,2026-09-28,49699
53354,uppdrag,Justitieutskottet,2002-10-08,0584183916016,0,JuU,Suppleant,"",2006-10-02,53329
10055,uppdrag,Försvarsutskottet,1993-10-27,0383675638504,0,FöU,Suppleant,"",1994-10-02,10050
31470,uppdrag,Civilutskottet,2020-03-18,0685749336810,149,CU,Suppleant,"",2022-06-07,31466
18940,uppdrag,Bostadsutskottet,1988-10-03,0117613859601,0,BoU,Ledamot,"",1991-09-29,18927
20930,kammaruppdrag,"",1998-10-05,0530361204603,14,kam,Riksdagsledamot,Tjänstgörande,2002-09-30,20927
16959,uppdrag,Finansutskottet,1991-10-08,0475092656901,0,FiU,Suppleant,"",1994-10-02,16947
52231,uppdrag,Arbetsmarknadsutskottet,2020-03-18,0296384583518,219,AU,Suppleant,"",2022-09-26,52221
14408,Riksdagsorgan,Nordiska rådets svenska delegation,1991-10-15,0531431759204,0,NR,Ledamot,"",1994-10-03,14387
5955,uppdrag,Försvarsutskottet,2002-10-08,0798417016112,0,FöU,Suppleant,"",2002-10-23,5940
17148,Riksdagsorgan,Riksbanksfullmäktige,1985-09-30,0201502585302,0,RB,Suppleant,"",1986-10-07,17131
29786,uppdrag,Arbetsmarknadsutskottet,2014-11-13,0210198640127,27,AU,Suppleant,"",2018-09-24,29762
21365,uppdrag,Sammansatta utrikes- och försvarsutskottet,2018-05-15,0573136138218,5,UFöU,Suppleant,"",2018-06-14,21330
41707,uppdrag,Miljö- och jordbruksutskottet,2020-03-18,0641953830512,280,MJU,Suppleant,"",2022-09-26,41696
49482,uppdrag,Försvarsutskottet,2020-03-18,0776705932527,244,FöU,Suppleant,"",2020-09-03,49461
15875,uppdrag,Bostadsutskottet,1994-10-11,0184922809505,0,BoU,Suppleant,"",1998-10-04,15855
19809,uppdrag,Miljö- och jordbruksutskottet,1988-10-03,0212469298402,0,MJU,Ledamot,"",1991-09-29,19797
32098,uppdrag,Civilutskottet,2020-03-18,0952789103522,236,CU,Suppleant,"",2022-09-26,32094
858,kammaruppdrag,"",1994-10-21,0401344912307,19,kam,Riksdagsledamot,Tjänstgörande,1998-10-05,857
41892,uppdrag,Sammansatta utrikes- och försvarsutskottet,2018-11-15,0980681611418,4,UFöU,Ordförande,"",2018-12-05,41844
41963,kammaruppdrag,Tone Tingsgård 1994-10-03 - 1998-10-05,1994-10-03,0567830387107,63,kam,Riksdagsledamot,Ledig,1998-10-05,41960
49307,uppdrag,Skatteutskottet,2011-04-14,0339894357417,2,SkU,Vice ordförande,"",2012-02-23,49284
27699,Riksdagsorgan,Krigsdelegationen,2014-10-14,0262017901513,36,KD,Ledamot,"",2018-10-09,27661
52944,kammaruppdrag,"",2014-09-29,0861521539920,331,kam,Riksdagsledamot,Tjänstgörande,2018-09-24,52939
46684,uppdrag,Utbildningsutskottet,2024-09-11,0947572086414,29,UbU,Suppleant,"",2025-12-15,46677
52709,Riksdagsorgan,Utrikesnämnden,2014-10-07,0607691439013,2,UN,Suppleant,"",2018-10-02,52613
52851,uppdrag,Civilutskottet,2018-10-16,0198917587520,24,CU,Suppleant,"",2022-09-26,52838
29105,Riksdagsorgan,Riksdagens delegation till Natos parlamentariska församling,2010-11-17,0590042760718,3,NATO,Suppleant,"",2014-10-28,29060
6380,uppdrag,Konstitutionsutskottet,2002-10-08,0183788551910,0,KU,Suppleant,"",2006-10-02,6367
32955,Riksdagsorgan,Ledamotsrådet,2010-10-13,0628190530410,7,LR,Ledamot,"",2012-06-13,32923
45401,kammaruppdrag,"",2022-09-26,0653904370212,9,kam,Riksdagsledamot,Tjänstgörande,2022-09-26,45398
27199,uppdrag,Bostadsutskottet,1985-09-30,0738969851001,0,BoU,Ledamot,"",1988-10-02,27168
18883,kammaruppdrag,"",1988-10-03,0584386800218,51,kam,Riksdagsledamot,Tjänstgörande,1991-09-30,18877
12424,uppdrag,Kulturutskottet,1989-10-16,0202229705808,0,KrU,Suppleant,"",1989-11-14,12420
7440,kammaruppdrag,"",1991-09-30,0838210948212,85,kam,Riksdagsledamot,Tjänstgörande,1994-10-03,7437
5702,uppdrag,Finansutskottet,1990-11-27,0763857902700,0,FiU,Suppleant,"",1990-12-26,5701
53614,uppdrag,Skatteutskottet,2020-03-18,0492644357418,287,SkU,Suppleant,"",2022-09-26,53599
19980,kammaruppdrag,Christopher Ödmann 2007-05-28 - 2007-07-08,2007-05-28,0116084827614,280,kam,Riksdagsledamot,Ledig,2007-07-08,19974
28987,Riksdagsorgan,Valberedningen,2018-09-24,0962841101917,4,VB,Suppleant,"",2022-09-26,28949
53111,uppdrag,Trafikutskottet,2020-03-18,0229760896014,115,TU,Suppleant,"",2022-09-26,53090
41367,uppdrag,Socialutskottet,2020-03-18,0279488554424,248,SoU,Suppleant,"",2022-09-26,41352
17525,uppdrag,Miljö- och jordbruksutskottet,2010-10-12,0114869877121,10,MJU,Ledamot,"",2014-09-29,17520
26334,Europaparlamentet,Europaparlamentet,2004-07-20,0947196185926,4,EP,Ledamot,"",2009-07-14,26332
25159,uppdrag,Försvarsutskottet,2020-03-20,055824190225,282,FöU,Suppleant,"",2020-09-03,25145
17718,uppdrag,Kulturutskottet,1994-10-11,075043103804,0,KrU,Suppleant,"",1998-10-04,17712
9991,kammaruppdrag,"",1988-10-03,0658894113791,5,kam,Riksdagsledamot,Tjänstgörande,1991-09-30,9989
49617,uppdrag,Utrikesutskottet,2020-03-18,0899169869710,103,UU,Suppleant,"",2020-09-03,49594
4629,uppdrag,Näringsutskottet,1985-09-30,0843906295410,0,NU,Suppleant,"",1988-10-02,4618
52029,Riksdagsorgan,Riksdagens delegation till OSSE:s parlamentariska församling,2014-10-14,0452755722723,6,OSSE,Ledamot,"",2018-10-09,51945
45374,Departement,Finansdepartementet,2019-01-21,0922497728524,13,Fi,Statsråd,"",2019-09-10,45367
5752,kammaruppdrag,"Marianne Watz 2007-09-18 - 2008-05-07, Mahmood Fahmi 2008-05-07 - 2010-10-04",2008-05-07,0427127522211,206,kam,Riksdagsledamot,Ledig,2010-10-04,5749
2312,Riksdagsorgan,Krigsdelegationen,1998-10-20,0825004049003,0,KD,Ledamot,"",2002-10-14,2291
19874,uppdrag,Skatteutskottet,2003-09-22,0741187745315,0,SkU,Suppleant,"",2004-06-30,19863
48567,kammaruppdrag,"",2025-06-28,023767922422,154,kam,Riksdagsledamot,Tjänstgörande,2026-09-28,48563
1682,kammaruppdrag,"",2002-09-30,0236004923301,33,kam,Riksdagsledamot,Tjänstgörande,2006-10-02,1680
11358,kammaruppdrag,"",1976-10-04,0304188758405,0,kam,Riksdagsledamot,Tjänstgörande,1979-10-01,11354
19869,uppdrag,Utrikesutskottet,2006-10-24,0741187745315,19,UU,Suppleant,"",2010-10-04,19863
44901,uppdrag,Skatteutskottet,2019-06-17,0522054204918,9,SkU,Suppleant,"",2021-04-13,44882
28838,uppdrag,Utbildningsutskottet,2020-03-18,0446541913415,100,UbU,Suppleant,"",2022-09-26,28817
49668,uppdrag,Näringsutskottet,2005-03-01,0427321850912,0,NU,Suppleant,"",2005-05-26,49639
18694,uppdrag,Försvarsutskottet,1991-10-08,079223680900,0,FöU,Suppleant,"",1994-10-02,18687
53476,uppdrag,Socialförsäkringsutskottet,2020-03-18,0183544538819,287,SfU,Suppleant,"",2022-09-26,53458
14192,kammaruppdrag,John Johnsson 1980-05-12 - 1980-11-12,1980-05-12,0794602231002,0,kam,Riksdagsledamot,Ledig,1980-11-12,14180
52983,Riksdagsorgan,Riksdagens delegation till Natos parlamentariska församling,2024-04-10,0861521539920,5,NATO,Ledamot,"",2025-02-11,52939
45615,Riksdagsorgan,Krigsdelegationen,2022-10-11,0721509806321,32,KD,Ledamot,"",2026-10-13,45587
25496,uppdrag,Försvarsutskottet,2018-12-13,0342890774415,0,FöU,Extra suppleant,"",2019-01-13,25494
42152,Riksdagsorgan,Riksdagens ansvarsnämnd,2025-01-01,0559925283228,0,RAN,Ersättare,"",2027-12-31,42119
51246,uppdrag,Justitieutskottet,2019-02-13,0866055333028,9,JuU,Suppleant,"",2019-06-17,51223
52869,Riksdagsorgan,Krigsdelegationen,2018-10-09,0198917587520,33,KD,Ledamot,"",2022-10-09,52838
48756,uppdrag,Finansutskottet,2020-03-18,0229350341619,239,FiU,Suppleant,"",2021-10-05,48734
22823,kammaruppdrag,"",2010-10-04,0205360448417,228,kam,Riksdagsledamot,Tjänstgörande,2014-09-29,22819
14029,uppdrag,Miljö- och jordbruksutskottet,1998-10-13,0638330195202,0,MJU,Ledamot,"",2002-09-30,14023
29617,uppdrag,Utbildningsutskottet,2009-10-16,0980316377627,5,UbU,Suppleant,"",2010-10-04,29582
30006,kammaruppdrag,"",2014-09-29,0903307301618,289,kam,Riksdagsledamot,Tjänstgörande,2018-09-24,30004
28951,kammaruppdrag,"",2018-09-24,0962841101917,228,kam,Riksdagsledamot,Tjänstgörande,2022-09-26,28949
52455,uppdrag,Miljö- och jordbruksutskottet,2022-10-27,0358514648113,11,MJU,Ledamot,"",2025-11-27,52451
11811,kammaruppdrag,"",1982-10-04,0905188835300,0,kam,Riksdagsledamot,Tjänstgörande,1985-09-30,11802
15312,kammaruppdrag,"",1985-09-30,0558681738602,0,kam,Riksdagsledamot,Tjänstgörande,1988-10-03,15309
13473,uppdrag,Socialutskottet,2007-06-18,0911990886006,24,SoU,Suppleant,"",2010-07-22,13470
15564,uppdrag,Finansutskottet,1993-04-26,0263142725304,0,FiU,Suppleant,"",1994-10-02,15549
41897,uppdrag,Sammansatta utrikes- och försvarsutskottet,2016-11-15,0980681611418,2,UFöU,Deputerad,"",2016-12-14,41844
6087,uppdrag,Näringsutskottet,1995-06-01,0600928907216,0,NU,Suppleant,"",1995-10-10,6072
15175,kammaruppdrag,"",1991-09-30,0972721265901,272,kam,Riksdagsledamot,Tjänstgörande,1994-10-03,15173
13897,uppdrag,Utrikesutskottet,1985-09-30,0739780276601,0,UU,Suppleant,"",1988-10-02,13882
47629,uppdrag,Justitieutskottet,2011-06-18,0583257327619,4,JuU,Ledamot,"",2014-09-29,47625
17799,kammaruppdrag,"",2002-09-30,0996373560505,263,kam,Riksdagsledamot,Tjänstgörande,2006-10-02,17798
45125,Riksdagsorgan,Utrikesnämnden,2012-02-24,014744660015,2,UN,Ledamot,"",2014-10-03,45087
2749,kammaruppdrag,"",2004-04-15,0348584595917,50,kam,Riksdagsledamot,Tjänstgörande,2005-12-31,2746
16134,kammaruppdrag,"",2012-05-21,0849219210615,139,kam,Riksdagsledamot,Tjänstgörande,2014-09-29,16132
47354,uppdrag,Skatteutskottet,2020-03-18,0764949934324,54,SkU,Suppleant,"",2022-09-26,47331
26939,kammaruppdrag,"",1985-09-30,0980247880005,0,kam,Riksdagsledamot,Tjänstgörande,1988-10-03,26938
39477,kammaruppdrag,"",1991-11-18,0748447264503,158,kam,Riksdagsledamot,Tjänstgörande,1994-10-03,39474
5954,uppdrag,Socialutskottet,2002-10-24,0798417016112,0,SoU,Ledamot,"",2002-11-04,5940
40591,kammaruppdrag,"",2006-10-02,0476336341120,291,kam,Riksdagsledamot,Tjänstgörande,2008-10-31,40571
22400,kammaruppdrag,"",2014-09-29,0338458649710,85,kam,Riksdagsledamot,Tjänstgörande,2018-09-24,22399
5168,uppdrag,Miljö- och jordbruksutskottet,1991-10-08,0694657973716,0,MJU,Suppleant,"",1991-12-31,5165
48814,uppdrag,Näringsutskottet,2020-03-18,0832311880029,73,NU,Suppleant,"",2022-09-26,48795
29367,kammaruppdrag,"",2009-01-02,0878075468027,92,kam,Riksdagsledamot,Tjänstgörande,2009-09-13,29356
52979,Riksdagsorgan,Riksdagens delegation till parlamentariska Östersjökonferensen,2022-10-26,0861521539920,1,BSPC,Ledamot,"",2025-09-16,52939
49569,uppdrag,Konstitutionsutskottet,2020-03-18,0148424181819,250,KU,Suppleant,"",2020-09-03,49548
24897,uppdrag,Utbildningsutskottet,2010-10-12,0299937536814,10,UbU,Ledamot,"",2014-09-29,24891
12369,Riksdagsorgan,Valberedningen,1991-09-30,049679140507,0,VB,Suppleant,"",1993-01-14,12366
2644,uppdrag,EU-nämnden,2002-10-15,099373212513,0,EUN,Suppleant,"",2006-10-10,2625
24954,uppdrag,Socialförsäkringsutskottet,2012-04-13,0697941234716,23,SfU,Suppleant,"",2013-02-21,24938
37683,uppdrag,EU-nämnden,2025-02-25,0714968014016,52,EUN,Suppleant,"",2026-09-28,37675
7335,kammaruppdrag,"",2014-09-29,0537400268911,214,kam,Riksdagsledamot,Tjänstgörande,2018-09-24,7330
44503,uppdrag,Lagutskottet,2002-10-08,0612916684825,0,LU,Ledamot,"",2006-10-02,44460
38799,uppdrag,Kulturutskottet,2020-05-19,0506541436524,169,KrU,Suppleant,"",2022-09-26,38785
11868,uppdrag,Bostadsutskottet,1988-10-11,0145888252000,0,BoU,Suppleant,"",1988-10-27,11831
51318,uppdrag,Sammansatta utrikes- och försvarsutskottet,2020-03-26,0530425150220,13,UFöU,Suppleant,"",2020-09-13,51284
5447,kammaruppdrag,"",2002-09-30,0990007083418,54,kam,Riksdagsledamot,Tjänstgörande,2006-10-02,5446
52781,kammaruppdrag,"",2018-09-24,0105632258713,38,kam,Riksdagsledamot,Tjänstgörande,2022-09-26,52779
45330,partiuppdrag,Liberalerna,2022-10-20,0161616238120,0,L,Gruppledare,"",,45327
31411,uppdrag,Arbetsmarknadsutskottet,2020-03-18,0334816698724,246,AU,Suppleant,"",2022-01-10,31402
46776,uppdrag,Sammansatta civil- och kulturutskottet,2018-03-13,0588282566419,11,CKrU,Suppleant,"",2018-05-24,46741
40697,Riksdagsorgan,Nordiska rådets svenska delegation,2010-10-19,0126797549328,7,NR,Suppleant,"",2011-09-15,40639
32292,uppdrag,Sammansatta utrikes- och försvarsutskottet,2019-11-14,0201207390210,12,UFöU,Suppleant,"",2019-12-17,32268
11845,kammaruppdrag,Kenth Högström 1982-11-15 - 1982-12-17,1982-11-15,0145888252000,0,kam,Riksdagsledamot,Ledig,1982-12-17,11831
34421,uppdrag,Utbildningsutskottet,2018-10-09,062367962120,22,UbU,Suppleant,"",2019-01-21,34404
23310,Riksdagsorgan,Riksdagsstyrelsen,2014-10-07,0157062733618,10,RS,Ersättare,"",2015-02-05,23265
53316,Riksdagsorgan,Nordiska rådets svenska delegation,2023-04-11,0624040854527,20,NR,Ledamot,"",2023-10-19,53287
17760,uppdrag,Sammansatta utrikes- och försvarsutskottet,2002-05-31,0457213878205,0,UFöU,Suppleant,"",2002-06-12,17746
17289,Riksdagsorgan,EG-delegationen,1993-01-21,0739152363302,0,EG,Suppleant,"",1994-10-03,17286
4824,uppdrag,Sammansatta utrikes- och försvarsutskottet,2004-10-19,0602796111612,0,UFöU,Suppleant,"",2004-12-15,4818
686,kammaruppdrag,Margit Gennser,1991-10-15,0706974423606,158,kam,Ersättare,Ersättare,1991-11-17,684
39703,uppdrag,Konstitutionsutskottet,2019-01-14,0895706637124,0,KU,Extra suppleant,"",2019-06-19,39694
42104,uppdrag,Justitieutskottet,2014-10-07,0134101155612,17,JuU,Suppleant,"",2018-09-24,42085
14300,kammaruppdrag,"",1982-10-04,0717130693403,0,kam,Riksdagsledamot,Tjänstgörande,1985-09-30,14292
23899,uppdrag,Sammansatta utrikes- och försvarsutskottet,2010-02-04,0741005094627,5,UFöU,Deputerad,"",2010-03-03,23884
10838,kammaruppdrag,"",1993-10-06,0711876203701,189,kam,Riksdagsledamot,Tjänstgörande,1994-10-03,10835
14871,kammaruppdrag,"",1988-10-03,0532121969806,84,kam,Riksdagsledamot,Tjänstgörande,1991-09-30,14868
38090,kammaruppdrag,"",2022-09-26,0365748677411,47,kam,Riksdagsledamot,Tjänstgörande,2023-01-15,38089
5980,kammaruppdrag,"",1998-10-05,0347247788013,323,kam,Riksdagsledamot,Tjänstgörande,2002-09-30,5979
35902,uppdrag,Sammansatta civil- och kulturutskottet,2018-03-13,0861447317415,0,CKrU,Extra suppleant,"",2018-05-24,35890
44065,uppdrag,Arbetsmarknadsutskottet,2014-11-05,0223069839622,25,AU,Suppleant,"",2018-09-24,44034
46892,uppdrag,Finansutskottet,2022-10-20,0273506284025,7,FiU,Ordförande,"",2022-10-27,46885
29142,uppdrag,Kulturutskottet,2020-03-18,010343930918,83,KrU,Suppleant,"",2022-09-26,29133
1080413,Riksdagsorgan,Ledamotsrådet,2015-03-25,0564126739422,2,LR,Ersättare,"",2017-03-22,36020
49615,uppdrag,Försvarsutskottet,2020-03-18,0899169869710,103,FöU,Suppleant,"",2020-09-03,49594
26328,Europaparlamentet,Europaparlamentet,2009-07-14,0260840373311,1,EP,Ledamot,"",2019-07-02,26327
9204,uppdrag,Utrikesutskottet,2010-10-12,0444616389415,7,UU,Ledamot,"",2014-09-29,9201
6659,kammaruppdrag,"",1985-09-30,0353689520405,0,kam,Riksdagsledamot,Tjänstgörande,1988-10-03,6655
15624,kammaruppdrag,"",1994-10-03,0841802782704,7,kam,Riksdagsledamot,Tjänstgörande,1997-12-31,15623
748,uppdrag,Sammansatta justitie- och socialutskottet,2006-02-09,0377384542907,0,JuSoU,Suppleant,"",2006-04-26,734
47490,uppdrag,Sammansatta utrikes- och försvarsutskottet,2019-05-09,0665485817222,7,UFöU,Deputerad,"",2019-06-12,47445
46027,uppdrag,Skatteutskottet,2020-03-18,0613297818326,194,SkU,Suppleant,"",2022-09-26,46009
918,uppdrag,Skatteutskottet,1998-10-13,0537484650407,0,SkU,Vice ordförande,"",1999-09-23,903
13977,Riksdagsorgan,Krigsdelegationen,1998-10-20,0245320188502,0,KD,Ledamot,"",1999-09-23,13944
17492,kammaruppdrag,"",2010-10-04,09812885803,96,kam,Riksdagsledamot,Tjänstgörande,2012-09-30,17489
12231,uppdrag,Försvarsutskottet,2002-04-12,0873439293805,0,FöU,Suppleant,"",2002-06-14,12229
41244,uppdrag,Skatteutskottet,2024-08-20,010392780417,2,SkU,Suppleant,"",2025-03-19,41240
38334,Riksdagsorgan,EFTA-delegationen,1989-06-01,0650522511709,0,EFTA,Suppleant,"",1991-09-30,38332
51066,uppdrag,Civilutskottet,2018-10-02,0331791853028,10,CU,Suppleant,"",2022-09-26,51058
42669,uppdrag,Försvarsutskottet,2020-03-18,0801311569314,158,FöU,Suppleant,"",2020-09-03,42651
41004,uppdrag,Justitieutskottet,2022-10-04,0144048894712,11,JuU,Suppleant,"",2026-09-28,40995
49258,uppdrag,Utbildningsutskottet,2020-03-18,0999976269027,303,UbU,Suppleant,"",2022-09-26,49232
34411,Departement,Arbetsmarknadsdepartementet,2019-01-21,062367962120,22,A,Statsråd,"",2019-09-10,34404
25767,uppdrag,Socialförsäkringsutskottet,1994-10-11,0816308745507,0,SfU,Ledamot,"",1998-10-04,25752
22787,uppdrag,Sammansatta utrikes- och försvarsutskottet,2015-04-14,0752691002718,5,UFöU,Suppleant,"",2015-06-16,22753
16667,uppdrag,Socialutskottet,1994-10-11,0841352877309,0,SoU,Ledamot,"",1998-10-04,16659
39323,uppdrag,Försvarsutskottet,2020-03-18,025967059622,189,FöU,Suppleant,"",2020-09-03,39302
30290,uppdrag,Civilutskottet,2018-10-02,089246126523,3,CU,Ledamot,"",2022-09-26,30286
22701,uppdrag,Kulturutskottet,2004-10-19,0640669898710,0,KrU,Suppleant,"",2005-04-17,22690
49500,uppdrag,Försvarsutskottet,2022-10-04,0254021157518,9,FöU,Suppleant,"",2023-11-28,49494
46632,kammaruppdrag,Roland Gustbée 2016-09-12 - 2017-02-26,2016-09-12,069309987221,254,kam,Riksdagsledamot,Ledig,2017-02-26,46626
41895,uppdrag,Sammansatta utrikes- och försvarsutskottet,2017-11-14,0980681611418,2,UFöU,Deputerad,"",2017-12-15,41844
22475,kammaruppdrag,"",2014-09-29,0658668232410,6,kam,Riksdagsledamot,Tjänstgörande,2015-08-27,22474
39946,uppdrag,Kulturutskottet,2020-03-18,0166790812128,35,KrU,Suppleant,"",2022-09-26,39938
40243,uppdrag,Civilutskottet,2020-03-18,0474290584024,143,CU,Suppleant,"",2022-09-26,40229
52405,uppdrag,Miljö- och jordbruksutskottet,2022-10-27,0220064764318,11,MJU,Suppleant,"",2025-02-10,52396
19814,uppdrag,Miljö- och jordbruksutskottet,1976-10-04,0212469298402,0,MJU,Ledamot,"",1979-09-30,19797
29006,uppdrag,Skatteutskottet,2014-10-07,0198031297912,2,SkU,Suppleant,"",2015-10-01,28999
21959,uppdrag,Utrikesutskottet,2000-11-21,0731442709013,0,UU,Suppleant,"",2000-12-20,21913
52852,uppdrag,Finansutskottet,2020-03-18,0198917587520,230,FiU,Suppleant,"",2022-09-26,52838
48631,uppdrag,EU-nämnden,2021-11-26,0409655917321,149,EUN,Suppleant,"",2022-10-04,48618
12832,kammaruppdrag,"",1976-10-04,0519019074802,0,kam,Riksdagsledamot,Tjänstgörande,1979-10-01,12821
7219,uppdrag,Miljö- och jordbruksutskottet,1994-10-11,0982209946601,0,MJU,Ledamot,"",1998-10-04,7208
4052,uppdrag,Socialutskottet,2010-10-12,0902086611116,17,SoU,Ledamot,"",2014-09-29,4049
46367,uppdrag,Konstitutionsutskottet,2020-03-18,0456680171315,258,KU,Suppleant,"",2020-09-03,46349
43756,uppdrag,Finansutskottet,2020-03-20,02658325625,269,FiU,Suppleant,"",2022-09-26,43744
26555,uppdrag,Socialutskottet,2014-10-07,0802826314426,4,SoU,Suppleant,"",2015-12-18,26543
7893,Riksdagsorgan,Riksdagsstyrelsen,2006-10-10,0959102638818,8,RS,Ledamot,"",2010-10-12,7863
9397,kammaruppdrag,Erik A Eriksson,2011-11-22,0950559490627,72,kam,Ersättare,Ersättare,2012-03-04,9396
30632,Riksdagsorgan,Krigsdelegationen,2018-10-09,0758652610,48,KD,Ledamot,"",2019-09-05,30612
45691,uppdrag,Justitieutskottet,2019-06-18,0333193598116,5,JuU,Suppleant,"",2019-10-25,45667
17431,uppdrag,Miljö- och jordbruksutskottet,1988-10-03,0559652845303,0,MJU,Suppleant,"",1991-09-29,17415
9599,kammaruppdrag,"",1982-10-04,0828672375390,0,kam,Riksdagsledamot,Tjänstgörande,1985-09-30,9597
17505,uppdrag,Lagutskottet,2002-10-08,09812885803,0,LU,Ledamot,"",2006-10-02,17489
14480,Riksdagsorgan,Nordiska rådets svenska delegation,1994-10-18,0664751846104,0,NR,Suppleant,"",1998-10-05,14463
41067,uppdrag,Miljö- och jordbruksutskottet,2022-01-11,0316505710324,303,MJU,Suppleant,"",2022-09-26,41043
40892,uppdrag,Finansutskottet,2016-06-28,0442629549320,3,FiU,Suppleant,"",2018-09-24,40867
5670,uppdrag,EU-nämnden,2006-10-24,0747667590310,18,EUN,Suppleant,"",2010-10-04,5655
24745,uppdrag,Sammansatta utrikes- och försvarsutskottet,2015-11-17,0236051814311,13,UFöU,Suppleant,"",2015-12-16,24735
1091,Riksdagsorgan,Valberedningen,1994-10-03,0163254848207,0,VB,Suppleant,"",1998-10-05,1065
9388,uppdrag,Kulturutskottet,2012-03-13,0188653245302,27,KrU,Suppleant,"",2014-09-29,9386
27198,uppdrag,Bostadsutskottet,1989-10-09,0738969851001,0,BoU,Suppleant,"",1991-09-29,27168
49998,Riksdagsorgan,Nordiska rådets svenska delegation,2025-10-15,037781229619,5,NR,Ledamot,"",2026-10-31,49975
26060,Riksdagsorgan,Besvärsnämnden,1985-09-30,0764840691205,0,BN,Ledamot,"",1994-10-03,26045
14481,Riksdagsorgan,Besvärsnämnden,1994-10-18,0664751846104,0,BN,Suppleant,"",1998-10-05,14463
8956,kammaruppdrag,Hillevi Engström,2012-03-19,0135054091316,112,kam,Statsrådsersättare,Ersättare,2012-08-15,8953
20780,Departement,Utrikesdepartementet,2003-10-10,023712446506,0,UD,Utrikesminister,"",2006-03-21,20779
6514,Riksdagsorgan,Riksdagens delegation till OSSE:s parlamentariska församling,2006-10-26,0181728423812,2,OSSE,Ordförande,"",2010-10-19,6492
18197,uppdrag,Justitieutskottet,1988-10-11,0551013247907,0,JuU,Suppleant,"",1991-09-29,18184
50488,uppdrag,Sammansatta utrikes- och försvarsutskottet,2025-09-25,0473783431010,4,UFöU,Deputerad,"",2025-12-10,50454
7106,kammaruppdrag,"",1991-09-30,0422439378601,330,kam,Riksdagsledamot,Tjänstgörande,1994-10-03,7104
27769,uppdrag,Sammansatta utrikes- och försvarsutskottet,2015-05-19,0252067342313,3,UFöU,Deputerad,"",2015-06-16,27733
46925,uppdrag,EU-nämnden,2020-03-18,0273506284025,126,EUN,Suppleant,"",2022-10-04,46885
25042,uppdrag,Socialutskottet,2020-03-18,0316870450511,56,SoU,Suppleant,"",2020-06-21,25029
53338,uppdrag,Försvarsutskottet,2025-10-10,0584183916016,0,FöU,Extra suppleant,"",2026-05-10,53329
22372,uppdrag,Finansutskottet,2012-03-27,037508021018,27,FiU,Suppleant,"",2014-09-29,22361
33167,uppdrag,Miljö- och jordbruksutskottet,2024-01-01,0904448094023,24,MJU,Suppleant,"",2026-09-28,33161
22677,Riksdagsorgan,Riksrevisionens parlamentariska råd,2014-10-14,0558039843819,2,RRPR,Ledamot,"",2014-10-24,22650
11741,uppdrag,Näringsutskottet,1994-10-11,0393108743200,0,NU,Ledamot,"",1998-10-04,11727
1045745,uppdrag,Utbildningsutskottet,2026-03-19,0709911904721,11,UbU,Suppleant,"",2026-09-28,50373
40730,uppdrag,Finansutskottet,2020-03-18,0383111552218,236,FiU,Suppleant,"",2020-11-03,40721
30205,uppdrag,Kulturutskottet,2020-03-18,066769783310,72,KrU,Suppleant,"",2022-09-26,30195
32284,uppdrag,Socialutskottet,2020-03-18,0201207390210,321,SoU,Suppleant,"",2022-09-26,32268
31852,uppdrag,Utrikesutskottet,2019-03-29,057993099726,17,UU,Ledamot,"",2022-09-26,31850
29233,uppdrag,EU-nämnden,2012-12-03,0397924710612,5,EUN,Ledamot,"",2014-10-07,29206
42494,uppdrag,Miljö- och jordbruksutskottet,2020-03-18,086684470825,300,MJU,Suppleant,"",2022-09-26,42483
38552,uppdrag,Finansutskottet,2008-10-21,0477013214601,8,FiU,Ledamot,"",2010-02-05,38532
47463,uppdrag,Arbetsmarknadsutskottet,2021-09-17,0665485817222,115,AU,Suppleant,"",2022-09-26,47445
28895,Riksdagsorgan,Utrikesnämnden,2010-10-12,0446541913415,5,UN,Suppleant,"",2012-09-30,28817
27322,uppdrag,Socialförsäkringsutskottet,2002-10-08,0730984957305,0,SfU,Suppleant,"",2006-10-02,27320
22455,uppdrag,Utrikesutskottet,2002-10-15,0438928446810,0,UU,Suppleant,"",2004-07-19,22445
1906,uppdrag,Konstitutionsutskottet,2003-10-03,0556854176401,0,KU,Suppleant,"",2004-03-31,1898
704,uppdrag,Sammansatta utrikes- och försvarsutskottet,1995-10-26,0789744347006,0,UFöU,Deputerad,"",1995-12-06,696
49389,Riksdagsorgan,Krigsdelegationen,2010-10-19,0744993950910,17,KD,Ledamot,"",2014-10-14,49329
49390,Riksdagsorgan,Valberedningen,2010-10-04,0744993950910,11,VB,Ledamot,"",2014-09-29,49329
49450,Riksdagsorgan,Nordiska rådets svenska delegation,2023-10-19,0852475703226,16,NR,Ledamot,"",2024-10-16,49425
20147,uppdrag,Konstitutionsutskottet,2002-10-08,0780836041816,0,KU,Ledamot,"",2004-06-18,20138
1035607,uppdrag,Arbetsmarknadsutskottet,2026-02-26,0302393368216,20,AU,Suppleant,"",2026-09-28,48478
31483,uppdrag,EU-nämnden,2018-11-25,0685749336810,6,EUN,Suppleant,"",2022-06-07,31466
6904,uppdrag,Trafikutskottet,1998-10-13,0517869568019,0,TU,Ledamot,"",2002-09-30,6893
15894,uppdrag,Justitieutskottet,2008-11-13,0133282248705,20,JuU,Suppleant,"",2010-10-04,15889
5334,uppdrag,Sammansatta utrikes- och socialutskottet,2005-02-15,0634917636517,0,USoU,Deputerad,"",2005-03-16,5306
47754,kammaruppdrag,Rolf Åbjörnsson 2016-01-14 - 2016-03-04,2016-01-14,0982795248728,212,kam,Riksdagsledamot,Ledig,2016-03-04,47740
2260,uppdrag,Arbetsmarknadsutskottet,1994-10-18,0370034713503,0,AU,Suppleant,"",1995-10-10,2253
15057,uppdrag,Konstitutionsutskottet,1996-09-24,0235331390700,0,KU,Suppleant,"",1996-11-08,15050
8605,Riksdagsorgan,Krigsdelegationen,2002-10-15,031414803913,0,KD,Ledamot,"",2006-10-16,8583
4428,kammaruppdrag,"",1976-10-04,0293624556396,0,kam,Riksdagsledamot,Tjänstgörande,1979-10-01,4424
44946,uppdrag,Civilutskottet,2020-03-20,0638497389621,295,CU,Suppleant,"",2022-09-26,44927
20262,uppdrag,Arbetsmarknadsutskottet,1985-09-30,0699478732904,0,AU,Suppleant,"",1988-10-02,20250
40937,kammaruppdrag,"",2018-09-24,0468956880528,296,kam,Riksdagsledamot,Tjänstgörande,2022-09-26,40935
42807,uppdrag,Konstitutionsutskottet,2020-03-18,0203877548421,188,KU,Suppleant,"",2020-09-03,42790
30739,uppdrag,Försvarsutskottet,2014-10-07,0704744533715,10,FöU,Suppleant,"",2017-12-11,30718
28693,Riksdagsorgan,Systembolaget AB,2015-03-25,0781520322912,1,Systembolaget,Revisor,"",2016-03-16,28689
19471,uppdrag,Bostadsutskottet,1994-10-11,0810673119603,0,BoU,Ledamot,"",1998-10-04,19459
23091,uppdrag,EU-nämnden,2005-10-12,0618560932311,0,EUN,Suppleant,"",2006-10-10,23071
8179,uppdrag,Försvarsutskottet,1998-12-18,0274710563201,0,FöU,Suppleant,"",2002-09-30,8164
27790,uppdrag,Sammansatta utrikes- och försvarsutskottet,2005-11-22,0252067342313,0,UFöU,Deputerad,"",2005-12-07,27733
565,uppdrag,Sammansatta utrikes- och försvarsutskottet,2008-04-22,0502174718806,0,UFöU,Deputerad,"",2008-06-18,535
10117,kammaruppdrag,"",1982-10-04,017025148404,0,kam,Riksdagsledamot,Tjänstgörande,1985-09-30,10112
14995,uppdrag,Konstitutionsutskottet,2001-10-19,0648161048508,0,KU,Suppleant,"",2002-09-29,14992
8660,uppdrag,Justitieutskottet,2010-10-12,0324815829026,11,JuU,Vice ordförande,"",2014-09-29,8650
5585,uppdrag,Finansutskottet,1995-01-16,0138450838510,0,FiU,Suppleant,"",1998-10-04,5574
40117,Europaparlamentet,Europaparlamentet,2024-07-16,0103279988010,1,EP,Ledamot,"",2029-07-16,40115
41684,uppdrag,Försvarsutskottet,2020-03-20,0130640724922,279,FöU,Suppleant,"",2020-09-03,41667
19016,uppdrag,Socialutskottet,2004-10-19,0573273704102,0,SoU,Suppleant,"",2004-11-11,19000
40467,Departement,Socialdepartementet,2025-06-28,0781623040415,6,S,Statsråd,"",2025-09-07,40464
5498,uppdrag,Miljö- och jordbruksutskottet,2002-10-08,0544137999406,0,MJU,Suppleant,"",2006-10-02,5493
43547,uppdrag,EU-nämnden,2011-06-21,0257612529618,22,EUN,Suppleant,"",2012-03-29,43468
7501,kammaruppdrag,"",2008-04-14,0135730306412,112,kam,Riksdagsledamot,Tjänstgörande,2010-10-04,7499
34495,uppdrag,Skatteutskottet,2014-10-07,0376353897112,12,SkU,Suppleant,"",2018-09-24,34471
3969,Riksdagsorgan,EG-delegationen,1993-01-21,033486567915,0,EG,Ledamot,"",1994-10-03,3968
3154,uppdrag,Trafikutskottet,2012-03-23,0288805051019,12,TU,Ledamot,"",2014-09-29,3150
16137,uppdrag,Utbildningsutskottet,2014-10-07,0849219210615,10,UbU,Ledamot,"",2016-06-22,16132
37775,Riksdagsorgan,Nordiska rådets svenska delegation,2017-09-28,0237055280513,19,NR,Suppleant,"",2018-10-09,37734
29547,uppdrag,Sammansatta utrikes- och försvarsutskottet,2013-04-23,0485476395125,5,UFöU,Deputerad,"",2013-06-18,29535
36027,uppdrag,Miljö- och jordbruksutskottet,2024-10-15,0564126739422,0,MJU,Extra suppleant,"",2024-12-01,36020
13726,kammaruppdrag,"",1994-10-03,0483420372909,144,kam,Riksdagsledamot,Tjänstgörande,1995-01-09,13723
21511,kammaruppdrag,Ibrahim Baylan,2006-10-02,0251617324715,203,kam,Statsrådsersättare,Ersättare,2006-10-06,21504
41719,uppdrag,Arbetsmarknadsutskottet,2014-10-07,0641953830512,6,AU,Suppleant,"",2016-09-27,41696
37874,uppdrag,Bostadsutskottet,1983-10-04,0446973363306,0,BoU,Ledamot,"",1985-09-29,37852
38112,uppdrag,Konstitutionsutskottet,2020-03-18,0365748677411,280,KU,Suppleant,"",2020-09-03,38089
23768,kammaruppdrag,"",2002-09-30,0548314774911,27,kam,Riksdagsledamot,Tjänstgörande,2006-10-02,23764
1081496,kammaruppdrag,Jakob Forssmed,2026-06-20,0245468368228,29,kam,Statsrådsersättare,Ersättare,2026-09-28,43147
17416,kammaruppdrag,"",2002-09-30,0559652845303,258,kam,Riksdagsledamot,Tjänstgörande,2006-10-02,17415
41441,kammaruppdrag,Ardalan Shekarabi,2017-04-24,075747847023,87,kam,Statsrådsersättare,Ersättare,2017-12-31,41434
22246,Riksdagsorgan,Nordiska rådets svenska delegation,2016-09-29,088028607414,11,NR,Ledamot,"",2017-09-28,22223
39616,Europaparlamentet,Europaparlamentet,2024-07-16,0537180788018,19,EP,Ledamot,"",2029-07-16,39615
9134,uppdrag,Lagutskottet,1991-09-30,0432629750500,0,LU,Suppleant,"",1994-10-02,9125
41576,uppdrag,Sammansatta civil- och kulturutskottet,2018-03-13,0519740099915,2,CKrU,Suppleant,"",2018-05-24,41546
1364,uppdrag,Utbildningsutskottet,2004-04-15,0640774576009,0,UbU,Suppleant,"",2006-10-02,1356
51395,uppdrag,Skatteutskottet,2022-10-04,0667220767927,8,SkU,Suppleant,"",2026-09-28,51383
6855,uppdrag,Konstitutionsutskottet,2002-10-08,0548089226618,0,KU,Ledamot,"",2006-10-02,6849
21239,Riksdagsorgan,Nordiska rådets svenska delegation,2016-09-29,0641486384014,10,NR,Ledamot,"",2017-09-28,21214
12102,kammaruppdrag,Eva Thede 1998-04-03 - 1998-05-06,1998-04-03,0366609643504,175,kam,Riksdagsledamot,Ledig,1998-05-06,12100
35662,kammaruppdrag,Torbjörn Björlund 2015-08-03 - 2016-01-04,2015-08-03,0150118366721,149,kam,Riksdagsledamot,Ledig,2016-01-04,35658
52245,uppdrag,Civilutskottet,2018-04-11,0296384583518,1,CU,Suppleant,"",2018-09-24,52221
24495,uppdrag,Kulturutskottet,2020-03-18,0604459858621,153,KrU,Suppleant,"",2022-09-26,24483
13416,Riksdagsorgan,Valberedningen,2002-09-30,0388920259006,0,VB,Suppleant,"",2006-10-02,13390
29813,uppdrag,Justitieutskottet,2020-03-18,0216534495014,229,JuU,Suppleant,"",2022-09-26,29805
29173,Riksdagsorgan,Riksdagens delegation till parlamentariska Östersjökonferensen,2018-10-24,010343930918,2,BSPC,Ledamot,"",2018-12-04,29133
37438,uppdrag,Skatteutskottet,2020-03-18,0996640018922,218,SkU,Suppleant,"",2022-09-26,37420
42676,uppdrag,Kulturutskottet,2014-11-25,0801311569314,25,KrU,Suppleant,"",2018-09-24,42651
18773,kammaruppdrag,"",2003-11-20,0668293417401,0,kam,Ersättare,Ersättare,2003-12-31,18770
5668,uppdrag,Sammansatta justitie- och socialutskottet,2006-02-09,0747667590310,0,JuSoU,Deputerad,"",2006-04-26,5655
22456,uppdrag,Finansutskottet,1998-10-13,0438928446810,0,FiU,Ledamot,"",2002-09-30,22445
5428,uppdrag,"Sammansatta utrikes-, miljö- och jordbruksutskottet",2003-02-18,0758217192418,0,UMJU,Deputerad,"",2003-05-21,5423
8915,uppdrag,Socialförsäkringsutskottet,2012-11-29,0961349903416,26,SfU,Suppleant,"",2013-05-17,8912
16719,Riksdagsorgan,Krigsdelegationen,1991-10-15,0911372158609,0,KD,Ledamot,"",1993-10-06,16705
43311,uppdrag,Näringsutskottet,2014-11-25,0983984918111,26,NU,Suppleant,"",2018-09-24,43285
15204,kammaruppdrag,"",1982-10-04,0270681733602,0,kam,Riksdagsledamot,Tjänstgörande,1985-09-30,15198
15844,uppdrag,Socialförsäkringsutskottet,2003-03-12,0166402877505,0,SfU,Suppleant,"",2004-03-01,15839
15064,uppdrag,Konstitutionsutskottet,1985-09-30,0235331390700,0,KU,Suppleant,"",1988-10-02,15050
7886,uppdrag,EU-nämnden,2010-10-19,0959102638818,28,EUN,Suppleant,"",2014-09-29,7863
45123,Riksdagsorgan,Valberedningen,2014-09-29,014744660015,1,VB,Ordförande,"",2014-10-03,45087
52359,uppdrag,Sammansatta utrikes- och försvarsutskottet,2013-02-21,0410640630411,13,UFöU,Deputerad,"",2013-03-06,52347
44943,uppdrag,Socialförsäkringsutskottet,2022-10-04,0638497389621,5,SfU,Suppleant,"",2023-09-29,44927
51683,uppdrag,Sammansatta utrikes- och försvarsutskottet,2024-05-23,0984153507725,15,UFöU,Suppleant,"",2024-06-18,51675
19416,uppdrag,Trafikutskottet,1988-11-07,0692993567203,0,TU,Suppleant,"",1991-09-29,19397
29597,uppdrag,Miljö- och jordbruksutskottet,2020-03-18,0980316377627,55,MJU,Suppleant,"",2022-09-26,29582
1110233,uppdrag,Konstitutionsutskottet,2026-06-11,0678597762924,1,KU,Ledamot,"",2026-09-28,40101
12170,uppdrag,Försvarsutskottet,1988-10-11,0882989698904,0,FöU,Suppleant,"",1991-09-29,12163
21131,kammaruppdrag,"",2002-09-30,031005479013,81,kam,Riksdagsledamot,Tjänstgörande,2002-12-31,21122
17733,kammaruppdrag,"",2003-01-01,0225823431305,92,kam,Riksdagsledamot,Tjänstgörande,2006-10-02,17732
22883,uppdrag,Kulturutskottet,2018-10-02,0732677378827,4,KrU,Suppleant,"",2022-09-26,22866
331,uppdrag,Utrikesutskottet,1998-10-13,0957794828205,0,UU,Suppleant,"",1998-10-20,319
13436,kammaruppdrag,Lena Boström,1993-03-08,0528100184906,337,kam,Ersättare,Ersättare,1993-05-31,13435
42718,Riksdagsorgan,Nordiska rådets svenska delegation,2023-10-19,0783069490115,12,NR,Suppleant,"",2024-10-16,42711
22957,uppdrag,Försvarsutskottet,2010-10-12,0110600080618,2,FöU,Ledamot,"",2010-10-12,22946
39757,Departement,Utrikesdepartementet,2021-02-05,0828690288413,19,UD,Statsråd,"",2021-06-29,39752
49891,uppdrag,Sammansatta utrikes- och försvarsutskottet,2018-11-15,0980092192122,14,UFöU,Deputerad,"",2018-12-05,49829
45933,uppdrag,Trafikutskottet,2010-11-17,0495314169413,21,TU,Suppleant,"",2014-09-29,45921
15401,kammaruppdrag,"",1982-10-04,0241621108903,0,kam,Riksdagsledamot,Tjänstgörande,1985-09-30,15395
45248,uppdrag,Försvarsutskottet,2018-10-02,065105536026,1,FöU,Ledamot,"",2018-10-02,45224
24810,Riksdagsorgan,Nordiska rådets svenska delegation,2011-10-12,0139948283718,17,NR,Suppleant,"",2012-09-18,24791
10727,kammaruppdrag,"",1976-10-04,0420946896300,0,kam,Riksdagsledamot,Tjänstgörande,1979-10-01,10722
18177,uppdrag,Bostadsutskottet,1998-10-13,017523200206,0,BoU,Suppleant,"",2002-09-30,18171
8779,uppdrag,Näringsutskottet,2008-11-13,0461756329828,8,NU,Suppleant,"",2010-10-04,8769
7610,uppdrag,Skatteutskottet,2006-10-10,0957631371811,7,SkU,Suppleant,"",2010-10-04,7603
2048,uppdrag,Socialutskottet,2010-10-12,0262124593702,8,SoU,Suppleant,"",2014-09-29,2040
5629,uppdrag,Sammansatta utrikes- och försvarsutskottet,2003-06-11,0699787174310,0,UFöU,Deputerad,"",2003-06-12,5600
22272,uppdrag,Socialutskottet,2010-10-12,0264838147315,10,SoU,Ledamot,"",2014-09-29,22265
21014,talmansuppdrag,"",2010-10-04,0235974887200,20,kam,Förste vice talman,"",2014-09-29,21011
41881,uppdrag,Konstitutionsutskottet,2006-10-10,0980681611418,5,KU,Suppleant,"",2010-10-04,41844
30814,uppdrag,Civilutskottet,2017-09-19,0277648711624,26,CU,Suppleant,"",2018-09-24,30790
23483,uppdrag,Justitieutskottet,2001-03-06,0938901612810,0,JuU,Ordförande,"",2002-09-29,23468
8248,kammaruppdrag,"",1991-09-30,0410190907901,250,kam,Riksdagsledamot,Tjänstgörande,1992-11-12,8245
50971,uppdrag,Försvarsutskottet,2018-10-16,0226631365426,22,FöU,Suppleant,"",2022-09-26,50963
28008,uppdrag,Miljö- och jordbruksutskottet,2020-03-18,0909948830718,142,MJU,Suppleant,"",2022-09-26,27995
8723,kammaruppdrag,Lena Hallengren,2006-10-02,0955635879822,151,kam,Statsrådsersättare,Ersättare,2006-10-06,8721
45642,uppdrag,Näringsutskottet,2020-03-18,055257333723,287,NU,Suppleant,"",2022-09-26,45631
2161,kammaruppdrag,Margaretha af Ugglas,1995-01-10,0857394544302,4,kam,Ersättare,Ersättare,1995-10-09,2157
38516,uppdrag,Konstitutionsutskottet,2020-03-18,0526748040023,275,KU,Suppleant,"",2020-09-03,38493
19164,uppdrag,Arbetsmarknadsutskottet,1998-10-13,0785143384002,0,AU,Suppleant,"",2002-09-30,19156
31208,kammaruppdrag,"",2018-09-24,0519542449425,194,kam,Riksdagsledamot,Tjänstgörande,2022-09-26,31207
46519,uppdrag,Konstitutionsutskottet,2022-10-04,0522240580423,11,KU,Suppleant,"",2022-11-10,46513
9078,uppdrag,Kulturutskottet,1994-10-11,0144891150008,0,KrU,Ledamot,"",1998-10-04,9070
25456,Departement,Utbildningsdepartementet,2016-05-25,0383650546828,21,U,Statsråd,"",2016-08-15,25455
15383,uppdrag,Lagutskottet,1998-10-13,0846171262302,0,LU,Ledamot,"",2002-09-30,15367
21739,uppdrag,Sammansatta utrikes- och försvarsutskottet,2010-11-23,0565167965311,2,UFöU,Suppleant,"",2010-12-15,21720
19728,Riksdagsorgan,Valprövningsnämnden,2015-02-18,0472335069513,2,VPN,Suppleant,"",2019-03-13,19714
27539,Riksdagsorgan,Krigsdelegationen,2014-10-14,0787533297400,18,KD,Ledamot,"",2018-09-24,27521
28169,uppdrag,Arbetsmarknadsutskottet,2020-03-18,0677738818613,131,AU,Suppleant,"",2022-09-26,28163
37464,uppdrag,Miljö- och jordbruksutskottet,2022-10-04,0509415296421,13,MJU,Ledamot,"",2022-10-04,37457
53924,uppdrag,Näringsutskottet,2020-03-18,0227531635413,74,NU,Suppleant,"",2022-09-26,53912
30372,uppdrag,Kulturutskottet,2020-03-18,0208558695314,171,KrU,Suppleant,"",2021-08-31,30363
25730,uppdrag,Finansutskottet,2019-04-03,0962410717322,28,FiU,Suppleant,"",2022-09-26,25718
53156,uppdrag,Justitieutskottet,2020-03-18,033935884729,113,JuU,Suppleant,"",2022-09-26,53144
26468,kammaruppdrag,"",1988-10-03,02127524105,280,kam,Riksdagsledamot,Tjänstgörande,1991-09-30,26466
832,uppdrag,Skatteutskottet,1997-12-01,0101299073819,0,SkU,Ledamot,"",1998-10-04,807
2544,kammaruppdrag,"",2002-09-30,0634013303818,0,kam,Statsrådsersättare,Ersättare,2002-10-09,2540
45061,uppdrag,Försvarsutskottet,2020-03-20,0130789484021,303,FöU,Suppleant,"",2020-09-03,45041
21041,Riksdagsorgan,Riksbanksfullmäktige,2014-10-24,0235974887200,1,RB,Ordförande,"",2018-10-09,21011
44351,kammaruppdrag,"",1982-10-04,0811237096101,0,kam,Riksdagsledamot,Tjänstgörande,1985-09-30,44348
45556,uppdrag,Socialförsäkringsutskottet,2020-03-18,0228027853620,244,SfU,Suppleant,"",2022-09-26,45542
12807,uppdrag,Socialförsäkringsutskottet,1993-10-07,0457849683602,0,SfU,Ledamot,"",1994-10-02,12797
2355,uppdrag,Socialutskottet,1988-11-11,0987224899103,0,SoU,Suppleant,"",1989-09-30,2338
11894,kammaruppdrag,Eva Johansson 1985-10-01 - 1988-10-03,1985-10-01,0348268153001,0,kam,Riksdagsledamot,Ledig,1988-10-03,11886
34307,kammaruppdrag,"",2006-10-02,0891971250317,71,kam,Riksdagsledamot,Tjänstgörande,2010-10-04,34303
10959,kammaruppdrag,Karin Pilsäter 1994-10-03 - 1994-10-07,1994-10-03,0630022377501,175,kam,Riksdagsledamot,Ledig,1994-10-07,10956
26234,kammaruppdrag,"Kurt Kvarnström 2001-10-25 - 2002-09-30, Hans Unander 2002-09-30 - 2004-09-14",2002-09-30,0328926898814,296,kam,Riksdagsledamot,Ledig,2004-09-14,26231
24066,Riksdagsorgan,Valberedningen,2010-10-04,0901257862125,7,VB,Suppleant,"",2014-09-29,24029
16930,uppdrag,EES-utskottet,1992-06-10,0316572054501,0,EU,Suppleant,"",1993-06-04,16925
25111,uppdrag,Trafikutskottet,2022-01-24,0503363679811,0,TU,Extra suppleant,"",2022-09-26,25106
18379,Riksdagsorgan,Nordiska rådets svenska delegation,2002-10-15,0553513261108,0,NR,Ledamot,"",2006-10-02,18358
47295,uppdrag,EU-nämnden,2015-12-17,0729710260118,70,EUN,Suppleant,"",2016-06-13,47248
46429,uppdrag,Arbetsmarknadsutskottet,2020-03-18,0313390540217,170,AU,Suppleant,"",2022-09-26,46421
46081,uppdrag,Civilutskottet,2018-10-02,0430865615328,5,CU,Suppleant,"",2022-09-26,46072
14055,Departement,Utrikesdepartementet,1991-10-04,018160186302,0,UD,Utrikesminister,"",1994-10-07,14054
29303,uppdrag,Sammansatta utrikes- och försvarsutskottet,2012-11-27,0893004490313,3,UFöU,Vice ordförande,"",2012-12-19,29266
52542,Riksdagsorgan,Nordiska rådets svenska delegation,2022-10-11,0932000030511,7,NR,Ledamot,"",2022-10-26,52507
12732,uppdrag,Utrikesutskottet,1989-02-08,0110409174800,0,UU,Suppleant,"",1990-10-03,12723
40395,uppdrag,Trafikutskottet,2023-11-22,0956444284814,16,TU,Ledamot,"",2023-12-31,40377
22621,uppdrag,Finansutskottet,2010-10-12,0975579292417,8,FiU,Ledamot,"",2011-05-03,22609
3480,Riksdagsorgan,Nordiska rådets svenska delegation,2006-10-17,0587985033012,14,NR,Ledamot,"",2010-10-04,3472
44663,kammaruppdrag,Jonas Eriksson,2016-01-18,0692076685824,270,kam,Ersättare,Ersättare,2016-07-31,44657
14155,Riksdagsorgan,Riksdagens delegation till Interparlamentariska unionen,1998-10-21,0277100069203,0,IPU,Suppleant,"",2002-12-18,14137
3626,Riksdagsorgan,Nordiska rådets svenska delegation,2006-10-17,0456305921813,18,NR,Suppleant,"",2010-10-04,3621
8395,kammaruppdrag,Boriana Åberg 2008-01-07 - 2008-03-14,2008-01-07,0371414788216,186,kam,Riksdagsledamot,Ledig,2008-03-14,8392
21681,Riksdagsorgan,Krigsdelegationen,2012-02-24,0482927154110,19,KD,Ledamot,"",2014-10-14,21661
8548,kammaruppdrag,"",1982-10-04,0968100864203,0,kam,Riksdagsledamot,Tjänstgörande,1985-09-30,8545
31906,uppdrag,Konstitutionsutskottet,2018-10-09,042413114103,18,KU,Suppleant,"",2020-03-06,31888
24044,uppdrag,Sammansatta utrikes- och försvarsutskottet,2015-04-14,0901257862125,15,UFöU,Suppleant,"",2015-06-16,24029
26472,kammaruppdrag,"",1976-10-04,02127524105,0,kam,Riksdagsledamot,Tjänstgörande,1979-10-01,26466
26664,kammaruppdrag,Bengt Ahlquist 1993-03-08 - 1993-04-12,1993-03-08,0198565054212,70,kam,Riksdagsledamot,Ledig,1993-04-12,26661
39629,kammaruppdrag,"",2006-10-02,0630824497414,343,kam,Riksdagsledamot,Tjänstgörande,2010-10-04,39624
17132,Departement,Finansdepartementet,1991-10-04,0201502585302,0,Fi,Finansminister,"",1994-10-07,17131
38401,uppdrag,Sammansatta utrikes- och försvarsutskottet,2016-11-15,0860364634014,8,UFöU,Suppleant,"",2016-12-14,38371
6867,Riksdagsorgan,Besvärsnämnden,1998-10-20,0548089226618,0,BN,Suppleant,"",2002-09-30,6849
46501,Riksdagsorgan,Riksdagens delegation till OSSE:s parlamentariska församling,2018-10-09,0877778793323,1,OSSE,Ledamot,"",2018-10-16,46469
51630,Riksdagsorgan,Valprövningsnämnden,2007-01-18,0155487380917,5,VPN,Ledamot,"",2011-04-05,51539
26596,uppdrag,Kulturutskottet,1988-10-11,0430662617406,0,KrU,Ledamot,"",1991-09-29,26592
6172,Riksdagsorgan,Nordiska rådets svenska delegation,2010-10-19,0806338394516,14,NR,Suppleant,"",2011-03-31,6138
52888,uppdrag,Trafikutskottet,2025-09-17,0939158389321,28,TU,Suppleant,"",2026-09-28,52881
48488,uppdrag,Kulturutskottet,2022-11-09,0302393368216,22,KrU,Suppleant,"",2025-09-09,48478
40204,Departement,Utbildningsdepartementet,2007-09-11,0603490586517,2,U,Utbildningsminister,"",2014-10-03,40201
19280,kammaruppdrag,"",2002-09-30,0928223863802,209,kam,Riksdagsledamot,Tjänstgörande,2006-10-02,19279
28560,Riksdagsorgan,Riksdagsstyrelsen,2012-09-27,0541320528015,10,RS,Ersättare,"",2014-10-03,28513
2730,kammaruppdrag,"",2008-04-08,0287864972117,232,kam,Riksdagsledamot,Tjänstgörande,2010-10-04,2729
12748,uppdrag,Skatteutskottet,1990-10-04,0244659729601,0,SkU,Suppleant,"",1990-11-04,12747
42927,Riksdagsorgan,Krigsdelegationen,2014-10-14,0875221317013,21,KD,Ledamot,"",2018-10-09,42872
44996,Departement,Socialdepartementet,2019-09-10,0853395328224,5,S,Socialminister,"",2021-07-09,44993
1024,uppdrag,Socialutskottet,1985-09-30,0874604979107,0,SoU,Suppleant,"",1988-10-02,1007
51410,uppdrag,Skatteutskottet,2022-06-10,0667220767927,1,SkU,Ledamot,"",2022-06-16,51383
16405,uppdrag,EU-nämnden,2014-10-14,0522460069116,28,EUN,Suppleant,"",2014-10-14,16380
53926,uppdrag,Skatteutskottet,2020-03-18,0227531635413,75,SkU,Suppleant,"",2022-09-26,53912
45369,Departement,Socialdepartementet,2021-11-30,0922497728524,6,S,Statsråd,"",2022-10-06,45367
45267,Riksdagsorgan,Valberedningen,2018-09-24,065105536026,14,VB,Suppleant,"",2022-09-26,45224
25897,uppdrag,Finansutskottet,2020-03-18,0341628241813,190,FiU,Suppleant,"",2022-09-26,25889
19228,uppdrag,Skatteutskottet,1995-01-19,0817433088402,0,SkU,Suppleant,"",1998-10-04,19219
51483,uppdrag,Socialutskottet,2020-03-18,0682989845822,238,SoU,Suppleant,"",2022-09-26,51463
22092,uppdrag,Socialförsäkringsutskottet,2009-09-03,0737073162411,8,SfU,Suppleant,"",2010-10-04,22070
23850,uppdrag,Socialutskottet,1999-01-26,0321885416125,0,SoU,Suppleant,"",1999-02-11,23831
41874,uppdrag,Utrikesutskottet,2014-10-07,0980681611418,11,UU,Suppleant,"",2018-09-24,41844
29024,uppdrag,Civilutskottet,2020-03-18,0363721826713,118,CU,Suppleant,"",2021-09-30,29017
30127,uppdrag,Socialutskottet,2012-09-06,0934639939611,11,SoU,Suppleant,"",2014-09-29,30103
44724,uppdrag,Näringsutskottet,2020-03-18,0766496753128,95,NU,Suppleant,"",2022-09-26,44703
3387,uppdrag,Justitieutskottet,1988-10-11,0420875837811,0,JuU,Suppleant,"",1989-10-04,3381
3818,kammaruppdrag,Thommy Ohlsson 1992-11-16 - 1992-12-16,1992-11-16,0272316208815,257,kam,Riksdagsledamot,Ledig,1992-12-16,3814
53441,uppdrag,Sammansatta utrikes- och försvarsutskottet,2021-03-18,0338088431726,15,UFöU,Suppleant,"",2021-04-21,53409
53828,Riksdagsorgan,Riksdagens delegation till Interparlamentariska unionen,2022-10-26,0831636664429,1,IPU,Ledamot,"",2023-04-18,53780
7653,uppdrag,Civilutskottet,2006-10-10,0824721092613,2,CU,Ordförande,"",2010-10-04,7642
11904,Riksdagsorgan,Krigsdelegationen,1988-10-18,0348268153001,0,KD,Ledamot,"",1991-09-30,11886
31317,kammaruppdrag,Jeff Ahl,2017-06-02,0644591005314,333,kam,Ersättare,Ersättare,2017-06-30,31314
49411,kammaruppdrag,Magdalena Thuresson,2023-03-01,0112806493429,248,kam,Ersättare,Ersättare,2023-05-31,49409
8300,uppdrag,Bostadsutskottet,1998-06-04,048433771316,0,BoU,Suppleant,"",1998-10-04,8298
20865,uppdrag,Socialförsäkringsutskottet,1991-09-30,021208424208,0,SfU,Suppleant,"",1994-10-02,20860
4920,uppdrag,Näringsutskottet,2002-10-08,0483316376813,0,NU,Förste vice ordförande,"",2003-11-24,4907
20316,uppdrag,Miljö- och jordbruksutskottet,1994-10-11,0137934715906,0,MJU,Suppleant,"",1998-10-04,20312
54060,uppdrag,Justitieutskottet,2020-03-18,0722683622001,59,JuU,Suppleant,"",2022-09-26,54050
27088,Riksdagsorgan,Krigsdelegationen,1994-10-18,0161018662505,0,KD,Ledamot,"",1998-10-05,27077
16328,uppdrag,Försvarsutskottet,1994-10-11,0817472556307,0,FöU,Suppleant,"",1998-10-04,16313
48180,uppdrag,Socialförsäkringsutskottet,2023-05-15,0533104339313,0,SfU,Extra suppleant,"",2023-08-13,48172
8603,Riksdagsorgan,Krigsdelegationen,2006-10-17,031414803913,35,KD,Ledamot,"",2010-10-19,8583
47882,uppdrag,Socialförsäkringsutskottet,2019-02-13,0572788110724,2,SfU,Ledamot,"",2019-02-13,47855
31292,uppdrag,Utbildningsutskottet,2020-03-18,085742305813,205,UbU,Suppleant,"",2022-01-09,31277
12230,kammaruppdrag,"",2002-06-15,0873439293805,0,kam,Riksdagsledamot,Tjänstgörande,2002-09-30,12229
18867,uppdrag,Sammansatta konstitutions- och utrikesutskottet,2002-04-18,0997123540801,0,KUU,Suppleant,"",2002-06-04,18852
38306,Riksdagsorgan,Nordiska rådets svenska delegation,2013-09-17,0248883870202,13,NR,Ledamot,"",2014-09-29,38300
33672,uppdrag,Utrikesutskottet,1988-10-11,0859925892507,0,UU,Ledamot,"",1991-09-29,33651
2302,kammaruppdrag,"",1982-10-04,0825004049003,0,kam,Riksdagsledamot,Tjänstgörande,1985-06-11,2291
28903,Riksdagsorgan,Riksdagens delegation till OSSE:s parlamentariska församling,2002-10-15,0446541913415,0,OSSE,Suppleant,"",2006-10-16,28817
50376,uppdrag,Utbildningsutskottet,2025-10-24,0709911904721,7,UbU,Ledamot,"",2026-02-26,50373
38596,uppdrag,EU-nämnden,2022-11-17,0348383585915,78,EUN,Suppleant,"",2023-06-25,38591
49380,Riksdagsorgan,Utrikesnämnden,2018-10-02,0744993950910,1,UN,Ledamot,"",2019-01-21,49329
49238,uppdrag,Näringsutskottet,2025-09-16,0999976269027,25,NU,Suppleant,"",2026-09-28,49232
39573,uppdrag,Utbildningsutskottet,2012-06-19,069436402021,1,UbU,Ordförande,"",2013-09-18,39555
45687,uppdrag,Kulturutskottet,2020-03-18,0333193598116,252,KrU,Suppleant,"",2021-10-20,45667
2397,kammaruppdrag,"",1998-10-05,0271495844814,243,kam,Riksdagsledamot,Tjänstgörande,2002-09-30,2395
43522,uppdrag,Sammansatta utrikes- och försvarsutskottet,2013-02-21,0257612529618,12,UFöU,Suppleant,"",2013-03-06,43468
20279,kammaruppdrag,"",1985-09-30,0758610200105,0,kam,Riksdagsledamot,Tjänstgörande,1988-10-03,20276
53612,uppdrag,Näringsutskottet,2020-03-18,0492644357418,291,NU,Suppleant,"",2022-09-26,53599
5336,Riksdagsorgan,Riksdagsstyrelsen,2006-10-10,0634917636517,10,RS,Ledamot,"",2010-10-04,5306
28539,uppdrag,Trafikutskottet,2016-09-08,0541320528015,14,TU,Ledamot,"",2018-09-24,28513
17847,Riksdagsorgan,Krigsdelegationen,1994-10-18,037063714405,0,KD,Ledamot,"",1998-10-05,17818
38833,uppdrag,Arbetsmarknadsutskottet,2020-03-20,0557180142229,285,AU,Suppleant,"",2022-09-26,38826
14727,uppdrag,Socialutskottet,1988-10-11,0391621769505,0,SoU,Suppleant,"",1991-09-29,14717
28463,uppdrag,Civilutskottet,2020-03-18,0409540163215,75,CU,Suppleant,"",2022-09-26,28456
51429,Riksdagsorgan,Ledamotsrådet,2019-03-27,0667220767927,1,LR,Ledamot,"",2022-10-10,51383
839,uppdrag,EU-nämnden,2002-10-15,0101299073819,0,EUN,Suppleant,"",2010-02-05,807
11387,kammaruppdrag,"",1985-09-30,0465588741605,0,kam,Riksdagsledamot,Tjänstgörande,1988-10-03,11385
46171,kammaruppdrag,"",2006-10-02,0791786201912,129,kam,Riksdagsledamot,Tjänstgörande,2010-10-04,46165
17828,kammaruppdrag,"",1982-10-04,037063714405,0,kam,Riksdagsledamot,Tjänstgörande,1985-09-30,17818
41063,uppdrag,Civilutskottet,2022-01-11,0316505710324,247,CU,Suppleant,"",2022-09-26,41043
46118,kammaruppdrag,Jenny Bengtsson 2016-05-12 - 2016-07-27,2016-05-12,014386615025,210,kam,Riksdagsledamot,Ledig,2016-07-27,46114
6796,uppdrag,Sammansatta utrikes- och försvarsutskottet,2005-11-22,042839539117,0,UFöU,Suppleant,"",2005-12-07,6776
18280,uppdrag,Sammansatta utrikes- och försvarsutskottet,2002-01-17,0209063197208,0,UFöU,Deputerad,"",2002-01-18,18258
5825,kammaruppdrag,"",1982-10-04,0805977157102,0,kam,Riksdagsledamot,Tjänstgörande,1985-09-30,5822
16793,Riksdagsorgan,Utrikesnämnden,1994-06-20,0139582082909,0,UN,Suppleant,"",1994-10-03,16783
38728,Riksdagsorgan,Valprövningsnämnden,2022-01-21,0475778011711,1,VPN,Ledamot,"",2023-03-22,38695
23656,uppdrag,Justitieutskottet,2002-10-08,0936723349517,0,JuU,Suppleant,"",2006-10-02,23642
51179,kammaruppdrag,"",2018-09-24,0412148992926,13,kam,Riksdagsledamot,Tjänstgörande,2022-09-26,51177
21033,uppdrag,Sammansatta konstitutions- och utrikesutskottet,2007-03-27,0235974887200,0,KUU,Deputerad,"",2009-05-06,21011
49616,uppdrag,Konstitutionsutskottet,2020-03-18,0899169869710,103,KU,Suppleant,"",2020-09-03,49594
38495,kammaruppdrag,"",2019-06-28,0526748040023,319,kam,Riksdagsledamot,Tjänstgörande,2022-09-26,38493
23460,kammaruppdrag,"",2008-06-01,0742251416419,192,kam,Riksdagsledamot,Tjänstgörande,2010-10-04,23459
18117,Riksdagsorgan,Riksdagens delegation till Interparlamentariska unionen,1995-11-22,0610573125306,0,IPU,Ledamot,"",1998-10-05,18074
40515,Departement,Näringsdepartementet,2017-07-27,0447198048312,18,N,Statsråd,"",2019-01-21,40511
1372,uppdrag,Sammansatta konstitutions- och utrikesutskottet,2003-02-18,0640774576009,0,KUU,Suppleant,"",2003-11-20,1356
8625,uppdrag,Trafikutskottet,1998-10-13,0549025722425,0,TU,Suppleant,"",2000-02-01,8622
23531,uppdrag,Miljö- och jordbruksutskottet,2001-10-19,064601872511,0,MJU,Suppleant,"",2002-09-29,23513
49202,kammaruppdrag,Fredrik Stenberg 2018-12-01 - 2019-01-01,2018-12-01,0482689573825,203,kam,Riksdagsledamot,Ledig,2019-01-01,49195
50979,uppdrag,Trafikutskottet,2018-10-02,0226631365426,7,TU,Suppleant,"",2022-09-26,50963
44675,uppdrag,Miljö- och jordbruksutskottet,2021-10-13,0692076685824,325,MJU,Suppleant,"",2022-09-26,44657
17670,uppdrag,Utrikesutskottet,1996-09-24,0996403729104,0,UU,Ledamot,"",1998-10-04,17662
11193,Riksdagsorgan,Valberedningen,1991-11-22,0668927708809,0,VB,Ordförande,"",1992-09-30,11188
53941,uppdrag,Sammansatta utrikes- och försvarsutskottet,2024-11-05,0227531635413,15,UFöU,Suppleant,"",2024-12-12,53912
50739,uppdrag,Sammansatta utrikes- och försvarsutskottet,2021-03-18,0879782396219,6,UFöU,Deputerad,"",2021-04-21,50699
18879,kammaruppdrag,"",2002-09-30,0584386800218,1,kam,Riksdagsledamot,Tjänstgörande,2004-07-19,18877
16736,uppdrag,Försvarsutskottet,2003-03-12,0902172188709,0,FöU,Suppleant,"",2006-10-02,16731
20677,uppdrag,EU-nämnden,2016-06-14,0192918410514,70,EUN,Suppleant,"",2017-05-04,20668
22270,uppdrag,Socialutskottet,2014-10-07,0264838147315,5,SoU,Ledamot,"",2018-09-24,22265
32210,uppdrag,Trafikutskottet,2018-10-09,0322827326923,14,TU,Suppleant,"",2022-09-26,32199
7055,uppdrag,Socialutskottet,1994-12-15,0962700307214,0,SoU,Suppleant,"",1995-01-18,7031
32173,uppdrag,Arbetsmarknadsutskottet,2020-03-18,0547805254924,242,AU,Suppleant,"",2022-09-26,32171
28018,uppdrag,Arbetsmarknadsutskottet,2010-10-12,0909948830718,10,AU,Ledamot,"",2014-09-29,27995
13276,kammaruppdrag,"",1990-06-14,0997350894105,50,kam,Riksdagsledamot,Tjänstgörande,1991-09-30,13270
24365,uppdrag,Näringsutskottet,2020-03-18,0691264514114,139,NU,Suppleant,"",2022-09-26,24352
38132,uppdrag,Skatteutskottet,2012-10-16,0668060748617,24,SkU,Suppleant,"",2014-09-29,38128
3581,uppdrag,Sammansatta utrikes- och försvarsutskottet,2009-02-12,087735695612,0,UFöU,Deputerad,"",2009-03-12,3567
39268,uppdrag,Arbetsmarknadsutskottet,2013-02-22,0772402807013,25,AU,Suppleant,"",2014-09-29,39236
29378,uppdrag,Kulturutskottet,2020-03-18,0878075468027,167,KrU,Suppleant,"",2022-09-26,29356
53943,uppdrag,Sammansatta utrikes- och försvarsutskottet,2022-10-20,0227531635413,7,UFöU,Suppleant,"",2022-12-21,53912
22121,uppdrag,Socialförsäkringsutskottet,2010-10-12,0721657655513,7,SfU,Ledamot,"",2014-09-29,22112
49208,uppdrag,Finansutskottet,2022-10-04,0482689573825,6,FiU,Ledamot,"",2025-10-01,49195
29602,uppdrag,Utbildningsutskottet,2022-01-28,0980316377627,2,UbU,Ledamot,"",2022-02-01,29582
53764,uppdrag,Utrikesutskottet,2020-04-08,0847676507229,0,UU,Extra suppleant,"",2020-09-03,53743
6836,kammaruppdrag,"",1988-10-03,0539819850007,71,kam,Riksdagsledamot,Tjänstgörande,1991-09-30,6835
25337,Riksdagsorgan,Riksbanksfullmäktige,2014-10-23,046426524512,6,RB,Suppleant,"",2017-01-11,25330
11291,kammaruppdrag,"",1988-10-03,0736538502404,192,kam,Riksdagsledamot,Tjänstgörande,1990-03-18,11285
31902,uppdrag,Utbildningsutskottet,2020-03-18,042413114103,252,UbU,Suppleant,"",2022-09-26,31888
49647,uppdrag,Kulturutskottet,2018-10-02,0427321850912,6,KrU,Ledamot,"",2022-09-26,49639
21585,Riksdagsorgan,Nordiska rådets svenska delegation,2013-09-17,0133767709317,8,NR,Suppleant,"",2014-09-29,21567
15411,uppdrag,Utrikesutskottet,1991-09-30,0241621108903,0,UU,Suppleant,"",1994-10-02,15395
29074,uppdrag,Skatteutskottet,2020-03-18,0590042760718,46,SkU,Suppleant,"",2022-09-26,29060
40261,uppdrag,EU-nämnden,2018-10-02,0474290584024,13,EUN,Suppleant,"",2022-10-04,40229
16590,kammaruppdrag,"",1976-10-04,0626592467409,0,kam,Riksdagsledamot,Tjänstgörande,1979-10-01,16586
51420,uppdrag,Sammansatta utrikes- och försvarsutskottet,2025-03-13,0667220767927,6,UFöU,Suppleant,"",2025-03-20,51383
20760,kammaruppdrag,"",1986-10-07,0557059020608,0,kam,Riksdagsledamot,Tjänstgörande,1988-10-03,20757
28062,Riksdagsorgan,Nordiska rådets svenska delegation,2017-09-28,0916608741910,12,NR,Ledamot,"",2018-09-24,28049
40437,Riksdagsorgan,Riksdagens delegation till Europarådets parlamentariska församling,2024-08-29,0985943148917,1,ER,Suppleant,"",2026-01-21,40426
11921,kammaruppdrag,"",1985-09-30,0119158487501,0,kam,Riksdagsledamot,Tjänstgörande,1988-10-03,11919
6739,kammaruppdrag,"",1979-10-01,0906359551705,0,kam,Riksdagsledamot,Tjänstgörande,1979-10-31,6726
5983,Riksdagsorgan,Nordiska rådets svenska delegation,1998-10-20,0347247788013,0,NR,Suppleant,"",2002-09-30,5979
19020,uppdrag,Arbetsmarknadsutskottet,2004-03-08,0573273704102,0,AU,Suppleant,"",2004-04-14,19000
42024,uppdrag,Finansutskottet,2018-10-02,0718034011110,9,FiU,Ledamot,"",2019-02-13,42000
17208,kammaruppdrag,Hans Hoff 1995-11-16 - 1998-10-05,1995-11-16,0311892218602,184,kam,Riksdagsledamot,Ledig,1998-10-05,17205
26061,uppdrag,EES-utskottet,1992-05-26,0764840691205,0,EU,Suppleant,"",1993-06-04,26045
20298,Riksdagsorgan,Valberedningen,1988-10-03,0555321980101,0,VB,Suppleant,"",1991-09-30,20293
23925,kammaruppdrag,Ylva Johansson,2006-10-02,0348125782828,16,kam,Statsrådsersättare,Ersättare,2006-10-06,23924
53791,uppdrag,Utrikesutskottet,2025-09-11,0831636664429,19,UU,Ordförande,"",2026-01-31,53780
29358,kammaruppdrag,"",2018-09-24,0878075468027,92,kam,Riksdagsledamot,Tjänstgörande,2021-10-20,29356
44369,kammaruppdrag,"",1994-10-03,0919710128803,164,kam,Riksdagsledamot,Tjänstgörande,1998-10-05,44367
47959,Riksdagsorgan,Riksdagens överklagandenämnd,2018-10-09,0108109641223,4,ÖN,Suppleant,"",2022-10-11,47911
20224,uppdrag,Kulturutskottet,2010-10-26,0395416536118,20,KrU,Suppleant,"",2014-09-29,20217
22745,uppdrag,"Sammansatta utrikes-, miljö- och jordbruksutskottet",2003-02-18,0784309503313,0,UMJU,Deputerad,"",2003-05-21,22723
35742,uppdrag,Konstitutionsutskottet,2020-03-18,0956595590924,37,KU,Suppleant,"",2020-09-03,35711
51333,kammaruppdrag,Jan Björklund,2009-03-02,0800956862429,244,kam,Statsrådsersättare,Ersättare,2009-09-02,51326
44310,uppdrag,Utbildningsutskottet,2022-10-04,069534526423,13,UbU,Suppleant,"",2022-11-09,44303
6685,Riksdagsorgan,Systembolaget AB,2015-03-25,0731809135516,2,Systembolaget,Revisor,"",2016-03-16,6684
21900,Riksdagsorgan,Besvärsnämnden,2002-10-15,0113077554312,0,BN,Suppleant,"",2003-07-01,21877
47253,kammaruppdrag,"",2006-10-02,0729710260118,326,kam,Riksdagsledamot,Tjänstgörande,2010-10-04,47248
24253,uppdrag,Skatteutskottet,2014-10-07,0695090885212,7,SkU,Suppleant,"",2015-12-10,24245
1140,uppdrag,Miljö- och jordbruksutskottet,1994-10-11,0960030082916,0,MJU,Ledamot,"",1998-10-04,1126
4620,kammaruppdrag,"",1991-09-30,0843906295410,216,kam,Riksdagsledamot,Tjänstgörande,1994-10-03,4618
7802,uppdrag,Näringsutskottet,2010-10-12,0291542732518,6,NU,Suppleant,"",2014-09-29,7795
46150,uppdrag,Arbetsmarknadsutskottet,2013-02-13,014386615025,0,AU,Extra suppleant,"",2013-04-30,46114
7582,kammaruppdrag,Matilda Ernkrans,2006-10-02,0129061253610,304,kam,Ersättare,Ersättare,2006-10-06,7581
43419,uppdrag,Finansutskottet,2014-10-14,0246927519019,22,FiU,Suppleant,"",2018-09-24,43394
49883,uppdrag,Sammansatta utrikes- och försvarsutskottet,2024-05-23,0980092192122,9,UFöU,Suppleant,"",2024-06-18,49829
53434,uppdrag,Trafikutskottet,2020-03-18,0338088431726,296,TU,Suppleant,"",2022-09-26,53409
5062,uppdrag,EU-nämnden,2000-03-15,0891897903314,0,EUN,Suppleant,"",2002-10-08,5052
48023,uppdrag,Försvarsutskottet,2020-05-04,0992420223820,17,FöU,Suppleant,"",2020-09-03,47992
28431,uppdrag,Utbildningsutskottet,2020-03-18,0116759114313,104,UbU,Suppleant,"",2022-09-26,28414
12010,uppdrag,Arbetsmarknadsutskottet,1991-04-19,0112898942202,0,AU,Suppleant,"",1991-06-02,12008
43463,uppdrag,Sammansatta utrikes- och försvarsutskottet,2025-03-13,068822158616,17,UFöU,Suppleant,"",2025-03-20,43459
7288,uppdrag,Kulturutskottet,2010-10-19,0970400972210,19,KrU,Suppleant,"",2014-09-29,7282
1105075,partiuppdrag,Sverigedemokraterna,2026-06-08,0202577142527,0,SD,Förste vice gruppledare,"",,50520
14672,uppdrag,Miljö- och jordbruksutskottet,1989-10-04,0126791491904,0,MJU,Suppleant,"",1991-09-29,14667
6289,kammaruppdrag,"",1998-10-05,0338278373318,265,kam,Riksdagsledamot,Tjänstgörande,2002-09-30,6286
1557,Riksdagsorgan,Riksrevisionens styrelse,2003-03-12,0699354970600,0,RRS,Ledamot,"",2006-10-16,1544
15840,kammaruppdrag,"",2002-09-30,0166402877505,7,kam,Riksdagsledamot,Tjänstgörande,2006-10-02,15839
21243,Riksdagsorgan,Nordiska rådets svenska delegation,2012-10-04,0641486384014,17,NR,Ledamot,"",2013-09-16,21214
306,Departement,Statsrådsberedningen,1991-10-04,0622185335615,0,SB,Statsminister,"",1994-10-07,272
51905,uppdrag,Näringsutskottet,2014-10-07,0825441263617,15,NU,Ledamot,"",2018-09-24,51882
18174,uppdrag,Socialutskottet,1995-01-26,017523200206,0,SoU,Suppleant,"",1998-10-04,18171
26345,Europaparlamentet,Europaparlamentet,2004-07-20,0656432673917,11,EP,Ledamot,"",2009-07-14,26343
8901,kammaruppdrag,"",2010-04-06,0811968273221,134,kam,Riksdagsledamot,Tjänstgörande,2010-10-04,8900
14197,uppdrag,Kulturutskottet,1994-10-12,0794602231002,0,KrU,Ordförande,"",1998-10-04,14180
24753,uppdrag,Sammansatta utrikes- och försvarsutskottet,2011-11-24,0236051814311,16,UFöU,Deputerad,"",2011-12-14,24735
4967,kammaruppdrag,Jörgen Johansson,2010-06-08,0191316991613,235,kam,Ersättare,Ersättare,2010-06-13,4965
50935,uppdrag,Sammansatta utrikes- och försvarsutskottet,2012-11-27,0973782197017,15,UFöU,Deputerad,"",2012-12-19,50869
13607,uppdrag,Miljö- och jordbruksutskottet,1992-11-10,0683260207407,0,MJU,Suppleant,"",1994-10-02,13592
47097,uppdrag,EU-nämnden,2019-07-02,066036027425,27,EUN,Suppleant,"",2022-10-04,47074
23095,Riksdagsorgan,Riksdagsstyrelsen,2008-03-28,0618560932311,2,RS,Ersättare,"",2010-10-05,23071
41054,kammaruppdrag,"",2014-09-29,0316505710324,302,kam,Riksdagsledamot,Tjänstgörande,2018-09-24,41043
51851,uppdrag,Utrikesutskottet,2020-11-13,0411459873625,221,UU,Suppleant,"",2020-11-12,51826
7453,uppdrag,Sammansatta utrikes- och försvarsutskottet,1995-10-26,0838210948212,0,UFöU,Deputerad,"",1995-12-06,7437
46292,uppdrag,Socialutskottet,2017-03-23,0128805841317,4,SoU,Ledamot,"",2018-09-24,46269
1110237,Riksdagsorgan,Valprövningsnämnden,2026-06-11,046662221815,5,VPN,Ledamot,"",2027-03-23,1110236
29650,kammaruppdrag,"",2017-08-02,012576033427,277,kam,Riksdagsledamot,Tjänstgörande,2018-04-15,29644
51957,uppdrag,Arbetsmarknadsutskottet,2020-03-20,0452755722723,274,AU,Suppleant,"",2022-09-26,51945
43971,partiuppdrag,Miljöpartiet de gröna,2022-05-19,0744139167426,0,MP,Gruppledare,"",2022-11-07,43967
43753,uppdrag,Civilutskottet,2022-10-04,02658325625,5,CU,Ledamot,"",2023-09-20,43744
7597,uppdrag,Sammansatta justitie- och socialutskottet,2006-02-21,0874331493311,0,JuSoU,Deputerad,"",2006-04-26,7585
20203,kammaruppdrag,"",1996-10-16,013162757105,226,kam,Riksdagsledamot,Tjänstgörande,1998-10-05,20200
44976,Riksdagsorgan,Riksdagsstyrelsen,2018-10-02,0638497389621,5,RS,Ersättare,"",2022-10-02,44927
30462,uppdrag,Socialförsäkringsutskottet,2018-10-02,0521844714515,8,SfU,Suppleant,"",2021-10-22,30447
3790,uppdrag,Trafikutskottet,1995-01-16,058426570914,0,TU,Suppleant,"",1995-10-09,3773
45858,Riksdagsorgan,Utrikesnämnden,2018-10-02,0199751900210,3,UN,Ledamot,"",2018-10-09,45818
43112,uppdrag,Sammansatta utrikes- och försvarsutskottet,2020-11-10,0926214745119,20,UFöU,Suppleant,"",2020-12-15,43085
11135,uppdrag,Utbildningsutskottet,1988-11-11,0740487617408,0,UbU,Suppleant,"",1989-04-04,11125
23384,Riksdagsorgan,Ledamotsrådet,2014-10-15,0925652297119,3,LR,Suppleant,"",2018-10-10,23356
7007,Riksdagsorgan,Nordiska rådets svenska delegation,2001-03-08,0464639640213,0,NR,Ledamot,"",2002-09-30,6994
40263,Riksdagsorgan,Riksdagens delegation till Europarådets parlamentariska församling,2022-11-01,0474290584024,4,ER,Ledamot,"",2026-10-20,40229
50105,uppdrag,EU-nämnden,2022-10-04,0256716955026,8,EUN,Suppleant,"",2026-09-28,50075
23433,uppdrag,Sammansatta utrikes- och försvarsutskottet,2006-10-10,0910241260018,0,UFöU,Deputerad,"",2006-10-13,23392
2535,uppdrag,Arbetsmarknadsutskottet,1994-10-11,0698785853314,0,AU,Suppleant,"",1995-10-10,2524
2752,kammaruppdrag,Mariam Osman Sherifay 2003-02-18 - 2003-08-25,2003-02-18,0348584595917,50,kam,Riksdagsledamot,Ledig,2003-08-25,2746
29490,uppdrag,Socialutskottet,2020-03-18,0843345349823,55,SoU,Suppleant,"",2022-09-26,29471
52798,uppdrag,Socialutskottet,2020-03-18,0105632258713,91,SoU,Suppleant,"",2022-09-26,52779
28353,uppdrag,Justitieutskottet,2020-03-18,0415959965211,241,JuU,Suppleant,"",2022-05-05,28341
52640,uppdrag,Utbildningsutskottet,2020-03-18,0607691439013,49,UbU,Suppleant,"",2022-09-26,52613
47476,uppdrag,Arbetsmarknadsutskottet,2020-03-18,0665485817222,105,AU,Suppleant,"",2021-09-17,47445
44527,partiuppdrag,Miljöpartiet de gröna,2020-07-15,0819601620927,0,MP,Gruppledare,"",2022-05-18,44523
28367,uppdrag,Socialutskottet,2010-10-26,0415959965211,23,SoU,Suppleant,"",2014-09-29,28341
29324,Riksdagsorgan,Nordiska rådets svenska delegation,2013-09-17,0893004490313,3,NR,Suppleant,"",2014-09-29,29266
27586,Riksdagsorgan,Riksbanksfullmäktige,2014-03-01,0526693079901,9,RB,Suppleant,"",2014-10-14,27568
2562,uppdrag,Finansutskottet,1998-10-13,0766285636614,0,FiU,Suppleant,"",2000-09-19,2552
50737,uppdrag,Sammansatta utrikes- och försvarsutskottet,2022-10-20,0879782396219,8,UFöU,Deputerad,"",2022-12-21,50699
27004,uppdrag,EES-utskottet,1992-05-26,0708639889502,0,EU,Ledamot,"",1993-06-04,26981
8200,uppdrag,Bostadsutskottet,1985-09-30,0274710563201,0,BoU,Suppleant,"",1987-10-06,8164
24522,Riksdagsorgan,Nordiska rådets svenska delegation,2017-02-16,0604459858621,1,NR,Suppleant,"",2017-09-28,24483
24794,kammaruppdrag,"",2010-10-04,0139948283718,156,kam,Riksdagsledamot,Tjänstgörande,2014-09-29,24791
15115,uppdrag,Trafikutskottet,1985-09-30,0332721987700,0,TU,Suppleant,"",1988-10-02,15100
3095,uppdrag,Socialutskottet,1998-10-13,0870805820217,0,SoU,Suppleant,"",2002-09-30,3086
44375,uppdrag,Kulturutskottet,1991-10-08,0919710128803,0,KrU,Suppleant,"",1994-10-02,44367
20260,uppdrag,Försvarsutskottet,1988-10-11,0699478732904,0,FöU,Ledamot,"",1991-09-29,20250
23180,uppdrag,Justitieutskottet,2014-10-07,0889860537413,4,JuU,Ledamot,"",2018-09-24,23175
1392,kammaruppdrag,Anders Borg 1994-10-03 - 1994-10-07,1994-10-03,0104804820009,89,kam,Riksdagsledamot,Ledig,1994-10-07,1388
38715,uppdrag,Trafikutskottet,2020-03-18,0475778011711,161,TU,Suppleant,"",2022-09-26,38695
14541,uppdrag,Finansutskottet,1985-09-30,0729731578904,0,FiU,Ledamot,"",1988-10-02,14526
33670,kammaruppdrag,"",1979-10-01,0859925892507,0,kam,Riksdagsledamot,Tjänstgörande,1979-11-15,33651
41650,uppdrag,Konstitutionsutskottet,2017-09-11,025877594729,0,KU,Extra suppleant,"",2017-12-31,41628
30213,uppdrag,Konstitutionsutskottet,2020-03-18,066769783310,71,KU,Suppleant,"",2020-09-03,30195
53893,uppdrag,Sammansatta utrikes- och försvarsutskottet,2024-11-05,0742883909221,3,UFöU,Suppleant,"",2024-12-12,53868
18938,uppdrag,Bostadsutskottet,1994-10-11,0117613859601,0,BoU,Ledamot,"",1998-10-04,18927
49789,Riksdagsorgan,Nordiska rådets svenska delegation,2020-10-14,0502688311316,1,NR,Suppleant,"",2021-10-13,49753
29511,uppdrag,Sammansatta utrikes- och försvarsutskottet,2010-11-23,0843345349823,7,UFöU,Suppleant,"",2010-12-15,29471
16750,kammaruppdrag,"",1996-10-01,013322783509,59,kam,Riksdagsledamot,Tjänstgörande,1998-10-05,16748
14591,kammaruppdrag,Pierre Schori,1999-02-02,0899701619804,7,kam,Ersättare,Ersättare,1999-06-14,14587
19427,Riksdagsorgan,Valberedningen,1991-01-01,0692993567203,0,VB,Suppleant,"",1991-09-30,19397
38144,uppdrag,Lagutskottet,1998-10-13,0489462966700,0,LU,Ordförande,"",2002-09-30,38139
38366,uppdrag,Trafikutskottet,2023-09-12,0371013828421,0,TU,Extra suppleant,"",2023-10-02,38356
23113,kammaruppdrag,"",2010-10-04,0176437434123,190,kam,Riksdagsledamot,Tjänstgörande,2014-09-29,23107
22151,uppdrag,Försvarsutskottet,2014-10-07,0529103571012,11,FöU,Ledamot,"",2015-01-28,22142
35727,kammaruppdrag,"",2002-09-30,0956595590924,154,kam,Riksdagsledamot,Tjänstgörande,2006-10-02,35711
27084,uppdrag,Utbildningsutskottet,1994-12-15,0161018662505,0,UbU,Suppleant,"",1998-10-04,27077
15634,kammaruppdrag,"Carl Tham 1979-10-12 - 1980-08-31, Hadar Cars 1980-09-01 - 1982-10-04",1979-10-12,0841802782704,0,kam,Riksdagsledamot,Ledig,1982-10-04,15623
3828,uppdrag,Utbildningsutskottet,1985-09-30,0272316208815,0,UbU,Ledamot,"",1988-10-02,3814
28600,uppdrag,Konstitutionsutskottet,2020-03-18,0460690753617,207,KU,Suppleant,"",2020-09-03,28581
9429,uppdrag,Arbetsmarknadsutskottet,2010-11-26,0627371646324,25,AU,Suppleant,"",2011-09-29,9427
46390,kammaruppdrag,"",2014-09-29,0554852839719,162,kam,Riksdagsledamot,Tjänstgörande,2018-09-24,46387
15895,uppdrag,Konstitutionsutskottet,2008-11-13,0133282248705,8,KU,Suppleant,"",2010-10-04,15889
24607,Riksdagsorgan,Krigsdelegationen,2015-10-20,0483837558914,37,KD,Ledamot,"",2018-09-24,24582
51746,uppdrag,Socialförsäkringsutskottet,2020-03-18,0802546764724,223,SfU,Suppleant,"",2022-09-26,51728
4334,kammaruppdrag,Per Unckel,1983-11-18,0993103818993,0,kam,Ersättare,Ersättare,1983-12-20,4333
22974,uppdrag,Sammansatta utrikes- och försvarsutskottet,2002-05-31,0110600080618,0,UFöU,Deputerad,"",2002-06-12,22946
2682,uppdrag,Sammansatta utrikes- och försvarsutskottet,2005-11-22,0992604658114,0,UFöU,Deputerad,"",2005-12-07,2669
13254,uppdrag,Lagutskottet,1985-09-30,0719430958705,0,LU,Ledamot,"",1988-10-02,13228
6866,Riksdagsorgan,Riksdagens delegation till Europarådets parlamentariska församling,1998-12-02,0548089226618,0,ER,Suppleant,"",2002-02-01,6849
5384,kammaruppdrag,Carl Bildt,1991-10-05,0351867771418,12,kam,Ersättare,Ersättare,1994-10-03,5382
5917,Riksdagsorgan,Krigsdelegationen,1994-10-18,0512357753412,0,KD,Ledamot,"",1998-10-05,5885
21687,Riksdagsorgan,Utrikesnämnden,2004-11-25,0482927154110,0,UN,Ledamot,"",2006-10-10,21661
22159,uppdrag,Sammansatta utrikes- och försvarsutskottet,2019-11-14,0529103571012,9,UFöU,Deputerad,"",2019-12-17,22142
11294,uppdrag,Utrikesutskottet,1991-10-08,0736538502404,0,UU,Ledamot,"",1993-10-05,11285
5713,uppdrag,Justitieutskottet,1994-10-11,069787178810,0,JuU,Suppleant,"",1998-10-04,5708
28052,kammaruppdrag,"",2010-10-04,0916608741910,91,kam,Riksdagsledamot,Tjänstgörande,2014-09-29,28049
15375,uppdrag,Försvarsutskottet,2009-02-09,0846171262302,16,FöU,Ledamot,"",2010-10-04,15367
39052,uppdrag,Socialutskottet,2020-03-18,0880018341619,297,SoU,Suppleant,"",2022-09-26,39037
28535,uppdrag,Utrikesutskottet,2019-11-15,0541320528015,21,UU,Suppleant,"",2022-09-26,28513
45210,Riksdagsorgan,Riksdagsstyrelsen,2023-04-27,0406831930624,5,RS,Ledamot,"",2026-10-06,45185
44937,kammaruppdrag,"",2013-09-25,0638497389621,331,kam,Riksdagsledamot,Tjänstgörande,2014-09-29,44927
43277,uppdrag,Näringsutskottet,2022-10-04,0710595759638,2,NU,Suppleant,"",2026-09-28,43274
11854,uppdrag,Konstitutionsutskottet,1994-10-11,0145888252000,0,KU,Suppleant,"",1995-01-18,11831
28195,Riksdagsorgan,Valberedningen,2014-09-29,0677738818613,5,VB,Suppleant,"",2018-09-24,28163
41178,uppdrag,Konstitutionsutskottet,2020-03-18,0194498232620,210,KU,Suppleant,"",2020-09-03,41155
33044,uppdrag,Socialutskottet,2020-03-18,0516528386117,202,SoU,Suppleant,"",2022-09-26,33025
9995,kammaruppdrag,Carl Bildt,1979-11-05,0658894113791,0,kam,Ersättare,Ersättare,1980-10-06,9989
44402,uppdrag,Civilutskottet,2020-03-18,0315499690028,214,CU,Suppleant,"",2022-09-26,44388
8635,kammaruppdrag,"",2006-10-02,0123545007825,314,kam,Riksdagsledamot,Tjänstgörande,2006-10-03,8634
1797,Riksdagsorgan,Valberedningen,1998-12-01,0903751303011,0,VB,Suppleant,"",2006-10-02,1780
5236,Riksdagsorgan,Styrelsen för Stiftelsen Riksbankens Jubileumsfond,2002-11-01,0115057914316,0,RJ,Ledamot,"",2004-11-01,5213
29314,Riksdagsorgan,Nordiska rådets svenska delegation,2017-09-28,0893004490313,4,NR,Suppleant,"",2018-10-09,29266
13146,uppdrag,Arbetsmarknadsutskottet,1988-04-15,0303930476905,0,AU,Suppleant,"",1988-10-02,13133
23326,uppdrag,Näringsutskottet,2014-10-07,0925451929216,16,NU,Ledamot,"",2018-09-24,23323
41508,uppdrag,Utbildningsutskottet,2020-03-18,0494054455310,261,UbU,Suppleant,"",2022-09-26,41490
4092,uppdrag,Justitieutskottet,2002-10-08,0381231495405,0,JuU,Ledamot,"",2006-10-02,4090
45674,uppdrag,Kulturutskottet,2022-10-04,0333193598116,1,KrU,Ledamot,"",2023-02-08,45667
21307,uppdrag,Kulturutskottet,2012-02-24,0125056691517,15,KrU,Ledamot,"",2014-09-29,21295
15277,kammaruppdrag,"",1985-09-30,0522191574902,0,kam,Riksdagsledamot,Tjänstgörande,1988-10-03,15271
47691,uppdrag,Skatteutskottet,2020-03-18,0642224351118,60,SkU,Suppleant,"",2022-09-26,47671
49386,Riksdagsorgan,Valberedningen,2017-09-13,0744993950910,1,VB,Ordförande,"",2018-09-24,49329
43951,kammaruppdrag,"",2025-04-15,0440225263920,218,kam,Riksdagsledamot,Tjänstgörande,2026-09-28,43950
49934,uppdrag,Socialförsäkringsutskottet,2018-10-02,0648224557612,11,SfU,Suppleant,"",2022-09-26,49921
15628,kammaruppdrag,"",1988-10-03,0841802782704,18,kam,Riksdagsledamot,Tjänstgörande,1991-09-30,15623
21863,Riksdagsorgan,Riksdagens delegation till OSSE:s parlamentariska församling,2010-10-19,043972220518,6,OSSE,Suppleant,"",2014-10-14,21830
42715,uppdrag,Socialförsäkringsutskottet,2022-10-04,0783069490115,8,SfU,Suppleant,"",2026-09-28,42711
18298,kammaruppdrag,"",2006-04-18,0380453403808,96,kam,Riksdagsledamot,Tjänstgörande,2006-10-02,18297
49769,uppdrag,Näringsutskottet,2020-03-18,0502688311316,138,NU,Suppleant,"",2022-09-26,49753
17947,uppdrag,Försvarsutskottet,1998-10-13,0107123682905,0,FöU,Suppleant,"",2001-11-22,17938
2052,uppdrag,Socialförsäkringsutskottet,2002-10-08,0262124593702,0,SfU,Suppleant,"",2006-10-02,2040
3568,kammaruppdrag,"",2010-10-04,087735695612,123,kam,Riksdagsledamot,Tjänstgörande,2014-09-29,3567
29151,uppdrag,Konstitutionsutskottet,2020-03-18,010343930918,81,KU,Suppleant,"",2020-09-03,29133
1689,uppdrag,Utrikesutskottet,2003-03-19,0236004923301,0,UU,Suppleant,"",2004-04-26,1680
46838,uppdrag,Kulturutskottet,2020-03-18,0472349361027,182,KrU,Suppleant,"",2022-09-26,46818
40882,uppdrag,Näringsutskottet,2020-03-18,0442629549320,135,NU,Suppleant,"",2022-09-26,40867
51418,uppdrag,Skatteutskottet,2014-10-07,0667220767927,1,SkU,Suppleant,"",2018-09-24,51383
14496,kammaruppdrag,"",1991-09-30,0688961392304,68,kam,Riksdagsledamot,Tjänstgörande,1994-10-03,14494
48356,uppdrag,Arbetsmarknadsutskottet,2014-10-14,0542160909628,24,AU,Suppleant,"",2016-01-20,48325
42051,Riksdagsorgan,Riksdagens överklagandenämnd,2014-10-14,0718034011110,2,ÖN,Ledamot,"",2018-10-09,42000
11288,kammaruppdrag,"",1991-09-30,0736538502404,189,kam,Riksdagsledamot,Tjänstgörande,1993-10-05,11285
29696,kammaruppdrag,"",2014-04-11,0844246115721,249,kam,Riksdagsledamot,Tjänstgörande,2014-09-29,29695
20596,uppdrag,Trafikutskottet,2004-04-29,0161597857912,0,TU,Suppleant,"",2006-10-02,20563
49844,uppdrag,Finansutskottet,2023-10-06,0980092192122,15,FiU,Suppleant,"",2026-02-16,49829
38262,uppdrag,Socialförsäkringsutskottet,2019-04-02,0363228965800,14,SfU,Ledamot,"",2019-10-25,38238
5358,uppdrag,Skatteutskottet,2006-03-09,0694077681517,0,SkU,Suppleant,"",2006-10-02,5354
18833,Departement,Integrations- och jämställdhetsdepartementet,2010-10-06,0802373156815,12,IJ,Statsråd,"",2010-12-31,18830
38719,uppdrag,Konstitutionsutskottet,2018-10-02,0475778011711,1,KU,Ordförande,"",2019-02-26,38695
49257,uppdrag,Trafikutskottet,2020-03-18,0999976269027,303,TU,Suppleant,"",2022-09-26,49232
52238,uppdrag,Skatteutskottet,2020-03-18,0296384583518,220,SkU,Suppleant,"",2022-09-26,52221
53747,kammaruppdrag,Johan Linander,2005-10-17,0847676507229,0,kam,Ersättare,Ersättare,2005-12-23,53743
7221,uppdrag,Miljö- och jordbruksutskottet,1991-09-30,0982209946601,0,MJU,Ledamot,"",1994-10-02,7208
51009,uppdrag,Försvarsutskottet,2023-06-26,028954589415,11,FöU,Suppleant,"",2026-09-28,51005
24159,Riksdagsorgan,Riksdagens delegation till Europarådets parlamentariska församling,2014-11-01,0750727320521,1,ER,Ledamot,"",2014-11-05,24147
35765,Riksdagsorgan,Riksdagens delegation till Europarådets parlamentariska församling,2015-12-10,0956595590924,2,ER,Vice ordförande,"",2017-11-17,35711
13902,Riksdagsorgan,Nordiska rådets svenska delegation,2002-10-15,0739780276601,0,NR,Suppleant,"",2004-04-29,13882
44836,kammaruppdrag,"",2018-09-24,051207517226,253,kam,Riksdagsledamot,Tjänstgörande,2022-09-26,44833
49854,Riksdagsorgan,Nordiska rådets svenska delegation,2023-01-26,0720250789315,10,NR,Suppleant,"",2023-10-19,49818
44579,Riksdagsorgan,Riksdagsstyrelsen,2022-10-04,0819601620927,10,RS,Ersättare,"",2022-11-08,44523
13988,Riksdagsorgan,EES-EFTA delegationen,1994-10-12,0245320188502,0,EES,Vice ordförande,"",1994-12-31,13944
45203,uppdrag,Utbildningsutskottet,2020-03-18,0406831930624,266,UbU,Suppleant,"",2022-09-26,45185
52637,uppdrag,Skatteutskottet,2020-03-18,0607691439013,47,SkU,Suppleant,"",2022-09-26,52613
5568,Riksdagsorgan,Utrikesnämnden,2002-10-08,0356767744510,0,UN,Suppleant,"",2006-10-10,5557
21996,Riksdagsorgan,Valberedningen,2014-09-29,0376867803913,1,VB,Suppleant,"",2018-09-24,21980
43089,uppdrag,Försvarsutskottet,2025-03-26,0926214745119,30,FöU,Suppleant,"",2026-09-28,43085
17702,kammaruppdrag,"",2002-09-30,019623784404,262,kam,Riksdagsledamot,Tjänstgörande,2006-10-02,17701
22168,uppdrag,Sammansatta utrikes- och försvarsutskottet,2015-04-14,0529103571012,2,UFöU,Suppleant,"",2015-06-16,22142
12384,kammaruppdrag,"",1982-10-04,0177639310807,0,kam,Riksdagsledamot,Tjänstgörande,1985-09-30,12379
15690,uppdrag,Socialutskottet,1998-10-13,0395042560705,0,SoU,Ledamot,"",2002-09-30,15684
19084,Riksdagsorgan,EG-delegationen,1993-01-21,0782713019602,0,EG,Ledamot,"",1994-10-03,19082
45717,Departement,Infrastrukturdepartementet,2019-09-10,0284192765516,16,I,Infrastrukturminister,"",2019-10-01,45710
22586,Riksdagsorgan,Krigsdelegationen,2010-10-19,0584659199514,15,KD,Ledamot,"",2014-10-14,22565
45258,uppdrag,Sammansatta utrikes- och försvarsutskottet,2018-11-15,065105536026,3,UFöU,Vice ordförande,"",2018-12-05,45224
17998,Riksdagsorgan,Nordiska rådets svenska delegation,2002-10-15,0193303720505,0,NR,Vice ordförande,"",2006-10-02,17967
3234,uppdrag,Utbildningsutskottet,1991-09-30,079095006519,0,UbU,Suppleant,"",1992-02-12,3219
7442,uppdrag,Försvarsutskottet,1994-10-11,0838210948212,0,FöU,Ledamot,"",1998-10-04,7437
51843,uppdrag,Socialförsäkringsutskottet,2020-03-18,0411459873625,227,SfU,Suppleant,"",2022-09-26,51826
45524,kammaruppdrag,Kalle Olsson,2023-01-15,0599661454115,239,kam,Ersättare,Ersättare,2023-02-24,45521
32105,uppdrag,Socialutskottet,2020-03-18,0952789103522,236,SoU,Suppleant,"",2022-09-26,32094
22577,uppdrag,Näringsutskottet,1998-10-13,0584659199514,0,NU,Ledamot,"",2002-09-30,22565
51864,uppdrag,Sammansatta utrikes- och försvarsutskottet,2019-05-09,0411459873625,8,UFöU,Deputerad,"",2019-06-12,51826
8793,kammaruppdrag,"",2010-02-16,0510486065729,189,kam,Riksdagsledamot,Tjänstgörande,2010-10-04,8792
6382,uppdrag,Sammansatta konstitutions- och utrikesutskottet,2003-02-18,0183788551910,0,KUU,Suppleant,"",2003-11-20,6367
45068,Riksdagsorgan,Riksdagsstyrelsen,2023-04-27,0130789484021,9,RS,Ledamot,"",2026-10-06,45041
27027,uppdrag,Näringsutskottet,1991-09-30,0747552775209,0,NU,Ledamot,"",1992-11-02,27016
49943,Riksdagsorgan,Nordiska rådets svenska delegation,2025-10-15,0648224557612,14,NR,Ledamot,"",2026-10-31,49921
40293,uppdrag,Trafikutskottet,2020-09-23,0466653728712,1,TU,Ledamot,"",2022-09-26,40288
39072,uppdrag,Socialförsäkringsutskottet,2023-09-20,0340418158820,9,SfU,Ledamot,"",2026-09-28,39070
27196,uppdrag,Sammansatta utrikes- och försvarsutskottet,1996-10-21,0738969851001,0,UFöU,Suppleant,"",1996-11-20,27168
49007,kammaruppdrag,"",1982-10-04,0818989495009,0,kam,Riksdagsledamot,Tjänstgörande,1985-09-30,49003
43813,uppdrag,Utbildningsutskottet,2022-10-12,0386912710815,18,UbU,Suppleant,"",2026-09-28,43809
1269,kammaruppdrag,"",1992-07-01,0636794729408,301,kam,Riksdagsledamot,Tjänstgörande,1994-10-03,1264
46794,kammaruppdrag,"",2018-09-24,0425115010020,280,kam,Riksdagsledamot,Tjänstgörande,2020-03-08,46792
3302,uppdrag,Kulturutskottet,1998-10-13,0697255175510,0,KrU,Suppleant,"",2002-02-01,3300
27615,uppdrag,Sammansatta utrikes- och försvarsutskottet,2013-11-26,0352254228107,11,UFöU,Suppleant,"",2013-12-17,27594
29771,uppdrag,Finansutskottet,2020-03-18,0210198640127,80,FiU,Suppleant,"",2022-03-22,29762
43479,uppdrag,Civilutskottet,2020-03-18,0257612529618,179,CU,Suppleant,"",2022-09-26,43468
1605,Riksdagsorgan,Valberedningen,1998-10-05,0928964569700,0,VB,Suppleant,"",2002-09-30,1592
21098,partiuppdrag,Vänsterpartiet,2010-10-05,0995355603410,0,V,Kvittningsperson,"",2014-09-29,21096
21765,kammaruppdrag,"",2014-12-19,0582811195313,220,kam,Riksdagsledamot,Tjänstgörande,2018-09-24,21758
28674,Riksdagsorgan,Valberedningen,2001-03-22,0136310791918,0,VB,Suppleant,"",2002-09-30,28632
26940,kammaruppdrag,"",1982-11-22,0980247880005,0,kam,Riksdagsledamot,Tjänstgörande,1985-09-30,26938
5231,uppdrag,Kulturutskottet,1995-11-10,0115057914316,0,KrU,Suppleant,"",1998-10-04,5213
40538,uppdrag,EU-nämnden,1995-01-19,0447198048312,0,EUN,Suppleant,"",1997-10-20,40511
39571,uppdrag,Utbildningsutskottet,2013-12-09,069436402021,1,UbU,Ordförande,"",2014-09-29,39555
15935,kammaruppdrag,"",2002-09-30,0229002789006,82,kam,Riksdagsledamot,Tjänstgörande,2006-10-02,15931
5100,uppdrag,Konstitutionsutskottet,1994-10-11,0476457225115,0,KU,Ledamot,"",1998-10-04,5088
27622,uppdrag,Sammansatta utrikes- och försvarsutskottet,2011-03-31,0352254228107,11,UFöU,Suppleant,"",2011-04-01,27594
22280,Riksdagsorgan,Riksbanksfullmäktige,2014-10-14,0264838147315,1,RB,Suppleant,"",2018-10-09,22265
29706,uppdrag,Trafikutskottet,2010-10-12,0844246115721,3,TU,Ledamot,"",2014-09-29,29695
16916,uppdrag,Utbildningsutskottet,2006-10-10,0916272051100,0,UbU,Ledamot,"",2006-11-15,16909
31693,uppdrag,Socialförsäkringsutskottet,2020-03-18,0853204119514,196,SfU,Suppleant,"",2022-09-26,31683
49374,uppdrag,Lagutskottet,1995-10-11,0744993950910,0,LU,Suppleant,"",1996-04-17,49329
49881,uppdrag,Sammansatta utrikes- och försvarsutskottet,2025-03-13,0980092192122,9,UFöU,Deputerad,"",2025-03-20,49829
49439,uppdrag,Skatteutskottet,2020-03-18,0852475703226,224,SkU,Suppleant,"",2022-09-26,49425
16350,kammaruppdrag,"",1985-09-30,0806172169007,0,kam,Riksdagsledamot,Tjänstgörande,1988-10-03,16343
31820,uppdrag,Kulturutskottet,2020-03-18,0846730583715,284,KrU,Suppleant,"",2021-02-28,31815
39654,Riksdagsorgan,Utrikesnämnden,2015-02-06,0630824497414,4,UN,Ledamot,"",2017-10-13,39624
30835,uppdrag,Civilutskottet,2018-10-02,0905312407726,15,CU,Suppleant,"",2022-09-26,30831
13253,uppdrag,Lagutskottet,1988-10-11,0719430958705,0,LU,Suppleant,"",1991-09-29,13228
44543,uppdrag,Konstitutionsutskottet,2025-02-10,0819601620927,26,KU,Suppleant,"",2026-09-28,44523
24254,uppdrag,Skatteutskottet,2011-09-30,0695090885212,13,SkU,Ledamot,"",2014-09-29,24245
6122,uppdrag,Sammansatta utrikes- och försvarsutskottet,1999-03-23,0600928907216,0,UFöU,Suppleant,"",1999-09-13,6072
7842,kammaruppdrag,"",2010-10-04,0782242286018,9,kam,Riksdagsledamot,Tjänstgörande,2014-09-29,7841
10516,kammaruppdrag,"",1985-09-30,0627956939404,0,kam,Riksdagsledamot,Tjänstgörande,1988-10-03,10515
20524,kammaruppdrag,"",2006-10-02,0506857137319,134,kam,Riksdagsledamot,Tjänstgörande,2006-11-15,20523
50267,uppdrag,Konstitutionsutskottet,2018-10-02,0619928872229,11,KU,Ledamot,"",2022-09-26,50257
25335,uppdrag,Skatteutskottet,2014-10-07,046426524512,6,SkU,Suppleant,"",2016-10-20,25330
22977,uppdrag,Sammansatta utrikes- och försvarsutskottet,1995-10-26,0110600080618,0,UFöU,Suppleant,"",1995-12-06,22946
47481,uppdrag,Trafikutskottet,2014-10-07,0665485817222,9,TU,Suppleant,"",2015-09-24,47445
42147,uppdrag,Socialutskottet,2011-04-13,0559925283228,2,SoU,Suppleant,"",2012-09-27,42119
13983,Riksdagsorgan,Utrikesnämnden,1986-10-07,0245320188502,0,UN,Ledamot,"",1994-10-03,13944
7565,uppdrag,Justitieutskottet,2004-11-18,0775091111217,0,JuU,Ledamot,"",2004-11-24,7560
41187,uppdrag,Försvarsutskottet,2010-10-12,0194498232620,2,FöU,Suppleant,"",2012-03-22,41155
4763,uppdrag,Socialutskottet,1996-09-24,0906336297511,0,SoU,Suppleant,"",1997-09-23,4745
2261,uppdrag,Sammansatta utrikes- och försvarsutskottet,1996-10-21,0370034713503,0,UFöU,Deputerad,"",1996-11-20,2253
3761,kammaruppdrag,"",2010-10-04,0888126424314,260,kam,Riksdagsledamot,Tjänstgörande,2012-10-03,3758
2429,uppdrag,Socialförsäkringsutskottet,1989-10-04,0479355987014,0,SfU,Ledamot,"",1990-10-03,2412
13963,uppdrag,Finansutskottet,1998-10-13,0245320188502,0,FiU,Ledamot,"",1999-09-23,13944
46297,uppdrag,Justitieutskottet,2006-10-10,0128805841317,3,JuU,Suppleant,"",2010-10-04,46269
31517,uppdrag,Näringsutskottet,1985-09-30,0247000811207,0,NU,Ledamot,"",1988-10-02,31505
17955,uppdrag,Sammansatta utrikes- och försvarsutskottet,2002-12-03,0107123682905,0,UFöU,Suppleant,"",2002-12-18,17938
50758,uppdrag,Sammansatta utrikes- och försvarsutskottet,2011-09-20,0879782396219,8,UFöU,Suppleant,"",2011-09-21,50699
47555,uppdrag,Konstitutionsutskottet,2025-02-19,0694917698222,1,KU,Ledamot,"",2026-06-03,47551
25608,uppdrag,Civilutskottet,2022-10-04,0875394246527,15,CU,Ledamot,"",2022-10-12,25606
53100,uppdrag,Socialutskottet,2022-10-04,0229760896014,14,SoU,Ledamot,"",2023-08-31,53090
17149,Riksdagsorgan,Fullmäktige i riksgäldskontoret,1988-10-18,0201502585302,0,RGK,Ledamot,"",1989-06-30,17131
32586,uppdrag,Försvarsutskottet,2020-03-20,0955748436811,315,FöU,Suppleant,"",2020-09-03,32569
49220,uppdrag,EU-nämnden,2017-10-18,0482689573825,3,EUN,Ledamot,"",2018-10-02,49195
24416,uppdrag,Näringsutskottet,2020-03-18,0228167770927,107,NU,Suppleant,"",2021-10-21,24399
53118,uppdrag,Socialutskottet,2012-09-19,0229760896014,11,SoU,Ordförande,"",2014-09-29,53090
46430,uppdrag,Civilutskottet,2020-03-18,0313390540217,168,CU,Suppleant,"",2022-09-26,46421
48582,uppdrag,Utrikesutskottet,2022-10-12,023767922422,27,UU,Suppleant,"",2022-10-18,48563
4685,kammaruppdrag,"",2012-04-01,0641996868011,184,kam,Riksdagsledamot,Tjänstgörande,2012-11-13,4682
30592,uppdrag,Justitieutskottet,2010-10-12,0781357446917,6,JuU,Suppleant,"",2010-10-20,30577
20011,uppdrag,Finansutskottet,1994-10-21,0500493436208,0,FiU,Suppleant,"",1995-01-18,20004
52816,Riksdagsorgan,Riksdagens styrgrupp för det bilaterala demokratifrämjande samarbetet,2025-11-18,0105632258713,5,DEM,Ledamot,"",2026-10-27,52779
7968,uppdrag,Socialförsäkringsutskottet,2006-10-10,0797642182211,10,SfU,Suppleant,"",2006-11-30,7964
20405,kammaruppdrag,"",2014-09-29,0269067253614,217,kam,Riksdagsledamot,Tjänstgörande,2018-09-24,20403
41347,kammaruppdrag,"",2014-09-29,0911280492610,181,kam,Riksdagsledamot,Tjänstgörande,2014-09-29,41346
22805,Riksdagsorgan,Nordiska rådets svenska delegation,2014-10-07,0752691002718,3,NR,Ledamot,"",2015-10-01,22753
44578,Riksdagsorgan,Riksdagsstyrelsen,2022-11-08,0819601620927,10,RS,Ledamot,"",2023-09-03,44523
4572,kammaruppdrag,"",2002-09-30,0792716417210,220,kam,Riksdagsledamot,Tjänstgörande,2006-10-02,4571
46256,Riksdagsorgan,Riksdagens överklagandenämnd,2022-10-11,010643534813,1,ÖN,Suppleant,"",2024-04-09,46231
23431,uppdrag,Sammansatta utrikes- och försvarsutskottet,2007-10-18,0910241260018,0,UFöU,Suppleant,"",2008-06-18,23392
41509,uppdrag,Försvarsutskottet,2020-03-20,0494054455310,280,FöU,Suppleant,"",2020-09-03,41490
7650,kammaruppdrag,"",1994-10-03,0824721092613,62,kam,Riksdagsledamot,Tjänstgörande,1998-10-05,7642
6425,kammaruppdrag,"",2010-10-04,0327078838011,223,kam,Riksdagsledamot,Tjänstgörande,2011-01-10,6424
22734,uppdrag,Utbildningsutskottet,2006-10-24,0784309503313,0,UbU,Suppleant,"",2007-09-11,22723
24008,partiuppdrag,Kristdemokraterna,2014-09-29,0788526088220,0,KD,Gruppledare,"",2015-06-16,23993
28850,uppdrag,Sammansatta utrikes- och försvarsutskottet,2021-03-18,0446541913415,14,UFöU,Suppleant,"",2021-04-21,28817
16983,Riksdagsorgan,EG-delegationen,1993-01-21,0567842515701,0,EG,Suppleant,"",1994-10-03,16981
37761,uppdrag,Socialutskottet,2014-10-14,0237055280513,21,SoU,Suppleant,"",2018-09-24,37734
54059,uppdrag,Finansutskottet,2020-03-18,0722683622001,60,FiU,Suppleant,"",2022-09-26,54050
8588,kammaruppdrag,"",2007-03-19,031414803913,172,kam,Riksdagsledamot,Tjänstgörande,2007-07-08,8583
47174,uppdrag,Skatteutskottet,2020-03-18,0768554866215,268,SkU,Suppleant,"",2022-09-26,47159
19094,uppdrag,Finansutskottet,2006-10-10,0782713019602,12,FiU,Suppleant,"",2010-10-04,19082
28786,uppdrag,Trafikutskottet,2020-03-18,0285631067215,318,TU,Suppleant,"",2022-09-26,28771
1081359,uppdrag,Sammansatta utrikes- och försvarsutskottet,2026-05-19,0910803550317,6,UFöU,Deputerad,"",2026-06-04,50565
41701,uppdrag,Arbetsmarknadsutskottet,2022-10-04,0641953830512,1,AU,Ledamot,"",2022-10-04,41696
11471,uppdrag,Miljö- och jordbruksutskottet,2002-11-13,0281408160607,0,MJU,Suppleant,"",2002-12-20,11455
13524,uppdrag,Utrikesutskottet,1994-10-21,0153040710006,0,UU,Suppleant,"",1994-11-30,13521
24770,kammaruppdrag,"",2014-09-29,0381918573217,189,kam,Riksdagsledamot,Tjänstgörande,2018-09-24,24769
38273,uppdrag,Konstitutionsutskottet,1998-10-13,0363228965800,0,KU,Suppleant,"",1999-10-01,38238
40921,kammaruppdrag,Sten Andersson,1982-03-01,0254461538904,0,kam,Ersättare,Ersättare,1982-06-12,40914
52893,Riksdagsorgan,Krigsdelegationen,2022-10-11,0939158389321,36,KD,Ledamot,"",2026-10-13,52881
28543,uppdrag,Civilutskottet,2012-10-16,0541320528015,9,CU,Vice ordförande,"",2014-09-29,28513
15857,kammaruppdrag,"",1994-10-03,0184922809505,224,kam,Riksdagsledamot,Tjänstgörande,1998-10-05,15855
1614,kammaruppdrag,"",1994-10-03,061124537800,346,kam,Riksdagsledamot,Tjänstgörande,1995-01-09,1610
49942,uppdrag,EU-nämnden,2020-03-18,0648224557612,258,EUN,Suppleant,"",2022-10-04,49921
30268,uppdrag,Utbildningsutskottet,2012-04-11,0204494765606,5,UbU,Suppleant,"",2014-09-29,30245
43504,uppdrag,Sammansatta utrikes- och försvarsutskottet,2020-12-08,0257612529618,1,UFöU,Vice ordförande,"",2020-12-15,43468
330,uppdrag,Utbildningsutskottet,1998-10-13,0957794828205,0,UbU,Suppleant,"",2002-09-30,319
18273,uppdrag,Arbetsmarknadsutskottet,1988-10-03,0209063197208,0,AU,Suppleant,"",1991-09-29,18258
1722,uppdrag,Försvarsutskottet,2010-10-12,0409551181119,1,FöU,Suppleant,"",2014-09-29,1720
819,kammaruppdrag,"",1999-01-01,0101299073819,51,kam,Riksdagsledamot,Tjänstgörande,1999-11-21,807
3699,kammaruppdrag,"",2010-10-04,0125165702713,26,kam,Riksdagsledamot,Tjänstgörande,2014-09-29,3698
11167,kammaruppdrag,"",1993-01-01,0525247903009,124,kam,Riksdagsledamot,Tjänstgörande,1993-01-10,11165
41741,uppdrag,Arbetsmarknadsutskottet,2024-01-25,0606863154419,22,AU,Suppleant,"",2024-05-16,41732
11991,kammaruppdrag,"",1988-10-03,0288808902002,34,kam,Riksdagsledamot,Tjänstgörande,1988-10-04,11988
8743,uppdrag,Skatteutskottet,2011-09-01,0292756653724,1,SkU,Ledamot,"",2011-12-31,8736
919,uppdrag,Finansutskottet,1998-10-20,0537484650407,0,FiU,Suppleant,"",1999-09-23,903
13481,kammaruppdrag,Christina Linderholm 1991-10-05 - 1994-06-15,1991-10-05,059100119006,8,kam,Riksdagsledamot,Ledig,1994-06-15,13478
29147,uppdrag,Socialutskottet,2020-03-18,010343930918,84,SoU,Suppleant,"",2022-09-26,29133
11865,uppdrag,Försvarsutskottet,1976-10-04,0145888252000,0,FöU,Suppleant,"",1979-09-30,11831
10053,kammaruppdrag,Anne Rhenman,1992-11-23,0383675638504,84,kam,Ersättare,Ersättare,1993-05-03,10050
19692,kammaruppdrag,"",1998-10-05,0746654685605,179,kam,Riksdagsledamot,Tjänstgörande,1998-10-06,19690
53524,uppdrag,Socialförsäkringsutskottet,2020-03-18,0211757295524,270,SfU,Suppleant,"",2022-09-26,53492
842,Riksdagsorgan,Krigsdelegationen,2006-10-17,0101299073819,0,KD,Ledamot,"",2010-02-05,807
30425,uppdrag,Konstitutionsutskottet,2020-03-18,0313210809828,118,KU,Suppleant,"",2020-09-03,30406
46456,Riksdagsorgan,Riksdagens delegation till Europarådets parlamentariska församling,2010-11-01,0313390540217,4,ER,Suppleant,"",2011-04-28,46421
21961,uppdrag,EU-nämnden,2020-03-18,0731442709013,147,EUN,Suppleant,"",2022-09-26,21913
52864,uppdrag,Utrikesutskottet,2020-03-18,0198917587520,231,UU,Suppleant,"",2020-09-03,52838
29268,kammaruppdrag,"",2014-09-29,0893004490313,42,kam,Riksdagsledamot,Tjänstgörande,2018-09-24,29266
44913,Riksdagsorgan,Valberedningen,2024-10-28,0522054204918,3,VB,Ordförande,"",2026-09-28,44882
27906,uppdrag,Socialförsäkringsutskottet,2020-03-18,0679228585116,135,SfU,Suppleant,"",2022-09-26,27891
31521,uppdrag,Näringsutskottet,1976-10-04,0247000811207,0,NU,Suppleant,"",1979-09-30,31505
31217,uppdrag,Näringsutskottet,2020-03-18,0519542449425,112,NU,Suppleant,"",2022-09-26,31207
15259,Riksdagsorgan,Riksdagens delegation till OSSE:s parlamentariska församling,1998-10-20,0425391168202,0,OSSE,Suppleant,"",2002-09-30,15245
8842,kammaruppdrag,"",2011-08-02,0924947945722,143,kam,Riksdagsledamot,Tjänstgörande,2013-04-14,8841
11531,kammaruppdrag,"",1985-09-30,0601988899907,0,kam,Riksdagsledamot,Tjänstgörande,1988-10-03,11530
31562,uppdrag,Kulturutskottet,2020-03-18,0194021108712,283,KrU,Suppleant,"",2022-09-26,31556
9217,Riksdagsorgan,Nordiska rådets svenska delegation,2006-10-17,0444616389415,15,NR,Ledamot,"",2010-10-04,9201
8937,kammaruppdrag,Lena Adelsohn Liljeroth,2010-10-26,0538982776628,141,kam,Statsrådsersättare,Ersättare,2014-09-29,8936
42755,uppdrag,Skatteutskottet,2020-03-18,091303475611,259,SkU,Suppleant,"",2022-09-26,42742
26181,uppdrag,Sammansatta utrikes- och försvarsutskottet,1998-10-05,0944338157703,0,UFöU,Deputerad,"",2002-09-30,26168
28436,uppdrag,Konstitutionsutskottet,2018-10-02,0116759114313,14,KU,Ledamot,"",2019-10-25,28414
6857,uppdrag,Försvarsutskottet,1998-10-13,0548089226618,0,FöU,Suppleant,"",2002-09-30,6849
26887,Riksdagsorgan,Riksdagens delegation till OSSE:s parlamentariska församling,2010-10-19,0868286862422,7,OSSE,Ledamot,"",2011-10-20,26876
46970,uppdrag,Näringsutskottet,2022-10-04,0515213566019,10,NU,Suppleant,"",2026-04-24,46967
20323,Riksdagsorgan,Riksdagens delegation till Interparlamentariska unionen,1993-12-08,0137934715906,0,IPU,Suppleant,"",1994-12-07,20312
46310,Riksdagsorgan,Nordiska rådets svenska delegation,2010-10-19,0128805841317,5,NR,Suppleant,"",2011-09-15,46269
13231,Riksdagsorgan,EG-delegationen,1993-01-21,0719430958705,0,EG,Suppleant,"",1994-10-03,13228
50465,kammaruppdrag,"Marianne Fundahn 2014-10-03 - 2018-09-24, Elin Gustafsson 2018-09-24 - 2022-09-26",2018-09-24,0473783431010,15,kam,Riksdagsledamot,Ledig,2022-09-26,50454
46396,uppdrag,Justitieutskottet,2020-03-18,0554852839719,197,JuU,Suppleant,"",2022-09-26,46387
37618,kammaruppdrag,Johan Löfstrand,2017-02-27,0780214960516,8,kam,Ersättare,Ersättare,2017-06-30,37615
6883,uppdrag,Civilutskottet,2008-10-01,0214849275619,0,CU,Suppleant,"",2008-12-31,6878
42080,Riksdagsorgan,Riksdagens ansvarsnämnd,2016-01-01,0938534705001,4,RAN,Ledamot,"",2018-12-31,42066
40689,uppdrag,EU-nämnden,2020-03-18,0126797549328,110,EUN,Suppleant,"",2022-10-04,40639
7313,uppdrag,Konstitutionsutskottet,2006-10-24,0401150407611,0,KU,Suppleant,"",2008-11-13,7300
24222,uppdrag,Försvarsutskottet,2020-03-18,0884738092723,130,FöU,Suppleant,"",2020-09-03,24204
42993,kammaruppdrag,"",2018-09-24,0122987223112,2,kam,Riksdagsledamot,Tjänstgörande,2022-09-26,42991
25931,uppdrag,Försvarsutskottet,2016-06-09,07351347121,10,FöU,Ledamot,"",2018-09-24,25929
10896,Riksdagsorgan,Riksdagens förvaltningskontor,1991-10-08,0925516323103,0,RFK,Ordförande,"",1994-10-03,10888
36852,Riksdagsorgan,Riksdagens styrgrupp för det bilaterala demokratifrämjande samarbetet,2022-10-27,0481460392727,4,DEM,Suppleant,"",2026-10-27,36829
21141,kammaruppdrag,"",1978-11-14,031005479013,0,kam,Ersättare,Ersättare,1978-12-05,21122
33216,uppdrag,EU-nämnden,2022-10-18,0497217816024,59,EUN,Suppleant,"",2026-09-28,33190
20992,uppdrag,Försvarsutskottet,1988-11-11,0144653147601,0,FöU,Suppleant,"",1991-09-29,20989
15372,kammaruppdrag,"",2006-10-02,0846171262302,56,kam,Riksdagsledamot,Tjänstgörande,2007-03-18,15367
49843,uppdrag,Utrikesutskottet,2020-03-18,0720250789315,192,UU,Suppleant,"",2020-09-03,49818
44531,kammaruppdrag,"",2022-09-26,0819601620927,145,kam,Riksdagsledamot,Tjänstgörande,2026-09-28,44523
45483,uppdrag,Skatteutskottet,2014-10-14,0344222203323,18,SkU,Suppleant,"",2018-09-24,45461
33666,kammaruppdrag,"",1979-12-20,0859925892507,0,kam,Riksdagsledamot,Tjänstgörande,1981-02-12,33651
18044,kammaruppdrag,"",1998-10-05,0548843588006,237,kam,Riksdagsledamot,Tjänstgörande,2002-09-30,18041
13515,uppdrag,Arbetsmarknadsutskottet,1996-03-27,0188650698006,0,AU,Suppleant,"",1998-10-04,13513
43034,Riksdagsorgan,Nordiska rådets svenska delegation,2019-10-02,0122987223112,8,NR,Suppleant,"",2020-10-14,42991
19813,uppdrag,Miljö- och jordbruksutskottet,1979-10-01,0212469298402,0,MJU,Ledamot,"",1982-10-03,19797
24921,uppdrag,Försvarsutskottet,2020-03-18,0465804601318,260,FöU,Suppleant,"",2020-09-03,24905
38517,uppdrag,Sammansatta utrikes- och försvarsutskottet,2020-03-26,0526748040023,15,UFöU,Suppleant,"",2020-09-13,38493
14804,kammaruppdrag,"",1985-09-30,0972781465305,0,kam,Riksdagsledamot,Tjänstgörande,1988-04-07,14798
6041,uppdrag,Sammansatta konstitutions- och utrikesutskottet,2001-03-27,0371688419616,0,KUU,Deputerad,"",2001-04-26,6019
13030,kammaruppdrag,"",1988-10-03,0199809132302,287,kam,Riksdagsledamot,Tjänstgörande,1991-09-30,13019
49304,uppdrag,Näringsutskottet,2018-10-02,0339894357417,1,NU,Ledamot,"",2018-10-02,49284
18219,uppdrag,Näringsutskottet,1998-10-13,0789353702707,0,NU,Ledamot,"",2001-02-18,18212
21375,Riksdagsorgan,Riksdagens delegation till Interparlamentariska unionen,2010-11-17,0573136138218,2,IPU,Förste vice ordförande,"",2014-10-28,21330
45049,uppdrag,Näringsutskottet,2018-10-02,0130789484021,5,NU,Ledamot,"",2022-09-26,45041
5899,uppdrag,Försvarsutskottet,1991-10-08,0512357753412,0,FöU,Suppleant,"",1994-10-02,5885
20461,partiuppdrag,Centerpartiet,2014-09-29,0196077326617,0,C,Kvittningsperson,"",2020-12-31,20460
7811,uppdrag,Sammansatta utrikes- och försvarsutskottet,2006-05-18,0291542732518,0,UFöU,Suppleant,"",2006-06-14,7795
41740,uppdrag,Socialförsäkringsutskottet,2024-01-01,0606863154419,16,SfU,Ledamot,"",2024-05-16,41732
6862,uppdrag,Sammansatta konstitutions- och utrikesutskottet,2001-03-27,0548089226618,0,KUU,Suppleant,"",2001-04-26,6849
1080409,Riksdagsorgan,Ledamotsrådet,2011-10-20,0640669898710,3,LR,Ersättare,"",2013-04-24,22690
22377,uppdrag,Sammansatta utrikes- och försvarsutskottet,2014-04-15,037508021018,17,UFöU,Suppleant,"",2014-06-12,22361
25569,kammaruppdrag,"",1993-12-09,0913138972707,284,kam,Riksdagsledamot,Tjänstgörande,1994-10-03,25567
27542,Riksdagsorgan,Riksdagens delegation till Europarådets parlamentariska församling,2010-11-01,0787533297400,2,ER,Vice ordförande,"",2014-11-01,27521
22267,kammaruppdrag,"",2010-10-04,0264838147315,42,kam,Riksdagsledamot,Tjänstgörande,2014-09-29,22265
46175,uppdrag,Arbetsmarknadsutskottet,2010-10-12,0791786201912,3,AU,Ledamot,"",2014-09-29,46165
4008,uppdrag,Civilutskottet,2006-10-10,0235326752716,6,CU,Ledamot,"",2010-10-04,4005
41871,uppdrag,Utrikesutskottet,2018-10-02,0980681611418,2,UU,Ordförande,"",2019-02-28,41844
4927,uppdrag,Bostadsutskottet,2002-04-04,0483316376813,0,BoU,Suppleant,"",2002-09-29,4907
29903,uppdrag,Konstitutionsutskottet,2014-10-07,0204443909416,9,KU,Suppleant,"",2018-09-24,29878
48002,kammaruppdrag,"",2010-10-19,0992420223820,243,kam,Riksdagsledamot,Tjänstgörande,2014-09-29,47992
4102,kammaruppdrag,Birgit Friggebo,1987-11-14,024173757595,0,kam,Ersättare,Ersättare,1987-12-14,4101
538,uppdrag,Utrikesutskottet,2010-10-12,0502174718806,8,UU,Ledamot,"",2014-09-29,535
49383,Riksdagsorgan,Nordiska rådets svenska delegation,2017-09-28,0744993950910,18,NR,Suppleant,"",2018-10-09,49329
12986,kammaruppdrag,Elisebeht Markström 1995-01-10 - 1995-10-09,1995-01-10,0153549892302,75,kam,Riksdagsledamot,Ledig,1995-10-09,12983
19938,kammaruppdrag,"",1976-10-04,0706916743101,0,kam,Riksdagsledamot,Tjänstgörande,1979-10-01,19933
2344,uppdrag,Skatteutskottet,2000-06-15,0987224899103,0,SkU,Ledamot,"",2001-03-20,2338
29321,Riksdagsorgan,Krigsdelegationen,2010-10-19,0893004490313,20,KD,Ledamot,"",2014-10-14,29266
19699,Riksdagsorgan,Riksdagens delegation till Europarådets parlamentariska församling,1998-10-20,0746654685605,0,ER,Suppleant,"",1998-10-29,19690
41595,uppdrag,Civilutskottet,2020-03-20,0545733815610,311,CU,Suppleant,"",2022-09-26,41587
51958,uppdrag,Civilutskottet,2020-03-20,0452755722723,276,CU,Suppleant,"",2022-09-26,51945
920,uppdrag,Skatteutskottet,1994-10-12,0537484650407,0,SkU,Vice ordförande,"",1998-10-04,903
6075,kammaruppdrag,"",2002-09-30,0600928907216,115,kam,Riksdagsledamot,Tjänstgörande,2006-10-02,6072
54063,uppdrag,Näringsutskottet,2020-03-18,0722683622001,58,NU,Suppleant,"",2022-09-26,54050
46661,uppdrag,EU-nämnden,2013-10-04,069309987221,37,EUN,Suppleant,"",2014-10-07,46626
29983,kammaruppdrag,"",2010-10-04,0132698667318,119,kam,Riksdagsledamot,Tjänstgörande,2014-09-29,29982
46842,uppdrag,Socialförsäkringsutskottet,2020-03-18,0472349361027,183,SfU,Suppleant,"",2022-09-26,46818
38875,kammaruppdrag,"",2019-11-04,0271338654822,329,kam,Riksdagsledamot,Tjänstgörande,2022-09-26,38871
8459,kammaruppdrag,Lars-Erik Lövdén,2002-09-30,0662364517619,0,kam,Statsrådsersättare,Ersättare,2002-11-04,8454
31647,kammaruppdrag,Ibrahim Baylan,2020-08-01,0488332307829,52,kam,Statsrådsersättare,Ersättare,2021-11-30,31644
25119,uppdrag,Civilutskottet,2021-10-20,0503363679811,0,CU,Extra suppleant,"",2021-11-04,25106
35735,uppdrag,Socialförsäkringsutskottet,2020-03-18,0956595590924,40,SfU,Suppleant,"",2022-09-26,35711
30541,uppdrag,Sammansatta utrikes- och försvarsutskottet,2011-06-16,0671241874717,5,UFöU,Suppleant,"",2011-06-17,30513
43370,uppdrag,Socialförsäkringsutskottet,2020-03-18,0810852280213,59,SfU,Suppleant,"",2022-09-26,43353
21933,uppdrag,Försvarsutskottet,2020-03-18,0731442709013,98,FöU,Suppleant,"",2020-09-03,21913
14879,uppdrag,Socialutskottet,1985-09-30,0532121969806,0,SoU,Ledamot,"",1988-10-02,14868
17834,uppdrag,Konstitutionsutskottet,1998-10-20,037063714405,0,KU,Suppleant,"",2002-09-30,17818
7199,kammaruppdrag,"Mats Einarsson 2007-09-26 - 2008-02-15, Amineh Kakabaveh 2008-02-16 - 2008-06-17",2007-09-26,0677210453318,245,kam,Riksdagsledamot,Ledig,2008-06-17,7198
14994,kammaruppdrag,Jerry Martinger,2001-01-31,0648161048508,35,kam,Ersättare,Ersättare,2001-10-16,14992
53339,uppdrag,Trafikutskottet,2025-10-10,0584183916016,0,TU,Extra suppleant,"",2026-05-10,53329
5316,kammaruppdrag,"",1988-10-03,0634917636517,285,kam,Riksdagsledamot,Tjänstgörande,1991-09-30,5306
32471,uppdrag,Sammansatta utrikes- och försvarsutskottet,2006-05-18,0205071690103,0,UFöU,Suppleant,"",2006-06-14,32463
48526,uppdrag,Miljö- och jordbruksutskottet,2015-11-18,0792733370419,24,MJU,Suppleant,"",2017-12-15,48498
29429,kammaruppdrag,"",2014-09-29,0448155122323,92,kam,Riksdagsledamot,Tjänstgörande,2018-09-24,29428
10122,Riksdagsorgan,Krigsdelegationen,1991-10-15,017025148404,0,KD,Ledamot,"",1994-10-03,10112
1420,Riksdagsorgan,Utrikesnämnden,2001-03-08,0104804820009,0,UN,Suppleant,"",2002-01-01,1388
44213,kammaruppdrag,"",1991-09-30,0702441395302,344,kam,Riksdagsledamot,Tjänstgörande,1994-06-30,44212
52066,uppdrag,Sammansatta utrikes- och försvarsutskottet,1995-10-26,0888530335200,0,UFöU,Suppleant,"",1995-12-06,52046
50063,uppdrag,Trafikutskottet,2022-10-04,0111697351426,17,TU,Suppleant,"",2026-09-28,50058
45567,uppdrag,Kulturutskottet,2017-11-09,0228027853620,15,KrU,Ledamot,"",2018-09-24,45542
16077,Riksdagsorgan,Nordiska rådets svenska delegation,1998-10-20,0754692641206,0,NR,Suppleant,"",2002-09-30,16048
41975,kammaruppdrag,"",1976-10-04,0567830387107,0,kam,Riksdagsledamot,Tjänstgörande,1979-10-01,41960
48552,uppdrag,Skatteutskottet,2021-11-23,0119851690521,282,SkU,Suppleant,"",2022-09-26,48541
29837,Riksdagsorgan,Ledamotsrådet,2012-03-22,0216534495014,7,LR,Ledamot,"",2014-10-15,29805
39373,uppdrag,Utrikesutskottet,2020-03-18,0719332223713,96,UU,Suppleant,"",2020-09-03,39348
17571,Riksdagsorgan,Riksbanksfullmäktige,2001-11-23,0534173087404,0,RB,Ledamot,"",2002-10-14,17555
18372,uppdrag,Näringsutskottet,2002-10-15,0553513261108,0,NU,Suppleant,"",2006-10-02,18358
6115,uppdrag,Sammansatta utrikes- och försvarsutskottet,2002-12-03,0600928907216,0,UFöU,Deputerad,"",2002-12-18,6072
35588,kammaruppdrag,Aylin Nouri,2024-04-04,0987246082523,336,kam,Ersättare,Ersättare,2024-11-29,35587
41175,uppdrag,Trafikutskottet,2020-03-18,0194498232620,210,TU,Suppleant,"",2022-09-26,41155
29032,uppdrag,Trafikutskottet,2020-03-18,0363721826713,119,TU,Suppleant,"",2021-09-30,29017
52552,Riksdagsorgan,Nordiska rådets svenska delegation,2015-10-01,0932000030511,11,NR,Suppleant,"",2015-11-26,52507
3642,uppdrag,Civilutskottet,2006-10-10,0468775142013,7,CU,Ledamot,"",2010-10-04,3631
40961,Riksdagsorgan,Riksbanksfullmäktige,2017-01-11,0468956880528,6,RB,Suppleant,"",2018-10-09,40935
47874,uppdrag,Skatteutskottet,2020-03-18,0572788110724,69,SkU,Suppleant,"",2022-09-26,47855
51367,uppdrag,EU-nämnden,2022-10-12,0800956862429,50,EUN,Suppleant,"",2026-06-15,51326
22364,kammaruppdrag,"",2010-10-04,037508021018,59,kam,Riksdagsledamot,Tjänstgörande,2014-09-29,22361
1415,uppdrag,EU-nämnden,1995-01-01,0104804820009,0,EUN,Ledamot,"",1998-10-05,1388
44606,uppdrag,Justitieutskottet,2020-03-18,0940980416614,48,JuU,Suppleant,"",2022-09-26,44592
23164,uppdrag,Civilutskottet,2014-10-07,0231432628318,1,CU,Suppleant,"",2017-07-27,23161
15809,kammaruppdrag,"",1994-10-03,0623552243405,179,kam,Riksdagsledamot,Tjänstgörande,1998-10-05,15808
43517,uppdrag,Sammansatta utrikes- och försvarsutskottet,2015-04-14,0257612529618,1,UFöU,Deputerad,"",2015-05-19,43468
32033,uppdrag,Civilutskottet,2018-10-16,0435740736429,25,CU,Suppleant,"",2022-09-26,32029
17349,Riksdagsorgan,Nordiska rådets svenska delegation,1994-10-18,0739152363302,0,NR,Suppleant,"",1998-10-05,17286
15718,uppdrag,Utrikesutskottet,1996-04-18,0334042720405,0,UU,Ledamot,"",1996-07-31,15703
37679,uppdrag,Finansutskottet,2025-02-25,0714968014016,25,FiU,Suppleant,"",2026-09-28,37675
40078,Riksdagsorgan,Riksrevisionens styrelse,2009-11-02,0899112324519,7,RRS,Ledamot,"",2010-10-19,40021
22123,uppdrag,Socialförsäkringsutskottet,2006-10-10,0721657655513,13,SfU,Suppleant,"",2010-10-04,22112
47462,uppdrag,Försvarsutskottet,2018-10-02,0665485817222,7,FöU,Ledamot,"",2022-09-26,47445
29705,kammaruppdrag,Mikael Sandström,2006-10-19,0844246115721,282,kam,Ersättare,Ersättare,2007-09-17,29695
24109,uppdrag,Civilutskottet,2020-03-18,0306286538528,267,CU,Suppleant,"",2022-09-26,24105
26518,kammaruppdrag,"",1985-09-30,0213606215200,0,kam,Riksdagsledamot,Tjänstgörande,1988-10-03,26515
11599,uppdrag,Konstitutionsutskottet,1991-10-08,0213468747208,0,KU,Ledamot,"",1994-10-02,11590
12493,kammaruppdrag,"",1979-10-01,0856559235708,0,kam,Riksdagsledamot,Tjänstgörande,1982-10-04,12488
42262,uppdrag,Kulturutskottet,2015-09-01,0706528359123,0,KrU,Extra suppleant,"",2016-04-04,42233
1919,kammaruppdrag,Kristin Oretorp 2007-02-13 - 2007-07-15,2007-02-13,0273732267214,127,kam,Riksdagsledamot,Ledig,2007-07-15,1917
14222,uppdrag,Försvarsutskottet,1988-10-11,0447050635303,0,FöU,Ledamot,"",1991-09-29,14220
7287,uppdrag,Socialförsäkringsutskottet,2013-01-16,0970400972210,9,SfU,Ledamot,"",2014-09-29,7282
36838,uppdrag,Justitieutskottet,2020-03-18,0481460392727,246,JuU,Suppleant,"",2022-09-26,36829
25478,uppdrag,Civilutskottet,2014-10-07,0680329141121,16,CU,Suppleant,"",2016-09-15,25472
12636,uppdrag,Justitieutskottet,1994-01-27,0746759738009,0,JuU,Suppleant,"",1994-10-02,12631
30744,uppdrag,Sammansatta utrikes- och försvarsutskottet,2016-04-12,0704744533715,10,UFöU,Deputerad,"",2016-05-25,30718
10115,kammaruppdrag,"",1988-10-03,017025148404,197,kam,Riksdagsledamot,Tjänstgörande,1991-09-30,10112
7215,kammaruppdrag,"",1988-10-03,0982209946601,240,kam,Riksdagsledamot,Tjänstgörande,1991-09-30,7208
28430,uppdrag,Trafikutskottet,2020-03-18,0116759114313,102,TU,Suppleant,"",2022-09-26,28414
51859,uppdrag,Sammansatta utrikes- och försvarsutskottet,2021-11-11,0411459873625,8,UFöU,Deputerad,"",2021-12-15,51826
29852,kammaruppdrag,"",2017-05-01,0666958447826,208,kam,Riksdagsledamot,Tjänstgörande,2018-09-23,29850
472,uppdrag,Socialutskottet,2012-02-15,0761548559113,0,SoU,Extra suppleant,"",2012-03-31,461
19724,uppdrag,Kulturutskottet,2006-10-10,0472335069513,10,KrU,Suppleant,"",2010-03-10,19714
42155,Riksdagsorgan,Riksdagens delegation till Interparlamentariska unionen,2018-10-24,0559925283228,1,IPU,Vice ordförande,"",2020-09-28,42119
51369,uppdrag,EU-nämnden,2010-02-05,0800956862429,16,EUN,Suppleant,"",2010-10-04,51326
9497,partiuppdrag,Socialdemokraterna,2019-02-27,0652497579621,0,S,Kvittningsperson,"",,9496
39157,uppdrag,Justitieutskottet,2022-10-04,0828001951212,13,JuU,Ledamot,"",2022-11-09,39150
40897,uppdrag,Utrikesutskottet,2012-06-20,0442629549320,30,UU,Suppleant,"",2014-09-29,40867
21587,Riksdagsorgan,Nordiska rådets svenska delegation,2011-10-12,0133767709317,8,NR,Suppleant,"",2012-09-18,21567
48441,kammaruppdrag,"",2006-10-07,0714307225418,234,kam,Riksdagsledamot,Tjänstgörande,2010-10-04,48435
17240,uppdrag,Bostadsutskottet,2000-11-21,0425392189902,0,BoU,Suppleant,"",2000-12-18,17236
21987,uppdrag,Justitieutskottet,2012-03-23,0376867803913,10,JuU,Suppleant,"",2014-09-29,21980
29770,uppdrag,Civilutskottet,2020-03-18,0210198640127,77,CU,Suppleant,"",2022-03-22,29762
19175,uppdrag,Sammansatta utrikes- och försvarsutskottet,2006-05-18,0785143384002,0,UFöU,Suppleant,"",2006-06-14,19156
49654,uppdrag,Socialförsäkringsutskottet,2020-03-18,0427321850912,187,SfU,Suppleant,"",2022-09-26,49639
39552,Europaparlamentet,Europaparlamentet,2019-07-02,0613648926029,11,EP,Ledamot,"",2021-12-12,39548
40979,uppdrag,Utbildningsutskottet,2016-09-29,0414687558527,25,UbU,Suppleant,"",2018-09-24,40973
1577,kammaruppdrag,"",1994-10-03,0771794334400,0,kam,Riksdagsledamot,Tjänstgörande,1998-10-05,1574
37856,kammaruppdrag,"",1991-09-30,0446973363306,213,kam,Riksdagsledamot,Tjänstgörande,1994-10-03,37852
43196,uppdrag,Skatteutskottet,2024-03-06,0576122429317,24,SkU,Suppleant,"",2026-09-28,43189
29740,uppdrag,Utbildningsutskottet,2014-10-07,0308306375022,14,UbU,Suppleant,"",2018-09-24,29714
20968,kammaruppdrag,"",2010-10-04,0256743155204,94,kam,Riksdagsledamot,Tjänstgörande,2014-09-29,20965
24053,uppdrag,Sammansatta utrikes- och försvarsutskottet,2011-06-16,0901257862125,17,UFöU,Deputerad,"",2011-06-17,24029
20263,uppdrag,Arbetsmarknadsutskottet,1983-10-04,0699478732904,0,AU,Suppleant,"",1985-09-29,20250
29499,uppdrag,Försvarsutskottet,2010-10-12,0843345349823,7,FöU,Ledamot,"",2014-09-29,29471
3973,Europaparlamentet,Europaparlamentet,2004-07-20,033486567915,13,EP,Ledamot,"",2009-07-14,3968
3269,kammaruppdrag,"",1991-09-30,0478345475910,62,kam,Riksdagsledamot,Tjänstgörande,1994-10-03,3265
30327,uppdrag,Socialutskottet,2018-10-02,0779781772919,1,SoU,Vice ordförande,"",2022-09-26,30323
20160,uppdrag,Bostadsutskottet,1998-10-13,0780836041816,0,BoU,Suppleant,"",2002-09-30,20138
29788,uppdrag,Skatteutskottet,2014-11-13,0210198640127,25,SkU,Suppleant,"",2015-02-10,29762
16954,uppdrag,Skatteutskottet,2002-10-08,0475092656901,0,SkU,Ledamot,"",2006-10-02,16947
31372,kammaruppdrag,Isabella Lövin,2018-09-24,0495661214429,245,kam,Statsrådsersättare,Ersättare,2021-01-31,31370
43939,uppdrag,Justitieutskottet,1988-11-07,0108961111006,0,JuU,Suppleant,"",1991-09-29,43935
2634,uppdrag,Socialutskottet,2007-10-04,099373212513,0,SoU,Ledamot,"",2009-06-17,2625
19197,uppdrag,Arbetsmarknadsutskottet,2002-10-08,0869873635602,0,AU,Suppleant,"",2006-10-02,19193
43033,Riksdagsorgan,Nordiska rådets svenska delegation,2020-10-14,0122987223112,8,NR,Suppleant,"",2021-10-13,42991
7116,uppdrag,Arbetsmarknadsutskottet,1991-10-08,0422439378601,0,AU,Ledamot,"",1994-10-02,7104
12389,uppdrag,Kulturutskottet,1988-10-03,0177639310807,0,KrU,Ledamot,"",1991-09-29,12379
29309,uppdrag,Sammansatta justitie- och socialutskottet,2008-01-29,0893004490313,0,JuSoU,Suppleant,"",2008-05-07,29266
51250,uppdrag,Sammansatta utrikes- och försvarsutskottet,2025-03-13,0866055333028,17,UFöU,Deputerad,"",2025-03-20,51223
994,uppdrag,Näringsutskottet,1998-10-13,0946889218011,0,NU,Suppleant,"",2002-09-30,984
24914,uppdrag,Näringsutskottet,2020-03-18,0465804601318,314,NU,Suppleant,"",2022-09-26,24905
48464,Riksdagsorgan,Utrikesnämnden,2010-10-12,0714307225418,4,UN,Ledamot,"",2011-05-02,48435
11456,kammaruppdrag,"",2004-04-22,0281408160607,0,kam,Ersättare,Ersättare,2004-07-03,11455
5375,uppdrag,Justitieutskottet,2002-10-15,0316177736318,0,JuU,Suppleant,"",2004-09-14,5371
2961,uppdrag,Justitieutskottet,2004-03-23,0114065053815,0,JuU,Andre vice ordförande,"",2006-10-02,2957
27494,uppdrag,Civilutskottet,2020-03-20,025931369428,292,CU,Suppleant,"",2022-09-26,27487
27787,uppdrag,Sammansatta utrikes- och försvarsutskottet,2007-03-22,0252067342313,0,UFöU,Deputerad,"",2007-06-01,27733
10593,kammaruppdrag,"",1985-09-30,0840626810107,0,kam,Riksdagsledamot,Tjänstgörande,1988-10-03,10592
23748,uppdrag,Arbetsmarknadsutskottet,2002-10-08,0275724540919,0,AU,Ledamot,"",2004-09-13,23735
17222,Riksdagsorgan,Utrikesnämnden,1994-10-18,0311892218602,0,UN,Ledamot,"",1996-05-20,17205
48554,Riksdagsorgan,Riksdagens delegation till Natos parlamentariska församling,2025-09-16,0119851690521,3,NATO,Ledamot,"",2026-01-31,48541
51083,uppdrag,Sammansatta utrikes- och försvarsutskottet,2020-03-26,0331791853028,31,UFöU,Suppleant,"",2020-09-13,51058
5044,Riksdagsorgan,Valberedningen,2010-10-04,0760437424714,16,VB,Ledamot,"",2012-10-31,5026
29856,kammaruppdrag,Göran Hägglund   Föräldraledighet,2013-08-22,0666958447826,50,kam,Statsrådsersättare,Ledig Ersättare,2014-02-28,29850
8541,uppdrag,Trafikutskottet,1996-09-24,0687114079711,0,TU,Suppleant,"",1998-10-04,8538
48598,uppdrag,Utrikesutskottet,2020-03-18,023767922422,99,UU,Suppleant,"",2020-09-03,48563
9172,uppdrag,Finansutskottet,1994-02-07,0258169509601,0,FiU,Suppleant,"",1994-06-08,9168
28588,uppdrag,Arbetsmarknadsutskottet,2020-03-18,0460690753617,207,AU,Suppleant,"",2022-09-26,28581
23480,kammaruppdrag,"",1991-09-30,0938901612810,63,kam,Riksdagsledamot,Tjänstgörande,1994-10-03,23468
50188,uppdrag,Skatteutskottet,2018-10-02,0418929039326,11,SkU,Ledamot,"",2022-09-26,50178
49730,Riksdagsorgan,Riksdagens delegation till Interparlamentariska unionen,2022-06-14,0630820052511,3,IPU,Ledamot,"",2022-10-24,49699
6794,uppdrag,Sammansatta utrikes- och försvarsutskottet,2006-05-18,042839539117,0,UFöU,Suppleant,"",2006-06-14,6776
4658,uppdrag,Sammansatta utrikes- och försvarsutskottet,2004-10-19,0976656359110,0,UFöU,Suppleant,"",2004-12-15,4646
11787,uppdrag,Bostadsutskottet,1991-09-30,0627128694500,0,BoU,Ledamot,"",1994-10-02,11782
47705,uppdrag,Justitieutskottet,2016-09-16,0642224351118,0,JuU,Extra suppleant,"",2016-10-11,47671
50687,uppdrag,EU-nämnden,2022-03-07,0496341906327,179,EUN,Suppleant,"",2022-03-14,50638
6167,uppdrag,Arbetsmarknadsutskottet,1985-09-30,0806338394516,0,AU,Suppleant,"",1988-10-02,6138
8267,uppdrag,Skatteutskottet,1998-10-13,0883183598315,0,SkU,Ledamot,"",2002-09-30,8261
48003,kammaruppdrag,Fredrik Reinfeldt,2010-10-04,0992420223820,51,kam,Statsrådsersättare,Ersättare,2010-10-18,47992
11501,kammaruppdrag,"",1991-09-30,0566638963807,254,kam,Riksdagsledamot,Tjänstgörande,1994-10-03,11499
8782,uppdrag,Konstitutionsutskottet,2003-10-03,0461756329828,0,KU,Suppleant,"",2004-04-16,8769
22488,uppdrag,Konstitutionsutskottet,2010-10-12,0658668232410,1,KU,Ledamot,"",2010-10-12,22474
49497,uppdrag,Justitieutskottet,2025-03-26,0254021157518,9,JuU,Suppleant,"",2026-01-27,49494
6095,uppdrag,Sammansatta utrikes- och försvarsutskottet,2011-06-16,0600928907216,8,UFöU,Deputerad,"",2011-06-17,6072
18281,uppdrag,Sammansatta utrikes- och försvarsutskottet,1999-03-23,0209063197208,0,UFöU,Deputerad,"",1999-09-13,18258
14368,uppdrag,Utbildningsutskottet,2002-10-08,0333961113904,0,UbU,Suppleant,"",2006-10-02,14364
49309,uppdrag,Finansutskottet,2010-10-12,0339894357417,4,FiU,Ledamot,"",2011-04-12,49284
18075,kammaruppdrag,"",2002-09-30,0610573125306,243,kam,Riksdagsledamot,Tjänstgörande,2006-10-02,18074
6881,kammaruppdrag,Mehmet Kaplan,2007-05-28,0214849275619,280,kam,Ersättare,Ersättare,2007-07-08,6878
988,kammaruppdrag,"",1998-10-05,0946889218011,267,kam,Riksdagsledamot,Tjänstgörande,2002-09-30,984
1923,uppdrag,Miljö- och jordbruksutskottet,2006-10-10,0273732267214,16,MJU,Suppleant,"",2010-10-04,1917
24441,uppdrag,Finansutskottet,2013-11-04,0314880166319,0,FiU,Extra suppleant,"",2013-12-31,24436
43108,uppdrag,Sammansatta utrikes- och försvarsutskottet,2024-11-05,0926214745119,6,UFöU,Suppleant,"",2024-12-12,43085
22956,uppdrag,Försvarsutskottet,2010-10-12,0110600080618,2,FöU,Ordförande,"",2011-04-07,22946
4248,kammaruppdrag,"",1988-10-03,0387691310906,198,kam,Riksdagsledamot,Tjänstgörande,1991-09-30,4244
8072,uppdrag,Arbetsmarknadsutskottet,1992-03-12,0259830011200,0,AU,Suppleant,"",1994-10-02,8070
15252,uppdrag,Justitieutskottet,1994-10-11,0425391168202,0,JuU,Suppleant,"",1998-10-04,15245
53768,Riksdagsorgan,Riksdagsstyrelsen,2025-12-11,0847676507229,8,RS,Ersättare,"",2026-10-06,53743
9207,uppdrag,Utrikesutskottet,2006-10-10,0444616389415,13,UU,Suppleant,"",2010-10-04,9201
28517,kammaruppdrag,"",2016-08-25,0541320528015,143,kam,Riksdagsledamot,Tjänstgörande,2018-09-24,28513
52215,uppdrag,Skatteutskottet,2022-11-12,0663840649717,0,SkU,Extra suppleant,"",2022-12-12,52191
7406,uppdrag,Utbildningsutskottet,1998-01-01,0315680549012,0,UbU,Ledamot,"",1998-10-04,7404
10806,kammaruppdrag,"",1976-10-04,0680796436301,0,kam,Riksdagsledamot,Tjänstgörande,1979-10-01,10802
37805,uppdrag,Miljö- och jordbruksutskottet,1988-10-11,0853235077516,0,MJU,Ledamot,"",1991-09-29,37801
28113,uppdrag,Utbildningsutskottet,2013-12-09,0547818628111,3,UbU,Ledamot,"",2014-09-29,28090
6582,uppdrag,Lagutskottet,1993-03-18,0320679739714,0,LU,Suppleant,"",1993-10-04,6578
42068,kammaruppdrag,Ulrika Karlsson,2014-12-01,0938534705001,28,kam,Ersättare,Ersättare,2015-05-30,42066
50916,uppdrag,Sammansatta utrikes- och försvarsutskottet,2021-11-11,0973782197017,12,UFöU,Suppleant,"",2021-12-15,50869
33211,uppdrag,Försvarsutskottet,2020-03-18,0497217816024,193,FöU,Suppleant,"",2020-09-03,33190
18193,uppdrag,Konstitutionsutskottet,1994-10-11,0551013247907,0,KU,Suppleant,"",1998-10-04,18184
48947,uppdrag,Konstitutionsutskottet,2020-03-18,0224712677012,105,KU,Suppleant,"",2020-09-03,48915
45066,uppdrag,EU-nämnden,2020-03-18,0130789484021,295,EUN,Suppleant,"",2022-10-04,45041
50909,uppdrag,Miljö- och jordbruksutskottet,1998-10-13,0973782197017,0,MJU,Suppleant,"",2002-09-30,50869
51391,kammaruppdrag,"",2015-10-12,0667220767927,18,kam,Talmansersättare,Ledig Ersättare,2015-12-31,51383
48568,kammaruppdrag,Camilla Mårtensen 2022-10-18 - 2025-06-27,2022-10-18,023767922422,154,kam,Riksdagsledamot,Ledig,2025-06-27,48563
44278,uppdrag,Finansutskottet,2020-03-18,0457722435319,217,FiU,Suppleant,"",2022-09-26,44266
42548,uppdrag,Arbetsmarknadsutskottet,2020-03-20,0170585430421,287,AU,Suppleant,"",2022-09-26,42541
35665,kammaruppdrag,"",2014-09-29,0150118366721,149,kam,Riksdagsledamot,Tjänstgörande,2015-04-06,35658
53355,uppdrag,Konstitutionsutskottet,2003-10-03,0584183916016,0,KU,Suppleant,"",2004-04-13,53329
20104,kammaruppdrag,"",1988-10-03,0167049231801,342,kam,Riksdagsledamot,Tjänstgörande,1991-09-30,20102
3033,uppdrag,Sammansatta utrikes- och försvarsutskottet,2004-02-05,0229825314217,0,UFöU,Suppleant,"",2004-02-18,3030
48952,uppdrag,Konstitutionsutskottet,2018-10-09,0224712677012,21,KU,Suppleant,"",2019-09-05,48915
44837,kammaruppdrag,"",2015-04-01,051207517226,290,kam,Riksdagsledamot,Tjänstgörande,2018-09-24,44833
38111,uppdrag,Försvarsutskottet,2020-03-20,0365748677411,302,FöU,Suppleant,"",2020-09-03,38089
49950,Riksdagsorgan,Nordiska rådets svenska delegation,2020-10-14,0648224557612,13,NR,Suppleant,"",2021-10-13,49921
21523,Riksdagsorgan,Riksdagens delegation till OSSE:s parlamentariska församling,2014-10-14,0251617324715,3,OSSE,Ledamot,"",2018-09-24,21504
15527,uppdrag,Arbetsmarknadsutskottet,2002-10-08,023451344303,0,AU,Ledamot,"",2006-10-02,15522
39665,kammaruppdrag,"",2019-01-22,0787584650516,249,kam,Riksdagsledamot,Tjänstgörande,2019-06-18,39664
22919,kammaruppdrag,Karin Enström,2014-09-29,0219220227418,26,kam,Statsrådsersättare,Ersättare,2014-10-03,22917
47658,uppdrag,Arbetsmarknadsutskottet,1992-07-01,023001325318,0,AU,Suppleant,"",1993-01-12,47650
13486,kammaruppdrag,"Bengt Sjönell 1979-10-12 - 1982-10-04, Cecilia Jensfelt 1982-10-04 - 1982-10-08",1982-10-04,059100119006,0,kam,Riksdagsledamot,Ledig,1982-10-08,13478
26883,uppdrag,Socialförsäkringsutskottet,2010-10-12,0868286862422,11,SfU,Suppleant,"",2014-06-15,26876
46631,kammaruppdrag,"",2017-02-27,069309987221,254,kam,Riksdagsledamot,Tjänstgörande,2018-09-24,46626
18863,uppdrag,Konstitutionsutskottet,1995-01-19,0997123540801,0,KU,Suppleant,"",1995-10-09,18852
20554,uppdrag,EU-nämnden,2002-10-08,0720249554818,0,EUN,Suppleant,"",2006-10-10,20532
19005,kammaruppdrag,Pär Nuder,2005-01-01,0573273704102,0,kam,Statsrådsersättare,Ersättare,2005-02-23,19000
17674,uppdrag,Sammansatta utrikes- och försvarsutskottet,2005-11-22,0996403729104,0,UFöU,Suppleant,"",2005-12-07,17662
14499,kammaruppdrag,"",1982-10-04,0688961392304,0,kam,Riksdagsledamot,Tjänstgörande,1985-09-30,14494
32128,uppdrag,Trafikutskottet,2022-06-15,0341604836310,1,TU,Suppleant,"",2022-09-26,32126
1081419,uppdrag,Försvarsutskottet,2026-05-22,0374824090417,0,FöU,Extra suppleant,"",2026-06-19,1081416
42433,uppdrag,Miljö- och jordbruksutskottet,2025-02-10,0828721176319,11,MJU,Suppleant,"",2026-09-28,42425
44064,uppdrag,Civilutskottet,2014-10-07,0223069839622,14,CU,Ledamot,"",2018-09-24,44034
33198,uppdrag,Miljö- och jordbruksutskottet,2022-10-04,0497217816024,10,MJU,Suppleant,"",2026-09-28,33190
25215,Riksdagsorgan,Riksdagens delegation till parlamentariska Östersjökonferensen,2018-10-24,0640627133410,3,BSPC,Ledamot,"",2019-09-24,25188
280,kammaruppdrag,"",1991-09-30,0622185335615,12,kam,Riksdagsledamot,Tjänstgörande,1991-10-04,272
22164,uppdrag,Sammansatta utrikes- och försvarsutskottet,2017-05-02,0529103571012,2,UFöU,Suppleant,"",2017-06-14,22142
44151,Riksdagsorgan,Ledamotsrådet,2018-10-10,0603753860213,3,LR,Ledamot,"",2022-10-10,44111
23620,uppdrag,EU-nämnden,2014-10-07,067992138910,8,EUN,Suppleant,"",2016-03-18,23590
7146,uppdrag,Skatteutskottet,1988-10-20,0637939864601,0,SkU,Ordförande,"",1991-09-29,7136
8968,kammaruppdrag,Mikael Sandström,2010-10-05,019625586527,248,kam,Ersättare,Ersättare,2010-10-05,8965
32339,kammaruppdrag,"",2018-09-24,0238095659621,349,kam,Riksdagsledamot,Tjänstgörande,2022-09-26,32337
14875,uppdrag,Socialutskottet,1991-09-30,0532121969806,0,SoU,Ledamot,"",1994-10-02,14868
17238,uppdrag,Näringsutskottet,2000-11-21,0425392189902,0,NU,Suppleant,"",2000-12-18,17236
38555,uppdrag,Arbetsmarknadsutskottet,2004-09-14,0477013214601,0,AU,Ledamot,"",2006-10-02,38532
23785,uppdrag,Sammansatta utrikes- och socialutskottet,2005-02-15,0548314774911,0,USoU,Suppleant,"",2005-03-16,23764
22568,kammaruppdrag,"",2014-10-04,0584659199514,156,kam,Riksdagsledamot,Tjänstgörande,2015-04-24,22565
47770,uppdrag,Socialutskottet,2018-10-16,0982795248728,25,SoU,Suppleant,"",2022-09-26,47740
20207,uppdrag,Kulturutskottet,1996-10-24,013162757105,0,KrU,Suppleant,"",1998-10-04,20200
15551,kammaruppdrag,"",1996-02-01,0263142725304,329,kam,Riksdagsledamot,Tjänstgörande,1998-10-05,15549
41645,uppdrag,Utbildningsutskottet,2020-03-18,025877594729,90,UbU,Suppleant,"",2022-09-26,41628
18615,uppdrag,Utbildningsutskottet,1991-10-08,0598843399200,0,UbU,Suppleant,"",1994-10-02,18612
2922,uppdrag,EU-nämnden,1998-10-13,0913965980315,0,EUN,Ledamot,"",2006-10-10,2899
27606,uppdrag,Utrikesutskottet,2010-10-12,0352254228107,11,UU,Suppleant,"",2014-09-29,27594
17219,uppdrag,Konstitutionsutskottet,1988-10-11,0311892218602,0,KU,Suppleant,"",1991-09-29,17205
4083,uppdrag,Trafikutskottet,1994-11-28,07776758016,0,TU,Suppleant,"",1998-10-04,4071
35533,uppdrag,Försvarsutskottet,2023-11-30,0254161225015,1,FöU,Vice ordförande,"",2024-11-25,35531
49648,uppdrag,Arbetsmarknadsutskottet,2020-03-18,0427321850912,183,AU,Suppleant,"",2022-09-26,49639
3130,uppdrag,Skatteutskottet,1987-10-06,0893605406218,0,SkU,Suppleant,"",1988-10-02,3118
834,uppdrag,Skatteutskottet,1995-01-16,0101299073819,0,SkU,Suppleant,"",1997-11-30,807
47867,uppdrag,Arbetsmarknadsutskottet,2020-03-18,0572788110724,66,AU,Suppleant,"",2022-09-26,47855
2929,partiuppdrag,Moderaterna,2010-10-04,039655712615,0,M,Förste vice gruppledare,"",2012-08-31,2928
19135,uppdrag,EES-utskottet,1992-05-26,0782713019602,0,EU,Ledamot,"",1993-06-04,19082
3684,uppdrag,Justitieutskottet,2006-10-10,0879055385113,0,JuU,Suppleant,"",2009-08-15,3678
26669,uppdrag,Utrikesutskottet,1994-10-11,0198565054212,0,UU,Suppleant,"",1997-09-15,26661
28470,uppdrag,Socialförsäkringsutskottet,2020-03-18,0409540163215,79,SfU,Suppleant,"",2022-09-26,28456
6960,Departement,Utrikesdepartementet,2006-10-06,0388849444310,0,UD,Statsråd,"",2006-10-13,6959
31748,uppdrag,Arbetsmarknadsutskottet,2020-03-18,064711971110,248,AU,Suppleant,"",2022-09-26,31745
15461,uppdrag,Skatteutskottet,1991-09-30,0455181302203,0,SkU,Suppleant,"",1992-04-09,15457
13373,uppdrag,Sammansatta utrikes- och försvarsutskottet,2001-10-25,0336920874106,0,UFöU,Suppleant,"",2001-12-11,13353
45192,uppdrag,Arbetsmarknadsutskottet,2018-10-02,0406831930624,5,AU,Suppleant,"",2022-09-26,45185
33029,kammaruppdrag,"",2010-10-04,0516528386117,130,kam,Riksdagsledamot,Tjänstgörande,2014-09-29,33025
43278,uppdrag,EU-nämnden,2024-09-24,0710595759638,10,EUN,Ledamot,"",2026-09-28,43274
20466,kammaruppdrag,"",2010-10-04,0196077326617,86,kam,Riksdagsledamot,Tjänstgörande,2014-09-29,20460
18559,kammaruppdrag,"",1985-09-30,0470593486100,0,kam,Riksdagsledamot,Tjänstgörande,1988-10-03,18554
18136,kammaruppdrag,"",1991-09-30,0820673454606,58,kam,Riksdagsledamot,Tjänstgörande,1991-10-04,18129
52941,kammaruppdrag,"Chris Dahlqvist 2025-09-10 - 2025-12-07, Annelie Sjöberg 2025-12-08 - 2026-01-31",2025-09-10,0861521539920,216,kam,Riksdagsledamot,Ledig,2026-01-31,52939
34405,Departement,Finansdepartementet,2021-07-09,062367962120,16,Fi,Statsråd,"",2021-11-30,34404
2361,Riksdagsorgan,Nordiska rådets svenska delegation,1988-10-18,0987224899103,0,NR,Suppleant,"",1989-09-30,2338
47403,uppdrag,Miljö- och jordbruksutskottet,2020-03-18,0204240926023,281,MJU,Suppleant,"",2022-09-26,47383
51268,Riksdagsorgan,Nordiska rådets svenska delegation,2022-10-26,0866055333028,11,NR,Suppleant,"",2023-10-19,51223
2630,kammaruppdrag,"",2007-01-06,099373212513,290,kam,Riksdagsledamot,Tjänstgörande,2009-06-21,2625
12941,uppdrag,Näringsutskottet,1988-11-07,0853269477202,0,NU,Suppleant,"",1991-09-29,12934
17783,uppdrag,Trafikutskottet,1988-10-11,0666473608905,0,TU,Suppleant,"",1991-09-29,17781
39461,uppdrag,Utrikesutskottet,1988-11-07,0172078270306,0,UU,Suppleant,"",1990-06-13,39447
23192,Riksdagsorgan,Valprövningsnämnden,2023-03-23,0889860537413,3,VPN,Ledamot,"",2027-03-23,23175
15472,uppdrag,Konstitutionsutskottet,1991-10-08,0839411947603,0,KU,Suppleant,"",1992-11-05,15467
25113,uppdrag,Civilutskottet,2022-01-11,0503363679811,0,CU,Extra suppleant,"",2022-01-23,25106
19475,uppdrag,Lagutskottet,1985-09-30,0810673119603,0,LU,Suppleant,"",1988-10-02,19459
41255,uppdrag,Socialförsäkringsutskottet,2023-10-14,0653578338415,0,SfU,Extra suppleant,"",2023-11-13,41251
41216,uppdrag,Näringsutskottet,2014-10-07,0671881934227,6,NU,Suppleant,"",2018-09-24,41213
39821,kammaruppdrag,"",2020-09-01,0862868280923,218,kam,Riksdagsledamot,Tjänstgörande,2022-09-26,39816
3055,kammaruppdrag,Grethe Lundblad,1979-10-23,0815435847817,0,kam,Ersättare,Ersättare,1979-11-25,3043
53196,uppdrag,Miljö- och jordbruksutskottet,2021-01-01,0986091320811,131,MJU,Suppleant,"",2022-09-26,53184
40441,Riksdagsorgan,Nordiska rådets svenska delegation,2022-10-11,0985943148917,9,NR,Ledamot,"",2023-10-19,40426
42293,uppdrag,Arbetsmarknadsutskottet,2025-01-16,0845133742919,21,AU,Suppleant,"",2026-09-28,42291
40814,uppdrag,Näringsutskottet,2010-10-12,084624777218,11,NU,Suppleant,"",2011-10-13,40787
5952,uppdrag,Socialutskottet,2002-11-05,0798417016112,0,SoU,Andre vice ordförande,"",2006-10-01,5940
52198,uppdrag,Näringsutskottet,2025-10-14,0663840649717,0,NU,Extra suppleant,"",2025-11-20,52191
15796,Riksdagsorgan,Nordiska rådets svenska delegation,1998-10-20,0634122058105,0,NR,Ledamot,"",2002-09-30,15778
14298,kammaruppdrag,"",1988-10-03,0717130693403,259,kam,Riksdagsledamot,Tjänstgörande,1991-09-30,14292
8455,kammaruppdrag,Hillevi Larsson,2010-12-01,0662364517619,14,kam,Ersättare,Ersättare,2011-06-30,8454
13761,Riksdagsorgan,EES-EFTA delegationen,1994-10-11,0970500642209,0,EES,Ledamot,"",1994-12-31,13750
48013,uppdrag,Civilutskottet,2020-05-04,0992420223820,17,CU,Suppleant,"",2022-09-26,47992
23606,uppdrag,Sammansatta utrikes- och försvarsutskottet,2015-04-14,067992138910,8,UFöU,Deputerad,"",2015-05-19,23590
32948,uppdrag,Skatteutskottet,2014-10-14,0628190530410,21,SkU,Suppleant,"",2017-03-23,32923
34306,kammaruppdrag,"",2010-10-04,0891971250317,44,kam,Riksdagsledamot,Tjänstgörande,2014-09-29,34303
18472,kammaruppdrag,Karl Erik Olsson,1991-10-05,0933523418809,147,kam,Ersättare,Ersättare,1992-11-15,18467
3873,kammaruppdrag,Sjukledighet,1974-10-21,0868028415991,0,kam,Riksdagsledamot,Ledig,1974-12-15,3869
2734,kammaruppdrag,"",1998-10-05,0287864972117,280,kam,Riksdagsledamot,Tjänstgörande,2002-09-30,2729
19383,Riksdagsorgan,Riksbanksfullmäktige,1989-10-03,0567603564903,0,RB,Suppleant,"",1995-10-03,19354
52202,uppdrag,Näringsutskottet,2024-04-03,0663840649717,0,NU,Extra suppleant,"",2024-06-30,52191
43576,uppdrag,Utrikesutskottet,2022-10-12,0304498908019,22,UU,Suppleant,"",2026-09-28,43570
48713,uppdrag,EU-nämnden,2020-03-18,0803753212716,304,EUN,Suppleant,"",2022-10-04,48681
13684,uppdrag,Socialförsäkringsutskottet,1995-10-11,0586690122908,0,SfU,Suppleant,"",1996-09-16,13673
19404,kammaruppdrag,"",1994-10-03,0692993567203,88,kam,Riksdagsledamot,Tjänstgörande,1998-10-05,19397
41360,uppdrag,Civilutskottet,2020-03-20,0279488554424,271,CU,Suppleant,"",2022-09-26,41352
16762,uppdrag,Bostadsutskottet,2000-10-13,013322783509,0,BoU,Suppleant,"",2001-05-31,16748
29022,uppdrag,Kulturutskottet,2018-10-02,0363721826713,7,KrU,Ledamot,"",2021-09-30,29017
52056,uppdrag,Konstitutionsutskottet,2001-10-19,0888530335200,0,KU,Suppleant,"",2002-09-29,52046
33166,uppdrag,Finansutskottet,2024-05-16,0904448094023,23,FiU,Suppleant,"",2026-09-28,33161
33134,uppdrag,Justitieutskottet,2020-03-18,0364687971222,27,JuU,Suppleant,"",2021-09-17,33116
1267,kammaruppdrag,Sven Bergström 1995-01-10 - 1995-10-09,1995-01-10,0636794729408,304,kam,Riksdagsledamot,Ledig,1995-10-09,1264
50678,uppdrag,Sammansatta utrikes- och försvarsutskottet,2018-05-15,0496341906327,17,UFöU,Deputerad,"",2018-06-14,50638
20997,uppdrag,Justitieutskottet,1989-03-17,0144653147601,0,JuU,Suppleant,"",1990-05-03,20989
2035,Riksdagsorgan,Riksrevisionens parlamentariska råd,2011-01-01,039984931601,7,RRPR,Ledamot,"",2014-06-30,2020
15284,uppdrag,Finansutskottet,1991-09-30,0522191574902,0,FiU,Ledamot,"",1994-10-02,15271
5772,kammaruppdrag,Sten Andersson,1980-04-23,0433787556201,0,kam,Ersättare,Ersättare,1980-06-12,5769
242,Riksdagsorgan,Riksbanksfullmäktige,2006-10-17,0897304708905,3,RB,Ledamot,"",2010-10-19,219
10086,Riksdagsorgan,Riksdagens delegation till Europarådets parlamentariska församling,1983-10-04,0469915585804,0,ER,Ordförande,"",1991-11-20,10073
46045,Riksdagsorgan,Riksbanksfullmäktige,2018-10-09,0613297818326,6,RB,Suppleant,"",2022-10-09,46009
26058,uppdrag,EES-utskottet,1992-05-26,0764840691205,0,EU,Suppleant,"",1993-06-04,26045
20211,Riksdagsorgan,Riksbanksfullmäktige,2006-10-17,013162757105,7,RB,Ledamot,"",2010-10-19,20200
17111,uppdrag,Kulturutskottet,2002-11-19,0181942435301,0,KrU,Suppleant,"",2004-06-14,17096
29918,kammaruppdrag,Jessica Rosencrantz,2020-01-01,072019517020,141,kam,Ersättare,Ersättare,2020-05-03,29915
49337,Departement,Näringsdepartementet,2019-01-21,0744993950910,14,N,Statsråd,"",2019-03-31,49329
8931,uppdrag,EU-nämnden,2011-02-07,0535289016620,0,EUN,Extra suppleant,"",2011-06-03,8928
18933,uppdrag,Trafikutskottet,2002-10-08,0117613859601,0,TU,Ledamot,"",2006-10-02,18927
23089,uppdrag,EU-nämnden,2008-01-18,0618560932311,0,EUN,Suppleant,"",2009-02-19,23071
12608,kammaruppdrag,"",1979-10-01,0611699417309,0,kam,Riksdagsledamot,Tjänstgörande,1982-10-04,12603
41796,uppdrag,Utrikesutskottet,2020-03-18,0836001490919,111,UU,Suppleant,"",2020-09-03,41768
12019,kammaruppdrag,Anna Stråkander 1991-11-11 - 1991-12-10,1991-11-11,0110548017702,86,kam,Riksdagsledamot,Ledig,1991-12-10,12015
1840,uppdrag,Konstitutionsutskottet,2010-10-12,0447461551212,6,KU,Suppleant,"",2014-09-29,1836
11960,uppdrag,Försvarsutskottet,1994-10-11,0288448506702,0,FöU,Ledamot,"",1998-10-04,11954
49806,uppdrag,Näringsutskottet,2023-09-20,0178323535715,1,NU,Suppleant,"",2025-03-18,49802
42954,uppdrag,Trafikutskottet,2019-03-07,0977592683711,12,TU,Andre vice ordförande,"",2022-09-26,42944
42254,uppdrag,Konstitutionsutskottet,2020-03-18,0706528359123,186,KU,Suppleant,"",2020-09-03,42233
7312,uppdrag,Försvarsutskottet,2006-10-24,0401150407611,20,FöU,Suppleant,"",2010-10-04,7300
28826,uppdrag,Arbetsmarknadsutskottet,2020-03-18,0446541913415,96,AU,Suppleant,"",2022-09-26,28817
10350,kammaruppdrag,"",1988-10-03,0913695315308,47,kam,Riksdagsledamot,Tjänstgörande,1991-09-30,10348
30723,kammaruppdrag,Åsa Romson,2014-10-03,0704744533715,172,kam,Statsrådsersättare,Ersättare,2016-05-25,30718
40810,uppdrag,Näringsutskottet,2014-10-07,084624777218,9,NU,Ledamot,"",2018-09-24,40787
40675,uppdrag,Försvarsutskottet,2014-10-07,0126797549328,4,FöU,Ledamot,"",2014-12-18,40639
17183,kammaruppdrag,"",1986-10-07,0233182252702,0,kam,Riksdagsledamot,Tjänstgörande,1988-10-03,17181
816,kammaruppdrag,Camilla Dahlin-Andersson 2002-01-26 - 2002-02-27,2002-01-26,0101299073819,51,kam,Riksdagsledamot,Ledig,2002-02-27,807
32527,kammaruppdrag,"",2006-10-02,0393583311409,309,kam,Riksdagsledamot,Tjänstgörande,2009-01-14,32526
48009,uppdrag,Miljö- och jordbruksutskottet,2022-10-04,0992420223820,3,MJU,Ledamot,"",2022-10-20,47992
23461,uppdrag,Näringsutskottet,2008-09-25,0742251416419,2,NU,Suppleant,"",2010-10-04,23459
27360,kammaruppdrag,Holger Gustafsson,1995-01-10,0191823608408,245,kam,Ersättare,Ersättare,1995-10-10,27358
38284,Riksdagsorgan,Valberedningen,2014-09-29,0363228965800,7,VB,Suppleant,"",2018-09-24,38238
38791,kammaruppdrag,"",2017-04-24,0506541436524,87,kam,Statsrådsersättare,Ledig Ersättare,2017-12-31,38785
19595,Departement,Näringsdepartementet,2002-09-30,0472624390304,0,N,Statsråd,"",2006-10-02,19593
21107,uppdrag,Kulturutskottet,2008-12-01,0995355603410,28,KrU,Suppleant,"",2010-10-04,21096
21335,kammaruppdrag,"",1998-10-05,0573136138218,129,kam,Riksdagsledamot,Tjänstgörande,2002-09-30,21330
35535,uppdrag,Utrikesutskottet,2024-09-11,0254161225015,15,UU,Suppleant,"",2024-11-25,35531
11871,Riksdagsorgan,Riksdagens delegation till Interparlamentariska unionen,1985-09-30,0145888252000,0,IPU,Ledamot,"",1998-10-20,11831
41047,partiuppdrag,Miljöpartiet de gröna,2019-07-01,0316505710324,0,MP,Förste vice gruppledare,"",2019-11-03,41043
50788,kammaruppdrag,"",2000-05-01,0970259744617,11,kam,Riksdagsledamot,Tjänstgörande,2002-09-30,50778
6896,kammaruppdrag,"",1998-10-05,0517869568019,278,kam,Riksdagsledamot,Tjänstgörande,2002-09-30,6893
39803,Riksdagsorgan,Nordiska rådets svenska delegation,2010-10-19,012053331219,1,NR,Suppleant,"",2011-09-15,39764
17970,Riksdagsorgan,EFTA-delegationen,1989-06-01,0193303720505,0,EFTA,Suppleant,"",1994-10-03,17967
2120,Riksdagsorgan,Riksdagens delegation till Europarådets parlamentariska församling,1993-11-08,0729734540102,0,ER,Suppleant,"",1994-10-03,2106
48358,uppdrag,Kulturutskottet,2012-02-24,0542160909628,25,KrU,Suppleant,"",2014-09-29,48325
21784,uppdrag,Miljö- och jordbruksutskottet,2018-10-02,0582811195313,14,MJU,Ledamot,"",2019-10-25,21758
39261,uppdrag,Konstitutionsutskottet,2020-03-18,0772402807013,295,KU,Suppleant,"",2020-09-03,39236
23439,uppdrag,Sammansatta utrikes- och försvarsutskottet,2004-02-05,0910241260018,0,UFöU,Suppleant,"",2004-02-18,23392
10915,kammaruppdrag,"",1979-10-01,0371147794304,0,kam,Riksdagsledamot,Tjänstgörande,1982-10-04,10909
6850,kammaruppdrag,Pernilla Zethraeus,2007-09-26,0548089226618,245,kam,Ersättare,Ersättare,2008-02-15,6849
19328,uppdrag,EU-nämnden,1998-10-13,0200003128803,0,EUN,Suppleant,"",2000-10-12,19319
8812,Riksdagsorgan,Riksdagens delegation till OSSE:s parlamentariska församling,2006-10-17,0807866053922,4,OSSE,Suppleant,"",2010-10-19,8804
23233,uppdrag,Socialutskottet,2013-02-22,0455086201022,16,SoU,Suppleant,"",2014-09-29,23199
27441,uppdrag,Socialutskottet,2002-10-08,038604236714,0,SoU,Suppleant,"",2006-10-02,27439
46331,uppdrag,Finansutskottet,2022-10-04,0671571847522,1,FiU,Suppleant,"",2024-09-11,46327
53647,uppdrag,Kulturutskottet,2022-10-04,0138741628520,5,KrU,Ledamot,"",2023-09-20,53633
18749,uppdrag,Miljö- och jordbruksutskottet,2002-10-08,0599003208801,0,MJU,Ledamot,"",2006-10-02,18745
47591,kammaruppdrag,Patrik Lundqvist,2021-11-01,0433422973328,311,kam,Ersättare,Ersättare,2021-12-19,47589
15378,uppdrag,Justitieutskottet,1998-10-13,0846171262302,0,JuU,Suppleant,"",2002-09-30,15367
29485,uppdrag,Kulturutskottet,2020-03-18,0843345349823,53,KrU,Suppleant,"",2022-09-26,29471
22773,uppdrag,Miljö- och jordbruksutskottet,2014-10-07,0752691002718,5,MJU,Suppleant,"",2018-09-24,22753
45885,uppdrag,Socialförsäkringsutskottet,2020-03-18,0540190357911,163,SfU,Suppleant,"",2022-09-26,45870
17350,Riksdagsorgan,Utrikesnämnden,1995-01-26,0739152363302,0,UN,Suppleant,"",1998-10-05,17286
47145,Riksdagsorgan,Riksdagens överklagandenämnd,2022-10-11,0111479807829,3,ÖN,Ledamot,"",2022-10-10,47113
24229,uppdrag,Miljö- och jordbruksutskottet,2015-05-28,0884738092723,9,MJU,Ledamot,"",2015-06-02,24204
31450,uppdrag,Socialutskottet,2019-04-03,0227802801605,28,SoU,Suppleant,"",2022-01-31,31437
43119,Riksdagsorgan,Nordiska rådets svenska delegation,2024-10-16,0926214745119,2,NR,Ledamot,"",2025-10-15,43085
37337,uppdrag,EU-nämnden,2022-10-12,0314794471216,55,EUN,Suppleant,"",2025-02-23,37328
26726,uppdrag,Skatteutskottet,2019-11-11,0624994476012,0,SkU,Extra suppleant,"",2020-02-14,26709
26216,uppdrag,Arbetsmarknadsutskottet,1985-09-30,06517287603,0,AU,Ledamot,"",1988-10-02,26204
5735,kammaruppdrag,"",1979-10-01,0161742347007,0,kam,Riksdagsledamot,Tjänstgörande,1982-10-04,5730
10892,kammaruppdrag,"",1982-10-04,0925516323103,0,kam,Riksdagsledamot,Tjänstgörande,1985-09-30,10888
20587,uppdrag,Konstitutionsutskottet,2014-10-07,0161597857912,16,KU,Ledamot,"",2018-09-24,20563
37382,uppdrag,Näringsutskottet,2020-03-18,0281670919717,272,NU,Suppleant,"",2022-09-26,37370
29164,uppdrag,EU-nämnden,2017-05-04,010343930918,58,EUN,Suppleant,"",2018-10-02,29133
24129,uppdrag,Utbildningsutskottet,2014-10-14,0306286538528,24,UbU,Suppleant,"",2018-09-24,24105
30733,uppdrag,Socialutskottet,2021-10-12,0704744533715,302,SoU,Suppleant,"",2021-11-30,30718
51178,kammaruppdrag,"",2022-09-26,0412148992926,11,kam,Riksdagsledamot,Tjänstgörande,2026-09-28,51177
21712,uppdrag,Sammansatta utrikes- och försvarsutskottet,2009-02-12,0743081365718,0,UFöU,Suppleant,"",2009-03-12,21703
11110,uppdrag,Bostadsutskottet,1985-09-30,0409817272107,0,BoU,Ledamot,"",1988-10-02,11093
18306,kammaruppdrag,"",2006-10-02,0319703582208,176,kam,Riksdagsledamot,Tjänstgörande,2010-10-04,18305
53068,uppdrag,Socialförsäkringsutskottet,2020-03-18,0587736055221,126,SfU,Suppleant,"",2022-09-26,53050
43892,uppdrag,Socialutskottet,2020-03-18,049290762318,150,SoU,Suppleant,"",2022-09-26,43878
50906,uppdrag,Näringsutskottet,2004-04-29,0973782197017,0,NU,Suppleant,"",2006-10-02,50869
21103,uppdrag,Miljö- och jordbruksutskottet,2014-10-07,0995355603410,15,MJU,Suppleant,"",2017-10-31,21096
19842,uppdrag,Justitieutskottet,1991-09-30,04671560703,0,JuU,Ledamot,"",1994-10-02,19830
41192,Riksdagsorgan,Riksdagens delegation till OSSE:s parlamentariska församling,2018-10-09,0194498232620,3,OSSE,Suppleant,"",2022-09-26,41155
35673,uppdrag,Kulturutskottet,2020-03-18,0150118366721,244,KrU,Suppleant,"",2022-09-26,35658
4916,kammaruppdrag,Gösta Bohman,1987-04-27,0483316376813,0,kam,Ersättare,Ersättare,1987-06-01,4907
23011,uppdrag,Miljö- och jordbruksutskottet,2020-03-18,0397377293714,121,MJU,Suppleant,"",2020-08-31,23001
1516,uppdrag,Justitieutskottet,1991-10-08,0664384557700,0,JuU,Ledamot,"",1994-10-02,1514
16179,kammaruppdrag,"",2006-10-02,0714579775816,187,kam,Riksdagsledamot,Tjänstgörande,2010-10-04,16174
30291,uppdrag,Arbetsmarknadsutskottet,2020-03-18,089246126523,152,AU,Suppleant,"",2022-09-26,30286
26958,kammaruppdrag,"",2006-10-02,0327857385513,47,kam,Riksdagsledamot,Tjänstgörande,2010-10-04,26956
894,kammaruppdrag,Linda Wemmert,2012-03-12,0783865993627,223,kam,Ersättare,Ersättare,2012-06-22,893
24776,uppdrag,Utbildningsutskottet,2012-10-19,0381918573217,1,UbU,Suppleant,"",2014-09-29,24769
16260,kammaruppdrag,"Inger Nordlander 2002-09-30 - 2004-07-19, Kaj Nordquist 2004-07-20 - 2006-10-02  Statsråd",2002-09-30,0552112259207,19,kam,Riksdagsledamot,Ledig,2006-10-02,16255
50024,kammaruppdrag,"",2022-09-26,035234573112,164,kam,Riksdagsledamot,Tjänstgörande,2025-01-12,50020
5816,uppdrag,Skatteutskottet,1995-01-19,0674177483011,0,SkU,Suppleant,"",1996-03-22,5809
7256,kammaruppdrag,Cinnika Beiming,2006-05-31,0829600202519,0,kam,Ersättare,Ersättare,2006-07-15,7255
52711,Riksdagsorgan,Krigsdelegationen,2010-10-19,0607691439013,36,KD,Ledamot,"",2014-10-14,52613
39758,Departement,Utrikesdepartementet,2020-12-17,0828690288413,20,UD,Statsråd,"",2021-02-04,39752
2999,uppdrag,Konstitutionsutskottet,1994-10-11,0980725315516,0,KU,Suppleant,"",1997-09-17,2981
15723,Riksdagsorgan,Krigsdelegationen,1982-10-04,0334042720405,0,KD,Ledamot,"",1994-10-03,15703
28059,uppdrag,Miljö- och jordbruksutskottet,2010-10-12,0916608741910,2,MJU,Suppleant,"",2011-05-12,28049
300,Riksdagsorgan,Nordiska rådets svenska delegation,1994-10-18,0622185335615,0,NR,Ledamot,"",1998-10-05,272
53797,uppdrag,Civilutskottet,2020-03-20,0831636664429,306,CU,Suppleant,"",2022-09-26,53780
7587,kammaruppdrag,Thomas Bodström,2006-10-02,0874331493311,269,kam,Statsrådsersättare,Ersättare,2006-10-06,7585
48115,uppdrag,Justitieutskottet,2020-03-18,0506482805418,170,JuU,Suppleant,"",2022-09-26,48103
4342,uppdrag,Finansutskottet,1996-11-27,0790996600918,0,FiU,Suppleant,"",1998-10-04,4337
26804,uppdrag,Arbetsmarknadsutskottet,1982-10-04,088849148003,0,AU,Ledamot,"",1985-09-29,26784
2007,uppdrag,Finansutskottet,1998-10-20,0962854674801,0,FiU,Suppleant,"",2002-09-30,2002
10577,uppdrag,Kulturutskottet,1988-10-11,0853366412307,0,KrU,Suppleant,"",1991-09-29,10565
41094,uppdrag,Försvarsutskottet,2018-12-05,0316505710324,26,FöU,Suppleant,"",2019-02-06,41043
22653,kammaruppdrag,"",2006-10-02,0558039843819,249,kam,Riksdagsledamot,Tjänstgörande,2010-10-04,22650
46096,uppdrag,Socialförsäkringsutskottet,2018-10-02,0430865615328,10,SfU,Suppleant,"",2020-06-08,46072
30724,uppdrag,Kulturutskottet,2021-02-25,0704744533715,16,KrU,Ledamot,"",2021-11-30,30718
14799,Riksdagsorgan,EG-delegationen,1993-01-21,0972781465305,0,EG,Ledamot,"",1994-10-03,14798
111308,uppdrag,Justitieutskottet,2026-02-17,0722683622001,0,JuU,Extra suppleant,"",2026-05-07,54050
11322,uppdrag,Bostadsutskottet,1988-10-11,034408872004,0,BoU,Suppleant,"",1991-09-29,11312
45601,uppdrag,Näringsutskottet,2020-03-18,0721509806321,224,NU,Suppleant,"",2020-11-27,45587
8502,uppdrag,Justitieutskottet,1988-10-03,0502770250503,0,JuU,Ledamot,"",1991-09-29,8486
18563,uppdrag,Utrikesutskottet,1991-10-08,0470593486100,0,UU,Ledamot,"",1994-10-02,18554
8639,kammaruppdrag,"",2006-10-02,0244345953026,292,kam,Riksdagsledamot,Tjänstgörande,2006-11-08,8638
28673,Riksdagsorgan,Riksbanksfullmäktige,2000-12-05,0136310791918,0,RB,Suppleant,"",2002-09-30,28632
39634,uppdrag,Finansutskottet,2015-03-17,0630824497414,28,FiU,Suppleant,"",2018-09-24,39624
24597,uppdrag,Sammansatta utrikes- och försvarsutskottet,2013-04-23,0483837558914,10,UFöU,Suppleant,"",2013-06-18,24582
50677,uppdrag,Sammansatta utrikes- och försvarsutskottet,2019-11-14,0496341906327,11,UFöU,Deputerad,"",2019-12-17,50638
7266,uppdrag,Utbildningsutskottet,2006-10-10,0577400273410,9,UbU,Suppleant,"",2010-10-04,7261
11896,kammaruppdrag,"",1982-10-04,0348268153001,0,kam,Riksdagsledamot,Tjänstgörande,1982-10-07,11886
15219,Riksdagsorgan,Riksbanksfullmäktige,1994-10-18,0270681733602,0,RB,Suppleant,"",1998-10-05,15198
21023,uppdrag,Kulturutskottet,2002-10-08,0235974887200,0,KrU,Suppleant,"",2004-12-05,21011
5541,kammaruppdrag,"",1976-10-04,0123927542506,0,kam,Riksdagsledamot,Tjänstgörande,1979-10-01,5519
286,kammaruppdrag,Filip Fridolfsson 1979-11-05 - 1980-10-06,1979-11-05,0622185335615,0,kam,Riksdagsledamot,Ledig,1980-10-06,272
1690,uppdrag,Kulturutskottet,1998-10-20,0236004923301,0,KrU,Suppleant,"",2002-09-30,1680
44374,uppdrag,Näringsutskottet,1994-10-11,0919710128803,0,NU,Suppleant,"",1998-10-04,44367
50489,uppdrag,Sammansatta utrikes- och försvarsutskottet,2025-03-13,0473783431010,4,UFöU,Deputerad,"",2025-03-20,50454
47843,uppdrag,Finansutskottet,2014-10-07,0493288854424,2,FiU,Suppleant,"",2015-01-27,47812
44659,partiuppdrag,Miljöpartiet de gröna,2022-11-08,0692076685824,0,MP,Andre vice gruppledare,"",2024-06-14,44657
52697,Riksdagsorgan,Riksdagens delegation till Natos parlamentariska församling,2024-04-10,0607691439013,7,NATO,Ledamot,"",2024-06-19,52613
14720,kammaruppdrag,"",1988-10-03,0391621769505,102,kam,Riksdagsledamot,Tjänstgörande,1991-09-30,14717
44479,uppdrag,Kulturutskottet,2020-03-18,0612916684825,177,KrU,Suppleant,"",2022-09-26,44460
16784,kammaruppdrag,"",1991-12-10,0139582082909,118,kam,Riksdagsledamot,Tjänstgörande,1994-10-03,16783
29093,uppdrag,Sammansatta utrikes- och försvarsutskottet,2012-11-27,0590042760718,7,UFöU,Deputerad,"",2012-12-19,29060
5220,kammaruppdrag,"",1995-11-01,0115057914316,328,kam,Riksdagsledamot,Tjänstgörande,1998-10-05,5213
47349,uppdrag,Justitieutskottet,2020-03-18,0764949934324,53,JuU,Suppleant,"",2022-09-26,47331
3975,uppdrag,Utbildningsutskottet,1991-09-30,033486567915,0,UbU,Ledamot,"",1994-01-26,3968
43031,Riksdagsorgan,Riksdagens styrgrupp för det bilaterala demokratifrämjande samarbetet,2020-02-11,0122987223112,1,DEM,Ordförande,"",2022-10-26,42991
16962,Riksdagsorgan,Riksrevisionens styrelse,2006-10-17,0475092656901,7,RRS,Suppleant,"",2010-10-19,16947
28268,uppdrag,Arbetsmarknadsutskottet,2019-01-14,0860429409414,12,AU,Suppleant,"",2021-02-11,28256
977,kammaruppdrag,Cristina Husmark Pehrsson,2006-10-06,0114769874810,185,kam,Statsrådsersättare,Ersättare,2006-11-09,975
21185,kammaruppdrag,"",2006-10-02,0544046588414,42,kam,Riksdagsledamot,Tjänstgörande,2010-10-04,21182
28598,uppdrag,Trafikutskottet,2020-03-18,0460690753617,207,TU,Suppleant,"",2022-09-26,28581
4705,uppdrag,Utrikesutskottet,2013-02-20,0699506181311,33,UU,Suppleant,"",2014-09-29,4701
32424,kammaruppdrag,"",2002-09-30,0480007629014,83,kam,Riksdagsledamot,Tjänstgörande,2006-10-02,32422
51807,uppdrag,Utbildningsutskottet,2014-10-07,07012286624,15,UbU,Ledamot,"",2018-09-24,51786
42325,uppdrag,Finansutskottet,2020-03-18,0494242537816,261,FiU,Suppleant,"",2022-09-26,42311
16912,uppdrag,Finansutskottet,2010-10-12,0916272051100,13,FiU,Ledamot,"",2014-09-29,16909
2627,kammaruppdrag,"",2010-10-06,099373212513,217,kam,Riksdagsledamot,Tjänstgörande,2010-10-06,2625
16285,uppdrag,Finansutskottet,2002-10-15,0745549193810,0,FiU,Suppleant,"",2006-10-02,16272
41093,uppdrag,Utrikesutskottet,2018-10-02,0316505710324,16,UU,Suppleant,"",2019-02-07,41043
21170,Riksdagsorgan,Krigsdelegationen,1998-10-20,031005479013,0,KD,Ledamot,"",2002-10-14,21122
43348,uppdrag,Finansutskottet,2022-10-12,0514669448526,23,FiU,Suppleant,"",2024-01-25,43342
570,Riksdagsorgan,Nordiska rådets svenska delegation,1998-10-20,0507199415917,0,NR,Ledamot,"",2000-10-18,544
53192,uppdrag,Arbetsmarknadsutskottet,2021-01-01,0986091320811,129,AU,Suppleant,"",2022-09-26,53184
45017,uppdrag,Trafikutskottet,2009-04-02,0853395328224,2,TU,Ordförande,"",2010-10-04,44993
17917,Riksdagsorgan,Europaparlamentet,1995-01-01,0153923606405,0,EP,Ledamot,"",1995-10-10,17908
11338,kammaruppdrag,Marianne Löfstedt 1990-10-02 - 1990-10-31,1990-10-02,0234578153505,335,kam,Riksdagsledamot,Ledig,1990-10-31,11335
8724,uppdrag,Miljö- och jordbruksutskottet,2008-03-03,0955635879822,0,MJU,Suppleant,"",2009-03-01,8721
47553,kammaruppdrag,"",2022-09-26,0694917698222,306,kam,Riksdagsledamot,Tjänstgörande,2026-06-03,47551
32204,uppdrag,Justitieutskottet,2020-03-18,0322827326923,106,JuU,Suppleant,"",2022-09-26,32199
700,uppdrag,Arbetsmarknadsutskottet,1994-12-15,0789744347006,0,AU,Suppleant,"",1998-10-04,696
11992,kammaruppdrag,"",1985-09-30,0288808902002,0,kam,Riksdagsledamot,Tjänstgörande,1988-10-03,11988
43321,uppdrag,Bostadsutskottet,2003-03-12,0983984918111,0,BoU,Suppleant,"",2006-10-02,43285
13101,uppdrag,Näringsutskottet,1991-10-15,08289753603,0,NU,Suppleant,"",1994-10-02,13098
13274,kammaruppdrag,Anne Wibble,1993-03-08,0997350894105,44,kam,Ersättare,Ersättare,1993-05-09,13270
19103,uppdrag,Sammansatta utrikes- och försvarsutskottet,2009-11-12,0782713019602,12,UFöU,Deputerad,"",2009-12-09,19082
15218,uppdrag,EU-nämnden,2000-10-27,0270681733602,0,EUN,Ledamot,"",2000-11-27,15198
13247,uppdrag,Näringsutskottet,1985-09-30,0719430958705,0,NU,Suppleant,"",1988-10-02,13228
9935,Riksdagsorgan,Utrikesnämnden,1991-10-15,0160374603998,0,UN,Ledamot,"",1994-10-03,9914
52516,uppdrag,Justitieutskottet,2020-03-18,0932000030511,81,JuU,Suppleant,"",2022-09-26,52507
11512,uppdrag,Försvarsutskottet,1988-11-07,0566638963807,0,FöU,Suppleant,"",1991-09-29,11499
12727,uppdrag,Skatteutskottet,1994-10-11,0110409174800,0,SkU,Suppleant,"",1994-10-20,12723
50756,uppdrag,Sammansatta utrikes- och försvarsutskottet,2012-11-27,0879782396219,8,UFöU,Suppleant,"",2012-12-19,50699
7981,kammaruppdrag,"",2002-09-30,0883392691612,300,kam,Riksdagsledamot,Tjänstgörande,2006-10-02,7977
19539,kammaruppdrag,"",1989-03-06,0444624665304,87,kam,Riksdagsledamot,Tjänstgörande,1991-09-30,19537
47013,uppdrag,Socialutskottet,2020-03-18,0831039938224,247,SoU,Suppleant,"",2022-09-26,46997
33127,uppdrag,Socialförsäkringsutskottet,2020-03-18,0364687971222,109,SfU,Suppleant,"",2022-09-26,33116
18186,kammaruppdrag,"",1994-10-03,0551013247907,69,kam,Riksdagsledamot,Tjänstgörande,1998-10-05,18184
11855,uppdrag,Näringsutskottet,1991-10-08,0145888252000,0,NU,Ledamot,"",1994-10-02,11831
12456,uppdrag,Arbetsmarknadsutskottet,1994-10-11,0525479453308,0,AU,Suppleant,"",1996-01-31,12444
2639,uppdrag,Näringsutskottet,2006-10-10,099373212513,0,NU,Suppleant,"",2007-03-13,2625
14949,uppdrag,Socialförsäkringsutskottet,2002-10-08,0393171737407,0,SfU,Ledamot,"",2005-04-05,14942
29313,Riksdagsorgan,Krigsdelegationen,2014-10-14,0893004490313,24,KD,Ledamot,"",2018-10-09,29266
48479,kammaruppdrag,Andreas Carlson,2025-09-16,0302393368216,91,kam,Statsrådsersättare,Ersättare,2026-09-28,48478
50871,kammaruppdrag,"",2018-09-24,0973782197017,8,kam,Riksdagsledamot,Tjänstgörande,2022-09-26,50869
990,uppdrag,Trafikutskottet,2010-10-12,0946889218011,1,TU,Ledamot,"",2010-10-12,984
13406,uppdrag,Sammansatta konstitutions- och utrikesutskottet,2002-04-18,0388920259006,0,KUU,Deputerad,"",2002-06-04,13390
20379,uppdrag,Finansutskottet,2006-10-10,0196024739401,3,FiU,Suppleant,"",2010-10-04,20367
47975,Departement,Klimat- och näringslivsdepartementet,2025-09-08,0875693083423,19,KN,Klimat- och miljöminister,"",2025-09-09,47973
27663,kammaruppdrag,"",2018-09-24,0262017901513,4,kam,Riksdagsledamot,Tjänstgörande,2019-12-31,27661
50460,Departement,Justitiedepartementet,2014-10-03,0473783431010,5,Ju,Justitie- och migrationsminister,"",2017-07-27,50454
47494,uppdrag,Sammansatta utrikes- och försvarsutskottet,2017-05-02,0665485817222,9,UFöU,Deputerad,"",2017-06-14,47445
40857,uppdrag,Trafikutskottet,2023-02-24,0249730539015,21,TU,Suppleant,"",2026-09-28,40852
11314,kammaruppdrag,"",1988-10-03,034408872004,189,kam,Riksdagsledamot,Tjänstgörande,1991-09-30,11312
42780,kammaruppdrag,Sara Gille,2023-01-18,0998575875190,74,kam,Ersättare,Ersättare,2023-03-31,42777
41603,uppdrag,Socialutskottet,2020-03-18,0545733815610,286,SoU,Suppleant,"",2022-09-26,41587
43025,uppdrag,EU-nämnden,2020-03-18,0122987223112,263,EUN,Suppleant,"",2022-10-04,42991
39195,uppdrag,Civilutskottet,2022-10-04,0254695027922,12,CU,Ledamot,"",2022-10-04,39189
18231,Riksdagsorgan,Riksdagens förvaltningskontor,1994-10-11,0789353702707,0,RFK,Ledamot,"",1994-10-12,18212
22057,Riksdagsorgan,Riksdagens överklagandenämnd,2006-10-17,0617957067613,3,ÖN,Ledamot,"",2010-10-19,22036
19364,uppdrag,Justitieutskottet,1991-09-30,0567603564903,0,JuU,Suppleant,"",1994-10-02,19354
41716,uppdrag,Utrikesutskottet,2020-03-18,0641953830512,275,UU,Suppleant,"",2020-09-03,41696
3608,uppdrag,Civilutskottet,2010-10-12,0223175563813,15,CU,Suppleant,"",2014-09-29,3602
38912,kammaruppdrag,Rasmus Ling,2022-11-07,0639398547124,14,kam,Ersättare,Ersättare,2023-04-09,38911
7054,uppdrag,Skatteutskottet,1994-10-11,0962700307214,0,SkU,Suppleant,"",1995-01-18,7031
8363,kammaruppdrag,"",2005-08-01,0950203660913,155,kam,Riksdagsledamot,Tjänstgörande,2005-09-19,8361
40957,uppdrag,Miljö- och jordbruksutskottet,2014-10-14,0468956880528,19,MJU,Suppleant,"",2018-09-24,40935
15094,Riksdagsorgan,Styrelsen för Stiftelsen Riksbankens Jubileumsfond,2002-11-01,0203071331400,0,RJ,Personlig suppleant,"",2006-10-02,15082
46350,kammaruppdrag,"",2022-09-26,0456680171315,268,kam,Riksdagsledamot,Tjänstgörande,2026-09-28,46349
24296,uppdrag,Arbetsmarknadsutskottet,2010-10-12,0186426023519,8,AU,Suppleant,"",2014-09-29,24288
9238,kammaruppdrag,"",1988-10-03,0396368639900,132,kam,Riksdagsledamot,Tjänstgörande,1991-09-30,9236
17564,uppdrag,Lagutskottet,1994-10-11,0534173087404,0,LU,Ledamot,"",1998-10-04,17555
46040,uppdrag,EU-nämnden,2022-10-04,0613297818326,8,EUN,Ledamot,"",2026-09-28,46009
51768,Riksdagsorgan,Riksdagsstyrelsen,2022-10-04,0802546764724,2,RS,Ledamot,"",2022-10-11,51728
44172,uppdrag,Näringsutskottet,2018-10-02,0810201628512,4,NU,Ledamot,"",2022-09-26,44162
1944,uppdrag,Finansutskottet,1998-10-13,0667054859301,0,FiU,Suppleant,"",2002-09-30,1931
24324,uppdrag,Sammansatta utrikes- och försvarsutskottet,2019-05-09,0873650166625,6,UFöU,Deputerad,"",2019-06-12,24304
4586,uppdrag,Skatteutskottet,1991-09-30,0792716417210,0,SkU,Suppleant,"",1994-10-02,4571
5774,uppdrag,Konstitutionsutskottet,1988-10-11,0433787556201,0,KU,Suppleant,"",1991-09-29,5769
18043,kammaruppdrag,"",2002-09-30,0548843588006,236,kam,Riksdagsledamot,Tjänstgörande,2006-10-02,18041
21411,uppdrag,Skatteutskottet,2012-05-03,0535526562910,19,SkU,Suppleant,"",2014-09-29,21392
49149,Riksdagsorgan,Riksdagens råd för Riksrevisionen,2019-04-01,0509830681123,1,RRR,Suppleant,"",2021-09-29,49144
34652,uppdrag,Konstitutionsutskottet,2022-02-01,023732429721,1,KU,Suppleant,"",2022-09-26,34647
46834,uppdrag,Arbetsmarknadsutskottet,2020-03-18,0472349361027,179,AU,Suppleant,"",2022-09-26,46818
33673,uppdrag,Socialutskottet,1988-11-07,0859925892507,0,SoU,Suppleant,"",1991-09-29,33651
6553,uppdrag,Trafikutskottet,1976-10-04,0544569681404,0,TU,Suppleant,"",1979-09-30,6543
16074,uppdrag,EU-nämnden,2001-09-27,0754692641206,0,EUN,Suppleant,"",2002-10-08,16048
49925,kammaruppdrag,"",2018-09-24,0648224557612,205,kam,Riksdagsledamot,Tjänstgörande,2022-09-26,49921
33171,uppdrag,EU-nämnden,2023-08-16,0904448094023,78,EUN,Suppleant,"",2026-09-28,33161
4827,uppdrag,Sammansatta utrikes- och försvarsutskottet,2003-06-11,0602796111612,0,UFöU,Suppleant,"",2003-06-12,4818
52026,Riksdagsorgan,Riksdagens delegation till OSSE:s parlamentariska församling,2018-10-09,0452755722723,5,OSSE,Ledamot,"",2022-10-09,51945
41180,uppdrag,Utrikesutskottet,2018-10-02,0194498232620,11,UU,Ledamot,"",2019-02-15,41155
16215,kammaruppdrag,Olof Johansson,1982-10-04,0137222911406,0,kam,Ersättare,Ersättare,1982-10-08,16214
40951,uppdrag,Trafikutskottet,2020-03-18,0468956880528,285,TU,Suppleant,"",2022-09-26,40935
26110,kammaruppdrag,"",1985-09-30,0822327872306,0,kam,Riksdagsledamot,Tjänstgörande,1988-10-03,26108
48585,uppdrag,Civilutskottet,2020-03-18,023767922422,97,CU,Suppleant,"",2022-09-26,48563
21738,uppdrag,Sammansatta utrikes- och försvarsutskottet,2011-03-31,0565167965311,10,UFöU,Deputerad,"",2011-04-01,21720
8439,uppdrag,Kulturutskottet,2010-10-19,0203334943718,10,KrU,Suppleant,"",2014-09-29,8434
37869,uppdrag,Bostadsutskottet,1994-10-11,0446973363306,0,BoU,Ledamot,"",1998-10-04,37852
21957,uppdrag,Skatteutskottet,2002-10-15,0731442709013,0,SkU,Suppleant,"",2004-09-14,21913
3508,uppdrag,Lagutskottet,1997-01-22,0681085425612,0,LU,Suppleant,"",1998-10-04,3495
22962,uppdrag,Utrikesutskottet,2003-03-12,0110600080618,0,UU,Suppleant,"",2006-10-02,22946
11710,kammaruppdrag,"",1988-10-03,0336578482300,272,kam,Riksdagsledamot,Tjänstgörande,1990-11-09,11707
19406,kammaruppdrag,"",1988-10-03,0692993567203,96,kam,Riksdagsledamot,Tjänstgörande,1991-09-30,19397
3199,uppdrag,Kulturutskottet,1998-10-13,0887345842319,0,KrU,Suppleant,"",2002-09-30,3191
52119,uppdrag,Trafikutskottet,2019-07-02,0575283695521,2,TU,Suppleant,"",2021-12-09,52099
22580,uppdrag,Näringsutskottet,1991-10-08,0584659199514,0,NU,Ledamot,"",1994-10-02,22565
18595,uppdrag,Arbetsmarknadsutskottet,2008-11-13,0542573140300,16,AU,Suppleant,"",2010-10-04,18584
48888,uppdrag,EU-nämnden,2010-10-12,0462699892622,12,EUN,Suppleant,"",2014-09-29,48846
51136,Riksdagsorgan,Valberedningen,2018-09-24,0964730940415,11,VB,Ledamot,"",2022-09-26,51099
38659,uppdrag,Näringsutskottet,2020-03-18,0773497241728,294,NU,Suppleant,"",2022-09-26,38647
28229,uppdrag,Utrikesutskottet,2020-03-18,0750518623913,50,UU,Suppleant,"",2020-09-03,28211
41928,Riksdagsorgan,Riksdagsstyrelsen,2018-10-02,0980681611418,4,RS,Ledamot,"",2022-10-02,41844
47022,uppdrag,Kulturutskottet,2013-05-03,0831039938224,0,KrU,Extra suppleant,"",2013-08-25,46997
26214,uppdrag,Arbetsmarknadsutskottet,1988-10-03,06517287603,0,AU,Ledamot,"",1991-09-29,26204
39979,Departement,Statsrådsberedningen,2022-10-07,0339624201100,11,SB,Statsråd,"",2022-10-18,39978
5251,uppdrag,Trafikutskottet,2004-03-08,0228907110117,0,TU,Suppleant,"",2004-06-14,5241
51166,uppdrag,EU-nämnden,2022-10-18,0456522027421,61,EUN,Suppleant,"",2024-09-12,51158
14186,kammaruppdrag,Sven-Erik Alkemark 1986-10-15 - 1986-11-14,1986-10-15,0794602231002,0,kam,Riksdagsledamot,Ledig,1986-11-14,14180
22825,kammaruppdrag,"",2002-09-30,0205360448417,240,kam,Riksdagsledamot,Tjänstgörande,2006-10-02,22819
24275,uppdrag,Skatteutskottet,2020-03-18,0454698803028,124,SkU,Suppleant,"",2022-09-26,24263
49365,uppdrag,Miljö- och jordbruksutskottet,2006-10-10,0744993950910,2,MJU,Ordförande,"",2010-10-04,49329
53987,uppdrag,Kulturutskottet,2020-03-18,0838085832923,65,KrU,Suppleant,"",2022-09-26,53977
47856,Departement,Utrikesdepartementet,2025-09-09,0572788110724,13,UD,Utrikesminister,"",2026-10-02,47855
3850,uppdrag,Socialförsäkringsutskottet,1994-10-11,0314386385815,0,SfU,Ledamot,"",1995-09-30,3844
11747,uppdrag,Näringsutskottet,1985-09-30,0393108743200,0,NU,Vice ordförande,"",1988-10-02,11727
13250,uppdrag,Sammansatta utrikes- och försvarsutskottet,1996-10-21,0719430958705,0,UFöU,Deputerad,"",1996-11-20,13228
25149,uppdrag,Justitieutskottet,2020-03-18,055824190225,262,JuU,Suppleant,"",2021-12-16,25145
46427,uppdrag,Konstitutionsutskottet,2022-10-04,0313390540217,6,KU,Suppleant,"",2026-09-28,46421
46795,uppdrag,Trafikutskottet,2022-10-04,0425115010020,8,TU,Ledamot,"",2026-09-28,46792
46210,uppdrag,Konstitutionsutskottet,2020-03-18,0681030112815,113,KU,Suppleant,"",2020-09-03,46192
7766,uppdrag,Finansutskottet,2010-10-12,0880452278816,14,FiU,Ledamot,"",2011-09-15,7760
41941,Riksdagsorgan,Nordiska rådets svenska delegation,2015-10-14,0980681611418,2,NR,Ordförande,"",2016-09-29,41844
52142,uppdrag,Skatteutskottet,2025-10-24,0749416304126,7,SkU,Ledamot,"",2026-09-28,52140
22661,uppdrag,Socialförsäkringsutskottet,2010-10-12,0558039843819,13,SfU,Suppleant,"",2012-11-07,22650
9389,uppdrag,Trafikutskottet,2012-03-19,0188653245302,17,TU,Suppleant,"",2014-09-29,9386
8247,kammaruppdrag,Vivianne Franzén 1992-11-13 - 1992-12-13,1992-11-13,0410190907901,250,kam,Riksdagsledamot,Ledig,1992-12-13,8245
29163,uppdrag,EU-nämnden,2020-03-18,010343930918,129,EUN,Suppleant,"",2022-09-26,29133
41090,uppdrag,Socialförsäkringsutskottet,2019-02-15,0316505710324,27,SfU,Suppleant,"",2020-02-04,41043
11816,Riksdagsorgan,Krigsdelegationen,1991-10-15,0905188835300,0,KD,Ledamot,"",1992-11-02,11802
5218,kammaruppdrag,"",1999-12-06,0115057914316,0,kam,Ersättare,Ersättare,2000-03-31,5213
52908,Departement,Arbetsmarknadsdepartementet,2021-02-05,0349986646724,22,A,Statsråd,"",2021-06-29,52904
28460,kammaruppdrag,"",2006-10-02,0409540163215,299,kam,Riksdagsledamot,Tjänstgörande,2010-10-04,28456
28937,Riksdagsorgan,Delegationen till den gemensamma parlamentariska kontrollgruppen för Europol,2019-01-31,0136801772915,3,Europol,Ledamot,"",2022-09-26,28915
43888,uppdrag,Miljö- och jordbruksutskottet,2020-03-18,049290762318,151,MJU,Suppleant,"",2022-09-26,43878
28985,uppdrag,EU-nämnden,2019-03-14,0962841101917,7,EUN,Ledamot,"",2019-03-15,28949
45833,uppdrag,Skatteutskottet,2020-03-18,0199751900210,141,SkU,Suppleant,"",2022-09-26,45818
37616,kammaruppdrag,"",2022-09-26,0780214960516,217,kam,Riksdagsledamot,Tjänstgörande,2026-09-28,37615
50405,Departement,Försvarsdepartementet,2021-07-09,0937688366013,6,Fö,Försvarsminister,"",2021-11-30,50402
18111,uppdrag,Sammansatta utrikes- och försvarsutskottet,1995-10-26,0610573125306,0,UFöU,Suppleant,"",1995-12-06,18074
2618,uppdrag,Kulturutskottet,1998-10-20,0745615729714,0,KrU,Suppleant,"",2002-09-30,2614
3128,uppdrag,Näringsutskottet,1988-10-11,0893605406218,0,NU,Suppleant,"",1991-09-29,3118
53881,uppdrag,Socialförsäkringsutskottet,2020-03-18,0742883909221,86,SfU,Suppleant,"",2022-09-26,53868
23737,partiuppdrag,Folkpartiet liberalerna,2014-10-04,0275724540919,0,FP,Gruppledare,"",2015-11-24,23735
13032,Riksdagsorgan,Europaparlamentet,1995-01-01,0199809132302,0,EP,Ledamot,"",1995-10-09,13019
45113,uppdrag,Finansutskottet,2022-10-20,014744660015,2,FiU,Vice ordförande,"",2026-09-28,45087
5918,Riksdagsorgan,Utrikesnämnden,1996-05-21,0512357753412,0,UN,Ledamot,"",1998-10-05,5885
20883,kammaruppdrag,"",1988-10-03,0232551233302,309,kam,Riksdagsledamot,Tjänstgörande,1991-09-30,20878
8797,uppdrag,Socialförsäkringsutskottet,2007-04-26,0510486065729,4,SfU,Suppleant,"",2010-10-04,8792
32320,uppdrag,Skatteutskottet,2020-03-18,0538494048717,265,SkU,Suppleant,"",2022-09-26,32310
40621,uppdrag,Arbetsmarknadsutskottet,2010-10-12,011731125914,2,AU,Vice ordförande,"",2014-09-29,40606
19019,uppdrag,Utbildningsutskottet,2004-04-15,0573273704102,0,UbU,Suppleant,"",2004-06-14,19000
22370,uppdrag,Försvarsutskottet,2010-10-12,037508021018,17,FöU,Ledamot,"",2014-09-29,22361
40384,Departement,Finansdepartementet,2016-05-25,0956444284814,14,Fi,Statsråd,"",2017-07-27,40377
52847,uppdrag,Justitieutskottet,2025-10-14,0198917587520,20,JuU,Suppleant,"",2025-12-05,52838
15287,uppdrag,Konstitutionsutskottet,1988-10-11,0522191574902,0,KU,Suppleant,"",1991-09-29,15271
39158,uppdrag,Försvarsutskottet,2022-10-12,0828001951212,22,FöU,Suppleant,"",2022-11-09,39150
39212,uppdrag,Kulturutskottet,2017-09-07,0254695027922,15,KrU,Suppleant,"",2018-09-24,39189
14026,kammaruppdrag,"",1991-09-30,0638330195202,149,kam,Riksdagsledamot,Tjänstgörande,1994-10-03,14023
50555,Riksdagsorgan,Valberedningen,2022-09-26,0202577142527,9,VB,Ledamot,"",2026-09-28,50520
41436,kammaruppdrag,Marcus Wennerström 2023-08-28 - 2024-04-30,2023-08-28,075747847023,179,kam,Riksdagsledamot,Ledig,2024-04-30,41434
52801,uppdrag,Utrikesutskottet,2019-09-20,0105632258713,4,UU,Suppleant,"",2022-09-26,52779
48450,uppdrag,Skatteutskottet,1998-10-13,0714307225418,0,SkU,Suppleant,"",2002-09-30,48435
14773,uppdrag,Utbildningsutskottet,1994-10-11,0559791876105,0,UbU,Ledamot,"",1998-10-04,14765
22976,uppdrag,Sammansatta utrikes- och försvarsutskottet,1999-03-23,0110600080618,0,UFöU,Deputerad,"",1999-09-13,22946
51659,uppdrag,Sammansatta utrikes- och försvarsutskottet,2024-05-23,0604604418610,16,UFöU,Suppleant,"",2024-06-18,51652
21822,Riksdagsorgan,Riksbanksfullmäktige,2004-04-29,0331967573912,0,RB,Suppleant,"",2006-10-16,21808
2690,uppdrag,EU-nämnden,2006-10-24,0992604658114,0,EUN,Suppleant,"",2008-11-13,2669
14644,kammaruppdrag,"",1994-10-03,0936271144504,342,kam,Riksdagsledamot,Tjänstgörande,1995-01-09,14638
43722,uppdrag,Miljö- och jordbruksutskottet,2022-10-04,0161972600410,9,MJU,Ledamot,"",2023-03-23,43719
38278,uppdrag,Socialutskottet,1991-09-30,0363228965800,0,SoU,Suppleant,"",1994-10-02,38238
7337,kammaruppdrag,"",2007-05-01,0537400268911,7,kam,Riksdagsledamot,Tjänstgörande,2010-10-04,7330
6879,kammaruppdrag,Per Bolund,2008-09-01,0214849275619,281,kam,Ersättare,Ersättare,2008-12-31,6878
22227,kammaruppdrag,"",2006-10-02,088028607414,346,kam,Riksdagsledamot,Tjänstgörande,2010-10-04,22223
32468,uppdrag,Försvarsutskottet,2002-10-08,0205071690103,0,FöU,Ledamot,"",2006-10-02,32463
48893,Riksdagsorgan,Riksdagsstyrelsen,2018-01-16,0462699892622,10,RS,Ledamot,"",2018-10-02,48846
28524,uppdrag,Civilutskottet,2020-03-18,0541320528015,93,CU,Suppleant,"",2022-09-26,28513
26965,uppdrag,Socialutskottet,2002-10-08,0327857385513,0,SoU,Ledamot,"",2006-10-02,26956
48951,uppdrag,Justitieutskottet,2019-02-15,0224712677012,14,JuU,Suppleant,"",2019-09-05,48915
19907,Riksdagsorgan,Nordiska rådets svenska delegation,2011-10-12,0977824845202,9,NR,Ledamot,"",2012-09-18,19894
52799,uppdrag,Trafikutskottet,2020-03-18,0105632258713,89,TU,Suppleant,"",2022-09-26,52779
29968,uppdrag,Arbetsmarknadsutskottet,2019-02-13,0513020576128,2,AU,Ledamot,"",2019-03-05,29962
38977,uppdrag,Civilutskottet,2020-12-01,0323000187920,204,CU,Suppleant,"",2021-11-30,38971
25735,uppdrag,Socialförsäkringsutskottet,2020-03-18,0962410717322,216,SfU,Suppleant,"",2022-09-26,25718
1206,uppdrag,Bostadsutskottet,2002-10-08,0284604377408,0,BoU,Suppleant,"",2006-10-02,1196
2574,Riksdagsorgan,Riksbanksfullmäktige,2002-10-15,0766285636614,0,RB,Ledamot,"",2006-10-02,2552
2893,uppdrag,Miljö- och jordbruksutskottet,1990-04-11,0840215353615,0,MJU,Suppleant,"",1990-05-11,2892
14651,uppdrag,Trafikutskottet,1991-10-08,0936271144504,0,TU,Suppleant,"",1992-10-13,14638
685,kammaruppdrag,"",2006-10-02,0706974423606,152,kam,Riksdagsledamot,Tjänstgörande,2010-10-04,684
45429,uppdrag,Finansutskottet,2018-10-02,0653904370212,1,FiU,Ledamot,"",2018-10-02,45398
6104,uppdrag,Sammansatta utrikes- och försvarsutskottet,2007-03-22,0600928907216,0,UFöU,Deputerad,"",2007-06-01,6072
40379,Departement,Miljödepartementet,2021-07-09,0956444284814,2,M,Miljö- och klimatminister,"",2021-11-30,40377
31573,uppdrag,Utrikesutskottet,2020-03-18,0194021108712,282,UU,Suppleant,"",2020-09-03,31556
22161,uppdrag,Sammansatta utrikes- och försvarsutskottet,2018-11-15,0529103571012,9,UFöU,Deputerad,"",2018-12-05,22142
6076,kammaruppdrag,"",1998-10-05,0600928907216,115,kam,Riksdagsledamot,Tjänstgörande,2002-09-30,6072
15133,uppdrag,Socialförsäkringsutskottet,2002-10-08,0375671185701,0,SfU,Vice ordförande,"",2006-10-02,15130
19986,uppdrag,Justitieutskottet,2006-10-10,0116084827614,17,JuU,Ledamot,"",2010-10-04,19974
42831,kammaruppdrag,Göran Hägglund,2014-09-29,0992473266516,156,kam,Statsrådsersättare,Ersättare,2014-10-03,42827
32065,uppdrag,Kulturutskottet,2020-03-18,022805994927,86,KrU,Suppleant,"",2022-09-26,32059
3587,Riksdagsorgan,Nordiska rådets svenska delegation,2013-09-17,087735695612,8,NR,Ledamot,"",2014-09-29,3567
13705,kammaruppdrag,"",1985-09-30,0108070243108,0,kam,Riksdagsledamot,Tjänstgörande,1988-10-03,13701
31443,uppdrag,Justitieutskottet,2020-03-18,0227802801605,216,JuU,Suppleant,"",2022-01-31,31437
47414,uppdrag,Civilutskottet,2014-10-14,0204240926023,19,CU,Suppleant,"",2018-09-24,47383
27031,uppdrag,Näringsutskottet,1979-10-01,0747552775209,0,NU,Suppleant,"",1982-10-03,27016
50535,uppdrag,Kulturutskottet,2020-03-18,0202577142527,279,KrU,Suppleant,"",2022-09-26,50520
48303,kammaruppdrag,"",2009-08-17,0301987597720,309,kam,Riksdagsledamot,Tjänstgörande,2009-08-30,48299
27702,Riksdagsorgan,Riksdagsstyrelsen,2000-07-01,0262017901513,0,RS,Suppleant,"",2006-10-10,27661
23543,Riksdagsorgan,Krigsdelegationen,2002-10-15,064601872511,0,KD,Ledamot,"",2006-10-16,23513
52954,uppdrag,Civilutskottet,2020-03-20,0861521539920,275,CU,Suppleant,"",2022-09-26,52939
3067,uppdrag,Konstitutionsutskottet,1981-10-06,0815435847817,0,KU,Suppleant,"",1982-10-03,3043
29176,Riksdagsorgan,Nordiska rådets svenska delegation,2016-09-29,010343930918,11,NR,Suppleant,"",2016-10-26,29133
7041,uppdrag,Socialförsäkringsutskottet,1995-10-11,0962700307214,0,SfU,Suppleant,"",1998-10-04,7031
11095,kammaruppdrag,Kenneth Johansson 1996-01-29 - 1996-02-29,1996-01-29,0409817272107,286,kam,Riksdagsledamot,Ledig,1996-02-29,11093
1023,uppdrag,Miljö- och jordbruksutskottet,1985-09-30,0874604979107,0,MJU,Ledamot,"",1988-10-02,1007
19120,uppdrag,Sammansatta konstitutions- och utrikesutskottet,2001-03-27,0782713019602,0,KUU,Deputerad,"",2001-04-26,19082
41674,uppdrag,Finansutskottet,2019-06-18,0130640724922,19,FiU,Suppleant,"",2022-09-26,41667
29241,Riksdagsorgan,Riksdagens delegation till den parlamentariska församlingen för Unionen för Medelhavet,2013-04-24,0397924710612,1,PA-UfM,Ledamot,"",2013-05-13,29206
13675,kammaruppdrag,Rolf Olsson 2002-11-15 - 2002-12-31,2002-11-15,0586690122908,203,kam,Riksdagsledamot,Ledig,2002-12-31,13673
20716,kammaruppdrag,"",2002-09-30,0465398691116,123,kam,Riksdagsledamot,Tjänstgörande,2006-10-02,20708
21351,uppdrag,Justitieutskottet,2010-10-12,0573136138218,10,JuU,Suppleant,"",2012-03-22,21330
48960,uppdrag,Justitieutskottet,2008-10-22,0224712677012,8,JuU,Ledamot,"",2010-10-04,48915
24700,kammaruppdrag,"",2010-10-04,0693341580004,220,kam,Riksdagsledamot,Tjänstgörande,2014-09-29,24698
53198,uppdrag,Socialförsäkringsutskottet,2021-01-01,0986091320811,22,SfU,Suppleant,"",2022-09-26,53184
24493,uppdrag,Finansutskottet,2020-03-18,0604459858621,156,FiU,Suppleant,"",2022-09-26,24483
21358,uppdrag,Utbildningsutskottet,1994-10-11,0573136138218,0,UbU,Suppleant,"",1998-10-04,21330
13315,Riksdagsorgan,Valberedningen,1991-10-18,013600422205,0,VB,Ledamot,"",1995-10-03,13297
1095169,uppdrag,Utrikesutskottet,2026-05-28,0148424181819,1,UU,Suppleant,"",2026-09-28,49548
2420,kammaruppdrag,Mona Sahlin,1986-10-10,0479355987014,0,kam,Ersättare,Ersättare,1987-04-30,2412
53153,uppdrag,Arbetsmarknadsutskottet,2020-03-18,033935884729,112,AU,Suppleant,"",2022-09-26,53144
38934,uppdrag,Civilutskottet,2020-03-18,0132818093422,123,CU,Suppleant,"",2022-09-26,38921
2951,kammaruppdrag,"",1998-10-05,0164935407015,348,kam,Riksdagsledamot,Tjänstgörande,2002-09-30,2950
40947,uppdrag,Näringsutskottet,2020-03-18,0468956880528,284,NU,Suppleant,"",2022-09-26,40935
28635,kammaruppdrag,Hillevi Larsson,2021-10-20,0136310791918,92,kam,Ersättare,Ersättare,2022-09-26,28632
38811,uppdrag,Kulturutskottet,2014-10-07,0506541436524,8,KrU,Suppleant,"",2018-09-24,38785
25234,uppdrag,Utrikesutskottet,2016-06-20,0393199907225,0,UU,Extra suppleant,"",2016-07-27,25230
45050,uppdrag,Arbetsmarknadsutskottet,2020-03-20,0130789484021,301,AU,Suppleant,"",2022-09-26,45041
49759,uppdrag,Socialutskottet,2022-10-04,0502688311316,8,SoU,Ledamot,"",2026-09-28,49753
27083,uppdrag,Socialutskottet,1994-10-11,0161018662505,0,SoU,Suppleant,"",1998-10-04,27077
48482,uppdrag,Civilutskottet,2025-09-19,0302393368216,20,CU,Suppleant,"",2026-09-28,48478
35536,uppdrag,Utrikesutskottet,2023-11-28,0254161225015,9,UU,Suppleant,"",2024-09-11,35531
32318,uppdrag,Miljö- och jordbruksutskottet,2020-03-18,0538494048717,272,MJU,Suppleant,"",2022-09-26,32310
1131,kammaruppdrag,"",1994-10-03,0960030082916,261,kam,Riksdagsledamot,Tjänstgörande,1998-10-05,1126
29888,uppdrag,Arbetsmarknadsutskottet,2020-03-18,0204443909416,109,AU,Suppleant,"",2022-09-26,29878
44684,uppdrag,Försvarsutskottet,2021-02-25,0692076685824,16,FöU,Suppleant,"",2022-01-11,44657
26877,kammaruppdrag,"",2013-04-27,0868286862422,242,kam,Riksdagsledamot,Tjänstgörande,2014-06-15,26876
43691,uppdrag,Finansutskottet,2020-03-18,0604811710522,47,FiU,Suppleant,"",2022-09-26,43676
16984,kammaruppdrag,"",1998-10-05,0567842515701,341,kam,Riksdagsledamot,Tjänstgörande,2002-06-14,16981
53363,Riksdagsorgan,Riksbanksfullmäktige,2023-01-13,0584183916016,10,RB,Suppleant,"",2026-10-13,53329
571,Riksdagsorgan,Nordiska rådets svenska delegation,2009-03-25,0502174718806,5,NR,Suppleant,"",2010-10-04,535
47261,uppdrag,Justitieutskottet,2020-03-18,0729710260118,41,JuU,Suppleant,"",2022-09-26,47248
33766,Departement,Utbildningsdepartementet,2019-10-01,0137849446315,14,U,Utbildningsminister,"",2020-12-17,33760
39454,kammaruppdrag,"",1979-10-01,0172078270306,0,kam,Riksdagsledamot,Tjänstgörande,1982-10-04,39447
25014,uppdrag,Kulturutskottet,2018-10-16,0736867676621,24,KrU,Suppleant,"",2019-03-31,25011
3789,uppdrag,Finansutskottet,1995-01-19,058426570914,0,FiU,Suppleant,"",1995-10-09,3773
13421,Riksdagsorgan,Riksdagens förvaltningskontor,1994-10-11,0388920259006,0,RFK,Suppleant,"",1998-10-05,13390
17753,uppdrag,Miljö- och jordbruksutskottet,2009-06-15,0457213878205,27,MJU,Suppleant,"",2009-08-16,17746
2713,kammaruppdrag,"",2004-04-13,0905755961314,0,kam,Ersättare,Ersättare,2004-08-06,2710
53979,kammaruppdrag,"",2019-05-02,0838085832923,322,kam,Riksdagsledamot,Tjänstgörande,2022-09-26,53977
38110,uppdrag,Utrikesutskottet,2019-02-07,0365748677411,18,UU,Suppleant,"",2021-01-15,38089
45170,partiuppdrag,Kristdemokraterna,2018-09-24,0378597308227,0,KD,Kvittningsperson,"",2022-11-24,45145
5056,uppdrag,Socialförsäkringsutskottet,2002-10-24,0891897903314,0,SfU,Suppleant,"",2006-10-02,5052
15009,Riksdagsorgan,EG-delegationen,1993-01-21,0112791482908,0,EG,Suppleant,"",1994-10-03,15006
39339,uppdrag,Näringsutskottet,2022-10-27,0592345073323,3,NU,Suppleant,"",2023-06-02,39334
52522,uppdrag,Socialutskottet,2020-03-18,0932000030511,82,SoU,Suppleant,"",2022-09-26,52507
19684,uppdrag,Försvarsutskottet,1995-10-10,0642824296805,0,FöU,Suppleant,"",1995-11-15,19682
25281,uppdrag,Försvarsutskottet,2015-01-29,0600784831409,2,FöU,Suppleant,"",2018-01-19,25277
3745,kammaruppdrag,"",1994-10-03,0576806909014,347,kam,Riksdagsledamot,Tjänstgörande,1998-10-05,3744
47338,kammaruppdrag,"",2021-05-03,0764949934324,295,kam,Riksdagsledamot,Tjänstgörande,2022-03-13,47331
49269,uppdrag,EU-nämnden,2024-04-22,0999976269027,0,EUN,Extra suppleant,"",2024-05-31,49232
43071,uppdrag,Skatteutskottet,2018-10-16,025158809026,23,SkU,Suppleant,"",2021-10-21,43050
2474,uppdrag,Socialförsäkringsutskottet,1998-10-13,0449003924218,0,SfU,Suppleant,"",2002-09-30,2463
48687,uppdrag,Justitieutskottet,2022-10-04,0803753212716,1,JuU,Ordförande,"",2025-02-14,48681
18857,kammaruppdrag,Axel Andersson,1995-01-10,0997123540801,299,kam,Ersättare,Ersättare,1995-10-09,18852
53569,uppdrag,Konstitutionsutskottet,2022-10-12,0796071663617,21,KU,Suppleant,"",2022-10-18,53559
8204,Riksdagsorgan,Krigsdelegationen,2002-10-15,0274710563201,0,KD,Ledamot,"",2006-10-02,8164
24408,uppdrag,Justitieutskottet,2020-03-18,0228167770927,104,JuU,Suppleant,"",2022-09-26,24399
384,kammaruppdrag,"",2002-09-30,08644719105,14,kam,Riksdagsledamot,Tjänstgörande,2006-10-02,382
5463,uppdrag,Sammansatta utrikes- och försvarsutskottet,1998-10-05,0990007083418,0,UFöU,Deputerad,"",2002-09-30,5446
10015,kammaruppdrag,"",1976-10-04,0333564361692,0,kam,Riksdagsledamot,Tjänstgörande,1979-10-01,10010
15285,uppdrag,Konstitutionsutskottet,1991-09-30,0522191574902,0,KU,Suppleant,"",1994-10-02,15271
24913,uppdrag,Miljö- och jordbruksutskottet,2020-03-18,0465804601318,314,MJU,Suppleant,"",2022-09-26,24905
28264,kammaruppdrag,"",2003-11-11,0860429409414,0,kam,Ersättare,Ersättare,2003-12-31,28256
4282,Riksdagsorgan,Utrikesnämnden,1985-09-30,0387691310906,0,UN,Ledamot,"",1994-10-03,4244
10301,kammaruppdrag,"",1982-10-04,0252645348808,0,kam,Riksdagsledamot,Tjänstgörande,1985-09-30,10296
17118,Riksdagsorgan,Krigsdelegationen,1994-10-18,0181942435301,0,KD,Ledamot,"",1998-10-05,17096
47448,partiuppdrag,Centerpartiet,2026-01-07,0665485817222,0,C,Gruppledare,"",,47445
18871,uppdrag,Sammansatta utrikes- och försvarsutskottet,1996-10-21,0997123540801,0,UFöU,Suppleant,"",1996-11-20,18852
52274,uppdrag,Kulturutskottet,2020-03-18,0594680769027,149,KrU,Suppleant,"",2022-09-26,52265
6603,Departement,Utbildnings- och kulturdepartementet,2006-10-06,0199679103214,0,U t.o.m. 1 jan-07,Kulturminister,"",2006-10-16,6602
2314,Departement,Statsrådsberedningen,2002-09-30,0825004049003,0,SB,Statsminister,"",2006-10-06,2291
41065,uppdrag,Justitieutskottet,2022-01-11,0316505710324,16,JuU,Suppleant,"",2022-09-26,41043
25298,uppdrag,Socialutskottet,2014-10-07,0914002106327,2,SoU,Suppleant,"",2016-09-27,25295
44037,kammaruppdrag,Henrik Edin 2019-03-13 - 2019-05-16,2019-03-13,0223069839622,191,kam,Riksdagsledamot,Ledig,2019-05-16,44034
49850,Riksdagsorgan,Nordiska rådets svenska delegation,2024-10-16,0720250789315,10,NR,Suppleant,"",2025-10-15,49818
26720,uppdrag,Trafikutskottet,2020-09-08,0624994476012,205,TU,Suppleant,"",2020-12-01,26709
46899,uppdrag,Miljö- och jordbruksutskottet,2020-03-18,0273506284025,76,MJU,Suppleant,"",2022-09-26,46885
3401,Riksdagsorgan,EG-delegationen,1993-10-07,012855230311,0,EG,Ledamot,"",1994-10-03,3399
20607,uppdrag,Socialutskottet,1994-10-11,0161597857912,0,SoU,Suppleant,"",1998-10-04,20563
11974,Riksdagsorgan,Krigsdelegationen,1991-10-15,0288448506702,0,KD,Ledamot,"",1994-10-03,11954
20742,Departement,Jordbruksdepartementet,2010-10-06,0465398691116,7,Jo,Landsbygdsminister,"",2010-12-31,20708
23579,kammaruppdrag,Per Bill,2001-01-16,0937372967816,74,kam,Ersättare,Ersättare,2001-02-16,23578
31298,uppdrag,Näringsutskottet,2017-04-27,085742305813,3,NU,Suppleant,"",2018-04-12,31277
29215,kammaruppdrag,Gunnar Hedberg 2014-01-13 - 2014-04-17  Föräldraledighet,2014-01-13,0397924710612,56,kam,Riksdagsledamot,Ledig,2014-04-17,29206
2259,uppdrag,Utrikesutskottet,1994-10-11,0370034713503,0,UU,Ledamot,"",1998-08-31,2253
29272,uppdrag,Arbetsmarknadsutskottet,2020-03-18,0893004490313,85,AU,Suppleant,"",2022-09-26,29266
38816,Riksdagsorgan,Valprövningsnämnden,2015-02-18,0506541436524,3,VPN,Suppleant,"",2019-03-13,38785
4738,uppdrag,Socialförsäkringsutskottet,1989-01-26,0707426886411,0,SfU,Suppleant,"",1989-04-03,4736
42566,uppdrag,EU-nämnden,2018-10-09,0170585430421,51,EUN,Suppleant,"",2022-10-04,42541
15746,uppdrag,EU-nämnden,2002-10-08,0395292877305,0,EUN,Ledamot,"",2004-12-31,15740
49250,uppdrag,Justitieutskottet,2020-03-18,0999976269027,304,JuU,Suppleant,"",2022-09-26,49232
26846,uppdrag,Socialutskottet,1985-09-30,0844105199517,0,SoU,Ledamot,"",1988-10-02,26826
44968,uppdrag,Sammansatta utrikes- och försvarsutskottet,2012-11-27,0638497389621,16,UFöU,Suppleant,"",2012-12-19,44927
28488,uppdrag,Sammansatta utrikes- och försvarsutskottet,2018-11-15,0409540163215,17,UFöU,Deputerad,"",2018-12-05,28456
3105,uppdrag,Sammansatta utrikes- och försvarsutskottet,2002-12-03,0870805820217,0,UFöU,Deputerad,"",2002-12-18,3086
8396,kammaruppdrag,"",2006-10-02,0371414788216,186,kam,Riksdagsledamot,Tjänstgörande,2008-01-06,8392
17848,Riksdagsorgan,Utrikesnämnden,1994-10-18,037063714405,0,UN,Suppleant,"",1998-10-05,17818
11297,uppdrag,EES-utskottet,1992-05-26,0736538502404,0,EU,Ledamot,"",1993-06-04,11285
19125,uppdrag,EU-nämnden,1995-10-10,0782713019602,0,EUN,Ledamot,"",1998-10-05,19082
13870,Riksdagsorgan,Besvärsnämnden,1997-09-23,0274590687101,0,BN,Ledamot,"",1998-10-05,13854
30810,uppdrag,Skatteutskottet,2020-09-23,0277648711624,1,SkU,Suppleant,"",2021-12-20,30790
52402,uppdrag,Försvarsutskottet,2022-10-27,0220064764318,3,FöU,Suppleant,"",2026-09-28,52396
24799,uppdrag,Konstitutionsutskottet,2014-06-24,0139948283718,14,KU,Ledamot,"",2014-09-29,24791
8225,kammaruppdrag,Per Stenmarck,1995-01-10,0724153546015,226,kam,Ersättare,Ersättare,1995-10-09,8223
32940,uppdrag,Utbildningsutskottet,2020-03-18,0628190530410,223,UbU,Suppleant,"",2022-09-26,32923
4751,kammaruppdrag,"",1996-09-27,0906336297511,254,kam,Riksdagsledamot,Tjänstgörande,1998-10-05,4745
22252,Riksdagsorgan,Valberedningen,2008-10-23,088028607414,9,VB,Ledamot,"",2010-10-04,22223
7604,kammaruppdrag,"",2006-10-02,0957631371811,240,kam,Riksdagsledamot,Tjänstgörande,2010-10-04,7603
49434,uppdrag,Justitieutskottet,2020-03-18,0852475703226,225,JuU,Suppleant,"",2022-09-26,49425
2880,uppdrag,Utrikesutskottet,1994-10-11,0875425244515,0,UU,Suppleant,"",1998-10-04,2864
10859,uppdrag,Konstitutionsutskottet,1991-10-08,0995976787901,0,KU,Suppleant,"",1992-01-09,10858
615,uppdrag,Näringsutskottet,1995-01-19,0940599017317,0,NU,Suppleant,"",1995-10-09,612
10840,uppdrag,Utbildningsutskottet,1998-10-13,0711876203701,0,UbU,Suppleant,"",2002-09-30,10835
39957,uppdrag,Utrikesutskottet,2020-03-18,0166790812128,37,UU,Suppleant,"",2020-09-08,39938
27886,Riksdagsorgan,Riksbanksfullmäktige,2014-10-14,0807438844115,9,RB,Suppleant,"",2018-10-09,27875
34725,uppdrag,Trafikutskottet,2020-03-18,0760500234712,197,TU,Suppleant,"",2022-09-26,34709
6428,uppdrag,Arbetsmarknadsutskottet,2010-10-12,0327078838011,7,AU,Suppleant,"",2011-01-10,6424
26455,kammaruppdrag,"",1976-10-04,0501397157002,0,kam,Riksdagsledamot,Tjänstgörande,1979-10-01,26450
9041,uppdrag,Justitieutskottet,2011-12-14,033662260219,0,JuU,Extra suppleant,"",2012-06-30,9037
47821,kammaruppdrag,"",2014-09-29,0493288854424,285,kam,Riksdagsledamot,Tjänstgörande,2018-09-24,47812
7515,uppdrag,Försvarsutskottet,2008-11-27,0135730306412,4,FöU,Suppleant,"",2010-10-04,7499
32696,uppdrag,Försvarsutskottet,2020-03-18,0494843794418,131,FöU,Suppleant,"",2020-09-03,32678
23306,Riksdagsorgan,Riksdagsstyrelsen,2015-05-21,0157062733618,10,RS,Ledamot,"",2015-12-31,23265
3536,uppdrag,Sammansatta utrikes- och försvarsutskottet,2006-10-10,0814945477312,0,UFöU,Suppleant,"",2006-10-13,3520
53601,kammaruppdrag,"",2019-02-01,0492644357418,271,kam,Riksdagsledamot,Tjänstgörande,2022-09-26,53599
18663,uppdrag,Sammansatta konstitutions- och utrikesutskottet,2001-10-16,0900533740700,0,KUU,Deputerad,"",2001-12-06,18636
17997,uppdrag,EES-utskottet,1992-05-26,0193303720505,0,EU,Suppleant,"",1993-06-04,17967
21837,uppdrag,Arbetsmarknadsutskottet,2020-03-18,043972220518,13,AU,Suppleant,"",2022-09-26,21830
11893,kammaruppdrag,"Sylvia Pettersson 1988-10-04 - 1990-06-30, Dag Ericson 1990-07-01 - 1991-09-30",1988-10-04,0348268153001,36,kam,Riksdagsledamot,Ledig,1991-09-30,11886
51079,uppdrag,Utrikesutskottet,2020-03-18,0331791853028,297,UU,Suppleant,"",2020-09-03,51058
47702,uppdrag,Försvarsutskottet,2017-10-13,0642224351118,11,FöU,Suppleant,"",2018-09-24,47671
41164,uppdrag,Försvarsutskottet,2022-10-04,0194498232620,2,FöU,Ledamot,"",2022-10-18,41155
47979,Departement,Klimat- och näringslivsdepartementet,2023-01-01,0875693083423,24,KN,Statsråd,"",2024-09-10,47973
27634,Riksdagsorgan,Nordiska rådets svenska delegation,2016-09-29,0352254228107,9,NR,Ledamot,"",2017-09-28,27594
20221,kammaruppdrag,"",1998-10-05,0395416536118,346,kam,Riksdagsledamot,Tjänstgörande,2002-09-30,20217
53497,kammaruppdrag,"",2024-04-01,0211757295524,203,kam,Riksdagsledamot,Tjänstgörande,2024-04-02,53492
34728,uppdrag,Konstitutionsutskottet,2020-03-18,0760500234712,198,KU,Suppleant,"",2020-09-03,34709
24041,uppdrag,Sammansatta utrikes- och försvarsutskottet,2016-11-15,0901257862125,15,UFöU,Suppleant,"",2016-12-14,24029
48718,Riksdagsorgan,Nordiska rådets svenska delegation,2016-04-08,0803753212716,6,NR,Suppleant,"",2016-09-29,48681
52048,kammaruppdrag,"",1995-10-10,0888530335200,0,kam,Riksdagsledamot,Tjänstgörande,1998-10-05,52046
32733,uppdrag,Skatteutskottet,2021-10-13,0309480686522,328,SkU,Suppleant,"",2022-09-26,32716
49265,uppdrag,Miljö- och jordbruksutskottet,2018-10-09,0999976269027,21,MJU,Suppleant,"",2019-01-21,49232
45589,kammaruppdrag,"",2022-09-26,0721509806321,84,kam,Riksdagsledamot,Tjänstgörande,2026-09-28,45587
45058,uppdrag,Socialutskottet,2020-03-18,0130789484021,279,SoU,Suppleant,"",2022-09-26,45041
26291,uppdrag,Arbetsmarknadsutskottet,2002-10-08,0638431210311,0,AU,Suppleant,"",2004-09-14,26283
2004,kammaruppdrag,"",1998-10-05,0962854674801,48,kam,Riksdagsledamot,Tjänstgörande,2002-09-30,2002
43380,Riksdagsorgan,Styrelsen för Stiftelsen Riksbankens Jubileumsfond,2024-11-01,0810852280213,2,RJ,Ledamot,"",2028-10-31,43353
26385,uppdrag,Försvarsutskottet,1988-10-11,0404669609001,0,FöU,Ledamot,"",1991-09-29,26367
25038,uppdrag,Miljö- och jordbruksutskottet,2020-03-18,0316870450511,54,MJU,Suppleant,"",2020-06-21,25029
3379570,uppdrag,Justitieutskottet,2026-01-27,0248492534018,19,JuU,Suppleant,"",2026-09-28,43737
13967,uppdrag,Finansutskottet,1985-09-30,0245320188502,0,FiU,Ledamot,"",1988-10-02,13944
41964,kammaruppdrag,"",1991-10-05,0567830387107,64,kam,Riksdagsledamot,Tjänstgörande,1994-10-03,41960
52353,uppdrag,Konstitutionsutskottet,2022-10-04,0410640630411,11,KU,Ledamot,"",2022-10-27,52347
13236,kammaruppdrag,"",1988-10-03,0719430958705,205,kam,Riksdagsledamot,Tjänstgörande,1991-09-30,13228
33032,uppdrag,Skatteutskottet,2024-04-29,0516528386117,4,SkU,Suppleant,"",2026-09-28,33025
36033,uppdrag,Kulturutskottet,2020-03-18,0564126739422,45,KrU,Suppleant,"",2022-09-26,36020
28126,Riksdagsorgan,Styrelsen för Stiftelsen Riksbankens Jubileumsfond,2013-10-04,0547818628111,1,RJ,Personlig suppleant,"",2016-10-31,28090
21962,uppdrag,EU-nämnden,2014-11-05,0731442709013,51,EUN,Suppleant,"",2017-10-20,21913
27630,uppdrag,Sammansatta utrikes- och försvarsutskottet,2006-10-10,0352254228107,0,UFöU,Suppleant,"",2006-10-13,27594
3392602,kammaruppdrag,Amalia Rud Stenlöf,2026-02-02,0512009811316,229,kam,Ersättare,Ersättare,2026-06-22,53264
12133,kammaruppdrag,"",1994-10-03,0540309351004,152,kam,Riksdagsledamot,Tjänstgörande,1998-10-05,12132
6823,uppdrag,Sammansatta utrikes- och försvarsutskottet,2001-10-25,0431699774518,0,UFöU,Deputerad,"",2001-12-11,6817
43117,uppdrag,EU-nämnden,2020-03-18,0926214745119,204,EUN,Suppleant,"",2022-03-07,43085
43259,uppdrag,Skatteutskottet,2018-10-02,0796312429425,4,SkU,Suppleant,"",2019-02-12,43231
17542,kammaruppdrag,"",1988-10-04,0308563888104,26,kam,Riksdagsledamot,Tjänstgörande,1989-05-06,17541
13005,Riksdagsorgan,Krigsdelegationen,1988-10-18,0153549892302,0,KD,Ledamot,"",1994-10-03,12983
37385,uppdrag,Socialutskottet,2020-03-18,0281670919717,270,SoU,Suppleant,"",2022-09-26,37370
4908,Departement,Försvarsdepartementet,2006-10-06,0483316376813,0,Fö,Försvarsminister,"",2007-09-04,4907
2757,uppdrag,Arbetsmarknadsutskottet,1998-10-13,0348584595917,0,AU,Suppleant,"",2002-09-30,2746
16327,uppdrag,Socialutskottet,1994-10-11,0817472556307,0,SoU,Ledamot,"",1998-10-04,16313
44350,kammaruppdrag,"",1985-09-30,0811237096101,0,kam,Riksdagsledamot,Tjänstgörande,1988-10-03,44348
20173,kammaruppdrag,"",1994-10-08,0937012299307,180,kam,Riksdagsledamot,Tjänstgörande,1998-10-05,20170
7033,kammaruppdrag,"",1994-10-03,0962700307214,25,kam,Riksdagsledamot,Tjänstgörande,1998-10-05,7031
50759,uppdrag,Sammansatta utrikes- och försvarsutskottet,2011-06-16,0879782396219,8,UFöU,Suppleant,"",2011-06-17,50699
14276,uppdrag,Bostadsutskottet,2002-10-08,0567810897103,0,BoU,Ledamot,"",2006-10-02,14269
32273,uppdrag,Arbetsmarknadsutskottet,2020-03-18,0201207390210,267,AU,Suppleant,"",2022-09-26,32268
21412,uppdrag,Skatteutskottet,2010-10-19,0535526562910,20,SkU,Suppleant,"",2012-05-02,21392
39205,uppdrag,Socialutskottet,2020-03-18,0254695027922,231,SoU,Suppleant,"",2022-09-26,39189
53465,uppdrag,Miljö- och jordbruksutskottet,2022-10-04,0183544538819,5,MJU,Suppleant,"",2025-12-12,53458
24214,uppdrag,Kulturutskottet,2020-03-18,0884738092723,130,KrU,Suppleant,"",2022-09-26,24204
44416,uppdrag,Civilutskottet,2017-04-06,0315499690028,12,CU,Suppleant,"",2018-09-24,44388
1084,uppdrag,Bostadsutskottet,1990-10-02,0163254848207,0,BoU,Suppleant,"",1990-12-31,1065
19663,uppdrag,Miljö- och jordbruksutskottet,1995-01-19,0806514457704,0,MJU,Ledamot,"",1998-10-04,19658
5200,Riksdagsorgan,Riksdagens delegation till Interparlamentariska unionen,1994-12-08,093487175616,0,IPU,Suppleant,"",1998-10-20,5190
753,Riksdagsorgan,Krigsdelegationen,1998-10-20,0377384542907,0,KD,Ledamot,"",2002-09-30,734
15282,uppdrag,Finansutskottet,1994-10-11,0522191574902,0,FiU,Ledamot,"",1995-10-10,15271
4749,kammaruppdrag,"",2002-09-30,0906336297511,260,kam,Riksdagsledamot,Tjänstgörande,2006-10-02,4745
48648,uppdrag,Konstitutionsutskottet,2025-09-23,0538387395826,3,KU,Vice ordförande,"",2026-09-28,48644
50657,uppdrag,Näringsutskottet,2020-03-18,0496341906327,136,NU,Suppleant,"",2022-09-26,50638
33043,uppdrag,Skatteutskottet,2020-03-18,0516528386117,203,SkU,Suppleant,"",2022-09-26,33025
6905,uppdrag,Konstitutionsutskottet,1999-01-01,0517869568019,0,KU,Suppleant,"",2002-09-30,6893
10671,uppdrag,Lagutskottet,1990-10-04,0744066990009,0,LU,Suppleant,"",1991-09-29,10667
45802,uppdrag,EU-nämnden,2015-11-03,0294138886823,61,EUN,Suppleant,"",2016-06-13,45776
24225,uppdrag,Miljö- och jordbruksutskottet,2018-10-02,0884738092723,7,MJU,Ordförande,"",2020-04-16,24204
2165,uppdrag,Kulturutskottet,2004-09-23,0857394544302,0,KrU,Suppleant,"",2006-10-02,2157
3194,kammaruppdrag,"",1998-10-05,0887345842319,340,kam,Riksdagsledamot,Tjänstgörande,2002-09-30,3191
41098,uppdrag,Sammansatta utrikes- och försvarsutskottet,2020-11-10,0316505710324,16,UFöU,Deputerad,"",2020-12-15,41043
45754,Riksdagsorgan,Utrikesnämnden,2014-10-07,0284192765516,1,UN,Ledamot,"",2017-07-27,45710
20599,uppdrag,Arbetsmarknadsutskottet,1994-12-15,0161597857912,0,AU,Suppleant,"",1998-10-04,20563
40050,uppdrag,Finansutskottet,2018-10-02,0899112324519,2,FiU,Ordförande,"",2019-02-28,40021
5252,uppdrag,Arbetsmarknadsutskottet,2004-01-20,0228907110117,0,AU,Suppleant,"",2004-03-07,5241
45250,uppdrag,Finansutskottet,2014-10-07,065105536026,1,FiU,Suppleant,"",2016-06-28,45224
45481,uppdrag,Skatteutskottet,2018-10-02,0344222203323,10,SkU,Suppleant,"",2019-06-18,45461
8643,uppdrag,Näringsutskottet,2003-01-01,0244345953026,0,NU,Suppleant,"",2006-10-02,8638
8997,uppdrag,Justitieutskottet,2010-10-12,0516879803714,16,JuU,Suppleant,"",2012-12-03,8994
27191,uppdrag,Sammansatta utrikes- och försvarsutskottet,2002-01-17,0738969851001,0,UFöU,Suppleant,"",2002-01-18,27168
12052,kammaruppdrag,"",1985-09-30,0751528529603,0,kam,Riksdagsledamot,Tjänstgörande,1988-10-03,12050
21246,Riksdagsorgan,Nordiska rådets svenska delegation,2006-10-17,0641486384014,16,NR,Ledamot,"",2010-10-04,21214
42370,kammaruppdrag,Stefan Löfven,2021-09-01,07921826010,137,kam,Statsrådsersättare,Ersättare,2021-11-15,42367
49980,uppdrag,Arbetsmarknadsutskottet,2020-03-20,037781229619,317,AU,Suppleant,"",2022-09-26,49975
52882,partiuppdrag,Vänsterpartiet,2022-09-26,0939158389321,0,V,Gruppledare,"",,52881
49395,Riksdagsorgan,Nordiska rådets svenska delegation,1997-09-25,0744993950910,0,NR,Suppleant,"",1998-10-05,49329
3101,uppdrag,Sammansatta utrikes- och försvarsutskottet,2004-10-19,0870805820217,0,UFöU,Suppleant,"",2004-12-15,3086
47395,uppdrag,Försvarsutskottet,2023-11-28,0204240926023,15,FöU,Suppleant,"",2025-02-14,47383
46103,Riksdagsorgan,Valberedningen,2025-03-18,0430865615328,13,VB,Ledamot,"",2026-09-28,46072
38801,uppdrag,Näringsutskottet,2020-05-19,0506541436524,170,NU,Suppleant,"",2022-09-26,38785
432,kammaruppdrag,"",2006-10-02,0424138087713,307,kam,Riksdagsledamot,Tjänstgörande,2010-10-04,431
30812,uppdrag,Skatteutskottet,2020-03-18,0277648711624,136,SkU,Suppleant,"",2020-09-22,30790
26129,kammaruppdrag,"",1982-11-15,0124891175903,0,kam,Riksdagsledamot,Tjänstgörande,1985-09-30,26127
15404,kammaruppdrag,"",1975-01-27,0241621108903,0,kam,Ersättare,Ersättare,1975-03-16,15395
6063,kammaruppdrag,"",2006-10-02,0597298079716,348,kam,Riksdagsledamot,Tjänstgörande,2010-10-04,6062
29824,uppdrag,Trafikutskottet,2018-10-02,0216534495014,8,TU,Ledamot,"",2018-10-02,29805
19049,uppdrag,Sammansatta utrikes- och försvarsutskottet,1998-10-05,0618583795602,0,UFöU,Deputerad,"",2002-09-30,19029
22931,uppdrag,Sammansatta utrikes- och försvarsutskottet,2007-10-18,0219220227418,0,UFöU,Suppleant,"",2008-06-18,22917
21886,uppdrag,Arbetsmarknadsutskottet,2010-10-12,0113077554312,4,AU,Ledamot,"",2014-09-29,21877
23614,uppdrag,Sammansatta utrikes- och försvarsutskottet,2011-06-16,067992138910,10,UFöU,Deputerad,"",2011-06-17,23590
22662,uppdrag,Finansutskottet,2010-10-12,0558039843819,5,FiU,Ledamot,"",2012-06-12,22650
40140,uppdrag,Justitieutskottet,2021-12-20,0973474532717,3,JuU,Suppleant,"",2022-06-28,40121
39267,uppdrag,Finansutskottet,2012-11-28,0772402807013,16,FiU,Ledamot,"",2014-09-29,39236
41384,Departement,Landsbygds- och infrastrukturdepartementet,2025-09-09,0168348837024,14,LI,Landsbygdsminister,"",2026-10-02,41383
18890,uppdrag,Konstitutionsutskottet,2003-01-01,0584386800218,0,KU,Ledamot,"",2003-01-22,18877
5117,kammaruppdrag,"",2006-10-02,0556347007015,163,kam,Riksdagsledamot,Tjänstgörande,2010-10-04,5116
42086,kammaruppdrag,"",2018-09-24,0134101155612,64,kam,Riksdagsledamot,Tjänstgörande,2022-09-26,42085
9072,kammaruppdrag,"",1994-10-03,0144891150008,276,kam,Riksdagsledamot,Tjänstgörande,1998-10-05,9070
49778,uppdrag,Utrikesutskottet,2016-08-14,0502688311316,0,UU,Extra suppleant,"",2017-04-01,49753
47301,Riksdagsorgan,Riksdagens överklagandenämnd,2018-10-09,0729710260118,2,ÖN,Suppleant,"",2018-10-24,47248
26097,kammaruppdrag,Magdalena Andersson,2017-04-01,0150027900515,247,kam,Statsrådsersättare,Ersättare,2017-08-31,26095
27304,uppdrag,Näringsutskottet,2021-10-13,0694273653613,327,NU,Suppleant,"",2022-05-15,27297
40739,uppdrag,Utbildningsutskottet,2020-03-18,0383111552218,239,UbU,Suppleant,"",2020-11-03,40721
8960,uppdrag,Socialutskottet,2010-10-12,0135054091316,3,SoU,Suppleant,"",2014-03-12,8953
52128,Riksdagsorgan,Riksdagens delegation till OSSE:s parlamentariska församling,2023-02-10,0575283695521,7,OSSE,Ledamot,"",2025-11-14,52099
26369,Riksdagsorgan,EG-delegationen,1993-10-07,0404669609001,0,EG,Suppleant,"",1994-10-03,26367
2594,kammaruppdrag,"",1994-10-03,0332753845811,274,kam,Riksdagsledamot,Tjänstgörande,1998-10-05,2591
44676,uppdrag,Näringsutskottet,2021-10-13,0692076685824,324,NU,Suppleant,"",2022-09-26,44657
16319,kammaruppdrag,Lotta Hedström 2000-11-24 - 2000-12-18,2000-11-24,0817472556307,305,kam,Riksdagsledamot,Ledig,2000-12-18,16313
49531,Riksdagsorgan,Nordiska rådets svenska delegation,2022-10-11,0254021157518,5,NR,Suppleant,"",2023-10-19,49494
50987,uppdrag,Sammansatta utrikes- och försvarsutskottet,2022-10-20,0226631365426,14,UFöU,Deputerad,"",2022-12-21,50963
16011,Riksdagsorgan,Fullmäktige i riksgäldskontoret,1981-10-06,0593022437106,0,RGK,Suppleant,"",1982-10-04,15986
30264,uppdrag,Konstitutionsutskottet,2018-10-02,0204494765606,17,KU,Suppleant,"",2019-06-17,30245
5790,kammaruppdrag,"",1988-10-03,0554072553108,321,kam,Riksdagsledamot,Tjänstgörande,1991-09-30,5787
49293,kammaruppdrag,"",2018-09-24,0339894357417,18,kam,Riksdagsledamot,Tjänstgörande,2019-01-20,49284
38548,uppdrag,Finansutskottet,2010-10-12,0477013214601,9,FiU,Ledamot,"",2014-09-29,38532
1175,uppdrag,Utrikesutskottet,2010-10-12,0251564185908,4,UU,Suppleant,"",2014-09-29,1169
50925,uppdrag,Sammansatta utrikes- och försvarsutskottet,2017-05-02,0973782197017,16,UFöU,Deputerad,"",2017-06-14,50869
53576,uppdrag,Kulturutskottet,2020-03-18,0796071663617,315,KrU,Suppleant,"",2022-09-26,53559
44354,uppdrag,Finansutskottet,1988-10-11,0811237096101,0,FiU,Suppleant,"",1991-09-29,44348
45150,uppdrag,Konstitutionsutskottet,2022-11-09,0378597308227,21,KU,Suppleant,"",2024-02-02,45145
28891,Riksdagsorgan,Krigsdelegationen,2019-09-05,0446541913415,48,KD,Ledamot,"",2022-09-26,28817
9326,kammaruppdrag,"",1982-10-04,0954999878706,0,kam,Riksdagsledamot,Tjänstgörande,1985-09-30,9318
33763,Departement,Utbildningsdepartementet,2021-07-09,0137849446315,12,U,Utbildningsminister,"",2021-11-30,33760
12343,uppdrag,Konstitutionsutskottet,1988-10-11,0976559189807,0,KU,Suppleant,"",1991-09-29,12338
7450,uppdrag,Sammansatta utrikes- och försvarsutskottet,2001-10-25,0838210948212,0,UFöU,Vice ordförande,"",2001-12-11,7437
4211,uppdrag,Konstitutionsutskottet,2004-09-23,0361291071906,0,KU,Suppleant,"",2006-10-02,4208
41252,kammaruppdrag,"",2025-03-09,0653578338415,223,kam,Riksdagsledamot,Tjänstgörande,2026-09-28,41251
51750,uppdrag,Utbildningsutskottet,2020-03-18,0802546764724,221,UbU,Suppleant,"",2022-09-26,51728
49610,uppdrag,Näringsutskottet,2018-10-09,0899169869710,14,NU,Suppleant,"",2022-09-26,49594
41365,uppdrag,Socialförsäkringsutskottet,2020-03-18,0279488554424,248,SfU,Suppleant,"",2022-09-26,41352
48418,uppdrag,EU-nämnden,2017-05-04,0250583732424,66,EUN,Suppleant,"",2018-09-24,48409
47593,uppdrag,Skatteutskottet,2021-11-01,0433422973328,0,SkU,Extra suppleant,"",2021-12-19,47589
50810,uppdrag,Utrikesutskottet,2015-01-29,0970259744617,7,UU,Ledamot,"",2018-09-24,50778
6161,kammaruppdrag,"",1983-06-04,0806338394516,0,kam,Riksdagsledamot,Tjänstgörande,1985-04-21,6138
20054,kammaruppdrag,Ingvar Carlsson,1979-11-01,0870568167702,0,kam,Ersättare,Ersättare,1979-11-30,20048
19065,Riksdagsorgan,Riksdagens delegation till Europarådets parlamentariska församling,1994-10-18,0618583795602,0,ER,Suppleant,"",2002-12-31,19029
24264,Riksdagsorgan,Riksdagens råd för Riksrevisionen,2019-04-01,0454698803028,4,RRR,Ledamot,"",2021-10-27,24263
51488,uppdrag,Konstitutionsutskottet,2020-03-18,0682989845822,239,KU,Suppleant,"",2020-09-03,51463
41749,uppdrag,Kulturutskottet,2019-02-07,0606863154419,26,KrU,Suppleant,"",2021-11-30,41732
5941,kammaruppdrag,"",2009-01-26,0798417016112,205,kam,Riksdagsledamot,Tjänstgörande,2010-10-04,5940
6471,uppdrag,Socialförsäkringsutskottet,1994-10-11,0195228370311,0,SfU,Suppleant,"",1996-02-05,6462
27781,uppdrag,Sammansatta utrikes- och försvarsutskottet,2010-11-23,0252067342313,6,UFöU,Deputerad,"",2010-12-15,27733
26154,Riksdagsorgan,Valprövningsnämnden,2007-01-18,0361652802700,1,VPN,Ledamot,"",2011-04-05,26145
23380,uppdrag,EU-nämnden,2018-10-09,0925652297119,40,EUN,Suppleant,"",2022-09-26,23356
15867,uppdrag,Konstitutionsutskottet,1993-02-18,0184922809505,0,KU,Ledamot,"",1994-10-02,15855
32278,uppdrag,Kulturutskottet,2020-03-18,0201207390210,322,KrU,Suppleant,"",2022-09-26,32268
44066,uppdrag,Justitieutskottet,2015-04-22,0223069839622,23,JuU,Suppleant,"",2018-09-24,44034
25252,uppdrag,Skatteutskottet,2020-03-18,0598792324417,63,SkU,Suppleant,"",2022-09-26,25242
4843,uppdrag,Justitieutskottet,1994-10-11,0871076471012,0,JuU,Ledamot,"",1998-10-04,4834
44153,Riksdagsorgan,Ledamotsrådet,2014-10-15,0603753860213,3,LR,Ledamot,"",2018-10-10,44111
20581,uppdrag,Skatteutskottet,2020-03-18,0161597857912,309,SkU,Suppleant,"",2022-09-26,20563
42283,uppdrag,Skatteutskottet,2001-09-27,0627722735100,0,SkU,Ledamot,"",2002-09-29,42278
46544,Riksdagsorgan,Riksdagens delegation till Interparlamentariska unionen,2022-10-26,0522240580423,3,IPU,Ledamot,"",2022-11-10,46513
11097,kammaruppdrag,"",1991-09-30,0409817272107,288,kam,Riksdagsledamot,Tjänstgörande,1994-10-03,11093
14504,uppdrag,Socialutskottet,1994-10-11,0688961392304,0,SoU,Ledamot,"",1996-06-30,14494
40577,Departement,Socialdepartementet,2025-09-08,0476336341120,10,S,Äldre- och socialförsäkringsminister,"",2025-09-09,40571
1080434,kammaruppdrag,Magdalena Sundqvist 2026-05-08 - 2026-06-07,2026-05-08,0257313105220,97,kam,Riksdagsledamot,Ledig,2026-06-07,40371
14162,Riksdagsorgan,Riksdagens delegation till Europarådets parlamentariska församling,1992-04-09,0277100069203,0,ER,Suppleant,"",1993-10-06,14137
23182,uppdrag,Justitieutskottet,2006-10-10,0889860537413,3,JuU,Ledamot,"",2010-10-04,23175
53651,uppdrag,Civilutskottet,2020-03-20,0138741628520,272,CU,Suppleant,"",2022-09-26,53633
32926,kammaruppdrag,"",2014-09-29,0628190530410,48,kam,Riksdagsledamot,Tjänstgörande,2018-09-24,32923
7004,uppdrag,Näringsutskottet,1994-10-11,0464639640213,0,NU,Suppleant,"",1995-01-15,6994
4659,uppdrag,Sammansatta utrikes- och försvarsutskottet,2004-02-05,0976656359110,0,UFöU,Suppleant,"",2004-02-18,4646
51541,talmansuppdrag,"",2022-09-26,0155487380917,0,kam,Tredje vice talman,"",2026-09-28,51539
6400,kammaruppdrag,"",1994-10-03,0286118205611,40,kam,Riksdagsledamot,Tjänstgörande,1995-10-03,6397
46133,uppdrag,Socialutskottet,2020-03-18,014386615025,225,SoU,Suppleant,"",2022-09-26,46114
13986,Riksdagsorgan,ESK-delegationen,1994-10-18,0245320188502,0,ESK,Suppleant,"",1994-12-31,13944
25626,uppdrag,Näringsutskottet,2014-10-07,0173210620224,14,NU,Suppleant,"",2016-01-14,25613
19398,Riksdagsorgan,EFTA-delegationen,1994-10-12,0692993567203,0,EFTA,Ordförande,"",1994-12-31,19397
43975,kammaruppdrag,"",2022-09-26,0744139167426,14,kam,Riksdagsledamot,Tjänstgörande,2022-11-06,43967
28369,uppdrag,EU-nämnden,2017-06-26,0415959965211,42,EUN,Suppleant,"",2017-08-31,28341
47332,Riksdagsorgan,Systembolaget AB,2019-02-14,0764949934324,3,Systembolaget,Revisorssuppleant,"",2020-02-29,47331
18698,uppdrag,Sammansatta utrikes- och försvarsutskottet,1996-10-21,079223680900,0,UFöU,Deputerad,"",1996-11-20,18687
27809,Riksdagsorgan,Riksdagens delegation till OSSE:s parlamentariska församling,2006-10-17,0252067342313,0,OSSE,Suppleant,"",2007-10-03,27733
47885,uppdrag,Civilutskottet,2014-10-07,0572788110724,4,CU,Suppleant,"",2017-02-23,47855
34305,kammaruppdrag,"Erik Ezelius 2014-09-29 - 2015-10-11, Ida Ekeroth Clausson 2015-10-12 - 2015-12-31, Erik Ezelius 2016-01-01 - 2018-09-24",2014-09-29,0891971250317,18,kam,Riksdagsledamot,Ledig,2018-09-24,34303
14057,kammaruppdrag,"",1994-10-08,018160186302,4,kam,Riksdagsledamot,Tjänstgörande,1995-01-09,14054
5660,kammaruppdrag,Bo Finnkvist,1997-02-17,0747667590310,253,kam,Ersättare,Ersättare,1997-09-30,5655
22921,kammaruppdrag,"",2006-10-02,0219220227418,283,kam,Riksdagsledamot,Tjänstgörande,2010-10-04,22917
41738,uppdrag,Utbildningsutskottet,2024-05-16,0606863154419,25,UbU,Suppleant,"",2026-09-28,41732
32078,uppdrag,Skatteutskottet,2018-10-02,022805994927,17,SkU,Suppleant,"",2019-02-12,32059
8907,uppdrag,Sammansatta utrikes- och försvarsutskottet,2007-03-22,0811968273221,0,UFöU,Suppleant,"",2007-06-01,8900
20416,uppdrag,Kulturutskottet,2007-01-17,0269067253614,26,KrU,Suppleant,"",2010-10-04,20403
51590,uppdrag,Sammansatta utrikes- och försvarsutskottet,2015-11-17,0155487380917,9,UFöU,Suppleant,"",2015-12-16,51539
53101,uppdrag,Arbetsmarknadsutskottet,2020-03-18,0229760896014,114,AU,Suppleant,"",2022-09-26,53090
14913,Riksdagsorgan,Riksrevisionens styrelse,2003-03-12,0505931201806,0,RRS,Ledamot,"",2006-10-16,14900
21579,Riksdagsorgan,Nordiska rådets svenska delegation,2017-09-28,0133767709317,1,NR,Ledamot,"",2018-09-24,21567
42859,uppdrag,Miljö- och jordbruksutskottet,2015-05-08,0992473266516,28,MJU,Suppleant,"",2018-09-24,42827
40457,kammaruppdrag,"Jakop Dalunde 2014-10-14 - 2015-05-17, Magda Rasmusson 2015-05-18 - 2015-12-17, Jakop Dalunde 2015-12-18 - 2016-06-06, Stefan Nilsson 2016-06-07 - 2017-07-14, Lorentz Tovatt 2017-07-15 - 2018-09-24",2014-10-14,0548038946425,314,kam,Riksdagsledamot,Ledig,2018-09-24,40453
4998,uppdrag,Justitieutskottet,1993-11-08,0440497495914,0,JuU,Suppleant,"",1993-12-08,4987
4032,uppdrag,EU-nämnden,2002-10-08,0468206532916,0,EUN,Ordförande,"",2004-04-01,4015
13233,kammaruppdrag,Siw Wittgren-Ahl 1995-01-10 - 1995-10-09,1995-01-10,0719430958705,193,kam,Riksdagsledamot,Ledig,1995-10-09,13228
41246,uppdrag,Socialförsäkringsutskottet,2017-05-08,010392780417,3,SfU,Suppleant,"",2018-09-24,41240
20937,uppdrag,Justitieutskottet,1994-10-11,0530361204603,0,JuU,Ledamot,"",1998-10-04,20927
4453,kammaruppdrag,"",1979-10-01,0990394636796,0,kam,Riksdagsledamot,Tjänstgörande,1982-10-04,4450
50726,uppdrag,Utrikesutskottet,2015-10-01,0879782396219,3,UU,Ledamot,"",2018-09-24,50699
24514,uppdrag,Sammansatta utrikes- och försvarsutskottet,2016-11-15,0604459858621,5,UFöU,Suppleant,"",2016-12-14,24483
31673,kammaruppdrag,Magdalena Thuresson,2022-03-23,0833552896828,142,kam,Ersättare,Ersättare,2022-08-01,31672
390,uppdrag,Skatteutskottet,2002-10-08,08644719105,0,SkU,Suppleant,"",2006-10-02,382
10789,kammaruppdrag,"",1986-10-07,0583556285601,0,kam,Riksdagsledamot,Tjänstgörande,1988-10-03,10787
14769,kammaruppdrag,"",1985-09-30,0559791876105,0,kam,Riksdagsledamot,Tjänstgörande,1988-10-03,14765
29312,Riksdagsorgan,Riksdagens delegation till Interparlamentariska unionen,2018-10-24,0893004490313,2,IPU,Ordförande,"",2020-11-09,29266
52646,uppdrag,Utrikesutskottet,2010-10-12,0607691439013,1,UU,Ordförande,"",2012-04-17,52613
13946,Riksdagsorgan,EG-delegationen,1994-10-12,0245320188502,0,EG,Vice ordförande,"",1994-12-31,13944
41129,kammaruppdrag,Roza Güclü Hedin,2013-01-15,0467253407311,135,kam,Ersättare,Ersättare,2013-07-31,41127
31899,uppdrag,Socialförsäkringsutskottet,2020-03-18,042413114103,251,SfU,Suppleant,"",2022-09-26,31888
42242,uppdrag,Arbetsmarknadsutskottet,2020-03-18,0706528359123,187,AU,Suppleant,"",2022-09-26,42233
40236,kammaruppdrag,Mikael Damberg,2017-04-02,0474290584024,82,kam,Statsrådsersättare,Ersättare,2018-09-24,40229
48483,uppdrag,Kulturutskottet,2025-09-19,0302393368216,22,KrU,Suppleant,"",2026-09-28,48478
42810,Riksdagsorgan,Nordiska rådets svenska delegation,2025-10-15,0203877548421,8,NR,Suppleant,"",2026-10-31,42790
18806,uppdrag,Bostadsutskottet,1998-10-13,0883123676901,0,BoU,Suppleant,"",2002-09-30,18800
3606,kammaruppdrag,"",1998-10-05,0223175563813,103,kam,Riksdagsledamot,Tjänstgörande,2002-09-30,3602
10438,kammaruppdrag,Bo Lundgren,1982-11-13,032385464701,0,kam,Ersättare,Ersättare,1982-12-12,10437
53064,uppdrag,Justitieutskottet,2020-03-18,0587736055221,125,JuU,Suppleant,"",2022-09-26,53050
42602,uppdrag,Arbetsmarknadsutskottet,2018-10-02,0389220391128,12,AU,Suppleant,"",2018-12-31,42573
41919,Riksdagsorgan,Riksdagens delegation till Natos parlamentariska församling,2024-04-10,0980681611418,3,NATO,Ledamot,"",2024-04-22,41844
18903,uppdrag,Utrikesutskottet,1987-10-06,0584386800218,0,UU,Ledamot,"",1988-10-02,18877
23402,uppdrag,Försvarsutskottet,2012-03-23,0910241260018,8,FöU,Ledamot,"",2014-09-29,23392
37476,uppdrag,Utbildningsutskottet,2020-03-18,0509415296421,315,UbU,Suppleant,"",2022-09-26,37457
20482,uppdrag,Utrikesutskottet,2020-03-18,0196077326617,128,UU,Suppleant,"",2020-09-03,20460
50708,uppdrag,Utrikesutskottet,2022-10-19,0879782396219,6,UU,Ledamot,"",2026-09-28,50699
47918,kammaruppdrag,Crister Carlsson 2022-10-18 - 2026-09-28,2022-10-18,0108109641223,46,kam,Riksdagsledamot,Ledig,2026-09-28,47911
48084,uppdrag,Miljö- och jordbruksutskottet,2006-10-10,0125036219125,0,MJU,Suppleant,"",2007-10-25,48068
21768,kammaruppdrag,"",2002-09-30,0582811195313,162,kam,Riksdagsledamot,Tjänstgörande,2006-10-02,21758
29610,uppdrag,Näringsutskottet,2018-10-02,0980316377627,2,NU,Ledamot,"",2018-10-02,29582
22618,uppdrag,Trafikutskottet,2011-05-04,0975579292417,4,TU,Ledamot,"",2014-09-29,22609
7925,kammaruppdrag,Raimo Pärssinen 1992-02-19 - 1992-04-30,1992-02-19,0165732384110,312,kam,Riksdagsledamot,Ledig,1992-04-30,7915
21407,uppdrag,Trafikutskottet,2010-10-12,0535526562910,9,TU,Ledamot,"",2014-09-29,21392
9241,uppdrag,Arbetsmarknadsutskottet,1991-10-15,0396368639900,0,AU,Suppleant,"",1993-10-13,9236
33597,kammaruppdrag,Ludvig Aspling,2019-05-28,0563922839001,319,kam,Ersättare,Ersättare,2019-06-27,33596
4081,uppdrag,Kulturutskottet,1994-10-11,07776758016,0,KrU,Ledamot,"",1998-10-04,4071
29306,uppdrag,Sammansatta utrikes- och försvarsutskottet,2011-06-16,0893004490313,3,UFöU,Deputerad,"",2011-06-17,29266
12256,kammaruppdrag,"",1985-09-30,0401289742306,0,kam,Riksdagsledamot,Tjänstgörande,1988-10-03,12252
37371,kammaruppdrag,"",2022-09-26,0281670919717,73,kam,Riksdagsledamot,Tjänstgörande,2026-09-28,37370
32584,uppdrag,Socialutskottet,2020-03-18,0955748436811,290,SoU,Suppleant,"",2022-09-26,32569
31889,kammaruppdrag,"",2018-09-24,042413114103,60,kam,Riksdagsledamot,Tjänstgörande,2022-09-26,31888
44309,uppdrag,Skatteutskottet,2022-10-04,069534526423,13,SkU,Suppleant,"",2022-11-09,44303
20600,uppdrag,Finansutskottet,1994-12-15,0161597857912,0,FiU,Suppleant,"",1998-10-04,20563
32508,kammaruppdrag,"",1991-09-30,0313166627901,290,kam,Riksdagsledamot,Tjänstgörande,1994-10-03,32507
18299,uppdrag,Försvarsutskottet,2006-05-19,0380453403808,0,FöU,Suppleant,"",2006-10-02,18297
51817,Riksdagsorgan,Nordiska rådets svenska delegation,2018-10-09,07012286624,20,NR,Ledamot,"",2019-10-02,51786
44253,uppdrag,Näringsutskottet,2020-03-18,0358278412329,147,NU,Suppleant,"",2022-09-26,44233
5614,uppdrag,Konstitutionsutskottet,2002-10-17,0699787174310,0,KU,Suppleant,"",2006-10-02,5600
8794,kammaruppdrag,Björn Lind 2009-08-07 - 2010-02-15,2009-08-07,0510486065729,189,kam,Riksdagsledamot,Ledig,2010-02-15,8792
12321,uppdrag,Socialförsäkringsutskottet,1995-10-11,0655109700507,0,SfU,Ledamot,"",1998-10-04,12318
7407,uppdrag,Justitieutskottet,1996-09-24,0315680549012,0,JuU,Suppleant,"",1998-10-04,7404
45009,kammaruppdrag,"",2010-10-04,0853395328224,254,kam,Riksdagsledamot,Tjänstgörande,2014-09-29,44993
29389,uppdrag,Skatteutskottet,2014-10-07,0878075468027,8,SkU,Suppleant,"",2018-09-24,29356
21832,kammaruppdrag,Stefan Löfven,2018-09-24,043972220518,137,kam,Statsrådsersättare,Ersättare,2021-08-31,21830
15317,uppdrag,Arbetsmarknadsutskottet,1989-10-04,0558681738602,0,AU,Suppleant,"",1990-09-29,15309
13357,kammaruppdrag,"",1994-10-03,0336920874106,158,kam,Riksdagsledamot,Tjänstgörande,1994-10-19,13353
40616,kammaruppdrag,"",2014-09-29,011731125914,81,kam,Riksdagsledamot,Tjänstgörande,2014-10-02,40606
31969,uppdrag,Miljö- och jordbruksutskottet,2019-11-07,0272006117024,28,MJU,Suppleant,"",2022-09-26,31962
49830,uppdrag,Näringsutskottet,2020-03-18,0720250789315,195,NU,Suppleant,"",2022-09-26,49818
17726,Riksdagsorgan,Valberedningen,1994-10-27,075043103804,0,VB,Ledamot,"",2002-09-30,17712
27883,uppdrag,Justitieutskottet,2006-10-10,0807438844115,6,JuU,Suppleant,"",2010-10-04,27875
21839,uppdrag,Finansutskottet,2020-03-18,043972220518,172,FiU,Suppleant,"",2022-09-26,21830
14572,uppdrag,Lagutskottet,1998-10-13,0798631972204,0,LU,Ledamot,"",2002-09-30,14559
26314,Europaparlamentet,Europaparlamentet,2015-09-30,0934822371311,5,EP,Ledamot,"",2019-07-02,26313
19119,uppdrag,Sammansatta konstitutions- och utrikesutskottet,2001-10-16,0782713019602,0,KUU,Deputerad,"",2001-12-06,19082
4990,kammaruppdrag,"",1994-10-03,0440497495914,283,kam,Riksdagsledamot,Tjänstgörande,1998-10-05,4987
15484,kammaruppdrag,"",1991-09-30,0931691314703,221,kam,Riksdagsledamot,Tjänstgörande,1994-10-03,15483
46031,uppdrag,Försvarsutskottet,2020-03-18,0613297818326,194,FöU,Suppleant,"",2020-09-03,46009
22197,uppdrag,Trafikutskottet,2005-06-16,0457308547314,0,TU,Ledamot,"",2006-10-02,22186
43889,uppdrag,Näringsutskottet,2020-03-18,049290762318,151,NU,Suppleant,"",2022-09-26,43878
3974,uppdrag,Utbildningsutskottet,1994-01-27,033486567915,0,UbU,Suppleant,"",1994-10-02,3968
35603,uppdrag,Trafikutskottet,2021-07-29,0987246082523,163,TU,Suppleant,"",2021-12-17,35587
40332,Riksdagsorgan,Riksdagens delegation till Europarådets parlamentariska församling,2024-06-25,0521260619925,4,ER,Suppleant,"",2026-10-20,40326
11470,uppdrag,Miljö- och jordbruksutskottet,2003-01-22,0281408160607,0,MJU,Suppleant,"",2003-05-31,11455
18198,uppdrag,Näringsutskottet,1988-10-11,0551013247907,0,NU,Suppleant,"",1991-09-29,18184
19677,Riksdagsorgan,Nordiska rådets svenska delegation,1997-09-25,0149554070404,0,NR,Suppleant,"",1998-10-05,19668
13724,Riksdagsorgan,EG-delegationen,1994-10-11,0483420372909,0,EG,Ledamot,"",1994-12-31,13723
13760,Riksdagsorgan,Riksbanksfullmäktige,1991-10-15,0970500642209,0,RB,Ledamot,"",1994-10-03,13750
32579,uppdrag,Kulturutskottet,2020-03-18,0955748436811,289,KrU,Suppleant,"",2022-09-26,32569
43206,uppdrag,Utrikesutskottet,2022-11-08,0576122429317,0,UU,Extra suppleant,"",2023-04-30,43189
51399,uppdrag,Civilutskottet,2020-03-18,0667220767927,153,CU,Suppleant,"",2022-09-26,51383
40799,uppdrag,Justitieutskottet,2020-03-18,084624777218,119,JuU,Suppleant,"",2022-09-26,40787
18311,uppdrag,Utrikesutskottet,2006-10-10,0319703582208,20,UU,Ledamot,"",2007-05-21,18305
20597,uppdrag,Konstitutionsutskottet,2002-10-08,0161597857912,0,KU,Suppleant,"",2006-01-17,20563
13280,uppdrag,Miljö- och jordbruksutskottet,1991-09-30,0997350894105,0,MJU,Ledamot,"",1991-10-08,13270
11077,kammaruppdrag,"",1988-10-03,0362377089307,203,kam,Riksdagsledamot,Tjänstgörande,1991-09-30,11076
32141,uppdrag,Näringsutskottet,2020-03-18,0285527517421,255,NU,Suppleant,"",2022-09-26,32132
5709,Riksdagsorgan,EG-delegationen,1994-10-11,069787178810,0,EG,Suppleant,"",1994-12-31,5708
46597,kammaruppdrag,"",2022-09-26,0525562399327,309,kam,Riksdagsledamot,Tjänstgörande,2024-03-24,46594
26553,uppdrag,Socialutskottet,2018-01-19,0802826314426,11,SoU,Suppleant,"",2018-01-24,26543
3392606,kammaruppdrag,Lena Malm 2026-02-02 - 2026-06-22,2026-02-02,0662032691523,229,kam,Riksdagsledamot,Ledig,2026-06-22,53224
46497,Riksdagsorgan,Domarnämnden,2023-01-01,0877778793323,4,DN,Personlig ersättare,"",2026-12-31,46469
41524,Riksdagsorgan,Riksrevisionens parlamentariska råd,2014-10-14,0494054455310,3,RRPR,Ledamot,"",2018-10-09,41490
49530,Riksdagsorgan,Nordiska rådets svenska delegation,2023-10-19,0254021157518,5,NR,Suppleant,"",2024-10-16,49494
44481,uppdrag,Näringsutskottet,2020-03-18,0612916684825,176,NU,Suppleant,"",2022-09-26,44460
26993,uppdrag,Socialutskottet,1991-09-30,0708639889502,0,SoU,Suppleant,"",1994-10-02,26981
53248,uppdrag,Utbildningsutskottet,2024-01-10,0837394708917,14,UbU,Ledamot,"",2024-06-24,53239
6731,kammaruppdrag,"Åke Wictorsson 1985-09-30 - 1988-10-03, Lars Gustafsson 1988-10-03 - 1990-06-13, Ines Uusmann 1990-06-14 - 1991-09-30",1988-10-03,0906359551705,32,kam,Riksdagsledamot,Ledig,1991-09-30,6726
50876,kammaruppdrag,"",1998-10-05,0973782197017,78,kam,Riksdagsledamot,Tjänstgörande,2002-09-30,50869
25013,uppdrag,Utbildningsutskottet,2018-10-02,0736867676621,12,UbU,Ledamot,"",2019-03-31,25011
7797,kammaruppdrag,"",2006-12-23,0291542732518,275,kam,Riksdagsledamot,Tjänstgörande,2010-10-04,7795
28793,uppdrag,Utrikesutskottet,2014-10-14,0285631067215,25,UU,Suppleant,"",2018-09-24,28771
30522,uppdrag,Näringsutskottet,2021-04-13,0671241874717,2,NU,Suppleant,"",2022-09-26,30513
27529,kammaruppdrag,"Christina Axelsson 1998-10-05 - 1999-10-01, Yilmaz Kerimo 1999-10-01 - 2002-09-30",1999-10-01,0787533297400,52,kam,Riksdagsledamot,Ledig,2002-09-30,27521
40763,Riksdagsorgan,Nordiska rådets svenska delegation,2012-03-20,0383111552218,19,NR,Suppleant,"",2012-09-18,40721
