hjid,document_category,document_document_status_con_0,document_activity_container__0,document_attachment_containe_0,document_detail_container_do_0,document_person_reference_co_1,document_reference_container_0,document_proposal_document_s_0
903231,,H9021928,903232,903236,903239,903243,903247,903245
1642311,,H4022031,1642312,1642316,1642319,1642323,1642327,1642325
980197,,GY02T294,980198,980201,980204,980208,,980210
654650,,GZ02N240,654651,654654,654657,654661,,654663
1711563,,H2021686,1711564,1711568,1711571,1711575,1711580,1711578
874097,,H003171,874098,874105,874107,,874113,874111
3266712,,H002A393,3266713,3266716,3266719,3266723,,3266749
1247074,,HA02116,1247075,1247079,1247082,1247086,1247091,1247089
647011,,GZ02N329,647012,647015,647018,647022,,647025
523872,,GP0380,523873,,523880,,523886,523884
901457,,GY02K322,901458,901461,901464,901468,,901470
346857,,GO02N233,346858,,346863,346867,,346879
2004895,,H102Ju394,2004896,2004899,2004902,2004906,,2004908
771066,,H7022342,771067,771071,771074,771078,771083,771081
1445309,,GQ02So411,1445310,,1445314,1445318,,1445325
2073651,,GQ02K307,2073652,,2073656,2073660,,2073662
1423471,,H702414,1423472,1423476,1423479,1423483,1423488,1423486
281454,,GU02T384,281455,281460,281463,281467,,281469
1349943,,H4021000,1349944,1349948,1349951,1349955,1349960,1349958
1219715,,H102C464,1219716,1219719,1219722,1219726,,1219729
1800326,,GY02N436,1800327,1800330,1800333,1800337,,1800342
130082,,GX02N396,130083,130086,130089,130093,,130095
673857,,H3023337,673858,673862,673865,673872,673891,673887
222882,,GO02Ju908,222883,,222888,222892,,222894
2077551,,GQ02K266,2077552,,2077556,2077560,,2077562
2192991,,GV02C418,2192992,2192997,2193000,2193004,,2193006
1276440,,GP02L335,1276441,,1276450,1276454,,1276457
669876,,GO02MJ813,669877,,669882,669886,,669888
1470419,,H002Ju373,1470420,1470423,1470426,1470430,1470440,1470438
3247644,,GR02MJ23,3247645,,3247649,3247654,,3247663
2151907,,H8022953,2151908,2151912,2151915,2151919,2151931,2151929
1265393,,GW02N238,1265394,1265397,1265399,1265403,,1265406
1545573,,H9022944,1545574,1545578,1545581,1545585,1545589,1545587
2061899,,GP02Ub424,2061900,,2061909,2061913,,2061916
187365,,GQ02Fi246,187366,,187370,187374,,187376
231843,,GX02Kr1,231844,231848,231851,231856,,231865
911955,,H9021898,911956,911960,911963,911967,911971,911969
1461322,,GQ02So203,1461323,,1461327,1461331,,1461334
1681909,,H501MJU4,1681910,1681917,1681919,,1681929,
3100175,,GX02Kr292,3100176,3100179,3100182,3100186,,3100190
1722111,,H9023640,1722112,1722116,1722119,1722123,1722131,1722129
3263397,,HB01KU3,3263398,3263408,3263410,,3263421,
214107,,GT01SkU12,214108,214120,214122,,214130,
446908,,GS02K258,446909,,446913,446917,,446919
199379,,GS02L270,199380,,199384,199388,,199390
1763853,,H4021811,1763854,1763858,1763861,1763865,1763870,1763868
1114710,,H9021145,1114711,1114715,1114718,1114722,1114726,1114724
111470,,GQ02Ub530,111471,,111475,111479,,111481
2212907,,H8022301,2212908,2212912,2212915,2212919,2212923,2212921
3231568,,H402330,3231569,3231573,3231576,3231580,3231584,3231582
778415,,GW02So378,778416,778419,778421,778425,,778427
736507,,GY02A227,736508,736511,736514,736518,,736521
1580801,,HD023353,1580802,1580806,1580810,1580814,1580818,1580816
311244,,H403122,311245,311250,311252,311256,311261,311259
1224143,,GT02So578,1224144,1224148,1224151,1224155,,1224157
483395,,GT02K8,483396,483400,483403,483408,,483415
1995103,,HC021864,1995104,1995108,1995111,1995115,1995128,1995126
2114379,,H802654,2114380,2114384,2114387,2114391,2114398,2114396
2148636,,HC02984,2148637,2148641,2148644,2148648,2148652,2148650
1908433,,H6022803,1908434,1908438,1908441,1908445,1908449,1908447
550267,,H902195,550268,550272,550275,550279,550284,550282
1587979,,GR02T376,1587980,,1587984,1587988,,1587990
783431,,HD021928,783432,783436,783439,783443,,783446
1722266,,GV02A240,1722267,1722272,1722275,1722279,,1722282
2079519,,H102Ju424,2079520,2079523,2079526,2079530,,2079533
876836,,H501KrU6,876837,876844,876846,,876856,
1723202,,HC022821,1723203,1723207,1723210,1723214,1723218,1723216
1480621,,H102K254,1480622,1480625,1480628,1480632,,1480634
1402981,,H9022448,1402982,1402986,1402989,1402993,1403001,1402999
2130381,,H6022393,2130382,2130386,2130389,2130393,2130398,2130396
340583,,HC023194,340584,340588,340591,340595,340605,340603
1303817,,H2023090,1303820,1303832,1303838,1303843,1303895,1303893
1469458,,H002Sf273,1469459,1469462,1469465,1469469,,1469471
3285864,,H002K382,3285865,3285868,3285871,3285875,3285880,3285878
661965,,HC0334,661966,661971,661973,661977,661982,661980
1445528,,GQ02Sf343,1445529,,1445533,1445537,,1445540
179327,,GX02N344,179328,179331,179334,179338,,179340
806511,,GW02Ju262,806512,806515,806517,806521,,806523
1243108,,H102C238,1243109,1243112,1243115,1243119,,1243121
1905376,,H4023507,1905377,1905382,1905385,1905390,1905394,1905392
2183825,,HC02505,2183826,2183830,2183833,2183837,2183841,2183839
1462117,,GP02Kr221,1462118,,1462127,1462131,,1462133
2079264,,GW02Sk362,2079265,2079268,2079271,2079275,,2079277
149658,,H3021406,149659,149662,149665,149669,149674,149672
844635,,GS02So294,844636,,844640,844644,,844647
1082562,,HA02884,1082563,1082567,1082570,1082574,1082588,1082586
1123878,,GW01SoU21,1123879,1123890,1123892,,1123900,
2022335,,H8021931,2022336,2022340,2022343,2022347,2022358,2022356
86663,,GQ02U272,86664,,86668,86672,,86679
845742,,H503168,845743,845748,845750,845754,845759,845757
2026520,,HA022151,2026521,2026525,2026528,2026532,2026539,2026537
1378471,,H002Sf319,1378472,1378475,1378478,1378482,,1378485
255953,,GS02Ju342,255954,,255958,255962,,255964
807415,,GX01SkU34,807416,807428,807430,,807438,
1672286,,GT02T453,1672287,1672291,1672294,1672298,,1672301
726752,,GR02MJ428,726753,,726757,726761,,726763
742784,,GX02Ub317,742785,742788,742796,742808,,742814
1268142,,H702859,1268143,1268147,1268150,1268154,1268159,1268157
2201071,,HC02658,2201072,2201076,2201079,2201083,2201089,2201087
1962428,,GO02K373,1962429,,1962434,1962438,,1962446
1281099,,GQ02So469,1281100,,1281104,1281108,,1281110
970263,,HD021182,970264,970268,970271,970275,970279,970277
265802,,GS02Sf328,265803,,265807,265811,,265815
2055748,,H302262,2055749,2055752,2055755,2055759,2055766,2055764
936716,,H503122,936717,936722,936724,936728,936733,936731
209646,,GV02So339,209647,209652,209655,209660,,209664
2018477,,HC021500,2018478,2018482,2018487,2018491,2018495,2018493
2045393,,GZ02Ub516,2045394,2045397,2045400,2045404,,2045407
152104,,H301FiU18,152105,152112,152114,,152122,
741884,,HB022570,741885,741889,741892,741896,741902,741900
1842287,,GR02Ju224,1842288,,1842292,1842296,,1842298
2125726,,H8022927,2125727,2125731,2125734,2125738,2125750,2125748
1187833,,GX02A305,1187834,1187837,1187840,1187844,,1187850
897879,,GX02Ub290,897880,897883,897886,897890,,897892
82288,,GT02MJ29,82289,82293,82296,82301,,82310
1242613,,GT02Ju506,1242614,1242618,1242621,1242625,,1242628
1964840,,HC021143,1964841,1964845,1964848,1964852,1964856,1964854
1842630,,GT02MJ296,1842632,1842636,1842639,1842643,,1842652
3236321,,H002A385,3236322,3236325,3236328,3236332,,3236335
622677,,GP02Sf293,622679,,622699,622707,,622712
678292,,GV02MJ409,678293,678298,678301,678305,,678308
680936,,GW02C302,680937,680940,680943,680947,,680949
1042786,,H5023660,1042787,1042791,1042794,1042798,1042802,1042800
3320182,,GS02A333,3320183,,3320187,3320191,,3320193
138757,,GQ031d12,,138758,,,,
3282916,,HC022371,3282917,3282921,3282924,3282928,3282933,3282931
1516736,,HB01KU26,1516737,1516745,1516747,,1516758,
1943194,,H4022651,1943195,1943199,1943202,1943206,1943210,1943208
1128370,,HB021720,1128371,1128375,1128378,1128382,1128386,1128384
1117626,,HD022579,1117627,1117631,1117634,1117638,1117642,1117640
1955287,,H6022704,1955288,1955292,1955295,1955299,1955304,1955302
1159646,,H002Ub444,1159647,1159650,1159653,1159657,,1159662
1558442,,HA021344,1558443,1558447,1558450,1558454,1558460,1558458
2122299,,GO02U659,2122300,,2122305,2122309,,2122316
164435,,GQ02Sk238,164436,,164440,164444,,164447
90813,,GS02Sk2,90814,,90818,90823,,90842
511146,,GV02Ju378,511147,511152,511154,511158,,511160
136981,,GQ02Sk409,136982,,136986,136990,,136992
701698,,GZ01CU9,701699,701709,701711,,701719,
1507575,,GV02Sk320,1507576,1507581,1507583,1507587,,1507594
1516171,,H702167,1516172,1516176,1516179,1516183,1516187,1516185
2100466,,GO02Sf11,2100467,,2100473,2100478,,2100484
1333859,,H9022108,1333860,1333864,1333867,1333871,1333875,1333873
2216641,,HC02347,2216642,2216646,2216649,2216653,2216657,2216655
59321,,H502472,59322,59326,59329,59333,59337,59335
1261628,,GY02C285,1261629,1261632,1261635,1261639,,1261644
2037203,,H6022097,2037204,2037208,2037211,2037215,2037220,2037218
1322839,,GV02Fi201,1322840,1322845,1322848,1322852,,1322854
2178947,,H6022026,2178948,2178952,2178955,2178959,2178964,2178962
1275836,,GY02C321,1275837,1275840,1275843,1275847,,1275849
55685,,H2031d21,,55686,,,,
1116251,,HD024203,1116252,1116257,1116260,1116265,,1116273
1368008,,GX02Sf307,1368009,1368012,1368015,1368019,,1368024
681946,,GW02C342,681947,681950,681953,681957,,681963
968377,,GT01KrU19,968378,968388,968390,,968398,
1873103,,GS02A376,1873104,,1873108,1873112,,1873115
154289,,GY02So580,154290,154293,154296,154300,,154307
3332181,,H8021430,3332182,3332186,3332189,3332193,3332197,3332195
1620219,,HD023512,1620220,1620224,1620227,1620231,1620239,1620237
1495936,,GO02Sk700,1495937,,1495942,1495946,,1495948
158153,,GT03178,158154,158160,158162,,158168,158166
1186551,,GT02So236,1186552,1186556,1186559,1186563,,1186565
1416130,,H702597,1416131,1416135,1416138,1416142,1416150,1416148
1717984,,H102T249,1717985,1717988,1717991,1717995,1717999,1717997
2119120,,GZ01MJU6,2119121,2119131,2119133,,2119141,
1385845,,H2022888,1385846,1385849,1385852,1385856,1385865,1385863
211322,,GV02So316,211323,211328,211330,211334,,211337
1023126,,HB021216,1023127,1023131,1023134,1023138,1023142,1023140
1689891,,H9023164,1689892,1689896,1689899,1689903,1689907,1689905
3305660,,HB031d9,,3305661,,,,
701288,,H5022990,701289,701293,701296,701300,701304,701302
487031,,H403203,487032,487037,487039,487043,487048,487046
1603697,,H102K329,1603698,1603701,1603704,1603708,1603712,1603710
1040672,,H701FiU58,1040673,1040680,1040682,,1040692,
1820072,,H2021981,1820073,1820077,1820080,1820084,1820088,1820086
308060,,H3021256,308063,308071,308077,308084,308088,308086
648444,,H7022768,648445,648449,648452,648456,648461,648459
3329248,,H6023082,3329249,3329254,3329257,3329262,3329274,3329272
3283321,,GO02T359,3283322,,3283327,3283331,,3283334
297187,,HD02959,297188,297192,297195,297199,,297201
1878096,,H102N335,1878097,1878100,1878103,1878107,,1878110
432902,,GU02T300,432903,432908,432911,432915,,432924
749886,,GO0343,749887,,749893,,749899,749897
151515,,GX02Ub9,151517,151525,151530,151540,,151547
199329,,GV02U9,199330,199334,199336,199341,,199350
3103674,,HB02879,3103675,3103679,3103682,3103686,3103691,3103689
395063,,GR0358,395064,395070,395072,,395078,395076
2001423,,GQ035,2001424,2001430,2001432,,2001438,2001436
340253,,H002T494,340254,340258,340261,340265,,340267
1899110,,H402256,1899111,1899115,1899118,1899122,1899126,1899124
361263,,GS02Ju220,361264,,361268,361272,,361274
1058652,,H9021566,1058653,1058657,1058660,1058664,1058668,1058666
1860654,,H80219,1860655,1860659,1860662,1860666,1860670,1860668
451001,,GP01LU22,451002,451013,451016,,451023,
127028,,GY02So322,127029,127032,127035,127039,,127042
886898,,GX02Sk306,886899,886902,886905,886909,,886911
1251182,,HA021715,1251183,1251187,1251190,1251194,1251201,1251199
454596,,H402717,454597,454601,454604,454608,454612,454610
3282461,,GO02T345,3282462,,3282467,3282471,,3282474
3338356,,H8021295,3338357,3338361,3338364,3338368,3338375,3338373
829751,,GV02MJ352,829752,829757,829760,829764,,829766
2195498,,GO02U501,2195499,,2195504,2195508,,2195511
1679383,,H9023395,1679384,1679388,1679391,1679395,1679407,1679405
2067288,,GP02Sk204,2067289,,2067298,2067302,,2067304
543065,,GZ02N300,543066,543069,543072,543076,,543078
1984776,,GT02MJ370,1984777,1984781,1984784,1984788,,1984791
1692190,,H7023552,1692191,1692196,1692199,1692204,1692213,1692211
3322514,,GX02T455,3322515,3322518,3322521,3322525,,3322528
1301750,,H702223,1301751,1301755,1301758,1301762,1301766,1301764
1052065,,H501SkU8,1052066,1052073,1052075,,1052085,
1650376,,GR03125,1650377,1650383,1650388,,1650392,
834059,,GS02So538,834060,,834064,834068,,834070
1120985,,GT02So247,1120986,1120990,1120993,1120997,,1120999
234510,,GP02N9,234511,,234522,234529,,234552
1143719,,GT02So438,1143720,1143724,1143727,1143731,,1143734
1156776,,H9021529,1156777,1156781,1156784,1156788,1156792,1156790
720370,,GR02MJ336,720371,,720375,720379,,720386
2184672,,H8022973,2184673,2184677,2184680,2184684,2184695,2184693
1109154,,HD022774,1109155,1109159,1109162,1109166,1109172,1109170
679203,,GU02C326,679204,679209,679212,679216,,679218
559971,,H602907,559972,559976,559979,559983,559987,559985
1730744,,H7023086,1730745,1730749,1730752,1730756,1730765,1730763
1399890,,GP031d27,,1399891,,,,
216795,,GS02U321,216796,,216800,216804,,216812
1039513,,H9021714,1039514,1039518,1039521,1039525,1039529,1039527
1066411,,HD024097,1066412,1066414,1066417,1066423,,1066430
239454,,GQ02L201,239455,,239459,239463,,239465
699957,,GZ02So310,699958,699961,699964,699968,,699972
1078567,,H7021437,1078568,1078572,1078575,1078579,1078583,1078581
1099958,,HD022654,1099959,1099963,1099966,1099970,1099982,1099980
466262,,H3022390,466263,466269,466275,466284,466298,466295
363216,,GS02Ju299,363217,,363221,363225,,363228
3117597,,HC022766,3117598,3117602,3117605,3117609,3117613,3117611
1082340,,HD03249,1082341,1082346,1082348,1082352,1082357,1082355
594363,,GU02MJ227,594364,594369,594372,594376,,594379
1210436,,GR02Ub468,1210437,,1210441,1210445,,1210449
1833606,,H2021888,1833607,1833611,1833614,1833618,1833624,1833622
2180508,,GP02Fi248,2180509,,2180518,2180522,,2180524
1246108,,GQ02Fi14,1246109,,1246113,1246118,,1246132
510597,,HD02162,510598,510602,510605,510609,510613,510611
747800,,GS02N363,747801,,747805,747809,,747811
1402714,,GO02Ub718,1402715,,1402720,1402724,,1402727
1104099,,HB021494,1104101,1104110,1104116,1104123,1104129,1104127
423806,,GU02T355,423807,423812,423815,423819,,423826
1286115,,H702765,1286116,1286120,1286123,1286127,1286137,1286135
889915,,GW02So457,889916,889919,889921,889925,,889930
387962,,GO02Ju809,387963,,387968,387972,,387984
506149,,H7022943,506150,506154,506157,506162,506166,506164
1940814,,GV02T520,1940815,1940820,1940822,1940826,,1940830
1654865,,GP02N306,1654866,,1654875,1654879,,1654884
1817645,,GS0385,1817646,1817654,1817658,,1817664,1817662
1504600,,HB01TU15,1504601,1504608,1504610,,1504621,
2224897,,GR02So409,2224898,,2224902,2224906,,2224913
1910193,,H8022007,1910194,1910198,1910201,1910205,1910212,1910210
233219,,GX02Fi229,233220,233223,233226,233230,,233232
1120322,,HB021232,1120323,1120327,1120330,1120334,1120338,1120336
1422838,,H9022138,1422839,1422843,1422846,1422850,1422854,1422852
1237010,,HD022965,1237011,1237015,1237018,1237022,1237026,1237024
1396776,,GX02So566,1396777,1396780,1396783,1396787,,1396790
3315005,,GQ02Kr353,3315006,,3315010,3315014,,3315017
2197069,,H302897,2197070,2197073,2197076,2197080,2197084,2197082
853867,,HD021684,853868,853872,853875,853879,853883,853881
62044,,H002Ub376,62045,62048,62051,62055,,62059
1057783,,HB021050,1057784,1057788,1057791,1057795,1057799,1057797
1729359,,GU02A2,1729360,1729364,1729367,1729372,,1729381
1920552,,H60349,1920553,1920558,1920560,1920564,1920567,
1135356,,H9021746,1135357,1135361,1135364,1135368,1135372,1135370
1437011,,H9022356,1437012,1437016,1437019,1437023,1437027,1437025
541860,,GT02Fi16,541861,541865,541868,541873,,541879
2098708,,GX03157,2098709,2098715,2098717,,2098723,2098721
115854,,GW02A218,115855,115858,115861,115865,,115868
500137,,GY02A219,500139,500146,500152,500160,,500167
359887,,GO02N348,359888,,359893,359897,,359911
1781297,,GZ02A288,1781298,1781301,1781304,1781308,,1781310
3291985,,GO02T542,3291986,,3291991,3291995,,3292003
1724848,,GW03158,1724849,1724855,1724857,,1724863,1724861
1459195,,H201AU7,1459196,1459203,1459205,,1459213,
2009556,,GZ02K224,2009557,2009560,2009563,2009567,,2009572
3350996,,GR02Ju244,3350997,,3351001,3351005,,3351007
1080280,,HA02106,1080281,1080285,1080288,1080292,1080296,1080294
1862802,,GZ01UFöU3,1862803,1862816,1862818,,1862826,
1646485,,GS02A3,1646486,,1646491,1646496,,1646503
1182903,,GR02Ub325,1182904,,1182908,1182912,,1182914
612695,,GY02A398,612696,612699,612702,612706,,612709
3323657,,GO02T310,3323658,,3323663,3323667,,3323669
949587,,GP02K407,949588,,949598,949602,,949605
1177648,,GR02L311,1177649,,1177653,1177657,,1177660
732780,,H002N298,732781,732784,732787,732791,,732793
3131900,,H402480,3131902,3131909,3131915,3131924,3131938,3131936
3118657,,HC022702,3118659,3118667,3118676,3118685,3118689,3118687
1343818,,GR02So14,1343820,,1343824,1343829,,1343831
998440,,HB021479,998441,998445,998448,998452,998457,998455
3274907,,H4023130,3274908,3274912,3274915,3274919,3274923,3274921
1681497,,H2021196,1681498,1681502,1681505,1681509,1681515,1681513
1631947,,H2021077,1631948,1631952,1631955,1631959,1631963,1631961
1283762,,H002So304,1283763,1283766,1283769,1283773,,1283775
1213088,,GR02Sk442,1213089,,1213093,1213097,,1213106
1185552,,GU02N319,1185553,1185558,1185561,1185565,,1185567
671284,,H602934,671285,671289,671292,671296,671300,671298
1074312,,GP02K343,1074313,,1074322,1074326,,1074328
380026,,H8023566,380027,380031,380034,380038,380043,380041
96807,,GS02So37,96808,,96812,96817,,96824
1790083,,HB02913,1790084,1790091,1790095,1790102,1790114,1790110
377907,,H8023809,377908,377913,377916,377921,377928,377926
878014,,GW02So323,878015,878018,878021,878025,,878027
2127300,,H802406,2127301,2127305,2127308,2127312,2127316,2127314
1351806,,H6021036,1351807,1351811,1351814,1351818,1351824,1351822
323343,,H3021490,323344,323347,323350,323354,323359,323357
529923,,GV02Ju236,529924,529929,529932,529936,,529938
1182735,,GR02Ub324,1182736,,1182740,1182744,,1182746
1293719,,GT02So205,1293720,1293724,1293727,1293731,,1293733
1471917,,H2021784,1471918,1471922,1471925,1471929,1471933,1471931
951166,,HD021665,951167,951171,951174,951178,951182,951180
1204286,,H002So493,1204288,1204294,1204300,1204309,,1204312
2189774,,H6022293,2189775,2189779,2189782,2189786,2189790,2189788
2024727,,GQ02T404,2024728,,2024732,2024736,,2024739
561969,,GZ02N421,561970,561973,561976,561980,,561984
2040583,,H20361,2040584,2040589,2040591,2040595,2040600,2040598
900654,,GS02So574,900655,,900659,900663,,900670
1311749,,H9022293,1311750,1311754,1311757,1311761,1311765,1311763
1326472,,H102Ub512,1326473,1326476,1326479,1326483,,1326485
350965,,GS02T277,350966,,350970,350974,,350977
534528,,H103163,534529,534536,534538,,534544,534542
1301434,,GT02So248,1301435,1301439,1301442,1301446,,1301448
365538,,H5021963,365539,365543,365546,365550,365554,365552
893488,,GX02Sk544,893489,893495,893501,893509,,893512
2151169,,GO02U504,2151170,,2151175,2151179,,2151182
2251369,,HC02823,2251370,2251374,2251377,2251381,2251385,2251383
1696375,,H2021623,1696376,1696380,1696383,1696387,1696391,1696389
1190414,,GQ01SKU7,1190415,1190426,1190428,,1190436,
886279,,GW02So423,886280,886283,886285,886289,,886291
3312618,,GU02Kr245,3312619,3312624,3312627,3312631,,3312641
299555,,GS02T434,299557,,299563,299570,,299579
1458340,,H2022326,1458341,1458345,1458348,1458352,1458356,1458354
562827,,H3023318,562829,562837,562843,562853,562863,562860
1857669,,GU02So404,1857670,1857675,1857678,1857682,,1857684
1772787,,GP02MJ526,1772788,,1772806,1772814,,1772821
965589,,H101KrU2,965590,965601,965603,,965611,
1640162,,GR01NU2,1640163,1640174,1640177,,1640185,
142289,,GY02So237,142290,142293,142296,142300,,142302
178865,,H002Fö217,178866,178869,178872,178876,,178879
1840154,,H4022621,1840157,1840165,1840170,1840178,1840185,1840181
3321948,,HA021808,3321949,3321953,3321956,3321960,3321964,3321962
820963,,HB022558,820964,820968,820971,820975,820981,820979
1667104,,H4022120,1667105,1667109,1667112,1667116,1667120,1667118
1738684,,GO02A808,1738685,,1738691,1738695,,1738712
1068601,,HD03229,1068602,1068607,1068609,1068613,1068618,1068616
63477,,GW02A250,63478,63481,63484,63488,,63491
202827,,H502938,202828,202832,202835,202839,202843,202841
3356983,,HC021374,3356984,3356988,3356991,3356995,3357002,3357000
1714541,,H9023785,1714542,1714546,1714549,1714553,1714561,1714559
1951462,,GQ02K201,1951463,,1951467,1951471,,1951480
543153,,GZ02N205,543154,543157,543160,543164,,543166
279164,,H3022227,279165,279168,279171,279175,279180,279178
2181841,,H6022082,2181842,2181846,2181849,2181853,2181857,2181855
1498248,,HA021650,1498249,1498253,1498256,1498260,1498264,1498262
564105,,H5022519,564106,564110,564113,564117,564121,564119
963262,,H002N13,963263,963267,963270,963275,,963284
166089,,GQ02Sk204,166090,,166094,166098,,166100
1162406,,HD022024,1162407,1162411,1162414,1162418,1162422,1162420
1229305,,GT02So548,1229306,1229310,1229313,1229317,,1229320
635574,,GW02So15,635575,635579,635581,635586,,635598
2041388,,H8021764,2041389,2041393,2041396,2041400,2041404,2041402
230080,,GX02Fi281,230081,230084,230087,230091,,230093
1266763,,GW02N216,1266764,1266767,1266770,1266774,,1266776
412336,,HD02505,412337,412341,412344,412348,412357,412355
679989,,H401SkU29,679990,679997,679999,,680009,
1688015,,H2021751,1688016,1688020,1688023,1688027,1688031,1688029
456901,,H902809,456902,456906,456909,456913,456919,456917
896061,,GW01JuU21,896062,896072,896074,,896083,
827114,,HB022422,827115,827119,827122,827126,827130,827128
133504,,GQ02Ub547,133505,,133509,133513,,133516
425209,,GU02T334,425210,425215,425218,425222,,425225
1002451,,GY02T452,1002452,1002455,1002458,1002462,,1002465
1498573,,GO02Sk748,1498574,,1498579,1498583,,1498592
2087603,,GQ02K418,2087604,,2087608,2087612,,2087615
1512655,,H4022402,1512656,1512660,1512663,1512667,1512671,1512669
2177476,,GS02Ub306,2177477,,2177481,2177485,,2177492
648482,,H70383,648483,648488,648490,648494,648499,648497
2165226,,GV02C303,2165227,2165232,2165234,2165238,,2165240
1550818,,HA021265,1550819,1550823,1550826,1550830,1550835,1550833
1567278,,H202955,1567279,1567283,1567286,1567290,1567295,1567293
1452356,,GV02K216,1452357,1452362,1452365,1452369,,1452372
774106,,H503125,774107,774112,774114,774118,774121,
724448,,H3023197,724449,724453,724456,724460,724468,724466
388001,,H002T323,388002,388005,388008,388012,,388017
3119923,,GX02U286,3119924,3119927,3119930,3119934,,3119942
1591173,,HB02310,1591174,1591178,1591181,1591185,1591189,1591187
597509,,H102Kr244,597510,597513,597516,597520,,597523
991348,,H9021299,991349,991353,991356,991360,991364,991362
875788,,GW02K315,875789,875792,875794,875798,,875800
1059109,,H003110,1059110,1059117,1059119,,1059126,1059123
1583304,,GR02T409,1583305,,1583309,1583313,,1583319
1614393,,H702183,1614395,1614404,1614410,1614417,1614426,1614421
1640022,,H2022031,1640023,1640027,1640030,1640034,1640039,1640037
1643214,,H4022016,1643215,1643219,1643222,1643226,1643231,1643229
244006,,H8023362,244007,244011,244014,244018,244028,244026
2069212,,HC021053,2069213,2069217,2069220,2069224,2069229,2069227
1305323,,GX02So581,1305324,1305327,1305330,1305334,,1305337
802286,,GP02Bo213,802287,,802296,802300,,802303
1310651,,GP02U308,1310652,,1310661,1310665,,1310667
1824927,,GZ02Fö219,1824928,1824931,1824934,1824938,,1824940
1455650,,GS02MJ466,1455651,,1455655,1455659,,1455661
1965301,,H4022749,1965302,1965306,1965309,1965313,1965317,1965315
1747287,,H7023369,1747288,1747292,1747295,1747299,1747307,1747305
563493,,H402711,563494,563498,563501,563505,563509,563507
1362268,,H2022891,1362269,1362273,1362276,1362280,1362290,1362288
300733,,H3021909,300734,300738,300741,300745,300749,300747
1952895,,H8021820,1952896,1952900,1952903,1952907,1952911,1952909
61774,,GO02Kr537,61775,,61780,61784,,61808
2107757,,GW02Sk298,2107758,2107761,2107764,2107768,,2107770
1944630,,H20336,1944631,1944636,1944638,1944642,1944645,
1071101,,H001NU6,1071102,1071114,1071116,,1071124,
1582667,,GR02K418,1582668,,1582672,1582676,,1582694
1417171,,H102K288,1417172,1417175,1417178,1417182,1417188,1417186
1598385,,GP02MJ520,1598386,,1598395,1598399,,1598410
489702,,HD02387,489704,489709,489712,489716,,489718
3235736,,HC022615,3235737,3235741,3235744,3235748,3235755,3235753
501853,,H902402,501855,501863,501869,501877,501891,501887
560824,,GT0374,560825,560831,560833,,560839,560837
1571292,,GT02T276,1571293,1571297,1571300,1571304,,1571307
89810,,H502328,89811,89815,89818,89822,89826,89824
2167902,,GW02Sk349,2167903,2167906,2167908,2167912,,2167915
495106,,H5021775,495107,495111,495114,495118,495122,495120
1669677,,H9023410,1669678,1669682,1669685,1669689,1669694,1669692
547994,,H402990,547995,547999,548002,548006,548010,548008
3324438,,GO02T386,3324439,,3324444,3324448,,3324450
1005169,,H50347,1005170,1005175,1005177,1005181,1005184,
1216089,,GT02Ju281,1216090,1216094,1216097,1216101,,1216103
1733254,,H7023121,1733255,1733259,1733262,1733266,1733272,1733270
1010251,,GQ01NU8,1010252,1010261,1010264,,1010273,
2116082,,H802621,2116083,2116087,2116090,2116094,2116099,2116097
283596,,H903278,283597,283602,283604,283608,283613,283611
1291931,,HD022542,1291932,1291936,1291939,1291943,1291948,1291946
780225,,H5022028,780226,780230,780233,780237,780241,780239
2039622,,GR02N321,2039623,,2039627,2039631,,2039634
1333377,,H9022110,1333378,1333382,1333385,1333389,1333393,1333391
1860306,,GZ02A294,1860307,1860310,1860313,1860317,,1860320
2004104,,HA022077,2004105,2004109,2004112,2004116,2004120,2004118
1848397,,H80366,1848398,1848403,1848405,1848409,1848414,1848412
56102,,GW02Ub353,56103,56106,56109,56113,,56115
1824440,,GX02C365,1824441,1824444,1824447,1824451,,1824453
1989031,,GX02K217,1989032,1989035,1989038,1989042,,1989044
2243783,,HA022292,2243784,2243789,2243792,2243798,2243804,2243802
852612,,H602238,852613,852617,852620,852624,852628,852626
622836,,GP02Sf290,622837,,622846,622850,,622853
1505956,,GO02Fö806,1505957,,1505962,1505966,,1505969
323910,,GT01FiU21,323911,323923,323925,,323933,
3233780,,HB02865,3233781,3233785,3233788,3233792,3233796,3233794
1590593,,H202760,1590594,1590598,1590601,1590605,1590612,1590610
595139,,H103246,595140,595146,595148,,595156,595154
142505,,H8023312,142506,142510,142513,142517,142525,142523
818580,,GZ02Kr316,818581,818584,818587,818591,,818593
1546506,,HD023792,1546507,1546511,1546514,1546518,1546522,1546520
3219415,,GT01FiU6,3219416,3219427,3219429,,3219437,
1331083,,GT02So512,1331084,1331088,1331091,1331095,,1331097
922749,,GU02Ub350,922750,922755,922758,922762,,922765
3261112,,GQ02MJ415,3261113,,3261117,3261121,,3261123
365198,,H902980,365199,365203,365206,365210,365214,365212
662093,,H5022291,662094,662098,662101,662105,662109,662107
3129489,,HC022489,3129490,3129494,3129497,3129501,3129511,3129509
512257,,GW02C235,512258,512261,512264,512268,,512270
1549572,,H9022937,1549573,1549577,1549580,1549584,1549588,1549586
1666001,,HB02677,1666002,1666006,1666009,1666013,1666018,1666016
499489,,HC023279,499490,499495,499498,499503,499512,499510
999182,,GP02So539,999183,,999192,999196,,999200
1437056,,GO02Sk612,1437057,,1437067,1437075,,1437082
1584316,,GR02T366,1584317,,1584321,1584325,,1584327
663518,,HC0389,663519,663524,663527,663531,663536,663534
82926,,H601CU14,82927,82934,82936,,82946,
3131802,,HC022330,3131803,3131807,3131810,3131814,3131819,3131817
2080997,,GR02So559,2080998,,2081002,2081006,,2081009
3241333,,HC022439,3241334,3241338,3241341,3241345,3241354,3241352
871354,,H5023331,871355,871359,871362,871366,871374,871372
1513795,,H202374,1513796,1513801,1513804,1513809,1513815,1513813
1418184,,H901KrU9,1418185,1418193,1418195,,1418206,
1775483,,GT02Kr318,1775484,1775488,1775491,1775495,,1775497
1449765,,GT02K346,1449766,1449770,1449773,1449777,,1449782
161143,,GQ02Fö243,161144,,161148,161152,,161156
1691476,,H9023106,1691477,1691481,1691484,1691488,1691492,1691490
1794798,,H2021190,1794805,1794826,1794833,1794837,1794841,1794839
1582237,,GR02T490,1582238,,1582242,1582246,,1582250
3307887,,H8021617,3307888,3307892,3307895,3307899,3307905,3307903
1787814,,GZ02A234,1787815,1787818,1787822,1787826,,1787828
141055,,GY02So252,141056,141059,141062,141066,,141068
3303799,,GN02Fi48,3303800,,3303804,3303809,,3303814
3320355,,HA021832,3320356,3320360,3320363,3320367,3320371,3320369
492597,,GU02MJ306,492598,492603,492606,492610,,492612
1978074,,GP02Ub406,1978075,,1978084,1978088,,1978090
335130,,H3021475,335131,335135,335138,335142,335146,335144
1367448,,H702904,1367449,1367453,1367456,1367460,1367465,1367463
1852689,,HC022249,1852690,1852694,1852697,1852701,1852706,1852704
1895351,,H401FöU8,1895352,1895360,1895362,,1895372,
281272,,H5021399,281273,281277,281280,281284,281289,281287
734777,,H002N232,734778,734781,734784,734788,,734791
844062,,H102MJ436,844063,844066,844069,844073,,844075
1857352,,GO02K335,1857353,,1857358,1857362,,1857364
668766,,GP02So264,668767,,668776,668780,,668791
1730607,,GP02MJ269,1730608,,1730617,1730621,,1730624
2015853,,HC021583,2015854,2015858,2015861,2015865,2015870,2015868
903761,,GP02Bo253,903762,,903771,903775,,903777
981850,,HB021394,981851,981855,981858,981863,981867,981865
329274,,HC01KU20,329275,329316,329320,,329329,
2226118,,H40218,2226119,2226123,2226126,2226132,2226140,2226136
1172261,,GZ02MJ313,1172262,1172265,1172268,1172272,,1172274
2244609,,H302363,2244610,2244614,2244617,2244621,2244625,2244623
636441,,H7022831,636442,636446,636449,636453,636468,636466
1240787,,H501CU35,1240788,1240795,1240797,,1240807,
1890230,,HC022287,1890231,1890235,1890238,1890242,1890247,1890245
480154,,H902538,480157,480166,480172,480176,480180,480178
1765948,,H9023546,1765949,1765953,1765956,1765960,1765964,1765962
988921,,H9021518,988922,988926,988929,988933,988937,988935
248844,,GV02So415,248845,248850,248852,248856,,248858
1695561,,GR02Sf37,1695562,,1695567,1695572,,1695581
1537396,,H7023505,1537397,1537402,1537405,1537410,1537416,1537414
148097,,GT02Sk276,148098,148102,148105,148109,,148111
1660225,,H4022242,1660226,1660230,1660233,1660237,1660241,1660239
1187214,,H703107,1187215,1187220,1187222,1187226,1187231,1187229
717087,,H602842,717088,717092,717095,717099,717107,717105
316635,,HA01JuU22,316636,316644,316646,,316657,
1880754,,HC022362,1880755,1880759,1880762,1880766,1880770,1880768
837220,,H50299,837221,837225,837228,837232,837237,837235
1289247,,H6021376,1289248,1289252,1289255,1289259,1289268,1289266
1430612,,HA021006,1430613,1430617,1430620,1430624,1430631,1430629
3121276,,H002MJ323,3121277,3121280,3121283,3121287,,3121289
311102,,GU02MJ278,311103,311108,311111,311115,,311117
1995727,,H102So284,1995728,1995731,1995734,1995738,,1995741
1275313,,HD022445,1275314,1275318,1275321,1275325,1275330,1275327
640839,,GW02C360,640840,640843,640845,640849,,640852
2199104,,GY02Ju341,2199105,2199108,2199111,2199115,,2199118
857184,,GZ01NU9,857185,857196,857198,,857206,
1258057,,GX02So272,1258058,1258061,1258064,1258068,,1258071
2212071,,HC02389,2212072,2212076,2212079,2212083,2212087,2212085
812456,,H602833,812457,812461,812464,812468,812474,812472
834537,,H602477,834538,834542,834545,834549,834553,834551
2026693,,GY02Sf353,2026694,2026697,2026700,2026704,,2026709
2114403,,GZ02Ub508,2114404,2114407,2114410,2114414,,2114417
537943,,H5021123,537944,537948,537951,537955,537960,537958
584703,,H902447,584704,584708,584711,584715,584725,584723
2206919,,HC02844,2206920,2206924,2206927,2206931,2206936,2206934
1929204,,GQ02T403,1929205,,1929209,1929213,,1929216
838084,,GX03100d2,,838085,,,,
2177969,,GW02Sk420,2177970,2177973,2177976,2177980,,2177982
1919707,,GQ02T355,1919708,,1919712,1919716,,1919718
3346100,,H002K277,3346101,3346104,3346107,3346111,3346115,3346113
1053857,,HB021525,1053858,1053862,1053865,1053869,1053878,1053876
1015147,,H50215,1015148,1015152,1015155,1015159,1015163,1015161
2024311,,HC021459,2024315,2024324,2024329,2024336,2024348,2024346
1398036,,H6021470,1398037,1398041,1398044,1398048,1398052,1398050
1647749,,H102T513,1647750,1647753,1647756,1647760,,1647762
1566754,,H9022723,1566755,1566759,1566762,1566766,1566770,1566768
2256004,,GW02Fi255,2256005,2256008,2256010,2256014,,2256018
1421155,,H202575,1421156,1421160,1421163,1421167,1421172,1421170
394023,,HD02834,394024,394028,394031,394035,394039,394037
3354495,,GQ02T446,3354496,,3354500,3354504,,3354506
2088757,,GS02Ub339,2088758,,2088762,2088766,,2088771
345118,,GV02Sf329,345119,345124,345127,345131,,345135
919697,,H9021776,919698,919702,919705,919709,919714,919712
960584,,GQ031d2,,960585,,,,
1123152,,H4039,1123153,1123158,1123160,1123164,1123169,1123167
847689,,H102Fi310,847691,847695,847701,847709,,847725
1916500,,H6022974,1916501,1916505,1916508,1916512,1916522,1916520
1781454,,H4021683,1781455,1781459,1781462,1781466,1781473,1781471
79897,,GV0341,79898,79904,79906,,79912,79910
201216,,H901FiU1,201217,201228,201230,,201240,
2028433,,H802457,2028434,2028438,2028441,2028445,2028449,2028447
314700,,HD02641,314701,314705,314708,314712,314716,314714
1034980,,H5023744,1034981,1034985,1034988,1034992,1034996,1034994
1833051,,H2021846,1833052,1833056,1833059,1833063,1833067,1833065
1617551,,GO01LU12,1617552,1617559,1617562,,1617570,
1998871,,GQ02Kr358,1998872,,1998876,1998880,,1998884
341486,,HD02169,341487,341491,341494,341498,341502,341500
1774028,,GT02Kr308,1774030,1774039,1774044,1774049,,1774056
1393550,,H102Ub398,1393551,1393554,1393557,1393561,1393565,1393563
1692763,,H7023521,1692764,1692769,1692772,1692777,1692785,1692783
1207068,,HD022691,1207069,1207073,1207076,1207080,,1207083
1308451,,HA02550,1308452,1308456,1308459,1308463,1308468,1308466
1657815,,GP02N338,1657816,,1657825,1657829,,1657831
106055,,H002U262,106056,106059,106062,106066,,106071
1469422,,H002Sf272,1469423,1469426,1469429,1469433,,1469435
2205064,,GZ02Ub449,2205065,2205068,2205071,2205075,,2205079
2002469,,H102Ju340,2002470,2002473,2002476,2002480,,2002483
389012,,H5021709,389013,389017,389020,389024,389028,389026
933171,,H5023355,933172,933176,933179,933183,933192,933190
2242231,,HA022283,2242232,2242237,2242240,2242245,2242255,2242253
2047826,,GX02K381,2047827,2047830,2047833,2047837,,2047839
1592469,,GO02Fi702,1592470,,1592475,1592479,,1592484
1651432,,GS0362d2,,1651433,,,,
3349104,,H802217,3349105,3349109,3349112,3349116,3349120,3349118
2122981,,GP01SKU7,2122982,2122992,2122995,,2123002,
2202395,,H8022874,2202396,2202400,2202403,2202407,2202411,2202409
130912,,H3021246,130913,130917,130920,130924,130928,130926
1705729,,GV02U363,1705730,1705735,1705738,1705742,,1705744
94938,,GZ0315,94939,94945,94947,,94953,94951
2014052,,GO02T662,2014053,,2014058,2014062,,2014069
1451249,,GV02K263,1451250,1451255,1451258,1451262,,1451264
1091681,,GU02Sk263,1091682,1091687,1091690,1091694,,1091697
1333176,,GR02Sk418,1333177,,1333181,1333185,,1333187
811360,,HB022627,811361,811365,811368,811372,811376,811374
2050726,,GU01UbU6,2050727,2050738,2050741,,2050749,
1696741,,H2021614,1696742,1696746,1696749,1696753,1696757,1696755
2048119,,HC021273,2048120,2048124,2048127,2048131,2048135,2048133
150912,,GW02A384,150913,150916,150918,150922,,150925
519865,,GP02Ju339,519866,,519875,519879,,519881
1296208,,HD022580,1296209,1296213,1296216,1296220,1296224,1296222
227923,,GO02Bo308,227924,,227929,227933,,227935
2007961,,H102So442,2007962,2007965,2007968,2007972,,2007975
218034,,H002Fi301,218035,218038,218041,218045,,218053
114665,,GQ02Sk285,114666,,114670,114674,,114676
1957163,,H4022914,1957164,1957168,1957171,1957175,1957179,1957177
795200,,HB022390,795201,795205,795208,795212,795216,795214
218176,,H3021470,218177,218180,218183,218187,218198,218196
1282329,,GQ02Sf294,1282331,,1282340,1282348,,1282356
1300522,,H002So213,1300523,1300526,1300529,1300533,,1300535
1926698,,H901SkU10,1926699,1926706,1926708,,1926719,
1190132,,GQ01SKU3,1190133,1190143,1190146,,1190154,
988872,,GS02Bo201,988873,,988877,988881,,988883
1175749,,GV02Ub336,1175750,1175755,1175758,1175762,,1175764
2258491,,GT02N427,2258492,2258496,2258499,2258503,,2258505
463498,,GZ02So313,463499,463502,463505,463510,,463512
254349,,GT02Ub223,254350,254354,254357,254361,,254363
1162314,,HB021624,1162315,1162319,1162322,1162326,1162331,1162329
1893495,,H802237,1893496,1893500,1893503,1893507,1893511,1893509
892644,,GX02Sk508,892645,892648,892651,892655,,892657
1072150,,GP02K389,1072151,,1072160,1072164,,1072167
141536,,GS02Sk16,141537,,141542,141547,,141549
1052577,,GW02T300,1052578,1052581,1052583,1052587,,1052589
1968020,,H6021851,1968021,1968025,1968028,1968032,1968036,1968034
1404500,,H9022496,1404501,1404505,1404508,1404512,1404519,1404517
1671850,,GT02T496,1671851,1671855,1671858,1671862,,1671864
585974,,HB022134,585977,585986,585992,585998,586003,586001
2030130,,GR01JUU29,2030131,2030142,2030144,,2030152,
1520819,,H2022277,1520820,1520824,1520827,1520831,1520835,1520833
3122865,,H402233,3122866,3122870,3122873,3122877,3122881,3122879
58969,,H502523,58970,58974,58977,58981,59003,59001
1409887,,GY02Ub343,1409888,1409891,1409894,1409898,,1409900
2051436,,H6021934,2051437,2051441,2051444,2051448,2051452,2051450
2117908,,H6021679,2117909,,2117913,,,2117915
3291390,,H8021327,3291391,3291395,3291398,3291402,3291406,3291404
3287743,,GO02T466,3287744,,3287749,3287753,,3287756
707769,,H103207,707770,707776,707778,,707784,707782
946934,,H503270,946935,946940,946942,946946,946951,946949
1733217,,GV02A340,1733218,1733223,1733226,1733230,,1733233
158989,,H002T471,158990,158993,158996,159000,,159003
2085181,,GP02Ub518,2085182,,2085191,2085195,,2085199
2094510,,GY02Sf257,2094511,2094514,2094517,2094521,,2094523
1558078,,HD023195,1558079,1558083,1558086,1558090,1558094,1558092
1638172,,GQ01KU34,1638173,1638186,1638189,,1638197,
1250904,,GW02Kr234,1250905,1250908,1250910,1250914,,1250918
287996,,GT02Fi204,287997,288001,288004,288008,,288010
125922,,GW02Ub442,125923,125930,125937,125946,,125949
206776,,GQ02L311,206777,,206781,206785,,206787
1672655,,GX034,1672656,1672662,1672664,,1672670,1672668
576718,,H902408,576719,576723,576726,576730,576734,576732
998971,,GP01SOU10,998972,998982,998985,,998992,
704056,,HB022035,704057,704061,704064,704068,704075,704073
530737,,HD02247,530738,530742,530745,530749,530753,530751
925012,,GS02So490,925013,,925017,925021,,925023
1319588,,GR02Sk369,1319589,,1319593,1319597,,1319599
1135509,,GV02Ub206,1135510,1135515,1135517,1135521,,1135523
258173,,HD02986,258174,258178,258181,258185,,258189
673977,,H3023339,673978,673982,673985,673990,674001,673998
914725,,GQ03140,914726,914733,914735,,914739,
692060,,HB022343,692061,692065,692068,692072,692083,692081
2097603,,GV02C260,2097604,2097609,2097612,2097616,,2097625
648599,,GZ02Sf347,648600,648603,648606,648610,,648612
3134739,,GT02Kr26,3134741,3134745,3134748,3134753,,3134755
1853542,,GO02K281,1853543,,1853548,1853552,,1853555
1874210,,GR02U14,1874211,,1874215,1874220,,1874229
328239,,H501JuU25,328240,328247,328249,,328259,
795550,,H7022523,795551,795555,795558,795562,795566,795564
3347789,,GQ02Kr262,3347790,,3347794,3347798,,3347801
3357081,,H20376,3357082,3357087,3357089,3357093,3357098,3357096
1182388,,HA02894,1182389,1182393,1182396,1182400,1182414,1182412
1084666,,HD024176,1084667,1084672,1084675,1084680,1084686,1084684
1399439,,H102Fö239,1399440,1399443,1399446,1399450,,1399453
1716159,,HB02188,1716160,1716164,1716167,1716171,1716175,1716173
811967,,H602808,811968,811972,811975,811979,811983,811981
1178468,,GZ02MJ294,1178469,1178472,1178475,1178479,,1178482
2093409,,GN02T18,2093410,,2093414,2093419,,2093423
381150,,GT02Ub339,381151,381155,381158,381162,,381169
1983344,,GZ02T213,1983345,1983348,1983351,1983355,,1983357
1472869,,GO02Fö207,1472870,,1472875,1472879,,1472892
1717627,,H4021236,1717628,1717632,1717635,1717639,1717643,1717641
3311114,,H802328,3311115,3311119,3311122,3311126,3311130,3311128
1172238,,H703161,1172239,1172244,1172246,1172250,1172255,1172253
3251558,,GU02Sf283,3251559,3251564,3251567,3251571,,3251574
325134,,GU02T262,325135,325140,325143,325147,,325149
1616675,,GR02K352,1616676,,1616680,1616684,,1616686
999851,,H5023836,999852,999856,999859,999863,999872,999870
3356109,,H20295,3356110,3356114,3356117,3356121,3356125,3356123
311343,,HD02249,311344,311348,311351,311355,311359,311357
1645414,,HB02763,1645415,1645419,1645422,1645426,1645430,1645428
804511,,HB022107,804512,804516,804519,804523,804528,804526
660301,,GU02Fi213,660302,660307,660310,660314,,660316
2215274,,GZ02Ub310,2215275,2215278,2215281,2215285,,2215287
524017,,GP0381,524018,524025,524027,,524033,524031
1041667,,GP02T349,1041668,,1041677,1041681,,1041683
1875674,,HC022308,1875675,1875679,1875682,1875686,1875691,1875689
1759999,,GT02Kr245,1760000,1760004,1760007,1760011,,1760019
1116378,,H701SkU15,1116379,1116386,1116388,,1116398,
952962,,HD021675,952963,952967,952970,952974,952981,952979
1561719,,GV02K413,1561720,1561725,1561728,1561732,,1561734
1448577,,GQ02So493,1448578,,1448582,1448586,,1448602
782928,,H102Fi300,782929,782932,782935,782939,,782943
429097,,H5021183,429098,429102,429105,429109,429113,429111
1199810,,GR02U251,1199811,,1199815,1199819,,1199829
1951815,,H4022517,1951816,1951820,1951823,1951827,1951831,1951829
1698221,,H2021654,1698222,1698226,1698229,1698233,1698238,1698236
604999,,H002U329,605000,605003,605006,605010,,605015
2137316,,H8022125,2137317,2137321,2137324,2137328,2137332,2137330
1873400,,GU02Ju297,1873401,1873406,1873409,1873413,,1873415
1829034,,GS0354,1829035,1829042,1829044,,1829048,
783037,,H50219,783038,783042,783045,783049,783053,783051
1550619,,HD023807,1550620,,1550623,,,
1202676,,H702865,1202677,1202681,1202684,1202688,1202692,1202690
795514,,HD021971,795515,795519,795522,795526,,795528
3352888,,GV02T297,3352889,3352894,3352897,3352901,,3352903
450424,,H902785,450425,450431,450434,450438,450444,450442
1436389,,H101FiU37,1436390,1436402,1436404,,1436412,
359545,,GS02Ju503,359546,,359551,359559,,359563
362523,,GS02Ju273,362524,,362528,362532,,362534
182322,,GQ02U308,182323,,182327,182331,,182340
762051,,GQ02N319,762052,,762056,762060,,762062
1908884,,H6022813,1908885,1908889,1908892,1908896,1908904,1908902
304076,,GS02Sf13,304077,,304082,304087,,304098
2180669,,GO02U205,2180670,,2180675,2180679,,2180681
1452033,,H2022385,1452034,1452037,1452040,1452044,1452048,1452046
687680,,GZ02So565,687682,687685,687688,687692,,687699
1300249,,H002So206,1300250,1300253,1300256,1300260,1300270,1300268
359402,,GO02N334,359403,,359408,359412,,359421
3281029,,GT02Bo11,3281030,3281034,3281037,3281042,,3281049
1427176,,GX02Sf315,1427177,1427180,1427183,1427187,,1427190
505852,,H5021432,505853,505857,505860,505864,505869,505867
1346354,,H2022484,1346355,1346359,1346362,1346366,1346372,1346370
494825,,H602985,494826,494830,494833,494837,494842,494840
1759627,,GW01JuU5,1759628,1759640,1759642,,1759650,
604174,,GU02K209,604175,604180,604183,604187,,604195
3215175,,H002MJ415,3215176,3215179,3215182,3215186,,3215188
3299820,,H8021261,3299821,3299825,3299828,3299832,3299836,3299834
2107427,,GU01CU29,2107428,2107440,2107442,,2107450,
1503459,,H202925,1503460,1503464,1503467,1503471,1503479,1503477
3325672,,GX02T377,3325673,3325676,3325679,3325683,,3325685
1502706,,H202142,1502707,1502711,1502714,1502718,1502722,1502720
1885093,,GY02N375,1885094,1885097,1885100,1885104,,1885112
407317,,GX02MJ432,407318,407321,407324,407328,,407342
1191456,,GQ01SOU13,1191457,1191467,1191470,,1191478,
1801801,,H9023920,1801802,1801806,1801809,1801813,1801817,1801815
3250701,,H803184,3250702,3250707,3250709,3250713,3250718,3250716
615005,,GY02A322,615006,615009,615012,615016,,615021
953996,,GR02Fi281,953997,,954001,954005,,954008
1082350,,GV02Kr332,1082351,1082356,1082359,1082363,,1082371
1445063,,H102K384,1445064,1445067,1445070,1445074,,1445084
731236,,H002N266,731237,731240,731243,731247,,731250
962636,,HD021076,962637,962641,962644,962648,962663,962661
1655340,,H9024042,1655341,1655345,1655348,1655352,1655368,1655366
527500,,H103241,527506,527518,527520,,527528,527526
384649,,GU02A271,384650,384655,384658,384662,,384677
1126049,,H901SfU10,1126050,1126058,1126060,,1126071,
3336195,,HB03100,3336196,3336201,3336203,3336207,3336212,3336210
1806863,,GS02K2,1806864,,1806869,1806874,,1806882
1909968,,H002Kr257,1909969,1909972,1909976,1909980,,1909982
3313287,,H201CU13,3313288,3313295,3313297,,3313305,
1508139,,HD023216,1508140,,1508144,,,
1312937,,H701CU23,1312938,1312945,1312947,,1312957,
1591688,,H9023134,1591689,1591693,1591696,1591700,1591704,1591702
1056989,,H7021274,1056990,1056994,1056997,1057001,1057005,1057003
2041192,,GS02Ub305,2041193,,2041197,2041201,,2041203
848258,,GY01NU10,848259,848270,848272,,848280,
460679,,GO02So372,460680,,460685,460689,,460691
1679915,,GT02T500,1679916,1679920,1679923,1679927,,1679934
1272291,,HD022420,1272292,1272296,1272299,1272303,1272307,1272305
645451,,H70313,645452,645457,645459,645463,645468,645466
1203210,,GT01MJU9,1203211,1203222,1203224,,1203232,
854789,,H102MJ371,854790,854793,854796,854800,854806,854804
59796,,H002Ub223,59797,59800,59803,59807,,59809
585707,,H5022579,585708,585712,585715,585719,585723,585721
2241311,,H302456,2241313,2241319,2241325,2241333,2241340,2241337
218600,,GO02N290,218601,,218606,218610,,218613
1416632,,GO02Sk803,1416633,,1416638,1416642,,1416644
1470220,,GT02T273,1470221,1470225,1470228,1470232,,1470234
3298176,,HB03130,3298177,3298182,3298184,3298188,3298191,
1038289,,H9021787,1038290,1038294,1038297,1038301,1038308,1038306
1898298,,HC022105,1898299,1898303,1898306,1898310,1898314,1898312
1831187,,H2021911,1831188,1831192,1831195,1831199,1831203,1831201
2068750,,H6022652,2068751,2068755,2068758,2068762,2068766,2068764
1844562,,GZ02Fö234,1844563,1844566,1844569,1844573,,1844576
1571521,,GT02T282,1571522,1571526,1571529,1571533,,1571536
1692121,,H7023560,1692122,1692127,1692130,1692135,1692143,1692141
687384,,GW02C205,687385,687388,687391,687395,,687397
640796,,H103142,640797,640803,640805,,640811,640809
157423,,HC01UU5,157424,157434,157436,,157447,
951545,,H9021003,951546,951550,951553,951557,951561,951559
950786,,H5023196,950787,950791,950794,950798,950802,950800
404570,,GS02T436,404571,,404575,404579,,404582
963518,,HD021064,963519,963523,963526,963530,963534,963532
67889,,GZ02C415,67890,67893,67896,67900,,67929
708819,,GR02MJ242,708820,,708824,708828,,708830
2141810,,GW02Ub274,2141811,2141814,2141816,2141820,,2141823
1969892,,HC021163,1969893,1969897,1969900,1969904,1969908,1969906
588518,,GW02C443,588519,588522,588525,588529,,588532
3342259,,H301TU6,3342260,3342267,3342269,,3342277,
699452,,GU02C239,699453,699458,699461,699465,,699474
1648214,,GR03157,1648215,1648222,1648224,,1648230,1648228
1193798,,GT01KrU20,1193799,1193809,1193811,,1193819,
3287445,,GO02T454,3287446,,3287451,3287455,,3287458
641714,,GS02N321,641715,,641719,641723,,641731
1379132,,H2022841,1379133,1379137,1379140,1379144,1379151,1379149
1628883,,H4021516,1628884,1628888,1628891,1628895,1628899,1628897
1502472,,H9022420,1502473,1502477,1502480,1502484,1502488,1502486
2160894,,GO02L602,2160895,,2160900,2160904,,2160906
729618,,H5022881,729619,729623,729626,729630,729634,729632
1221633,,H2023045,1221634,1221639,1221642,1221647,1221652,1221650
1517097,,GS02MJ465,1517098,,1517102,1517106,,1517109
1080091,,GZ02MJ239,1080092,1080095,1080098,1080102,,1080105
1798399,,H7023267,1798400,1798404,1798407,1798411,1798421,1798419
682259,,H3023304,682260,682264,682267,682272,682279,682277
334415,,GV02Sf210,334416,334421,334424,334428,,334430
1061354,,GW02T231,1061355,1061358,1061360,1061364,,1061366
1072903,,GP02K312,1072904,,1072913,1072917,,1072920
820694,,H602704,820695,820699,820702,820706,820710,820708
1014182,,H5023944,1014183,1014188,1014191,1014196,1014203,1014201
3309025,,GZ02Fi226,3309026,3309029,3309032,3309036,,3309038
3248417,,H7023305,3248418,3248422,3248425,3248429,3248436,3248434
1822681,,GX01KrU10,1822682,1822694,1822696,,1822704,
1608936,,H202475,1608937,1608941,1608944,1608948,1608953,1608951
1503985,,H102T17,1503986,1503990,1503993,1503998,1504003,1504001
524075,,GP0383,524076,524082,524084,,524088,
3314526,,H4022500,3314527,3314531,3314534,3314538,3314542,3314540
1680096,,H102Ub1,1680097,1680101,1680104,1680109,,1680116
1882247,,GQ02T233,1882248,,1882252,1882256,,1882258
1488112,,GY01SkU25,1488113,1488126,1488128,,1488136,
1244523,,HA02147,1244524,1244528,1244531,1244535,1244539,1244537
544228,,GY02MJ257,544230,544237,544242,544249,,544258
710064,,HB01JuU8,710065,710073,710075,,710086,
842357,,GW02Sf328,842358,842361,842364,842368,,842370
1943234,,H9024358,1943235,1943240,1943243,1943248,1943258,1943256
810223,,HD021137,810224,810228,810231,810235,810239,810237
605219,,GT02Ub6,605220,605224,605227,605232,,605243
308691,,GO02Fö7,308692,,308698,308703,,308706
1108371,,GT02Ju249,1108372,1108376,1108379,1108383,,1108386
1347198,,H9022011,1347199,1347203,1347206,1347210,1347215,1347213
3230551,,HC022674,3230552,3230556,3230559,3230563,3230567,3230565
287505,,H5021823,287506,287510,287513,287517,287521,287519
799057,,H9021971,799058,799062,799065,799069,799073,799071
1500140,,H5024034,1500141,1500146,1500149,1500154,1500161,1500159
1035122,,H9021763,1035123,1035127,1035130,1035134,1035144,1035142
1712961,,GZ02A281,1712962,1712965,1712968,1712972,,1712974
273366,,H002T206,273367,273370,273373,273377,,273379
2075748,,GP02Sk308,2075749,,2075759,2075763,,2075765
1551943,,GV02K304,1551944,1551949,1551951,1551955,,1551957
453016,,H3022269,453017,453021,453024,453028,453032,453030
545562,,GX01FöU8,545563,545576,545578,,545586,
323105,,GT02Fö203,323106,323110,323113,323117,,323119
1721399,,GP02MJ274,1721400,,1721409,1721413,,1721421
85954,,GQ02Ub218,85955,,85959,85963,,85965
554331,,H201KrU10,554332,554340,554342,,554350,
59236,,H502476,59237,59242,59245,59250,59255,59253
1712795,,H7023423,1712796,1712801,1712804,1712809,1712817,1712815
406449,,GV02Ju357,406451,406461,406465,406472,,406475
2088517,,GW02Fö278,2088518,2088521,2088524,2088528,,2088536
1967860,,HC021185,1967861,1967865,1967868,1967872,1967876,1967874
1678266,,H9023352,1678267,1678271,1678274,1678278,1678282,1678280
1099355,,H5023092,1099356,1099360,1099363,1099367,1099371,1099369
2204208,,GZ02Ub470,2204209,2204212,2204215,2204219,,2204235
475525,,GO02So427,475526,,475531,475535,,475537
1002672,,GP02T292,1002673,,1002682,1002686,,1002688
3242966,,HA01SkU3,3242967,3242974,3242976,,3242987,
276309,,H902258,276310,276314,276317,276321,276326,276324
1882421,,GS02A256,1882422,,1882426,1882430,,1882436
1047308,,GV01AU10,1047309,1047320,1047322,,1047330,
1911587,,H4023533,1911588,1911593,1911596,1911601,1911606,1911604
1450705,,H2022365,1450706,1450710,1450713,1450717,1450721,1450719
2004466,,GP02Sk221,2004467,,2004476,2004480,,2004482
1073130,,GZ02MJ349,1073131,1073134,1073137,1073141,,1073143
777628,,GZ02So250,777629,777632,777635,777639,,777642
870127,,HB022914,870128,870133,870136,870141,870148,870146
1221243,,H102Sf15,1221244,1221248,1221251,1221256,1221260,1221258
533219,,H3023029,533220,533223,533226,533230,533236,533234
1838230,,H501UbU29,1838231,1838238,1838240,,1838250,
1101989,,H5023055,1101990,1101994,1101997,1102001,1102006,1102004
1776707,,H60379,1776708,1776713,1776715,1776719,1776724,1776722
3099877,,H2021094,3099878,3099882,3099885,3099889,3099895,3099893
1138532,,GO01FöU3,1138534,1138554,1138559,,1138574,
289223,,H5021803,289226,289234,289240,289248,289255,289252
1007100,,GP02So592,1007101,,1007110,1007114,,1007116
956333,,GR02Fi297,956334,,956338,956342,,956348
424446,,GU02MJ272,424447,424452,424455,424459,,424461
1560232,,H4022279,1560233,1560237,1560240,1560244,1560248,1560246
1647223,,GT02Kr207,1647224,1647228,1647231,1647235,,1647237
96950,,GQ03100d5,,96951,,,,
1994737,,GS02Sk317,1994738,,1994742,1994746,,1994748
882667,,HB021063,882668,882672,882675,882679,882683,882681
1059446,,HD022844,1059447,1059451,1059454,1059458,1059464,1059462
1797088,,GO02A213,1797089,,1797094,1797098,,1797100
3263790,,GT02U290,3263791,3263795,3263798,3263802,,3263816
2228619,,GR02So492,2228620,,2228624,2228628,,2228630
359211,,GO02Bo1,359212,,359218,359223,,359225
1520732,,GV02MJ6,1520733,1520737,1520740,1520745,,1520754
447475,,H3022191,447476,447479,447482,447486,447491,447489
549059,,GR01SFU5,549060,549070,549072,,549080,
1043694,,HB021880,1043695,1043699,1043702,1043706,1043712,1043710
458338,,H3022459,458340,458348,458354,458361,458369,458365
1566697,,H9022728,1566698,1566702,1566705,1566709,1566713,1566711
871334,,H7021909,871335,871339,871342,871346,871350,871348
3311330,,GX02C469,3311331,3311334,3311337,3311341,,3311343
1359959,,H102Ub217,1359960,1359963,1359966,1359970,,1359973
1540434,,GO02Sk670,1540435,,1540440,1540445,,1540448
1375435,,GQ01JUU16,1375436,1375446,1375449,,1375457,
3372079,,HD01UbU24,,,,,,
555865,,HC0248,555867,555875,555881,555889,555897,555893
1354314,,GP02Kr340,1354315,,1354324,1354328,,1354339
69380,,H3021258,69381,69384,69387,69391,69396,69394
2173260,,GR02Sf340,2173261,,2173265,2173269,,2173284
1649146,,GT02Kr225,1649147,1649151,1649154,1649158,,1649160
1696851,,H2021615,1696852,1696856,1696859,1696863,1696867,1696865
2033606,,GP02Fö208,2033607,,2033616,2033620,,2033623
1194539,,H201CU3,1194540,1194547,1194549,,1194557,
1175732,,GV02Ub339,1175733,1175738,1175740,1175744,,1175746
484353,,GT02N2,484354,484358,484361,484366,,484375
1282462,,GQ02Sf299,1282463,,1282467,1282471,,1282473
1491244,,HA021612,1491245,1491249,1491252,1491257,1491269,1491265
1158654,,HA02766,1158655,1158659,1158662,1158666,1158671,1158669
1181935,,HD022527,1181936,1181940,1181943,1181947,1181952,1181950
629432,,GS02N243,629433,,629437,629441,,629443
3327708,,GT02MJ566,3327709,3327713,3327716,3327720,,3327723
194326,,GS02Sf362,194327,,194331,194335,,194347
1822613,,H501UU19,1822614,1822622,1822624,,1822634,
1013477,,H9021162,1013478,1013482,1013485,1013489,1013493,1013491
933647,,GW02Ju327,933648,933651,933654,933658,,933661
707999,,GP02K40,708000,,708009,708014,,708033
196433,,GZ02T378,196434,196437,196440,196444,,196447
467673,,H5021966,467674,467678,467681,467685,467689,467687
1629200,,GP02MJ290,1629201,,1629210,1629214,,1629217
834503,,H602478,834505,834515,834520,834529,834533,834531
2049498,,H6022507,2049499,2049503,2049506,2049510,2049514,2049512
1139123,,GV01CU6,1139124,1139136,1139138,,1139146,
618276,,GU02U294,618277,618282,618285,618289,,618293
312687,,HD02700,312688,312692,312695,312699,312703,312701
676629,,HD031d8,,676630,,,,
1683611,,HB02898,1683612,1683616,1683619,1683623,1683630,1683628
3325802,,H8021686,3325803,3325807,3325810,3325814,3325837,3325835
1655590,,HD023144,1655591,1655595,1655598,1655602,1655606,1655604
1265334,,GY02Sk338,1265335,1265338,1265341,1265345,,1265348
1611783,,H4021297,1611784,1611788,1611791,1611795,1611799,1611797
1968247,,HC021188,1968248,1968252,1968255,1968259,1968263,1968261
408271,,H601KU19,408272,408280,408282,,408292,
132327,,GZ02C263,132328,132331,132334,132338,,132340
1828232,,GQ02A233,1828233,,1828237,1828241,,1828243
776309,,GZ02So296,776310,776313,776316,776320,,776323
943657,,GW02Sf343,943658,943661,943664,943668,,943673
3126913,,H4023475,3126914,3126918,3126921,3126925,3126929,3126927
1215807,,GT02Ju270,1215808,1215812,1215815,1215819,,1215821
86433,,GO02Kr202,86434,,86439,86443,,86445
2014212,,HA022199,2014214,2014222,2014228,2014236,2014242,2014240
748450,,GS02N320,748451,,748455,748459,,748462
1280741,,HA021692,1280742,1280746,1280749,1280753,1280757,1280755
231924,,GS02Sf391,231925,,231929,231933,,231940
436678,,H3022021,436679,436682,436685,436689,436693,436691
2125422,,H802468,2125423,2125427,2125430,2125434,2125438,2125436
1007567,,GU02Ub423,1007568,1007573,1007576,1007580,,1007582
220391,,H502734,220392,220396,220399,220403,220407,220405
277867,,GZ0364,277868,277874,277876,,277882,277880
2047972,,H20210,2047973,2047977,2047980,2047984,2047988,2047986
99030,,GO02Kr301,99031,,99036,99040,,99043
518738,,GS02T244,518739,,518743,518747,,518753
914013,,H102Fi218,914014,914017,914020,914024,,914027
3125816,,HC022691,3125817,3125821,3125824,3125828,3125833,3125831
871562,,GW02Ju266,871563,871566,871569,871573,,871575
1065717,,H9021470,1065718,1065722,1065725,1065729,1065733,1065731
1499842,,GQ02L4,1499843,,1499847,1499852,,1499858
727175,,H602768,727176,727180,727183,727187,727191,727189
70547,,HC03163,70548,70553,70555,70559,70564,70562
930320,,HD021414,930321,930325,930328,930332,930337,930335
1088125,,GX02A355,1088126,1088129,1088132,1088136,,1088138
1230619,,H701AU7,1230620,1230628,1230630,,1230640,
167475,,GT03109,167476,167482,167484,,167490,167488
566865,,H3022446,566866,566870,566873,566877,566885,566883
1817058,,H8021706,1817059,1817063,1817066,1817070,1817074,1817072
345606,,H5021348,345607,345611,345614,345618,345623,345621
1521456,,HA021765,1521457,1521461,1521464,1521468,1521476,1521474
427967,,GU02T413,427968,427973,427976,427980,,427983
1223789,,H4021174,1223792,1223800,1223806,1223814,1223822,1223818
1647053,,GU02So332,1647054,1647059,1647062,1647066,,1647074
2077401,,GQ02K254,2077402,,2077406,2077410,,2077418
3112240,,HC022562,3112241,3112245,3112248,3112252,3112256,3112254
1127776,,GP02T469,1127777,,1127786,1127790,,1127792
1471446,,H002Ju329,1471447,1471450,1471453,1471457,,1471465
987680,,GV02Kr299,987681,987686,987688,987692,,987695
1988988,,GX02K219,1988989,1988992,1988995,1988999,,1989001
1487252,,H002Sf208,1487253,1487256,1487259,1487263,,1487265
987984,,GY02T382,987985,987988,987991,987995,,987997
725050,,H7022761,725051,725055,725058,725062,725074,725072
1454708,,H6021021,1454709,1454713,1454716,1454720,1454724,1454722
212201,,H9031d25,,212202,,,,
1587536,,H4022352,1587537,1587541,1587544,1587548,1587559,1587557
129635,,GW02Ub465,129639,129648,129654,129664,,129668
1708997,,H9023881,1708998,1709002,1709005,1709009,1709017,1709015
99045,,GS02Ju22,99046,,99051,99056,,99059
1562211,,GR01TU1,1562212,1562226,1562229,,1562237,
1983034,,GQ02K220,1983035,,1983039,1983043,,1983046
538900,,GR02MJ333,538903,,538911,538919,,538923
690657,,H5022185,690658,690662,690665,690669,690673,690671
1291534,,GX02So476,1291535,1291538,1291541,1291545,,1291547
1945935,,H8021760,1945936,1945940,1945943,1945947,1945951,1945949
229667,,GS02Sf383,229668,,229672,229676,,229678
690282,,GW02C218,690283,690286,690289,690293,,690295
1312535,,GR02Sk212,1312536,,1312540,1312544,,1312546
1343063,,HA021643,1343064,1343068,1343071,1343075,1343089,1343087
521018,,GP02Ju359,521019,,521028,521032,,521034
1028286,,GU02Ub230,1028287,1028292,1028295,1028299,,1028302
155563,,GY02So562,155564,155567,155570,155574,,155581
1769437,,GU02So291,1769438,1769443,1769446,1769450,,1769452
3123618,,HB02108,3123619,3123623,3123626,3123630,3123634,3123632
150243,,GZ02A4,150244,150248,150251,150256,,150258
3326995,,GT02MJ512,3326996,3327000,3327003,3327007,,3327010
523661,,GP0376,523662,523668,523670,,523676,523674
569876,,H5022142,569877,569881,569884,569888,569892,569890
1441905,,GT02Bo307,1441906,1441910,1441913,1441917,,1441920
344254,,GX02Fi310,344255,344258,344261,344265,,344268
599424,,GU02MJ389,599425,599430,599433,599437,,599440
832279,,HB022470,832280,832284,832287,832291,832296,832294
955647,,GS02So354,955648,,955652,955656,,955659
3351067,,H102So430,3351068,3351071,3351074,3351078,,3351081
1824911,,GZ02Fö216,1824912,1824915,1824918,1824922,,1824924
1677577,,GV01CU21,1677578,1677590,1677592,,1677600,
583887,,H402525,583888,583892,583895,583899,583903,583901
3330380,,H8021338,3330381,3330385,3330388,3330392,3330398,3330396
837415,,GV02MJ441,837416,837421,837423,837427,,837429
1060230,,HB021033,1060231,1060235,1060238,1060242,1060247,1060245
1005053,,GP02So569,1005054,,1005063,1005067,,1005078
180771,,HA01KU20d2,,180772,,,,
922358,,GW02Ju445,922359,922362,922365,922369,,922372
1136047,,GT02Sf407,1136048,1136052,1136055,1136059,,1136061
78487,,H502653,78488,78492,78495,78499,78503,78501
1310095,,GQ02So282,1310096,,1310100,1310104,,1310106
2031488,,GU02Kr246,2031489,2031494,2031497,2031501,,2031503
306451,,H902552,306452,306456,306459,306463,306468,306466
1661244,,GR01TU9,1661245,1661255,1661258,,1661266,
3339058,,H8021260,3339059,3339063,3339066,3339070,3339074,3339072
1154283,,GY02C236,1154284,1154287,1154290,1154294,,1154296
282415,,H903261,282416,282421,282423,282427,282430,
1500385,,H5024035,1500386,1500391,1500394,1500399,1500406,1500404
3233800,,H4021949,3233801,3233805,3233808,3233812,3233816,3233814
1480409,,GO02Ub499,1480410,,1480415,1480419,,1480425
3322544,,GQ02T400,3322545,,3322549,3322553,,3322555
1766037,,H9023542,1766038,1766042,1766045,1766049,1766053,1766051
727477,,H602752,727478,727482,727485,727489,727493,727491
1507671,,H102Sk251,1507672,1507675,1507678,1507682,,1507684
1124405,,GT02Ju398,1124406,1124410,1124413,1124417,,1124419
254895,,GQ02Fi218,254896,,254900,254904,,254911
140799,,GY02So261,140800,140803,140806,140810,,140813
1258507,,GX02So264,1258508,1258511,1258514,1258518,,1258520
1070477,,GV02Ub255,1070478,1070483,1070485,1070489,,1070491
1093191,,HB021407,1093192,1093196,1093199,1093203,1093207,1093205
686157,,GW02C269,686158,686161,686163,686167,,686169
1870568,,H901UbU24,1870569,1870577,1870579,,1870590,
529022,,HD02269,529023,529027,529030,529034,529038,529036
677478,,H5022335,677479,677483,677486,677490,677500,677498
1151237,,GY02U294,1151238,1151241,1151244,1151248,,1151250
1058322,,H9021516,1058323,1058327,1058330,1058334,1058338,1058336
485803,,HC023381,485804,485809,485812,485817,485826,485824
267890,,H8023489,267891,267895,267898,267902,267909,267907
2166161,,H6022799,2166162,2166166,2166169,2166173,2166179,2166177
753335,,GY02MJ328,753336,753339,753342,753346,,753349
3245522,,H8021607,3245523,3245527,3245530,3245534,3245538,3245536
1017016,,H9021082,1017017,1017021,1017024,1017028,1017032,1017030
1590017,,GR02T214,1590018,,1590022,1590026,,1590028
912177,,GX02Fö264,912178,912181,912184,912188,,912191
291734,,GP01SOU7,291735,291746,291749,,291756,
1561002,,GQ02So502,1561003,,1561007,1561011,,1561014
1135577,,H9021741,1135578,1135582,1135585,1135589,1135593,1135591
1508305,,GV02Sk335,1508306,1508311,1508314,1508318,,1508320
1542400,,H2022009,1542401,1542405,1542408,1542412,1542416,1542414
729088,,H5022890,729089,729093,729096,729100,729105,729103
1087465,,GX02A329,1087466,1087469,1087472,1087476,,1087478
342463,,H002T444,342464,342467,342470,342474,,342476
1787790,,GT02Kr400,1787791,1787795,1787798,1787802,,1787811
1284536,,GX02So612,1284537,1284540,1284543,1284547,,1284549
1269384,,H702447,1269385,1269393,1269399,1269407,1269415,1269410
3130811,,H4023663,3130812,3130817,3130820,3130825,3130835,3130833
1722317,,GW0370d2,,1722318,,,,
502452,,HC023201,502453,502457,502460,502464,502468,502466
385316,,GU02A213,385317,385322,385325,385329,,385331
889122,,H501KU29,889123,889133,889135,,889145,
1368199,,GX02Sf301,1368200,1368203,1368206,1368210,,1368212
762311,,H7022489,762312,762316,762319,762323,762327,762325
99459,,GZ031d13,,99460,,,,
3330730,,GO02T502,3330731,,3330736,3330740,,3330743
823288,,H602551,823289,823293,823296,823300,823304,823302
591758,,GP02A310,591759,,591768,591772,,591777
3119273,,GX02U253,3119274,3119277,3119280,3119284,,3119291
526182,,H102A245,526183,526186,526189,526193,526198,526196
2121324,,H6021762,2121328,2121333,2121336,2121340,2121350,2121348
1093292,,GR02U263,1093293,,1093297,1093301,,1093308
2042410,,H6022427,2042411,2042415,2042418,2042422,2042432,2042430
426220,,GU02MJ312,426221,426226,426229,426233,,426236
1052289,,H7021327,1052290,1052294,1052297,1052301,1052305,1052303
3316503,,GO02K322,3316504,,3316509,3316513,,3316516
1166056,,GR02Sk20,1166057,,1166061,1166066,,1166075
1268574,,H002So451,1268575,1268578,1268581,1268585,,1268587
1250920,,HD022202,1250921,1250925,1250928,1250932,1250937,1250935
3232061,,H803181,3232062,3232067,3232069,3232073,3232078,3232076
618405,,H3023219,618406,618409,618414,618418,618422,618420
2009415,,HB01SkU10,2009416,2009424,2009426,,2009437,
1932172,,GV02T471,1932173,1932178,1932181,1932185,,1932189
1654756,,GP02N308,1654757,,1654766,1654770,,1654772
669783,,GS02N385,669784,,669788,669792,,669797
2089184,,HC02426,2089185,2089189,2089192,2089196,2089200,2089198
1700652,,GT02U376,1700653,1700657,1700660,1700664,,1700667
88961,,GZ02U218,88962,88965,88968,88972,,88974
1540670,,HA021139,1540671,1540675,1540678,1540682,1540686,1540684
3338160,,HD0277,3338161,3338165,3338168,3338172,3338179,3338177
1818332,,H102T316,1818333,1818336,1818339,1818343,1818347,1818345
1913957,,GQ02Kr314,1913958,,1913962,1913966,,1913970
1787048,,H401SkU2,1787049,1787056,1787058,,1787068,
1032086,,GQ01LU2,1032087,1032097,1032100,,1032109,
3230453,,GT02Ju34,3230454,3230458,3230461,3230466,,3230474
3355134,,HC02228,3355135,3355139,3355142,3355146,3355150,3355148
989685,,H9021538,989686,989690,989693,989697,989701,989699
1925443,,GV02T272,1925444,1925449,1925452,1925456,,1925459
203066,,GS02U284,203067,,203071,203075,,203078
1862997,,H80291,1862998,1863002,1863005,1863009,1863017,1863015
2249934,,HC02783,2249935,2249939,2249942,2249946,2249950,2249948
1066126,,HD024064,1066127,1066132,1066135,1066140,1066148,1066146
876005,,GW02K378,876006,876009,876012,876016,,876018
2093425,,HC02479,2093426,2093430,2093433,2093437,2093442,2093440
970244,,HD021179,970245,970249,970252,970256,970261,970259
1062630,,GW02T277,1062631,1062634,1062636,1062640,,1062642
387537,,HC01FöU5,387538,387546,387548,,387559,
1716903,,HD01TU22,,,,,,
1785122,,H4023076,1785123,1785127,1785130,1785134,1785138,1785136
281583,,GT02Ub498,281584,281588,281591,281595,,281604
1981600,,H102Sf355,1981601,1981604,1981607,1981611,,1981613
1342403,,GR02Sk421,1342404,,1342408,1342412,,1342415
1276744,,GY02C301,1276745,1276748,1276751,1276755,,1276757
735105,,GV02MJ361,735106,735111,735113,735117,,735119
3254777,,GU02So255,3254778,3254783,3254786,3254790,,3254792
820678,,GX02Sk257,820679,820682,820685,820689,,820691
641477,,H5022629,641478,641482,641485,641489,641493,641491
1828401,,GS0345,1828402,1828408,1828410,,1828416,1828414
190728,,GT02Ub242,190729,190733,190736,190740,,190742
2104808,,H802742,2104809,2104813,2104816,2104820,2104824,2104822
383141,,H002T217,383142,383145,383148,383152,,383155
1745036,,H7023289,1745037,1745041,1745044,1745048,1745060,1745058
1478941,,GP02U261,1478942,,1478951,1478955,,1478957
1320839,,HA02706,1320840,1320844,1320847,1320851,1320855,1320853
673838,,H602601,673839,673843,673846,673850,673854,673852
1183602,,GW02N430,1183603,1183606,1183609,1183613,,1183622
1826821,,GQ02Kr369,1826822,,1826826,1826830,,1826842
239401,,GX02MJ350,239402,239405,239408,239412,,239414
380121,,HD02318,380122,380126,380129,380133,,380135
1097016,,GP02So444,1097017,,1097026,1097030,,1097032
3348141,,H102So426,3348142,3348145,3348148,3348152,,3348154
1604128,,H102K308,1604129,1604132,1604135,1604139,,1604142
2253300,,GT02N397,2253301,2253305,2253308,2253312,,2253314
1399581,,HA021673,1399582,1399586,1399589,1399593,1399620,1399618
117515,,GX02N471,117516,117519,117522,117526,,117535
1539532,,GO02Sk633,1539533,,1539538,1539542,,1539545
700573,,GS02Kr377,700574,,700578,700582,,700586
366551,,GO02So397,366552,,366557,366561,,366563
353545,,H902851,353546,353550,353553,353557,353561,353559
1322941,,H102C402,1322942,1322945,1322948,1322952,,1322954
935021,,H10320,935022,935029,935031,,935037,935035
2240281,,GO02So45,2240283,,2240292,2240306,,2240325
548044,,H402991,548045,548049,548052,548056,548060,548058
1661631,,H4022208,1661632,1661636,1661639,1661643,1661650,1661648
3339152,,HD0233,3339153,3339157,3339160,3339164,,3339166
1754821,,H102T508,1754822,1754825,1754828,1754832,1754836,1754834
1732025,,H102N344,1732026,1732029,1732032,1732036,,1732045
1865145,,HC022871,1865146,1865150,1865153,1865157,1865161,1865159
3336587,,HB03151,3336588,3336593,3336595,3336599,3336604,3336602
1692398,,H4021392,1692399,1692403,1692406,1692410,1692414,1692412
684926,,HB022253,684927,684931,684935,684943,684951,684947
1652793,,GR03106,1652794,1652800,1652802,,1652808,1652806
457442,,GS02K345,457443,,457447,457451,,457453
1934007,,H4023615,1934008,1934013,1934016,1934021,1934029,1934027
1266398,,H2022919,1266400,1266410,1266416,1266424,1266430,1266428
905600,,H50254,905601,905605,905608,905612,905616,905614
2056963,,H302245,2056964,2056967,2056970,2056974,2056978,2056976
3339184,,HD0231,3339185,3339189,3339192,3339196,,3339198
631643,,H301SoU8,631644,631651,631653,,631663,
293389,,H8023170,293390,293394,293397,293401,293412,293410
1908187,,GR02Ju218,1908188,,1908195,1908203,,1908206
752869,,GY02MJ332,752870,752873,752876,752880,,752882
309584,,H8023086,309586,309591,309597,309605,309613,309609
2153054,,H8022315,2153056,2153062,2153067,2153074,2153083,2153078
1127796,,HB021711,1127797,1127801,1127804,1127808,1127814,1127812
978946,,H9021386,978947,978951,978954,978958,978962,978960
394216,,GT02Ub583,394217,394221,394224,394228,,394231
2230465,,HC02920,2230466,2230470,2230473,2230477,2230483,2230481
1537335,,H7023508,1537336,1537341,1537344,1537349,1537357,1537355
154187,,GY02So583,154188,154191,154194,154198,,154205
1536720,,HB02297,1536722,1536731,1536737,1536744,1536756,1536750
2154845,,H6022636,2154846,2154850,2154853,2154857,2154863,2154861
325194,,GT02Fö252,325195,325199,325202,325206,,325213
1506759,,H102Sk275,1506760,1506763,1506766,1506770,,1506773
1882278,,H402454,1882279,1882283,1882286,1882290,1882294,1882292
210777,,GO02Bo533,210778,,210783,210787,,210796
948052,,HD021726,948053,948057,948060,948064,948068,948066
1512742,,GV02Sk353,1512743,1512748,1512751,1512755,,1512764
244570,,GQ031d21,,244571,,,,
774344,,GS02So206,774345,,774349,774353,,774355
1878332,,H8021741,1878333,1878337,1878346,1878359,1878370,1878364
430897,,H5021148,430898,430902,430905,430909,430919,430916
1233576,,H102So18,1233577,1233581,1233584,1233589,1233599,1233597
2003588,,HC021740,2003589,2003593,2003596,2003600,2003608,2003606
2197237,,H302831,2197238,2197241,2197244,2197248,2197252,2197250
252508,,GR01KU11,252509,252522,252524,,252532,
2018788,,H601FiU44,2018789,2018797,2018799,,2018809,
2147109,,HC02765,2147110,2147114,2147117,2147121,2147126,2147124
1550774,,HA021268,1550775,1550779,1550782,1550786,1550791,1550789
1995387,,HC021832,1995388,1995392,1995395,1995399,1995404,1995402
483728,,H3022758,483729,483733,483736,483740,483744,483742
372381,,HC023413,372382,372387,372390,372395,372407,372405
1111857,,GY02T402,1111858,1111861,1111864,1111868,,1111870
1707531,,H7023471,1707532,1707537,1707540,1707545,1707554,1707552
498941,,HD02437,498942,498946,498949,498953,,498959
769772,,HD021453,769775,769783,769788,769796,769805,769801
1128879,,H102So12,1128880,1128884,1128887,1128892,,1128900
1821808,,H7023146,1821809,1821813,1821816,1821820,1821825,1821823
755531,,GS02N296,755532,,755536,755540,,755543
1434710,,GQ02Sf289,1434711,,1434715,1434719,,1434737
598882,,GU02MJ398,598883,598888,598891,598895,,598897
2047117,,GW02Sk207,2047118,2047121,2047124,2047128,,2047130
448416,,H5021030,448417,448421,448424,448428,448432,448430
343357,,H002T404,343358,343361,343364,343368,,343375
307849,,GX02MJ383,307850,307853,307856,307860,,307862
857638,,GZ01NU1,857639,857650,857652,,857660,
2194621,,GO031D33,,,,,,
681259,,GW02C368,681260,681263,681266,681270,,681274
2115347,,GS02Ub258,2115348,,2115352,2115356,,2115371
1406296,,GX02Ju360,1406297,1406300,1406303,1406307,,1406310
2186226,,GY02Ju425,2186227,2186230,2186233,2186237,,2186240
2119296,,GP02Sk287,2119297,,2119306,2119310,,2119313
1282790,,GQ02Sf280,1282791,,1282795,1282799,,1282802
1593027,,H9023162,1593028,1593032,1593035,1593039,1593043,1593041
1378524,,H002Sf318,1378525,1378528,1378531,1378535,,1378537
737231,,H602635,737232,737236,737239,737243,737247,737245
596540,,GU02MJ303,596541,596546,596549,596553,,596555
1262321,,GY02C266,1262322,1262325,1262328,1262332,,1262335
146805,,GY02So604,146806,146809,146812,146816,,146818
2211604,,HB01MJU8,2211605,2211613,2211615,,2211626,
1176684,,HA02608,1176685,1176689,1176692,1176696,1176700,1176698
2083693,,H802912,2083694,2083698,2083701,2083705,2083709,2083707
273274,,GT02Ub373,273275,273279,273282,273286,,273288
2141353,,H302384,2141354,2141357,2141360,2141364,2141368,2141366
2185027,,H6022199,2185029,2185037,2185044,2185052,2185060,2185056
1292301,,HD022525,1292302,1292306,1292309,1292313,,1292316
340533,,HC023186,340534,340538,340541,340545,340549,340547
208614,,GS02L372,208616,,208624,208632,,208637
1379617,,GO02Sk614,1379618,,1379623,1379627,,1379630
354225,,GR02Bo245,354226,,354230,354234,,354236
154966,,H002Fö268,154967,154970,154973,154977,,154982
3239022,,GR02N16,3239023,,3239028,3239033,,3239042
513604,,HD02113,513605,513609,513612,513616,513620,513618
639170,,GS02N362,639171,,639175,639179,,639188
614666,,GY02MJ242,614667,614670,614673,614677,,614679
1717344,,H4021243,1717345,1717349,1717352,1717356,1717360,1717358
3125546,,GU02Ju399,3125547,3125552,3125555,3125559,,3125561
1706067,,GP02MJ26,1706068,,1706077,1706082,,1706084
2094399,,H302999,2094400,2094404,2094407,2094411,2094425,2094421
404584,,H5021392,404585,404589,404592,404596,404600,404598
1790287,,GW02MJ506,1790288,1790291,1790294,1790298,,1790300
717215,,HA0376,717216,717221,717223,717227,717230,
1681417,,GX01KU19,1681418,1681433,1681435,,1681443,
1382069,,H002So303,1382070,1382073,1382076,1382080,,1382082
1047740,,HC01UU15,1047741,1047750,1047752,,1047763,
1376285,,H002So409,1376286,1376289,1376292,1376296,,1376299
3226986,,H4023196,3226987,3226991,3226994,3226998,3227003,3227001
1036412,,HD01SfU23,1036413,,,,,
1229501,,GT02So543,1229502,1229506,1229509,1229513,,1229515
879711,,HD021209,879712,879716,879719,879723,879728,879726
2007784,,GQ02T451,2007785,,2007789,2007793,,2007796
725820,,GW02So441,725821,725824,725827,725831,,725833
1330735,,GY02Ub445,1330736,1330739,1330742,1330746,,1330754
1931487,,GQ02K348,1931488,,1931492,1931496,,1931498
126576,,GX02N388,126577,126580,126583,126587,,126594
1486524,,H002Ju223,1486525,1486528,1486531,1486535,,1486538
154313,,GY02So581,154314,154317,154320,154324,,154331
1080724,,GP02So337,1080725,,1080734,1080738,,1080740
1373866,,GX02So371,1373867,1373870,1373873,1373877,,1373880
1118582,,HB021203,1118583,1118587,1118590,1118594,1118601,1118599
1493592,,HA021620,1493593,1493597,1493600,1493604,1493609,1493607
1297616,,H703102,1297618,1297628,1297633,1297642,1297652,1297648
1980264,,GT02MJ295,1980265,1980269,1980272,1980276,,1980278
1269052,,H101UbU22,1269053,1269064,1269066,,1269074,
1354364,,GY02Sk408,1354365,1354368,1354371,1354375,,1354377
1467877,,HD023417,1467878,1467882,1467885,1467889,1467894,1467892
788672,,H5022161,788673,788677,788680,788684,788689,788687
286822,,GR02Kr242,286823,,286827,286831,,286834
863055,,H602196,863056,863060,863063,863067,863071,863069
863924,,GW02Sf220,863925,863928,863930,863934,,863936
2023186,,H6021753,2023187,2023191,2023194,2023198,2023205,2023203
136324,,GQ02L268,136325,,136329,136333,,136336
2243537,,GV02Sk28,2243538,2243542,2243545,2243550,,2243559
2086463,,GS02Sk362,2086464,,2086468,2086472,,2086474
1547892,,HA021231,1547893,1547897,1547900,1547904,1547913,1547911
881070,,HD021158,881071,881075,881078,881082,881086,881084
1138831,,GQ01FÖU5,1138832,1138842,1138845,,1138853,
3237924,,H9023933,3237925,3237929,3237932,3237936,3237941,3237939
1374081,,HA021424,1374082,1374086,1374089,1374093,1374098,1374096
1992356,,H102So229,1992357,1992360,1992363,1992367,,1992369
2122247,,H802549,2122248,2122252,2122255,2122259,2122263,2122261
1375709,,GX02So435,1375710,1375713,1375716,1375720,,1375723
1478019,,GO02Ub437,1478020,,1478025,1478029,,1478032
1126760,,GS01FIU20,1126761,1126773,1126775,,1126783,
207068,,GQ02L325,207069,,207073,207077,,207079
3286531,,GT02MJ519,3286532,3286536,3286539,3286543,,3286550
505575,,H101KU6,505576,505589,505591,,505599,
1845694,,H802527,1845695,1845699,1845702,1845706,1845710,1845708
371841,,GT02Ub211,371842,371846,371849,371853,,371855
3292968,,H8021471,3292969,3292973,3292976,3292980,3292987,3292985
1491063,,H801FiU32,1491064,1491071,1491073,,1491083,
1523502,,H5024151,1523503,1523508,1523511,1523516,1523526,1523524
1133537,,H30311,1133538,1133543,1133545,1133549,1133554,1133552
221004,,H301SkU29,221005,221012,221014,,221024,
399880,,H902381,399881,399885,399888,399892,399896,399894
635260,,H7022254,635261,635265,635268,635272,635276,635274
664258,,GW02So362,664261,664268,664271,664277,,664279
506887,,H402804,506888,506892,506895,506899,506903,506901
2018961,,HC02130,2018962,2018966,2018969,2018973,2018978,2018976
3230356,,GY02N280,3230357,3230360,3230363,3230367,,3230374
1817506,,H9023615,1817507,1817511,1817514,1817518,1817522,1817520
270065,,GT02Ub345,270066,270070,270073,270077,,270084
718348,,H602856,718349,718353,718356,718360,718368,718366
2252927,,GY02Sf373,2252928,2252930,2252933,2252937,,2252940
1218379,,GT02Sf230,1218380,1218384,1218387,1218391,,1218394
247239,,GT01LU8,247240,247252,247254,,247262,
1223684,,GT02Ju320,1223685,1223689,1223692,1223696,,1223698
3343835,,H102So384,3343836,3343839,3343842,3343846,,3343848
2250370,,H302656,2250371,2250374,2250377,2250381,2250388,2250386
505808,,H5021438,505809,505813,505816,505820,505824,505822
1333973,,GT02So571,1333974,1333978,1333981,1333985,,1333987
1901836,,GY02N417,1901837,1901840,1901843,1901847,,1901849
490492,,GP02So254,490493,,490502,490506,,490508
1295074,,GP02L260,1295075,,1295084,1295088,,1295090
693892,,GZ02So406,693893,693896,693899,693903,,693905
106006,,GS02U234,106007,,106011,106015,,106017
1918644,,H102Ju413,1918645,1918648,1918651,1918655,,1918657
3354703,,HA021959,3354704,3354708,3354711,3354715,3354725,3354723
814390,,H602681,814391,814395,814398,814402,814410,814408
3124972,,H6022834,3124973,3124977,3124980,3124984,3124991,3124989
737345,,GY02A260,737346,737349,737352,737356,,737358
873038,,GX01SkU29,873039,873049,873051,,873059,
2068214,,HC021067,2068215,2068219,2068222,2068226,2068230,2068228
1887713,,HC022211,1887714,1887718,1887721,1887725,1887729,1887727
1944056,,H8021792,1944057,1944061,1944064,1944068,1944072,1944070
1092072,,GT01KrU18,1092073,1092083,1092085,,1092093,
104344,,H002U293,104345,104347,104350,104354,,104356
591631,,H5022987,591632,591636,591639,591643,591647,591645
682993,,GW02C331,682994,682997,683000,683004,,683007
818778,,GX02Ub419,818779,818782,818785,818789,,818802
428945,,GY03111,428946,428951,428953,,428959,428957
401299,,H3022542,401300,401303,401306,401310,401319,401317
778604,,H5022044,778605,778609,778612,778616,778620,778618
2113614,,H302475,2113615,2113618,2113621,2113625,2113632,2113630
1300504,,GR031d31,,1300505,,,,
366723,,H3021993,366724,366728,366731,366735,366740,366738
290175,,HC01TU13,290176,290184,290186,,290197,
1886079,,H802718,1886080,1886084,1886087,1886091,1886098,1886096
1701696,,H603117,1701697,1701702,1701704,1701708,1701711,
630765,,H5022504,630766,630770,630773,630777,630781,630779
1676517,,GO01UU11,1676518,1676530,1676533,,1676541,
55068,,GY02So559,55069,55072,55075,55079,,55082
96586,,GQ02Ju27,96587,,96591,96596,,96598
970815,,H7021996,970816,970820,970823,970827,970831,970829
1685222,,GV02A297,1685223,1685228,1685230,1685234,,1685236
2232918,,H8022499,2232920,2232928,2232934,2232942,2232950,2232946
1029661,,H5023592,1029662,1029666,1029669,1029673,1029686,1029684
1049528,,HD023936,1049529,1049534,1049537,1049542,1049551,1049549
2094544,,HC02506,2094545,2094549,2094552,2094556,2094560,2094558
1533808,,GO01FiU15,1533809,1533819,1533822,,1533830,
962833,,GP02K358,962834,,962843,962847,,962852
532680,,GP02A7,532681,,532685,532690,,532704
897971,,GS02So645,897972,,897976,897980,,897983
1398370,,GP031d21,,1398371,,,,
330981,,H801SoU6,330982,330992,330994,,331008,
1881687,,GX02C214,1881688,1881691,1881694,1881698,,1881701
1453019,,GP02Ju25,1453020,,1453023,1453028,,1453033
492557,,H5021587,492558,492562,492565,492569,492575,492573
935310,,H10323,935311,935317,935320,,935324,
876183,,GW02K353,876184,876187,876190,876194,,876197
3286517,,GO02T424,3286518,,3286523,3286527,,3286529
895750,,H5023834,895751,895755,895758,895762,895771,895769
404188,,GT02Fi296,404189,404193,404196,404200,,404207
1603755,,GW02Ub26,1603756,1603760,1603763,1603768,,1603777
969525,,H7021688,969526,969530,969533,969537,969541,969539
1641817,,H102T407,1641818,1641821,1641824,1641828,,1641830
2023649,,HD01MJU4,2023650,2023658,2023660,,2023671,
288546,,HD02831,288547,288551,288554,288558,288562,288560
1687433,,H9023247,1687434,1687438,1687441,1687445,1687456,1687454
826714,,H102MJ206,826715,826718,826721,826725,,826727
341758,,HC01UU6,341759,341768,341770,,341781,
883490,,GX02Sk208,883491,883494,883497,883501,,883505
2160447,,HA022239,2160448,2160452,2160455,2160459,2160464,2160462
994008,,H5023098,994009,994013,994016,994020,994024,994022
759288,,GS02N429,759289,,759293,759297,,759301
1705558,,H9023966,1705559,1705563,1705566,1705570,1705580,1705578
499671,,HC023274,499672,499677,499680,499685,499696,499694
2073217,,GS02Sk257,2073218,,2073222,2073226,,2073232
278583,,H901KU6,278584,278593,278595,,278607,
1178387,,GR031d18,,1178388,,,,
721071,,H602693,721072,721076,721079,721083,721087,721085
3270077,,HC022527,3270078,3270082,3270085,3270089,3270093,3270091
1881615,,H402464,1881616,1881620,1881623,1881627,1881636,1881634
2080335,,GZ02T237,2080336,2080339,2080342,2080346,,2080348
234744,,GS02T255,234745,,234749,234753,,234755
873450,,H7021324,873451,873455,873458,873462,873466,873464
585159,,H3022685,585160,585163,585166,585170,585177,585175
1432531,,GQ02Sf212,1432532,,1432536,1432540,,1432542
2180115,,H8022600,2180116,2180120,2180123,2180127,2180132,2180130
933663,,HA01KrU10,933664,933672,933674,,933685,
1497919,,H5024056,1497920,1497925,1497928,1497933,1497943,1497941
1702809,,GT031d27,,1702810,,,,
3209920,,H80343,3209921,3209926,3209928,3209932,3209937,3209935
2115713,,H6021607,2115714,2115718,2115721,2115725,2115729,2115727
918117,,GY02T343,918118,918121,918124,918128,,918131
2116141,,HC02603,2116143,2116149,2116155,2116163,2116171,2116167
421107,,HD02256,421108,421112,421115,421119,421123,421121
1887653,,H402121,1887654,1887658,1887661,1887665,1887671,1887669
1504315,,HB01TU18,1504316,1504325,1504329,,1504354,
2128437,,GZ02K352,2128438,2128441,2128444,2128448,,2128455
1885576,,H002K251,1885577,1885580,1885583,1885587,,1885589
428529,,GU02T418,428530,428535,428538,428542,,428546
2062872,,GP02Ub240,2062873,,2062882,2062886,,2062894
885548,,GZ02Kr210,885549,885552,885555,885559,,885562
1542552,,H2022002,1542553,1542557,1542560,1542564,1542568,1542566
1116400,,HD01KU20d3,,1116401,,,,
704496,,HB022881,704497,704502,704505,704510,704519,704517
57425,,H502571,57426,57430,57433,57437,57441,57439
580384,,GZ02So511,580385,580388,580391,580395,,580397
1946906,,GZ01UbU5,1946907,1946919,1946921,,1946929,
3129184,,H201UU14,3129185,3129194,3129196,,3129204,
1161725,,HB021610,1161726,1161730,1161733,1161737,1161742,1161740
975660,,GW02Ju202,975661,975664,975667,975671,,975673
1115967,,GT02So201,1115968,1115972,1115975,1115979,,1115981
3301510,,H301UU4,3301511,3301521,3301523,,3301531,
1692738,,H7023570,1692739,1692744,1692747,1692752,1692759,1692757
490057,,GY02Kr321,490059,490062,490065,490069,,490077
783229,,H102Fi311,783230,783233,783236,783240,,783243
3224200,,H7023350,3224201,3224205,3224208,3224212,3224216,3224214
1429668,,GP02So42,1429669,,1429679,1429684,,1429703
1301026,,GT02So282,1301027,1301031,1301034,1301038,,1301040
509145,,GP02U9,509146,,509150,509155,,509168
1037400,,GV03162,1037401,1037408,1037410,,1037416,1037414
1107931,,HD022761,1107932,1107936,1107939,1107943,,1107946
157803,,GW02A342,157804,157807,157810,157814,,157817
855387,,GS02So378,855388,,855392,855396,,855399
467069,,H402891,467070,467074,467077,467081,467086,467084
822573,,GS02So465,822574,,822578,822582,,822585
2215620,,GR02So335,2215621,,2215625,2215629,,2215631
87167,,H502281,87168,87172,87175,87179,87183,87181
1325458,,GR02Sk318,1325459,,1325463,1325467,,1325469
1946934,,HC021216,1946935,1946939,1946942,1946946,1946950,1946948
665077,,GQ02N334,665078,,665082,665086,,665088
828602,,H102MJ262,828603,828606,828609,828613,,828615
1303192,,H702662,1303193,1303197,1303200,1303204,1303209,1303207
78680,,GV0339,78681,78687,78689,,78693,
892714,,HB021960,892715,892719,892722,892726,892734,892732
1707614,,H4021207,1707615,1707619,1707622,1707626,1707630,1707628
1462784,,GO02Ub311,1462785,,1462790,1462794,,1462797
1881724,,HC022397,1881725,1881729,1881732,1881736,1881740,1881738
1181610,,GX02So446,1181611,1181614,1181617,1181621,,1181624
1758295,,HB02794,1758296,1758300,1758303,1758307,1758312,1758310
1122125,,GT02So278,1122126,1122130,1122133,1122137,,1122139
1022195,,GT02A252,1022196,1022204,1022211,1022219,,1022223
657073,,H70286,657074,657078,657081,657085,657089,657087
2212090,,HC02398,2212092,2212099,2212103,2212108,2212114,2212111
676252,,GO02MJ838,676253,,676258,676262,,676268
917114,,H5023553,917115,917119,917122,917126,917130,917128
664965,,H602568,664966,664970,664973,664977,664981,664979
2012764,,H102Kr15,2012766,2012774,2012780,2012790,2012798,2012794
257782,,GU02T303,257783,257788,257791,257795,,257802
83441,,GO02Kr243,83442,,83447,83451,,83453
1098185,,GV02Kr238,1098186,1098191,1098194,1098198,,1098200
67038,,GY02So519,67039,67042,67045,67049,,67052
1114837,,GP02T323,1114838,,1114847,1114851,,1114854
1672973,,H9023438,1672975,1672984,1672989,1672994,1673001,1672999
873517,,GW02Ju245,873518,873521,873524,873528,,873531
2118596,,GO02Fö20,2118597,,2118602,2118607,,2118620
1887381,,H102So429,1887382,1887385,1887388,1887392,,1887394
1603202,,H201MJU11,1603203,1603210,1603212,,1603220,
3223198,,GT02U278,3223199,3223203,3223206,3223210,,3223216
507041,,GY02A305,507042,507045,507048,507052,,507054
124125,,GZ02T414,124126,124129,124132,124136,,124138
1544457,,H2022045,1544458,1544462,1544465,1544469,1544474,1544472
249955,,GV02So441,249956,249961,249963,249967,,249971
2125383,,GZ02Ub403,2125384,2125387,2125390,2125394,,2125398
1798120,,H4021890,1798121,1798125,1798128,1798132,1798136,1798134
757053,,GP02A339,757054,,757063,757067,,757070
553883,,H801MJU12,553884,553892,553894,,553905,
1163402,,GY02Fö204,1163403,1163406,1163409,1163413,,1163415
3233712,,GO02A216,3233713,,3233718,3233722,,3233725
2219081,,GR02So378,2219082,,2219086,2219090,,2219093
1698091,,GW02Ub36,1698092,1698096,1698099,1698104,,1698113
1816565,,H102T333,1816566,1816569,1816572,1816576,1816580,1816578
2233414,,H302495,2233415,2233418,2233421,2233425,2233429,2233427
2064526,,GP02Ub251,2064527,,2064536,2064540,,2064543
2034527,,GO02T820,2034528,,2034533,2034537,,2034549
849703,,GX02Sk267,849704,849707,849710,849714,,849716
1626335,,GR02K253,1626336,,1626340,1626344,,1626353
3234278,,H2021049,3234279,3234283,3234286,3234290,3234294,3234292
3104267,,GW02MJ418,3104268,3104271,3104273,3104277,,3104279
3284686,,H8021623,3284687,3284691,3284694,3284698,3284706,3284704
1846860,,H80340,1846861,1846865,1846867,1846871,,
1902518,,H002Kr332,1902519,1902522,1902525,1902529,,1902532
1521539,,HA021766,1521540,1521544,1521547,1521551,1521559,1521557
1572612,,GP02N296,1572613,,1572622,1572626,,1572629
3264142,,GQ02A239,3264143,,3264147,3264151,,3264159
527117,,GV02Ju270,527118,527123,527126,527130,,527132
1340653,,GQ02Ju257,1340654,,1340658,1340662,,1340664
255440,,GU02T249,255441,255447,255450,255454,,255457
1509383,,GT02K269,1509384,1509388,1509391,1509395,,1509402
2193379,,H901FiU24,2193380,2193388,2193390,,2193401,
815603,,HB022742,815604,815608,815611,815615,815619,815617
1667519,,H9023486,1667520,1667524,1667527,1667531,1667535,1667533
1676300,,H9023380,1676301,1676305,1676308,1676312,1676323,1676321
228959,,H002Fi228,228960,228963,228966,228970,,228972
1668726,,HB02610,1668727,1668731,1668734,1668738,1668742,1668740
2079549,,HC02342,2079550,2079554,2079557,2079561,2079566,2079564
1738933,,GU0359,1738934,1738942,1738944,,1738950,1738948
3264548,,H4022503,3264549,3264553,3264556,3264560,3264566,3264564
1953964,,H20217,1953965,1953969,1953972,1953976,1953980,1953978
1398032,,GP031d16,,1398033,,,,
1461240,,GW02Kr252,1461241,1461244,1461247,1461251,,1461254
593668,,H5022928,593669,593673,593676,593680,593684,593682
755829,,H5022574,755830,755834,755837,755841,755846,755844
1643350,,H4021489,1643351,1643355,1643358,1643362,1643366,1643364
1774283,,HB02927,1774284,1774292,1774298,1774307,1774319,1774316
3272302,,GZ02Sk395,3272303,3272306,3272309,3272313,,3272316
458497,,GO02N315,458498,,458503,458507,,458509
728910,,GS02Kr248,728911,,728915,728919,,728928
399358,,GV02Ju426,399359,399364,399367,399371,,399373
637393,,GY02MJ440,637394,637397,637400,637404,,637411
1874999,,GU02Ju265,1875000,1875006,1875009,1875013,,1875016
3122326,,H002MJ397,3122327,3122330,3122333,3122337,,3122339
581359,,H902481,581360,581364,581367,581371,581375,581373
1919112,,H6022403,1919113,1919117,1919120,1919124,1919129,1919127
101425,,H502436,101426,101430,101433,101437,101441,101439
1024490,,GT02A231,1024491,1024495,1024498,1024502,,1024504
504727,,GV02Ju432,504728,504733,504736,504740,,504742
1838563,,GZ02Sk358,1838564,1838567,1838570,1838574,,1838577
1664286,,GW02MJ229,1664287,1664290,1664293,1664297,,1664299
848765,,GZ03124,848766,848772,848774,,848778,
1240913,,H501CU34,1240914,1240921,1240923,,1240933,
391572,,H3022419,391573,391576,391579,391583,391600,391598
1741592,,H2021985,1741593,1741597,1741600,1741604,1741610,1741607
953722,,H5023120,953723,953727,953730,953734,953741,953739
1435181,,GO02Sk684,1435182,,1435187,1435191,,1435193
1057640,,H5023451,1057641,1057645,1057648,1057652,1057658,1057656
1398461,,H6021478,1398462,1398466,1398469,1398473,1398477,1398475
794636,,GQ02N263,794637,,794641,794645,,794652
323596,,GS02Sk21,323597,,323601,323606,,323611
615275,,GR02MJ461,615276,,615280,615284,,615286
1087057,,H9021393,1087058,1087062,1087065,1087069,1087073,1087071
3251534,,HC022182,3251535,3251539,3251542,3251546,3251553,3251551
1789022,,H9023384,1789023,1789031,1789039,1789049,1789064,1789062
2231071,,H8022791,2231072,2231076,2231079,2231083,2231088,2231086
1834983,,GX03213,1834984,1834990,1834992,,1834996,
645563,,H7022093,645564,645568,645571,645575,645579,645577
312490,,GZ02T390,312491,312494,312497,312501,,312506
1990307,,H6022250,1990308,1990312,1990315,1990319,1990323,1990321
3317856,,GV02T226,3317857,3317862,3317865,3317869,,3317872
1182831,,GR02Ub328,1182832,,1182836,1182840,,1182842
1226800,,GW0369,1226801,1226807,1226809,,1226815,1226813
804034,,H7022791,804035,804039,804042,804046,804050,804048
769297,,GP02A275,769298,,769307,769311,,769313
1012996,,HB01JuU10,1012997,1013005,1013007,,1013018,
1247328,,HA02110,1247329,1247333,1247336,1247340,1247344,1247342
1658392,,H4021776,1658393,1658397,1658400,1658404,1658410,1658408
1339687,,HD022166,1339688,1339692,1339695,1339699,1339703,1339701
227425,,GQ02Ub398,227426,,227430,227434,,227437
1653176,,GS02MJ440,1653177,,1653181,1653185,,1653187
612025,,GV01FöU5,612026,612038,612040,,612048,
2225852,,GP01FIU12,2225853,2225865,2225868,,2225875,
1305602,,GT02So484,1305603,1305607,1305610,1305614,,1305616
1470294,,H9022691,1470295,1470299,1470302,1470306,1470310,1470308
1687843,,H2021757,1687844,1687848,1687851,1687855,1687859,1687857
1823212,,GZ02Fi304,1823213,1823216,1823219,1823223,,1823225
1015747,,H9021354,1015748,1015752,1015755,1015759,1015764,1015762
967088,,H501FöU8,967089,967097,967099,,967109,
2238377,,GR01JUU28,2238378,2238388,2238390,,2238398,
806489,,GP02Bo298,806490,,806499,806503,,806508
1174343,,GV02Ub311,1174345,1174354,1174359,1174367,,1174371
2023272,,H802563,2023273,2023277,2023280,2023284,2023288,2023286
1091495,,GV01FiU14,1091496,1091508,1091510,,1091518,
657777,,H70231,657778,657782,657785,657789,657793,657791
101824,,H901FiU7,101825,101833,101835,,101845,
577826,,GZ02Sf343,577827,577830,577834,577838,,577841
616677,,GY02A358,616678,616681,616684,616688,,616690
450135,,H3022469,450136,450139,450142,450146,450152,450150
547797,,GR02MJ468,547798,,547802,547806,,547811
1833070,,GX02C463,1833071,1833074,1833077,1833081,,1833084
2224239,,GR02So428,2224240,,2224244,2224248,,2224255
1003445,,GO01SoU3,1003446,1003453,1003456,,1003464,
1887632,,H402122,1887633,1887637,1887640,1887644,1887650,1887648
1325377,,GR02Sk314,1325378,,1325382,1325386,,1325389
103214,,H502429,103215,103219,103222,103226,103230,103228
1091889,,GS02Bo291,1091890,,1091894,1091898,,1091900
315408,,H401CU14,315409,315416,315418,,315428,
1886236,,H4023357,1886237,1886241,1886244,1886248,1886252,1886250
866174,,GW02Sf268,866175,866178,866180,866184,,866195
2137097,,H6022419,2137098,2137102,2137105,2137109,2137113,2137111
137777,,H502172,137778,137782,137785,137789,137793,137791
714596,,HD021821,714597,714601,714604,714608,,714611
1343236,,GR02So25,1343237,,1343241,1343246,,1343253
564961,,H902254,564962,564966,564969,564973,564977,564975
252075,,H8023890,252076,252081,252084,252089,252096,252094
170116,,H002C329,170117,170120,170123,170127,,170131
3274432,,GU02Ju332,3274433,3274438,3274441,3274445,,3274448
911680,,GX02Fö245,911681,911684,911687,911691,,911693
1673896,,H4022414,1673897,1673901,1673904,1673908,1673912,1673910
2212089,,HC02395,2212091,2212100,2212112,2212119,2212124,2212122
1965264,,H4022754,1965265,1965269,1965272,1965276,1965280,1965278
352706,,GR02Bo260,352707,,352711,352715,,352723
972766,,GX01SkU45,972767,972779,972781,,972789,
1668396,,H4022105,1668397,1668401,1668404,1668408,1668412,1668410
2048831,,HC021251,2048832,2048836,2048839,2048843,2048849,2048847
1044428,,HB021895,1044429,1044433,1044436,1044440,1044445,1044443
1994750,,HC021857,1994751,1994755,1994758,1994762,1994766,1994764
965204,,H7021604,965205,965213,965219,965226,965234,965230
1343046,,GQ02Sf219,1343047,,1343051,1343055,,1343057
802488,,HD021037,802489,802493,802496,802500,,802502
1617190,,HD023341,1617191,1617195,1617198,1617202,1617206,1617204
3229989,,HB0223,3229990,3229994,3229997,3230001,3230005,3230003
3344328,,GS02Fi251,3344329,,3344333,3344337,,3344340
2216158,,GS02Fö8,2216159,,2216164,2216169,,2216178
1030445,,H5023585,1030448,1030456,1030462,1030468,1030488,1030483
1461047,,GP02Kr203,1461048,,1461057,1461061,,1461064
498120,,H801KU21,498121,498133,498135,,498145,
1074081,,HD01KU37,1074082,,1074091,,1074093,
193890,,H3021044,193891,193895,193898,193902,193906,193904
585371,,H402541,585372,585376,585379,585383,585387,585385
208061,,GO02Bo501,208062,,208067,208071,,208073
1103971,,GY02U224,1103972,1103975,1103978,1103982,,1103984
1105438,,H9021265,1105439,1105443,1105446,1105450,1105454,1105452
1155987,,HB021539,1155988,1155992,1155995,1155999,1156006,1156004
1048500,,H9021626,1048501,1048505,1048508,1048512,1048517,1048515
1319534,,GX02So636,1319535,1319538,1319541,1319545,,1319547
762799,,H5022267,762800,762804,762807,762811,762815,762813
280053,,GR02Kr204,280054,,280058,280062,,280064
1841805,,H4022682,1841806,1841810,1841813,1841817,1841821,1841819
1334464,,H102Ub537,1334465,1334468,1334471,1334475,,1334483
505767,,H5021436,505768,505772,505775,505779,505783,505781
963599,,HD021066,963600,963604,963607,963611,963618,963616
1396079,,H9022808,1396080,1396084,1396087,1396091,1396103,1396101
1112050,,GT02Ju292,1112051,1112055,1112058,1112062,,1112064
539881,,GO02Ju411,539882,,539887,539891,,539894
1210390,,GR02U214,1210391,,1210395,1210399,,1210405
735890,,GY02A299,735891,735894,735897,735901,,735903
2220482,,H401JuU17,2220483,2220491,2220493,,2220503,
713646,,GY02XM1712,713647,713650,713652,713656,,713658
1410841,,GX02So621,1410842,1410845,1410848,1410852,,1410854
1943125,,GX02K408,1943126,1943129,1943132,1943136,,1943138
982412,,GZ02Ub6,982413,982417,982420,982425,,982427
747138,,H602340,747139,747143,747146,747150,747154,747152
162268,,H3021505,162269,162273,162276,162280,162296,162294
2228389,,H302990,2228390,2228393,2228396,2228400,2228408,2228406
2249276,,H8022218,2249277,2249281,2249284,2249288,2249295,2249293
3230764,,GQ02MJ379,3230765,,3230769,3230773,,3230776
1007772,,GU02Ub425,1007773,1007778,1007781,1007785,,1007792
470367,,GN01KU18,470368,470374,470377,,470385,
3123872,,H002MJ225,3123873,3123876,3123879,3123883,,3123886
1220636,,GT02Sf271,1220637,1220641,1220644,1220648,,1220651
1263923,,H2022981,1263924,1263928,1263931,1263935,1263942,1263940
1259439,,H2022930,1259440,1259444,1259447,1259451,1259456,1259454
1515901,,H2022026,1515902,1515906,1515909,1515913,1515918,1515916
1371264,,GX02So312,1371266,1371269,1371272,1371276,,1371283
1057223,,HB021048,1057224,1057228,1057231,1057235,1057239,1057237
1288077,,GR031d13,,1288078,,,,
1122011,,HB021268,1122012,1122016,1122019,1122023,1122028,1122026
2257665,,GY02Sf294,2257666,2257669,2257672,2257676,,2257678
1056607,,H7021277,1056608,1056612,1056615,1056619,1056623,1056621
851610,,GW02U332,851611,851614,851617,851621,,851637
686588,,H7022695,686589,686593,686596,686600,686611,686609
1074030,,HD023996,1074031,1074036,1074039,1074044,1074053,1074051
908049,,H9021342,908050,908054,908057,908061,908065,908063
1003037,,GY02T432,1003038,1003041,1003044,1003048,,1003050
507556,,HD02183,507557,507561,507564,507568,507572,507570
1569188,,HB01TU11,1569189,1569196,1569198,,1569209,
1936050,,GX02C417,1936051,1936054,1936057,1936061,,1936064
554418,,GW01FiU2,554419,554430,554432,,554440,
2194957,,H8022384,2194958,2194966,2194973,2194980,2194993,2194988
1078205,,H501FöU6,1078206,1078215,1078217,,1078227,
1919811,,H4023414,1919812,1919817,1919820,1919824,1919830,1919828
959126,,GP02K395,959127,,959136,959140,,959144
66805,,H801SfU14,66806,66814,66816,,66826,
3303176,,H8021046,3303177,3303181,3303184,3303188,3303192,3303190
1861557,,HB01NU12,1861558,1861566,1861568,,1861579,
3355520,,GQ02T396,3355521,,3355525,3355529,,3355531
1415998,,H2022668,1415999,1416003,1416006,1416010,1416015,1416013
1894648,,GN02N52,1894649,,1894657,1894665,,1894677
583000,,GZ02So440,583001,583004,583007,583011,,583013
91982,,GZ02U288,91983,91986,91989,91993,,91995
452845,,H5021894,452846,452850,452853,452857,452861,452859
3249484,,H7023248,3249485,3249489,3249492,3249496,3249506,3249504
1054787,,GQ01UBU10,1054788,1054797,1054800,,1054808,
934587,,GZ01TU2,934588,934599,934601,,934609,
1946981,,HC021213,1946982,1946986,1946989,1946993,1946997,1946995
1000508,,H5023828,1000509,1000513,1000516,1000521,1000532,1000528
421447,,GX02MJ222,421448,421451,421454,421458,,421460
1408463,,GV02Fi202,1408464,1408469,1408472,1408476,,1408478
241671,,GQ02L241,241672,,241676,241680,,241682
1563293,,HD023100,1563294,1563298,1563301,1563305,1563309,1563307
916457,,GX02Ub431,916458,916461,916464,916468,,916470
103651,,H502934,103652,103656,103659,103663,103678,103676
764304,,GR0319d4,,764305,,,,
1888544,,HC022271,1888545,1888549,1888552,1888556,1888561,1888559
3355533,,GU02Kr260,3355534,3355539,3355542,3355546,,3355550
878701,,HD021766,878702,878706,878709,878713,878717,878715
2250972,,HC02833,2250973,2250977,2250980,2250984,2250988,2250986
682146,,H5022063,682147,682151,682154,682158,682162,682160
258714,,GR01KRU5,258715,258724,258727,,258735,
1261341,,H2022947,1261342,1261347,1261351,1261358,1261365,1261362
1765188,,HC022568,1765190,1765195,1765199,1765207,1765213,1765210
1371764,,HA01SkU22,1371765,1371773,1371775,,1371786,
112558,,H002Fi270,112559,112562,112565,112569,,112571
1628123,,HB02835,1628124,1628128,1628131,1628135,1628139,1628137
255037,,H903187,255038,255043,255045,255049,255054,255052
1380776,,H002So270,1380777,1380780,1380783,1380787,,1380789
879291,,GW02So345,879292,879295,879297,879301,,879303
1496571,,H102Fö234,1496573,1496578,1496583,1496590,,1496604
277018,,GU02A222,277019,277024,277027,277031,,277033
586523,,H902501,586524,586528,586531,586535,586539,586537
1049250,,HD03147,1049251,1049256,1049259,1049263,1049268,1049266
714530,,H3023068,714531,714534,714537,714541,714545,714543
466829,,GO02U12,466830,,466835,466840,,466851
335722,,H402769,335723,335727,335730,335734,335740,335738
1089226,,GY02C246,1089227,1089230,1089233,1089237,,1089239
262717,,H301FiU14,262718,262725,262727,,262734,
501449,,H002U312,501450,501453,501455,501459,,501463
1992036,,H102So234,1992037,1992040,1992043,1992047,,1992051
54268,,H002Ub321,54269,54272,54275,54279,,54281
1149187,,H30255,1149188,1149192,1149195,1149199,1149209,1149207
643964,,H103104,643965,643971,643973,,643979,643977
1709859,,H9023821,1709860,1709864,1709867,1709871,1709875,1709873
1840292,,GQ01MJU2,1840293,1840303,1840306,,1840314,
2154118,,GS02Ub468,2154119,,2154123,2154127,,2154133
2093635,,GQ02Bo315,2093636,,2093640,2093644,,2093650
1514488,,HA021279,1514489,1514493,1514496,1514500,1514511,1514509
1977262,,GT02MJ228,1977263,1977268,1977271,1977275,,1977277
1625946,,GR02K260,1625947,,1625952,1625956,,1625958
1280438,,GR02Ub257,1280439,,1280443,1280447,,1280450
3257203,,GX02T325,3257204,3257207,3257210,3257214,,3257219
1376558,,H002Ju376,1376559,1376562,1376565,1376569,,1376588
1870639,,GS02A326,1870640,,1870644,1870648,,1870654
1484178,,H9022577,1484179,1484183,1484186,1484190,1484197,1484195
1760241,,GR02L10,1760242,,1760246,1760251,,1760255
100612,,H502944,100613,100617,100620,100624,100628,100626
1637532,,GQ0341,1637533,1637540,1637542,,1637548,1637546
708459,,GS02Kr407,708460,,708464,708468,,708471
744449,,H7022227,744450,744454,744457,744461,744465,744463
1899030,,H402259,1899031,1899035,1899038,1899042,1899046,1899044
2122925,,GP01SKU9,2122926,2122936,2122939,,2122946,
1808293,,H9023795,1808294,1808298,1808301,1808305,1808309,1808307
2225976,,GP01FIU19,2225977,2225989,2225992,,2225999,
751834,,GY02MJ371,751835,751838,751841,751845,,751848
3265047,,GX02Kr309,3265048,3265051,3265054,3265058,,3265068
1539816,,GQ01JUU19,1539817,1539828,1539831,,1539839,
882182,,GW02K207,882183,882186,882188,882192,,882194
68263,,H002Sk298,68264,68267,68270,68274,,68276
173192,,H8023181,173193,173197,173200,173204,173208,173206
1208657,,H102U310,1208658,1208661,1208664,1208668,,1208673
905709,,H501MJU16,905710,905717,905719,,905729,
309477,,H5021656,309480,309490,309499,309511,309524,309517
2129462,,GZ02K384,2129463,2129466,2129469,2129473,,2129477
1752057,,H7023156,1752058,1752062,1752065,1752069,1752073,1752071
1777998,,GT02Kr365,1777999,1778003,1778006,1778010,,1778012
1964091,,H4022799,1964092,1964096,1964099,1964103,1964111,1964109
3103021,,GS0378,3103022,3103029,3103031,,3103037,3103035
1971647,,H8022002,1971648,1971652,1971655,1971659,1971664,1971662
1392625,,GV02Sk219,1392626,1392631,1392634,1392638,,1392640
62775,,H002Sk229,62776,62779,62782,62786,,62789
2076914,,H102Sf340,2076915,2076918,2076921,2076925,,2076928
1199220,,GO02Ub502,1199221,,1199226,1199230,,1199233
880435,,HD021232,880436,880440,880443,880447,880453,880451
387083,,H5021766,387084,387088,387091,387095,387100,387098
2208001,,H8022936,2208003,2208011,2208018,2208025,2208037,2208033
383638,,HD02368,383639,383643,383646,383650,383654,383652
141583,,GY02So245,141584,141587,141590,141594,,141597
157767,,GW02A341,157768,157771,157774,157778,,157783
1581302,,HD023342,1581303,1581307,1581310,1581314,1581319,1581317
587481,,GZ02So378,587482,587485,587488,587492,,587494
1308811,,GR02Fö266,1308812,,1308816,1308820,,1308823
352245,,GR02Bo277,352246,,352250,352254,,352256
495380,,H102Kr273,495381,495384,495387,495391,,495393
1804620,,GQ02T455,1804621,,1804625,1804629,,1804635
953475,,GS02So395,953476,,953480,953484,,953492
818108,,HB022743,818109,818113,818116,818120,818124,818122
2137336,,H8022123,2137337,2137341,2137344,2137348,2137357,2137355
2136615,,H302711,2136616,2136619,2136622,2136626,2136631,2136629
249845,,GV02So448,249846,249851,249854,249858,,249864
481369,,H3022719,481370,481373,481376,481380,481384,481382
1660475,,H4022237,1660476,1660480,1660483,1660487,1660491,1660489
466663,,H402889,466664,466668,466671,466675,466685,466683
667247,,HC0230,667248,667252,667255,667259,667263,667261
2093175,,GW02Sk483,2093176,2093179,2093182,2093186,,2093193
3278113,,HC022475,3278114,3278118,3278121,3278125,3278130,3278128
863472,,H602179,863473,863477,863480,863484,863488,863486
656976,,GP02A360,656977,,656986,656990,,656993
3312161,,GQ02Kr299,3312162,,3312166,3312170,,3312173
1175140,,HA02961,1175141,1175145,1175148,1175152,1175160,1175158
1726201,,GW03161,1726203,1726210,1726212,,1726218,1726216
3234721,,H002A207,3234722,3234725,3234728,3234732,,3234734
934908,,GS01SFU16,934911,934936,934938,,934946,
1704032,,H101NU30,1704033,1704045,1704047,,1704055,
1944121,,H8021791,1944122,1944126,1944129,1944133,1944137,1944135
788224,,GW02So458,788225,788228,788230,788234,,788239
1502265,,H9022428,1502266,1502270,1502273,1502277,1502284,1502282
476792,,H5021676,476793,476798,476804,476812,476820,476816
1508555,,GO01UbU6,1508556,1508563,1508566,,1508574,
747534,,H5022425,747535,747539,747542,747546,747550,747548
2111645,,GQ02K207,2111646,,2111650,2111654,,2111656
2152612,,GP02Fö247,2152613,,2152622,2152626,,2152630
1354013,,GY02Sk421,1354014,1354017,1354020,1354024,,1354026
964369,,HB021735,964370,964374,964377,964381,964387,964385
2070677,,H302162,2070678,2070681,2070684,2070688,2070694,2070692
662715,,GQ02N308,662716,,662720,662724,,662726
2045503,,GT02N481,2045504,2045508,2045511,2045515,,2045522
355509,,GU02Kr328,355510,355515,355518,355522,,355525
1501778,,H9022430,1501779,1501783,1501786,1501790,1501797,1501795
483457,,H902597,483458,483462,483465,483469,483473,483471
1108832,,HD022751,1108833,1108837,1108840,1108844,1108853,1108851
1609694,,GT02K354,1609695,1609699,1609702,1609706,,1609709
3280324,,H802345,3280325,3280330,3280333,3280338,3280347,3280345
362490,,H3021931,362491,362494,362497,362501,362505,362503
1178407,,GZ02MJ295,1178408,1178411,1178414,1178418,,1178420
1354638,,GY02Sk401,1354639,1354642,1354645,1354649,,1354651
989316,,GV02Kr265,989317,989322,989324,989328,,989331
135217,,GT02Ub266,135218,135222,135225,135229,,135231
375696,,GS0329d3,,375697,,,,
365588,,H3021987,365589,365593,365596,365600,365605,365603
1194125,,GX02A249,1194126,1194130,1194133,1194137,,1194141
1387231,,HA021239,1387232,1387236,1387239,1387243,1387254,1387252
245536,,GX02MJ279,245537,245540,245543,245547,,245555
568523,,GW02C379,568524,568527,568530,568534,,568536
1605695,,H9023062,1605696,1605700,1605703,1605707,1605711,1605709
2047025,,GX02K349,2047026,2047029,2047032,2047036,,2047038
529733,,GR02MJ233,529734,,529738,529742,,529744
1002757,,GP02T299,1002758,,1002767,1002771,,1002774
1987076,,GZ02T269,1987077,1987080,1987084,1987090,,1987092
631488,,H301SoU6,631489,631497,631499,,631507,
1599473,,H4021367,1599474,1599478,1599481,1599485,1599489,1599487
119822,,GX02N2,119823,119827,119830,119835,,119853
320107,,GS02Ju466,320108,,320112,320116,,320124
3244011,,GZ02Fi282,3244012,3244015,3244018,3244022,,3244026
1200270,,GR02U301,1200271,,1200276,1200280,,1200287
128778,,GX02N359,128779,128782,128785,128789,,128794
1456995,,HA021345,1456996,1457000,1457003,1457007,1457013,1457011
2022110,,GP01SKU10,2022111,2022122,2022125,,2022132,
1969585,,H6021844,1969586,1969590,1969593,1969597,1969601,1969599
297825,,H3021773,297826,,297829,297831,,
772563,,H5022357,772564,772568,772571,772575,772579,772577
1255127,,H701UbU9,1255128,1255136,1255138,,1255148,
1981402,,H9024537,1981403,1981408,1981411,1981416,1981424,1981422
1796138,,HC022865,1796141,1796151,1796160,1796174,1796189,1796180
2010538,,GZ02K240,2010539,2010542,2010545,2010549,,2010551
3265345,,H6023120,3265346,3265351,3265354,3265359,3265366,3265364
1307797,,H102Ub337,1307798,1307801,1307804,1307808,,1307812
1130297,,GT02Ju434,1130298,1130302,1130305,1130310,,1130322
1418722,,H9022173,1418723,1418727,1418730,1418734,1418738,1418736
1457731,,HA021315,1457732,1457736,1457739,1457743,1457747,1457745
245651,,GX02N442,245652,245655,245658,245662,,245665
2138467,,H8022146,2138468,2138472,2138475,2138479,2138484,2138482
2057939,,H302260,2057940,2057944,2057947,2057951,2057955,2057953
271327,,GV02So567,271328,271333,271336,271340,,271342
3339421,,HD0237,3339422,3339426,3339429,3339433,3339437,3339435
1470937,,H202607,1470938,1470942,1470945,1470949,1470954,1470952
1514471,,GV02Sk388,1514472,1514477,1514479,1514483,,1514486
633405,,GP02Ju444,633406,,633415,633419,,633428
1918058,,H6022930,1918059,1918063,1918066,1918070,1918077,1918075
3104685,,H4021938,3104686,3104690,3104693,3104697,3104701,3104699
1480184,,H102K266,1480185,1480188,1480191,1480195,1480199,1480197
380064,,GU02A336,380065,380070,380073,380077,,380080
636351,,GU02C243,636352,636357,636360,636364,,636366
2119694,,GS02N19,2119695,,2119700,2119705,,2119713
1340317,,HD022176,1340318,1340322,1340325,1340329,1340333,1340331
555597,,H902145,555598,555602,555605,555609,555614,555612
3355740,,GV02T388,3355741,3355746,3355748,3355752,,3355755
1490176,,H202745,1490177,1490181,1490184,1490188,1490193,1490191
1669715,,H4021697,1669716,1669720,1669723,1669727,1669731,1669729
2206046,,H302796,2206047,2206050,2206053,2206057,2206061,2206059
1679531,,GR02K403,1679532,,1679536,1679540,,1679543
991940,,H101KU46,991941,991962,991964,,991972,
516955,,H5021522,516956,516960,516963,516967,516971,516969
597581,,GU02MJ354,597582,597587,597590,597594,,597596
1637458,,GT02Sk24,1637459,1637463,1637466,1637471,,1637480
417205,,GX02MJ296,417206,417209,417212,417216,,417218
2023501,,H6021760,2023502,2023506,2023509,2023513,2023524,2023522
1120860,,GT02Ju349,1120861,1120865,1120868,1120872,,1120874
2147490,,GR02So389,2147491,,2147495,2147499,,2147501
2106172,,GR02Ju346,2106173,,2106177,2106181,,2106183
321410,,H3021303,321411,321414,321417,321421,321425,321423
1822522,,H501UU21,1822523,1822533,1822535,,1822545,
472508,,GO02So467,472509,,472514,472518,,472523
1748799,,H7023337,1748800,1748804,1748807,1748811,1748815,1748813
2064200,,H6022603,2064201,2064205,2064208,2064212,2064217,2064215
670051,,GW031d26,,670052,,,,
2062020,,H302202,2062021,2062024,2062027,2062031,2062036,2062034
830725,,H102MJ288,830726,830729,830732,830736,,830739
1282294,,GS02Fi17,1282295,,1282300,1282305,,1282312
3222671,,HC022298,3222672,3222676,3222679,3222683,3222688,3222686
1987561,,H802984,1987562,1987566,1987569,1987573,1987577,1987575
1829119,,GZ02Fi269,1829120,1829123,1829126,1829130,,1829133
2192792,,GO02L201,2192793,,2192798,2192802,,2192810
1613052,,H4021284,1613053,1613057,1613060,1613064,1613069,1613067
1229268,,HA02723,1229269,1229273,1229276,1229280,1229284,1229282
254074,,GQ02Fi229,254075,,254079,254083,,254085
673130,,H7022375,673131,673135,673138,673142,673146,673144
3297928,,GU02So242,3297929,3297934,3297937,3297941,,3297943
1454261,,GT02Bo267,1454262,1454266,1454269,1454273,,1454275
1623888,,GX01KrU9,1623889,1623899,1623901,,1623909,
411041,,GO02Ub32,411042,,411048,411053,,411063
576189,,H3022563,576190,576193,576196,576200,576205,576203
894523,,GX02Ub246,894524,894527,894530,894534,,894536
1958775,,H802574,1958776,1958780,1958783,1958787,1958792,1958790
236973,,GR02Bo234,236974,,236978,236982,,236985
523110,,GW02U208,523111,523114,523117,523121,,523128
1699730,,GS02MJ33,1699731,,1699735,1699740,,1699742
2252868,,GY02Sf341,2252869,2252872,2252875,2252879,,2252882
1051353,,GY031d100,,1051354,,,,
1889935,,GU01UbU4,1889936,1889947,1889950,,1889958,
1609489,,H202325,1609490,1609494,1609497,1609501,1609505,1609503
1474967,,GT02T320,1474968,1474972,1474975,1474979,,1474982
993398,,GX02Sk411,993399,993402,993405,993409,,993414
337720,,H902669,337721,337725,337728,337732,337736,337734
1000146,,GU02Sk310,1000147,1000152,1000155,1000159,,1000165
1047439,,HD023935,1047440,1047445,1047448,1047453,1047463,1047461
1361897,,GX02So274,1361898,1361901,1361904,1361908,,1361911
339483,,H002T482,339484,339489,339493,339502,,339506
350306,,H402562,350307,350311,350314,350318,350322,350320
1084383,,HD022228,1084384,1084388,1084391,1084395,1084399,1084397
3322483,,GX02T469,3322484,3322487,3322490,3322494,,3322496
1355393,,H002Sf340,1355394,1355397,1355400,1355404,,1355408
1407194,,H102Sk282,1407195,1407198,1407201,1407205,,1407207
1042975,,H5023669,1042976,1042980,1042983,1042987,1042991,1042989
1624854,,GP02MJ252,1624855,,1624864,1624868,,1624870
901913,,H9021955,901914,901918,901921,901925,901929,901927
1850139,,GU02So349,1850140,1850145,1850148,1850152,,1850156
1201854,,GV03129,1201855,1201862,1201864,,1201870,1201868
1790740,,HB02976,1790743,1790748,1790752,1790758,1790764,1790761
3277737,,H102So339,3277738,3277741,3277744,3277748,3277753,3277751
297070,,HD02956,297071,297075,297078,297082,297086,297084
3328962,,H6023091,3328963,3328968,3328971,3328976,3328985,3328983
1919910,,HC021506,1919911,1919915,1919918,1919922,1919926,1919924
277796,,GT02Ub448,277797,277801,277804,277808,,277811
2135006,,GS01SKU13,2135007,2135019,2135021,,2135029,
1200604,,GT02So363,1200606,1200613,1200619,1200627,,1200631
3314190,,H4022535,3314191,3314195,3314198,3314202,3314206,3314204
1308168,,HA02554,1308169,1308173,1308176,1308180,1308186,1308184
1318995,,GT02So415,1318996,1319000,1319003,1319007,,1319010
312469,,HD02728,312470,312474,312477,312481,312488,312486
3329754,,HB01KU5,3329755,3329763,3329765,,3329774,
823949,,GS02So424,823950,,823954,823959,,823962
140950,,H8023344,140951,140955,140958,140962,140966,140964
3324793,,GX02T319,3324794,3324797,3324800,3324804,,3324807
526828,,GP02Sf315,526829,,526838,526842,,526845
1615898,,GR02K396,1615899,,1615903,1615907,,1615914
2047842,,GX02K380,2047843,2047846,2047849,2047853,,2047855
1424762,,H102Ub549,1424763,1424766,1424769,1424773,1424777,1424775
1680148,,H102Ub6,1680149,1680153,1680156,1680161,1680170,1680168
1079217,,GY02T266,1079218,1079221,1079224,1079228,,1079231
3316313,,HC021742,3316314,3316318,3316321,3316325,3316330,3316328
1529228,,GX02Sf305,1529229,1529232,1529235,1529239,,1529242
486045,,GX02Fi10,486046,486050,486053,486058,,486063
1057093,,HB021046,1057094,1057098,1057101,1057105,1057111,1057109
300644,,HD02871,300645,300649,300652,300656,300660,300658
1270801,,H002So491,1270802,1270805,1270808,1270812,,1270815
1751467,,H4021490,1751468,1751477,1751482,1751490,1751499,1751495
1622470,,GP02MJ243,1622471,,1622480,1622484,,1622486
2100857,,H102Ju383,2100858,2100861,2100864,2100868,,2100871
2030920,,HC02250,2030921,2030925,2030928,2030932,2030936,2030934
1129345,,GT02Sf393,1129346,1129350,1129353,1129357,,1129363
1760757,,GT02Kr274,1760758,1760762,1760765,1760769,,1760771
1071584,,GP02K362,1071585,,1071594,1071598,,1071600
2092942,,GW02Sk454,2092943,2092946,2092949,2092953,,2092955
318731,,H801JuU8,318732,318740,318742,,318752,
2010967,,GU01CU28,2010968,2010982,2010984,,2010992,
830366,,H101CU2,830367,830380,830382,,830390,
1032912,,H001TU2,1032913,1032927,1032929,,1032937,
182541,,H8023249,182542,182546,182549,182553,182563,182561
1469662,,H002Sf281,1469663,1469666,1469669,1469673,,1469675
1785888,,H2021223,1785889,1785893,1785896,1785900,1785904,1785902
1385648,,H6021377,1385649,1385653,1385656,1385660,1385669,1385667
65443,,GQ02Sk211,65444,,65448,65452,,65454
1181865,,GV02Ub435,1181866,1181871,1181874,1181878,,1181881
652585,,HB022670,652586,652590,652593,652597,652606,652604
1065665,,GP02K402,1065667,,1065689,1065696,,1065698
1946029,,H9024405,1946030,1946035,1946038,1946043,1946054,1946052
1953138,,H303181,1953139,1953144,1953146,1953150,1953155,1953153
2007585,,H802785,2007586,2007590,2007593,2007597,2007602,2007600
1134106,,GT02Ju481,1134107,1134111,1134114,1134118,,1134120
536563,,H3022844,536564,536567,536570,536574,536580,536578
1514228,,GV02Sk381,1514229,1514234,1514237,1514241,,1514248
910536,,HA0316,910537,910542,910544,910548,910551,
1129676,,H001TU8,1129677,1129687,1129689,,1129697,
2023346,,H802569,2023347,2023351,2023354,2023358,2023362,2023360
1093110,,GS02Bo273,1093111,,1093115,1093119,,1093121
854770,,H602259,854771,854775,854778,854782,854786,854784
168297,,GR02Kr245,168298,,168302,168306,,168312
3259335,,H803174,3259336,3259341,3259343,3259347,3259352,3259350
1768520,,H9023561,1768521,1768525,1768528,1768532,1768536,1768534
73045,,HC01CU4,73046,73058,73061,,73077,
1975655,,GS01UU1,1975656,1975669,1975671,,1975679,
766382,,GZ01KU4,766383,766396,766398,,766406,
2225448,,GY02Sf241,2225449,2225452,2225455,2225459,,2225462
535169,,H5022295,535170,535174,535177,535181,535185,535183
3268894,,GX02Kr263,3268895,3268898,3268901,3268905,,3268907
1082177,,HD03253,1082178,1082183,1082185,1082189,1082194,1082192
1202843,,H901SfU5,1202844,1202852,1202854,,1202864,
1234902,,H702669,1234903,1234907,1234910,1234914,1234925,1234923
1830388,,GN02A29,1830389,,1830393,1830398,,1830410
921135,,GV01AU1,921136,921148,921150,,921158,
1025677,,H4032,1025678,1025683,1025685,1025689,1025694,1025692
1851529,,H4022912,1851530,1851534,1851537,1851541,1851547,1851545
1629462,,GU0318,1629463,1629467,1629469,,1629473,
696516,,HB022347,696517,696521,696524,696528,696539,696537
1260617,,H102C388,1260618,1260621,1260624,1260628,,1260632
3263875,,GX02U249,3263876,3263879,3263882,3263886,,3263892
2210948,,H8022308,2210949,2210953,2210956,2210960,2210964,2210962
308397,,GX02MJ355,308398,308401,308404,308408,,308410
1268590,,GY02C358,1268591,1268594,1268597,1268601,,1268609
673529,,GZ01AU7,673530,673541,673543,,673551,
508854,,HC023139,508856,508863,508869,508876,508884,508880
845170,,H5023623,845171,845175,845178,845182,845186,845184
687068,,GZ02So572,687069,687072,687075,687079,,687081
426713,,GO02Sf261,426714,,426719,426723,,426725
615536,,GP02K90,615537,,615541,615546,,615555
217350,,HD02821,217351,217355,217358,217362,217366,217364
758552,,GS02N443,758555,,758564,758569,,758580
2203058,,GO01AU5,2203059,2203066,2203069,,2203077,
1006563,,GP02T241,1006564,,1006573,1006577,,1006580
847858,,H102Fi317,847859,847862,847865,847869,,847871
450468,,H902791,450469,450473,450476,450480,450484,450482
1721511,,H4021526,1721512,1721516,1721519,1721523,1721527,1721525
413535,,GX02MJ340,413536,413539,413542,413546,,413548
626949,,GP02Ju391,626950,,626959,626963,,626972
936988,,H7021319,936989,936993,936996,937000,937004,937002
429022,,H3022845,429023,429026,429029,429033,429039,429037
1673028,,GT02T464,1673029,1673033,1673036,1673040,,1673048
1912132,,GR02Sf208,1912135,,1912143,1912151,,1912155
3317763,,H9024747,3317764,3317769,3317772,3317777,3317788,3317786
2196124,,GZ01SkU11,2196125,2196136,2196138,,2196146,
904990,,GX02Ub367,904991,904994,904997,905001,,905003
1259627,,GS01SKU7,1259628,1259640,1259642,,1259650,
1380292,,H203109,1380293,1380298,1380300,1380304,1380309,1380307
1518796,,GO02Sk815,1518797,,1518802,1518806,,1518815
468094,,GV02N227,468095,468100,468103,468107,,468110
1524118,,H5024148,1524119,1524124,1524127,1524132,1524138,1524136
1546467,,H102Sk373,1546468,1546471,1546474,1546478,,1546481
1839522,,GP02Ub222,1839523,,1839532,1839536,,1839545
3236537,,H002A379,3236538,3236541,3236544,3236548,,3236550
436263,,H902656,436264,436268,436271,436275,436279,436277
3329914,,GT02Kr33,3329915,3329919,3329922,3329927,,3329935
474526,,GY01KU15,474527,474539,474541,,474549,
1246039,,HA02131,1246040,1246044,1246047,1246051,1246055,1246053
114028,,HC0389d2,,114029,,,,
1252527,,GY01FiU21,1252528,1252540,1252542,,1252550,
2217847,,GR02So387,2217848,,2217852,2217856,,2217858
1483356,,H202586,1483357,1483361,1483364,1483368,1483372,1483370
1986956,,GR02N253,1986957,,1986961,1986965,,1986967
1709043,,H7023444,1709044,1709049,1709052,1709057,1709063,1709061
1476786,,GS02MJ273,1476787,,1476791,1476795,,1476797
632532,,GU02C284,632533,632538,632541,632545,,632547
1335402,,HA02776,1335403,1335408,1335412,1335420,1335428,1335424
1539262,,HA021100,1539263,1539267,1539270,1539274,1539278,1539276
1140121,,H9021709,1140122,1140126,1140129,1140133,1140137,1140135
2114839,,H6021619,2114840,2114844,2114847,2114851,2114856,2114854
1483107,,GO02Fö332,1483108,,1483113,1483117,,1483119
3291429,,H8021336,3291430,3291434,3291437,3291441,3291453,3291451
1357911,,HA01FiU33,1357912,1357919,1357921,,1357932,
1693809,,H2021075,1693810,1693814,1693817,1693821,1693825,1693823
1312502,,GT02So371,1312503,1312507,1312510,1312514,,1312517
1065353,,GP02K418,1065354,,1065363,1065367,,1065369
2099525,,GX03187,2099526,2099532,2099534,,2099538,
1276934,,GY02C308,1276935,1276938,1276941,1276945,,1276947
1675506,,HB02996,1675508,1675516,1675521,1675529,1675553,1675551
1884180,,GX02K307,1884181,1884184,1884187,1884191,,1884193
330046,,GT02Sk261,330047,330051,330054,330058,,330060
957859,,H601JuU25,957860,957867,957869,,957879,
867293,,GX02Ub223,867294,867297,867300,867304,,867306
3328073,,GO02T437,3328074,,3328079,3328083,,3328086
1749931,,HB02361,1749932,1749936,1749941,1749949,1749966,1749962
1031722,,GU02Ub297,1031723,1031728,1031731,1031735,,1031737
1817414,,GX02K232,1817415,1817419,1817422,1817426,,1817428
438724,,H3022086,438725,438728,438731,438735,438739,438737
1810855,,HC022020,1810856,1810860,1810863,1810867,1810874,1810872
3258645,,GQ02A271,3258646,,3258650,3258654,,3258660
739588,,H5022789,739589,739593,739596,739600,739607,739605
1494350,,H4021646,1494351,1494355,1494358,1494362,1494369,1494367
315357,,GX02MJ283,315358,315361,315364,315368,,315373
1000254,,GP02So549,1000255,,1000264,1000268,,1000271
1948872,,H9024355,1948873,1948878,1948881,1948886,1948893,1948891
177316,,H3021730,177317,177320,177323,177327,177331,177329
2207923,,HC02700,2207924,2207928,2207931,2207935,2207939,2207937
1606267,,H9023415,1606268,1606272,1606275,1606279,1606283,1606281
1895845,,HC022178,1895846,1895850,1895853,1895857,1895867,1895865
3309784,,H802387,3309785,3309789,3309792,3309796,3309804,3309802
283082,,H3021644,283083,283086,283089,283093,283100,283098
1515627,,H4022444,1515628,1515632,1515635,1515639,1515647,1515645
297574,,H902966,297575,297579,297582,297586,297590,297588
1952962,,H303179,1952963,1952968,1952970,1952974,1952977,
584879,,GV02N338,584880,584885,584888,584892,,584895
1441804,,H702290,1441805,1441809,1441812,1441816,1441820,1441818
1236297,,GZ02MJ433,1236298,1236301,1236304,1236308,,1236310
3297522,,GU02So203,3297523,3297528,3297531,3297535,,3297537
1790302,,HC022899,1790303,1790307,1790310,1790314,1790318,1790316
973341,,GP02So370,973342,,973351,973355,,973358
233050,,GX02MJ428,233051,233054,233057,233061,,233069
1852240,,GT02U325,1852241,1852245,1852248,1852252,,1852254
1544380,,HA021077,1544381,1544385,1544388,1544392,1544397,1544395
1983676,,GT02MJ362,1983677,1983681,1983684,1983688,,1983690
345795,,GT02Sk499,345796,345800,345803,345807,,345812
1738483,,HB02475,1738484,1738488,1738491,1738495,1738507,1738504
437590,,H3022994,437591,437594,437597,437601,437606,437604
1521675,,GX01KU42,1521676,1521689,1521691,,1521699,
285528,,H8023609,285529,285533,285536,285540,285544,285542
1230970,,GZ02Fi10,1230971,1230975,1230978,1230983,,1230986
447911,,GV02Sf314,447912,447917,447919,447923,,447927
275143,,GU02A251,275144,275149,275152,275156,,275158
1841703,,GX01FiU2,1841704,1841715,1841717,,1841725,
117412,,GW02Ub319,117413,117416,117418,117422,,117424
1884488,,GY02N365,1884489,1884492,1884495,1884499,,1884501
997365,,GP02Sf16,997366,,997375,997380,,997382
333549,,GX02Ub5,333550,333555,333558,333563,,333567
1472716,,H002Ju346,1472717,1472720,1472723,1472727,,1472730
2121945,,H6021731,2121946,2121950,2121953,2121957,2121963,2121961
99409,,GV02T3,99410,99414,99416,99421,,99430
888441,,GX02Sk373,888442,888445,888449,888453,,888455
1787896,,HB02974,1787897,1787901,1787906,1787910,1787918,1787913
657674,,GP02A388,657675,,657684,657688,,657690
402253,,GU02T325,402254,402259,402262,402266,,402268
763715,,HB022830,763716,763721,763724,763729,763739,763737
679953,,GU02C312,679954,679959,679962,679966,,679969
1180685,,GX02A412,1180686,1180689,1180692,1180696,,1180699
496108,,GQ02Bo12,496109,,496113,496118,,496126
1596050,,H7023522,1596051,1596056,1596059,1596064,1596077,1596075
618424,,GZ02So240,618425,618428,618431,618435,,618437
537773,,H5021135,537774,537778,537781,537785,537789,537787
962854,,GQ02MJ23,962855,,962859,962864,,962866
964673,,HB021743,964674,964678,964681,964685,964689,964687
158910,,GY02So508,158911,158914,158917,158921,,158923
219103,,GP01LU25,219104,219115,219118,,219125,
1112619,,H9021104,1112620,1112624,1112627,1112631,1112635,1112633
173813,,GZ01NU17,173814,173824,173826,,173834,
1765821,,H4021747,1765825,,1765836,1765842,,1765870
734300,,H102MJ277,734301,734304,734307,734311,,734313
1149973,,H9021609,1149974,1149978,1149981,1149985,1149990,1149988
1801706,,H9023923,1801707,1801711,1801714,1801718,1801722,1801720
3312219,,H4022666,3312220,3312224,3312227,3312231,3312236,3312234
576114,,H3022560,576115,576118,576121,576125,576132,576130
2112763,,H6021663,2112764,2112768,2112771,2112775,2112780,2112778
1774823,,GW02MJ239,1774826,1774831,1774836,1774844,,1774857
572327,,GV02N241,572328,572333,572335,572339,,572341
1803502,,H102T482,1803503,1803506,1803509,1803513,,1803515
3310373,,GQ02A245,3310374,,3310378,3310382,,3310385
669480,,H501KU34,669481,669493,669495,,669505,
768544,,GN02So22,768545,,768549,768554,,768565
577186,,GV02N391,577187,577192,577195,577199,,577201
2185564,,GV02Sf20,2185565,2185569,2185572,2185577,,2185586
1898889,,H102So599,1898890,1898893,1898896,1898900,,1898903
2091352,,GW02Fö232,2091353,2091356,2091358,2091362,,2091364
607417,,GP03100d11,,607418,,,,
707502,,GP02K66,707503,,707512,707517,,707523
2030234,,H802416,2030235,2030239,2030242,2030246,2030250,2030248
975472,,HB021325,975473,975477,975480,975484,975488,975486
639324,,HB022018,639325,639329,639332,639336,639340,639338
923145,,GS02So484,923146,,923150,923154,,923156
1971264,,GZ02K383,1971265,1971268,1971271,1971275,,1971279
1999810,,H102So594,1999811,1999814,1999817,1999821,1999831,1999829
1899363,,GQ02T511,1899364,,1899368,1899372,,1899376
1007720,,GP02T263,1007721,,1007730,1007734,,1007736
3115480,,HC022925,3115481,3115485,3115488,3115492,3115496,3115494
1327638,,GP02U239,1327639,,1327648,1327652,,1327655
573130,,H402857,573131,573135,573138,573142,573147,573145
1945973,,GV02T300,1945974,1945979,1945982,1945986,,1945988
355924,,H5021810,355925,355929,355932,355936,355940,355938
1207652,,H102U304,1207653,1207656,1207659,1207663,,1207669
1742198,,HB02464,1742199,1742203,1742206,1742210,1742219,1742217
676724,,H002N349,676725,676728,676731,676735,,676764
1338068,,HD022016,1338069,1338073,1338076,1338080,,1338082
2201269,,H302856,2201270,2201274,2201277,2201281,2201288,2201286
1845942,,H9024302,1845943,,1845946,,,1845948
1923714,,H60310,1923715,1923720,1923722,1923726,1923729,
3126933,,H402278,3126934,3126938,3126941,3126945,3126950,3126948
1212488,,H6021273,1212489,1212493,1212496,1212500,1212504,1212502
873620,,GU031d26,,873621,,,,
2065147,,H002Kr305,2065148,2065151,2065154,2065158,,2065160
1392642,,HD023090,1392643,1392647,1392650,1392654,1392658,1392656
1943691,,H9024334,1943692,1943697,1943700,1943705,1943713,1943711
2210266,,H302727,2210267,2210271,2210274,2210278,2210283,2210281
1894942,,GU02Sf207,1894943,1894948,1894951,1894955,,1894957
784776,,GW02So426,784777,784780,784782,784786,,784788
304420,,GO02So488,304421,,304426,304430,,304433
3333445,,H8021178,3333446,3333450,3333453,3333457,3333461,3333459
2040706,,H701SoU23,2040707,2040714,2040716,,2040726,
2167176,,GU01KrU4,2167177,2167187,2167190,,2167198,
1496076,,GT02K405,1496077,1496081,1496084,1496088,,1496090
217038,,HD02817,217039,217043,217046,217050,217065,217057
313595,,GS02L295,313596,,313600,313604,,313618
2255109,,H8022327,2255110,2255114,2255117,2255121,2255125,2255123
2031521,,GU02Kr243,2031522,2031527,2031530,2031534,,2031536
115257,,GW02A214,115258,115261,115264,115268,,115270
1527110,,H701TU10,1527111,1527118,1527120,,1527130,
1159107,,GW02T248,1159108,1159111,1159113,1159117,,1159120
2231091,,H40264,2231092,2231096,2231099,2231103,2231107,2231105
680268,,H801MJU24,680269,680277,680279,,680289,
1067181,,H9021406,1067182,1067186,1067189,1067193,1067200,1067198
306046,,HC023423,306047,306052,306055,306060,306069,306067
1820160,,H7023052,1820162,1820168,1820171,1820175,1820181,1820179
1075596,,GR02Sk208,1075597,,1075601,1075605,,1075607
2231302,,H40268,2231303,2231308,2231311,2231316,2231326,2231324
2250049,,H302646,2250050,2250053,2250056,2250060,2250064,2250062
609843,,GY01UbU4,609844,609856,609858,,609866,
470191,,H8024057,470192,470197,470200,470205,470214,470212
3354526,,HC02217,3354527,3354531,3354534,3354538,3354542,3354540
389384,,GU02A279,389385,389390,389393,389397,,389400
1196629,,GR01UBU17,1196630,1196641,1196644,,1196652,
834870,,H602457,834871,834875,834878,834882,834887,834885
1162682,,H9021480,1162683,1162687,1162690,1162694,1162698,1162696
587684,,GR02A274,587685,,587689,587693,,587695
343419,,H002T401,343420,343423,343426,343430,,343432
1775127,,GT02U319,1775128,1775133,1775136,1775140,,1775142
2209580,,GR02So247,2209581,,2209585,2209589,,2209592
2020459,,GQ02T291,2020460,,2020464,2020468,,2020470
1361025,,GT02Bo296,1361026,1361030,1361033,1361037,,1361040
745701,,H5022483,745704,745711,745717,745725,745733,745729
2229616,,H302973,2229617,2229621,2229624,2229628,2229632,2229630
959086,,H9021847,959087,959091,959094,959098,959102,959100
2254017,,GT02N364,2254018,2254022,2254025,2254029,,2254032
712924,,HB01SoU2,712925,712933,712935,,712946,
1114374,,HB021117,1114375,1114379,1114382,1114386,1114390,1114388
454164,,H3022283,454165,454168,454171,454175,454179,454177
722290,,GY01MJU28,722291,722303,722305,,722311,
2094999,,GT02N378,2095000,2095004,2095007,2095011,,2095014
1762239,,H002A221,1762240,1762243,1762246,1762250,,1762252
1194178,,HA02582,1194181,1194188,1194194,1194201,1194208,1194205
788610,,H7022588,788611,788615,788618,788622,788627,788625
1670494,,HD023399,1670495,1670499,1670502,1670506,1670510,1670508
1165324,,H9021448,1165325,1165329,1165332,1165336,1165340,1165338
472909,,H401FiU6,472910,472917,472919,,472929,
1208091,,GT02So464,1208092,1208096,1208099,1208103,,1208105
1763909,,GV02U339,1763910,1763915,1763918,1763922,,1763926
128152,,GX02N361,128153,128156,128159,128163,,128165
2133043,,H701SoU13,2133044,2133051,2133053,,2133063,
915105,,GY02T288,915106,915109,915112,915116,,915118
720855,,H90241,720856,720860,720863,720867,720871,720869
3273435,,GO02T327,3273436,,3273441,3273445,,3273448
218304,,H3021476,218305,218309,218312,218316,218320,218318
2161983,,GS02Ub316,2161984,,2161988,2161992,,2161995
1426059,,H202803,1426060,1426064,1426067,1426071,1426076,1426074
1048564,,H7021382,1048565,1048573,1048578,1048584,1048596,1048592
845908,,GP02T38,845910,,845923,845933,,845937
2227430,,H001MJU8,2227431,2227442,2227444,,2227452,
516628,,GP02Sf284,516629,,516638,516642,,516647
728701,,H5022668,728702,728706,728709,728713,728720,728718
1692513,,GO02A252,1692515,,1692520,1692524,,1692527
825949,,H102MJ227,825950,825953,825956,825960,,825962
1019191,,GT02A281,1019192,1019196,1019199,1019203,,1019206
321032,,GV02So273,321033,321038,321040,321044,,321047
326367,,HD02433,326368,326372,326375,326379,326383,326381
1129950,,H001TU1,1129951,1129964,1129966,,1129974,
1301938,,H2022303,1301940,1301948,1301955,1301963,1301971,1301967
82774,,H002Ub297,82775,82778,82781,82785,,82787
2173423,,H302716,2173424,2173427,2173430,2173434,2173438,2173436
3255737,,GX02T439,3255738,3255741,3255744,3255748,,3255750
737311,,H602639,737312,737316,737319,737323,737327,737325
213930,,H002Fi291,213931,213934,213937,213941,,213944
362043,,GX0368,362044,362051,362053,,362059,362057
2182886,,GR02So425,2182887,,2182891,2182895,,2182898
880598,,GW02K286,880599,880602,880604,880608,,880610
680739,,GR02MJ372,680740,,680744,680748,,680750
189698,,GZ02U271,189699,189702,189705,189709,,189711
436248,,H002U334,436249,436252,436255,436259,,436261
878053,,HB021040,878054,878058,878061,878065,878070,878068
73970,,H002C376,73971,73974,73977,73981,,73983
1649179,,GR03146,1649180,1649186,1649188,,1649194,1649192
1458380,,HA021383,1458381,1458385,1458388,1458392,1458396,1458394
1638109,,H4021454,1638110,1638114,1638117,1638121,1638126,1638124
2032520,,GU02Kr296,2032521,2032526,2032529,2032533,,2032535
1974519,,H9024688,1974520,1974525,1974528,1974533,1974538,1974536
2149942,,GZ02Ub206,2149943,2149946,2149949,2149953,,2149955
2045203,,H601FiU11,2045204,2045212,2045214,,2045224,
977268,,H7021869,977269,977275,977278,977282,977288,977286
649402,,H7022105,649403,649407,649410,649414,649419,649417
2258602,,GT02N407,2258604,2258614,2258620,2258628,,2258631
3355668,,HA021950,3355669,3355673,3355676,3355680,3355684,3355682
1719376,,H102T286,1719377,1719380,1719383,1719387,1719391,1719389
659914,,GV01MJU10,659915,659925,659927,,659935,
786955,,GO02MJ750,786956,,786961,786965,,786970
1416155,,H2022665,1416156,1416159,1416162,1416166,1416175,1416173
3303252,,GZ01CU21,3303253,3303263,3303265,,3303273,
69829,,GX02N245,69830,69833,69836,69840,,69844
384252,,HC023375,384253,384258,384261,384266,384273,384271
1327088,,GR02U273,1327089,,1327093,1327097,,1327103
478612,,H70263,478613,478617,478620,478624,478628,478626
1127974,,HB021724,1127975,1127979,1127982,1127986,1127990,1127988
1417631,,GT02T376,1417632,1417636,1417639,1417643,,1417648
1470002,,H2022156,1470003,1470007,1470010,1470014,1470021,1470019
1505732,,H9022468,1505733,1505737,1505740,1505744,1505751,1505749
344991,,GT02Fi255,344992,344996,344999,345003,,345006
988032,,GX02Sk245,988033,988036,988039,988043,,988051
1463512,,H102Sk231,1463513,1463516,1463519,1463523,,1463525
2100942,,GT02Ub13,2100943,2100948,2100951,2100956,,2100961
1566566,,GP02Kr299,1566567,,1566576,1566580,,1566582
2053814,,GS02Sk443,2053816,,2053827,2053837,,2053842
2079658,,H6021806,2079659,2079663,2079668,2079676,2079684,2079680
1687288,,H4021969,1687289,1687293,1687296,1687300,1687304,1687302
608914,,H3023110,608915,608919,608922,608926,608930,608928
1118922,,GT02A271,1118923,1118927,1118930,1118934,,1118942
1415341,,GO02Ub224,1415342,,1415347,1415351,,1415355
221390,,H502722,221391,221395,221398,221402,221407,221405
1233939,,H002So233,1233940,1233943,1233946,1233950,,1233952
2005138,,H802131,2005139,2005143,2005146,2005150,2005156,2005154
525084,,H102A260,525085,525088,525091,525095,525099,525097
615062,,GR02MJ476,615063,,615067,615071,,615080
513437,,HC023136,513438,513442,513445,513449,513459,513457
918001,,GQ01AU6,918003,918022,918028,,918041,
628003,,HB022304,628004,628008,628011,628015,628019,628017
1691497,,H2021038,1691498,1691502,1691505,1691509,1691513,1691511
442545,,GO02So545,442546,,442551,442555,,442559
594673,,GP02Ju257,594674,,594683,594687,,594696
1644459,,GS02MJ364,1644460,,1644465,1644469,,1644471
1533427,,H2022177,1533428,1533431,1533434,1533438,1533444,1533442
870681,,GN02Ju23,870682,,870686,870691,,870694
961843,,HB01SoU22,961844,961865,961867,,961878,
846623,,GP02T29,846624,,846630,846635,,846637
1480655,,GO02Ub465,1480656,,1480661,1480665,,1480669
1416965,,H102Ub503,1416967,1416970,1416973,1416977,1416982,1416980
1347269,,GQ02Sf279,1347270,,1347274,1347278,,1347280
1795768,,H9023242,1795769,1795781,1795787,1795797,1795831,1795827
969871,,GW02Sf280,969872,969875,969877,969881,,969883
792708,,HB021931,792709,792713,792716,792720,792725,792723
1401000,,H6021436,1401001,1401005,1401008,1401012,1401016,1401014
1998445,,H002K379,1998446,1998449,1998452,1998456,1998464,1998462
1782587,,H401SoU1,1782588,1782595,1782597,,1782607,
478174,,GV02N347,478175,478180,478183,478187,,478196
865383,,H7022018,865384,865388,865391,865395,865401,865399
1971042,,GZ02K360,1971043,1971046,1971049,1971053,,1971055
704398,,H7022885,704399,704403,704406,704410,704414,704412
522784,,GP02Ju340,522785,,522794,522798,,522807
1719430,,H102T283,1719431,1719434,1719437,1719441,,1719443
286415,,GT02Ub503,286416,286420,286423,286427,,286431
77822,,GX02N18,77823,77827,77830,77835,,77846
243278,,GU02K339,243279,243284,243287,243291,,243293
2044956,,H601FiU27,2044957,2044965,2044967,,2044977,
973953,,GW02Ju259,973954,973957,973961,973965,,973967
325353,,GS02L379,325354,,325358,325362,,325370
1907988,,H102So431,1907989,1907992,1907995,1907999,,1908001
1945513,,H4022618,1945514,1945518,1945521,1945525,1945529,1945527
1586860,,H202820,1586861,1586865,1586868,1586872,1586876,1586874
1854511,,H4022885,1854512,1854516,1854519,1854523,1854534,1854532
520249,,GP02Ju393,520250,,520259,520263,,520265
1599781,,H701KrU2,1599782,1599791,1599793,,1599803,
1351171,,H6021076,1351172,1351176,1351179,1351183,1351189,1351187
1479533,,HA021561,1479534,1479538,1479541,1479545,1479550,1479548
1490972,,H801FiU34,1490973,1490981,1490983,,1490993,
1017664,,GY02T502,1017665,1017668,1017671,1017675,,1017701
808490,,H90280,808491,808495,808498,808502,808506,808504
733026,,GV02MJ336,733027,733032,733034,733038,,733049
1782236,,GU02So485,1782237,1782242,1782245,1782249,,1782256
2121833,,H6021739,2121834,2121838,2121841,2121845,2121849,2121847
3281904,,HC022328,3281905,3281909,3281912,3281916,3281920,3281918
1887363,,H4023345,1887364,1887368,1887371,1887375,1887379,1887377
1919952,,HC021505,1919953,1919957,1919960,1919964,1919969,1919967
629197,,H102A206,629198,629201,629204,629208,,629210
2146664,,GT02N252,2146665,2146669,2146672,2146676,,2146683
1534354,,H7023513,1534355,1534360,1534363,1534368,1534373,1534371
1565072,,GV02K327,1565073,1565078,1565080,1565084,,1565086
194704,,GZ02T322,194705,194708,194711,194715,,194719
613521,,H7022603,613522,613526,613529,613533,613538,613536
1395797,,GO02Sk774,1395798,,1395803,1395807,,1395810
1105529,,GV01SkU31,1105530,1105541,1105543,,1105551,
275216,,GZ0347,275217,275223,275225,,275231,275229
954520,,H9021029,954521,954525,954528,954532,954536,954534
2256375,,H302532,2256376,2256379,2256382,2256386,2256390,2256388
1692883,,H7023511,1692884,1692889,1692892,1692897,1692902,1692900
1628394,,GO02A209,1628395,,1628400,1628404,,1628406
1051226,,H5023323,1051227,1051231,1051234,1051238,1051242,1051240
659443,,H401UFöU3,659444,659454,659456,,659468,
632865,,H7022261,632866,632870,632873,632877,632881,632879
1634541,,GS02MJ221,1634542,,1634546,1634550,,1634553
617363,,GY02A368,617364,617367,617370,617374,,617377
813935,,H10388,813936,813942,813944,,813948,
1212761,,GR02Sk353,1212762,,1212766,1212770,,1212772
1893401,,GU02Sf234,1893402,1893407,1893410,1893414,,1893416
632779,,H7022269,632781,632788,632793,632801,632813,632808
1816460,,H4023452,1816461,1816465,1816468,1816472,1816478,1816476
914416,,GY02T281,914417,914420,914423,914427,,914434
374494,,H3022333,374499,374505,374514,374524,374531,374529
1093791,,GW02T484,1093792,1093795,1093798,1093803,,1093805
1790837,,HB02973,1790840,1790853,1790868,1790886,1790895,1790891
1740017,,H7023016,1740020,1740027,1740030,1740034,1740045,1740043
1249046,,GR01FIU21,1249047,1249059,1249062,,1249070,
1068754,,H5023103,1068755,1068759,1068762,1068766,1068771,1068769
155674,,H801SfU25,155675,155688,155694,,155718,
1845713,,HC021022,1845714,1845718,1845721,1845725,1845729,1845727
1793924,,H901UbU17,1793926,1793933,1793935,,1793946,
533647,,H3023031,533648,533652,533655,533659,533663,533661
857224,,GO02MJ763,857225,,857230,857234,,857244
2105278,,H802716,2105279,2105283,2105286,2105290,2105297,2105295
475798,,GV02N314,475799,475804,475806,475810,,475812
3218977,,GS02MJ38,3218978,,3218982,3218987,,3219002
684481,,H7022914,684482,684486,684489,684493,684497,684495
275001,,GS02K220,275004,,275012,275019,,275023
1893211,,H402156,1893212,1893216,1893219,1893223,1893233,1893231
1631416,,GW01AU1,1631417,1631429,1631431,,1631439,
912574,,GP02Bo304,912575,,912584,912588,,912591
1178966,,HA02274,1178967,1178971,1178974,1178978,1178982,1178980
3230151,,H402422,3230152,3230156,3230159,3230163,3230168,3230166
1706295,,H9023038,1706296,1706300,1706303,1706307,1706311,1706309
1237342,,HA02669,1237343,1237347,1237350,1237354,1237359,1237357
3319025,,H201FiU30,3319026,3319033,3319035,,3319043,
2087816,,HC02854,2087817,2087821,2087824,2087828,2087833,2087831
1701457,,GT02L352,1701458,1701462,1701465,1701469,,1701471
680752,,GW02C311,680753,680756,680759,680763,,680765
1903613,,GW01MJU11,1903614,1903625,1903627,,1903635,
741566,,H002Fi7,741567,741571,741574,741579,,741586
1652637,,GT02Kr261,1652638,1652642,1652645,1652649,,1652651
1828050,,HB02107,1828051,1828055,1828058,1828062,1828066,1828064
1167821,,H4021078,1167822,1167826,1167829,1167833,1167855,1167853
777364,,GW02So332,777365,777368,777371,777375,,777377
238871,,GP01KU29,238872,238882,238885,,238892,
1058616,,GT02Ju338,1058617,1058621,1058624,1058628,,1058631
1949917,,H102Kr10,1949918,1949922,1949925,1949930,1949934,1949932
2108155,,H00339,2108156,2108162,2108164,,2108170,2108168
1511762,,GW02Kr359,1511763,1511766,1511769,1511773,,1511775
910685,,H9021850,910686,910690,910693,910697,910701,910699
1933884,,GV02T418,1933885,1933890,1933893,1933897,,1933900
975867,,HD021168,975868,975872,975875,975879,,975882
382567,,GY01AU3,382568,382580,382582,,382590,
3133667,,GU02Sf257,3133668,3133676,3133680,3133685,,3133688
3342428,,GX02T525,3342429,3342432,3342435,3342439,,3342441
1064438,,HB021614,1064439,1064443,1064446,1064450,1064454,1064452
1921642,,GV02T321,1921643,1921648,1921651,1921655,,1921658
509393,,H002N406,509394,509397,509400,509404,,509406
422412,,GY01KU5,422413,422426,422428,,422436,
3299967,,HD0222,3299968,3299972,3299975,3299979,3299983,3299981
1222342,,HD022924,1222343,1222347,1222350,1222354,1222358,1222356
3228878,,H402356,3228879,3228883,3228886,3228890,3228895,3228893
1701323,,GT02L355,1701324,1701328,1701331,1701335,,1701338
1579780,,H102K272,1579781,1579784,1579787,1579791,,1579793
604197,,GR02MJ327,604198,,604202,604207,,604211
209000,,GT01TU1,209001,209016,209018,,209026,
346979,,H5021336,346980,346984,346987,346991,346995,346993
2217199,,GY02Sf345,2217200,2217203,2217206,2217210,,2217213
1260876,,GY02C220,1260877,1260880,1260883,1260887,,1260889
1564877,,GV02K321,1564878,1564883,1564885,1564889,,1564891
1435030,,HA021149,1435031,1435035,1435038,1435042,1435049,1435047
1549065,,GO02Sk309,1549066,,1549071,1549075,,1549078
1576078,,GT02T483,1576079,1576083,1576086,1576090,,1576094
1288738,,GP01FIU5,1288739,1288749,1288752,,1288759,
1903936,,GX01CU4,1903937,1903948,1903950,,1903958,
669058,,H102MJ216,669059,669062,669065,669069,669073,669071
1821071,,H4023737,1821072,1821077,1821080,1821087,1821092,1821090
161397,,GQ02Fö220,161398,,161402,161406,,161410
452558,,GP01MJU4,452559,452569,452572,,452579,
914811,,GY02K422,914812,914815,914818,914822,,914829
698153,,GZ02So362,698154,698157,698160,698164,,698166
949689,,H503260,949690,949695,949697,949701,949706,949704
1478978,,GP02U265,1478979,,1478989,1478993,,1478995
1754234,,HB02780,1754235,1754239,1754242,1754246,1754250,1754248
1919743,,GQ02T353,1919744,,1919748,1919752,,1919757
1282963,,H702839,1282964,1282968,1282971,1282975,1282980,1282978
1387216,,GO02Ub406,1387217,,1387222,1387226,,1387229
1325231,,GR02Sk300,1325232,,1325236,1325240,,1325247
1973866,,GS02A243,1973867,,1973871,1973875,,1973881
1263201,,H6021462,1263202,1263206,1263209,1263213,1263218,1263216
338452,,GT02Sk316,338453,338457,338460,338464,,338471
823595,,H602538,823596,823600,823603,823607,823611,823609
1391557,,HD023074,1391558,1391562,1391565,1391569,1391575,1391573
2201494,,GR02So254,2201496,,2201501,2201508,,2201512
1923043,,H802949,1923044,1923048,1923051,1923055,1923059,1923057
119488,,GO03104,119489,119494,119496,,119500,
1767339,,H4021785,1767341,1767346,1767350,1767359,1767368,1767364
582366,,GZ02So456,582367,582370,582373,582377,,582380
1765320,,GZ02Fö237,1765321,1765324,1765332,1765349,,1765352
627582,,GP02Ju377,627583,,627593,627597,,627600
1459175,,H702271,1459176,1459180,1459183,1459187,1459191,1459189
1117898,,H6021065,1117899,1117903,1117906,1117910,1117918,1117916
1986995,,GP02Ub447,1986996,,1987005,1987009,,1987028
272049,,GS02K297,272050,,272054,272058,,272067
1181053,,GR02L267,1181054,,1181058,1181062,,1181064
344456,,GS02K221,344457,,344461,344465,,344467
1324175,,H2022652,1324176,1324179,1324182,1324186,1324193,1324191
3287776,,H8021366,3287777,3287781,3287784,3287788,3287792,3287790
489760,,HD02389,489761,489765,489768,489772,489776,489774
629229,,GW02U263,629230,629233,629235,629239,,629242
827017,,HB022421,827018,827022,827025,827029,827033,827031
1274410,,H002So429,1274411,1274414,1274417,1274421,,1274425
369548,,GW01CU11,369549,369562,369564,,369572,
2226034,,H302567,2226035,2226038,2226041,2226045,2226049,2226047
2038922,,GS01SKU28,2038923,2038935,2038937,,2038945,
1736521,,H7023107,1736522,1736526,1736529,1736533,1736572,1736568
1843794,,GV02U260,1843795,1843800,1843802,1843806,,1843808
1183625,,GO01BoU8,1183626,1183633,1183636,,1183644,
1029467,,GY01KU20d3,,1029468,,,,
1181147,,GR02L261,1181148,,1181152,1181156,,1181161
485337,,GT02Fi313,485338,485342,485345,485349,,485355
2113076,,GR02Sf364,2113077,,2113081,2113085,,2113089
375215,,H8023802,375216,375221,375224,375229,375236,375234
272408,,H3022153,272409,272412,272415,272419,272423,272421
733222,,HB022447,733223,733227,733230,733234,733241,733239
1947535,,HA022064,1947536,1947540,1947543,1947547,1947557,1947555
833635,,HD021445,833636,833640,833643,833647,,833649
194288,,H3021047,194289,194293,194296,194300,194304,194302
3232327,,GW02MJ476,3232328,3232331,3232334,3232338,,3232341
1420227,,HA021773,1420228,1420232,1420235,1420239,1420246,1420244
1576465,,GW01CU8,1576466,1576478,1576480,,1576488,
1894515,,H002K341,1894518,1894521,1894524,1894528,,1894530
802853,,GP02K38,802854,,802863,802868,,802871
177297,,GV0362,177298,177304,177306,,177312,177310
1631017,,H2021570,1631018,1631022,1631025,1631029,1631033,1631031
1816389,,GT031d25,,1816390,,,,
112400,,H9031d26,,112401,,,,
1688127,,H2021780,1688128,1688132,1688135,1688139,1688144,1688142
256885,,GX0318,256886,256892,256894,,256900,256898
1224229,,GT02So575,1224230,1224234,1224237,1224241,,1224243
92080,,GS02Sf3,92081,,92086,92091,,92102
2111159,,H00398,2111160,2111166,2111168,,2111172,
3128086,,HB0282,3128087,3128091,3128094,3128098,3128102,3128100
1087543,,GV02Ub510,1087544,1087549,1087552,1087556,,1087564
1387864,,GQ02So357,1387865,,1387869,1387873,,1387876
776946,,GP02K89,776947,,776951,776956,,776967
2002012,,H101JuU28,2002013,2002025,2002027,,2002035,
1375855,,GQ02Ju207,1375856,,1375860,1375864,,1375866
133247,,GP01KU24,133248,133260,133263,,133270,
2064285,,GP02Sk268,2064286,,2064295,2064299,,2064308
1977632,,H9024598,1977633,1977638,1977641,1977646,1977652,1977650
1223122,,GW0323,1223123,1223129,1223131,,1223137,1223135
2256204,,GY02Ju307,2256205,2256208,2256211,2256215,,2256218
996488,,GX02Sk535,996489,996492,996495,996499,,996503
1617260,,H2021189,1617261,1617265,1617268,1617272,1617277,1617275
290797,,GO02So345,290798,,290803,290807,,290818
1338714,,H4021111,1338715,1338719,1338722,1338726,1338730,1338728
1285039,,GR02L343,1285040,,1285044,1285048,,1285051
1022536,,H5023626,1022537,1022541,1022544,1022548,1022558,1022556
1704079,,H7023392,1704080,1704085,1704088,1704093,1704101,1704099
880881,,GW02K272,880882,880885,880888,880892,,880894
200351,,GS02L263,200352,,200356,200360,,200369
1124819,,H901SfU24,1124820,1124828,1124830,,1124841,
649314,,GZ02Sf313,649315,649318,649321,649325,,649332
2203893,,GT02N438,2203894,2203898,2203901,2203905,,2203912
578458,,GN01KU12,578459,578465,578468,,578476,
62319,,GW02A273,62320,62323,62326,62330,,62332
546855,,GZ02N293,546856,546859,546862,546866,,546869
1919013,,GQ02T365,1919014,,1919021,1919029,,1919033
384179,,H8023690,384180,384184,384187,384191,384195,384193
522887,,GP02Sf373,522888,,522897,522901,,522905
2031995,,GU02Kr284,2031996,2032001,2032004,2032008,,2032016
1517571,,HA021724,1517572,1517576,1517579,1517583,1517591,1517589
2110659,,H102Kr18,2110660,2110664,2110667,2110672,,2110674
114255,,GY02So408,114256,114259,114262,114266,,114269
3119826,,GX02U294,3119827,3119830,3119833,3119837,,3119839
264911,,GV02Sf208,264912,264917,264919,264923,,264926
699476,,GZ02So333,699477,699480,699483,699487,,699491
767027,,GS02N382,767028,,767032,767036,,767040
3126743,,GX02C294,3126744,3126747,3126750,3126754,,3126758
1232142,,GT02Sf383,1232143,1232147,1232150,1232154,,1232169
1998837,,H002K368,1998838,1998841,1998844,1998848,1998853,1998851
1372405,,GX02So328,1372406,1372409,1372412,1372416,,1372419
890084,,GW02So488,890085,890088,890090,890094,,890097
201564,,GP01KRU8,201565,201576,201579,,201586,
1668264,,GP02N271,1668265,,1668274,1668278,,1668283
1400980,,H102Ub364,1400981,1400984,1400987,1400991,1400996,1400994
1470790,,H002Ju380,1470791,1470794,1470797,1470801,,1470805
1449784,,GP02N231,1449785,,1449794,1449798,,1449801
429061,,H5021181,429062,429066,429069,429073,429077,429075
1066745,,H5023186,1066746,1066750,1066753,1066757,1066761,1066759
244436,,GS02K407,244437,,244441,244445,,244447
1068953,,HA02953,1068954,1068958,1068961,1068965,1068971,1068969
302360,,H8023282,302361,302365,302368,302372,302384,302382
139491,,H3021350,139492,139496,139499,139503,139507,139505
2227663,,H40250,2227664,2227669,2227672,2227677,2227681,2227679
1391823,,HD023072,1391824,1391828,1391831,1391835,,1391837
1858240,,H4022802,1858241,1858245,1858248,1858252,1858262,1858260
463605,,H902367,463606,463610,463613,463617,463621,463619
727836,,H5022698,727837,727841,727844,727848,727852,727850
1693259,,H7023542,1693260,1693265,1693268,1693273,1693284,1693282
1309714,,GT02So301,1309715,1309719,1309722,1309726,,1309728
164485,,GW02A261,164486,164489,164492,164496,,164499
1573850,,HD023361,1573851,1573855,1573858,1573862,1573871,1573869
1373394,,GQ02So269,1373395,,1373399,1373403,,1373406
119422,,GO03120,119423,119429,119431,,119435,
707786,,GP02K57,707787,,707796,707801,,707805
3392845,,HD03111,3392846,3392851,3392853,3392857,3392860,
1033387,,GO02Fi16,1033388,,1033394,1033399,,1033403
128816,,GY02So308,128817,128820,128823,128827,,128829
1170888,,GZ02MJ345,1170889,1170892,1170895,1170899,,1170901
1684475,,H4022350,1684476,1684480,1684483,1684487,1684498,1684496
631992,,GP02Sf344,631993,,632002,632006,,632009
1356991,,H002So589,1356992,1356995,1356998,1357002,,1357004
1961229,,H9024104,1961230,1961234,1961237,1961241,1961246,1961244
1915488,,GQ02K245,1915489,,1915493,1915497,,1915499
364831,,GS02Sf216,364832,,364836,364840,,364845
564670,,H902248,564671,564675,564678,564682,564689,564687
810144,,HD021135,810145,810149,810152,810156,810160,810158
212300,,HC01KU12,212301,212309,212311,,212322,
548499,,GR01SFU1,548500,548511,548514,,548522,
2124313,,HC02604,2124314,2124318,2124321,2124325,2124329,2124327
1127740,,HB021712,1127741,1127745,1127748,1127752,1127756,1127754
1008147,,GY02T404,1008148,1008151,1008154,1008158,,1008160
1529428,,GW02Kr290,1529429,1529432,1529435,1529439,,1529441
967424,,HD021004,967425,967429,967432,967436,967440,967438
2034729,,H6022370,2034730,2034734,2034737,2034741,2034748,2034746
1042845,,GQ01KU1,1042846,1042858,1042861,,1042869,
1352627,,H2022461,1352628,1352632,1352635,1352639,1352664,1352662
318928,,GT02Sk352,318929,318933,318936,318940,,318942
1387031,,HA021247,1387032,1387036,1387039,1387043,1387052,1387050
1214806,,GT02So499,1214807,1214811,1214814,1214818,,1214826
850899,,GZ03145,850900,850907,850909,,850913,
164776,,GQ02Sk227,164777,,164781,164785,,164788
1754862,,H9023868,1754863,1754867,1754870,1754874,1754881,1754879
1916475,,H6022975,1916476,1916480,1916483,1916487,1916496,1916494
239187,,H101SkU8,239188,239199,239201,,239209,
474388,,GY01KU22,474389,474400,474402,,474410,
907476,,H50271,907477,907481,907484,907488,907492,907490
219729,,H502702,219730,219734,219737,219741,219745,219743
1290868,,GX02So468,1290869,1290872,1290875,1290879,,1290886
1600773,,H202182,1600774,1600778,1600781,1600785,1600789,1600787
984125,,H7021899,984126,984130,984133,984137,984141,984139
2017363,,HA021845,2017364,2017368,2017371,2017375,2017379,2017377
135654,,GQ02Ub485,135655,,135659,135663,,135667
1598049,,GW02MJ256,1598050,1598053,1598055,1598059,,1598061
216587,,H9024,216588,216592,216595,216599,216603,216601
2245598,,H8022588,2245599,2245603,2245606,2245610,2245614,2245612
395292,,GV02N275,395293,395298,395300,395304,,395307
1616636,,GR02K358,1616637,,1616641,1616645,,1616648
1566659,,H9022735,1566660,1566664,1566667,1566671,1566676,1566674
806220,,H90397,806221,806226,806228,806232,806238,806236
1481481,,GP02U214,1481482,,1481491,1481495,,1481497
1253082,,H101SkU10,1253083,1253094,1253096,,1253104,
1095520,,GY02T353,1095521,1095524,1095527,1095531,,1095533
245244,,GQ031d27,,245245,,,,
418690,,GV02Ju273,418691,418696,418699,418703,,418706
700535,,GS02Kr378,700536,,700540,700544,,700547
1361557,,H002So525,1361558,1361561,1361564,1361568,,1361571
1941706,,HC021333,1941707,1941711,1941714,1941718,1941730,1941726
292881,,GS02T353,292882,,292886,292890,,292893
1053782,,GT02Sf217,1053783,1053787,1053790,1053794,,1053796
241356,,H8023942,241357,241362,241365,241370,241377,241375
2075951,,H102Sf352,2075952,2075955,2075958,2075962,2075969,2075967
1323662,,HD022076,1323663,1323667,1323670,1323674,,1323676
1192376,,GX02So267,1192377,1192380,1192383,1192387,,1192390
1733915,,H4021543,1733916,1733920,1733923,1733927,1733931,1733929
1294129,,GW02N439,1294130,1294133,1294136,1294140,,1294142
3133908,,HB0362,3133911,3133921,3133925,3133933,3133943,3133939
1268626,,H002So452,1268627,1268630,1268633,1268637,,1268639
1392557,,HD023096,1392558,1392562,1392565,1392569,1392573,1392571
2202167,,H8022857,2202168,2202172,2202175,2202179,2202183,2202181
3135077,,GT02MJ540,3135078,3135082,3135085,3135089,,3135094
3243073,,H402305,3243074,3243078,3243081,3243085,3243089,3243087
463303,,H402852,463304,463308,463311,463315,463319,463317
488476,,HC0251,488477,488481,488484,488488,488492,488490
578733,,H7022811,578734,578738,578741,578745,578749,578747
874967,,GW02K398,874968,874971,874973,874977,,874979
1736122,,GV02A303,1736123,1736128,1736131,1736135,,1736137
158527,,H002T405,158528,158531,158534,158538,,158541
747158,,H5022455,747159,747163,747166,747170,747174,747172
262302,,GT02Ub256,262303,262307,262310,262314,,262316
3130084,,H60276,3130085,3130089,3130092,3130096,3130100,3130098
858741,,GO02MJ727,858742,,858747,858751,,858753
2124937,,H802462,2124938,2124942,2124945,2124949,2124953,2124951
1368459,,H702932,1368460,1368464,1368467,1368471,1368475,1368473
3299235,,H6022989,3299236,3299240,3299243,3299247,3299259,3299257
1184768,,GV02Ub496,1184769,1184774,1184776,1184780,,1184782
1195172,,GX02A273,1195173,1195176,1195179,1195183,,1195185
411297,,HD02569,411298,411302,411305,411309,411313,411311
3356828,,HC021390,3356829,3356833,3356836,3356840,3356848,3356846
508729,,GP02Ju275,508730,,508744,508752,,508758
2160387,,HA022213,2160390,2160397,2160403,2160411,2160423,2160419
3345960,,H002K283,3345961,3345964,3345967,3345971,3345976,3345974
2116796,,GV02Sk23,2116797,2116801,2116804,2116809,,2116818
739702,,H5022784,739703,739707,739710,739714,739719,739717
1050196,,HD01KU35,1050197,,,,1050205,
3335669,,H401SfU5,3335670,3335677,3335679,,3335689,
1708182,,HB02196,1708183,1708187,1708190,1708194,1708198,1708196
1174462,,GV02Ub306,1174463,1174468,1174470,1174474,,1174480
2209860,,HD01SoU16,2209861,,,,2209866,
1300190,,GY02Ub285,1300191,1300194,1300197,1300201,,1300208
660034,,GZ02Sf281,660035,660038,660041,660045,,660050
1972365,,GP02Ub392,1972366,,1972375,1972379,,1972384
1638235,,H601KU3,1638236,1638244,1638246,,1638256,
1034157,,H5023532,1034158,1034162,1034165,1034169,1034173,1034171
466607,,H902961,466608,466612,466615,466619,466623,466621
1906277,,HC021072,1906278,1906282,1906285,1906289,1906293,1906291
1894054,,H102Ju256,1894055,1894058,1894062,1894066,,1894068
3217458,,H002MJ246,3217459,3217462,3217465,3217469,,3217471
1743031,,GY02N335,1743032,1743035,1743038,1743042,,1743047
1219222,,H6021151,1219223,1219227,1219230,1219234,1219238,1219236
1774775,,GW02MJ238,1774776,1774779,1774781,1774785,,1774787
3287931,,GO02T461,3287932,,3287937,3287941,,3287944
54220,,H002Ub318,54221,54224,54227,54231,,54234
1844998,,H4022526,1844999,1845003,1845006,1845010,1845014,1845012
1771284,,H2021380,1771285,1771288,1771291,1771295,1771299,1771297
2109806,,H00358,2109807,2109813,2109815,,2109821,2109819
1869352,,H802306,1869353,1869357,1869360,1869364,1869372,1869370
1944719,,H7023,1944720,1944724,1944727,1944731,1944735,1944733
2137539,,HC02301,2137540,2137544,2137547,2137551,2137555,2137553
1060914,,H002Ub426,1060915,1060918,1060921,1060925,,1060928
2064712,,HC021173,2064713,2064717,2064720,2064724,2064728,2064726
1801382,,H9024600,1801383,1801388,1801391,1801396,1801401,1801399
1588827,,H202780,1588828,1588832,1588835,1588839,1588843,1588841
827051,,HB022420,827052,827056,827059,827063,827067,827065
458272,,H902215,458273,458277,458280,458284,458288,458286
607899,,H5022774,607900,607904,607907,607911,607915,607913
3223120,,GX02U238,3223121,3223124,3223127,3223131,,3223134
817551,,GY02K415,817552,817555,817558,817562,,817565
3347380,,H802342,3347381,3347385,3347388,3347392,3347396,3347394
68557,,GW02A276,68558,68561,68564,68568,,68570
3114371,,GU02Ju336,3114372,3114377,3114380,3114384,,3114386
651498,,HB022623,651499,651503,651506,651510,651520,651518
1460205,,HD023503,1460206,1460210,1460213,1460217,1460226,1460224
870254,,GN02So44,870255,,870259,870264,,870282
1086959,,GT02A368,1086960,1086964,1086967,1086971,,1086979
2151809,,H302237,2151810,2151814,2151817,2151821,2151825,2151823
377859,,H8023811,377860,377865,377868,377873,377883,377881
78873,,GV0336,78874,78881,78883,,78889,78887
1720191,,GW03113,1720192,1720199,1720201,,1720207,1720205
1601742,,GT02L247,1601743,1601747,1601750,1601754,,1601761
607539,,GR02MJ377,607540,,607544,607548,,607553
1876245,,GT02MJ299,1876246,1876250,1876253,1876257,,1876259
940945,,H5023475,940946,940950,940953,940957,940961,940959
1376644,,H002Ju372,1376645,1376648,1376651,1376655,,1376658
93596,,H502288,93597,93601,93604,93608,93612,93610
1308136,,GT02So330,1308137,1308141,1308144,1308148,,1308154
489309,,GU02MJ219,489310,489315,489318,489322,,489324
928581,,GS02So560,928582,,928586,928590,,928592
1754084,,H7023236,1754085,1754089,1754092,1754096,1754101,1754099
270260,,GT02Ub343,270261,270265,270268,270272,,270288
1147868,,GP02T410,1147869,,1147878,1147882,,1147885
1512585,,GX02Sf265,1512586,1512589,1512592,1512596,,1512600
2220226,,GZ02Ub223,2220227,2220230,2220233,2220237,,2220239
1022751,,H9021027,1022752,1022756,1022759,1022763,1022768,1022766
1416539,,GU02N338,1416540,1416545,1416548,1416552,,1416558
1490672,,H202704,1490673,1490677,1490680,1490684,1490688,1490686
104128,,H002U296,104129,104142,104150,104155,,104158
1589952,,H202797,1589953,1589957,1589960,1589964,1589969,1589967
2162050,,HC02657,2162051,2162055,2162058,2162062,2162067,2162065
149921,,HD031d25,,149922,,,,
97983,,GO02Kr344,97984,,97989,97993,,98001
86888,,GO02Kr209,86889,,86894,86898,,86900
2047524,,GW02Ub273,2047525,2047528,2047530,2047534,,2047537
1145542,,GP02T390,1145543,,1145552,1145556,,1145559
1452074,,H2022383,1452075,1452079,1452082,1452086,1452090,1452088
139458,,H3021359,139459,139463,139466,139470,139474,139472
962733,,HD021070,962734,962738,962741,962745,962752,962750
126489,,GZ02C202,126490,126493,126496,126500,,126502
1212701,,HD022740,1212702,1212706,1212709,1212713,1212717,1212715
1246627,,HA02101,1246628,1246632,1246635,1246639,1246643,1246641
1400053,,HA021666,1400054,1400058,1400061,1400065,1400070,1400068
963648,,HD021065,963649,963653,963656,963660,,963662
1657833,,GP02N336,1657834,,1657843,1657847,,1657851
2009996,,HC021621,2009997,2010001,2010004,2010008,2010012,2010010
423168,,GU02T438,423169,423174,423177,423181,,423186
1813552,,GU02So269,1813553,1813558,1813561,1813565,,1813567
3285476,,H8021643,3285477,3285481,3285484,3285488,3285493,3285491
2098649,,GV02C225,2098650,2098655,2098658,2098662,,2098665
1067281,,H5023156,1067282,1067286,1067289,1067293,1067297,1067295
1489109,,GR02T221,1489110,,1489114,1489118,,1489120
530523,,HB01JuU9,530524,530532,530534,,530545,
56784,,H502551,56785,56789,56792,56796,56818,56816
121744,,GY02So399,121745,121748,121751,121755,,121758
1211605,,HD022708,1211606,1211610,1211613,1211617,1211624,1211622
1109354,,GO01KU22,1109355,1109363,1109366,,1109374,
1783177,,H9023455,1783181,1783193,1783202,1783214,1783230,1783224
834285,,HD021442,834286,834290,834293,834297,834306,834304
1079470,,GY02T242,1079471,1079474,1079477,1079481,,1079484
1308845,,GP031d30,,1308846,,,,
1508530,,GV02Sk309,1508531,1508536,1508539,1508543,,1508549
966021,,GW02Sf213,966022,966025,966027,966031,,966033
1326199,,GQ02So392,1326201,,1326209,1326217,,1326222
280515,,H002T376,280516,280519,280522,280526,,280530
1294556,,HD022549,1294557,1294561,1294564,1294568,,1294571
1423334,,H9022304,1423335,1423339,1423342,1423346,1423350,1423348
370931,,GO02So480,370932,,370937,370941,,370953
1900117,,HC022102,1900118,1900122,1900125,1900129,1900133,1900131
1139162,,GQ01FÖU3,1139163,1139174,1139177,,1139185,
1275630,,GY02C315,1275631,1275634,1275637,1275641,,1275649
167425,,GR02Kr248,167426,,167430,167434,,167436
970674,,H7021992,970675,970679,970682,970686,970690,970688
3298499,,H8021287,3298500,3298504,3298507,3298511,3298515,3298513
2103299,,GV02C394,2103300,2103305,2103307,2103311,,2103313
532385,,GP02A4,532386,,532390,532395,,532405
547774,,H402985,547775,547779,547782,547786,547794,547792
1088424,,HB021351,1088425,1088429,1088432,1088436,1088440,1088438
655530,,H602661,655531,655535,655538,655542,655546,655544
206408,,H3021351,206409,206412,206415,206419,206423,206421
3338316,,HD0271,3338317,3338321,3338324,3338328,3338332,3338330
629877,,HB022383,629878,629882,629885,629889,629903,629901
1093695,,GW02T483,1093696,1093699,1093702,1093706,,1093709
1093761,,GW02T482,1093762,1093765,1093767,1093771,,1093773
1258585,,H702590,1258586,1258590,1258593,1258597,1258608,1258606
2180253,,H6022014,2180254,2180258,2180261,2180265,2180269,2180267
3295130,,H8021169,3295131,3295135,3295138,3295142,3295146,3295144
375089,,H5021661,375090,375094,375097,375101,375106,375104
544820,,H402944,544821,544825,544828,544832,544836,544834
1281869,,H703190,1281870,1281875,1281877,1281881,1281886,1281884
710529,,GR02MJ270,710530,,710534,710538,,710540
3344549,,H102So320,3344550,3344553,3344556,3344560,,3344562
1109402,,GY02T417,1109403,1109406,1109409,1109413,,1109418
54299,,H002Ub323,54300,54303,54306,54310,,54312
2002130,,HC021799,2002131,2002135,2002138,2002142,2002149,2002147
1172295,,HA02672,1172296,1172300,1172304,1172308,1172312,1172310
3313025,,GO02T412,3313026,,3313031,3313035,,3313037
744142,,GX02Ub353,744144,744150,744156,744164,,744167
3307440,,H102So350,3307441,3307444,3307447,3307451,,3307454
2174572,,GR02So599,2174573,,2174577,2174581,,2174587
1090511,,GQ01SOU15,1090512,1090523,1090526,,1090534,
1894265,,GU02Sf214,1894266,1894271,1894274,1894278,,1894282
2035837,,GR02N407,2035838,,2035842,2035846,,2035853
3250491,,H9024115,3250492,3250496,3250499,3250503,3250511,3250509
1997152,,GS01KU11,1997153,1997166,1997168,,1997176,
1094067,,GY02T327,1094068,1094071,1094074,1094078,,1094080
1163085,,HB021693,1163086,1163090,1163093,1163097,1163102,1163100
1475666,,GV02So3,1475667,1475671,1475674,1475679,,1475688
1828138,,HB02104,1828139,1828143,1828146,1828150,1828157,1828155
597836,,GU02MJ376,597837,597842,597845,597849,,597852
620291,,H401FiU30,620292,620299,620301,,620311,
549125,,H401MJU7,549126,549133,549135,,549145,
1833018,,GX02C465,1833024,1833031,1833036,1833044,,1833048
526068,,GU02So19,526069,526073,526076,526081,,526085
405414,,H5021388,405415,405419,405422,405426,405430,405428
1512048,,GX02Sf253,1512049,1512052,1512055,1512059,,1512067
2162815,,H6022730,2162816,2162820,2162823,2162827,2162831,2162829
3240777,,GU02Ju350,3240778,3240783,3240786,3240790,,3240792
2126248,,H8022833,2126249,2126253,2126256,2126260,2126265,2126263
1832509,,H7023332,1832510,1832514,1832517,1832521,1832529,1832527
608437,,H3023107,608438,608441,608444,608448,608452,608450
1681517,,GX01KU31,1681518,1681529,1681531,,1681539,
1415969,,H2022674,1415970,1415974,1415977,1415981,1415987,1415985
1806198,,H102T516,1806199,1806202,1806205,1806209,1806224,1806222
129786,,GZ02T384,129787,129790,129793,129797,,129799
1355173,,H002So551,1355174,1355177,1355180,1355184,,1355187
1439520,,H9022957,1439521,1439527,1439532,1439537,1439543,1439540
1915028,,GQ02K233,1915029,,1915040,1915051,,1915060
915967,,GU02Ub287,915968,915973,915976,915980,,915982
962229,,GP02K300,962230,,962239,962243,,962246
2099659,,GW01FiU35,2099660,2099672,2099674,,2099682,
1182916,,HA02871,1182917,1182921,1182924,1182928,1182932,1182930
158356,,GV02So522,158357,158362,158365,158369,,158371
2210801,,HC02769,2210802,2210806,2210809,2210813,2210818,2210816
1198837,,H702900,1198838,1198842,1198845,1198849,1198853,1198851
2175066,,GP02Sk431,2175067,,2175076,2175080,,2175089
1129731,,H001TU3,1129732,1129743,1129745,,1129753,
752286,,GZ02Sf338,752287,752290,752293,752297,,752301
1673496,,H4022426,1673497,1673501,1673504,1673508,1673513,1673511
1597220,,GP01MJU13,1597221,1597231,1597234,,1597241,
1170315,,GZ02MJ382,1170316,1170319,1170322,1170326,,1170334
1097110,,GP02So446,1097111,,1097120,1097124,,1097127
2043845,,GW02Ub213,2043846,2043849,2043851,2043855,,2043857
3268486,,H002A329,3268487,3268490,3268493,3268497,,3268500
1924473,,H4023732,1924474,1924479,1924482,1924487,1924492,1924490
97521,,GS02So19,97522,,97527,97532,,97539
1407994,,GZ01AU11,1407998,1408022,1408026,,1408037,
1640988,,GT02L349,1640989,1640993,1640996,1641000,,1641003
454929,,H902852,454930,454934,454937,454941,454947,454945
612538,,GY02A393,612539,612542,612545,612549,,612564
919491,,H5023743,919492,919496,919499,919503,919507,919505
137212,,H502151,137213,137217,137220,137224,137228,137226
561180,,H602942,561181,561185,561188,561192,561196,561194
1756747,,HB02754,1756748,1756752,1756755,1756759,1756763,1756761
3245676,,H4023083,3245677,3245681,3245684,3245688,3245692,3245690
518774,,GS02T247,518775,,518779,518783,,518786
1397582,,HA021623,1397583,1397587,1397590,1397594,1397598,1397596
1330519,,H102C456,1330520,1330523,1330526,1330530,,1330541
816790,,HD021276,816791,816795,816798,816802,816817,816815
1581139,,GT02T362,1581140,1581144,1581147,1581151,,1581153
838733,,GV02MJ463,838734,838739,838741,838745,,838751
1425343,,H102Ub551,1425344,1425347,1425350,1425354,1425363,1425361
1329849,,GR02U228,1329850,,1329854,1329858,,1329861
1287137,,HA02164,1287140,1287150,1287156,1287163,1287167,1287165
1232734,,H4021090,1232736,1232742,1232747,1232757,1232776,1232774
2169530,,HC02694,2169531,2169535,2169538,2169542,2169546,2169544
840188,,H3028,840189,840192,840195,840199,840203,840201
1649120,,HD023816,1649121,1649126,1649129,1649134,1649144,1649142
339453,,GT01UU7,339454,339466,339469,,339477,
1303636,,GY01UFöU4,1303637,1303647,1303649,,1303657,
1240530,,GT02Sf431,1240531,1240535,1240538,1240542,,1240546
2025556,,GS01UBU6,2025557,2025568,2025571,,2025579,
2190037,,H302635,2190038,2190041,2190044,2190048,2190054,2190052
235755,,GR02Bo249,235756,,235760,235764,,235772
496789,,H5021728,496790,496794,496797,496801,496808,496806
1678115,,HD023340,1678116,1678120,1678123,1678127,1678131,1678129
1293140,,H102Ub488,1293141,1293144,1293147,1293151,,1293165
1511455,,GV02Sk376,1511456,1511461,1511463,1511467,,1511474
160659,,H002T410,160661,160667,160673,160682,,160685
2088253,,H102Sf258,2088254,2088257,2088260,2088264,,2088266
189996,,GX02N213,189997,190000,190003,190007,,190012
1808178,,H9023797,1808179,1808183,1808186,1808190,1808195,1808193
2017673,,H6021623,2017674,2017678,2017681,2017685,2017689,2017687
1048159,,H5023385,1048160,1048164,1048167,1048171,1048175,1048173
758953,,GP02A380,758954,,758963,758967,,758973
787943,,H5022173,787944,787948,787951,787955,787959,787957
62064,,GO01LU4,62065,62074,62077,,62085,
894092,,HB021932,894093,894097,894100,894104,894109,894107
729243,,GS02Kr250,729244,,729248,729252,,729254
1510339,,H102Sk234,1510340,1510343,1510346,1510350,,1510352
1684146,,HD023414,1684147,1684152,1684155,1684159,1684163,1684161
1514013,,GW02Kr307,1514014,1514017,1514020,1514024,,1514033
273448,,H902731,273449,273453,273456,273460,273464,273462
1304341,,GR02Fö203,1304342,,1304346,1304350,,1304352
3112329,,GZ02A387,3112330,3112333,3112336,3112340,,3112344
182926,,GQ02U319,182927,,182931,182935,,182943
1638977,,H2022019,1638978,1638982,1638986,1638994,1639003,1638998
648240,,H70388,648241,648246,648248,648252,648257,648255
556063,,HC0265,556064,556068,556071,556075,556079,556077
473088,,H3022628,473089,473093,473096,473100,473104,473102
1300507,,H002So209,1300508,1300511,1300514,1300518,,1300520
1994380,,GQ02K426,1994381,,1994385,1994389,,1994392
3253242,,H4023514,3253243,3253248,3253251,3253256,3253266,3253264
117840,,GZ02C394,117841,117844,117847,117851,,117853
1828978,,GZ02Fi261,1828979,1828982,1828985,1828989,,1828991
1576120,,GT02T484,1576121,1576125,1576128,1576132,,1576134
1655982,,GP02N324,1655983,,1655992,1655996,,1655998
1616258,,H001KrU1,1616259,1616270,1616272,,1616280,
3257308,,GO02T393,3257309,,3257314,3257318,,3257321
985112,,GS02Bo260,985113,,985117,985121,,985123
2235528,,GP02Fi256,2235529,,2235538,2235542,,2235544
1725756,,GW01TU6,1725757,1725769,1725771,,1725779,
2239545,,GR01JUU20,2239546,2239556,2239558,,2239566,
572345,,H402840,572346,572350,572353,572357,572363,572361
833652,,H602614,833653,833657,833660,833664,833668,833666
2171001,,GY02Ju233,2171002,2171005,2171008,2171012,,2171014
226409,,GV02Ju386,226410,226415,226417,226421,,226423
1796873,,H9023289,1796874,1796878,1796881,1796885,1796892,1796890
711853,,HB022164,711854,711858,711861,711865,711869,711867
1267968,,GP02Sk13,1267969,,1267983,1267993,,1268013
3330520,,GX02T296,3330523,3330530,3330536,3330545,,3330550
1120304,,GT02A222,1120305,1120309,1120312,1120316,,1120318
1788081,,H4021900,1788083,1788089,1788096,1788104,1788111,1788108
2199882,,H302577,2199883,2199886,2199889,2199893,2199897,2199895
1483411,,HA021529,1483412,1483416,1483419,1483423,1483427,1483425
876545,,HD021804,876546,876550,876553,876557,876562,876560
1351035,,GP02Kr301,1351036,,1351045,1351049,,1351056
3134142,,GQ02MJ342,3134143,,3134147,3134151,,3134153
2181284,,GZ02Ub219,2181285,2181288,2181291,2181295,,2181298
1734405,,GV02A361,1734406,1734411,1734413,1734417,,1734424
1272718,,H6021247,1272719,1272723,1272726,1272730,1272735,1272733
1299743,,H703131,1299744,1299749,1299751,1299755,1299760,1299758
598470,,H102Kr284,598471,598474,598477,598481,,598486
1177409,,GV02Ub384,1177410,1177415,1177417,1177421,,1177423
295126,,H8023168,295127,295131,295134,295138,295149,295147
699084,,GQ02N271,699085,,699089,699093,,699096
272611,,H3022158,272612,272615,272618,272622,272626,272624
1804232,,GT02MJ233,1804233,1804237,1804240,1804244,,1804249
443315,,H301SkU27,443316,443324,443326,,443340,
1221381,,GT02Sf274,1221382,1221386,1221389,1221393,,1221395
1644024,,H2021492,1644025,1644029,1644032,1644036,1644040,1644038
165728,,GW02A240,165729,165732,165734,165738,,165741
3284033,,GX02T306,3284034,3284037,3284040,3284044,,3284046
1393367,,H6021418,1393368,1393372,1393375,1393379,1393383,1393381
2153428,,GP02Fö256,2153429,,2153438,2153442,,2153455
1401642,,GO02Sk738,1401643,,1401648,1401652,,1401655
1246611,,GV02Fi261,1246612,1246617,1246619,1246623,,1246625
1380160,,H6021288,1380161,1380165,1380168,1380172,1380181,1380179
1342791,,H4021072,1342792,1342796,1342799,1342803,1342825,1342823
1009220,,H50384,1009221,1009226,1009228,1009232,1009235,
1564219,,HD023262,1564220,1564224,1564227,1564231,1564235,1564233
1249335,,GW02N306,1249336,1249339,1249342,1249346,,1249348
227533,,GQ02Ub390,227534,,227538,227542,,227544
1297124,,HD023064,1297126,1297133,1297139,1297149,1297157,1297155
2042484,,H6022432,2042485,2042489,2042492,2042496,2042500,2042498
3102466,,GQ02MJ323,3102467,,3102471,3102475,,3102478
96786,,GV02So537,96787,96792,96794,96798,,96800
1963093,,GV01NU16,1963094,1963105,1963107,,1963115,
1187900,,GX02A304,1187901,1187904,1187907,1187911,,1187913
3299116,,H8021292,3299117,3299121,3299124,3299128,3299132,3299130
1662738,,HB02659,1662739,1662743,1662746,1662750,1662755,1662753
1963880,,GW02Sk375,1963881,1963884,1963887,1963891,,1963893
174244,,H8023771,174245,174262,174269,174281,174303,174298
188236,,GZ02U203,188237,188240,188243,188247,,188254
379308,,GU02A319,379309,379314,379317,379321,,379328
895102,,HB021980,895103,895107,895110,895114,895120,895118
1040595,,H7021048,1040596,1040600,1040603,1040607,1040611,1040609
1289322,,GX02So443,1289323,1289326,1289329,1289333,,1289335
1296068,,HA03114,1296069,1296074,1296076,1296080,1296083,
1878953,,GY02N237,1878954,1878957,1878960,1878964,,1878968
222177,,GW02Ub351,222178,222181,222184,222188,,222190
1264096,,HD022310,1264097,1264101,1264104,1264108,1264115,1264113
882825,,H701UbU23,882826,882833,882835,,882845,
1802686,,GR02Bo2,1802687,,1802692,1802697,,1802704
1930305,,H60235,1930306,1930310,1930313,1930317,1930321,1930319
1605553,,H102K394,1605554,1605557,1605560,1605564,1605577,1605575
1580201,,HB02397,1580202,1580206,1580209,1580213,1580218,1580216
747720,,H602385,747721,747725,747728,747732,747744,747742
137937,,GO02Bo406,137938,,137943,137947,,137949
1120575,,GU02Fö217,1120576,1120581,1120584,1120588,,1120590
378898,,H403171,378899,378904,378906,378910,378915,378913
1256962,,H002So505,1256963,1256965,1256968,1256972,,1256975
1094538,,GR02Ub399,1094539,,1094543,1094547,,1094554
1931711,,HC021265,1931712,1931716,1931719,1931723,1931729,1931727
144331,,GS02L324,144332,,144336,144340,,144342
2220376,,HC02417,2220377,2220381,2220384,2220388,2220394,2220392
225046,,H502742,225047,225051,225054,225058,225064,225062
745319,,H3035,745320,745325,745327,745331,745336,745334
1887396,,H4023344,1887397,1887401,1887404,1887408,1887412,1887410
1343339,,H201SoU1,1343340,1343346,1343348,,1343356,
1777349,,GT02Kr372,1777350,1777354,1777357,1777361,,1777363
