id,detected_date,reference_id,name,resource_type,rule_description,rule_group,status,positive,rule_name
1181900,2026-08-29 00:00:00,0922497728524,Ardalan Shekarabi (S),POLITICIAN,Politician with more than 900 days served in committee leadership,Experience,CRITICAL,Extremely Experienced Committee Leader,PoliticianExperience
1180966,2026-08-29 00:00:00,0727772954327,Ludvig Ceimertz (M),POLITICIAN,Politician with more than 600 days served as committee substitute,Experience,CRITICAL,Extremely Experienced Committee Substitute,PoliticianExperience
1181602,2026-08-29 00:00:00,0861447317415,Thomas Finnborg (M),POLITICIAN,Politician with high committee substitute ratio,CommitteeExperience,MINOR,Primarily Serving as Committee Substitute,PoliticianInfluence
1181832,2026-08-29 00:00:00,0612916684825,Johan Löfstrand (S),POLITICIAN,We have an politician with leading role in the party,Behavior,MINOR,Influential,PoliticianPartyLeader
1182361,2026-08-29 00:00:00,023001325318,Lotta Edholm (L),POLITICIAN,Politician with no multi-party collaboration,Behavior,CRITICAL,NoMultiPartyCollaboration,PoliticianIsolatedBehavior
1181253,2026-08-29 00:00:00,0161972600410,Elsa Widding (-),POLITICIAN,Politician with no multi-party collaboration,Behavior,CRITICAL,NoMultiPartyCollaboration,PoliticianIsolatedBehavior
1181872,2026-08-29 00:00:00,0624040854527,Emma Berginger (MP),POLITICIAN,Politician with more than 5 current assignments,Assignments,MAJOR,More than 5 Current Assignments,PoliticianBalancedRules
1181692,2026-08-29 00:00:00,0313390540217,Ingela Nylund Watz (S),POLITICIAN,Politician with more than 600 days served as committee substitute,Experience,CRITICAL,Extremely Experienced Committee Substitute,PoliticianExperience
1181901,2026-08-29 00:00:00,0414277569620,Katrin Wissing (MP),POLITICIAN,Politician with current party assignments,Party,MINOR,Current Party Assignments,PoliticianAdditionalAttributes
1182131,2026-08-29 00:00:00,0277853016020,Simona Mohamsson (L),POLITICIAN,Politician with current party assignments,Party,MINOR,Current Party Assignments,PoliticianAdditionalAttributes
1181138,2026-08-29 00:00:00,0641953830512,Magnus Persson (SD),POLITICIAN,Politician currently active in committee leadership,Role,MINOR,Active Committee Leader,PoliticianLeadershipRole
1181991,2026-08-29 00:00:00,0509415296421,Kjell-Arne Ottosson (KD),POLITICIAN,Politician with high abstention pattern - very high abstention rate,Behavior,MAJOR,HighAbstention,PoliticianAbstentionPattern
1180285,2026-08-29 00:00:00,0793372891224,Noria Manouchi (M),POLITICIAN,Politician with current party assignments,Party,MINOR,Current Party Assignments,PoliticianAdditionalAttributes
1180892,2026-08-29 00:00:00,0635943298419,Dan Hovskär (KD),POLITICIAN,Politician with high committee substitute ratio,CommitteeExperience,MINOR,Primarily Serving as Committee Substitute,PoliticianInfluence
1181251,2026-08-29 00:00:00,0161972600410,Elsa Widding (-),POLITICIAN,"We have a lazy politician, absent 17-25% of ballots last year",Behavior,MAJOR,ConcerningAbsenteeism,PoliticianLazy
1180200,2026-08-29 00:00:00,0386912710815,Mats Arkhem (SD),POLITICIAN,Politician showing avoidance pattern - high combined absence and abstention,Behavior,CRITICAL,AvoidancePattern,PoliticianLowEngagement
1182114,2026-08-29 00:00:00,0411459873625,Hanna Gunnarsson (V),POLITICIAN,We have an politician with leading role in the party,Behavior,MINOR,Influential,PoliticianPartyLeader
1180281,2026-08-29 00:00:00,0910803550317,Lena Johansson (S),POLITICIAN,Politician with no multi-party collaboration,Behavior,CRITICAL,NoMultiPartyCollaboration,PoliticianIsolatedBehavior
1181652,2026-08-29 00:00:00,0362779191527,Erik Hellsborn (SD),POLITICIAN,Politician with no multi-party collaboration,Behavior,CRITICAL,NoMultiPartyCollaboration,PoliticianIsolatedBehavior
1182133,2026-08-29 00:00:00,0277853016020,Simona Mohamsson (L),POLITICIAN,We have an politician minister that has no experience from parliament,Experience,MINOR,OtherExperience,PoliticianMinisterWithoutParliamentExperience
1182210,2026-08-29 00:00:00,0692076685824,Camilla Hansén (MP),POLITICIAN,"We have an politician with busy schedule, more than 5 current roles and busy past",Behavior,MAJOR,Influential,PoliticianBusySchedule
1181187,2026-08-29 00:00:00,0717363246311,Jessica Stegrud (SD),POLITICIAN,Politician with declining engagement - monthly absence worse than annual,Behavior,MAJOR,WorseningAbsenteeism,PoliticianDecliningEngagement
1181449,2026-08-29 00:00:00,0879782396219,Olle Thorell (S),POLITICIAN,Politician with high rebel rate - 1.0-2.0% annually,Behavior,MAJOR,HighRebelVoting,PoliticianHighRebelRate
1181118,2026-08-29 00:00:00,0682989845822,Håkan Svenneling (V),POLITICIAN,Politician with no multi-party collaboration,Behavior,CRITICAL,NoMultiPartyCollaboration,PoliticianIsolatedBehavior
1181530,2026-08-29 00:00:00,0852475703226,Lorena Delgado Varas (-),POLITICIAN,We have an politician that left the party still holding assignments,Behavior,CRITICAL,PartyIndependent,PoliticianLeftPartyStillHoldingPositions
1180961,2026-08-29 00:00:00,0161616238120,Lina Nordquist (L),POLITICIAN,We have an politician with leading role in the party,Behavior,MINOR,Influential,PoliticianPartyLeader
1181033,2026-08-29 00:00:00,0591055036519,Mauricio Rojas (L),POLITICIAN,Politician with more than 600 days served as committee substitute,Experience,CRITICAL,Extremely Experienced Committee Substitute,PoliticianExperience
1182015,2026-08-29 00:00:00,0304498908019,Gudrun Brunegård (KD),POLITICIAN,"We have a lazy politician, absent at least 18 % of ballots last month",Behavior,MAJOR,NA,PoliticianLazy
1181609,2026-08-29 00:00:00,0499755198526,Mattias Jonsson (S),POLITICIAN,Politician with more than 600 days served as committee substitute,Experience,CRITICAL,Extremely Experienced Committee Substitute,PoliticianExperience
1182159,2026-08-29 00:00:00,0183544538819,Patrik Jönsson (SD),POLITICIAN,Politician with no multi-party collaboration,Behavior,CRITICAL,NoMultiPartyCollaboration,PoliticianIsolatedBehavior
1180418,2026-08-29 00:00:00,0256404677510,Cecilia Engström (KD),POLITICIAN,Politician with more than 600 days served as committee substitute,Experience,CRITICAL,Extremely Experienced Committee Substitute,PoliticianExperience
1180703,2026-08-29 00:00:00,0469084171710,Ulrika Westerlund (MP),POLITICIAN,Politician with high abstention pattern - very high abstention rate,Behavior,MAJOR,HighAbstention,PoliticianAbstentionPattern
1182168,2026-08-29 00:00:00,0191189790215,Peter Ollén (M),POLITICIAN,Politician with more than 600 days served as committee substitute,Experience,CRITICAL,Extremely Experienced Committee Substitute,PoliticianExperience
1181406,2026-08-29 00:00:00,0985943148917,Victoria Tiblom (SD),POLITICIAN,Politician with high committee substitute ratio,CommitteeExperience,MINOR,Primarily Serving as Committee Substitute,PoliticianInfluence
1180581,2026-08-29 00:00:00,0860364634014,Mattias Ottosson (S),POLITICIAN,Politician with concerning abstention pattern - frequently abstaining,Behavior,MAJOR,FrequentAbstention,PoliticianAbstentionPattern
1181274,2026-08-29 00:00:00,04571388712,Adam Reuterskiöld (M),POLITICIAN,Politician with high committee substitute ratio,CommitteeExperience,MINOR,Primarily Serving as Committee Substitute,PoliticianInfluence
1181276,2026-08-29 00:00:00,025931369428,Jonas Andersson (SD),POLITICIAN,Politician with no multi-party collaboration,Behavior,CRITICAL,NoMultiPartyCollaboration,PoliticianIsolatedBehavior
1180962,2026-08-29 00:00:00,0161616238120,Lina Nordquist (L),POLITICIAN,Politician with more than 600 days served as committee substitute,Experience,CRITICAL,Extremely Experienced Committee Substitute,PoliticianExperience
1182126,2026-08-29 00:00:00,0249261021627,Hannes Hervieu (C),POLITICIAN,Politician with current party assignments,Party,MINOR,Current Party Assignments,PoliticianAdditionalAttributes
1180574,2026-08-29 00:00:00,0838085832923,Ann-Sofie Lifvenhage (M),POLITICIAN,Politician with multiple current assignments,Assignments,MINOR,Multiple Current Assignments,PoliticianBalancedRules
1180476,2026-08-29 00:00:00,0619928872229,Laila Naraghi (S),POLITICIAN,Politician with more than 600 days served as committee substitute,Experience,CRITICAL,Extremely Experienced Committee Substitute,PoliticianExperience
1180702,2026-08-29 00:00:00,0469084171710,Ulrika Westerlund (MP),POLITICIAN,"We have an politician with busy schedule, more than 5 current roles and busy past",Behavior,MAJOR,Influential,PoliticianBusySchedule
1180156,2026-08-29 00:00:00,0502688311316,Anna Vikström (S),POLITICIAN,Politician with high committee substitute ratio,CommitteeExperience,MINOR,Primarily Serving as Committee Substitute,PoliticianInfluence
1180864,2026-08-29 00:00:00,086684470825,Tobias Andersson (SD),POLITICIAN,Politician with more than 900 days served in committee leadership,Experience,CRITICAL,Extremely Experienced Committee Leader,PoliticianExperience
1180897,2026-08-29 00:00:00,0819601620927,Annika Hirvonen (MP),POLITICIAN,Politician with more than 6 current assignments,Assignments,CRITICAL,More than 6 Current Assignments,PoliticianBalancedRules
1181624,2026-08-29 00:00:00,0331791853028,Yasmine Eriksson (SD),POLITICIAN,Politician with very low document activity last year,Behavior,MINOR,LowProductivity,PoliticianLowDocumentActivity
1182153,2026-08-29 00:00:00,0504851635310,Daniel Helldén (MP),POLITICIAN,Politician with high committee substitute ratio,CommitteeExperience,MINOR,Primarily Serving as Committee Substitute,PoliticianInfluence
1182162,2026-08-29 00:00:00,0183544538819,Patrik Jönsson (SD),POLITICIAN,Politician with high committee substitute ratio,CommitteeExperience,MINOR,Primarily Serving as Committee Substitute,PoliticianInfluence
1180825,2026-08-29 00:00:00,0126797549328,Johan Forssell (M),POLITICIAN,Politician with more than 900 days served in committee leadership,Experience,CRITICAL,Extremely Experienced Committee Leader,PoliticianExperience
1181582,2026-08-29 00:00:00,0111479807829,Anna Wallentheim (S),POLITICIAN,Politician with high abstention rate - over 9% annually,Behavior,MINOR,HighAbstentionRate,PoliticianLowVotingParticipation
1181088,2026-08-29 00:00:00,069436402021,Tomas Tobé (M),POLITICIAN,Politician with more than 900 days served in committee leadership,Experience,CRITICAL,Extremely Experienced Committee Leader,PoliticianExperience
1181241,2026-08-29 00:00:00,0615175917521,Kent Kumpula (SD),POLITICIAN,Politician with high committee substitute ratio,CommitteeExperience,MINOR,Primarily Serving as Committee Substitute,PoliticianInfluence
1181183,2026-08-29 00:00:00,0493288854424,Niklas Wykman (M),POLITICIAN,We have an politician part of government,Behavior,MAJOR,Influential,PoliticianPartyLeader
1180684,2026-08-29 00:00:00,0591020192311,Ulf Lindholm (SD),POLITICIAN,Politician with zero collaboration,Behavior,MAJOR,ZeroCollaboration,PoliticianIsolatedBehavior
1181550,2026-08-29 00:00:00,0294138886823,Martin Kinnunen (SD),POLITICIAN,"We have a lazy politician, absent 17-25% of ballots last year",Behavior,MAJOR,ConcerningAbsenteeism,PoliticianLazy
1181120,2026-08-29 00:00:00,0682989845822,Håkan Svenneling (V),POLITICIAN,Politician with high committee substitute ratio,CommitteeExperience,MINOR,Primarily Serving as Committee Substitute,PoliticianInfluence
1181617,2026-08-29 00:00:00,0926214745119,Heléne Björklund (S),POLITICIAN,Politician with multiple current assignments,Assignments,MINOR,Multiple Current Assignments,PoliticianBalancedRules
1180170,2026-08-29 00:00:00,0519740099915,Saila Quicklund (M),POLITICIAN,Politician with more than 600 days served as committee substitute,Experience,CRITICAL,Extremely Experienced Committee Substitute,PoliticianExperience
1181334,2026-08-29 00:00:00,0875221317013,Gunilla Carlsson (S),POLITICIAN,Politician with more than 6 current assignments,Assignments,CRITICAL,More than 6 Current Assignments,PoliticianBalancedRules
1180270,2026-08-29 00:00:00,0877778793323,Johan Büser (S),POLITICIAN,Politician with more than 600 days served as committee substitute,Experience,CRITICAL,Extremely Experienced Committee Substitute,PoliticianExperience
1182040,2026-08-29 00:00:00,0481460392727,Jessica Wetterling (V),POLITICIAN,Politician with more than 600 days served as committee substitute,Experience,CRITICAL,Extremely Experienced Committee Substitute,PoliticianExperience
1181459,2026-08-29 00:00:00,SD,SD,PARTY,We have an active Party with no government experience,Experience,MINOR,ExperienceNoGuaranteeOfSuccess,PartyNoGovernmentExperience
1181677,2026-08-29 00:00:00,0494242537816,Hans Eklind (KD),POLITICIAN,Politician with high abstention pattern - very high abstention rate,Behavior,MAJOR,HighAbstention,PoliticianAbstentionPattern
1181746,2026-08-29 00:00:00,0496341906327,Alexandra Völker (S),POLITICIAN,"We have a lazy politician, absent 17-25% of ballots last year",Behavior,MAJOR,ConcerningAbsenteeism,PoliticianLazy
1181149,2026-08-29 00:00:00,0984153507725,Gustaf Göthberg (M),POLITICIAN,Politician with no multi-party collaboration,Behavior,CRITICAL,NoMultiPartyCollaboration,PoliticianIsolatedBehavior
1180237,2026-08-29 00:00:00,0607691439013,Karin Enström (M),POLITICIAN,Politician with more than 5 current assignments,Assignments,MAJOR,More than 5 Current Assignments,PoliticianBalancedRules
1181466,2026-08-29 00:00:00,0930305890123,Sara-Lena Bjälkö (-),POLITICIAN,Politician with no multi-party collaboration,Behavior,CRITICAL,NoMultiPartyCollaboration,PoliticianIsolatedBehavior
1181766,2026-08-29 00:00:00,0802546764724,Åsa Westlund (S),POLITICIAN,Politician with more than 900 days served in committee leadership,Experience,CRITICAL,Extremely Experienced Committee Leader,PoliticianExperience
1182423,2026-08-29 00:00:00,0737666060225,Joakim Järrebring (S),POLITICIAN,Politician with more than 600 days served as committee substitute,Experience,CRITICAL,Extremely Experienced Committee Substitute,PoliticianExperience
1180358,2026-08-29 00:00:00,0236597884217,Rose-Marie Carlsson (S),POLITICIAN,"We have a lazy politician, absent 25-55% of ballots last year",Behavior,CRITICAL,HighAbsenteeism,PoliticianLazy
1182125,2026-08-29 00:00:00,0559925283228,Teres Lindberg (S),POLITICIAN,Politician with more than 600 days served as committee substitute,Experience,CRITICAL,Extremely Experienced Committee Substitute,PoliticianExperience
1181668,2026-08-29 00:00:00,011548866929,Elin Nilsson (L),POLITICIAN,Politician with multiple current assignments,Assignments,MINOR,Multiple Current Assignments,PoliticianBalancedRules
1180667,2026-08-29 00:00:00,0338088431726,Sara Gille (SD),POLITICIAN,Politician with very low document activity last year,Behavior,MINOR,LowProductivity,PoliticianLowDocumentActivity
1181129,2026-08-29 00:00:00,0178323535715,Johnny Svedin (SD),POLITICIAN,Politician with high committee substitute ratio,CommitteeExperience,MINOR,Primarily Serving as Committee Substitute,PoliticianInfluence
1180331,2026-08-29 00:00:00,0144048894712,Ellen Juntti (M),POLITICIAN,"We have an politician older than 65, retirement age in Sweden",Attribute,MINOR,LongTimer,PoliticianTimeToRetire
1181389,2026-08-29 00:00:00,0125036219125,Nina Larsson (L),POLITICIAN,Politician with very low average document activity,Behavior,CRITICAL,ChronicallyLowProductivity,PoliticianLowDocumentActivity
1181256,2026-08-29 00:00:00,0119851690521,David Perez (SD),POLITICIAN,Politician rarely wins votes - below 30% win rate annually,Behavior,MINOR,LowWinRate,PoliticianIneffectiveVoting
1180185,2026-08-29 00:00:00,0665485817222,Daniel Bäckström (C),POLITICIAN,Politician with more than 600 days served as committee substitute,Experience,CRITICAL,Extremely Experienced Committee Substitute,PoliticianExperience
1182001,2026-08-29 00:00:00,0888807074321,Amanda Lind (MP),POLITICIAN,Politician with concerning abstention pattern - frequently abstaining,Behavior,MAJOR,FrequentAbstention,PoliticianAbstentionPattern
1182224,2026-08-29 00:00:00,0603366539729,Malin Danielsson (L),POLITICIAN,Politician showing avoidance pattern - high combined absence and abstention,Behavior,CRITICAL,AvoidancePattern,PoliticianLowEngagement
1182096,2026-08-29 00:00:00,0512510717328,Ebba Busch (KD),POLITICIAN,Politician with more than 1000 days served in government,Experience,MINOR,Experienced in Government,PoliticianExperience
1180853,2026-08-29 00:00:00,0369212790927,Sofia Skönnbrink (S),POLITICIAN,Politician with high committee substitute ratio,CommitteeExperience,MINOR,Primarily Serving as Committee Substitute,PoliticianInfluence
1181326,2026-08-29 00:00:00,0119672047211,Madeleine Atlas (C),POLITICIAN,Politician with no multi-party collaboration,Behavior,CRITICAL,NoMultiPartyCollaboration,PoliticianIsolatedBehavior
1180705,2026-08-29 00:00:00,0469084171710,Ulrika Westerlund (MP),POLITICIAN,Politician with very high rebel rate - 2.0-5.0% annually,Behavior,CRITICAL,VeryHighRebelVoting,PoliticianHighRebelRate
1181749,2026-08-29 00:00:00,0496341906327,Alexandra Völker (S),POLITICIAN,Politician with combined absence and abstention risk,Behavior,MAJOR,HighAbsenceAndAbstention,PoliticianCombinedRisk
1181073,2026-08-29 00:00:00,0412502344925,Ida Ekeroth Clausson (S),POLITICIAN,Politician with very low document activity last year,Behavior,MINOR,LowProductivity,PoliticianLowDocumentActivity
1181056,2026-08-29 00:00:00,025158809026,Ida Gabrielsson (V),POLITICIAN,Politician with concerning abstention pattern - frequently abstaining,Behavior,MAJOR,FrequentAbstention,PoliticianAbstentionPattern
1180477,2026-08-29 00:00:00,0229350341619,Ilona Szatmári Waldau (V),POLITICIAN,Politician with more than 6 current assignments,Assignments,CRITICAL,More than 6 Current Assignments,PoliticianBalancedRules
1180805,2026-08-29 00:00:00,041911485722,Magdalena Thuresson (M),POLITICIAN,Politician with very low document activity last year,Behavior,MINOR,LowProductivity,PoliticianLowDocumentActivity
1180413,2026-08-29 00:00:00,0256404677510,Cecilia Engström (KD),POLITICIAN,Politician rarely wins votes - below 20% win rate annually,Behavior,MAJOR,VeryLowWinRate,PoliticianIneffectiveVoting
1180734,2026-08-29 00:00:00,0397205342021,Johan Britz (L),POLITICIAN,Politician with zero collaboration,Behavior,MAJOR,ZeroCollaboration,PoliticianIsolatedBehavior
1181127,2026-08-29 00:00:00,0178323535715,Johnny Svedin (SD),POLITICIAN,Politician with more than 5 current assignments,Assignments,MAJOR,More than 5 Current Assignments,PoliticianBalancedRules
1181750,2026-08-29 00:00:00,0496341906327,Alexandra Völker (S),POLITICIAN,Politician with high committee substitute ratio,CommitteeExperience,MINOR,Primarily Serving as Committee Substitute,PoliticianInfluence
1180488,2026-08-29 00:00:00,0301987597720,Liza-Maria Norlin (KD),POLITICIAN,Politician with current party assignments,Party,MINOR,Current Party Assignments,PoliticianAdditionalAttributes
1181365,2026-08-29 00:00:00,0184968091618,Jan Riise (MP),POLITICIAN,We have an politician with leading role in the party,Behavior,MINOR,Influential,PoliticianPartyLeader
1181805,2026-08-29 00:00:00,0653578338415,Agneta Nilsson (S),POLITICIAN,"We have an politician older than 65, retirement age in Sweden",Attribute,MINOR,LongTimer,PoliticianTimeToRetire
1180948,2026-08-29 00:00:00,0344222203323,Dennis Dioukarev (SD),POLITICIAN,Politician with high committee substitute ratio,CommitteeExperience,MINOR,Primarily Serving as Committee Substitute,PoliticianInfluence
1181593,2026-08-29 00:00:00,0985426914829,Anna Lasses (C),POLITICIAN,Politician with multiple current assignments,Assignments,MINOR,Multiple Current Assignments,PoliticianBalancedRules
1181348,2026-08-29 00:00:00,0427321850912,Lars Mejern Larsson (S),POLITICIAN,Politician with more than 600 days served as committee substitute,Experience,CRITICAL,Extremely Experienced Committee Substitute,PoliticianExperience
1181439,2026-08-29 00:00:00,0714968014016,Anders Ekegren (L),POLITICIAN,Politician with more than 6 current assignments,Assignments,CRITICAL,More than 6 Current Assignments,PoliticianBalancedRules
1182253,2026-08-29 00:00:00,068822158616,Katarina Tolgfors (M),POLITICIAN,Politician with more than 600 days served as committee substitute,Experience,CRITICAL,Extremely Experienced Committee Substitute,PoliticianExperience
1180856,2026-08-29 00:00:00,039102787629,Oliver Rosengren (M),POLITICIAN,Politician with no multi-party collaboration,Behavior,CRITICAL,NoMultiPartyCollaboration,PoliticianIsolatedBehavior
1182444,2026-08-29 00:00:00,0866055333028,Alexandra Anstrell (M),POLITICIAN,Politician with more than 600 days served as committee substitute,Experience,CRITICAL,Extremely Experienced Committee Substitute,PoliticianExperience
1181505,2026-08-29 00:00:00,0831039938224,Adam Marttinen (SD),POLITICIAN,Politician with multiple current assignments,Assignments,MINOR,Multiple Current Assignments,PoliticianBalancedRules
1180859,2026-08-29 00:00:00,086684470825,Tobias Andersson (SD),POLITICIAN,Politician currently active in committee leadership,Role,MINOR,Active Committee Leader,PoliticianLeadershipRole
1181101,2026-08-29 00:00:00,0585684563812,Andreas Norlén (M),POLITICIAN,Politician with more than 900 days served in committee leadership,Experience,CRITICAL,Extremely Experienced Committee Leader,PoliticianExperience
1180930,2026-08-29 00:00:00,0273506284025,Edward Riedl (M),POLITICIAN,Politician with no multi-party collaboration,Behavior,CRITICAL,NoMultiPartyCollaboration,PoliticianIsolatedBehavior
1181051,2026-08-29 00:00:00,0376395541120,Joakim Sandell (S),POLITICIAN,Politician with no multi-party collaboration,Behavior,CRITICAL,NoMultiPartyCollaboration,PoliticianIsolatedBehavior
1180729,2026-08-29 00:00:00,0970259744617,Margareta Cederfelt (M),POLITICIAN,Politician with high committee substitute ratio,CommitteeExperience,MINOR,Primarily Serving as Committee Substitute,PoliticianInfluence
1180186,2026-08-29 00:00:00,0157618290428,Rashid Farivar (SD),POLITICIAN,Politician with declining effectiveness - monthly win rate much lower than annual,Behavior,MAJOR,DecreasingEffectiveness,PoliticianDecliningEngagement
1181084,2026-08-29 00:00:00,0522240580423,Arin Karapet (-),POLITICIAN,We have an politician that left the party still holding assignments,Behavior,CRITICAL,PartyIndependent,PoliticianLeftPartyStillHoldingPositions
1181909,2026-08-29 00:00:00,0430865615328,Linda Lindberg (SD),POLITICIAN,Politician with current party assignments,Party,MINOR,Current Party Assignments,PoliticianAdditionalAttributes
1181021,2026-08-29 00:00:00,0980092192122,Joar Forssell (L),POLITICIAN,Politician with more than 6 current assignments,Assignments,CRITICAL,More than 6 Current Assignments,PoliticianBalancedRules
1181181,2026-08-29 00:00:00,0493288854424,Niklas Wykman (M),POLITICIAN,Politician with no multi-party collaboration,Behavior,CRITICAL,NoMultiPartyCollaboration,PoliticianIsolatedBehavior
1180410,2026-08-29 00:00:00,0256404677510,Cecilia Engström (KD),POLITICIAN,Politician with extreme combined risk - very high absence and very low win rate,Behavior,CRITICAL,ExtremeLowParticipationAndEffectiveness,PoliticianLowVotingParticipation
1181013,2026-08-29 00:00:00,0442629549320,Adnan Dibrani (S),POLITICIAN,Politician with extremely low collaboration - below 1%,Behavior,MINOR,ExtremelyLowCollaboration,PoliticianIsolatedBehavior
1182443,2026-08-29 00:00:00,0866055333028,Alexandra Anstrell (M),POLITICIAN,Politician with high committee substitute ratio,CommitteeExperience,MINOR,Primarily Serving as Committee Substitute,PoliticianInfluence
1182354,2026-08-29 00:00:00,023732429721,Sofie Eriksson (S),POLITICIAN,Politician with more than 600 days served as committee substitute,Experience,CRITICAL,Extremely Experienced Committee Substitute,PoliticianExperience
1181260,2026-08-29 00:00:00,0119851690521,David Perez (SD),POLITICIAN,Politician with high committee substitute ratio,CommitteeExperience,MINOR,Primarily Serving as Committee Substitute,PoliticianInfluence
1180305,2026-08-29 00:00:00,0476336341120,Anna Tenje (M),POLITICIAN,Politician with no multi-party collaboration,Behavior,CRITICAL,NoMultiPartyCollaboration,PoliticianIsolatedBehavior
1182201,2026-08-29 00:00:00,0371882294919,Carita Boulwén (SD),POLITICIAN,"We have a lazy politician, absent 12-17% of ballots last year",Behavior,MINOR,ModerateAbsenteeism,PoliticianLazy
1182119,2026-08-29 00:00:00,0412148992926,Hanna Westerén (S),POLITICIAN,Politician with more than 600 days served as committee substitute,Experience,CRITICAL,Extremely Experienced Committee Substitute,PoliticianExperience
1180637,2026-08-29 00:00:00,0709911904721,Johanna Rantsi (M),POLITICIAN,Politician with critical abstention pattern - excessive abstention rate,Behavior,CRITICAL,ExcessiveAbstention,PoliticianAbstentionPattern
1182392,2026-08-29 00:00:00,0121015874810,Torsten Elofsson (KD),POLITICIAN,Politician with high committee substitute ratio,CommitteeExperience,MINOR,Primarily Serving as Committee Substitute,PoliticianInfluence
1181116,2026-08-29 00:00:00,0682989845822,Håkan Svenneling (V),POLITICIAN,Politician rarely wins votes - below 30% win rate annually,Behavior,MINOR,LowWinRate,PoliticianIneffectiveVoting
1180404,2026-08-29 00:00:00,0296384583518,Åsa Eriksson (S),POLITICIAN,Politician with more than 600 days served as committee substitute,Experience,CRITICAL,Extremely Experienced Committee Substitute,PoliticianExperience
1180775,2026-08-29 00:00:00,0961483563503,Gudrun Nordborg (V),POLITICIAN,Politician with extreme combined risk - very high absence and very low win rate,Behavior,CRITICAL,ExtremeLowParticipationAndEffectiveness,PoliticianLowVotingParticipation
1181929,2026-08-29 00:00:00,0780214960516,Eva Lindh (S),POLITICIAN,Politician with high committee substitute ratio,CommitteeExperience,MINOR,Primarily Serving as Committee Substitute,PoliticianInfluence
1182255,2026-08-29 00:00:00,019430605328,Josefin Malmqvist (M),POLITICIAN,"We have a lazy politician, absent at least 18 % of ballots last month",Behavior,MAJOR,NA,PoliticianLazy
1181275,2026-08-29 00:00:00,04571388712,Adam Reuterskiöld (M),POLITICIAN,Politician with more than 600 days served as committee substitute,Experience,CRITICAL,Extremely Experienced Committee Substitute,PoliticianExperience
1182374,2026-08-29 00:00:00,0986091320811,Catarina Deremar (C),POLITICIAN,Politician showing avoidance pattern - high combined absence and abstention,Behavior,CRITICAL,AvoidancePattern,PoliticianLowEngagement
1182386,2026-08-29 00:00:00,0290003389021,Chris Dahlqvist (SD),POLITICIAN,Politician with very low document activity last year,Behavior,MINOR,LowProductivity,PoliticianLowDocumentActivity
1182412,2026-08-29 00:00:00,0630820052511,Per-Arne Håkansson (S),POLITICIAN,Politician with no multi-party collaboration,Behavior,CRITICAL,NoMultiPartyCollaboration,PoliticianIsolatedBehavior
1181620,2026-08-29 00:00:00,0926214745119,Heléne Björklund (S),POLITICIAN,Politician with high committee substitute ratio,CommitteeExperience,MINOR,Primarily Serving as Committee Substitute,PoliticianInfluence
1181927,2026-08-29 00:00:00,0780214960516,Eva Lindh (S),POLITICIAN,Politician with multiple current assignments,Assignments,MINOR,Multiple Current Assignments,PoliticianBalancedRules
1181574,2026-08-29 00:00:00,0204240926023,Markus Wiechel (SD),POLITICIAN,Politician with high abstention rate - over 9% annually,Behavior,MINOR,HighAbstentionRate,PoliticianLowVotingParticipation
1180985,2026-08-29 00:00:00,0254695027922,Malcolm Momodou Jallow (-),POLITICIAN,Politician with high abstention rate - over 9% annually,Behavior,MINOR,HighAbstentionRate,PoliticianLowVotingParticipation
1182251,2026-08-29 00:00:00,068822158616,Katarina Tolgfors (M),POLITICIAN,Politician with no multi-party collaboration,Behavior,CRITICAL,NoMultiPartyCollaboration,PoliticianIsolatedBehavior
1181512,2026-08-29 00:00:00,0783069490115,Mirja Räihä (S),POLITICIAN,Politician with multiple current assignments,Assignments,MINOR,Multiple Current Assignments,PoliticianBalancedRules
1182073,2026-08-29 00:00:00,0662032691523,Amalia Rud Stenlöf (S),POLITICIAN,Politician with declining effectiveness - monthly win rate much lower than annual,Behavior,MAJOR,DecreasingEffectiveness,PoliticianDecliningEngagement
1180259,2026-08-29 00:00:00,0638497389621,Julia Kronlid (SD),POLITICIAN,Politician currently active as a speaker,Role,MINOR,Active Speaker,PoliticianSpeaker
1180420,2026-08-29 00:00:00,0604811710522,Ida Drougge (M),POLITICIAN,Politician with no multi-party collaboration,Behavior,CRITICAL,NoMultiPartyCollaboration,PoliticianIsolatedBehavior
1181098,2026-08-29 00:00:00,0360187680814,Mats Hellhoff (SD),POLITICIAN,Politician with high committee substitute ratio,CommitteeExperience,MINOR,Primarily Serving as Committee Substitute,PoliticianInfluence
1180540,2026-08-29 00:00:00,0671571847522,Mattias Eriksson Falk (SD),POLITICIAN,Politician with more than 600 days served as committee substitute,Experience,CRITICAL,Extremely Experienced Committee Substitute,PoliticianExperience
1180241,2026-08-29 00:00:00,0607691439013,Karin Enström (M),POLITICIAN,"We have an politician with busy schedule, more than 4 current roles and busy past",Behavior,MINOR,Influential,PoliticianBusySchedule
1181359,2026-08-29 00:00:00,0184968091618,Jan Riise (MP),POLITICIAN,"We have an politician with busy schedule, more than 6 current roles and busy past",Behavior,CRITICAL,Influential,PoliticianBusySchedule
1180573,2026-08-29 00:00:00,0515213566019,Lars Isacsson (S),POLITICIAN,Politician with more than 600 days served as committee substitute,Experience,CRITICAL,Extremely Experienced Committee Substitute,PoliticianExperience
1182200,2026-08-29 00:00:00,0828001951212,Ingemar Kihlström (KD),POLITICIAN,Politician with more than 600 days served as committee substitute,Experience,CRITICAL,Extremely Experienced Committee Substitute,PoliticianExperience
1181646,2026-08-29 00:00:00,0768554866215,Katja Nyberg (-),POLITICIAN,Politician with more than 600 days served as committee substitute,Experience,CRITICAL,Extremely Experienced Committee Substitute,PoliticianExperience
1181301,2026-08-29 00:00:00,0802091197024,Andrea Andersson Tay (V),POLITICIAN,Politician with high abstention rate - over 9% annually,Behavior,MINOR,HighAbstentionRate,PoliticianLowVotingParticipation
1180244,2026-08-29 00:00:00,0607691439013,Karin Enström (M),POLITICIAN,Politician with declining effectiveness - monthly win rate much lower than annual,Behavior,MAJOR,DecreasingEffectiveness,PoliticianDecliningEngagement
1181208,2026-08-29 00:00:00,0249730539015,Anders Karlsson (C),POLITICIAN,"We have a party rebel politician, voted against party majority at least 1% of ballots last month",Behavior,MAJOR,CanIgnorePartyMajority,PoliticianPartyRebel
1182196,2026-08-29 00:00:00,0828001951212,Ingemar Kihlström (KD),POLITICIAN,"We have an politician with busy schedule, more than 4 current roles and busy past",Behavior,MINOR,Influential,PoliticianBusySchedule
1180505,2026-08-29 00:00:00,0837394708917,Anders Ådahl (C),POLITICIAN,"We have an politician with busy schedule, more than 4 current roles and busy past",Behavior,MINOR,Influential,PoliticianBusySchedule
1182203,2026-08-29 00:00:00,0371882294919,Carita Boulwén (SD),POLITICIAN,Politician with high committee substitute ratio,CommitteeExperience,MINOR,Primarily Serving as Committee Substitute,PoliticianInfluence
1181626,2026-08-29 00:00:00,0331791853028,Yasmine Eriksson (SD),POLITICIAN,Politician with more than 600 days served as committee substitute,Experience,CRITICAL,Extremely Experienced Committee Substitute,PoliticianExperience
1181215,2026-08-29 00:00:00,0122987223112,Lotta Johnsson Fornarve (V),POLITICIAN,Politician showing avoidance pattern - high combined absence and abstention,Behavior,CRITICAL,AvoidancePattern,PoliticianLowEngagement
1180379,2026-08-29 00:00:00,0911916463828,Fredrik Lundh Sammeli (S),POLITICIAN,Politician with more than 900 days served in committee leadership,Experience,CRITICAL,Extremely Experienced Committee Leader,PoliticianExperience
1181975,2026-08-29 00:00:00,0834510274913,Charlotte Nordström (M),POLITICIAN,Politician with high committee substitute ratio,CommitteeExperience,MINOR,Primarily Serving as Committee Substitute,PoliticianInfluence
1182122,2026-08-29 00:00:00,0199751900210,Annelie Karlsson (S),POLITICIAN,Politician with more than 600 days served as committee substitute,Experience,CRITICAL,Extremely Experienced Committee Substitute,PoliticianExperience
1180831,2026-08-29 00:00:00,0831636664429,Mattias Karlsson (SD),POLITICIAN,Politician with more than 6 current assignments,Assignments,CRITICAL,More than 6 Current Assignments,PoliticianBalancedRules
1181726,2026-08-29 00:00:00,0210444373111,Katarina Luhr (MP),POLITICIAN,Politician with no multi-party collaboration,Behavior,CRITICAL,NoMultiPartyCollaboration,PoliticianIsolatedBehavior
1181290,2026-08-29 00:00:00,0148424181819,Ann-Christine Frohm (SD),POLITICIAN,"We have an politician with busy schedule, more than 6 current roles and busy past",Behavior,CRITICAL,Influential,PoliticianBusySchedule
1180934,2026-08-29 00:00:00,0681030112815,Peter Helander (C),POLITICIAN,Politician with no multi-party collaboration,Behavior,CRITICAL,NoMultiPartyCollaboration,PoliticianIsolatedBehavior
1180337,2026-08-29 00:00:00,S,S,PARTY,Party with low document productivity - below 18 docs per member last year,Behavior,MINOR,LowDocumentProductivity,PartyLowEffectiveness
1181810,2026-08-29 00:00:00,0452755722723,Björn Söder (SD),POLITICIAN,Politician served as a speaker for more than 1000 days,Experience,MINOR,Experienced Speaker,PoliticianSpeaker
1182403,2026-08-29 00:00:00,091303475611,Eric Palmqvist (SD),POLITICIAN,Politician showing avoidance pattern - high combined absence and abstention,Behavior,CRITICAL,AvoidancePattern,PoliticianLowEngagement
1180176,2026-08-29 00:00:00,098329342620,Jennie Wernäng (M),POLITICIAN,Politician with more than 600 days served as committee substitute,Experience,CRITICAL,Extremely Experienced Committee Substitute,PoliticianExperience
1180701,2026-08-29 00:00:00,0469084171710,Ulrika Westerlund (MP),POLITICIAN,"We have a party rebel politician, voted against party majority at least 1% of ballots last year",Behavior,CRITICAL,CanIgnorePartyMajority,PoliticianPartyRebel
1182437,2026-08-29 00:00:00,0859909330720,Sanna Backeskog (S),POLITICIAN,Politician with more than 600 days served as committee substitute,Experience,CRITICAL,Extremely Experienced Committee Substitute,PoliticianExperience
1181103,2026-08-29 00:00:00,EUN,EUN,COMMITTEE,Committee with no committee motions,Behavior,CRITICAL,NoCommitteeMotions,CommitteeInactivity
1182150,2026-08-29 00:00:00,0504851635310,Daniel Helldén (MP),POLITICIAN,"We have a lazy politician, absent 25-55% of ballots last year",Behavior,CRITICAL,HighAbsenteeism,PoliticianLazy
1181485,2026-08-29 00:00:00,0557180142229,Fredrik Lindahl (SD),POLITICIAN,"We have an politician with busy schedule, more than 4 current roles and busy past",Behavior,MINOR,Influential,PoliticianBusySchedule
1181176,2026-08-29 00:00:00,0211757295524,Josef Fransson (SD),POLITICIAN,Politician with concerning abstention pattern - frequently abstaining,Behavior,MAJOR,FrequentAbstention,PoliticianAbstentionPattern
1181970,2026-08-29 00:00:00,0250583732424,Jesper Skalberg Karlsson (M),POLITICIAN,Politician with multiple current assignments,Assignments,MINOR,Multiple Current Assignments,PoliticianBalancedRules
1181866,2026-08-29 00:00:00,0721509806321,Nooshi Dadgostar (V),POLITICIAN,Politician with critical abstention pattern - excessive abstention rate,Behavior,CRITICAL,ExcessiveAbstention,PoliticianAbstentionPattern
1181390,2026-08-29 00:00:00,0125036219125,Nina Larsson (L),POLITICIAN,Politician with high committee substitute ratio,CommitteeExperience,MINOR,Primarily Serving as Committee Substitute,PoliticianInfluence
1182241,2026-08-29 00:00:00,02910042914,Carina Ödebrink (S),POLITICIAN,Politician with no multi-party collaboration,Behavior,CRITICAL,NoMultiPartyCollaboration,PoliticianIsolatedBehavior
1181188,2026-08-29 00:00:00,0717363246311,Jessica Stegrud (SD),POLITICIAN,Politician with no multi-party collaboration,Behavior,CRITICAL,NoMultiPartyCollaboration,PoliticianIsolatedBehavior
1181144,2026-08-29 00:00:00,048561486727,Isabell Mixter (V),POLITICIAN,Politician with high abstention pattern - very high abstention rate,Behavior,MAJOR,HighAbstention,PoliticianAbstentionPattern
1182130,2026-08-29 00:00:00,0203877548421,Malin Larsson (S),POLITICIAN,Politician with more than 600 days served as committee substitute,Experience,CRITICAL,Extremely Experienced Committee Substitute,PoliticianExperience
1181500,2026-08-29 00:00:00,0407081382317,Anna-Caren Sätherberg (S),POLITICIAN,Politician with high abstention rate - over 9% annually,Behavior,MINOR,HighAbstentionRate,PoliticianLowVotingParticipation
1182306,2026-08-29 00:00:00,0653904370212,Fredrik Olovsson (S),POLITICIAN,Politician with more than 900 days served in committee leadership,Experience,CRITICAL,Extremely Experienced Committee Leader,PoliticianExperience
1180158,2026-08-29 00:00:00,084624777218,Helena Lindahl (C),POLITICIAN,Politician with extremely low collaboration - below 1%,Behavior,MINOR,ExtremelyLowCollaboration,PoliticianIsolatedBehavior
1181503,2026-08-29 00:00:00,0407081382317,Anna-Caren Sätherberg (S),POLITICIAN,Politician with high committee substitute ratio,CommitteeExperience,MINOR,Primarily Serving as Committee Substitute,PoliticianInfluence
1181711,2026-08-29 00:00:00,0855286184126,Jessica Rodén (S),POLITICIAN,"We have a lazy politician, absent 12-17% of ballots last year",Behavior,MINOR,ModerateAbsenteeism,PoliticianLazy
1181733,2026-08-29 00:00:00,0482689573825,Björn Wiechel (S),POLITICIAN,Politician with no multi-party collaboration,Behavior,CRITICAL,NoMultiPartyCollaboration,PoliticianIsolatedBehavior
1181536,2026-08-29 00:00:00,0387230530213,Crister Carlsson (M),POLITICIAN,Politician with no multi-party collaboration,Behavior,CRITICAL,NoMultiPartyCollaboration,PoliticianIsolatedBehavior
1181516,2026-08-29 00:00:00,0783069490115,Mirja Räihä (S),POLITICIAN,Politician with more than 600 days served as committee substitute,Experience,CRITICAL,Extremely Experienced Committee Substitute,PoliticianExperience
1181471,2026-08-29 00:00:00,0792733370419,Magnus Oscarsson (KD),POLITICIAN,Politician with high committee substitute ratio,CommitteeExperience,MINOR,Primarily Serving as Committee Substitute,PoliticianInfluence
1180699,2026-08-29 00:00:00,0469084171710,Ulrika Westerlund (MP),POLITICIAN,Politician with more than 6 current assignments,Assignments,CRITICAL,More than 6 Current Assignments,PoliticianBalancedRules
1181873,2026-08-29 00:00:00,0624040854527,Emma Berginger (MP),POLITICIAN,Politician with concerning abstention pattern - frequently abstaining,Behavior,MAJOR,FrequentAbstention,PoliticianAbstentionPattern
1180501,2026-08-29 00:00:00,0341628241813,Marianne Fundahn (S),POLITICIAN,Politician with more than 600 days served as committee substitute,Experience,CRITICAL,Extremely Experienced Committee Substitute,PoliticianExperience
1180952,2026-08-29 00:00:00,0251136832626,Muharrem Demirok (C),POLITICIAN,Politician with no multi-party collaboration,Behavior,CRITICAL,NoMultiPartyCollaboration,PoliticianIsolatedBehavior
1181064,2026-08-29 00:00:00,0880018341619,Thomas Morell (SD),POLITICIAN,Politician with very low document activity last year,Behavior,MINOR,LowProductivity,PoliticianLowDocumentActivity
1181225,2026-08-29 00:00:00,0122987223112,Lotta Johnsson Fornarve (V),POLITICIAN,Politician with no multi-party collaboration,Behavior,CRITICAL,NoMultiPartyCollaboration,PoliticianIsolatedBehavior
1181980,2026-08-29 00:00:00,0604604418610,Jacob Risberg (MP),POLITICIAN,Politician with high abstention pattern - very high abstention rate,Behavior,MAJOR,HighAbstention,PoliticianAbstentionPattern
1180283,2026-08-29 00:00:00,0910803550317,Lena Johansson (S),POLITICIAN,Politician with more than 600 days served as committee substitute,Experience,CRITICAL,Extremely Experienced Committee Substitute,PoliticianExperience
1180239,2026-08-29 00:00:00,0607691439013,Karin Enström (M),POLITICIAN,Politician with high abstention rate - over 9% annually,Behavior,MINOR,HighAbstentionRate,PoliticianLowVotingParticipation
1182082,2026-08-29 00:00:00,0111697351426,Louise Eklund (L),POLITICIAN,Politician with high committee substitute ratio,CommitteeExperience,MINOR,Primarily Serving as Committee Substitute,PoliticianInfluence
1181372,2026-08-29 00:00:00,010392780417,Marie Olsson (S),POLITICIAN,Politician with no multi-party collaboration,Behavior,CRITICAL,NoMultiPartyCollaboration,PoliticianIsolatedBehavior
1181673,2026-08-29 00:00:00,0494242537816,Hans Eklind (KD),POLITICIAN,Politician with more than 6 current assignments,Assignments,CRITICAL,More than 6 Current Assignments,PoliticianBalancedRules
1180147,2026-08-29 00:00:00,0538387395826,Mats Green (M),POLITICIAN,Politician currently active in committee leadership,Role,MINOR,Active Committee Leader,PoliticianLeadershipRole
1182062,2026-08-29 00:00:00,074310796828,Magnus Resare (M),POLITICIAN,Politician with multiple current assignments,Assignments,MINOR,Multiple Current Assignments,PoliticianBalancedRules
1182237,2026-08-29 00:00:00,033935884729,Martina Johansson (C),POLITICIAN,We have an politician with leading role in the party,Behavior,MINOR,Influential,PoliticianPartyLeader
1180321,2026-08-29 00:00:00,0497217816024,Markus Selin (S),POLITICIAN,Politician with strategic abstention - high abstention but high presence,Behavior,MAJOR,StrategicAbstentionPresent,PoliticianAbstentionPattern
1182257,2026-08-29 00:00:00,019430605328,Josefin Malmqvist (M),POLITICIAN,Politician with high committee substitute ratio,CommitteeExperience,MINOR,Primarily Serving as Committee Substitute,PoliticianInfluence
1180341,2026-08-29 00:00:00,V,V,PARTY,We have an active Party with no government experience,Experience,MINOR,ExperienceNoGuaranteeOfSuccess,PartyNoGovernmentExperience
1182054,2026-08-29 00:00:00,0903081277919,Helena Vilhelmsson (C),POLITICIAN,"We have an politician with busy schedule, more than 6 current roles and busy past",Behavior,CRITICAL,Influential,PoliticianBusySchedule
1181308,2026-08-29 00:00:00,0802091197024,Andrea Andersson Tay (V),POLITICIAN,Politician with more than 600 days served as committee substitute,Experience,CRITICAL,Extremely Experienced Committee Substitute,PoliticianExperience
1182252,2026-08-29 00:00:00,068822158616,Katarina Tolgfors (M),POLITICIAN,Politician with high committee substitute ratio,CommitteeExperience,MINOR,Primarily Serving as Committee Substitute,PoliticianInfluence
1181163,2026-08-29 00:00:00,0964730940415,Johan Andersson (S),POLITICIAN,Politician with more than 600 days served as committee substitute,Experience,CRITICAL,Extremely Experienced Committee Substitute,PoliticianExperience
1180188,2026-08-29 00:00:00,0157618290428,Rashid Farivar (SD),POLITICIAN,Politician with no multi-party collaboration,Behavior,CRITICAL,NoMultiPartyCollaboration,PoliticianIsolatedBehavior
1182204,2026-08-29 00:00:00,0371882294919,Carita Boulwén (SD),POLITICIAN,Politician with more than 600 days served as committee substitute,Experience,CRITICAL,Extremely Experienced Committee Substitute,PoliticianExperience
1181026,2026-08-29 00:00:00,0980092192122,Joar Forssell (L),POLITICIAN,Politician with high committee substitute ratio,CommitteeExperience,MINOR,Primarily Serving as Committee Substitute,PoliticianInfluence
1181246,2026-08-29 00:00:00,0776705932527,Ciczie Weidby (V),POLITICIAN,Politician with no multi-party collaboration,Behavior,CRITICAL,NoMultiPartyCollaboration,PoliticianIsolatedBehavior
1181653,2026-08-29 00:00:00,0362779191527,Erik Hellsborn (SD),POLITICIAN,Politician with high committee substitute ratio,CommitteeExperience,MINOR,Primarily Serving as Committee Substitute,PoliticianInfluence
1180456,2026-08-29 00:00:00,0155487380917,Kerstin Lundgren (C),POLITICIAN,Politician served as a speaker for more than 2000 days,Experience,MAJOR,Highly Experienced Speaker,PoliticianSpeaker
1182335,2026-08-29 00:00:00,0256716955026,Serkan Köse (S),POLITICIAN,"We have an politician with busy schedule, more than 5 current roles and busy past",Behavior,MAJOR,Influential,PoliticianBusySchedule
1182414,2026-08-29 00:00:00,0630820052511,Per-Arne Håkansson (S),POLITICIAN,Politician with more than 600 days served as committee substitute,Experience,CRITICAL,Extremely Experienced Committee Substitute,PoliticianExperience
1180923,2026-08-29 00:00:00,071293048118,Thomas Ragnarsson (M),POLITICIAN,Politician with zero collaboration,Behavior,MAJOR,ZeroCollaboration,PoliticianIsolatedBehavior
1181226,2026-08-29 00:00:00,0122987223112,Lotta Johnsson Fornarve (V),POLITICIAN,Politician with high committee substitute ratio,CommitteeExperience,MINOR,Primarily Serving as Committee Substitute,PoliticianInfluence
1181554,2026-08-29 00:00:00,0294138886823,Martin Kinnunen (SD),POLITICIAN,Politician with more than 600 days served as committee substitute,Experience,CRITICAL,Extremely Experienced Committee Substitute,PoliticianExperience
1181076,2026-08-29 00:00:00,036926802512,Blåvitt Elofsson (S),POLITICIAN,Politician with critical abstention pattern - excessive abstention rate,Behavior,CRITICAL,ExcessiveAbstention,PoliticianAbstentionPattern
1182220,2026-08-29 00:00:00,0506541436524,Sanne Lennström (S),POLITICIAN,Politician with high committee substitute ratio,CommitteeExperience,MINOR,Primarily Serving as Committee Substitute,PoliticianInfluence
1180689,2026-08-29 00:00:00,0161597857912,Tuve Skånberg (KD),POLITICIAN,Politician with high committee substitute ratio,CommitteeExperience,MINOR,Primarily Serving as Committee Substitute,PoliticianInfluence
1180317,2026-08-29 00:00:00,C,C,PARTY,"We have a party with no opinion, abstain more than 10 % of ballots last year",Behavior,CRITICAL,EnablesMinorityGovernments,PartyNoOpinion
1181539,2026-08-29 00:00:00,014386615025,Ali Esbati (V),POLITICIAN,Politician with no multi-party collaboration,Behavior,CRITICAL,NoMultiPartyCollaboration,PoliticianIsolatedBehavior
1180417,2026-08-29 00:00:00,0256404677510,Cecilia Engström (KD),POLITICIAN,Politician with high committee substitute ratio,CommitteeExperience,MINOR,Primarily Serving as Committee Substitute,PoliticianInfluence
1180258,2026-08-29 00:00:00,0638497389621,Julia Kronlid (SD),POLITICIAN,Politician with multiple current assignments,Assignments,MINOR,Multiple Current Assignments,PoliticianBalancedRules
1182249,2026-08-29 00:00:00,068822158616,Katarina Tolgfors (M),POLITICIAN,Politician showing avoidance pattern - high combined absence and abstention,Behavior,CRITICAL,AvoidancePattern,PoliticianLowEngagement
1182324,2026-08-29 00:00:00,028954589415,Ann-Sofie Alm (M),POLITICIAN,"We have a lazy politician, absent 12-17% of ballots last year",Behavior,MINOR,ModerateAbsenteeism,PoliticianLazy
1180654,2026-08-29 00:00:00,0540190357911,Hans Hoff (S),POLITICIAN,Politician with high committee substitute ratio,CommitteeExperience,MINOR,Primarily Serving as Committee Substitute,PoliticianInfluence
1180870,2026-08-29 00:00:00,0406831930624,Henrik Vinge (SD),POLITICIAN,Politician with high committee substitute ratio,CommitteeExperience,MINOR,Primarily Serving as Committee Substitute,PoliticianInfluence
1180816,2026-08-29 00:00:00,0418929039326,Patrik Lundqvist (S),POLITICIAN,Politician with declining engagement - monthly absence worse than annual,Behavior,MAJOR,WorseningAbsenteeism,PoliticianDecliningEngagement
1181217,2026-08-29 00:00:00,0122987223112,Lotta Johnsson Fornarve (V),POLITICIAN,Politician served as a speaker for more than 1000 days,Experience,MINOR,Experienced Speaker,PoliticianSpeaker
1180572,2026-08-29 00:00:00,0515213566019,Lars Isacsson (S),POLITICIAN,Politician with high committee substitute ratio,CommitteeExperience,MINOR,Primarily Serving as Committee Substitute,PoliticianInfluence
1182099,2026-08-29 00:00:00,0274462857213,Petter Löberg (S),POLITICIAN,Politician with no multi-party collaboration,Behavior,CRITICAL,NoMultiPartyCollaboration,PoliticianIsolatedBehavior
1180743,2026-08-29 00:00:00,0388994689418,Malin Östh (V),POLITICIAN,Politician with critical abstention pattern - excessive abstention rate,Behavior,CRITICAL,ExcessiveAbstention,PoliticianAbstentionPattern
1181261,2026-08-29 00:00:00,0119851690521,David Perez (SD),POLITICIAN,Politician with more than 600 days served as committee substitute,Experience,CRITICAL,Extremely Experienced Committee Substitute,PoliticianExperience
1180926,2026-08-29 00:00:00,KD,KD,PARTY,"We have a party with no opinion, abstain more than 10 % of ballots last year",Behavior,CRITICAL,EnablesMinorityGovernments,PartyNoOpinion
1181425,2026-08-29 00:00:00,0198917587520,Maj Karlsson (V),POLITICIAN,Politician with critical abstention pattern - excessive abstention rate,Behavior,CRITICAL,ExcessiveAbstention,PoliticianAbstentionPattern
1180336,2026-08-29 00:00:00,S,S,PARTY,Party with low average collaboration percentage - below 1.6%,Behavior,MINOR,LowCrossPartyEngagement,PartyLowCollaboration
1181697,2026-08-29 00:00:00,0112333043027,Rasmus Giertz (SD),POLITICIAN,Politician with more than 600 days served as committee substitute,Experience,CRITICAL,Extremely Experienced Committee Substitute,PoliticianExperience
1180810,2026-08-29 00:00:00,0972636989226,Dzenan Cisija (S),POLITICIAN,Politician with high committee substitute ratio,CommitteeExperience,MINOR,Primarily Serving as Committee Substitute,PoliticianInfluence
1182397,2026-08-29 00:00:00,0977592683711,Magnus Jacobsson (KD),POLITICIAN,"We have a lazy politician, absent at least 18 % of ballots last month",Behavior,MAJOR,NA,PoliticianLazy
1181490,2026-08-29 00:00:00,0410231576416,Lars Johnsson (M),POLITICIAN,Politician with no multi-party collaboration,Behavior,CRITICAL,NoMultiPartyCollaboration,PoliticianIsolatedBehavior
1180409,2026-08-29 00:00:00,0256404677510,Cecilia Engström (KD),POLITICIAN,Politician with more than 6 current assignments,Assignments,CRITICAL,More than 6 Current Assignments,PoliticianBalancedRules
1180335,2026-08-29 00:00:00,0144048894712,Ellen Juntti (M),POLITICIAN,Politician with more than 600 days served as committee substitute,Experience,CRITICAL,Extremely Experienced Committee Substitute,PoliticianExperience
1182394,2026-08-29 00:00:00,0977592683711,Magnus Jacobsson (KD),POLITICIAN,Politician with multiple current assignments,Assignments,MINOR,Multiple Current Assignments,PoliticianBalancedRules
1181169,2026-08-29 00:00:00,0832311880029,Erik Ottoson (M),POLITICIAN,Politician currently active in committee leadership,Role,MINOR,Active Committee Leader,PoliticianLeadershipRole
1182337,2026-08-29 00:00:00,0256716955026,Serkan Köse (S),POLITICIAN,Politician with no multi-party collaboration,Behavior,CRITICAL,NoMultiPartyCollaboration,PoliticianIsolatedBehavior
1180503,2026-08-29 00:00:00,0837394708917,Anders Ådahl (C),POLITICIAN,Politician with more than 5 current assignments,Assignments,MAJOR,More than 5 Current Assignments,PoliticianBalancedRules
1182164,2026-08-29 00:00:00,0191189790215,Peter Ollén (M),POLITICIAN,Politician with multiple current assignments,Assignments,MINOR,Multiple Current Assignments,PoliticianBalancedRules
1181594,2026-08-29 00:00:00,0985426914829,Anna Lasses (C),POLITICIAN,Politician with concerning abstention pattern - frequently abstaining,Behavior,MAJOR,FrequentAbstention,PoliticianAbstentionPattern
1180844,2026-08-29 00:00:00,0502490570219,Kristina Axén Olin (M),POLITICIAN,Politician with high committee substitute ratio,CommitteeExperience,MINOR,Primarily Serving as Committee Substitute,PoliticianInfluence
1182026,2026-08-29 00:00:00,066036027425,Mikael Damsgaard (M),POLITICIAN,Politician with high rebel rate - 1.0-2.0% annually,Behavior,MAJOR,HighRebelVoting,PoliticianHighRebelRate
1181336,2026-08-29 00:00:00,0875221317013,Gunilla Carlsson (S),POLITICIAN,Politician with extremely low collaboration - below 1%,Behavior,MINOR,ExtremelyLowCollaboration,PoliticianIsolatedBehavior
1181918,2026-08-29 00:00:00,0222102752213,Stefan Olsson (M),POLITICIAN,Politician with zero collaboration,Behavior,MAJOR,ZeroCollaboration,PoliticianIsolatedBehavior
1181779,2026-08-29 00:00:00,0613297818326,Mathias Tegnér (S),POLITICIAN,Politician with no multi-party collaboration,Behavior,CRITICAL,NoMultiPartyCollaboration,PoliticianIsolatedBehavior
1180563,2026-08-29 00:00:00,0228027853620,Vasiliki Tsouplaki (V),POLITICIAN,Politician with high committee substitute ratio,CommitteeExperience,MINOR,Primarily Serving as Committee Substitute,PoliticianInfluence
1181709,2026-08-29 00:00:00,0130640724922,Clara Aranda (SD),POLITICIAN,Politician with more than 600 days served as committee substitute,Experience,CRITICAL,Extremely Experienced Committee Substitute,PoliticianExperience
1180772,2026-08-29 00:00:00,0750092881021,Joanna Lewerentz (M),POLITICIAN,Politician with no multi-party collaboration,Behavior,CRITICAL,NoMultiPartyCollaboration,PoliticianIsolatedBehavior
1182192,2026-08-29 00:00:00,0503029811325,David Josefsson (M),POLITICIAN,Politician with high committee substitute ratio,CommitteeExperience,MINOR,Primarily Serving as Committee Substitute,PoliticianInfluence
1181014,2026-08-29 00:00:00,0442629549320,Adnan Dibrani (S),POLITICIAN,Politician with high committee substitute ratio,CommitteeExperience,MINOR,Primarily Serving as Committee Substitute,PoliticianInfluence
1181576,2026-08-29 00:00:00,0204240926023,Markus Wiechel (SD),POLITICIAN,Politician with critical abstention pattern - excessive abstention rate,Behavior,CRITICAL,ExcessiveAbstention,PoliticianAbstentionPattern
1181967,2026-08-29 00:00:00,0647668663722,Parisa Liljestrand (M),POLITICIAN,We have an politician minister that has no experience from parliament,Experience,MINOR,OtherExperience,PoliticianMinisterWithoutParliamentExperience
1181265,2026-08-29 00:00:00,0376353897112,Leif Nysmed (S),POLITICIAN,Politician with high committee substitute ratio,CommitteeExperience,MINOR,Primarily Serving as Committee Substitute,PoliticianInfluence
1181090,2026-08-29 00:00:00,0720250789315,Mats Wiking (S),POLITICIAN,Politician with concerning abstention pattern - frequently abstaining,Behavior,MAJOR,FrequentAbstention,PoliticianAbstentionPattern
1182217,2026-08-29 00:00:00,0506541436524,Sanne Lennström (S),POLITICIAN,"We have a lazy politician, absent 12-17% of ballots last year",Behavior,MINOR,ModerateAbsenteeism,PoliticianLazy
1182226,2026-08-29 00:00:00,0603366539729,Malin Danielsson (L),POLITICIAN,"We have a lazy politician, absent 25-55% of ballots last year",Behavior,CRITICAL,HighAbsenteeism,PoliticianLazy
1180263,2026-08-29 00:00:00,0638497389621,Julia Kronlid (SD),POLITICIAN,Politician with high committee substitute ratio,CommitteeExperience,MINOR,Primarily Serving as Committee Substitute,PoliticianInfluence
1181046,2026-08-29 00:00:00,035234573112,Anna-Lena Hedberg (SD),POLITICIAN,Politician with more than 600 days served as committee substitute,Experience,CRITICAL,Extremely Experienced Committee Substitute,PoliticianExperience
1181783,2026-08-29 00:00:00,0642224351118,Pål Jonson (M),POLITICIAN,Politician with current ministry assignments,Ministry,MINOR,Current Ministry Assignments,PoliticianAdditionalAttributes
1182328,2026-08-29 00:00:00,0554852839719,Mikael Dahlqvist (S),POLITICIAN,Politician with high abstention rate - over 9% annually,Behavior,MINOR,HighAbstentionRate,PoliticianLowVotingParticipation
1180958,2026-08-29 00:00:00,0161616238120,Lina Nordquist (L),POLITICIAN,Politician with critical abstention pattern - excessive abstention rate,Behavior,CRITICAL,ExcessiveAbstention,PoliticianAbstentionPattern
1181230,2026-08-29 00:00:00,0389220391128,Christian Carlsson (KD),POLITICIAN,Politician currently active in committee leadership,Role,MINOR,Active Committee Leader,PoliticianLeadershipRole
1181491,2026-08-29 00:00:00,0410231576416,Lars Johnsson (M),POLITICIAN,Politician with more than 600 days served as committee substitute,Experience,CRITICAL,Extremely Experienced Committee Substitute,PoliticianExperience
1181997,2026-08-29 00:00:00,0951905661227,Christofer Bergenblock (C),POLITICIAN,Politician with no multi-party collaboration,Behavior,CRITICAL,NoMultiPartyCollaboration,PoliticianIsolatedBehavior
1181080,2026-08-29 00:00:00,036926802512,Blåvitt Elofsson (S),POLITICIAN,Politician with more than 400 days served as committee substitute,Experience,MAJOR,Highly Experienced Committee Substitute,PoliticianExperience
1182399,2026-08-29 00:00:00,0977592683711,Magnus Jacobsson (KD),POLITICIAN,Politician with combined absence and abstention risk,Behavior,MAJOR,HighAbsenceAndAbstention,PoliticianCombinedRisk
1182258,2026-08-29 00:00:00,019430605328,Josefin Malmqvist (M),POLITICIAN,Politician with more than 600 days served as committee substitute,Experience,CRITICAL,Extremely Experienced Committee Substitute,PoliticianExperience
1182299,2026-08-29 00:00:00,014744660015,Mikael Damberg (S),POLITICIAN,Politician showing avoidance pattern - high combined absence and abstention,Behavior,CRITICAL,AvoidancePattern,PoliticianLowEngagement
1180695,2026-08-29 00:00:00,023767922422,Mats Persson (L),POLITICIAN,Politician with extremely low collaboration - below 1%,Behavior,MINOR,ExtremelyLowCollaboration,PoliticianIsolatedBehavior
1182405,2026-08-29 00:00:00,091303475611,Eric Palmqvist (SD),POLITICIAN,Politician with no multi-party collaboration,Behavior,CRITICAL,NoMultiPartyCollaboration,PoliticianIsolatedBehavior
1180552,2026-08-29 00:00:00,0316505710324,Janine Alm Ericson (MP),POLITICIAN,Politician with strategic abstention - high abstention but high presence,Behavior,MAJOR,StrategicAbstentionPresent,PoliticianAbstentionPattern
1181012,2026-08-29 00:00:00,0610162335824,Niklas Sigvardsson (S),POLITICIAN,Politician with more than 600 days served as committee substitute,Experience,CRITICAL,Extremely Experienced Committee Substitute,PoliticianExperience
1181121,2026-08-29 00:00:00,0682989845822,Håkan Svenneling (V),POLITICIAN,Politician with more than 600 days served as committee substitute,Experience,CRITICAL,Extremely Experienced Committee Substitute,PoliticianExperience
1180650,2026-08-29 00:00:00,0315499690028,Teresa Carvalho (S),POLITICIAN,Politician with more than 900 days served in committee leadership,Experience,CRITICAL,Extremely Experienced Committee Leader,PoliticianExperience
1181525,2026-08-29 00:00:00,0602744999917,Elisabeth Thand Ringqvist (C),POLITICIAN,Politician with high committee substitute ratio,CommitteeExperience,MINOR,Primarily Serving as Committee Substitute,PoliticianInfluence
1180149,2026-08-29 00:00:00,0538387395826,Mats Green (M),POLITICIAN,Politician with no multi-party collaboration,Behavior,CRITICAL,NoMultiPartyCollaboration,PoliticianIsolatedBehavior
1180954,2026-08-29 00:00:00,0161616238120,Lina Nordquist (L),POLITICIAN,Politician with multiple current assignments,Assignments,MINOR,Multiple Current Assignments,PoliticianBalancedRules
1181311,2026-08-29 00:00:00,0358514648113,Marléne Lund Kopparklint (-),POLITICIAN,Politician with no multi-party collaboration,Behavior,CRITICAL,NoMultiPartyCollaboration,PoliticianIsolatedBehavior
1180903,2026-08-29 00:00:00,0819601620927,Annika Hirvonen (MP),POLITICIAN,Politician with high committee substitute ratio,CommitteeExperience,MINOR,Primarily Serving as Committee Substitute,PoliticianInfluence
1181718,2026-08-29 00:00:00,0466653728712,Denis Begic (S),POLITICIAN,Politician with high committee substitute ratio,CommitteeExperience,MINOR,Primarily Serving as Committee Substitute,PoliticianInfluence
1181354,2026-08-29 00:00:00,0525562399327,Caroline Högström (M),POLITICIAN,Politician with high committee substitute ratio,CommitteeExperience,MINOR,Primarily Serving as Committee Substitute,PoliticianInfluence
1181035,2026-08-29 00:00:00,0760500234712,Monica Haider (S),POLITICIAN,Politician showing avoidance pattern - high combined absence and abstention,Behavior,CRITICAL,AvoidancePattern,PoliticianLowEngagement
1180333,2026-08-29 00:00:00,0144048894712,Ellen Juntti (M),POLITICIAN,Politician with no documents last year,Behavior,MAJOR,NoProductivity,PoliticianLowDocumentActivity
1180999,2026-08-29 00:00:00,0246927519019,Karin Rågsjö (V),POLITICIAN,Politician with no multi-party collaboration,Behavior,CRITICAL,NoMultiPartyCollaboration,PoliticianIsolatedBehavior
1181538,2026-08-29 00:00:00,0387230530213,Crister Carlsson (M),POLITICIAN,Politician with more than 600 days served as committee substitute,Experience,CRITICAL,Extremely Experienced Committee Substitute,PoliticianExperience
1180222,2026-08-29 00:00:00,0121939297619,Jamal El-Haj (-),POLITICIAN,Politician with high committee substitute ratio,CommitteeExperience,MINOR,Primarily Serving as Committee Substitute,PoliticianInfluence
1181105,2026-08-29 00:00:00,051207517226,Jimmie Åkesson (SD),POLITICIAN,Politician with multiple current assignments,Assignments,MINOR,Multiple Current Assignments,PoliticianBalancedRules
1182095,2026-08-29 00:00:00,0512510717328,Ebba Busch (KD),POLITICIAN,We have an politician party leader and part of government,Behavior,CRITICAL,Influential,PoliticianPartyLeader
1180470,2026-08-29 00:00:00,0229627943828,Jytte Guteland (S),POLITICIAN,Politician with multiple current assignments,Assignments,MINOR,Multiple Current Assignments,PoliticianBalancedRules
1181179,2026-08-29 00:00:00,0211757295524,Josef Fransson (SD),POLITICIAN,Politician with more than 600 days served as committee substitute,Experience,CRITICAL,Extremely Experienced Committee Substitute,PoliticianExperience
1181340,2026-08-29 00:00:00,0245113256029,Daniel Vencu Öhrlund Castro (S),POLITICIAN,"We have a lazy politician, absent 25-55% of ballots last year",Behavior,CRITICAL,HighAbsenteeism,PoliticianLazy
1180604,2026-08-29 00:00:00,0227531635413,Lars Püss (M),POLITICIAN,Politician with high committee substitute ratio,CommitteeExperience,MINOR,Primarily Serving as Committee Substitute,PoliticianInfluence
1181018,2026-08-29 00:00:00,0773497241728,Roger Hedlund (SD),POLITICIAN,Politician with high committee substitute ratio,CommitteeExperience,MINOR,Primarily Serving as Committee Substitute,PoliticianInfluence
1181112,2026-08-29 00:00:00,0682989845822,Håkan Svenneling (V),POLITICIAN,Politician showing avoidance pattern - high combined absence and abstention,Behavior,CRITICAL,AvoidancePattern,PoliticianLowEngagement
1182109,2026-08-29 00:00:00,0411459873625,Hanna Gunnarsson (V),POLITICIAN,Politician with current party assignments,Party,MINOR,Current Party Assignments,PoliticianAdditionalAttributes
1180765,2026-08-29 00:00:00,0456680171315,Charlotte Quensel (SD),POLITICIAN,Politician with more than 6 current assignments,Assignments,CRITICAL,More than 6 Current Assignments,PoliticianBalancedRules
1180984,2026-08-29 00:00:00,0254695027922,Malcolm Momodou Jallow (-),POLITICIAN,Politician showing avoidance pattern - high combined absence and abstention,Behavior,CRITICAL,AvoidancePattern,PoliticianLowEngagement
1180484,2026-08-29 00:00:00,0229350341619,Ilona Szatmári Waldau (V),POLITICIAN,Politician with no multi-party collaboration,Behavior,CRITICAL,NoMultiPartyCollaboration,PoliticianIsolatedBehavior
1181615,2026-08-29 00:00:00,0947572086414,Anne-Li Sjölund (C),POLITICIAN,Politician with high committee substitute ratio,CommitteeExperience,MINOR,Primarily Serving as Committee Substitute,PoliticianInfluence
1181115,2026-08-29 00:00:00,0682989845822,Håkan Svenneling (V),POLITICIAN,Politician with critical abstention pattern - excessive abstention rate,Behavior,CRITICAL,ExcessiveAbstention,PoliticianAbstentionPattern
1181036,2026-08-29 00:00:00,0760500234712,Monica Haider (S),POLITICIAN,Politician with high abstention rate - over 9% annually,Behavior,MINOR,HighAbstentionRate,PoliticianLowVotingParticipation
1181894,2026-08-29 00:00:00,0456522027421,Linnéa Wickman (S),POLITICIAN,"We have a lazy politician, absent 25-55% of ballots last year",Behavior,CRITICAL,HighAbsenteeism,PoliticianLazy
1181585,2026-08-29 00:00:00,0111479807829,Anna Wallentheim (S),POLITICIAN,Politician with no multi-party collaboration,Behavior,CRITICAL,NoMultiPartyCollaboration,PoliticianIsolatedBehavior
1181966,2026-08-29 00:00:00,0647668663722,Parisa Liljestrand (M),POLITICIAN,Politician with zero collaboration,Behavior,MAJOR,ZeroCollaboration,PoliticianIsolatedBehavior
1180240,2026-08-29 00:00:00,0607691439013,Karin Enström (M),POLITICIAN,Politician with current party assignments,Party,MINOR,Current Party Assignments,PoliticianAdditionalAttributes
1182142,2026-08-29 00:00:00,0440673458216,Ulrika Liljeberg (C),POLITICIAN,Politician with concerning abstention pattern - frequently abstaining,Behavior,MAJOR,FrequentAbstention,PoliticianAbstentionPattern
1180432,2026-08-29 00:00:00,0522054204918,Mattias Karlsson (M),POLITICIAN,"We have an politician with busy schedule, more than 5 current roles and busy past",Behavior,MAJOR,Influential,PoliticianBusySchedule
1181281,2026-08-29 00:00:00,0168348837024,Peter Kullgren (KD),POLITICIAN,We have an politician minister that has no experience from parliament,Experience,MINOR,OtherExperience,PoliticianMinisterWithoutParliamentExperience
1180524,2026-08-29 00:00:00,0271338654822,Ola Möller (S),POLITICIAN,Politician with strategic abstention - high abstention but high presence,Behavior,MAJOR,StrategicAbstentionPresent,PoliticianAbstentionPattern
1180645,2026-08-29 00:00:00,0315499690028,Teresa Carvalho (S),POLITICIAN,Politician currently active in committee leadership,Role,MINOR,Active Committee Leader,PoliticianLeadershipRole
1182180,2026-08-29 00:00:00,0627450126815,Kajsa Fredholm (V),POLITICIAN,Politician with declining effectiveness - monthly win rate much lower than annual,Behavior,MAJOR,DecreasingEffectiveness,PoliticianDecliningEngagement
1182049,2026-08-29 00:00:00,0130789484021,Mattias Bäckström Johansson (SD),POLITICIAN,We have an politician with leading role in the party,Behavior,MINOR,Influential,PoliticianPartyLeader
1181289,2026-08-29 00:00:00,0148424181819,Ann-Christine Frohm (SD),POLITICIAN,Politician with more than 6 current assignments,Assignments,CRITICAL,More than 6 Current Assignments,PoliticianBalancedRules
1180165,2026-08-29 00:00:00,0546731406922,Rebecka Le Moine (MP),POLITICIAN,Politician with high committee substitute ratio,CommitteeExperience,MINOR,Primarily Serving as Committee Substitute,PoliticianInfluence
1181484,2026-08-29 00:00:00,0557180142229,Fredrik Lindahl (SD),POLITICIAN,Politician with multiple current assignments,Assignments,MINOR,Multiple Current Assignments,PoliticianBalancedRules
1180575,2026-08-29 00:00:00,0838085832923,Ann-Sofie Lifvenhage (M),POLITICIAN,Politician with high abstention rate - over 9% annually,Behavior,MINOR,HighAbstentionRate,PoliticianLowVotingParticipation
1180839,2026-08-29 00:00:00,0257612529618,Kenneth G Forslund (S),POLITICIAN,Politician currently active as a speaker,Role,MINOR,Active Speaker,PoliticianSpeaker
1180561,2026-08-29 00:00:00,0228027853620,Vasiliki Tsouplaki (V),POLITICIAN,Politician with critical abstention pattern - excessive abstention rate,Behavior,CRITICAL,ExcessiveAbstention,PoliticianAbstentionPattern
1181686,2026-08-29 00:00:00,0810852280213,Marie-Louise Hänel Sandström (M),POLITICIAN,Politician with high committee substitute ratio,CommitteeExperience,MINOR,Primarily Serving as Committee Substitute,PoliticianInfluence
1181884,2026-08-29 00:00:00,0537400268911,Caroline Helmersson Olsson (S),POLITICIAN,Politician with more than 600 days served as committee substitute,Experience,CRITICAL,Extremely Experienced Committee Substitute,PoliticianExperience
1181136,2026-08-29 00:00:00,0628005785225,Jörgen Berglund (M),POLITICIAN,We have an politician with leading role in the party,Behavior,MINOR,Influential,PoliticianPartyLeader
1180408,2026-08-29 00:00:00,0729710260118,Helena Bouveng (M),POLITICIAN,Politician with more than 600 days served as committee substitute,Experience,CRITICAL,Extremely Experienced Committee Substitute,PoliticianExperience
1180160,2026-08-29 00:00:00,084624777218,Helena Lindahl (C),POLITICIAN,Politician with more than 600 days served as committee substitute,Experience,CRITICAL,Extremely Experienced Committee Substitute,PoliticianExperience
1180529,2026-08-29 00:00:00,065105536026,Niklas Karlsson (S),POLITICIAN,Politician currently active in committee leadership,Role,MINOR,Active Committee Leader,PoliticianLeadershipRole
1181708,2026-08-29 00:00:00,0130640724922,Clara Aranda (SD),POLITICIAN,Politician with high committee substitute ratio,CommitteeExperience,MINOR,Primarily Serving as Committee Substitute,PoliticianInfluence
1181233,2026-08-29 00:00:00,0389220391128,Christian Carlsson (KD),POLITICIAN,Politician with no multi-party collaboration,Behavior,CRITICAL,NoMultiPartyCollaboration,PoliticianIsolatedBehavior
1180221,2026-08-29 00:00:00,0121939297619,Jamal El-Haj (-),POLITICIAN,Politician with no multi-party collaboration,Behavior,CRITICAL,NoMultiPartyCollaboration,PoliticianIsolatedBehavior
1181096,2026-08-29 00:00:00,0360187680814,Mats Hellhoff (SD),POLITICIAN,Politician with zero collaboration,Behavior,MAJOR,ZeroCollaboration,PoliticianIsolatedBehavior
1182140,2026-08-29 00:00:00,0440673458216,Ulrika Liljeberg (C),POLITICIAN,Politician with multiple current assignments,Assignments,MINOR,Multiple Current Assignments,PoliticianBalancedRules
1180632,2026-08-29 00:00:00,07012286624,Daniel Riazat (-),POLITICIAN,Politician with no multi-party collaboration,Behavior,CRITICAL,NoMultiPartyCollaboration,PoliticianIsolatedBehavior
1181762,2026-08-29 00:00:00,0802546764724,Åsa Westlund (S),POLITICIAN,Politician with high abstention pattern - very high abstention rate,Behavior,MAJOR,HighAbstention,PoliticianAbstentionPattern
1180202,2026-08-29 00:00:00,0386912710815,Mats Arkhem (SD),POLITICIAN,Politician with very low average document activity,Behavior,CRITICAL,ChronicallyLowProductivity,PoliticianLowDocumentActivity
1181318,2026-08-29 00:00:00,0999976269027,Amanda Palmstierna (MP),POLITICIAN,Politician with more than 600 days served as committee substitute,Experience,CRITICAL,Extremely Experienced Committee Substitute,PoliticianExperience
1182173,2026-08-29 00:00:00,0381853591928,Malte Tängmark Roos (MP),POLITICIAN,Politician with high committee substitute ratio,CommitteeExperience,MINOR,Primarily Serving as Committee Substitute,PoliticianInfluence
1180531,2026-08-29 00:00:00,065105536026,Niklas Karlsson (S),POLITICIAN,Politician with high abstention rate - over 9% annually,Behavior,MINOR,HighAbstentionRate,PoliticianLowVotingParticipation
1180762,2026-08-29 00:00:00,0764949934324,Ulrika Heindorff (M),POLITICIAN,Politician with no multi-party collaboration,Behavior,CRITICAL,NoMultiPartyCollaboration,PoliticianIsolatedBehavior
1180282,2026-08-29 00:00:00,0910803550317,Lena Johansson (S),POLITICIAN,Politician with high committee substitute ratio,CommitteeExperience,MINOR,Primarily Serving as Committee Substitute,PoliticianInfluence
1180736,2026-08-29 00:00:00,0397205342021,Johan Britz (L),POLITICIAN,We have an politician part of government,Behavior,MAJOR,Influential,PoliticianPartyLeader
1180238,2026-08-29 00:00:00,0607691439013,Karin Enström (M),POLITICIAN,Politician showing avoidance pattern - high combined absence and abstention,Behavior,CRITICAL,AvoidancePattern,PoliticianLowEngagement
1181629,2026-08-29 00:00:00,0767167947420,Erik Slottner (KD),POLITICIAN,Politician with current ministry assignments,Ministry,MINOR,Current Ministry Assignments,PoliticianAdditionalAttributes
1181461,2026-08-29 00:00:00,0592345073323,Anna af Sillén (M),POLITICIAN,Politician with high committee substitute ratio,CommitteeExperience,MINOR,Primarily Serving as Committee Substitute,PoliticianInfluence
1180967,2026-08-29 00:00:00,0538404901718,Malin Löfsjögård (M),POLITICIAN,Politician with no multi-party collaboration,Behavior,CRITICAL,NoMultiPartyCollaboration,PoliticianIsolatedBehavior
1180673,2026-08-29 00:00:00,027964311318,Karin Sundin (S),POLITICIAN,Politician with no multi-party collaboration,Behavior,CRITICAL,NoMultiPartyCollaboration,PoliticianIsolatedBehavior
1181764,2026-08-29 00:00:00,0802546764724,Åsa Westlund (S),POLITICIAN,Politician with no multi-party collaboration,Behavior,CRITICAL,NoMultiPartyCollaboration,PoliticianIsolatedBehavior
1181319,2026-08-29 00:00:00,025877594729,John Widegren (M),POLITICIAN,Politician with multiple current assignments,Assignments,MINOR,Multiple Current Assignments,PoliticianBalancedRules
1181388,2026-08-29 00:00:00,0125036219125,Nina Larsson (L),POLITICIAN,Politician with no multi-party collaboration,Behavior,CRITICAL,NoMultiPartyCollaboration,PoliticianIsolatedBehavior
1180587,2026-08-29 00:00:00,0860364634014,Mattias Ottosson (S),POLITICIAN,Politician with more than 600 days served as committee substitute,Experience,CRITICAL,Extremely Experienced Committee Substitute,PoliticianExperience
1180513,2026-08-29 00:00:00,0588282566419,Lars Beckman (M),POLITICIAN,Politician with more than 600 days served as committee substitute,Experience,CRITICAL,Extremely Experienced Committee Substitute,PoliticianExperience
1181924,2026-08-29 00:00:00,0134101155612,Rikard Larsson (S),POLITICIAN,Politician with no multi-party collaboration,Behavior,CRITICAL,NoMultiPartyCollaboration,PoliticianIsolatedBehavior
1182057,2026-08-29 00:00:00,0903081277919,Helena Vilhelmsson (C),POLITICIAN,Politician with declining engagement - monthly absence worse than annual,Behavior,MAJOR,WorseningAbsenteeism,PoliticianDecliningEngagement
1181784,2026-08-29 00:00:00,0642224351118,Pål Jonson (M),POLITICIAN,Politician with no multi-party collaboration,Behavior,CRITICAL,NoMultiPartyCollaboration,PoliticianIsolatedBehavior
1182353,2026-08-29 00:00:00,023732429721,Sofie Eriksson (S),POLITICIAN,Politician with high committee substitute ratio,CommitteeExperience,MINOR,Primarily Serving as Committee Substitute,PoliticianInfluence
1182289,2026-08-29 00:00:00,0904448094023,Linus Lakso (MP),POLITICIAN,Politician with low impact - present but ineffective,Behavior,MAJOR,PresentButIneffective,PoliticianLowEngagement
1180332,2026-08-29 00:00:00,0144048894712,Ellen Juntti (M),POLITICIAN,Politician with no multi-party collaboration,Behavior,CRITICAL,NoMultiPartyCollaboration,PoliticianIsolatedBehavior
1180799,2026-08-29 00:00:00,0899112324519,Elisabeth Svantesson (M),POLITICIAN,Politician with current ministry assignments,Ministry,MINOR,Current Ministry Assignments,PoliticianAdditionalAttributes
1181878,2026-08-29 00:00:00,0279488554424,Alexander Christiansson (SD),POLITICIAN,Politician with high committee substitute ratio,CommitteeExperience,MINOR,Primarily Serving as Committee Substitute,PoliticianInfluence
1182225,2026-08-29 00:00:00,0603366539729,Malin Danielsson (L),POLITICIAN,"We have an politician with busy schedule, more than 6 current roles and busy past",Behavior,CRITICAL,Influential,PoliticianBusySchedule
1181664,2026-08-29 00:00:00,0492644357418,Per Söderlund (SD),POLITICIAN,Politician with high committee substitute ratio,CommitteeExperience,MINOR,Primarily Serving as Committee Substitute,PoliticianInfluence
1181931,2026-08-29 00:00:00,037561614928,Lawen Redar (S),POLITICIAN,Politician with high abstention rate - over 9% annually,Behavior,MINOR,HighAbstentionRate,PoliticianLowVotingParticipation
1181331,2026-08-29 00:00:00,0283284978818,Markus Kallifatides (S),POLITICIAN,Politician with no multi-party collaboration,Behavior,CRITICAL,NoMultiPartyCollaboration,PoliticianIsolatedBehavior
1181752,2026-08-29 00:00:00,0836001490919,Ulrika Heie (C),POLITICIAN,Politician currently active in committee leadership,Role,MINOR,Active Committee Leader,PoliticianLeadershipRole
1181721,2026-08-29 00:00:00,0210444373111,Katarina Luhr (MP),POLITICIAN,Politician with current party assignments,Party,MINOR,Current Party Assignments,PoliticianAdditionalAttributes
1182244,2026-08-29 00:00:00,0796312429425,Viktor Wärnick (M),POLITICIAN,Politician currently active in committee leadership,Role,MINOR,Active Committee Leader,PoliticianLeadershipRole
1181283,2026-08-29 00:00:00,0168348837024,Peter Kullgren (KD),POLITICIAN,Politician with more than 1000 days served in government,Experience,MINOR,Experienced in Government,PoliticianExperience
1180828,2026-08-29 00:00:00,069534526423,Mathias Bengtsson (KD),POLITICIAN,"We have an politician 24-30, no adult experience outside of parliament",Attribute,MINOR,NewComer,PoliticianYoungMember
1181157,2026-08-29 00:00:00,0911490574010,Isabella Lövin (MP),POLITICIAN,Politician with no multi-party collaboration,Behavior,CRITICAL,NoMultiPartyCollaboration,PoliticianIsolatedBehavior
1181267,2026-08-29 00:00:00,0138741628520,Angelika Bengtsson (SD),POLITICIAN,Politician with multiple current assignments,Assignments,MINOR,Multiple Current Assignments,PoliticianBalancedRules
1181264,2026-08-29 00:00:00,0376353897112,Leif Nysmed (S),POLITICIAN,Politician with no multi-party collaboration,Behavior,CRITICAL,NoMultiPartyCollaboration,PoliticianIsolatedBehavior
1180405,2026-08-29 00:00:00,0729710260118,Helena Bouveng (M),POLITICIAN,Politician with multiple current assignments,Assignments,MINOR,Multiple Current Assignments,PoliticianBalancedRules
1181785,2026-08-29 00:00:00,0642224351118,Pål Jonson (M),POLITICIAN,Politician with high committee substitute ratio,CommitteeExperience,MINOR,Primarily Serving as Committee Substitute,PoliticianInfluence
1180783,2026-08-29 00:00:00,0469384565811,Anders Alftberg (SD),POLITICIAN,"We have a lazy politician, absent 12-17% of ballots last year",Behavior,MINOR,ModerateAbsenteeism,PoliticianLazy
1182176,2026-08-29 00:00:00,0627450126815,Kajsa Fredholm (V),POLITICIAN,Politician with high abstention rate - over 9% annually,Behavior,MINOR,HighAbstentionRate,PoliticianLowVotingParticipation
1180458,2026-08-29 00:00:00,0155487380917,Kerstin Lundgren (C),POLITICIAN,Politician with high abstention pattern - very high abstention rate,Behavior,MAJOR,HighAbstention,PoliticianAbstentionPattern
1180394,2026-08-29 00:00:00,Försvarsdepartementet,Försvarsdepartementet,MINISTRY,Ministry with small member size - understaffed,Structure,MINOR,SmallTeam,MinistryUnderstaffed
1182030,2026-08-29 00:00:00,0963046628824,Christian Lindefjärd (SD),POLITICIAN,Politician with no multi-party collaboration,Behavior,CRITICAL,NoMultiPartyCollaboration,PoliticianIsolatedBehavior
1182411,2026-08-29 00:00:00,0630820052511,Per-Arne Håkansson (S),POLITICIAN,Politician with high abstention pattern - very high abstention rate,Behavior,MAJOR,HighAbstention,PoliticianAbstentionPattern
1181511,2026-08-29 00:00:00,0831039938224,Adam Marttinen (SD),POLITICIAN,Politician with more than 600 days served as committee substitute,Experience,CRITICAL,Extremely Experienced Committee Substitute,PoliticianExperience
1182002,2026-08-29 00:00:00,0888807074321,Amanda Lind (MP),POLITICIAN,Politician with declining effectiveness - monthly win rate much lower than annual,Behavior,MAJOR,DecreasingEffectiveness,PoliticianDecliningEngagement
1180937,2026-08-29 00:00:00,0360160202728,Emma Ahlström Köster (M),POLITICIAN,Politician with extreme combined risk - very high absence and very low win rate,Behavior,CRITICAL,ExtremeLowParticipationAndEffectiveness,PoliticianLowVotingParticipation
1181506,2026-08-29 00:00:00,0831039938224,Adam Marttinen (SD),POLITICIAN,Politician with high abstention rate - over 9% annually,Behavior,MINOR,HighAbstentionRate,PoliticianLowVotingParticipation
1180354,2026-08-29 00:00:00,0236597884217,Rose-Marie Carlsson (S),POLITICIAN,Politician showing avoidance pattern - high combined absence and abstention,Behavior,CRITICAL,AvoidancePattern,PoliticianLowEngagement
1181043,2026-08-29 00:00:00,035234573112,Anna-Lena Hedberg (SD),POLITICIAN,Politician with multiple current assignments,Assignments,MINOR,Multiple Current Assignments,PoliticianBalancedRules
1181717,2026-08-29 00:00:00,0466653728712,Denis Begic (S),POLITICIAN,Politician with no multi-party collaboration,Behavior,CRITICAL,NoMultiPartyCollaboration,PoliticianIsolatedBehavior
1181324,2026-08-29 00:00:00,025877594729,John Widegren (M),POLITICIAN,Politician with more than 600 days served as committee substitute,Experience,CRITICAL,Extremely Experienced Committee Substitute,PoliticianExperience
1180974,2026-08-29 00:00:00,0202577142527,Matheus Enholm (SD),POLITICIAN,Politician with no multi-party collaboration,Behavior,CRITICAL,NoMultiPartyCollaboration,PoliticianIsolatedBehavior
1180674,2026-08-29 00:00:00,027964311318,Karin Sundin (S),POLITICIAN,Politician with high committee substitute ratio,CommitteeExperience,MINOR,Primarily Serving as Committee Substitute,PoliticianInfluence
1181938,2026-08-29 00:00:00,0966063008623,Leonid Yurkovskiy (SD),POLITICIAN,Politician with no multi-party collaboration,Behavior,CRITICAL,NoMultiPartyCollaboration,PoliticianIsolatedBehavior
1182269,2026-08-29 00:00:00,0770363683317,Malin Björk (C),POLITICIAN,Politician with high committee substitute ratio,CommitteeExperience,MINOR,Primarily Serving as Committee Substitute,PoliticianInfluence
1180421,2026-08-29 00:00:00,0604811710522,Ida Drougge (M),POLITICIAN,Politician with very low document activity last year,Behavior,MINOR,LowProductivity,PoliticianLowDocumentActivity
1180516,2026-08-29 00:00:00,0861521539920,Aron Emilsson (SD),POLITICIAN,"We have an politician with busy schedule, more than 5 current roles and busy past",Behavior,MAJOR,Influential,PoliticianBusySchedule
1180439,2026-08-29 00:00:00,0899169869710,Helena Gellerman (L),POLITICIAN,Politician with high abstention rate - over 9% annually,Behavior,MINOR,HighAbstentionRate,PoliticianLowVotingParticipation
1182052,2026-08-29 00:00:00,0903081277919,Helena Vilhelmsson (C),POLITICIAN,Politician showing avoidance pattern - high combined absence and abstention,Behavior,CRITICAL,AvoidancePattern,PoliticianLowEngagement
1181140,2026-08-29 00:00:00,0641953830512,Magnus Persson (SD),POLITICIAN,Politician with no multi-party collaboration,Behavior,CRITICAL,NoMultiPartyCollaboration,PoliticianIsolatedBehavior
1181590,2026-08-29 00:00:00,0845133742919,Lili André (KD),POLITICIAN,Politician with no multi-party collaboration,Behavior,CRITICAL,NoMultiPartyCollaboration,PoliticianIsolatedBehavior
1181363,2026-08-29 00:00:00,0184968091618,Jan Riise (MP),POLITICIAN,Politician with no multi-party collaboration,Behavior,CRITICAL,NoMultiPartyCollaboration,PoliticianIsolatedBehavior
1181451,2026-08-29 00:00:00,0879782396219,Olle Thorell (S),POLITICIAN,Politician with more than 600 days served as committee substitute,Experience,CRITICAL,Extremely Experienced Committee Substitute,PoliticianExperience
1180912,2026-08-29 00:00:00,0939158389321,Samuel Gonzalez Westling (V),POLITICIAN,Politician showing avoidance pattern - high combined absence and abstention,Behavior,CRITICAL,AvoidancePattern,PoliticianLowEngagement
1180459,2026-08-29 00:00:00,0155487380917,Kerstin Lundgren (C),POLITICIAN,"We have an politician older than 70, passed retirement age in Sweden",Attribute,MAJOR,LongTimer,PoliticianTimeToRetire
1182076,2026-08-29 00:00:00,0662032691523,Amalia Rud Stenlöf (S),POLITICIAN,Politician with more than 600 days served as committee substitute,Experience,CRITICAL,Extremely Experienced Committee Substitute,PoliticianExperience
1181330,2026-08-29 00:00:00,0283284978818,Markus Kallifatides (S),POLITICIAN,Politician with very high rebel rate - 2.0-5.0% annually,Behavior,CRITICAL,VeryHighRebelVoting,PoliticianHighRebelRate
1181028,2026-08-29 00:00:00,0591055036519,Mauricio Rojas (L),POLITICIAN,Politician with more than 5 current assignments,Assignments,MAJOR,More than 5 Current Assignments,PoliticianBalancedRules
1182401,2026-08-29 00:00:00,0977592683711,Magnus Jacobsson (KD),POLITICIAN,Politician with more than 900 days served in committee leadership,Experience,CRITICAL,Extremely Experienced Committee Leader,PoliticianExperience
1182325,2026-08-29 00:00:00,028954589415,Ann-Sofie Alm (M),POLITICIAN,Politician with no multi-party collaboration,Behavior,CRITICAL,NoMultiPartyCollaboration,PoliticianIsolatedBehavior
1181533,2026-08-29 00:00:00,0852475703226,Lorena Delgado Varas (-),POLITICIAN,Politician with high committee substitute ratio,CommitteeExperience,MINOR,Primarily Serving as Committee Substitute,PoliticianInfluence
1180624,2026-08-29 00:00:00,0853395328224,Lena Hallengren (S),POLITICIAN,Politician with medium committee leadership ratio,CommitteeExperience,MINOR,Medium Committee Leadership Influence,PoliticianInfluence
1181431,2026-08-29 00:00:00,0198917587520,Maj Karlsson (V),POLITICIAN,Politician with more than 600 days served as committee substitute,Experience,CRITICAL,Extremely Experienced Committee Substitute,PoliticianExperience
1180872,2026-08-29 00:00:00,0533104339313,Merit Frost Lindberg (M),POLITICIAN,Politician with multiple current assignments,Assignments,MINOR,Multiple Current Assignments,PoliticianBalancedRules
1182254,2026-08-29 00:00:00,019430605328,Josefin Malmqvist (M),POLITICIAN,Politician with declining engagement - monthly absence worse than annual,Behavior,MAJOR,WorseningAbsenteeism,PoliticianDecliningEngagement
1181203,2026-08-29 00:00:00,0475778011711,Hans Ekström (S),POLITICIAN,Politician with no multi-party collaboration,Behavior,CRITICAL,NoMultiPartyCollaboration,PoliticianIsolatedBehavior
1180228,2026-08-29 00:00:00,0847676507229,Stina Larsson (C),POLITICIAN,Politician showing disengagement pattern - high recent absence and abstention,Behavior,CRITICAL,DisengagementPattern,PoliticianDecliningEngagement
1180187,2026-08-29 00:00:00,0157618290428,Rashid Farivar (SD),POLITICIAN,"We have a lazy politician, absent at least 18 % of ballots last month",Behavior,MAJOR,NA,PoliticianLazy
1180539,2026-08-29 00:00:00,0671571847522,Mattias Eriksson Falk (SD),POLITICIAN,Politician with high committee substitute ratio,CommitteeExperience,MINOR,Primarily Serving as Committee Substitute,PoliticianInfluence
1181280,2026-08-29 00:00:00,0168348837024,Peter Kullgren (KD),POLITICIAN,Politician with no multi-party collaboration,Behavior,CRITICAL,NoMultiPartyCollaboration,PoliticianIsolatedBehavior
1181193,2026-08-29 00:00:00,0828721176319,Sten Bergheden (M),POLITICIAN,Politician with multiple current assignments,Assignments,MINOR,Multiple Current Assignments,PoliticianBalancedRules
1182124,2026-08-29 00:00:00,0559925283228,Teres Lindberg (S),POLITICIAN,Politician with high committee substitute ratio,CommitteeExperience,MINOR,Primarily Serving as Committee Substitute,PoliticianInfluence
1181287,2026-08-29 00:00:00,0982795248728,Jakob Forssmed (KD),POLITICIAN,We have an politician part of government,Behavior,MAJOR,Influential,PoliticianPartyLeader
1180330,2026-08-29 00:00:00,M,M,PARTY,Party with declining performance - monthly win rate significantly lower than annual,Behavior,MAJOR,DecreasingWinRate,PartyDecliningPerformance
1182424,2026-08-29 00:00:00,083953568015,Malin Höglund (M),POLITICIAN,Politician with multiple current assignments,Assignments,MINOR,Multiple Current Assignments,PoliticianBalancedRules
1180496,2026-08-29 00:00:00,0341628241813,Marianne Fundahn (S),POLITICIAN,"We have an politician older than 65, retirement age in Sweden",Attribute,MINOR,LongTimer,PoliticianTimeToRetire
1181724,2026-08-29 00:00:00,0210444373111,Katarina Luhr (MP),POLITICIAN,Politician with declining effectiveness - monthly win rate much lower than annual,Behavior,MAJOR,DecreasingEffectiveness,PoliticianDecliningEngagement
1180585,2026-08-29 00:00:00,0860364634014,Mattias Ottosson (S),POLITICIAN,Politician with combined absence and abstention risk,Behavior,MAJOR,HighAbsenceAndAbstention,PoliticianCombinedRisk
1180227,2026-08-29 00:00:00,0847676507229,Stina Larsson (C),POLITICIAN,Politician with strategic abstention - high abstention but high presence,Behavior,MAJOR,StrategicAbstentionPresent,PoliticianAbstentionPattern
1180921,2026-08-29 00:00:00,0939158389321,Samuel Gonzalez Westling (V),POLITICIAN,We have an politician with leading role in the party,Behavior,MINOR,Influential,PoliticianPartyLeader
1182377,2026-08-29 00:00:00,0986091320811,Catarina Deremar (C),POLITICIAN,Politician rarely wins votes - below 20% win rate annually,Behavior,MAJOR,VeryLowWinRate,PoliticianIneffectiveVoting
1182358,2026-08-29 00:00:00,02658325625,Angelica Lundberg (SD),POLITICIAN,Politician with high committee substitute ratio,CommitteeExperience,MINOR,Primarily Serving as Committee Substitute,PoliticianInfluence
1180989,2026-08-29 00:00:00,0254695027922,Malcolm Momodou Jallow (-),POLITICIAN,Politician with declining engagement - monthly absence worse than annual,Behavior,MAJOR,WorseningAbsenteeism,PoliticianDecliningEngagement
1180808,2026-08-29 00:00:00,0616131020021,Fredrik Brange (L),POLITICIAN,Politician with current party assignments,Party,MINOR,Current Party Assignments,PoliticianAdditionalAttributes
1182207,2026-08-29 00:00:00,0383111552218,Jonas Sjöstedt (V),POLITICIAN,Politician with more than 600 days served as committee substitute,Experience,CRITICAL,Extremely Experienced Committee Substitute,PoliticianExperience
1182345,2026-08-29 00:00:00,0474290584024,Azadeh Rojhan (S),POLITICIAN,Politician with high abstention rate - over 9% annually,Behavior,MINOR,HighAbstentionRate,PoliticianLowVotingParticipation
1182135,2026-08-29 00:00:00,037781229619,Staffan Eklöf (SD),POLITICIAN,Politician with multiple current assignments,Assignments,MINOR,Multiple Current Assignments,PoliticianBalancedRules
1181543,2026-08-29 00:00:00,0749416304126,Marie Nicholson (M),POLITICIAN,"We have a lazy politician, absent 12-17% of ballots last year",Behavior,MINOR,ModerateAbsenteeism,PoliticianLazy
1181407,2026-08-29 00:00:00,0985943148917,Victoria Tiblom (SD),POLITICIAN,Politician with more than 600 days served as committee substitute,Experience,CRITICAL,Extremely Experienced Committee Substitute,PoliticianExperience
1180745,2026-08-29 00:00:00,0388994689418,Malin Östh (V),POLITICIAN,"We have a lazy politician, absent 12-17% of ballots last year",Behavior,MINOR,ModerateAbsenteeism,PoliticianLazy
1180297,2026-08-29 00:00:00,0262411569110,Helene Odenjung (L),POLITICIAN,Politician with more than 5 current assignments,Assignments,MAJOR,More than 5 Current Assignments,PoliticianBalancedRules
1180504,2026-08-29 00:00:00,0837394708917,Anders Ådahl (C),POLITICIAN,Politician with current party assignments,Party,MINOR,Current Party Assignments,PoliticianAdditionalAttributes
1182031,2026-08-29 00:00:00,0963046628824,Christian Lindefjärd (SD),POLITICIAN,Politician with very low document activity last year,Behavior,MINOR,LowProductivity,PoliticianLowDocumentActivity
1180691,2026-08-29 00:00:00,023767922422,Mats Persson (L),POLITICIAN,Politician with multiple current assignments,Assignments,MINOR,Multiple Current Assignments,PoliticianBalancedRules
1180883,2026-08-29 00:00:00,0723133822026,Carl Nordblom (M),POLITICIAN,Politician with more than 600 days served as committee substitute,Experience,CRITICAL,Extremely Experienced Committee Substitute,PoliticianExperience
1181919,2026-08-29 00:00:00,0222102752213,Stefan Olsson (M),POLITICIAN,Politician with high committee substitute ratio,CommitteeExperience,MINOR,Primarily Serving as Committee Substitute,PoliticianInfluence
1180722,2026-08-29 00:00:00,0895706637124,Abir Al-Sahlani (C),POLITICIAN,Politician with no multi-party collaboration,Behavior,CRITICAL,NoMultiPartyCollaboration,PoliticianIsolatedBehavior
1181944,2026-08-29 00:00:00,0105632258713,Boriana Åberg (M),POLITICIAN,Politician with high committee substitute ratio,CommitteeExperience,MINOR,Primarily Serving as Committee Substitute,PoliticianInfluence
1180474,2026-08-29 00:00:00,0619928872229,Laila Naraghi (S),POLITICIAN,Politician with no multi-party collaboration,Behavior,CRITICAL,NoMultiPartyCollaboration,PoliticianIsolatedBehavior
1181160,2026-08-29 00:00:00,0964730940415,Johan Andersson (S),POLITICIAN,"We have an politician with busy schedule, more than 4 current roles and busy past",Behavior,MINOR,Influential,PoliticianBusySchedule
1181793,2026-08-29 00:00:00,0940980416614,Jan Ericson (M),POLITICIAN,Politician with more than 600 days served as committee substitute,Experience,CRITICAL,Extremely Experienced Committee Substitute,PoliticianExperience
1181007,2026-08-29 00:00:00,010643534813,Eric Westroth (SD),POLITICIAN,Politician with no multi-party collaboration,Behavior,CRITICAL,NoMultiPartyCollaboration,PoliticianIsolatedBehavior
1182027,2026-08-29 00:00:00,066036027425,Mikael Damsgaard (M),POLITICIAN,Politician with high committee substitute ratio,CommitteeExperience,MINOR,Primarily Serving as Committee Substitute,PoliticianInfluence
1181797,2026-08-29 00:00:00,0494843794418,Martin Ådahl (C),POLITICIAN,Politician with high committee substitute ratio,CommitteeExperience,MINOR,Primarily Serving as Committee Substitute,PoliticianInfluence
1180348,2026-08-29 00:00:00,0472349361027,Kalle Olsson (S),POLITICIAN,Politician with combined absence and abstention risk,Behavior,MAJOR,HighAbsenceAndAbstention,PoliticianCombinedRisk
1182245,2026-08-29 00:00:00,0796312429425,Viktor Wärnick (M),POLITICIAN,"We have a lazy politician, absent 12-17% of ballots last year",Behavior,MINOR,ModerateAbsenteeism,PoliticianLazy
1180547,2026-08-29 00:00:00,0920901966627,Tony Haddou (V),POLITICIAN,Politician with more than 900 days served in committee leadership,Experience,CRITICAL,Extremely Experienced Committee Leader,PoliticianExperience
1181298,2026-08-29 00:00:00,0103624617217,Helén Pettersson (S),POLITICIAN,Politician with high committee substitute ratio,CommitteeExperience,MINOR,Primarily Serving as Committee Substitute,PoliticianInfluence
1182089,2026-08-29 00:00:00,0339894357417,Jennie Nilsson (S),POLITICIAN,"We have a lazy politician, absent 25-55% of ballots last year",Behavior,CRITICAL,HighAbsenteeism,PoliticianLazy
1180481,2026-08-29 00:00:00,0229350341619,Ilona Szatmári Waldau (V),POLITICIAN,Politician with critical abstention pattern - excessive abstention rate,Behavior,CRITICAL,ExcessiveAbstention,PoliticianAbstentionPattern
1180451,2026-08-29 00:00:00,0937688366013,Peter Hultqvist (S),POLITICIAN,"We have a lazy politician, absent 17-25% of ballots last year",Behavior,MAJOR,ConcerningAbsenteeism,PoliticianLazy
1181782,2026-08-29 00:00:00,0613297818326,Mathias Tegnér (S),POLITICIAN,Politician with more than 600 days served as committee substitute,Experience,CRITICAL,Extremely Experienced Committee Substitute,PoliticianExperience
1181743,2026-08-29 00:00:00,0496341906327,Alexandra Völker (S),POLITICIAN,Politician with high abstention rate - over 9% annually,Behavior,MINOR,HighAbstentionRate,PoliticianLowVotingParticipation
1181921,2026-08-29 00:00:00,0600069352021,Fredrik Kärrholm (M),POLITICIAN,Politician with zero collaboration,Behavior,MAJOR,ZeroCollaboration,PoliticianIsolatedBehavior
1181956,2026-08-29 00:00:00,0992473266516,Larry Söder (KD),POLITICIAN,Politician with high abstention rate - over 9% annually,Behavior,MINOR,HighAbstentionRate,PoliticianLowVotingParticipation
1181914,2026-08-29 00:00:00,0430865615328,Linda Lindberg (SD),POLITICIAN,We have an politician with leading role in the party,Behavior,MINOR,Influential,PoliticianPartyLeader
1180422,2026-08-29 00:00:00,0604811710522,Ida Drougge (M),POLITICIAN,Politician with high committee substitute ratio,CommitteeExperience,MINOR,Primarily Serving as Committee Substitute,PoliticianInfluence
1181408,2026-08-29 00:00:00,07921826010,Anna-Belle Strömberg (S),POLITICIAN,Politician with no multi-party collaboration,Behavior,CRITICAL,NoMultiPartyCollaboration,PoliticianIsolatedBehavior
1182190,2026-08-29 00:00:00,0616721755222,Louise Meijer (M),POLITICIAN,Politician with more than 600 days served as committee substitute,Experience,CRITICAL,Extremely Experienced Committee Substitute,PoliticianExperience
1182436,2026-08-29 00:00:00,0859909330720,Sanna Backeskog (S),POLITICIAN,Politician with high committee substitute ratio,CommitteeExperience,MINOR,Primarily Serving as Committee Substitute,PoliticianInfluence
1182024,2026-08-29 00:00:00,066036027425,Mikael Damsgaard (M),POLITICIAN,Politician with critical abstention pattern - excessive abstention rate,Behavior,CRITICAL,ExcessiveAbstention,PoliticianAbstentionPattern
1180178,2026-08-29 00:00:00,0665485817222,Daniel Bäckström (C),POLITICIAN,Politician showing avoidance pattern - high combined absence and abstention,Behavior,CRITICAL,AvoidancePattern,PoliticianLowEngagement
1181642,2026-08-29 00:00:00,0768554866215,Katja Nyberg (-),POLITICIAN,We have an politician that left the party still holding assignments,Behavior,CRITICAL,PartyIndependent,PoliticianLeftPartyStillHoldingPositions
1181436,2026-08-29 00:00:00,0302393368216,Camilla Rinaldo Miller (KD),POLITICIAN,Politician with no multi-party collaboration,Behavior,CRITICAL,NoMultiPartyCollaboration,PoliticianIsolatedBehavior
1180646,2026-08-29 00:00:00,0315499690028,Teresa Carvalho (S),POLITICIAN,Politician with high abstention rate - over 9% annually,Behavior,MINOR,HighAbstentionRate,PoliticianLowVotingParticipation
1181680,2026-08-29 00:00:00,0494242537816,Hans Eklind (KD),POLITICIAN,We have an politician with leading role in the party,Behavior,MINOR,Influential,PoliticianPartyLeader
1180571,2026-08-29 00:00:00,0515213566019,Lars Isacsson (S),POLITICIAN,Politician with no multi-party collaboration,Behavior,CRITICAL,NoMultiPartyCollaboration,PoliticianIsolatedBehavior
1181910,2026-08-29 00:00:00,0430865615328,Linda Lindberg (SD),POLITICIAN,"We have an politician with busy schedule, more than 6 current roles and busy past",Behavior,CRITICAL,Influential,PoliticianBusySchedule
1181030,2026-08-29 00:00:00,0591055036519,Mauricio Rojas (L),POLITICIAN,Politician with critical abstention pattern - excessive abstention rate,Behavior,CRITICAL,ExcessiveAbstention,PoliticianAbstentionPattern
1181902,2026-08-29 00:00:00,0880137451720,Emma Nohrén (MP),POLITICIAN,Politician currently active in committee leadership,Role,MINOR,Active Committee Leader,PoliticianLeadershipRole
1180431,2026-08-29 00:00:00,0522054204918,Mattias Karlsson (M),POLITICIAN,Politician with current party assignments,Party,MINOR,Current Party Assignments,PoliticianAdditionalAttributes
1182314,2026-08-29 00:00:00,0457722435319,Tomas Kronståhl (S),POLITICIAN,Politician with high committee substitute ratio,CommitteeExperience,MINOR,Primarily Serving as Committee Substitute,PoliticianInfluence
1182144,2026-08-29 00:00:00,0440673458216,Ulrika Liljeberg (C),POLITICIAN,Politician with no multi-party collaboration,Behavior,CRITICAL,NoMultiPartyCollaboration,PoliticianIsolatedBehavior
1180947,2026-08-29 00:00:00,0344222203323,Dennis Dioukarev (SD),POLITICIAN,Politician with no multi-party collaboration,Behavior,CRITICAL,NoMultiPartyCollaboration,PoliticianIsolatedBehavior
1181031,2026-08-29 00:00:00,0591055036519,Mauricio Rojas (L),POLITICIAN,"We have an politician older than 70, passed retirement age in Sweden",Attribute,MAJOR,LongTimer,PoliticianTimeToRetire
1180919,2026-08-29 00:00:00,0939158389321,Samuel Gonzalez Westling (V),POLITICIAN,Politician with combined high risk - low effectiveness and high absence,Behavior,CRITICAL,HighRiskLowEffectivenessHighAbsence,PoliticianCombinedRisk
1180319,2026-08-29 00:00:00,C,C,PARTY,Party with low document productivity - below 18 docs per member last year,Behavior,MINOR,LowDocumentProductivity,PartyLowEffectiveness
1181015,2026-08-29 00:00:00,0442629549320,Adnan Dibrani (S),POLITICIAN,Politician with more than 600 days served as committee substitute,Experience,CRITICAL,Extremely Experienced Committee Substitute,PoliticianExperience
1181071,2026-08-29 00:00:00,025967059622,Magnus Manhammar (S),POLITICIAN,Politician with more than 600 days served as committee substitute,Experience,CRITICAL,Extremely Experienced Committee Substitute,PoliticianExperience
1180582,2026-08-29 00:00:00,0860364634014,Mattias Ottosson (S),POLITICIAN,"We have a lazy politician, absent 25-55% of ballots last year",Behavior,CRITICAL,HighAbsenteeism,PoliticianLazy
1180847,2026-08-29 00:00:00,0648224557612,Åsa Karlsson (S),POLITICIAN,Politician with concerning abstention pattern - frequently abstaining,Behavior,MAJOR,FrequentAbstention,PoliticianAbstentionPattern
1182373,2026-08-29 00:00:00,0986091320811,Catarina Deremar (C),POLITICIAN,Politician with extreme combined risk - very high absence and very low win rate,Behavior,CRITICAL,ExtremeLowParticipationAndEffectiveness,PoliticianLowVotingParticipation
1180177,2026-08-29 00:00:00,0665485817222,Daniel Bäckström (C),POLITICIAN,Politician with more than 6 current assignments,Assignments,CRITICAL,More than 6 Current Assignments,PoliticianBalancedRules
1181526,2026-08-29 00:00:00,0602744999917,Elisabeth Thand Ringqvist (C),POLITICIAN,We have an politician with leading role in the party,Behavior,MINOR,Influential,PoliticianPartyLeader
1181959,2026-08-29 00:00:00,0992473266516,Larry Söder (KD),POLITICIAN,Politician with critical abstention pattern - excessive abstention rate,Behavior,CRITICAL,ExcessiveAbstention,PoliticianAbstentionPattern
1182075,2026-08-29 00:00:00,0662032691523,Amalia Rud Stenlöf (S),POLITICIAN,Politician with no multi-party collaboration,Behavior,CRITICAL,NoMultiPartyCollaboration,PoliticianIsolatedBehavior
1181357,2026-08-29 00:00:00,0184968091618,Jan Riise (MP),POLITICIAN,Politician showing avoidance pattern - high combined absence and abstention,Behavior,CRITICAL,AvoidancePattern,PoliticianLowEngagement
1182390,2026-08-29 00:00:00,0121015874810,Torsten Elofsson (KD),POLITICIAN,"We have a lazy politician, absent 12-17% of ballots last year",Behavior,MINOR,ModerateAbsenteeism,PoliticianLazy
1181107,2026-08-29 00:00:00,051207517226,Jimmie Åkesson (SD),POLITICIAN,Politician with concerning abstention pattern - frequently abstaining,Behavior,MAJOR,FrequentAbstention,PoliticianAbstentionPattern
1181765,2026-08-29 00:00:00,0802546764724,Åsa Westlund (S),POLITICIAN,Politician with high committee substitute ratio,CommitteeExperience,MINOR,Primarily Serving as Committee Substitute,PoliticianInfluence
1181917,2026-08-29 00:00:00,0222102752213,Stefan Olsson (M),POLITICIAN,"We have a lazy politician, absent at least 18 % of ballots last month",Behavior,MAJOR,NA,PoliticianLazy
1180533,2026-08-29 00:00:00,065105536026,Niklas Karlsson (S),POLITICIAN,Politician with no multi-party collaboration,Behavior,CRITICAL,NoMultiPartyCollaboration,PoliticianIsolatedBehavior
1181701,2026-08-29 00:00:00,0245468368228,Yusuf Aydin (KD),POLITICIAN,Politician with high committee substitute ratio,CommitteeExperience,MINOR,Primarily Serving as Committee Substitute,PoliticianInfluence
1182261,2026-08-29 00:00:00,0606863154419,Mats Berglund (MP),POLITICIAN,"We have an politician with busy schedule, more than 4 current roles and busy past",Behavior,MINOR,Influential,PoliticianBusySchedule
1181441,2026-08-29 00:00:00,0714968014016,Anders Ekegren (L),POLITICIAN,"We have an politician older than 65, retirement age in Sweden",Attribute,MINOR,LongTimer,PoliticianTimeToRetire
1180896,2026-08-29 00:00:00,0584183916016,Ulf Holm (MP),POLITICIAN,Politician with more than 600 days served as committee substitute,Experience,CRITICAL,Extremely Experienced Committee Substitute,PoliticianExperience
1180414,2026-08-29 00:00:00,0256404677510,Cecilia Engström (KD),POLITICIAN,"We have an extremely lazy politician, absent more than 55 % of ballots last year",Behavior,CRITICAL,ExtremeAbsenteeism,PoliticianLazy
1182291,2026-08-29 00:00:00,0904448094023,Linus Lakso (MP),POLITICIAN,"We have an politician with busy schedule, more than 4 current roles and busy past",Behavior,MINOR,Influential,PoliticianBusySchedule
1180605,2026-08-29 00:00:00,0227531635413,Lars Püss (M),POLITICIAN,Politician with more than 600 days served as committee substitute,Experience,CRITICAL,Extremely Experienced Committee Substitute,PoliticianExperience
1182154,2026-08-29 00:00:00,0504851635310,Daniel Helldén (MP),POLITICIAN,We have an politician with leading role in the party,Behavior,MINOR,Influential,PoliticianPartyLeader
1182378,2026-08-29 00:00:00,0986091320811,Catarina Deremar (C),POLITICIAN,"We have an extremely lazy politician, absent more than 55 % of ballots last year",Behavior,CRITICAL,ExtremeAbsenteeism,PoliticianLazy
1182339,2026-08-29 00:00:00,0256716955026,Serkan Köse (S),POLITICIAN,Politician with more than 600 days served as committee substitute,Experience,CRITICAL,Extremely Experienced Committee Substitute,PoliticianExperience
1181685,2026-08-29 00:00:00,0810852280213,Marie-Louise Hänel Sandström (M),POLITICIAN,Politician with no multi-party collaboration,Behavior,CRITICAL,NoMultiPartyCollaboration,PoliticianIsolatedBehavior
1182367,2026-08-29 00:00:00,0146133946627,Andreas Lennkvist Manriquez (V),POLITICIAN,Politician with high abstention rate - over 9% annually,Behavior,MINOR,HighAbstentionRate,PoliticianLowVotingParticipation
1180791,2026-08-29 00:00:00,0667220767927,Erik Ezelius (S),POLITICIAN,Politician with more than 600 days served as committee substitute,Experience,CRITICAL,Extremely Experienced Committee Substitute,PoliticianExperience
1180817,2026-08-29 00:00:00,0418929039326,Patrik Lundqvist (S),POLITICIAN,Politician with no multi-party collaboration,Behavior,CRITICAL,NoMultiPartyCollaboration,PoliticianIsolatedBehavior
1180710,2026-08-29 00:00:00,0333193598116,Bo Broman (SD),POLITICIAN,Politician with current party assignments,Party,MINOR,Current Party Assignments,PoliticianAdditionalAttributes
1180835,2026-08-29 00:00:00,0831636664429,Mattias Karlsson (SD),POLITICIAN,Politician with no documents last year,Behavior,MAJOR,NoProductivity,PoliticianLowDocumentActivity
1181544,2026-08-29 00:00:00,0749416304126,Marie Nicholson (M),POLITICIAN,Politician with no multi-party collaboration,Behavior,CRITICAL,NoMultiPartyCollaboration,PoliticianIsolatedBehavior
1181430,2026-08-29 00:00:00,0198917587520,Maj Karlsson (V),POLITICIAN,Politician with high committee substitute ratio,CommitteeExperience,MINOR,Primarily Serving as Committee Substitute,PoliticianInfluence
1180168,2026-08-29 00:00:00,0519740099915,Saila Quicklund (M),POLITICIAN,Politician with extremely low collaboration - below 1%,Behavior,MINOR,ExtremelyLowCollaboration,PoliticianIsolatedBehavior
1180720,2026-08-29 00:00:00,0132818093422,Rickard Nordin (C),POLITICIAN,Politician with high committee substitute ratio,CommitteeExperience,MINOR,Primarily Serving as Committee Substitute,PoliticianInfluence
1181135,2026-08-29 00:00:00,0628005785225,Jörgen Berglund (M),POLITICIAN,Politician with high committee substitute ratio,CommitteeExperience,MINOR,Primarily Serving as Committee Substitute,PoliticianInfluence
1181522,2026-08-29 00:00:00,0602744999917,Elisabeth Thand Ringqvist (C),POLITICIAN,"We have a lazy politician, absent 17-25% of ballots last year",Behavior,MAJOR,ConcerningAbsenteeism,PoliticianLazy
1181432,2026-08-29 00:00:00,0956345044828,Tobias Baudin (S),POLITICIAN,Politician with current party assignments,Party,MINOR,Current Party Assignments,PoliticianAdditionalAttributes
1181206,2026-08-29 00:00:00,0249730539015,Anders Karlsson (C),POLITICIAN,Politician with multiple current assignments,Assignments,MINOR,Multiple Current Assignments,PoliticianBalancedRules
1182229,2026-08-29 00:00:00,0603366539729,Malin Danielsson (L),POLITICIAN,Politician with more than 600 days served as committee substitute,Experience,CRITICAL,Extremely Experienced Committee Substitute,PoliticianExperience
1181688,2026-08-29 00:00:00,0313390540217,Ingela Nylund Watz (S),POLITICIAN,Politician with multiple current assignments,Assignments,MINOR,Multiple Current Assignments,PoliticianBalancedRules
1181411,2026-08-29 00:00:00,0433422973328,Kristoffer Lindberg (S),POLITICIAN,Politician with multiple current assignments,Assignments,MINOR,Multiple Current Assignments,PoliticianBalancedRules
1181418,2026-08-29 00:00:00,0575283695521,Helena Storckenfeldt (M),POLITICIAN,Politician with critical abstention pattern - excessive abstention rate,Behavior,CRITICAL,ExcessiveAbstention,PoliticianAbstentionPattern
1181987,2026-08-29 00:00:00,0509415296421,Kjell-Arne Ottosson (KD),POLITICIAN,Politician currently active in committee leadership,Role,MINOR,Active Committee Leader,PoliticianLeadershipRole
1182011,2026-08-29 00:00:00,0304498908019,Gudrun Brunegård (KD),POLITICIAN,"We have an politician with busy schedule, more than 6 current roles and busy past",Behavior,CRITICAL,Influential,PoliticianBusySchedule
1181719,2026-08-29 00:00:00,0466653728712,Denis Begic (S),POLITICIAN,Politician with more than 600 days served as committee substitute,Experience,CRITICAL,Extremely Experienced Committee Substitute,PoliticianExperience
1182408,2026-08-29 00:00:00,0630820052511,Per-Arne Håkansson (S),POLITICIAN,Politician with multiple current assignments,Assignments,MINOR,Multiple Current Assignments,PoliticianBalancedRules
1180987,2026-08-29 00:00:00,0254695027922,Malcolm Momodou Jallow (-),POLITICIAN,Politician with high abstention pattern - very high abstention rate,Behavior,MAJOR,HighAbstention,PoliticianAbstentionPattern
1181714,2026-08-29 00:00:00,0855286184126,Jessica Rodén (S),POLITICIAN,Politician with more than 600 days served as committee substitute,Experience,CRITICAL,Extremely Experienced Committee Substitute,PoliticianExperience
1181735,2026-08-29 00:00:00,0890152141226,Nadja Awad (V),POLITICIAN,Politician with multiple current assignments,Assignments,MINOR,Multiple Current Assignments,PoliticianBalancedRules
1181004,2026-08-29 00:00:00,0281670919717,Jörgen Grubb (SD),POLITICIAN,Politician with more than 600 days served as committee substitute,Experience,CRITICAL,Extremely Experienced Committee Substitute,PoliticianExperience
1180857,2026-08-29 00:00:00,039102787629,Oliver Rosengren (M),POLITICIAN,Politician with high committee substitute ratio,CommitteeExperience,MINOR,Primarily Serving as Committee Substitute,PoliticianInfluence
1181016,2026-08-29 00:00:00,0773497241728,Roger Hedlund (SD),POLITICIAN,Politician with strategic abstention - high abstention but high presence,Behavior,MAJOR,StrategicAbstentionPresent,PoliticianAbstentionPattern
1180225,2026-08-29 00:00:00,0847676507229,Stina Larsson (C),POLITICIAN,Politician with multiple current assignments,Assignments,MINOR,Multiple Current Assignments,PoliticianBalancedRules
1181953,2026-08-29 00:00:00,0992867772421,Nils Seye Larsen (MP),POLITICIAN,Politician with combined absence and abstention risk,Behavior,MAJOR,HighAbsenceAndAbstention,PoliticianCombinedRisk
1180175,2026-08-29 00:00:00,098329342620,Jennie Wernäng (M),POLITICIAN,Politician with high committee substitute ratio,CommitteeExperience,MINOR,Primarily Serving as Committee Substitute,PoliticianInfluence
1181972,2026-08-29 00:00:00,0250583732424,Jesper Skalberg Karlsson (M),POLITICIAN,Politician with high committee substitute ratio,CommitteeExperience,MINOR,Primarily Serving as Committee Substitute,PoliticianInfluence
1181787,2026-08-29 00:00:00,0642224351118,Pål Jonson (M),POLITICIAN,Politician with more than 900 days served in committee leadership,Experience,CRITICAL,Extremely Experienced Committee Leader,PoliticianExperience
1180154,2026-08-29 00:00:00,0502688311316,Anna Vikström (S),POLITICIAN,"We have an politician older than 65, retirement age in Sweden",Attribute,MINOR,LongTimer,PoliticianTimeToRetire
1180256,2026-08-29 00:00:00,0910272619521,Benjamin Dousa (M),POLITICIAN,We have an politician minister that has no experience from parliament,Experience,MINOR,OtherExperience,PoliticianMinisterWithoutParliamentExperience
1181236,2026-08-29 00:00:00,0615175917521,Kent Kumpula (SD),POLITICIAN,Politician with more than 5 current assignments,Assignments,MAJOR,More than 5 Current Assignments,PoliticianBalancedRules
1181848,2026-08-29 00:00:00,0587736055221,Niels Paarup-Petersen (C),POLITICIAN,Politician with critical abstention pattern - excessive abstention rate,Behavior,CRITICAL,ExcessiveAbstention,PoliticianAbstentionPattern
1181081,2026-08-29 00:00:00,0521260619925,Sofia Amloh (S),POLITICIAN,Politician with no multi-party collaboration,Behavior,CRITICAL,NoMultiPartyCollaboration,PoliticianIsolatedBehavior
1180371,2026-08-29 00:00:00,0911916463828,Fredrik Lundh Sammeli (S),POLITICIAN,Politician with multiple current assignments,Assignments,MINOR,Multiple Current Assignments,PoliticianBalancedRules
1181108,2026-08-29 00:00:00,051207517226,Jimmie Åkesson (SD),POLITICIAN,Politician with no multi-party collaboration,Behavior,CRITICAL,NoMultiPartyCollaboration,PoliticianIsolatedBehavior
1180254,2026-08-29 00:00:00,0910272619521,Benjamin Dousa (M),POLITICIAN,Politician with current ministry assignments,Ministry,MINOR,Current Ministry Assignments,PoliticianAdditionalAttributes
1181339,2026-08-29 00:00:00,0245113256029,Daniel Vencu Öhrlund Castro (S),POLITICIAN,Politician showing avoidance pattern - high combined absence and abstention,Behavior,CRITICAL,AvoidancePattern,PoliticianLowEngagement
1181513,2026-08-29 00:00:00,0783069490115,Mirja Räihä (S),POLITICIAN,"We have an politician older than 65, retirement age in Sweden",Attribute,MINOR,LongTimer,PoliticianTimeToRetire
1182081,2026-08-29 00:00:00,0111697351426,Louise Eklund (L),POLITICIAN,Politician with no multi-party collaboration,Behavior,CRITICAL,NoMultiPartyCollaboration,PoliticianIsolatedBehavior
1180377,2026-08-29 00:00:00,0911916463828,Fredrik Lundh Sammeli (S),POLITICIAN,Politician with combined high risk - low effectiveness and high absence,Behavior,CRITICAL,HighRiskLowEffectivenessHighAbsence,PoliticianCombinedRisk
1180770,2026-08-29 00:00:00,0456680171315,Charlotte Quensel (SD),POLITICIAN,Politician with more than 600 days served as committee substitute,Experience,CRITICAL,Extremely Experienced Committee Substitute,PoliticianExperience
1181075,2026-08-29 00:00:00,036926802512,Blåvitt Elofsson (S),POLITICIAN,Politician with high abstention rate - over 9% annually,Behavior,MINOR,HighAbstentionRate,PoliticianLowVotingParticipation
1180845,2026-08-29 00:00:00,0502490570219,Kristina Axén Olin (M),POLITICIAN,Politician with more than 900 days served in committee leadership,Experience,CRITICAL,Extremely Experienced Committee Leader,PoliticianExperience
1181988,2026-08-29 00:00:00,0509415296421,Kjell-Arne Ottosson (KD),POLITICIAN,Politician with multiple current assignments,Assignments,MINOR,Multiple Current Assignments,PoliticianBalancedRules
1181751,2026-08-29 00:00:00,0496341906327,Alexandra Völker (S),POLITICIAN,Politician with more than 600 days served as committee substitute,Experience,CRITICAL,Extremely Experienced Committee Substitute,PoliticianExperience
1181845,2026-08-29 00:00:00,0587736055221,Niels Paarup-Petersen (C),POLITICIAN,Politician with multiple current assignments,Assignments,MINOR,Multiple Current Assignments,PoliticianBalancedRules
1181756,2026-08-29 00:00:00,0710595759638,Aida Birinxhiku (S),POLITICIAN,Politician with multiple current assignments,Assignments,MINOR,Multiple Current Assignments,PoliticianBalancedRules
1181773,2026-08-29 00:00:00,0613297818326,Mathias Tegnér (S),POLITICIAN,Politician with multiple current assignments,Assignments,MINOR,Multiple Current Assignments,PoliticianBalancedRules
1181173,2026-08-29 00:00:00,0832311880029,Erik Ottoson (M),POLITICIAN,Politician with high committee substitute ratio,CommitteeExperience,MINOR,Primarily Serving as Committee Substitute,PoliticianInfluence
1180514,2026-08-29 00:00:00,0861521539920,Aron Emilsson (SD),POLITICIAN,Politician currently active in committee leadership,Role,MINOR,Active Committee Leader,PoliticianLeadershipRole
1182079,2026-08-29 00:00:00,0111697351426,Louise Eklund (L),POLITICIAN,"We have an politician with busy schedule, more than 5 current roles and busy past",Behavior,MAJOR,Influential,PoliticianBusySchedule
1180267,2026-08-29 00:00:00,0877778793323,Johan Büser (S),POLITICIAN,"We have a lazy politician, absent 17-25% of ballots last year",Behavior,MAJOR,ConcerningAbsenteeism,PoliticianLazy
1181155,2026-08-29 00:00:00,0905254899611,Louise Thunström (S),POLITICIAN,Politician with more than 600 days served as committee substitute,Experience,CRITICAL,Extremely Experienced Committee Substitute,PoliticianExperience
1181180,2026-08-29 00:00:00,0493288854424,Niklas Wykman (M),POLITICIAN,Politician with current ministry assignments,Ministry,MINOR,Current Ministry Assignments,PoliticianAdditionalAttributes
1182422,2026-08-29 00:00:00,0737666060225,Joakim Järrebring (S),POLITICIAN,Politician with high committee substitute ratio,CommitteeExperience,MINOR,Primarily Serving as Committee Substitute,PoliticianInfluence
1180550,2026-08-29 00:00:00,0316505710324,Janine Alm Ericson (MP),POLITICIAN,Politician with more than 6 current assignments,Assignments,CRITICAL,More than 6 Current Assignments,PoliticianBalancedRules
1180813,2026-08-29 00:00:00,0418929039326,Patrik Lundqvist (S),POLITICIAN,Politician with high abstention rate - over 9% annually,Behavior,MINOR,HighAbstentionRate,PoliticianLowVotingParticipation
1181161,2026-08-29 00:00:00,0964730940415,Johan Andersson (S),POLITICIAN,Politician with extremely low collaboration - below 1%,Behavior,MINOR,ExtremelyLowCollaboration,PoliticianIsolatedBehavior
1182384,2026-08-29 00:00:00,0290003389021,Chris Dahlqvist (SD),POLITICIAN,Politician with multiple current assignments,Assignments,MINOR,Multiple Current Assignments,PoliticianBalancedRules
1181665,2026-08-29 00:00:00,0492644357418,Per Söderlund (SD),POLITICIAN,Politician with more than 600 days served as committee substitute,Experience,CRITICAL,Extremely Experienced Committee Substitute,PoliticianExperience
1181322,2026-08-29 00:00:00,025877594729,John Widegren (M),POLITICIAN,Politician with no documents last year,Behavior,MAJOR,NoProductivity,PoliticianLowDocumentActivity
1180848,2026-08-29 00:00:00,0648224557612,Åsa Karlsson (S),POLITICIAN,Politician with no multi-party collaboration,Behavior,CRITICAL,NoMultiPartyCollaboration,PoliticianIsolatedBehavior
1182021,2026-08-29 00:00:00,066036027425,Mikael Damsgaard (M),POLITICIAN,Politician with high abstention rate - over 9% annually,Behavior,MINOR,HighAbstentionRate,PoliticianLowVotingParticipation
1181191,2026-08-29 00:00:00,Statsrådsberedningen,Statsrådsberedningen,MINISTRY,Ministry with low document productivity last year,Behavior,MINOR,LowDocumentOutput,MinistryLowProductivity
1180424,2026-08-29 00:00:00,0372414474424,Oskar Svärd (M),POLITICIAN,Politician with multiple current assignments,Assignments,MINOR,Multiple Current Assignments,PoliticianBalancedRules
1182363,2026-08-29 00:00:00,023001325318,Lotta Edholm (L),POLITICIAN,We have an politician part of government,Behavior,MAJOR,Influential,PoliticianPartyLeader
1182246,2026-08-29 00:00:00,0796312429425,Viktor Wärnick (M),POLITICIAN,Politician with no multi-party collaboration,Behavior,CRITICAL,NoMultiPartyCollaboration,PoliticianIsolatedBehavior
1180351,2026-08-29 00:00:00,0472349361027,Kalle Olsson (S),POLITICIAN,Politician with more than 600 days served as committee substitute,Experience,CRITICAL,Extremely Experienced Committee Substitute,PoliticianExperience
1181661,2026-08-29 00:00:00,0492644357418,Per Söderlund (SD),POLITICIAN,Politician with critical abstention pattern - excessive abstention rate,Behavior,CRITICAL,ExcessiveAbstention,PoliticianAbstentionPattern
1182278,2026-08-29 00:00:00,0340418158820,Daniel Persson (SD),POLITICIAN,Politician with more than 600 days served as committee substitute,Experience,CRITICAL,Extremely Experienced Committee Substitute,PoliticianExperience
1180294,2026-08-29 00:00:00,0526748040023,Ludvig Aspling (SD),POLITICIAN,Politician with very low document activity last year,Behavior,MINOR,LowProductivity,PoliticianLowDocumentActivity
1181445,2026-08-29 00:00:00,0879782396219,Olle Thorell (S),POLITICIAN,"We have a party rebel politician, voted against party majority at least 1% of ballots last year",Behavior,CRITICAL,CanIgnorePartyMajority,PoliticianPartyRebel
1182085,2026-08-29 00:00:00,0339894357417,Jennie Nilsson (S),POLITICIAN,Politician currently active in committee leadership,Role,MINOR,Active Committee Leader,PoliticianLeadershipRole
1181329,2026-08-29 00:00:00,0283284978818,Markus Kallifatides (S),POLITICIAN,"We have a party rebel politician, voted against party majority at least 1% of ballots last year",Behavior,CRITICAL,CanIgnorePartyMajority,PoliticianPartyRebel
1180253,2026-08-29 00:00:00,0589561178823,Peter Hedberg (S),POLITICIAN,Politician with more than 600 days served as committee substitute,Experience,CRITICAL,Extremely Experienced Committee Substitute,PoliticianExperience
1181760,2026-08-29 00:00:00,0710595759638,Aida Birinxhiku (S),POLITICIAN,Politician with more than 600 days served as committee substitute,Experience,CRITICAL,Extremely Experienced Committee Substitute,PoliticianExperience
1180255,2026-08-29 00:00:00,0910272619521,Benjamin Dousa (M),POLITICIAN,Politician with zero collaboration,Behavior,MAJOR,ZeroCollaboration,PoliticianIsolatedBehavior
1181643,2026-08-29 00:00:00,0768554866215,Katja Nyberg (-),POLITICIAN,Politician with no multi-party collaboration,Behavior,CRITICAL,NoMultiPartyCollaboration,PoliticianIsolatedBehavior
1181058,2026-08-29 00:00:00,025158809026,Ida Gabrielsson (V),POLITICIAN,Politician with no multi-party collaboration,Behavior,CRITICAL,NoMultiPartyCollaboration,PoliticianIsolatedBehavior
1181828,2026-08-29 00:00:00,Landsbygds- och infrastrukturdepartementet,Landsbygds- och infrastrukturdepartementet,MINISTRY,Ministry with small member size - understaffed,Structure,MINOR,SmallTeam,MinistryUnderstaffed
1182108,2026-08-29 00:00:00,0411459873625,Hanna Gunnarsson (V),POLITICIAN,Politician with high abstention rate - over 9% annually,Behavior,MINOR,HighAbstentionRate,PoliticianLowVotingParticipation
1180648,2026-08-29 00:00:00,0315499690028,Teresa Carvalho (S),POLITICIAN,Politician with no multi-party collaboration,Behavior,CRITICAL,NoMultiPartyCollaboration,PoliticianIsolatedBehavior
1180271,2026-08-29 00:00:00,0327372175911,Fredrik Ahlstedt (M),POLITICIAN,Politician with multiple current assignments,Assignments,MINOR,Multiple Current Assignments,PoliticianBalancedRules
1181589,2026-08-29 00:00:00,0845133742919,Lili André (KD),POLITICIAN,Politician with multiple current assignments,Assignments,MINOR,Multiple Current Assignments,PoliticianBalancedRules
1181598,2026-08-29 00:00:00,0103279988010,Heléne Fritzon (S),POLITICIAN,"We have an politician older than 65, retirement age in Sweden",Attribute,MINOR,LongTimer,PoliticianTimeToRetire
1181393,2026-08-29 00:00:00,0973782197017,Mikael Oscarsson (KD),POLITICIAN,Politician with multiple current assignments,Assignments,MINOR,Multiple Current Assignments,PoliticianBalancedRules
1182139,2026-08-29 00:00:00,037781229619,Staffan Eklöf (SD),POLITICIAN,Politician with more than 600 days served as committee substitute,Experience,CRITICAL,Extremely Experienced Committee Substitute,PoliticianExperience
1181316,2026-08-29 00:00:00,0999976269027,Amanda Palmstierna (MP),POLITICIAN,Politician with no multi-party collaboration,Behavior,CRITICAL,NoMultiPartyCollaboration,PoliticianIsolatedBehavior
1181854,2026-08-29 00:00:00,0468956880528,Mikael Eskilandersson (SD),POLITICIAN,Politician with no multi-party collaboration,Behavior,CRITICAL,NoMultiPartyCollaboration,PoliticianIsolatedBehavior
1180155,2026-08-29 00:00:00,0502688311316,Anna Vikström (S),POLITICIAN,Politician with no multi-party collaboration,Behavior,CRITICAL,NoMultiPartyCollaboration,PoliticianIsolatedBehavior
1182287,2026-08-29 00:00:00,0309480686522,Leila Ali Elmi (MP),POLITICIAN,Politician with more than 600 days served as committee substitute,Experience,CRITICAL,Extremely Experienced Committee Substitute,PoliticianExperience
1182218,2026-08-29 00:00:00,0506541436524,Sanne Lennström (S),POLITICIAN,Politician with no multi-party collaboration,Behavior,CRITICAL,NoMultiPartyCollaboration,PoliticianIsolatedBehavior
1181412,2026-08-29 00:00:00,0433422973328,Kristoffer Lindberg (S),POLITICIAN,Politician with no multi-party collaboration,Behavior,CRITICAL,NoMultiPartyCollaboration,PoliticianIsolatedBehavior
1181739,2026-08-29 00:00:00,0890152141226,Nadja Awad (V),POLITICIAN,Politician with high committee substitute ratio,CommitteeExperience,MINOR,Primarily Serving as Committee Substitute,PoliticianInfluence
1180755,2026-08-29 00:00:00,0226631365426,Mikael Larsson (C),POLITICIAN,Politician with no multi-party collaboration,Behavior,CRITICAL,NoMultiPartyCollaboration,PoliticianIsolatedBehavior
1180437,2026-08-29 00:00:00,0522054204918,Mattias Karlsson (M),POLITICIAN,Politician with more than 600 days served as committee substitute,Experience,CRITICAL,Extremely Experienced Committee Substitute,PoliticianExperience
1182039,2026-08-29 00:00:00,0481460392727,Jessica Wetterling (V),POLITICIAN,Politician with high committee substitute ratio,CommitteeExperience,MINOR,Primarily Serving as Committee Substitute,PoliticianInfluence
1180665,2026-08-29 00:00:00,0338088431726,Sara Gille (SD),POLITICIAN,"We have an politician with busy schedule, more than 5 current roles and busy past",Behavior,MAJOR,Influential,PoliticianBusySchedule
1181221,2026-08-29 00:00:00,0122987223112,Lotta Johnsson Fornarve (V),POLITICIAN,"We have a lazy politician, absent 17-25% of ballots last year",Behavior,MAJOR,ConcerningAbsenteeism,PoliticianLazy
1181862,2026-08-29 00:00:00,0897334717419,Gunnar Strömmer (M),POLITICIAN,Politician with more than 1000 days served in government,Experience,MINOR,Experienced in Government,PoliticianExperience
1181192,2026-08-29 00:00:00,Statsrådsberedningen,Statsrådsberedningen,MINISTRY,Ministry with small member size - understaffed,Structure,MINOR,SmallTeam,MinistryUnderstaffed
1181092,2026-08-29 00:00:00,0720250789315,Mats Wiking (S),POLITICIAN,Politician with high committee substitute ratio,CommitteeExperience,MINOR,Primarily Serving as Committee Substitute,PoliticianInfluence
1181001,2026-08-29 00:00:00,0246927519019,Karin Rågsjö (V),POLITICIAN,Politician with more than 600 days served as committee substitute,Experience,CRITICAL,Extremely Experienced Committee Substitute,PoliticianExperience
1180201,2026-08-29 00:00:00,0386912710815,Mats Arkhem (SD),POLITICIAN,"We have a lazy politician, absent 25-55% of ballots last year",Behavior,CRITICAL,HighAbsenteeism,PoliticianLazy
1181352,2026-08-29 00:00:00,0235974887200,Susanne Eberstein (S),POLITICIAN,Politician with more than 900 days served in committee leadership,Experience,CRITICAL,Extremely Experienced Committee Leader,PoliticianExperience
1182136,2026-08-29 00:00:00,037781229619,Staffan Eklöf (SD),POLITICIAN,"We have an politician with busy schedule, more than 4 current roles and busy past",Behavior,MINOR,Influential,PoliticianBusySchedule
1181705,2026-08-29 00:00:00,0938534705001,Gunnar Hedberg (M),POLITICIAN,Politician with more than 600 days served as committee substitute,Experience,CRITICAL,Extremely Experienced Committee Substitute,PoliticianExperience
1181353,2026-08-29 00:00:00,0525562399327,Caroline Högström (M),POLITICIAN,Politician with no multi-party collaboration,Behavior,CRITICAL,NoMultiPartyCollaboration,PoliticianIsolatedBehavior
1180726,2026-08-29 00:00:00,0970259744617,Margareta Cederfelt (M),POLITICIAN,Politician with multiple current assignments,Assignments,MINOR,Multiple Current Assignments,PoliticianBalancedRules
1180682,2026-08-29 00:00:00,0591020192311,Ulf Lindholm (SD),POLITICIAN,Politician with multiple current assignments,Assignments,MINOR,Multiple Current Assignments,PoliticianBalancedRules
1180276,2026-08-29 00:00:00,0630824497414,Jessica Polfjärd (M),POLITICIAN,Politician with more than 600 days served as committee substitute,Experience,CRITICAL,Extremely Experienced Committee Substitute,PoliticianExperience
1180651,2026-08-29 00:00:00,Kulturdepartementet,Kulturdepartementet,MINISTRY,Ministry with low document productivity last year,Behavior,MINOR,LowDocumentOutput,MinistryLowProductivity
1181454,2026-08-29 00:00:00,0473783431010,Morgan Johansson (S),POLITICIAN,"We have a lazy politician, absent at least 18 % of ballots last month",Behavior,MAJOR,NA,PoliticianLazy
1180656,2026-08-29 00:00:00,0911067396229,Mattias Vepsä (S),POLITICIAN,Politician with multiple current assignments,Assignments,MINOR,Multiple Current Assignments,PoliticianBalancedRules
1180727,2026-08-29 00:00:00,0970259744617,Margareta Cederfelt (M),POLITICIAN,"We have an politician older than 65, retirement age in Sweden",Attribute,MINOR,LongTimer,PoliticianTimeToRetire
1180902,2026-08-29 00:00:00,0819601620927,Annika Hirvonen (MP),POLITICIAN,Politician with no multi-party collaboration,Behavior,CRITICAL,NoMultiPartyCollaboration,PoliticianIsolatedBehavior
1182371,2026-08-29 00:00:00,0146133946627,Andreas Lennkvist Manriquez (V),POLITICIAN,Politician with more than 600 days served as committee substitute,Experience,CRITICAL,Extremely Experienced Committee Substitute,PoliticianExperience
1181727,2026-08-29 00:00:00,0210444373111,Katarina Luhr (MP),POLITICIAN,Politician with high committee substitute ratio,CommitteeExperience,MINOR,Primarily Serving as Committee Substitute,PoliticianInfluence
1181422,2026-08-29 00:00:00,0198917587520,Maj Karlsson (V),POLITICIAN,Politician with multiple current assignments,Assignments,MINOR,Multiple Current Assignments,PoliticianBalancedRules
1180858,2026-08-29 00:00:00,039102787629,Oliver Rosengren (M),POLITICIAN,Politician with more than 600 days served as committee substitute,Experience,CRITICAL,Extremely Experienced Committee Substitute,PoliticianExperience
1181882,2026-08-29 00:00:00,0537400268911,Caroline Helmersson Olsson (S),POLITICIAN,Politician with high committee substitute ratio,CommitteeExperience,MINOR,Primarily Serving as Committee Substitute,PoliticianInfluence
1181159,2026-08-29 00:00:00,0964730940415,Johan Andersson (S),POLITICIAN,Politician with multiple current assignments,Assignments,MINOR,Multiple Current Assignments,PoliticianBalancedRules
1180653,2026-08-29 00:00:00,0540190357911,Hans Hoff (S),POLITICIAN,Politician with extremely low collaboration - below 1%,Behavior,MINOR,ExtremelyLowCollaboration,PoliticianIsolatedBehavior
1181913,2026-08-29 00:00:00,0430865615328,Linda Lindberg (SD),POLITICIAN,Politician with high committee substitute ratio,CommitteeExperience,MINOR,Primarily Serving as Committee Substitute,PoliticianInfluence
1180167,2026-08-29 00:00:00,0519740099915,Saila Quicklund (M),POLITICIAN,Politician with multiple current assignments,Assignments,MINOR,Multiple Current Assignments,PoliticianBalancedRules
1180662,2026-08-29 00:00:00,0523902030928,Aylin Nouri (S),POLITICIAN,Politician with high committee substitute ratio,CommitteeExperience,MINOR,Primarily Serving as Committee Substitute,PoliticianInfluence
1182431,2026-08-29 00:00:00,083953568015,Malin Höglund (M),POLITICIAN,Politician with combined high risk - low effectiveness and high absence,Behavior,CRITICAL,HighRiskLowEffectivenessHighAbsence,PoliticianCombinedRisk
1181611,2026-08-29 00:00:00,0947572086414,Anne-Li Sjölund (C),POLITICIAN,Politician showing avoidance pattern - high combined absence and abstention,Behavior,CRITICAL,AvoidancePattern,PoliticianLowEngagement
1181803,2026-08-29 00:00:00,0653578338415,Agneta Nilsson (S),POLITICIAN,Politician with low impact - present but ineffective,Behavior,MAJOR,PresentButIneffective,PoliticianLowEngagement
1181758,2026-08-29 00:00:00,0710595759638,Aida Birinxhiku (S),POLITICIAN,"We have an politician 24-30, no adult experience outside of parliament",Attribute,MINOR,NewComer,PoliticianYoungMember
1181197,2026-08-29 00:00:00,0828721176319,Sten Bergheden (M),POLITICIAN,Politician with more than 600 days served as committee substitute,Experience,CRITICAL,Extremely Experienced Committee Substitute,PoliticianExperience
1181841,2026-08-29 00:00:00,0652497579621,Johanna Haraldsson (S),POLITICIAN,Politician with more than 600 days served as committee substitute,Experience,CRITICAL,Extremely Experienced Committee Substitute,PoliticianExperience
1181977,2026-08-29 00:00:00,0604604418610,Jacob Risberg (MP),POLITICIAN,Politician with more than 6 current assignments,Assignments,CRITICAL,More than 6 Current Assignments,PoliticianBalancedRules
1180353,2026-08-29 00:00:00,0236597884217,Rose-Marie Carlsson (S),POLITICIAN,Politician with multiple current assignments,Assignments,MINOR,Multiple Current Assignments,PoliticianBalancedRules
1181781,2026-08-29 00:00:00,0613297818326,Mathias Tegnér (S),POLITICIAN,Politician with high committee substitute ratio,CommitteeExperience,MINOR,Primarily Serving as Committee Substitute,PoliticianInfluence
1181077,2026-08-29 00:00:00,036926802512,Blåvitt Elofsson (S),POLITICIAN,"We have an politician older than 70, passed retirement age in Sweden",Attribute,MAJOR,LongTimer,PoliticianTimeToRetire
1180679,2026-08-29 00:00:00,0254021157518,Lars Andersson (SD),POLITICIAN,Politician with no multi-party collaboration,Behavior,CRITICAL,NoMultiPartyCollaboration,PoliticianIsolatedBehavior
1180964,2026-08-29 00:00:00,0727772954327,Ludvig Ceimertz (M),POLITICIAN,Politician with no multi-party collaboration,Behavior,CRITICAL,NoMultiPartyCollaboration,PoliticianIsolatedBehavior
1181829,2026-08-29 00:00:00,0612916684825,Johan Löfstrand (S),POLITICIAN,Politician with more than 5 current assignments,Assignments,MAJOR,More than 5 Current Assignments,PoliticianBalancedRules
1181300,2026-08-29 00:00:00,0802091197024,Andrea Andersson Tay (V),POLITICIAN,Politician with more than 6 current assignments,Assignments,CRITICAL,More than 6 Current Assignments,PoliticianBalancedRules
1180386,2026-08-29 00:00:00,0506482805418,Isak From (S),POLITICIAN,We have an politician with leading role in the party,Behavior,MINOR,Influential,PoliticianPartyLeader
1182393,2026-08-29 00:00:00,0121015874810,Torsten Elofsson (KD),POLITICIAN,Politician with more than 600 days served as committee substitute,Experience,CRITICAL,Extremely Experienced Committee Substitute,PoliticianExperience
1180161,2026-08-29 00:00:00,0546731406922,Rebecka Le Moine (MP),POLITICIAN,Politician with more than 6 current assignments,Assignments,CRITICAL,More than 6 Current Assignments,PoliticianBalancedRules
1180434,2026-08-29 00:00:00,0522054204918,Mattias Karlsson (M),POLITICIAN,Politician with no documents last year,Behavior,MAJOR,NoProductivity,PoliticianLowDocumentActivity
1180732,2026-08-29 00:00:00,0495314169413,Jonas Jacobsson Gjörtler (M),POLITICIAN,Politician with more than 600 days served as committee substitute,Experience,CRITICAL,Extremely Experienced Committee Substitute,PoliticianExperience
1181066,2026-08-29 00:00:00,0880018341619,Thomas Morell (SD),POLITICIAN,Politician with more than 900 days served in committee leadership,Experience,CRITICAL,Extremely Experienced Committee Leader,PoliticianExperience
1180887,2026-08-29 00:00:00,0635943298419,Dan Hovskär (KD),POLITICIAN,Politician with more than 5 current assignments,Assignments,MAJOR,More than 5 Current Assignments,PoliticianBalancedRules
1181219,2026-08-29 00:00:00,0122987223112,Lotta Johnsson Fornarve (V),POLITICIAN,Politician rarely wins votes - below 30% win rate annually,Behavior,MINOR,LowWinRate,PoliticianIneffectiveVoting
1180669,2026-08-29 00:00:00,0338088431726,Sara Gille (SD),POLITICIAN,Politician with more than 600 days served as committee substitute,Experience,CRITICAL,Extremely Experienced Committee Substitute,PoliticianExperience
1180485,2026-08-29 00:00:00,0229350341619,Ilona Szatmári Waldau (V),POLITICIAN,Politician with combined absence and abstention risk,Behavior,MAJOR,HighAbsenceAndAbstention,PoliticianCombinedRisk
1180744,2026-08-29 00:00:00,0388994689418,Malin Östh (V),POLITICIAN,Politician rarely wins votes - below 30% win rate annually,Behavior,MINOR,LowWinRate,PoliticianIneffectiveVoting
1181309,2026-08-29 00:00:00,0358514648113,Marléne Lund Kopparklint (-),POLITICIAN,Politician left party but still holds positions,Party,CRITICAL,Left Party Still Holding Positions,PoliticianBalancedRules
1182056,2026-08-29 00:00:00,0903081277919,Helena Vilhelmsson (C),POLITICIAN,"We have a lazy politician, absent 17-25% of ballots last year",Behavior,MAJOR,ConcerningAbsenteeism,PoliticianLazy
1180272,2026-08-29 00:00:00,0327372175911,Fredrik Ahlstedt (M),POLITICIAN,Politician with zero collaboration,Behavior,MAJOR,ZeroCollaboration,PoliticianIsolatedBehavior
1180597,2026-08-29 00:00:00,098412828516,Magdalena Andersson (S),POLITICIAN,"We have an extremely lazy politician, absent more than 55 % of ballots last year",Behavior,CRITICAL,ExtremeAbsenteeism,PoliticianLazy
1182357,2026-08-29 00:00:00,02658325625,Angelica Lundberg (SD),POLITICIAN,Politician with no multi-party collaboration,Behavior,CRITICAL,NoMultiPartyCollaboration,PoliticianIsolatedBehavior
1180741,2026-08-29 00:00:00,0388994689418,Malin Östh (V),POLITICIAN,Politician with moderate combined risk - above-median absence and below-median effectiveness,Behavior,MINOR,ModerateParticipationRisk,PoliticianLowVotingParticipation
1180829,2026-08-29 00:00:00,069534526423,Mathias Bengtsson (KD),POLITICIAN,Politician with high committee substitute ratio,CommitteeExperience,MINOR,Primarily Serving as Committee Substitute,PoliticianInfluence
1181194,2026-08-29 00:00:00,0828721176319,Sten Bergheden (M),POLITICIAN,"We have an politician with busy schedule, more than 4 current roles and busy past",Behavior,MINOR,Influential,PoliticianBusySchedule
1180486,2026-08-29 00:00:00,0229350341619,Ilona Szatmári Waldau (V),POLITICIAN,Politician with high committee substitute ratio,CommitteeExperience,MINOR,Primarily Serving as Committee Substitute,PoliticianInfluence
1181613,2026-08-29 00:00:00,0947572086414,Anne-Li Sjölund (C),POLITICIAN,Politician with declining engagement - monthly absence worse than annual,Behavior,MAJOR,WorseningAbsenteeism,PoliticianDecliningEngagement
1181494,2026-08-29 00:00:00,0611350076611,Susanne Nordström (M),POLITICIAN,Politician with very low document activity last year,Behavior,MINOR,LowProductivity,PoliticianLowDocumentActivity
1180649,2026-08-29 00:00:00,0315499690028,Teresa Carvalho (S),POLITICIAN,Politician with high committee substitute ratio,CommitteeExperience,MINOR,Primarily Serving as Committee Substitute,PoliticianInfluence
1180904,2026-08-29 00:00:00,0819601620927,Annika Hirvonen (MP),POLITICIAN,We have an politician with leading role in the party,Behavior,MINOR,Influential,PoliticianPartyLeader
1180445,2026-08-29 00:00:00,0899169869710,Helena Gellerman (L),POLITICIAN,Politician with high committee substitute ratio,CommitteeExperience,MINOR,Primarily Serving as Committee Substitute,PoliticianInfluence
1180752,2026-08-29 00:00:00,0226631365426,Mikael Larsson (C),POLITICIAN,Politician with high abstention rate - over 9% annually,Behavior,MINOR,HighAbstentionRate,PoliticianLowVotingParticipation
1181369,2026-08-29 00:00:00,0257313105220,Arber Gashi (S),POLITICIAN,Politician with more than 600 days served as committee substitute,Experience,CRITICAL,Extremely Experienced Committee Substitute,PoliticianExperience
1181450,2026-08-29 00:00:00,0879782396219,Olle Thorell (S),POLITICIAN,Politician with high committee substitute ratio,CommitteeExperience,MINOR,Primarily Serving as Committee Substitute,PoliticianInfluence
1180634,2026-08-29 00:00:00,07012286624,Daniel Riazat (-),POLITICIAN,Politician with more than 600 days served as committee substitute,Experience,CRITICAL,Extremely Experienced Committee Substitute,PoliticianExperience
1180303,2026-08-29 00:00:00,0262411569110,Helene Odenjung (L),POLITICIAN,Politician with more than 600 days served as committee substitute,Experience,CRITICAL,Extremely Experienced Committee Substitute,PoliticianExperience
1180977,2026-08-29 00:00:00,0202577142527,Matheus Enholm (SD),POLITICIAN,We have an politician with leading role in the party,Behavior,MINOR,Influential,PoliticianPartyLeader
1180304,2026-08-29 00:00:00,0476336341120,Anna Tenje (M),POLITICIAN,Politician with current ministry assignments,Ministry,MINOR,Current Ministry Assignments,PoliticianAdditionalAttributes
1181480,2026-08-29 00:00:00,0440225263920,Robert Olesen (S),POLITICIAN,Politician with critical abstention pattern - excessive abstention rate,Behavior,CRITICAL,ExcessiveAbstention,PoliticianAbstentionPattern
1182016,2026-08-29 00:00:00,0304498908019,Gudrun Brunegård (KD),POLITICIAN,Politician with no multi-party collaboration,Behavior,CRITICAL,NoMultiPartyCollaboration,PoliticianIsolatedBehavior
1180261,2026-08-29 00:00:00,0638497389621,Julia Kronlid (SD),POLITICIAN,Politician with no multi-party collaboration,Behavior,CRITICAL,NoMultiPartyCollaboration,PoliticianIsolatedBehavior
1181853,2026-08-29 00:00:00,0468956880528,Mikael Eskilandersson (SD),POLITICIAN,Politician with strategic abstention - high abstention but high presence,Behavior,MAJOR,StrategicAbstentionPresent,PoliticianAbstentionPattern
1182440,2026-08-29 00:00:00,0866055333028,Alexandra Anstrell (M),POLITICIAN,"We have an politician with busy schedule, more than 4 current roles and busy past",Behavior,MINOR,Influential,PoliticianBusySchedule
1180309,2026-08-29 00:00:00,0926002991620,Pontus Andersson Garpvall (SD),POLITICIAN,Politician with high abstention rate - over 9% annually,Behavior,MINOR,HighAbstentionRate,PoliticianLowVotingParticipation
1181807,2026-08-29 00:00:00,0653578338415,Agneta Nilsson (S),POLITICIAN,Politician with high committee substitute ratio,CommitteeExperience,MINOR,Primarily Serving as Committee Substitute,PoliticianInfluence
1181767,2026-08-29 00:00:00,0742883909221,John E Weinerhall (M),POLITICIAN,Politician with no multi-party collaboration,Behavior,CRITICAL,NoMultiPartyCollaboration,PoliticianIsolatedBehavior
1181124,2026-08-29 00:00:00,0248492534018,Pia Trollehjelm (SD),POLITICIAN,Politician with high abstention pattern - very high abstention rate,Behavior,MAJOR,HighAbstention,PoliticianAbstentionPattern
1180554,2026-08-29 00:00:00,0316505710324,Janine Alm Ericson (MP),POLITICIAN,Politician with no multi-party collaboration,Behavior,CRITICAL,NoMultiPartyCollaboration,PoliticianIsolatedBehavior
1181657,2026-08-29 00:00:00,055257333723,Oscar Sjöstedt (SD),POLITICIAN,Politician with no documents last year,Behavior,MAJOR,NoProductivity,PoliticianLowDocumentActivity
1180714,2026-08-29 00:00:00,0333193598116,Bo Broman (SD),POLITICIAN,Politician with more than 600 days served as committee substitute,Experience,CRITICAL,Extremely Experienced Committee Substitute,PoliticianExperience
1181885,2026-08-29 00:00:00,0970709885516,Inga-Lill Sjöblom (S),POLITICIAN,"We have an politician older than 65, retirement age in Sweden",Attribute,MINOR,LongTimer,PoliticianTimeToRetire
1180479,2026-08-29 00:00:00,0229350341619,Ilona Szatmári Waldau (V),POLITICIAN,Politician with high abstention rate - over 9% annually,Behavior,MINOR,HighAbstentionRate,PoliticianLowVotingParticipation
1181507,2026-08-29 00:00:00,0831039938224,Adam Marttinen (SD),POLITICIAN,Politician with critical abstention pattern - excessive abstention rate,Behavior,CRITICAL,ExcessiveAbstention,PoliticianAbstentionPattern
1181003,2026-08-29 00:00:00,0281670919717,Jörgen Grubb (SD),POLITICIAN,Politician with high committee substitute ratio,CommitteeExperience,MINOR,Primarily Serving as Committee Substitute,PoliticianInfluence
1182347,2026-08-29 00:00:00,0474290584024,Azadeh Rojhan (S),POLITICIAN,"We have a lazy politician, absent 17-25% of ballots last year",Behavior,MAJOR,ConcerningAbsenteeism,PoliticianLazy
1181321,2026-08-29 00:00:00,025877594729,John Widegren (M),POLITICIAN,Politician with no multi-party collaboration,Behavior,CRITICAL,NoMultiPartyCollaboration,PoliticianIsolatedBehavior
1181603,2026-08-29 00:00:00,0861447317415,Thomas Finnborg (M),POLITICIAN,Politician with more than 600 days served as committee substitute,Experience,CRITICAL,Extremely Experienced Committee Substitute,PoliticianExperience
1181823,2026-08-29 00:00:00,0737824098113,Magnus Berntsson (KD),POLITICIAN,"We have an politician with busy schedule, more than 5 current roles and busy past",Behavior,MAJOR,Influential,PoliticianBusySchedule
1181827,2026-08-29 00:00:00,0737824098113,Magnus Berntsson (KD),POLITICIAN,Politician with more than 600 days served as committee substitute,Experience,CRITICAL,Extremely Experienced Committee Substitute,PoliticianExperience
1181570,2026-08-29 00:00:00,0108109641223,Carl-Oskar Bohlin (M),POLITICIAN,Politician with high committee substitute ratio,CommitteeExperience,MINOR,Primarily Serving as Committee Substitute,PoliticianInfluence
1182364,2026-08-29 00:00:00,023001325318,Lotta Edholm (L),POLITICIAN,Politician with more than 600 days served as committee substitute,Experience,CRITICAL,Extremely Experienced Committee Substitute,PoliticianExperience
1181547,2026-08-29 00:00:00,Arbetsmarknadsdepartementet,Arbetsmarknadsdepartementet,MINISTRY,Ministry with small member size - understaffed,Structure,MINOR,SmallTeam,MinistryUnderstaffed
1181446,2026-08-29 00:00:00,0879782396219,Olle Thorell (S),POLITICIAN,Politician rarely wins votes - below 30% win rate annually,Behavior,MINOR,LowWinRate,PoliticianIneffectiveVoting
1181641,2026-08-29 00:00:00,0768554866215,Katja Nyberg (-),POLITICIAN,Politician left party but still holds positions,Party,CRITICAL,Left Party Still Holding Positions,PoliticianBalancedRules
1181978,2026-08-29 00:00:00,0604604418610,Jacob Risberg (MP),POLITICIAN,Politician with moderate combined risk - above-median absence and below-median effectiveness,Behavior,MINOR,ModerateParticipationRisk,PoliticianLowVotingParticipation
1182045,2026-08-29 00:00:00,0130789484021,Mattias Bäckström Johansson (SD),POLITICIAN,"We have a lazy politician, absent 12-17% of ballots last year",Behavior,MINOR,ModerateAbsenteeism,PoliticianLazy
1181583,2026-08-29 00:00:00,0111479807829,Anna Wallentheim (S),POLITICIAN,Politician with high abstention pattern - very high abstention rate,Behavior,MAJOR,HighAbstention,PoliticianAbstentionPattern
1182280,2026-08-29 00:00:00,0448973586529,Adrian Magnusson (S),POLITICIAN,Politician with high committee substitute ratio,CommitteeExperience,MINOR,Primarily Serving as Committee Substitute,PoliticianInfluence
1181560,2026-08-29 00:00:00,0378597308227,Camilla Brodin (KD),POLITICIAN,Politician with very low document activity last year,Behavior,MINOR,LowProductivity,PoliticianLowDocumentActivity
1182032,2026-08-29 00:00:00,0963046628824,Christian Lindefjärd (SD),POLITICIAN,Politician with high committee substitute ratio,CommitteeExperience,MINOR,Primarily Serving as Committee Substitute,PoliticianInfluence
1181903,2026-08-29 00:00:00,0880137451720,Emma Nohrén (MP),POLITICIAN,Politician with multiple current assignments,Assignments,MINOR,Multiple Current Assignments,PoliticianBalancedRules
1180441,2026-08-29 00:00:00,0899169869710,Helena Gellerman (L),POLITICIAN,"We have an politician with busy schedule, more than 6 current roles and busy past",Behavior,CRITICAL,Influential,PoliticianBusySchedule
1180784,2026-08-29 00:00:00,0469384565811,Anders Alftberg (SD),POLITICIAN,Politician with no multi-party collaboration,Behavior,CRITICAL,NoMultiPartyCollaboration,PoliticianIsolatedBehavior
1180938,2026-08-29 00:00:00,0360160202728,Emma Ahlström Köster (M),POLITICIAN,Politician showing avoidance pattern - high combined absence and abstention,Behavior,CRITICAL,AvoidancePattern,PoliticianLowEngagement
1180570,2026-08-29 00:00:00,0515213566019,Lars Isacsson (S),POLITICIAN,"We have a lazy politician, absent 25-55% of ballots last year",Behavior,CRITICAL,HighAbsenteeism,PoliticianLazy
1181332,2026-08-29 00:00:00,0283284978818,Markus Kallifatides (S),POLITICIAN,Politician with high committee substitute ratio,CommitteeExperience,MINOR,Primarily Serving as Committee Substitute,PoliticianInfluence
1180198,2026-08-29 00:00:00,075747847023,Gustaf Lantz (S),POLITICIAN,Politician with more than 600 days served as committee substitute,Experience,CRITICAL,Extremely Experienced Committee Substitute,PoliticianExperience
1181537,2026-08-29 00:00:00,0387230530213,Crister Carlsson (M),POLITICIAN,Politician with high committee substitute ratio,CommitteeExperience,MINOR,Primarily Serving as Committee Substitute,PoliticianInfluence
1180576,2026-08-29 00:00:00,0838085832923,Ann-Sofie Lifvenhage (M),POLITICIAN,Politician with critical abstention pattern - excessive abstention rate,Behavior,CRITICAL,ExcessiveAbstention,PoliticianAbstentionPattern
1181565,2026-08-29 00:00:00,0932000030511,Maria Stockhaus (M),POLITICIAN,Politician with no multi-party collaboration,Behavior,CRITICAL,NoMultiPartyCollaboration,PoliticianIsolatedBehavior
1180891,2026-08-29 00:00:00,0635943298419,Dan Hovskär (KD),POLITICIAN,Politician with no multi-party collaboration,Behavior,CRITICAL,NoMultiPartyCollaboration,PoliticianIsolatedBehavior
1182205,2026-08-29 00:00:00,0383111552218,Jonas Sjöstedt (V),POLITICIAN,Politician with extremely low collaboration - below 1%,Behavior,MINOR,ExtremelyLowCollaboration,PoliticianIsolatedBehavior
1180440,2026-08-29 00:00:00,0899169869710,Helena Gellerman (L),POLITICIAN,Politician with current party assignments,Party,MINOR,Current Party Assignments,PoliticianAdditionalAttributes
1181497,2026-08-29 00:00:00,0875693083423,Romina Pourmokhtari (L),POLITICIAN,Politician with no multi-party collaboration,Behavior,CRITICAL,NoMultiPartyCollaboration,PoliticianIsolatedBehavior
1180871,2026-08-29 00:00:00,0406831930624,Henrik Vinge (SD),POLITICIAN,Politician with more than 600 days served as committee substitute,Experience,CRITICAL,Extremely Experienced Committee Substitute,PoliticianExperience
1181113,2026-08-29 00:00:00,0682989845822,Håkan Svenneling (V),POLITICIAN,Politician with combined low participation - high absence and low win rate,Behavior,MAJOR,LowParticipationAndEffectiveness,PoliticianLowVotingParticipation
1180832,2026-08-29 00:00:00,0831636664429,Mattias Karlsson (SD),POLITICIAN,"We have an politician with busy schedule, more than 6 current roles and busy past",Behavior,CRITICAL,Influential,PoliticianBusySchedule
1182116,2026-08-29 00:00:00,0412148992926,Hanna Westerén (S),POLITICIAN,Politician with multiple current assignments,Assignments,MINOR,Multiple Current Assignments,PoliticianBalancedRules
1182400,2026-08-29 00:00:00,0977592683711,Magnus Jacobsson (KD),POLITICIAN,Politician with high committee substitute ratio,CommitteeExperience,MINOR,Primarily Serving as Committee Substitute,PoliticianInfluence
1180469,2026-08-29 00:00:00,0825441263617,Birger Lahti (V),POLITICIAN,Politician with more than 600 days served as committee substitute,Experience,CRITICAL,Extremely Experienced Committee Substitute,PoliticianExperience
1180293,2026-08-29 00:00:00,0526748040023,Ludvig Aspling (SD),POLITICIAN,Politician with no multi-party collaboration,Behavior,CRITICAL,NoMultiPartyCollaboration,PoliticianIsolatedBehavior
1182152,2026-08-29 00:00:00,0504851635310,Daniel Helldén (MP),POLITICIAN,Politician with no multi-party collaboration,Behavior,CRITICAL,NoMultiPartyCollaboration,PoliticianIsolatedBehavior
1182266,2026-08-29 00:00:00,0770363683317,Malin Björk (C),POLITICIAN,Politician with high abstention rate - over 9% annually,Behavior,MINOR,HighAbstentionRate,PoliticianLowVotingParticipation
1180264,2026-08-29 00:00:00,0638497389621,Julia Kronlid (SD),POLITICIAN,Politician with more than 600 days served as committee substitute,Experience,CRITICAL,Extremely Experienced Committee Substitute,PoliticianExperience
1180453,2026-08-29 00:00:00,0937688366013,Peter Hultqvist (S),POLITICIAN,Politician with more than 900 days served in committee leadership,Experience,CRITICAL,Extremely Experienced Committee Leader,PoliticianExperience
1181943,2026-08-29 00:00:00,0105632258713,Boriana Åberg (M),POLITICIAN,Politician with no multi-party collaboration,Behavior,CRITICAL,NoMultiPartyCollaboration,PoliticianIsolatedBehavior
1180968,2026-08-29 00:00:00,0538404901718,Malin Löfsjögård (M),POLITICIAN,Politician with high committee substitute ratio,CommitteeExperience,MINOR,Primarily Serving as Committee Substitute,PoliticianInfluence
1180768,2026-08-29 00:00:00,0456680171315,Charlotte Quensel (SD),POLITICIAN,Politician with very low document activity last year,Behavior,MINOR,LowProductivity,PoliticianLowDocumentActivity
1180430,2026-08-29 00:00:00,0522054204918,Mattias Karlsson (M),POLITICIAN,Politician with more than 5 current assignments,Assignments,MAJOR,More than 5 Current Assignments,PoliticianBalancedRules
1181546,2026-08-29 00:00:00,0749416304126,Marie Nicholson (M),POLITICIAN,Politician with more than 600 days served as committee substitute,Experience,CRITICAL,Extremely Experienced Committee Substitute,PoliticianExperience
1182022,2026-08-29 00:00:00,066036027425,Mikael Damsgaard (M),POLITICIAN,"We have a party rebel politician, voted against party majority at least 1% of ballots last year",Behavior,CRITICAL,CanIgnorePartyMajority,PoliticianPartyRebel
1182430,2026-08-29 00:00:00,083953568015,Malin Höglund (M),POLITICIAN,Politician with no multi-party collaboration,Behavior,CRITICAL,NoMultiPartyCollaboration,PoliticianIsolatedBehavior
1181216,2026-08-29 00:00:00,0122987223112,Lotta Johnsson Fornarve (V),POLITICIAN,Politician with combined low participation - high absence and low win rate,Behavior,MAJOR,LowParticipationAndEffectiveness,PoliticianLowVotingParticipation
1181299,2026-08-29 00:00:00,0103624617217,Helén Pettersson (S),POLITICIAN,Politician with more than 600 days served as committee substitute,Experience,CRITICAL,Extremely Experienced Committee Substitute,PoliticianExperience
1181674,2026-08-29 00:00:00,0494242537816,Hans Eklind (KD),POLITICIAN,Politician with high abstention rate - over 9% annually,Behavior,MINOR,HighAbstentionRate,PoliticianLowVotingParticipation
1180428,2026-08-29 00:00:00,0822276103016,Barbro Holmberg (S),POLITICIAN,"We have an politician older than 70, passed retirement age in Sweden",Attribute,MAJOR,LongTimer,PoliticianTimeToRetire
1181922,2026-08-29 00:00:00,0600069352021,Fredrik Kärrholm (M),POLITICIAN,Politician with high committee substitute ratio,CommitteeExperience,MINOR,Primarily Serving as Committee Substitute,PoliticianInfluence
1182409,2026-08-29 00:00:00,0630820052511,Per-Arne Håkansson (S),POLITICIAN,Politician with high abstention rate - over 9% annually,Behavior,MINOR,HighAbstentionRate,PoliticianLowVotingParticipation
1182415,2026-08-29 00:00:00,0791786201912,Maria Plass (M),POLITICIAN,"We have an politician older than 70, passed retirement age in Sweden",Attribute,MAJOR,LongTimer,PoliticianTimeToRetire
1180925,2026-08-29 00:00:00,071293048118,Thomas Ragnarsson (M),POLITICIAN,Politician with more than 600 days served as committee substitute,Experience,CRITICAL,Extremely Experienced Committee Substitute,PoliticianExperience
1182242,2026-08-29 00:00:00,02910042914,Carina Ödebrink (S),POLITICIAN,Politician with high committee substitute ratio,CommitteeExperience,MINOR,Primarily Serving as Committee Substitute,PoliticianInfluence
1181404,2026-08-29 00:00:00,0985943148917,Victoria Tiblom (SD),POLITICIAN,"We have a lazy politician, absent 25-55% of ballots last year",Behavior,CRITICAL,HighAbsenteeism,PoliticianLazy
1180694,2026-08-29 00:00:00,023767922422,Mats Persson (L),POLITICIAN,Politician with declining engagement - monthly absence worse than annual,Behavior,MAJOR,WorseningAbsenteeism,PoliticianDecliningEngagement
1181361,2026-08-29 00:00:00,0184968091618,Jan Riise (MP),POLITICIAN,"We have a lazy politician, absent 25-55% of ballots last year",Behavior,CRITICAL,HighAbsenteeism,PoliticianLazy
1182111,2026-08-29 00:00:00,0411459873625,Hanna Gunnarsson (V),POLITICIAN,Politician with critical abstention pattern - excessive abstention rate,Behavior,CRITICAL,ExcessiveAbstention,PoliticianAbstentionPattern
1181495,2026-08-29 00:00:00,0611350076611,Susanne Nordström (M),POLITICIAN,Politician with more than 600 days served as committee substitute,Experience,CRITICAL,Extremely Experienced Committee Substitute,PoliticianExperience
1180400,2026-08-29 00:00:00,0296384583518,Åsa Eriksson (S),POLITICIAN,Politician showing avoidance pattern - high combined absence and abstention,Behavior,CRITICAL,AvoidancePattern,PoliticianLowEngagement
1182426,2026-08-29 00:00:00,083953568015,Malin Höglund (M),POLITICIAN,Politician showing avoidance pattern - high combined absence and abstention,Behavior,CRITICAL,AvoidancePattern,PoliticianLowEngagement
1182160,2026-08-29 00:00:00,0183544538819,Patrik Jönsson (SD),POLITICIAN,Politician with combined absence and abstention risk,Behavior,MAJOR,HighAbsenceAndAbstention,PoliticianCombinedRisk
1180577,2026-08-29 00:00:00,0838085832923,Ann-Sofie Lifvenhage (M),POLITICIAN,Politician with no multi-party collaboration,Behavior,CRITICAL,NoMultiPartyCollaboration,PoliticianIsolatedBehavior
1180396,2026-08-29 00:00:00,0170585430421,Jimmy Ståhl (SD),POLITICIAN,Politician with no multi-party collaboration,Behavior,CRITICAL,NoMultiPartyCollaboration,PoliticianIsolatedBehavior
1182087,2026-08-29 00:00:00,0339894357417,Jennie Nilsson (S),POLITICIAN,Politician with high combined risk - very high absence and low effectiveness,Behavior,MAJOR,HighCombinedRisk,PoliticianLowVotingParticipation
1181195,2026-08-29 00:00:00,0828721176319,Sten Bergheden (M),POLITICIAN,"We have a lazy politician, absent at least 18 % of ballots last month",Behavior,MAJOR,NA,PoliticianLazy
1181024,2026-08-29 00:00:00,0980092192122,Joar Forssell (L),POLITICIAN,Politician with critical abstention pattern - excessive abstention rate,Behavior,CRITICAL,ExcessiveAbstention,PoliticianAbstentionPattern
1181040,2026-08-29 00:00:00,0760500234712,Monica Haider (S),POLITICIAN,Politician with combined absence and abstention risk,Behavior,MAJOR,HighAbsenceAndAbstention,PoliticianCombinedRisk
1182174,2026-08-29 00:00:00,0381853591928,Malte Tängmark Roos (MP),POLITICIAN,Politician with more than 600 days served as committee substitute,Experience,CRITICAL,Extremely Experienced Committee Substitute,PoliticianExperience
1181467,2026-08-29 00:00:00,0930305890123,Sara-Lena Bjälkö (-),POLITICIAN,Politician with no documents last year,Behavior,MAJOR,NoProductivity,PoliticianLowDocumentActivity
1182362,2026-08-29 00:00:00,023001325318,Lotta Edholm (L),POLITICIAN,Politician with high committee substitute ratio,CommitteeExperience,MINOR,Primarily Serving as Committee Substitute,PoliticianInfluence
1181559,2026-08-29 00:00:00,0378597308227,Camilla Brodin (KD),POLITICIAN,Politician with no multi-party collaboration,Behavior,CRITICAL,NoMultiPartyCollaboration,PoliticianIsolatedBehavior
1182208,2026-08-29 00:00:00,0692076685824,Camilla Hansén (MP),POLITICIAN,Politician with more than 6 current assignments,Assignments,CRITICAL,More than 6 Current Assignments,PoliticianBalancedRules
1180950,2026-08-29 00:00:00,0251136832626,Muharrem Demirok (C),POLITICIAN,"We have a lazy politician, absent 17-25% of ballots last year",Behavior,MAJOR,ConcerningAbsenteeism,PoliticianLazy
1181561,2026-08-29 00:00:00,0378597308227,Camilla Brodin (KD),POLITICIAN,Politician with high committee substitute ratio,CommitteeExperience,MINOR,Primarily Serving as Committee Substitute,PoliticianInfluence
1180914,2026-08-29 00:00:00,0939158389321,Samuel Gonzalez Westling (V),POLITICIAN,Politician with current party assignments,Party,MINOR,Current Party Assignments,PoliticianAdditionalAttributes
1182051,2026-08-29 00:00:00,0903081277919,Helena Vilhelmsson (C),POLITICIAN,Politician with more than 6 current assignments,Assignments,CRITICAL,More than 6 Current Assignments,PoliticianBalancedRules
1180273,2026-08-29 00:00:00,0327372175911,Fredrik Ahlstedt (M),POLITICIAN,Politician with high committee substitute ratio,CommitteeExperience,MINOR,Primarily Serving as Committee Substitute,PoliticianInfluence
1180647,2026-08-29 00:00:00,0315499690028,Teresa Carvalho (S),POLITICIAN,Politician with high abstention pattern - very high abstention rate,Behavior,MAJOR,HighAbstention,PoliticianAbstentionPattern
1182419,2026-08-29 00:00:00,0983984918111,Matilda Ernkrans (S),POLITICIAN,Politician with more than 900 days served in committee leadership,Experience,CRITICAL,Extremely Experienced Committee Leader,PoliticianExperience
1180150,2026-08-29 00:00:00,0538387395826,Mats Green (M),POLITICIAN,Politician with high committee substitute ratio,CommitteeExperience,MINOR,Primarily Serving as Committee Substitute,PoliticianInfluence
1181000,2026-08-29 00:00:00,0246927519019,Karin Rågsjö (V),POLITICIAN,Politician with high committee substitute ratio,CommitteeExperience,MINOR,Primarily Serving as Committee Substitute,PoliticianInfluence
1181337,2026-08-29 00:00:00,0875221317013,Gunilla Carlsson (S),POLITICIAN,Politician with high committee substitute ratio,CommitteeExperience,MINOR,Primarily Serving as Committee Substitute,PoliticianInfluence
1181378,2026-08-29 00:00:00,0409655917321,Jakob Olofsgård (L),POLITICIAN,Politician with increasing rebel behavior - monthly rebel rate exceeds annual significantly,Behavior,MAJOR,EscalatingRebelBehavior,PoliticianDecliningEngagement
1181893,2026-08-29 00:00:00,0456522027421,Linnéa Wickman (S),POLITICIAN,Politician showing avoidance pattern - high combined absence and abstention,Behavior,CRITICAL,AvoidancePattern,PoliticianLowEngagement
1182098,2026-08-29 00:00:00,0274462857213,Petter Löberg (S),POLITICIAN,Politician rarely wins votes - below 20% win rate annually,Behavior,MAJOR,VeryLowWinRate,PoliticianIneffectiveVoting
1180818,2026-08-29 00:00:00,0418929039326,Patrik Lundqvist (S),POLITICIAN,Politician with combined absence and abstention risk,Behavior,MAJOR,HighAbsenceAndAbstention,PoliticianCombinedRisk
1182340,2026-08-29 00:00:00,0229760896014,Anders W Jonsson (C),POLITICIAN,"We have a lazy politician, absent 12-17% of ballots last year",Behavior,MINOR,ModerateAbsenteeism,PoliticianLazy
1181936,2026-08-29 00:00:00,0966063008623,Leonid Yurkovskiy (SD),POLITICIAN,Politician with multiple current assignments,Assignments,MINOR,Multiple Current Assignments,PoliticianBalancedRules
1180257,2026-08-29 00:00:00,0910272619521,Benjamin Dousa (M),POLITICIAN,We have an politician part of government,Behavior,MAJOR,Influential,PoliticianPartyLeader
1182329,2026-08-29 00:00:00,0554852839719,Mikael Dahlqvist (S),POLITICIAN,Politician with high abstention pattern - very high abstention rate,Behavior,MAJOR,HighAbstention,PoliticianAbstentionPattern
1180879,2026-08-29 00:00:00,0220064764318,Camilla Brunsberg (M),POLITICIAN,Politician with more than 600 days served as committee substitute,Experience,CRITICAL,Extremely Experienced Committee Substitute,PoliticianExperience
1181483,2026-08-29 00:00:00,0440225263920,Robert Olesen (S),POLITICIAN,Politician with more than 600 days served as committee substitute,Experience,CRITICAL,Extremely Experienced Committee Substitute,PoliticianExperience
1181394,2026-08-29 00:00:00,0973782197017,Mikael Oscarsson (KD),POLITICIAN,Politician with high abstention rate - over 9% annually,Behavior,MINOR,HighAbstentionRate,PoliticianLowVotingParticipation
1181595,2026-08-29 00:00:00,0985426914829,Anna Lasses (C),POLITICIAN,Politician with no multi-party collaboration,Behavior,CRITICAL,NoMultiPartyCollaboration,PoliticianIsolatedBehavior
1182028,2026-08-29 00:00:00,066036027425,Mikael Damsgaard (M),POLITICIAN,Politician with more than 600 days served as committee substitute,Experience,CRITICAL,Extremely Experienced Committee Substitute,PoliticianExperience
1180795,2026-08-29 00:00:00,0509830681123,Ida Karkiainen (S),POLITICIAN,Politician with very high rebel rate - 2.0-5.0% annually,Behavior,CRITICAL,VeryHighRebelVoting,PoliticianHighRebelRate
1182004,2026-08-29 00:00:00,0888807074321,Amanda Lind (MP),POLITICIAN,Politician with no multi-party collaboration,Behavior,CRITICAL,NoMultiPartyCollaboration,PoliticianIsolatedBehavior
1181443,2026-08-29 00:00:00,0714968014016,Anders Ekegren (L),POLITICIAN,Politician with more than 600 days served as committee substitute,Experience,CRITICAL,Extremely Experienced Committee Substitute,PoliticianExperience
1180750,2026-08-29 00:00:00,0388994689418,Malin Östh (V),POLITICIAN,Politician with more than 600 days served as committee substitute,Experience,CRITICAL,Extremely Experienced Committee Substitute,PoliticianExperience
1180865,2026-08-29 00:00:00,0406831930624,Henrik Vinge (SD),POLITICIAN,Politician currently active in committee leadership,Role,MINOR,Active Committee Leader,PoliticianLeadershipRole
1180493,2026-08-29 00:00:00,0766496753128,Fredrik Malm (L),POLITICIAN,Politician with high committee substitute ratio,CommitteeExperience,MINOR,Primarily Serving as Committee Substitute,PoliticianInfluence
1181237,2026-08-29 00:00:00,0615175917521,Kent Kumpula (SD),POLITICIAN,Politician with concerning abstention pattern - frequently abstaining,Behavior,MAJOR,FrequentAbstention,PoliticianAbstentionPattern
1180517,2026-08-29 00:00:00,0861521539920,Aron Emilsson (SD),POLITICIAN,Politician with concerning abstention pattern - frequently abstaining,Behavior,MAJOR,FrequentAbstention,PoliticianAbstentionPattern
1180779,2026-08-29 00:00:00,0961483563503,Gudrun Nordborg (V),POLITICIAN,"We have an extremely lazy politician, absent more than 55 % of ballots last year",Behavior,CRITICAL,ExtremeAbsenteeism,PoliticianLazy
1182145,2026-08-29 00:00:00,0440673458216,Ulrika Liljeberg (C),POLITICIAN,Politician with more than 600 days served as committee substitute,Experience,CRITICAL,Extremely Experienced Committee Substitute,PoliticianExperience
1182188,2026-08-29 00:00:00,0616721755222,Louise Meijer (M),POLITICIAN,Politician with no documents last year,Behavior,MAJOR,NoProductivity,PoliticianLowDocumentActivity
1182333,2026-08-29 00:00:00,0256716955026,Serkan Köse (S),POLITICIAN,Politician with more than 5 current assignments,Assignments,MAJOR,More than 5 Current Assignments,PoliticianBalancedRules
1182044,2026-08-29 00:00:00,0130789484021,Mattias Bäckström Johansson (SD),POLITICIAN,Politician with concerning abstention pattern - frequently abstaining,Behavior,MAJOR,FrequentAbstention,PoliticianAbstentionPattern
1180644,2026-08-29 00:00:00,0545733815610,Patrick Reslow (SD),POLITICIAN,Politician with more than 600 days served as committee substitute,Experience,CRITICAL,Extremely Experienced Committee Substitute,PoliticianExperience
1181093,2026-08-29 00:00:00,0720250789315,Mats Wiking (S),POLITICIAN,Politician with more than 600 days served as committee substitute,Experience,CRITICAL,Extremely Experienced Committee Substitute,PoliticianExperience
1182118,2026-08-29 00:00:00,0412148992926,Hanna Westerén (S),POLITICIAN,Politician with high committee substitute ratio,CommitteeExperience,MINOR,Primarily Serving as Committee Substitute,PoliticianInfluence
1180385,2026-08-29 00:00:00,0506482805418,Isak From (S),POLITICIAN,Politician with high committee substitute ratio,CommitteeExperience,MINOR,Primarily Serving as Committee Substitute,PoliticianInfluence
1180803,2026-08-29 00:00:00,041911485722,Magdalena Thuresson (M),POLITICIAN,Politician with multiple current assignments,Assignments,MINOR,Multiple Current Assignments,PoliticianBalancedRules
1180159,2026-08-29 00:00:00,084624777218,Helena Lindahl (C),POLITICIAN,Politician with high committee substitute ratio,CommitteeExperience,MINOR,Primarily Serving as Committee Substitute,PoliticianInfluence
1181962,2026-08-29 00:00:00,0992473266516,Larry Söder (KD),POLITICIAN,Politician with high committee substitute ratio,CommitteeExperience,MINOR,Primarily Serving as Committee Substitute,PoliticianInfluence
1180794,2026-08-29 00:00:00,0509830681123,Ida Karkiainen (S),POLITICIAN,Politician with high abstention pattern - very high abstention rate,Behavior,MAJOR,HighAbstention,PoliticianAbstentionPattern
1181871,2026-08-29 00:00:00,0721509806321,Nooshi Dadgostar (V),POLITICIAN,Politician with more than 600 days served as committee substitute,Experience,CRITICAL,Extremely Experienced Committee Substitute,PoliticianExperience
1181961,2026-08-29 00:00:00,0992473266516,Larry Söder (KD),POLITICIAN,Politician with moderate rebel rate - 0.5-1.0% annually,Behavior,MINOR,ModerateRebelVoting,PoliticianHighRebelRate
1181285,2026-08-29 00:00:00,0982795248728,Jakob Forssmed (KD),POLITICIAN,Politician with extremely low collaboration - below 1%,Behavior,MINOR,ExtremelyLowCollaboration,PoliticianIsolatedBehavior
1181579,2026-08-29 00:00:00,0204240926023,Markus Wiechel (SD),POLITICIAN,Politician with more than 600 days served as committee substitute,Experience,CRITICAL,Extremely Experienced Committee Substitute,PoliticianExperience
1181387,2026-08-29 00:00:00,0125036219125,Nina Larsson (L),POLITICIAN,Politician with current ministry assignments,Ministry,MINOR,Current Ministry Assignments,PoliticianAdditionalAttributes
1180395,2026-08-29 00:00:00,0170585430421,Jimmy Ståhl (SD),POLITICIAN,Politician with strategic abstention - high abstention but high presence,Behavior,MAJOR,StrategicAbstentionPresent,PoliticianAbstentionPattern
1181367,2026-08-29 00:00:00,0257313105220,Arber Gashi (S),POLITICIAN,Politician with no multi-party collaboration,Behavior,CRITICAL,NoMultiPartyCollaboration,PoliticianIsolatedBehavior
1181696,2026-08-29 00:00:00,0112333043027,Rasmus Giertz (SD),POLITICIAN,Politician with high committee substitute ratio,CommitteeExperience,MINOR,Primarily Serving as Committee Substitute,PoliticianInfluence
1180313,2026-08-29 00:00:00,0926002991620,Pontus Andersson Garpvall (SD),POLITICIAN,Politician with no multi-party collaboration,Behavior,CRITICAL,NoMultiPartyCollaboration,PoliticianIsolatedBehavior
1181104,2026-08-29 00:00:00,MP,MP,PARTY,Party with low document productivity - below 18 docs per member last year,Behavior,MINOR,LowDocumentProductivity,PartyLowEffectiveness
1180426,2026-08-29 00:00:00,0372414474424,Oskar Svärd (M),POLITICIAN,Politician with high committee substitute ratio,CommitteeExperience,MINOR,Primarily Serving as Committee Substitute,PoliticianInfluence
1182417,2026-08-29 00:00:00,0983984918111,Matilda Ernkrans (S),POLITICIAN,Politician currently active in committee leadership,Role,MINOR,Active Committee Leader,PoliticianLeadershipRole
1181798,2026-08-29 00:00:00,0494843794418,Martin Ådahl (C),POLITICIAN,Politician with more than 600 days served as committee substitute,Experience,CRITICAL,Extremely Experienced Committee Substitute,PoliticianExperience
1182279,2026-08-29 00:00:00,0448973586529,Adrian Magnusson (S),POLITICIAN,Politician with no multi-party collaboration,Behavior,CRITICAL,NoMultiPartyCollaboration,PoliticianIsolatedBehavior
1181681,2026-08-29 00:00:00,0494242537816,Hans Eklind (KD),POLITICIAN,Politician with more than 600 days served as committee substitute,Experience,CRITICAL,Extremely Experienced Committee Substitute,PoliticianExperience
1180425,2026-08-29 00:00:00,0372414474424,Oskar Svärd (M),POLITICIAN,Politician with zero collaboration,Behavior,MAJOR,ZeroCollaboration,PoliticianIsolatedBehavior
1181262,2026-08-29 00:00:00,0376353897112,Leif Nysmed (S),POLITICIAN,Politician showing avoidance pattern - high combined absence and abstention,Behavior,CRITICAL,AvoidancePattern,PoliticianLowEngagement
1182050,2026-08-29 00:00:00,0130789484021,Mattias Bäckström Johansson (SD),POLITICIAN,Politician with more than 600 days served as committee substitute,Experience,CRITICAL,Extremely Experienced Committee Substitute,PoliticianExperience
1180769,2026-08-29 00:00:00,0456680171315,Charlotte Quensel (SD),POLITICIAN,Politician with high committee substitute ratio,CommitteeExperience,MINOR,Primarily Serving as Committee Substitute,PoliticianInfluence
1180250,2026-08-29 00:00:00,0589561178823,Peter Hedberg (S),POLITICIAN,"We have a lazy politician, absent 25-55% of ballots last year",Behavior,CRITICAL,HighAbsenteeism,PoliticianLazy
1180998,2026-08-29 00:00:00,0246927519019,Karin Rågsjö (V),POLITICIAN,"We have an politician older than 70, passed retirement age in Sweden",Attribute,MAJOR,LongTimer,PoliticianTimeToRetire
1180940,2026-08-29 00:00:00,0360160202728,Emma Ahlström Köster (M),POLITICIAN,"We have an extremely lazy politician, absent more than 55 % of ballots last year",Behavior,CRITICAL,ExtremeAbsenteeism,PoliticianLazy
1182074,2026-08-29 00:00:00,0662032691523,Amalia Rud Stenlöf (S),POLITICIAN,"We have a lazy politician, absent at least 18 % of ballots last month",Behavior,MAJOR,NA,PoliticianLazy
1181932,2026-08-29 00:00:00,037561614928,Lawen Redar (S),POLITICIAN,Politician with high abstention pattern - very high abstention rate,Behavior,MAJOR,HighAbstention,PoliticianAbstentionPattern
1180510,2026-08-29 00:00:00,0588282566419,Lars Beckman (M),POLITICIAN,Politician with multiple current assignments,Assignments,MINOR,Multiple Current Assignments,PoliticianBalancedRules
1182396,2026-08-29 00:00:00,0977592683711,Magnus Jacobsson (KD),POLITICIAN,Politician with declining engagement - monthly absence worse than annual,Behavior,MAJOR,WorseningAbsenteeism,PoliticianDecliningEngagement
1181666,2026-08-29 00:00:00,0136268785826,Nima Gholam Ali Pour (SD),POLITICIAN,Politician with no multi-party collaboration,Behavior,CRITICAL,NoMultiPartyCollaboration,PoliticianIsolatedBehavior
1181908,2026-08-29 00:00:00,0430865615328,Linda Lindberg (SD),POLITICIAN,Politician with more than 6 current assignments,Assignments,CRITICAL,More than 6 Current Assignments,PoliticianBalancedRules
1182265,2026-08-29 00:00:00,0770363683317,Malin Björk (C),POLITICIAN,Politician with multiple current assignments,Assignments,MINOR,Multiple Current Assignments,PoliticianBalancedRules
1181364,2026-08-29 00:00:00,0184968091618,Jan Riise (MP),POLITICIAN,Politician with high committee substitute ratio,CommitteeExperience,MINOR,Primarily Serving as Committee Substitute,PoliticianInfluence
1182064,2026-08-29 00:00:00,074310796828,Magnus Resare (M),POLITICIAN,Politician with high committee substitute ratio,CommitteeExperience,MINOR,Primarily Serving as Committee Substitute,PoliticianInfluence
1180837,2026-08-29 00:00:00,0831636664429,Mattias Karlsson (SD),POLITICIAN,Politician with more than 600 days served as committee substitute,Experience,CRITICAL,Extremely Experienced Committee Substitute,PoliticianExperience
1181876,2026-08-29 00:00:00,0624040854527,Emma Berginger (MP),POLITICIAN,Politician with more than 600 days served as committee substitute,Experience,CRITICAL,Extremely Experienced Committee Substitute,PoliticianExperience
1181122,2026-08-29 00:00:00,0248492534018,Pia Trollehjelm (SD),POLITICIAN,Politician with multiple current assignments,Assignments,MINOR,Multiple Current Assignments,PoliticianBalancedRules
1182060,2026-08-29 00:00:00,0903081277919,Helena Vilhelmsson (C),POLITICIAN,Politician with high committee substitute ratio,CommitteeExperience,MINOR,Primarily Serving as Committee Substitute,PoliticianInfluence
1180671,2026-08-29 00:00:00,027964311318,Karin Sundin (S),POLITICIAN,"We have a lazy politician, absent 25-55% of ballots last year",Behavior,CRITICAL,HighAbsenteeism,PoliticianLazy
1181335,2026-08-29 00:00:00,0875221317013,Gunilla Carlsson (S),POLITICIAN,"We have an politician with busy schedule, more than 4 current roles and busy past",Behavior,MINOR,Influential,PoliticianBusySchedule
1182092,2026-08-29 00:00:00,0512510717328,Ebba Busch (KD),POLITICIAN,Politician with current party assignments,Party,MINOR,Current Party Assignments,PoliticianAdditionalAttributes
1180206,2026-08-29 00:00:00,0512645510895,Jonathan Svensson (S),POLITICIAN,Politician with no multi-party collaboration,Behavior,CRITICAL,NoMultiPartyCollaboration,PoliticianIsolatedBehavior
1181639,2026-08-29 00:00:00,0803753212716,Richard Jomshof (SD),POLITICIAN,Politician with high committee substitute ratio,CommitteeExperience,MINOR,Primarily Serving as Committee Substitute,PoliticianInfluence
1182072,2026-08-29 00:00:00,0973350087929,Patrik Karlson (L),POLITICIAN,Politician with more than 600 days served as committee substitute,Experience,CRITICAL,Extremely Experienced Committee Substitute,PoliticianExperience
1181990,2026-08-29 00:00:00,0509415296421,Kjell-Arne Ottosson (KD),POLITICIAN,"We have an politician with busy schedule, more than 4 current roles and busy past",Behavior,MINOR,Influential,PoliticianBusySchedule
1180429,2026-08-29 00:00:00,0822276103016,Barbro Holmberg (S),POLITICIAN,Politician with more than 1000 days served in government,Experience,MINOR,Experienced in Government,PoliticianExperience
1180773,2026-08-29 00:00:00,0750092881021,Joanna Lewerentz (M),POLITICIAN,Politician with high committee substitute ratio,CommitteeExperience,MINOR,Primarily Serving as Committee Substitute,PoliticianInfluence
1180295,2026-08-29 00:00:00,0526748040023,Ludvig Aspling (SD),POLITICIAN,Politician with high committee substitute ratio,CommitteeExperience,MINOR,Primarily Serving as Committee Substitute,PoliticianInfluence
1180355,2026-08-29 00:00:00,0236597884217,Rose-Marie Carlsson (S),POLITICIAN,Politician with high combined risk - very high absence and low effectiveness,Behavior,MAJOR,HighCombinedRisk,PoliticianLowVotingParticipation
1181968,2026-08-29 00:00:00,0647668663722,Parisa Liljestrand (M),POLITICIAN,We have an politician part of government,Behavior,MAJOR,Influential,PoliticianPartyLeader
1180310,2026-08-29 00:00:00,0926002991620,Pontus Andersson Garpvall (SD),POLITICIAN,Politician with critical abstention pattern - excessive abstention rate,Behavior,CRITICAL,ExcessiveAbstention,PoliticianAbstentionPattern
1180939,2026-08-29 00:00:00,0360160202728,Emma Ahlström Köster (M),POLITICIAN,Politician rarely wins votes - below 10% win rate annually,Behavior,CRITICAL,CriticallyLowWinRate,PoliticianIneffectiveVoting
1180882,2026-08-29 00:00:00,0723133822026,Carl Nordblom (M),POLITICIAN,Politician with high committee substitute ratio,CommitteeExperience,MINOR,Primarily Serving as Committee Substitute,PoliticianInfluence
1181114,2026-08-29 00:00:00,0682989845822,Håkan Svenneling (V),POLITICIAN,"We have an politician with busy schedule, more than 5 current roles and busy past",Behavior,MAJOR,Influential,PoliticianBusySchedule
1182355,2026-08-29 00:00:00,02658325625,Angelica Lundberg (SD),POLITICIAN,Politician with multiple current assignments,Assignments,MINOR,Multiple Current Assignments,PoliticianBalancedRules
1180328,2026-08-29 00:00:00,M,M,PARTY,"We have a party with no opinion, abstain more than 10 % of ballots last year",Behavior,CRITICAL,EnablesMinorityGovernments,PartyNoOpinion
1182128,2026-08-29 00:00:00,0203877548421,Malin Larsson (S),POLITICIAN,Politician with no multi-party collaboration,Behavior,CRITICAL,NoMultiPartyCollaboration,PoliticianIsolatedBehavior
1180616,2026-08-29 00:00:00,0853395328224,Lena Hallengren (S),POLITICIAN,Politician with extreme combined risk - very high absence and very low win rate,Behavior,CRITICAL,ExtremeLowParticipationAndEffectiveness,PoliticianLowVotingParticipation
1182313,2026-08-29 00:00:00,0457722435319,Tomas Kronståhl (S),POLITICIAN,Politician with no multi-party collaboration,Behavior,CRITICAL,NoMultiPartyCollaboration,PoliticianIsolatedBehavior
1181504,2026-08-29 00:00:00,0407081382317,Anna-Caren Sätherberg (S),POLITICIAN,Politician with more than 900 days served in committee leadership,Experience,CRITICAL,Extremely Experienced Committee Leader,PoliticianExperience
1181474,2026-08-29 00:00:00,0803790353229,Azra Muranovic (S),POLITICIAN,"We have a lazy politician, absent 25-55% of ballots last year",Behavior,CRITICAL,HighAbsenteeism,PoliticianLazy
1181111,2026-08-29 00:00:00,0682989845822,Håkan Svenneling (V),POLITICIAN,Politician with more than 5 current assignments,Assignments,MAJOR,More than 5 Current Assignments,PoliticianBalancedRules
1182379,2026-08-29 00:00:00,0986091320811,Catarina Deremar (C),POLITICIAN,Politician with no multi-party collaboration,Behavior,CRITICAL,NoMultiPartyCollaboration,PoliticianIsolatedBehavior
1180619,2026-08-29 00:00:00,0853395328224,Lena Hallengren (S),POLITICIAN,"We have a party rebel politician, voted against party majority at least 1% of ballots last year",Behavior,CRITICAL,CanIgnorePartyMajority,PoliticianPartyRebel
1180826,2026-08-29 00:00:00,069534526423,Mathias Bengtsson (KD),POLITICIAN,Politician with multiple current assignments,Assignments,MINOR,Multiple Current Assignments,PoliticianBalancedRules
1180378,2026-08-29 00:00:00,0911916463828,Fredrik Lundh Sammeli (S),POLITICIAN,Politician with high committee substitute ratio,CommitteeExperience,MINOR,Primarily Serving as Committee Substitute,PoliticianInfluence
1180866,2026-08-29 00:00:00,0406831930624,Henrik Vinge (SD),POLITICIAN,Politician with multiple current assignments,Assignments,MINOR,Multiple Current Assignments,PoliticianBalancedRules
1181604,2026-08-29 00:00:00,0764422217512,Lars Engsund (M),POLITICIAN,Politician with zero collaboration,Behavior,MAJOR,ZeroCollaboration,PoliticianIsolatedBehavior
1181325,2026-08-29 00:00:00,0119672047211,Madeleine Atlas (C),POLITICIAN,Politician with multiple current assignments,Assignments,MINOR,Multiple Current Assignments,PoliticianBalancedRules
1180406,2026-08-29 00:00:00,0729710260118,Helena Bouveng (M),POLITICIAN,Politician with no documents last year,Behavior,MAJOR,NoProductivity,PoliticianLowDocumentActivity
1180715,2026-08-29 00:00:00,0132818093422,Rickard Nordin (C),POLITICIAN,Politician with multiple current assignments,Assignments,MINOR,Multiple Current Assignments,PoliticianBalancedRules
1181835,2026-08-29 00:00:00,0652497579621,Johanna Haraldsson (S),POLITICIAN,Politician with high abstention rate - over 9% annually,Behavior,MINOR,HighAbstentionRate,PoliticianLowVotingParticipation
1180748,2026-08-29 00:00:00,0388994689418,Malin Östh (V),POLITICIAN,Politician with high committee substitute ratio,CommitteeExperience,MINOR,Primarily Serving as Committee Substitute,PoliticianInfluence
1180398,2026-08-29 00:00:00,0170585430421,Jimmy Ståhl (SD),POLITICIAN,Politician with more than 600 days served as committee substitute,Experience,CRITICAL,Extremely Experienced Committee Substitute,PoliticianExperience
1181229,2026-08-29 00:00:00,0240670797111,Björn Tidland (SD),POLITICIAN,Politician with more than 600 days served as committee substitute,Experience,CRITICAL,Extremely Experienced Committee Substitute,PoliticianExperience
1181638,2026-08-29 00:00:00,0803753212716,Richard Jomshof (SD),POLITICIAN,Politician with no multi-party collaboration,Behavior,CRITICAL,NoMultiPartyCollaboration,PoliticianIsolatedBehavior
1180292,2026-08-29 00:00:00,0526748040023,Ludvig Aspling (SD),POLITICIAN,"We have a lazy politician, absent 100 % last day of ballots in parliament",Behavior,MINOR,NA,PoliticianLazy
1180680,2026-08-29 00:00:00,0254021157518,Lars Andersson (SD),POLITICIAN,Politician with high committee substitute ratio,CommitteeExperience,MINOR,Primarily Serving as Committee Substitute,PoliticianInfluence
1181047,2026-08-29 00:00:00,0376395541120,Joakim Sandell (S),POLITICIAN,Politician with multiple current assignments,Assignments,MINOR,Multiple Current Assignments,PoliticianBalancedRules
1181271,2026-08-29 00:00:00,0138741628520,Angelika Bengtsson (SD),POLITICIAN,Politician with high committee substitute ratio,CommitteeExperience,MINOR,Primarily Serving as Committee Substitute,PoliticianInfluence
1181963,2026-08-29 00:00:00,0992473266516,Larry Söder (KD),POLITICIAN,We have an politician with leading role in the party,Behavior,MINOR,Influential,PoliticianPartyLeader
1181297,2026-08-29 00:00:00,0103624617217,Helén Pettersson (S),POLITICIAN,Politician with extremely low collaboration - below 1%,Behavior,MINOR,ExtremelyLowCollaboration,PoliticianIsolatedBehavior
1182169,2026-08-29 00:00:00,0381853591928,Malte Tängmark Roos (MP),POLITICIAN,Politician with multiple current assignments,Assignments,MINOR,Multiple Current Assignments,PoliticianBalancedRules
1181414,2026-08-29 00:00:00,0433422973328,Kristoffer Lindberg (S),POLITICIAN,Politician with more than 600 days served as committee substitute,Experience,CRITICAL,Extremely Experienced Committee Substitute,PoliticianExperience
1180365,2026-08-29 00:00:00,065701062615,Runar Filper (SD),POLITICIAN,Politician rarely wins votes - below 30% win rate annually,Behavior,MINOR,LowWinRate,PoliticianIneffectiveVoting
1181133,2026-08-29 00:00:00,0628005785225,Jörgen Berglund (M),POLITICIAN,"We have an politician with busy schedule, more than 5 current roles and busy past",Behavior,MAJOR,Influential,PoliticianBusySchedule
1181488,2026-08-29 00:00:00,0557180142229,Fredrik Lindahl (SD),POLITICIAN,Politician with more than 600 days served as committee substitute,Experience,CRITICAL,Extremely Experienced Committee Substitute,PoliticianExperience
1180626,2026-08-29 00:00:00,0853395328224,Lena Hallengren (S),POLITICIAN,Politician with more than 900 days served in committee leadership,Experience,CRITICAL,Extremely Experienced Committee Leader,PoliticianExperience
1181796,2026-08-29 00:00:00,0494843794418,Martin Ådahl (C),POLITICIAN,Politician with no multi-party collaboration,Behavior,CRITICAL,NoMultiPartyCollaboration,PoliticianIsolatedBehavior
1180975,2026-08-29 00:00:00,0202577142527,Matheus Enholm (SD),POLITICIAN,Politician with very low document activity last year,Behavior,MINOR,LowProductivity,PoliticianLowDocumentActivity
1181690,2026-08-29 00:00:00,0313390540217,Ingela Nylund Watz (S),POLITICIAN,Politician with extremely low collaboration - below 1%,Behavior,MINOR,ExtremelyLowCollaboration,PoliticianIsolatedBehavior
1180359,2026-08-29 00:00:00,0236597884217,Rose-Marie Carlsson (S),POLITICIAN,Politician with declining engagement - monthly absence worse than annual,Behavior,MAJOR,WorseningAbsenteeism,PoliticianDecliningEngagement
1181740,2026-08-29 00:00:00,0890152141226,Nadja Awad (V),POLITICIAN,Politician with more than 600 days served as committee substitute,Experience,CRITICAL,Extremely Experienced Committee Substitute,PoliticianExperience
1181898,2026-08-29 00:00:00,0922497728524,Ardalan Shekarabi (S),POLITICIAN,Politician with no multi-party collaboration,Behavior,CRITICAL,NoMultiPartyCollaboration,PoliticianIsolatedBehavior
1180277,2026-08-29 00:00:00,0787584650516,Alice Bah Kuhnke (MP),POLITICIAN,Politician with no multi-party collaboration,Behavior,CRITICAL,NoMultiPartyCollaboration,PoliticianIsolatedBehavior
1181955,2026-08-29 00:00:00,0992473266516,Larry Söder (KD),POLITICIAN,Politician with more than 6 current assignments,Assignments,CRITICAL,More than 6 Current Assignments,PoliticianBalancedRules
1180953,2026-08-29 00:00:00,0251136832626,Muharrem Demirok (C),POLITICIAN,Politician with more than 500 days served in committees,Experience,MINOR,Experienced in Committees,PoliticianExperience
1180749,2026-08-29 00:00:00,0388994689418,Malin Östh (V),POLITICIAN,We have an politician with leading role in the party,Behavior,MINOR,Influential,PoliticianPartyLeader
1180311,2026-08-29 00:00:00,0926002991620,Pontus Andersson Garpvall (SD),POLITICIAN,Politician with declining engagement - monthly absence worse than annual,Behavior,MAJOR,WorseningAbsenteeism,PoliticianDecliningEngagement
1180820,2026-08-29 00:00:00,0418929039326,Patrik Lundqvist (S),POLITICIAN,Politician with more than 600 days served as committee substitute,Experience,CRITICAL,Extremely Experienced Committee Substitute,PoliticianExperience
1180541,2026-08-29 00:00:00,0920901966627,Tony Haddou (V),POLITICIAN,Politician currently active in committee leadership,Role,MINOR,Active Committee Leader,PoliticianLeadershipRole
1182302,2026-08-29 00:00:00,014744660015,Mikael Damberg (S),POLITICIAN,Politician with combined high risk - low effectiveness and high absence,Behavior,CRITICAL,HighRiskLowEffectivenessHighAbsence,PoliticianCombinedRisk
1181834,2026-08-29 00:00:00,0652497579621,Johanna Haraldsson (S),POLITICIAN,Politician with multiple current assignments,Assignments,MINOR,Multiple Current Assignments,PoliticianBalancedRules
1181706,2026-08-29 00:00:00,0130640724922,Clara Aranda (SD),POLITICIAN,Politician with no multi-party collaboration,Behavior,CRITICAL,NoMultiPartyCollaboration,PoliticianIsolatedBehavior
1181983,2026-08-29 00:00:00,0604604418610,Jacob Risberg (MP),POLITICIAN,Politician with no multi-party collaboration,Behavior,CRITICAL,NoMultiPartyCollaboration,PoliticianIsolatedBehavior
1181879,2026-08-29 00:00:00,0279488554424,Alexander Christiansson (SD),POLITICIAN,Politician with more than 600 days served as committee substitute,Experience,CRITICAL,Extremely Experienced Committee Substitute,PoliticianExperience
1181487,2026-08-29 00:00:00,0557180142229,Fredrik Lindahl (SD),POLITICIAN,Politician with high committee substitute ratio,CommitteeExperience,MINOR,Primarily Serving as Committee Substitute,PoliticianInfluence
1181252,2026-08-29 00:00:00,0161972600410,Elsa Widding (-),POLITICIAN,Politician with declining engagement - monthly absence worse than annual,Behavior,MAJOR,WorseningAbsenteeism,PoliticianDecliningEngagement
1181605,2026-08-29 00:00:00,0764422217512,Lars Engsund (M),POLITICIAN,Politician with more than 1000 days served in committees,Experience,MAJOR,Highly Experienced in Committees,PoliticianExperience
1182376,2026-08-29 00:00:00,0986091320811,Catarina Deremar (C),POLITICIAN,"We have an politician with busy schedule, more than 6 current roles and busy past",Behavior,CRITICAL,Influential,PoliticianBusySchedule
1180180,2026-08-29 00:00:00,0665485817222,Daniel Bäckström (C),POLITICIAN,"We have an politician with busy schedule, more than 5 current roles and busy past",Behavior,MAJOR,Influential,PoliticianBusySchedule
1180301,2026-08-29 00:00:00,0262411569110,Helene Odenjung (L),POLITICIAN,Politician with high committee substitute ratio,CommitteeExperience,MINOR,Primarily Serving as Committee Substitute,PoliticianInfluence
1180361,2026-08-29 00:00:00,0236597884217,Rose-Marie Carlsson (S),POLITICIAN,Politician with combined high risk - low effectiveness and high absence,Behavior,CRITICAL,HighRiskLowEffectivenessHighAbsence,PoliticianCombinedRisk
1181082,2026-08-29 00:00:00,0521260619925,Sofia Amloh (S),POLITICIAN,Politician with more than 600 days served as committee substitute,Experience,CRITICAL,Extremely Experienced Committee Substitute,PoliticianExperience
1181444,2026-08-29 00:00:00,0879782396219,Olle Thorell (S),POLITICIAN,Politician with moderate combined risk - above-median absence and below-median effectiveness,Behavior,MINOR,ModerateParticipationRisk,PoliticianLowVotingParticipation
1181254,2026-08-29 00:00:00,0119851690521,David Perez (SD),POLITICIAN,Politician showing avoidance pattern - high combined absence and abstention,Behavior,CRITICAL,AvoidancePattern,PoliticianLowEngagement
1181995,2026-08-29 00:00:00,0951905661227,Christofer Bergenblock (C),POLITICIAN,Politician with multiple current assignments,Assignments,MINOR,Multiple Current Assignments,PoliticianBalancedRules
1182238,2026-08-29 00:00:00,033935884729,Martina Johansson (C),POLITICIAN,Politician with more than 600 days served as committee substitute,Experience,CRITICAL,Extremely Experienced Committee Substitute,PoliticianExperience
1180672,2026-08-29 00:00:00,027964311318,Karin Sundin (S),POLITICIAN,Politician with declining effectiveness - monthly win rate much lower than annual,Behavior,MAJOR,DecreasingEffectiveness,PoliticianDecliningEngagement
1181725,2026-08-29 00:00:00,0210444373111,Katarina Luhr (MP),POLITICIAN,"We have a lazy politician, absent at least 18 % of ballots last month",Behavior,MAJOR,NA,PoliticianLazy
1182281,2026-08-29 00:00:00,0448973586529,Adrian Magnusson (S),POLITICIAN,Politician with more than 600 days served as committee substitute,Experience,CRITICAL,Extremely Experienced Committee Substitute,PoliticianExperience
1180708,2026-08-29 00:00:00,0469084171710,Ulrika Westerlund (MP),POLITICIAN,Politician with more than 600 days served as committee substitute,Experience,CRITICAL,Extremely Experienced Committee Substitute,PoliticianExperience
1181528,2026-08-29 00:00:00,0852475703226,Lorena Delgado Varas (-),POLITICIAN,Politician left party but still holds positions,Party,CRITICAL,Left Party Still Holding Positions,PoliticianBalancedRules
1181930,2026-08-29 00:00:00,0780214960516,Eva Lindh (S),POLITICIAN,Politician with more than 600 days served as committee substitute,Experience,CRITICAL,Extremely Experienced Committee Substitute,PoliticianExperience
1181945,2026-08-29 00:00:00,0105632258713,Boriana Åberg (M),POLITICIAN,Politician with more than 600 days served as committee substitute,Experience,CRITICAL,Extremely Experienced Committee Substitute,PoliticianExperience
1181745,2026-08-29 00:00:00,0496341906327,Alexandra Völker (S),POLITICIAN,Politician with high abstention pattern - very high abstention rate,Behavior,MAJOR,HighAbstention,PoliticianAbstentionPattern
1180718,2026-08-29 00:00:00,0132818093422,Rickard Nordin (C),POLITICIAN,"We have a lazy politician, absent 25-55% of ballots last year",Behavior,CRITICAL,HighAbsenteeism,PoliticianLazy
1181519,2026-08-29 00:00:00,0602744999917,Elisabeth Thand Ringqvist (C),POLITICIAN,Politician with high abstention rate - over 9% annually,Behavior,MINOR,HighAbstentionRate,PoliticianLowVotingParticipation
1181025,2026-08-29 00:00:00,0980092192122,Joar Forssell (L),POLITICIAN,Politician with no multi-party collaboration,Behavior,CRITICAL,NoMultiPartyCollaboration,PoliticianIsolatedBehavior
1180801,2026-08-29 00:00:00,0899112324519,Elisabeth Svantesson (M),POLITICIAN,We have an politician part of government,Behavior,MAJOR,Influential,PoliticianPartyLeader
1180751,2026-08-29 00:00:00,0226631365426,Mikael Larsson (C),POLITICIAN,Politician with more than 5 current assignments,Assignments,MAJOR,More than 5 Current Assignments,PoliticianBalancedRules
1180660,2026-08-29 00:00:00,0523902030928,Aylin Nouri (S),POLITICIAN,Politician with concerning abstention pattern - frequently abstaining,Behavior,MAJOR,FrequentAbstention,PoliticianAbstentionPattern
1181350,2026-08-29 00:00:00,0235974887200,Susanne Eberstein (S),POLITICIAN,"We have an politician older than 70, passed retirement age in Sweden",Attribute,MAJOR,LongTimer,PoliticianTimeToRetire
1181816,2026-08-29 00:00:00,0364687971222,Alireza Akhondi (C),POLITICIAN,Politician with high abstention rate - over 9% annually,Behavior,MINOR,HighAbstentionRate,PoliticianLowVotingParticipation
1180907,2026-08-29 00:00:00,0781623040415,Camilla Waltersson Grönvall (M),POLITICIAN,Politician with extremely low collaboration - below 1%,Behavior,MINOR,ExtremelyLowCollaboration,PoliticianIsolatedBehavior
1181438,2026-08-29 00:00:00,0302393368216,Camilla Rinaldo Miller (KD),POLITICIAN,Politician with more than 600 days served as committee substitute,Experience,CRITICAL,Extremely Experienced Committee Substitute,PoliticianExperience
1180299,2026-08-29 00:00:00,0262411569110,Helene Odenjung (L),POLITICIAN,"We have an politician with busy schedule, more than 4 current roles and busy past",Behavior,MINOR,Influential,PoliticianBusySchedule
1181006,2026-08-29 00:00:00,010643534813,Eric Westroth (SD),POLITICIAN,Politician with multiple current assignments,Assignments,MINOR,Multiple Current Assignments,PoliticianBalancedRules
1182070,2026-08-29 00:00:00,0973350087929,Patrik Karlson (L),POLITICIAN,Politician with no multi-party collaboration,Behavior,CRITICAL,NoMultiPartyCollaboration,PoliticianIsolatedBehavior
1182216,2026-08-29 00:00:00,0506541436524,Sanne Lennström (S),POLITICIAN,Politician with concerning abstention pattern - frequently abstaining,Behavior,MAJOR,FrequentAbstention,PoliticianAbstentionPattern
1180230,2026-08-29 00:00:00,0847676507229,Stina Larsson (C),POLITICIAN,Politician with no multi-party collaboration,Behavior,CRITICAL,NoMultiPartyCollaboration,PoliticianIsolatedBehavior
1180652,2026-08-29 00:00:00,Kulturdepartementet,Kulturdepartementet,MINISTRY,Ministry with single member - critically understaffed,Structure,MAJOR,SingleMember,MinistryUnderstaffed
1181153,2026-08-29 00:00:00,0905254899611,Louise Thunström (S),POLITICIAN,Politician with no multi-party collaboration,Behavior,CRITICAL,NoMultiPartyCollaboration,PoliticianIsolatedBehavior
1180296,2026-08-29 00:00:00,0526748040023,Ludvig Aspling (SD),POLITICIAN,Politician with more than 600 days served as committee substitute,Experience,CRITICAL,Extremely Experienced Committee Substitute,PoliticianExperience
1181941,2026-08-29 00:00:00,0966063008623,Leonid Yurkovskiy (SD),POLITICIAN,Politician with more than 600 days served as committee substitute,Experience,CRITICAL,Extremely Experienced Committee Substitute,PoliticianExperience
1180777,2026-08-29 00:00:00,0961483563503,Gudrun Nordborg (V),POLITICIAN,Politician rarely wins votes - below 10% win rate annually,Behavior,CRITICAL,CriticallyLowWinRate,PoliticianIneffectiveVoting
1181644,2026-08-29 00:00:00,0768554866215,Katja Nyberg (-),POLITICIAN,Politician with very low document activity last year,Behavior,MINOR,LowProductivity,PoliticianLowDocumentActivity
1180199,2026-08-29 00:00:00,0386912710815,Mats Arkhem (SD),POLITICIAN,Politician with multiple current assignments,Assignments,MINOR,Multiple Current Assignments,PoliticianBalancedRules
1180565,2026-08-29 00:00:00,0228027853620,Vasiliki Tsouplaki (V),POLITICIAN,Politician with more than 900 days served in committee leadership,Experience,CRITICAL,Extremely Experienced Committee Leader,PoliticianExperience
1180356,2026-08-29 00:00:00,0236597884217,Rose-Marie Carlsson (S),POLITICIAN,Politician rarely wins votes - below 20% win rate annually,Behavior,MAJOR,VeryLowWinRate,PoliticianIneffectiveVoting
1181239,2026-08-29 00:00:00,0615175917521,Kent Kumpula (SD),POLITICIAN,Politician with combined absence and abstention risk,Behavior,MAJOR,HighAbsenceAndAbstention,PoliticianCombinedRisk
1181151,2026-08-29 00:00:00,0984153507725,Gustaf Göthberg (M),POLITICIAN,Politician with more than 600 days served as committee substitute,Experience,CRITICAL,Extremely Experienced Committee Substitute,PoliticianExperience
1181520,2026-08-29 00:00:00,0602744999917,Elisabeth Thand Ringqvist (C),POLITICIAN,Politician with current party assignments,Party,MINOR,Current Party Assignments,PoliticianAdditionalAttributes
1180627,2026-08-29 00:00:00,07012286624,Daniel Riazat (-),POLITICIAN,Politician left party but still holds positions,Party,CRITICAL,Left Party Still Holding Positions,PoliticianBalancedRules
1181209,2026-08-29 00:00:00,0249730539015,Anders Karlsson (C),POLITICIAN,Politician with critical abstention pattern - excessive abstention rate,Behavior,CRITICAL,ExcessiveAbstention,PoliticianAbstentionPattern
1181801,2026-08-29 00:00:00,0530425150220,Annika Strandhäll (S),POLITICIAN,Politician with high committee substitute ratio,CommitteeExperience,MINOR,Primarily Serving as Committee Substitute,PoliticianInfluence
1180508,2026-08-29 00:00:00,0837394708917,Anders Ådahl (C),POLITICIAN,We have an politician with leading role in the party,Behavior,MINOR,Influential,PoliticianPartyLeader
1180340,2026-08-29 00:00:00,V,V,PARTY,Party with low document productivity - below 18 docs per member last year,Behavior,MINOR,LowDocumentProductivity,PartyLowEffectiveness
1180391,2026-08-29 00:00:00,0810201628512,Ann-Charlotte Hammar Johnsson (M),POLITICIAN,Politician with high committee substitute ratio,CommitteeExperience,MINOR,Primarily Serving as Committee Substitute,PoliticianInfluence
1182198,2026-08-29 00:00:00,0828001951212,Ingemar Kihlström (KD),POLITICIAN,Politician with no multi-party collaboration,Behavior,CRITICAL,NoMultiPartyCollaboration,PoliticianIsolatedBehavior
1182202,2026-08-29 00:00:00,0371882294919,Carita Boulwén (SD),POLITICIAN,Politician with no multi-party collaboration,Behavior,CRITICAL,NoMultiPartyCollaboration,PoliticianIsolatedBehavior
1181984,2026-08-29 00:00:00,0604604418610,Jacob Risberg (MP),POLITICIAN,Politician with combined absence and abstention risk,Behavior,MAJOR,HighAbsenceAndAbstention,PoliticianCombinedRisk
1181143,2026-08-29 00:00:00,048561486727,Isabell Mixter (V),POLITICIAN,Politician with high abstention rate - over 9% annually,Behavior,MINOR,HighAbstentionRate,PoliticianLowVotingParticipation
1182322,2026-08-29 00:00:00,0955748436811,Robert Stenkvist (SD),POLITICIAN,Politician with more than 600 days served as committee substitute,Experience,CRITICAL,Extremely Experienced Committee Substitute,PoliticianExperience
1181102,2026-08-29 00:00:00,EUN,EUN,COMMITTEE,Committee with no documents last year,Behavior,CRITICAL,NoDocumentOutput,CommitteeLowProductivity
1181851,2026-08-29 00:00:00,0587736055221,Niels Paarup-Petersen (C),POLITICIAN,Politician with more than 600 days served as committee substitute,Experience,CRITICAL,Extremely Experienced Committee Substitute,PoliticianExperience
1180822,2026-08-29 00:00:00,0126797549328,Johan Forssell (M),POLITICIAN,Politician with no multi-party collaboration,Behavior,CRITICAL,NoMultiPartyCollaboration,PoliticianIsolatedBehavior
1181517,2026-08-29 00:00:00,0602744999917,Elisabeth Thand Ringqvist (C),POLITICIAN,Politician with multiple current assignments,Assignments,MINOR,Multiple Current Assignments,PoliticianBalancedRules
1181521,2026-08-29 00:00:00,0602744999917,Elisabeth Thand Ringqvist (C),POLITICIAN,Politician with high abstention pattern - very high abstention rate,Behavior,MAJOR,HighAbstention,PoliticianAbstentionPattern
1180562,2026-08-29 00:00:00,0228027853620,Vasiliki Tsouplaki (V),POLITICIAN,Politician with no multi-party collaboration,Behavior,CRITICAL,NoMultiPartyCollaboration,PoliticianIsolatedBehavior
1181294,2026-08-29 00:00:00,0103624617217,Helén Pettersson (S),POLITICIAN,Politician with more than 5 current assignments,Assignments,MAJOR,More than 5 Current Assignments,PoliticianBalancedRules
1181312,2026-08-29 00:00:00,0358514648113,Marléne Lund Kopparklint (-),POLITICIAN,Politician with high committee substitute ratio,CommitteeExperience,MINOR,Primarily Serving as Committee Substitute,PoliticianInfluence
1180243,2026-08-29 00:00:00,0607691439013,Karin Enström (M),POLITICIAN,"We have a lazy politician, absent 17-25% of ballots last year",Behavior,MAJOR,ConcerningAbsenteeism,PoliticianLazy
1182091,2026-08-29 00:00:00,0339894357417,Jennie Nilsson (S),POLITICIAN,Politician with more than 900 days served in committee leadership,Experience,CRITICAL,Extremely Experienced Committee Leader,PoliticianExperience
1181566,2026-08-29 00:00:00,0932000030511,Maria Stockhaus (M),POLITICIAN,Politician with high committee substitute ratio,CommitteeExperience,MINOR,Primarily Serving as Committee Substitute,PoliticianInfluence
1181086,2026-08-29 00:00:00,0522240580423,Arin Karapet (-),POLITICIAN,Politician with high committee substitute ratio,CommitteeExperience,MINOR,Primarily Serving as Committee Substitute,PoliticianInfluence
1180663,2026-08-29 00:00:00,0523902030928,Aylin Nouri (S),POLITICIAN,Politician with more than 600 days served as committee substitute,Experience,CRITICAL,Extremely Experienced Committee Substitute,PoliticianExperience
1180226,2026-08-29 00:00:00,0847676507229,Stina Larsson (C),POLITICIAN,Politician with current party assignments,Party,MINOR,Current Party Assignments,PoliticianAdditionalAttributes
1181213,2026-08-29 00:00:00,0249730539015,Anders Karlsson (C),POLITICIAN,Politician with high committee substitute ratio,CommitteeExperience,MINOR,Primarily Serving as Committee Substitute,PoliticianInfluence
1181599,2026-08-29 00:00:00,0103279988010,Heléne Fritzon (S),POLITICIAN,Politician with no multi-party collaboration,Behavior,CRITICAL,NoMultiPartyCollaboration,PoliticianIsolatedBehavior
1180306,2026-08-29 00:00:00,0476336341120,Anna Tenje (M),POLITICIAN,Politician with high committee substitute ratio,CommitteeExperience,MINOR,Primarily Serving as Committee Substitute,PoliticianInfluence
1181158,2026-08-29 00:00:00,0911490574010,Isabella Lövin (MP),POLITICIAN,Politician with more than 2000 days served in government,Experience,MAJOR,Highly Experienced in Government,PoliticianExperience
1180973,2026-08-29 00:00:00,0202577142527,Matheus Enholm (SD),POLITICIAN,"We have an politician with busy schedule, more than 6 current roles and busy past",Behavior,CRITICAL,Influential,PoliticianBusySchedule
1180785,2026-08-29 00:00:00,0469384565811,Anders Alftberg (SD),POLITICIAN,Politician with more than 1000 days served in committees,Experience,MAJOR,Highly Experienced in Committees,PoliticianExperience
1181947,2026-08-29 00:00:00,0992867772421,Nils Seye Larsen (MP),POLITICIAN,Politician with combined low participation - high absence and low win rate,Behavior,MAJOR,LowParticipationAndEffectiveness,PoliticianLowVotingParticipation
1182243,2026-08-29 00:00:00,02910042914,Carina Ödebrink (S),POLITICIAN,Politician with more than 600 days served as committee substitute,Experience,CRITICAL,Extremely Experienced Committee Substitute,PoliticianExperience
1181132,2026-08-29 00:00:00,0628005785225,Jörgen Berglund (M),POLITICIAN,Politician with current party assignments,Party,MINOR,Current Party Assignments,PoliticianAdditionalAttributes
1182020,2026-08-29 00:00:00,066036027425,Mikael Damsgaard (M),POLITICIAN,Politician with multiple current assignments,Assignments,MINOR,Multiple Current Assignments,PoliticianBalancedRules
1181178,2026-08-29 00:00:00,0211757295524,Josef Fransson (SD),POLITICIAN,Politician with high committee substitute ratio,CommitteeExperience,MINOR,Primarily Serving as Committee Substitute,PoliticianInfluence
1181667,2026-08-29 00:00:00,0136268785826,Nima Gholam Ali Pour (SD),POLITICIAN,Politician with more than 600 days served as committee substitute,Experience,CRITICAL,Extremely Experienced Committee Substitute,PoliticianExperience
1182334,2026-08-29 00:00:00,0256716955026,Serkan Köse (S),POLITICIAN,Politician with high abstention rate - over 9% annually,Behavior,MINOR,HighAbstentionRate,PoliticianLowVotingParticipation
1180490,2026-08-29 00:00:00,0766496753128,Fredrik Malm (L),POLITICIAN,Politician showing avoidance pattern - high combined absence and abstention,Behavior,CRITICAL,AvoidancePattern,PoliticianLowEngagement
1182300,2026-08-29 00:00:00,014744660015,Mikael Damberg (S),POLITICIAN,Politician rarely wins votes - below 10% win rate annually,Behavior,CRITICAL,CriticallyLowWinRate,PoliticianIneffectiveVoting
1180789,2026-08-29 00:00:00,0667220767927,Erik Ezelius (S),POLITICIAN,Politician with no multi-party collaboration,Behavior,CRITICAL,NoMultiPartyCollaboration,PoliticianIsolatedBehavior
1180307,2026-08-29 00:00:00,0476336341120,Anna Tenje (M),POLITICIAN,We have an politician part of government,Behavior,MAJOR,Influential,PoliticianPartyLeader
1180860,2026-08-29 00:00:00,086684470825,Tobias Andersson (SD),POLITICIAN,Politician with no multi-party collaboration,Behavior,CRITICAL,NoMultiPartyCollaboration,PoliticianIsolatedBehavior
1180483,2026-08-29 00:00:00,0229350341619,Ilona Szatmári Waldau (V),POLITICIAN,"We have a lazy politician, absent 17-25% of ballots last year",Behavior,MAJOR,ConcerningAbsenteeism,PoliticianLazy
1180942,2026-08-29 00:00:00,0360160202728,Emma Ahlström Köster (M),POLITICIAN,Politician with combined high risk - low effectiveness and high absence,Behavior,CRITICAL,HighRiskLowEffectivenessHighAbsence,PoliticianCombinedRisk
1180607,2026-08-29 00:00:00,0405594274208,Ewa Pihl Krabbe (S),POLITICIAN,Politician with no multi-party collaboration,Behavior,CRITICAL,NoMultiPartyCollaboration,PoliticianIsolatedBehavior
1181130,2026-08-29 00:00:00,0178323535715,Johnny Svedin (SD),POLITICIAN,Politician with more than 600 days served as committee substitute,Experience,CRITICAL,Extremely Experienced Committee Substitute,PoliticianExperience
1181344,2026-08-29 00:00:00,0245113256029,Daniel Vencu Öhrlund Castro (S),POLITICIAN,Politician with more than 600 days served as committee substitute,Experience,CRITICAL,Extremely Experienced Committee Substitute,PoliticianExperience
1182003,2026-08-29 00:00:00,0888807074321,Amanda Lind (MP),POLITICIAN,"We have a lazy politician, absent at least 18 % of ballots last month",Behavior,MAJOR,NA,PoliticianLazy
1180229,2026-08-29 00:00:00,0847676507229,Stina Larsson (C),POLITICIAN,"We have a lazy politician, absent at least 18 % of ballots last month",Behavior,MAJOR,NA,PoliticianLazy
1182042,2026-08-29 00:00:00,0130789484021,Mattias Bäckström Johansson (SD),POLITICIAN,Politician with current party assignments,Party,MINOR,Current Party Assignments,PoliticianAdditionalAttributes
1181678,2026-08-29 00:00:00,0494242537816,Hans Eklind (KD),POLITICIAN,Politician with no multi-party collaboration,Behavior,CRITICAL,NoMultiPartyCollaboration,PoliticianIsolatedBehavior
1181061,2026-08-29 00:00:00,0880018341619,Thomas Morell (SD),POLITICIAN,Politician currently active in committee leadership,Role,MINOR,Active Committee Leader,PoliticianLeadershipRole
1180275,2026-08-29 00:00:00,0630824497414,Jessica Polfjärd (M),POLITICIAN,Politician with high committee substitute ratio,CommitteeExperience,MINOR,Primarily Serving as Committee Substitute,PoliticianInfluence
1181986,2026-08-29 00:00:00,0604604418610,Jacob Risberg (MP),POLITICIAN,Politician with more than 600 days served as committee substitute,Experience,CRITICAL,Extremely Experienced Committee Substitute,PoliticianExperience
1182178,2026-08-29 00:00:00,0627450126815,Kajsa Fredholm (V),POLITICIAN,Politician with high abstention pattern - very high abstention rate,Behavior,MAJOR,HighAbstention,PoliticianAbstentionPattern
1181826,2026-08-29 00:00:00,0737824098113,Magnus Berntsson (KD),POLITICIAN,Politician with no multi-party collaboration,Behavior,CRITICAL,NoMultiPartyCollaboration,PoliticianIsolatedBehavior
1181736,2026-08-29 00:00:00,0890152141226,Nadja Awad (V),POLITICIAN,Politician with high abstention rate - over 9% annually,Behavior,MINOR,HighAbstentionRate,PoliticianLowVotingParticipation
1181877,2026-08-29 00:00:00,0279488554424,Alexander Christiansson (SD),POLITICIAN,Politician with no multi-party collaboration,Behavior,CRITICAL,NoMultiPartyCollaboration,PoliticianIsolatedBehavior
1182311,2026-08-29 00:00:00,0410640630411,Ulrik Nilsson (M),POLITICIAN,Politician with more than 600 days served as committee substitute,Experience,CRITICAL,Extremely Experienced Committee Substitute,PoliticianExperience
1180536,2026-08-29 00:00:00,0671571847522,Mattias Eriksson Falk (SD),POLITICIAN,Politician with more than 5 current assignments,Assignments,MAJOR,More than 5 Current Assignments,PoliticianBalancedRules
1182059,2026-08-29 00:00:00,0903081277919,Helena Vilhelmsson (C),POLITICIAN,Politician with combined absence and abstention risk,Behavior,MAJOR,HighAbsenceAndAbstention,PoliticianCombinedRisk
1181531,2026-08-29 00:00:00,0852475703226,Lorena Delgado Varas (-),POLITICIAN,Politician with critical abstention pattern - excessive abstention rate,Behavior,CRITICAL,ExcessiveAbstention,PoliticianAbstentionPattern
1180492,2026-08-29 00:00:00,0766496753128,Fredrik Malm (L),POLITICIAN,"We have an extremely lazy politician, absent more than 55 % of ballots last year",Behavior,CRITICAL,ExtremeAbsenteeism,PoliticianLazy
1180978,2026-08-29 00:00:00,0202577142527,Matheus Enholm (SD),POLITICIAN,Politician with more than 600 days served as committee substitute,Experience,CRITICAL,Extremely Experienced Committee Substitute,PoliticianExperience
1181398,2026-08-29 00:00:00,0973782197017,Mikael Oscarsson (KD),POLITICIAN,Politician with high rebel rate - 1.0-2.0% annually,Behavior,MAJOR,HighRebelVoting,PoliticianHighRebelRate
1181950,2026-08-29 00:00:00,0992867772421,Nils Seye Larsen (MP),POLITICIAN,Politician showing disengagement pattern - high recent absence and abstention,Behavior,CRITICAL,DisengagementPattern,PoliticianDecliningEngagement
1180633,2026-08-29 00:00:00,07012286624,Daniel Riazat (-),POLITICIAN,Politician with high committee substitute ratio,CommitteeExperience,MINOR,Primarily Serving as Committee Substitute,PoliticianInfluence
1180754,2026-08-29 00:00:00,0226631365426,Mikael Larsson (C),POLITICIAN,Politician with critical abstention pattern - excessive abstention rate,Behavior,CRITICAL,ExcessiveAbstention,PoliticianAbstentionPattern
1180564,2026-08-29 00:00:00,0228027853620,Vasiliki Tsouplaki (V),POLITICIAN,We have an politician with leading role in the party,Behavior,MINOR,Influential,PoliticianPartyLeader
1181228,2026-08-29 00:00:00,0240670797111,Björn Tidland (SD),POLITICIAN,Politician with no multi-party collaboration,Behavior,CRITICAL,NoMultiPartyCollaboration,PoliticianIsolatedBehavior
1181468,2026-08-29 00:00:00,0930305890123,Sara-Lena Bjälkö (-),POLITICIAN,Politician with high committee substitute ratio,CommitteeExperience,MINOR,Primarily Serving as Committee Substitute,PoliticianInfluence
1180583,2026-08-29 00:00:00,0860364634014,Mattias Ottosson (S),POLITICIAN,Politician with declining engagement - monthly absence worse than annual,Behavior,MAJOR,WorseningAbsenteeism,PoliticianDecliningEngagement
1180511,2026-08-29 00:00:00,0588282566419,Lars Beckman (M),POLITICIAN,Politician with no multi-party collaboration,Behavior,CRITICAL,NoMultiPartyCollaboration,PoliticianIsolatedBehavior
1182041,2026-08-29 00:00:00,0130789484021,Mattias Bäckström Johansson (SD),POLITICIAN,Politician with more than 5 current assignments,Assignments,MAJOR,More than 5 Current Assignments,PoliticianBalancedRules
1181542,2026-08-29 00:00:00,0749416304126,Marie Nicholson (M),POLITICIAN,Politician with multiple current assignments,Assignments,MINOR,Multiple Current Assignments,PoliticianBalancedRules
1180709,2026-08-29 00:00:00,0333193598116,Bo Broman (SD),POLITICIAN,Politician with multiple current assignments,Assignments,MINOR,Multiple Current Assignments,PoliticianBalancedRules
1181675,2026-08-29 00:00:00,0494242537816,Hans Eklind (KD),POLITICIAN,Politician with current party assignments,Party,MINOR,Current Party Assignments,PoliticianAdditionalAttributes
1180683,2026-08-29 00:00:00,0591020192311,Ulf Lindholm (SD),POLITICIAN,"We have an politician with busy schedule, more than 4 current roles and busy past",Behavior,MINOR,Influential,PoliticianBusySchedule
1180819,2026-08-29 00:00:00,0418929039326,Patrik Lundqvist (S),POLITICIAN,Politician with high committee substitute ratio,CommitteeExperience,MINOR,Primarily Serving as Committee Substitute,PoliticianInfluence
1180910,2026-08-29 00:00:00,0781623040415,Camilla Waltersson Grönvall (M),POLITICIAN,Politician with more than 600 days served as committee substitute,Experience,CRITICAL,Extremely Experienced Committee Substitute,PoliticianExperience
1181723,2026-08-29 00:00:00,0210444373111,Katarina Luhr (MP),POLITICIAN,Politician with concerning abstention pattern - frequently abstaining,Behavior,MAJOR,FrequentAbstention,PoliticianAbstentionPattern
1181864,2026-08-29 00:00:00,0721509806321,Nooshi Dadgostar (V),POLITICIAN,Politician with high abstention rate - over 9% annually,Behavior,MINOR,HighAbstentionRate,PoliticianLowVotingParticipation
1180782,2026-08-29 00:00:00,0961483563503,Gudrun Nordborg (V),POLITICIAN,Politician with more than 600 days served as committee substitute,Experience,CRITICAL,Extremely Experienced Committee Substitute,PoliticianExperience
1181020,2026-08-29 00:00:00,0980092192122,Joar Forssell (L),POLITICIAN,Politician currently active in committee leadership,Role,MINOR,Active Committee Leader,PoliticianLeadershipRole
1181286,2026-08-29 00:00:00,0982795248728,Jakob Forssmed (KD),POLITICIAN,Politician with high committee substitute ratio,CommitteeExperience,MINOR,Primarily Serving as Committee Substitute,PoliticianInfluence
1181812,2026-08-29 00:00:00,0452755722723,Björn Söder (SD),POLITICIAN,Politician with concerning abstention pattern - frequently abstaining,Behavior,MAJOR,FrequentAbstention,PoliticianAbstentionPattern
1180278,2026-08-29 00:00:00,0787584650516,Alice Bah Kuhnke (MP),POLITICIAN,Politician with more than 1000 days served in government,Experience,MINOR,Experienced in Government,PoliticianExperience
1182366,2026-08-29 00:00:00,0146133946627,Andreas Lennkvist Manriquez (V),POLITICIAN,Politician with more than 6 current assignments,Assignments,CRITICAL,More than 6 Current Assignments,PoliticianBalancedRules
1180707,2026-08-29 00:00:00,0469084171710,Ulrika Westerlund (MP),POLITICIAN,Politician with high committee substitute ratio,CommitteeExperience,MINOR,Primarily Serving as Committee Substitute,PoliticianInfluence
1180944,2026-08-29 00:00:00,0360160202728,Emma Ahlström Köster (M),POLITICIAN,Politician with more than 600 days served as committee substitute,Experience,CRITICAL,Extremely Experienced Committee Substitute,PoliticianExperience
1180698,2026-08-29 00:00:00,023767922422,Mats Persson (L),POLITICIAN,Politician with more than 600 days served as committee substitute,Experience,CRITICAL,Extremely Experienced Committee Substitute,PoliticianExperience
1181095,2026-08-29 00:00:00,0360187680814,Mats Hellhoff (SD),POLITICIAN,"We have an politician older than 70, passed retirement age in Sweden",Attribute,MAJOR,LongTimer,PoliticianTimeToRetire
1180997,2026-08-29 00:00:00,0246927519019,Karin Rågsjö (V),POLITICIAN,Politician with critical abstention pattern - excessive abstention rate,Behavior,CRITICAL,ExcessiveAbstention,PoliticianAbstentionPattern
1180640,2026-08-29 00:00:00,0545733815610,Patrick Reslow (SD),POLITICIAN,"We have a lazy politician, absent 12-17% of ballots last year",Behavior,MINOR,ModerateAbsenteeism,PoliticianLazy
1180364,2026-08-29 00:00:00,065701062615,Runar Filper (SD),POLITICIAN,Politician showing avoidance pattern - high combined absence and abstention,Behavior,CRITICAL,AvoidancePattern,PoliticianLowEngagement
1180433,2026-08-29 00:00:00,0522054204918,Mattias Karlsson (M),POLITICIAN,Politician with no multi-party collaboration,Behavior,CRITICAL,NoMultiPartyCollaboration,PoliticianIsolatedBehavior
1180387,2026-08-29 00:00:00,0506482805418,Isak From (S),POLITICIAN,Politician with more than 600 days served as committee substitute,Experience,CRITICAL,Extremely Experienced Committee Substitute,PoliticianExperience
1180214,2026-08-29 00:00:00,0926477102420,Cecilia Rönn (L),POLITICIAN,Politician with high committee substitute ratio,CommitteeExperience,MINOR,Primarily Serving as Committee Substitute,PoliticianInfluence
1181050,2026-08-29 00:00:00,0376395541120,Joakim Sandell (S),POLITICIAN,"We have a lazy politician, absent 100 % last day of ballots in parliament",Behavior,MINOR,NA,PoliticianLazy
1180220,2026-08-29 00:00:00,0121939297619,Jamal El-Haj (-),POLITICIAN,Politician with declining engagement - monthly absence worse than annual,Behavior,MAJOR,WorseningAbsenteeism,PoliticianDecliningEngagement
1182321,2026-08-29 00:00:00,0955748436811,Robert Stenkvist (SD),POLITICIAN,Politician with high committee substitute ratio,CommitteeExperience,MINOR,Primarily Serving as Committee Substitute,PoliticianInfluence
1182312,2026-08-29 00:00:00,0457722435319,Tomas Kronståhl (S),POLITICIAN,Politician with concerning abstention pattern - frequently abstaining,Behavior,MAJOR,FrequentAbstention,PoliticianAbstentionPattern
1182019,2026-08-29 00:00:00,0304498908019,Gudrun Brunegård (KD),POLITICIAN,Politician with more than 600 days served as committee substitute,Experience,CRITICAL,Extremely Experienced Committee Substitute,PoliticianExperience
1181249,2026-08-29 00:00:00,0161972600410,Elsa Widding (-),POLITICIAN,Politician left party but still holds positions,Party,CRITICAL,Left Party Still Holding Positions,PoliticianBalancedRules
1182309,2026-08-29 00:00:00,0410640630411,Ulrik Nilsson (M),POLITICIAN,Politician with very low average document activity,Behavior,CRITICAL,ChronicallyLowProductivity,PoliticianLowDocumentActivity
1181380,2026-08-29 00:00:00,0409655917321,Jakob Olofsgård (L),POLITICIAN,Politician with high rebel rate - 1.0-2.0% annually,Behavior,MAJOR,HighRebelVoting,PoliticianHighRebelRate
1181849,2026-08-29 00:00:00,0587736055221,Niels Paarup-Petersen (C),POLITICIAN,Politician with no multi-party collaboration,Behavior,CRITICAL,NoMultiPartyCollaboration,PoliticianIsolatedBehavior
1180368,2026-08-29 00:00:00,065701062615,Runar Filper (SD),POLITICIAN,Politician with high committee substitute ratio,CommitteeExperience,MINOR,Primarily Serving as Committee Substitute,PoliticianInfluence
1180608,2026-08-29 00:00:00,0405594274208,Ewa Pihl Krabbe (S),POLITICIAN,Politician with more than 600 days served as committee substitute,Experience,CRITICAL,Extremely Experienced Committee Substitute,PoliticianExperience
1182264,2026-08-29 00:00:00,0606863154419,Mats Berglund (MP),POLITICIAN,Politician with more than 600 days served as committee substitute,Experience,CRITICAL,Extremely Experienced Committee Substitute,PoliticianExperience
1180933,2026-08-29 00:00:00,0273506284025,Edward Riedl (M),POLITICIAN,Politician with more than 900 days served in committee leadership,Experience,CRITICAL,Extremely Experienced Committee Leader,PoliticianExperience
1181874,2026-08-29 00:00:00,0624040854527,Emma Berginger (MP),POLITICIAN,Politician with no multi-party collaboration,Behavior,CRITICAL,NoMultiPartyCollaboration,PoliticianIsolatedBehavior
1180746,2026-08-29 00:00:00,0388994689418,Malin Östh (V),POLITICIAN,Politician with no multi-party collaboration,Behavior,CRITICAL,NoMultiPartyCollaboration,PoliticianIsolatedBehavior
1182388,2026-08-29 00:00:00,0290003389021,Chris Dahlqvist (SD),POLITICIAN,Politician with more than 600 days served as committee substitute,Experience,CRITICAL,Extremely Experienced Committee Substitute,PoliticianExperience
1182369,2026-08-29 00:00:00,0146133946627,Andreas Lennkvist Manriquez (V),POLITICIAN,Politician with no multi-party collaboration,Behavior,CRITICAL,NoMultiPartyCollaboration,PoliticianIsolatedBehavior
1181045,2026-08-29 00:00:00,035234573112,Anna-Lena Hedberg (SD),POLITICIAN,Politician with high committee substitute ratio,CommitteeExperience,MINOR,Primarily Serving as Committee Substitute,PoliticianInfluence
1181341,2026-08-29 00:00:00,0245113256029,Daniel Vencu Öhrlund Castro (S),POLITICIAN,Politician with declining engagement - monthly absence worse than annual,Behavior,MAJOR,WorseningAbsenteeism,PoliticianDecliningEngagement
1181106,2026-08-29 00:00:00,051207517226,Jimmie Åkesson (SD),POLITICIAN,Politician with current party assignments,Party,MINOR,Current Party Assignments,PoliticianAdditionalAttributes
1181976,2026-08-29 00:00:00,0834510274913,Charlotte Nordström (M),POLITICIAN,Politician with more than 600 days served as committee substitute,Experience,CRITICAL,Extremely Experienced Committee Substitute,PoliticianExperience
1181109,2026-08-29 00:00:00,051207517226,Jimmie Åkesson (SD),POLITICIAN,Politician with no documents last year,Behavior,MAJOR,NoProductivity,PoliticianLowDocumentActivity
1181410,2026-08-29 00:00:00,07921826010,Anna-Belle Strömberg (S),POLITICIAN,Politician with more than 600 days served as committee substitute,Experience,CRITICAL,Extremely Experienced Committee Substitute,PoliticianExperience
1181360,2026-08-29 00:00:00,0184968091618,Jan Riise (MP),POLITICIAN,"We have an politician older than 65, retirement age in Sweden",Attribute,MINOR,LongTimer,PoliticianTimeToRetire
1180873,2026-08-29 00:00:00,0533104339313,Merit Frost Lindberg (M),POLITICIAN,Politician with no multi-party collaboration,Behavior,CRITICAL,NoMultiPartyCollaboration,PoliticianIsolatedBehavior
1181592,2026-08-29 00:00:00,0845133742919,Lili André (KD),POLITICIAN,Politician with more than 600 days served as committee substitute,Experience,CRITICAL,Extremely Experienced Committee Substitute,PoliticianExperience
1180402,2026-08-29 00:00:00,0296384583518,Åsa Eriksson (S),POLITICIAN,Politician with no multi-party collaboration,Behavior,CRITICAL,NoMultiPartyCollaboration,PoliticianIsolatedBehavior
1180615,2026-08-29 00:00:00,0853395328224,Lena Hallengren (S),POLITICIAN,Politician with multiple current assignments,Assignments,MINOR,Multiple Current Assignments,PoliticianBalancedRules
1180522,2026-08-29 00:00:00,0861521539920,Aron Emilsson (SD),POLITICIAN,Politician with high committee substitute ratio,CommitteeExperience,MINOR,Primarily Serving as Committee Substitute,PoliticianInfluence
1181476,2026-08-29 00:00:00,0803790353229,Azra Muranovic (S),POLITICIAN,Politician with very low document activity last year,Behavior,MINOR,LowProductivity,PoliticianLowDocumentActivity
1180343,2026-08-29 00:00:00,0472349361027,Kalle Olsson (S),POLITICIAN,Politician with high abstention rate - over 9% annually,Behavior,MINOR,HighAbstentionRate,PoliticianLowVotingParticipation
1181134,2026-08-29 00:00:00,0628005785225,Jörgen Berglund (M),POLITICIAN,Politician with no multi-party collaboration,Behavior,CRITICAL,NoMultiPartyCollaboration,PoliticianIsolatedBehavior
1182037,2026-08-29 00:00:00,0481460392727,Jessica Wetterling (V),POLITICIAN,Politician with critical abstention pattern - excessive abstention rate,Behavior,CRITICAL,ExcessiveAbstention,PoliticianAbstentionPattern
1181460,2026-08-29 00:00:00,0592345073323,Anna af Sillén (M),POLITICIAN,Politician with no multi-party collaboration,Behavior,CRITICAL,NoMultiPartyCollaboration,PoliticianIsolatedBehavior
1181502,2026-08-29 00:00:00,0407081382317,Anna-Caren Sätherberg (S),POLITICIAN,Politician with no multi-party collaboration,Behavior,CRITICAL,NoMultiPartyCollaboration,PoliticianIsolatedBehavior
1181278,2026-08-29 00:00:00,025931369428,Jonas Andersson (SD),POLITICIAN,Politician with more than 600 days served as committee substitute,Experience,CRITICAL,Extremely Experienced Committee Substitute,PoliticianExperience
1181034,2026-08-29 00:00:00,0760500234712,Monica Haider (S),POLITICIAN,Politician with multiple current assignments,Assignments,MINOR,Multiple Current Assignments,PoliticianBalancedRules
1181214,2026-08-29 00:00:00,0249730539015,Anders Karlsson (C),POLITICIAN,Politician with more than 600 days served as committee substitute,Experience,CRITICAL,Extremely Experienced Committee Substitute,PoliticianExperience
1181838,2026-08-29 00:00:00,0652497579621,Johanna Haraldsson (S),POLITICIAN,Politician with no multi-party collaboration,Behavior,CRITICAL,NoMultiPartyCollaboration,PoliticianIsolatedBehavior
1182177,2026-08-29 00:00:00,0627450126815,Kajsa Fredholm (V),POLITICIAN,"We have an politician with busy schedule, more than 4 current roles and busy past",Behavior,MINOR,Influential,PoliticianBusySchedule
1181981,2026-08-29 00:00:00,0604604418610,Jacob Risberg (MP),POLITICIAN,Politician with declining effectiveness - monthly win rate much lower than annual,Behavior,MAJOR,DecreasingEffectiveness,PoliticianDecliningEngagement
1181713,2026-08-29 00:00:00,0855286184126,Jessica Rodén (S),POLITICIAN,Politician with high committee substitute ratio,CommitteeExperience,MINOR,Primarily Serving as Committee Substitute,PoliticianInfluence
1182389,2026-08-29 00:00:00,0121015874810,Torsten Elofsson (KD),POLITICIAN,"We have an politician older than 70, passed retirement age in Sweden",Attribute,MAJOR,LongTimer,PoliticianTimeToRetire
1181741,2026-08-29 00:00:00,0496341906327,Alexandra Völker (S),POLITICIAN,Politician with multiple current assignments,Assignments,MINOR,Multiple Current Assignments,PoliticianBalancedRules
1181824,2026-08-29 00:00:00,0737824098113,Magnus Berntsson (KD),POLITICIAN,"We have a lazy politician, absent 25-55% of ballots last year",Behavior,CRITICAL,HighAbsenteeism,PoliticianLazy
1180193,2026-08-29 00:00:00,0576122429317,Martin Melin (L),POLITICIAN,Politician with zero collaboration,Behavior,MAJOR,ZeroCollaboration,PoliticianIsolatedBehavior
1181386,2026-08-29 00:00:00,0140985614421,Peder Björk (S),POLITICIAN,Politician with more than 600 days served as committee substitute,Experience,CRITICAL,Extremely Experienced Committee Substitute,PoliticianExperience
1181424,2026-08-29 00:00:00,0198917587520,Maj Karlsson (V),POLITICIAN,Politician with moderate combined risk - above-median absence and below-median effectiveness,Behavior,MINOR,ModerateParticipationRisk,PoliticianLowVotingParticipation
1181327,2026-08-29 00:00:00,0119672047211,Madeleine Atlas (C),POLITICIAN,Politician with high committee substitute ratio,CommitteeExperience,MINOR,Primarily Serving as Committee Substitute,PoliticianInfluence
1181904,2026-08-29 00:00:00,0880137451720,Emma Nohrén (MP),POLITICIAN,Politician with strategic abstention - high abstention but high presence,Behavior,MAJOR,StrategicAbstentionPresent,PoliticianAbstentionPattern
1182310,2026-08-29 00:00:00,0410640630411,Ulrik Nilsson (M),POLITICIAN,Politician with high committee substitute ratio,CommitteeExperience,MINOR,Primarily Serving as Committee Substitute,PoliticianInfluence
1182005,2026-08-29 00:00:00,0888807074321,Amanda Lind (MP),POLITICIAN,Politician with high committee substitute ratio,CommitteeExperience,MINOR,Primarily Serving as Committee Substitute,PoliticianInfluence
1182343,2026-08-29 00:00:00,0474290584024,Azadeh Rojhan (S),POLITICIAN,Politician with multiple current assignments,Assignments,MINOR,Multiple Current Assignments,PoliticianBalancedRules
1181804,2026-08-29 00:00:00,0653578338415,Agneta Nilsson (S),POLITICIAN,Politician rarely wins votes - below 10% win rate annually,Behavior,CRITICAL,CriticallyLowWinRate,PoliticianIneffectiveVoting
1180211,2026-08-29 00:00:00,0926477102420,Cecilia Rönn (L),POLITICIAN,"We have an politician with busy schedule, more than 4 current roles and busy past",Behavior,MINOR,Influential,PoliticianBusySchedule
1181634,2026-08-29 00:00:00,0542160909628,Andreas Carlson (KD),POLITICIAN,Politician with current ministry assignments,Ministry,MINOR,Current Ministry Assignments,PoliticianAdditionalAttributes
1181165,2026-08-29 00:00:00,0572788110724,Maria Malmer Stenergard (M),POLITICIAN,Politician with no multi-party collaboration,Behavior,CRITICAL,NoMultiPartyCollaboration,PoliticianIsolatedBehavior
1181754,2026-08-29 00:00:00,0836001490919,Ulrika Heie (C),POLITICIAN,Politician with high committee substitute ratio,CommitteeExperience,MINOR,Primarily Serving as Committee Substitute,PoliticianInfluence
1181296,2026-08-29 00:00:00,0103624617217,Helén Pettersson (S),POLITICIAN,Politician with high rebel rate - 1.0-2.0% annually,Behavior,MAJOR,HighRebelVoting,PoliticianHighRebelRate
1181220,2026-08-29 00:00:00,0122987223112,Lotta Johnsson Fornarve (V),POLITICIAN,"We have an politician older than 65, retirement age in Sweden",Attribute,MINOR,LongTimer,PoliticianTimeToRetire
1180690,2026-08-29 00:00:00,0161597857912,Tuve Skånberg (KD),POLITICIAN,Politician with more than 600 days served as committee substitute,Experience,CRITICAL,Extremely Experienced Committee Substitute,PoliticianExperience
1181768,2026-08-29 00:00:00,0742883909221,John E Weinerhall (M),POLITICIAN,Politician with high committee substitute ratio,CommitteeExperience,MINOR,Primarily Serving as Committee Substitute,PoliticianInfluence
1182147,2026-08-29 00:00:00,0504851635310,Daniel Helldén (MP),POLITICIAN,Politician showing avoidance pattern - high combined absence and abstention,Behavior,CRITICAL,AvoidancePattern,PoliticianLowEngagement
1181529,2026-08-29 00:00:00,0852475703226,Lorena Delgado Varas (-),POLITICIAN,Politician with high abstention rate - over 9% annually,Behavior,MINOR,HighAbstentionRate,PoliticianLowVotingParticipation
1182115,2026-08-29 00:00:00,0411459873625,Hanna Gunnarsson (V),POLITICIAN,Politician with more than 600 days served as committee substitute,Experience,CRITICAL,Extremely Experienced Committee Substitute,PoliticianExperience
1181258,2026-08-29 00:00:00,0119851690521,David Perez (SD),POLITICIAN,Politician with declining engagement - monthly absence worse than annual,Behavior,MAJOR,WorseningAbsenteeism,PoliticianDecliningEngagement
1181154,2026-08-29 00:00:00,0905254899611,Louise Thunström (S),POLITICIAN,Politician with high committee substitute ratio,CommitteeExperience,MINOR,Primarily Serving as Committee Substitute,PoliticianInfluence
1182293,2026-08-29 00:00:00,0904448094023,Linus Lakso (MP),POLITICIAN,Politician rarely wins votes - below 10% win rate annually,Behavior,CRITICAL,CriticallyLowWinRate,PoliticianIneffectiveVoting
1180205,2026-08-29 00:00:00,0512645510895,Jonathan Svensson (S),POLITICIAN,"We have a lazy politician, absent 12-17% of ballots last year",Behavior,MINOR,ModerateAbsenteeism,PoliticianLazy
1182385,2026-08-29 00:00:00,0290003389021,Chris Dahlqvist (SD),POLITICIAN,"We have a lazy politician, absent 12-17% of ballots last year",Behavior,MINOR,ModerateAbsenteeism,PoliticianLazy
1182086,2026-08-29 00:00:00,0339894357417,Jennie Nilsson (S),POLITICIAN,Politician showing avoidance pattern - high combined absence and abstention,Behavior,CRITICAL,AvoidancePattern,PoliticianLowEngagement
1180956,2026-08-29 00:00:00,0161616238120,Lina Nordquist (L),POLITICIAN,Politician with current party assignments,Party,MINOR,Current Party Assignments,PoliticianAdditionalAttributes
1181306,2026-08-29 00:00:00,0802091197024,Andrea Andersson Tay (V),POLITICIAN,Politician with high committee substitute ratio,CommitteeExperience,MINOR,Primarily Serving as Committee Substitute,PoliticianInfluence
1180506,2026-08-29 00:00:00,0837394708917,Anders Ådahl (C),POLITICIAN,Politician with no multi-party collaboration,Behavior,CRITICAL,NoMultiPartyCollaboration,PoliticianIsolatedBehavior
1181333,2026-08-29 00:00:00,0283284978818,Markus Kallifatides (S),POLITICIAN,Politician with more than 600 days served as committee substitute,Experience,CRITICAL,Extremely Experienced Committee Substitute,PoliticianExperience
1181748,2026-08-29 00:00:00,0496341906327,Alexandra Völker (S),POLITICIAN,Politician with no multi-party collaboration,Behavior,CRITICAL,NoMultiPartyCollaboration,PoliticianIsolatedBehavior
1180603,2026-08-29 00:00:00,0227531635413,Lars Püss (M),POLITICIAN,Politician with no multi-party collaboration,Behavior,CRITICAL,NoMultiPartyCollaboration,PoliticianIsolatedBehavior
1181687,2026-08-29 00:00:00,0810852280213,Marie-Louise Hänel Sandström (M),POLITICIAN,Politician with more than 600 days served as committee substitute,Experience,CRITICAL,Extremely Experienced Committee Substitute,PoliticianExperience
1181371,2026-08-29 00:00:00,010392780417,Marie Olsson (S),POLITICIAN,"We have a lazy politician, absent at least 18 % of ballots last month",Behavior,MAJOR,NA,PoliticianLazy
1181010,2026-08-29 00:00:00,0610162335824,Niklas Sigvardsson (S),POLITICIAN,Politician with no multi-party collaboration,Behavior,CRITICAL,NoMultiPartyCollaboration,PoliticianIsolatedBehavior
1180631,2026-08-29 00:00:00,07012286624,Daniel Riazat (-),POLITICIAN,Politician rarely wins votes - below 30% win rate annually,Behavior,MINOR,LowWinRate,PoliticianIneffectiveVoting
1180407,2026-08-29 00:00:00,0729710260118,Helena Bouveng (M),POLITICIAN,Politician with high committee substitute ratio,CommitteeExperience,MINOR,Primarily Serving as Committee Substitute,PoliticianInfluence
1180728,2026-08-29 00:00:00,0970259744617,Margareta Cederfelt (M),POLITICIAN,Politician with extremely low collaboration - below 1%,Behavior,MINOR,ExtremelyLowCollaboration,PoliticianIsolatedBehavior
1180642,2026-08-29 00:00:00,0545733815610,Patrick Reslow (SD),POLITICIAN,Politician with very low document activity last year,Behavior,MINOR,LowProductivity,PoliticianLowDocumentActivity
1182349,2026-08-29 00:00:00,0474290584024,Azadeh Rojhan (S),POLITICIAN,Politician with combined absence and abstention risk,Behavior,MAJOR,HighAbsenceAndAbstention,PoliticianCombinedRisk
1181234,2026-08-29 00:00:00,0389220391128,Christian Carlsson (KD),POLITICIAN,Politician with high committee substitute ratio,CommitteeExperience,MINOR,Primarily Serving as Committee Substitute,PoliticianInfluence
1180591,2026-08-29 00:00:00,0779329190517,Kjell Jansson (M),POLITICIAN,Politician with more than 600 days served as committee substitute,Experience,CRITICAL,Extremely Experienced Committee Substitute,PoliticianExperience
1181989,2026-08-29 00:00:00,0509415296421,Kjell-Arne Ottosson (KD),POLITICIAN,Politician with high abstention rate - over 9% annually,Behavior,MINOR,HighAbstentionRate,PoliticianLowVotingParticipation
1180875,2026-08-29 00:00:00,0533104339313,Merit Frost Lindberg (M),POLITICIAN,Politician with more than 600 days served as committee substitute,Experience,CRITICAL,Extremely Experienced Committee Substitute,PoliticianExperience
1180885,2026-08-29 00:00:00,0345062474310,Mona Olin (SD),POLITICIAN,Politician with very low document activity last year,Behavior,MINOR,LowProductivity,PoliticianLowDocumentActivity
1181734,2026-08-29 00:00:00,0482689573825,Björn Wiechel (S),POLITICIAN,Politician with more than 600 days served as committee substitute,Experience,CRITICAL,Extremely Experienced Committee Substitute,PoliticianExperience
1180465,2026-08-29 00:00:00,0825441263617,Birger Lahti (V),POLITICIAN,Politician with critical abstention pattern - excessive abstention rate,Behavior,CRITICAL,ExcessiveAbstention,PoliticianAbstentionPattern
1180614,2026-08-29 00:00:00,0530395429228,Maria Forsberg (V),POLITICIAN,Politician with current party assignments,Party,MINOR,Current Party Assignments,PoliticianAdditionalAttributes
1181925,2026-08-29 00:00:00,0134101155612,Rikard Larsson (S),POLITICIAN,Politician with high committee substitute ratio,CommitteeExperience,MINOR,Primarily Serving as Committee Substitute,PoliticianInfluence
1180681,2026-08-29 00:00:00,0254021157518,Lars Andersson (SD),POLITICIAN,Politician with more than 600 days served as committee substitute,Experience,CRITICAL,Extremely Experienced Committee Substitute,PoliticianExperience
1181957,2026-08-29 00:00:00,0992473266516,Larry Söder (KD),POLITICIAN,Politician with current party assignments,Party,MINOR,Current Party Assignments,PoliticianAdditionalAttributes
1182297,2026-08-29 00:00:00,014744660015,Mikael Damberg (S),POLITICIAN,Politician currently active in committee leadership,Role,MINOR,Active Committee Leader,PoliticianLeadershipRole
1181575,2026-08-29 00:00:00,0204240926023,Markus Wiechel (SD),POLITICIAN,"We have an politician with busy schedule, more than 5 current roles and busy past",Behavior,MAJOR,Influential,PoliticianBusySchedule
1180725,2026-08-29 00:00:00,0895706637124,Abir Al-Sahlani (C),POLITICIAN,Politician with more than 600 days served as committee substitute,Experience,CRITICAL,Extremely Experienced Committee Substitute,PoliticianExperience
1182370,2026-08-29 00:00:00,0146133946627,Andreas Lennkvist Manriquez (V),POLITICIAN,Politician with high committee substitute ratio,CommitteeExperience,MINOR,Primarily Serving as Committee Substitute,PoliticianInfluence
1181775,2026-08-29 00:00:00,0613297818326,Mathias Tegnér (S),POLITICIAN,Politician with high abstention rate - over 9% annually,Behavior,MINOR,HighAbstentionRate,PoliticianLowVotingParticipation
1182368,2026-08-29 00:00:00,0146133946627,Andreas Lennkvist Manriquez (V),POLITICIAN,Politician with critical abstention pattern - excessive abstention rate,Behavior,CRITICAL,ExcessiveAbstention,PoliticianAbstentionPattern
1182123,2026-08-29 00:00:00,0559925283228,Teres Lindberg (S),POLITICIAN,Politician with extremely low collaboration - below 1%,Behavior,MINOR,ExtremelyLowCollaboration,PoliticianIsolatedBehavior
1181698,2026-08-29 00:00:00,0245468368228,Yusuf Aydin (KD),POLITICIAN,Politician with more than 6 current assignments,Assignments,CRITICAL,More than 6 Current Assignments,PoliticianBalancedRules
1180291,2026-08-29 00:00:00,0526748040023,Ludvig Aspling (SD),POLITICIAN,Politician with multiple current assignments,Assignments,MINOR,Multiple Current Assignments,PoliticianBalancedRules
1182407,2026-08-29 00:00:00,091303475611,Eric Palmqvist (SD),POLITICIAN,Politician with more than 600 days served as committee substitute,Experience,CRITICAL,Extremely Experienced Committee Substitute,PoliticianExperience
1181934,2026-08-29 00:00:00,037561614928,Lawen Redar (S),POLITICIAN,Politician with high committee substitute ratio,CommitteeExperience,MINOR,Primarily Serving as Committee Substitute,PoliticianInfluence
1182104,2026-08-29 00:00:00,0992420223820,Jessica Rosencrantz (M),POLITICIAN,Politician with high committee substitute ratio,CommitteeExperience,MINOR,Primarily Serving as Committee Substitute,PoliticianInfluence
1180174,2026-08-29 00:00:00,098329342620,Jennie Wernäng (M),POLITICIAN,Politician with no multi-party collaboration,Behavior,CRITICAL,NoMultiPartyCollaboration,PoliticianIsolatedBehavior
1180584,2026-08-29 00:00:00,0860364634014,Mattias Ottosson (S),POLITICIAN,Politician with no multi-party collaboration,Behavior,CRITICAL,NoMultiPartyCollaboration,PoliticianIsolatedBehavior
1180315,2026-08-29 00:00:00,0926002991620,Pontus Andersson Garpvall (SD),POLITICIAN,Politician with more than 600 days served as committee substitute,Experience,CRITICAL,Extremely Experienced Committee Substitute,PoliticianExperience
1180617,2026-08-29 00:00:00,0853395328224,Lena Hallengren (S),POLITICIAN,Politician showing avoidance pattern - high combined absence and abstention,Behavior,CRITICAL,AvoidancePattern,PoliticianLowEngagement
1181710,2026-08-29 00:00:00,0855286184126,Jessica Rodén (S),POLITICIAN,Politician with multiple current assignments,Assignments,MINOR,Multiple Current Assignments,PoliticianBalancedRules
1181694,2026-08-29 00:00:00,0112333043027,Rasmus Giertz (SD),POLITICIAN,Politician with no multi-party collaboration,Behavior,CRITICAL,NoMultiPartyCollaboration,PoliticianIsolatedBehavior
1182209,2026-08-29 00:00:00,0692076685824,Camilla Hansén (MP),POLITICIAN,Politician with current party assignments,Party,MINOR,Current Party Assignments,PoliticianAdditionalAttributes
1182416,2026-08-29 00:00:00,0791786201912,Maria Plass (M),POLITICIAN,Politician with more than 600 days served as committee substitute,Experience,CRITICAL,Extremely Experienced Committee Substitute,PoliticianExperience
1181645,2026-08-29 00:00:00,0768554866215,Katja Nyberg (-),POLITICIAN,Politician with high committee substitute ratio,CommitteeExperience,MINOR,Primarily Serving as Committee Substitute,PoliticianInfluence
1180515,2026-08-29 00:00:00,0861521539920,Aron Emilsson (SD),POLITICIAN,Politician with more than 5 current assignments,Assignments,MAJOR,More than 5 Current Assignments,PoliticianBalancedRules
1181564,2026-08-29 00:00:00,0932000030511,Maria Stockhaus (M),POLITICIAN,Politician with multiple current assignments,Assignments,MINOR,Multiple Current Assignments,PoliticianBalancedRules
1181435,2026-08-29 00:00:00,0302393368216,Camilla Rinaldo Miller (KD),POLITICIAN,"We have a lazy politician, absent 12-17% of ballots last year",Behavior,MINOR,ModerateAbsenteeism,PoliticianLazy
1182230,2026-08-29 00:00:00,033935884729,Martina Johansson (C),POLITICIAN,Politician with more than 5 current assignments,Assignments,MAJOR,More than 5 Current Assignments,PoliticianBalancedRules
1181969,2026-08-29 00:00:00,0647668663722,Parisa Liljestrand (M),POLITICIAN,Politician with more than 1000 days served in government,Experience,MINOR,Experienced in Government,PoliticianExperience
1181017,2026-08-29 00:00:00,0773497241728,Roger Hedlund (SD),POLITICIAN,Politician with no multi-party collaboration,Behavior,CRITICAL,NoMultiPartyCollaboration,PoliticianIsolatedBehavior
1180706,2026-08-29 00:00:00,0469084171710,Ulrika Westerlund (MP),POLITICIAN,Politician with no multi-party collaboration,Behavior,CRITICAL,NoMultiPartyCollaboration,PoliticianIsolatedBehavior
1181119,2026-08-29 00:00:00,0682989845822,Håkan Svenneling (V),POLITICIAN,Politician with combined high risk - low effectiveness and high absence,Behavior,CRITICAL,HighRiskLowEffectivenessHighAbsence,PoliticianCombinedRisk
1180289,2026-08-29 00:00:00,0793372891224,Noria Manouchi (M),POLITICIAN,We have an politician with leading role in the party,Behavior,MINOR,Influential,PoliticianPartyLeader
1181809,2026-08-29 00:00:00,0452755722723,Björn Söder (SD),POLITICIAN,Politician with more than 5 current assignments,Assignments,MAJOR,More than 5 Current Assignments,PoliticianBalancedRules
1182296,2026-08-29 00:00:00,0904448094023,Linus Lakso (MP),POLITICIAN,Politician with more than 600 days served as committee substitute,Experience,CRITICAL,Extremely Experienced Committee Substitute,PoliticianExperience
1182189,2026-08-29 00:00:00,0616721755222,Louise Meijer (M),POLITICIAN,Politician with high committee substitute ratio,CommitteeExperience,MINOR,Primarily Serving as Committee Substitute,PoliticianInfluence
1181535,2026-08-29 00:00:00,0387230530213,Crister Carlsson (M),POLITICIAN,Politician with multiple current assignments,Assignments,MINOR,Multiple Current Assignments,PoliticianBalancedRules
1181744,2026-08-29 00:00:00,0496341906327,Alexandra Völker (S),POLITICIAN,"We have an politician with busy schedule, more than 4 current roles and busy past",Behavior,MINOR,Influential,PoliticianBusySchedule
1181630,2026-08-29 00:00:00,0767167947420,Erik Slottner (KD),POLITICIAN,Politician with no multi-party collaboration,Behavior,CRITICAL,NoMultiPartyCollaboration,PoliticianIsolatedBehavior
1181774,2026-08-29 00:00:00,0613297818326,Mathias Tegnér (S),POLITICIAN,Politician showing avoidance pattern - high combined absence and abstention,Behavior,CRITICAL,AvoidancePattern,PoliticianLowEngagement
1182439,2026-08-29 00:00:00,0866055333028,Alexandra Anstrell (M),POLITICIAN,Politician with high abstention rate - over 9% annually,Behavior,MINOR,HighAbstentionRate,PoliticianLowVotingParticipation
1181895,2026-08-29 00:00:00,0456522027421,Linnéa Wickman (S),POLITICIAN,Politician with no multi-party collaboration,Behavior,CRITICAL,NoMultiPartyCollaboration,PoliticianIsolatedBehavior
1181358,2026-08-29 00:00:00,0184968091618,Jan Riise (MP),POLITICIAN,Politician with current party assignments,Party,MINOR,Current Party Assignments,PoliticianAdditionalAttributes
1181742,2026-08-29 00:00:00,0496341906327,Alexandra Völker (S),POLITICIAN,Politician showing avoidance pattern - high combined absence and abstention,Behavior,CRITICAL,AvoidancePattern,PoliticianLowEngagement
1181852,2026-08-29 00:00:00,0468956880528,Mikael Eskilandersson (SD),POLITICIAN,Politician currently active in committee leadership,Role,MINOR,Active Committee Leader,PoliticianLeadershipRole
1180724,2026-08-29 00:00:00,0895706637124,Abir Al-Sahlani (C),POLITICIAN,Politician with high committee substitute ratio,CommitteeExperience,MINOR,Primarily Serving as Committee Substitute,PoliticianInfluence
1180802,2026-08-29 00:00:00,0899112324519,Elisabeth Svantesson (M),POLITICIAN,Politician with more than 900 days served in committee leadership,Experience,CRITICAL,Extremely Experienced Committee Leader,PoliticianExperience
1180861,2026-08-29 00:00:00,086684470825,Tobias Andersson (SD),POLITICIAN,"We have an politician 24-30, no adult experience outside of parliament",Attribute,MINOR,NewComer,PoliticianYoungMember
1182181,2026-08-29 00:00:00,0627450126815,Kajsa Fredholm (V),POLITICIAN,"We have a lazy politician, absent at least 18 % of ballots last month",Behavior,MAJOR,NA,PoliticianLazy
1181342,2026-08-29 00:00:00,0245113256029,Daniel Vencu Öhrlund Castro (S),POLITICIAN,Politician with no multi-party collaboration,Behavior,CRITICAL,NoMultiPartyCollaboration,PoliticianIsolatedBehavior
1181510,2026-08-29 00:00:00,0831039938224,Adam Marttinen (SD),POLITICIAN,Politician with high committee substitute ratio,CommitteeExperience,MINOR,Primarily Serving as Committee Substitute,PoliticianInfluence
1180551,2026-08-29 00:00:00,0316505710324,Janine Alm Ericson (MP),POLITICIAN,"We have an politician with busy schedule, more than 6 current roles and busy past",Behavior,CRITICAL,Influential,PoliticianBusySchedule
1181588,2026-08-29 00:00:00,0111479807829,Anna Wallentheim (S),POLITICIAN,Politician with more than 600 days served as committee substitute,Experience,CRITICAL,Extremely Experienced Committee Substitute,PoliticianExperience
1180360,2026-08-29 00:00:00,0236597884217,Rose-Marie Carlsson (S),POLITICIAN,Politician with moderate rebel rate - 0.5-1.0% annually,Behavior,MINOR,ModerateRebelVoting,PoliticianHighRebelRate
1181695,2026-08-29 00:00:00,0112333043027,Rasmus Giertz (SD),POLITICIAN,Politician with very low document activity last year,Behavior,MINOR,LowProductivity,PoliticianLowDocumentActivity
1181302,2026-08-29 00:00:00,0802091197024,Andrea Andersson Tay (V),POLITICIAN,Politician with current party assignments,Party,MINOR,Current Party Assignments,PoliticianAdditionalAttributes
1180219,2026-08-29 00:00:00,0121939297619,Jamal El-Haj (-),POLITICIAN,"We have a lazy politician, absent 17-25% of ballots last year",Behavior,MAJOR,ConcerningAbsenteeism,PoliticianLazy
1181562,2026-08-29 00:00:00,0378597308227,Camilla Brodin (KD),POLITICIAN,We have an politician with leading role in the party,Behavior,MINOR,Influential,PoliticianPartyLeader
1181789,2026-08-29 00:00:00,0940980416614,Jan Ericson (M),POLITICIAN,"We have an politician with busy schedule, more than 4 current roles and busy past",Behavior,MINOR,Influential,PoliticianBusySchedule
1181777,2026-08-29 00:00:00,0613297818326,Mathias Tegnér (S),POLITICIAN,"We have a lazy politician, absent 17-25% of ballots last year",Behavior,MAJOR,ConcerningAbsenteeism,PoliticianLazy
1180935,2026-08-29 00:00:00,0681030112815,Peter Helander (C),POLITICIAN,Politician with high committee substitute ratio,CommitteeExperience,MINOR,Primarily Serving as Committee Substitute,PoliticianInfluence
1181277,2026-08-29 00:00:00,025931369428,Jonas Andersson (SD),POLITICIAN,Politician with high committee substitute ratio,CommitteeExperience,MINOR,Primarily Serving as Committee Substitute,PoliticianInfluence
1181731,2026-08-29 00:00:00,0482689573825,Björn Wiechel (S),POLITICIAN,Politician with high abstention pattern - very high abstention rate,Behavior,MAJOR,HighAbstention,PoliticianAbstentionPattern
1181847,2026-08-29 00:00:00,0587736055221,Niels Paarup-Petersen (C),POLITICIAN,"We have an politician with busy schedule, more than 4 current roles and busy past",Behavior,MINOR,Influential,PoliticianBusySchedule
1182268,2026-08-29 00:00:00,0770363683317,Malin Björk (C),POLITICIAN,Politician with no multi-party collaboration,Behavior,CRITICAL,NoMultiPartyCollaboration,PoliticianIsolatedBehavior
1181640,2026-08-29 00:00:00,0803753212716,Richard Jomshof (SD),POLITICIAN,Politician with more than 600 days served as committee substitute,Experience,CRITICAL,Extremely Experienced Committee Substitute,PoliticianExperience
1180286,2026-08-29 00:00:00,0793372891224,Noria Manouchi (M),POLITICIAN,"We have an politician with busy schedule, more than 6 current roles and busy past",Behavior,CRITICAL,Influential,PoliticianBusySchedule
1181164,2026-08-29 00:00:00,0572788110724,Maria Malmer Stenergard (M),POLITICIAN,Politician with current ministry assignments,Ministry,MINOR,Current Ministry Assignments,PoliticianAdditionalAttributes
1180895,2026-08-29 00:00:00,0584183916016,Ulf Holm (MP),POLITICIAN,Politician with high committee substitute ratio,CommitteeExperience,MINOR,Primarily Serving as Committee Substitute,PoliticianInfluence
1181171,2026-08-29 00:00:00,0832311880029,Erik Ottoson (M),POLITICIAN,"We have an politician with busy schedule, more than 5 current roles and busy past",Behavior,MAJOR,Influential,PoliticianBusySchedule
1181376,2026-08-29 00:00:00,0409655917321,Jakob Olofsgård (L),POLITICIAN,"We have a party rebel politician, voted against party majority at least 1% of ballots last year",Behavior,CRITICAL,CanIgnorePartyMajority,PoliticianPartyRebel
1180393,2026-08-29 00:00:00,0810201628512,Ann-Charlotte Hammar Johnsson (M),POLITICIAN,Politician with more than 600 days served as committee substitute,Experience,CRITICAL,Extremely Experienced Committee Substitute,PoliticianExperience
1180189,2026-08-29 00:00:00,0157618290428,Rashid Farivar (SD),POLITICIAN,Politician with high committee substitute ratio,CommitteeExperience,MINOR,Primarily Serving as Committee Substitute,PoliticianInfluence
1181379,2026-08-29 00:00:00,0409655917321,Jakob Olofsgård (L),POLITICIAN,Politician with no multi-party collaboration,Behavior,CRITICAL,NoMultiPartyCollaboration,PoliticianIsolatedBehavior
1181861,2026-08-29 00:00:00,0897334717419,Gunnar Strömmer (M),POLITICIAN,We have an politician part of government,Behavior,MAJOR,Influential,PoliticianPartyLeader
1181211,2026-08-29 00:00:00,0249730539015,Anders Karlsson (C),POLITICIAN,Politician with no multi-party collaboration,Behavior,CRITICAL,NoMultiPartyCollaboration,PoliticianIsolatedBehavior
1180163,2026-08-29 00:00:00,0546731406922,Rebecka Le Moine (MP),POLITICIAN,Politician with strategic abstention - high abstention but high presence,Behavior,MAJOR,StrategicAbstentionPresent,PoliticianAbstentionPattern
1181952,2026-08-29 00:00:00,0992867772421,Nils Seye Larsen (MP),POLITICIAN,Politician with no multi-party collaboration,Behavior,CRITICAL,NoMultiPartyCollaboration,PoliticianIsolatedBehavior
1180980,2026-08-29 00:00:00,0744993950910,Anders Ygeman (S),POLITICIAN,Politician currently active in committee leadership,Role,MINOR,Active Committee Leader,PoliticianLeadershipRole
1180908,2026-08-29 00:00:00,0781623040415,Camilla Waltersson Grönvall (M),POLITICIAN,Politician with high committee substitute ratio,CommitteeExperience,MINOR,Primarily Serving as Committee Substitute,PoliticianInfluence
1182308,2026-08-29 00:00:00,0410640630411,Ulrik Nilsson (M),POLITICIAN,Politician with no multi-party collaboration,Behavior,CRITICAL,NoMultiPartyCollaboration,PoliticianIsolatedBehavior
1181761,2026-08-29 00:00:00,0802546764724,Åsa Westlund (S),POLITICIAN,Politician with high abstention rate - over 9% annually,Behavior,MINOR,HighAbstentionRate,PoliticianLowVotingParticipation
1181926,2026-08-29 00:00:00,0134101155612,Rikard Larsson (S),POLITICIAN,Politician with more than 900 days served in committee leadership,Experience,CRITICAL,Extremely Experienced Committee Leader,PoliticianExperience
1180988,2026-08-29 00:00:00,0254695027922,Malcolm Momodou Jallow (-),POLITICIAN,"We have a lazy politician, absent 17-25% of ballots last year",Behavior,MAJOR,ConcerningAbsenteeism,PoliticianLazy
1182195,2026-08-29 00:00:00,0828001951212,Ingemar Kihlström (KD),POLITICIAN,Politician with high abstention rate - over 9% annually,Behavior,MINOR,HighAbstentionRate,PoliticianLowVotingParticipation
1181971,2026-08-29 00:00:00,0250583732424,Jesper Skalberg Karlsson (M),POLITICIAN,Politician with no multi-party collaboration,Behavior,CRITICAL,NoMultiPartyCollaboration,PoliticianIsolatedBehavior
1180471,2026-08-29 00:00:00,0229627943828,Jytte Guteland (S),POLITICIAN,"We have a lazy politician, absent 17-25% of ballots last year",Behavior,MAJOR,ConcerningAbsenteeism,PoliticianLazy
1180733,2026-08-29 00:00:00,0397205342021,Johan Britz (L),POLITICIAN,Politician with current ministry assignments,Ministry,MINOR,Current Ministry Assignments,PoliticianAdditionalAttributes
1181939,2026-08-29 00:00:00,0966063008623,Leonid Yurkovskiy (SD),POLITICIAN,Politician with very low document activity last year,Behavior,MINOR,LowProductivity,PoliticianLowDocumentActivity
1181304,2026-08-29 00:00:00,0802091197024,Andrea Andersson Tay (V),POLITICIAN,Politician with high abstention pattern - very high abstention rate,Behavior,MAJOR,HighAbstention,PoliticianAbstentionPattern
1180849,2026-08-29 00:00:00,0648224557612,Åsa Karlsson (S),POLITICIAN,Politician with high committee substitute ratio,CommitteeExperience,MINOR,Primarily Serving as Committee Substitute,PoliticianInfluence
1182318,2026-08-29 00:00:00,0127744006318,Cecilia Gustafsson (M),POLITICIAN,Politician with more than 600 days served as committee substitute,Experience,CRITICAL,Extremely Experienced Committee Substitute,PoliticianExperience
1181663,2026-08-29 00:00:00,0492644357418,Per Söderlund (SD),POLITICIAN,Politician with very low document activity last year,Behavior,MINOR,LowProductivity,PoliticianLowDocumentActivity
1180798,2026-08-29 00:00:00,0509830681123,Ida Karkiainen (S),POLITICIAN,Politician with more than 900 days served in committee leadership,Experience,CRITICAL,Extremely Experienced Committee Leader,PoliticianExperience
1181499,2026-08-29 00:00:00,0875693083423,Romina Pourmokhtari (L),POLITICIAN,Politician with more than 1000 days served in government,Experience,MINOR,Experienced in Government,PoliticianExperience
1181462,2026-08-29 00:00:00,0592345073323,Anna af Sillén (M),POLITICIAN,Politician with more than 600 days served as committee substitute,Experience,CRITICAL,Extremely Experienced Committee Substitute,PoliticianExperience
1180979,2026-08-29 00:00:00,Utbildningsdepartementet,Utbildningsdepartementet,MINISTRY,Ministry with small member size - understaffed,Structure,MINOR,SmallTeam,MinistryUnderstaffed
1180730,2026-08-29 00:00:00,0970259744617,Margareta Cederfelt (M),POLITICIAN,Politician with more than 600 days served as committee substitute,Experience,CRITICAL,Extremely Experienced Committee Substitute,PoliticianExperience
1182055,2026-08-29 00:00:00,0903081277919,Helena Vilhelmsson (C),POLITICIAN,Politician with critical abstention pattern - excessive abstention rate,Behavior,CRITICAL,ExcessiveAbstention,PoliticianAbstentionPattern
1182387,2026-08-29 00:00:00,0290003389021,Chris Dahlqvist (SD),POLITICIAN,Politician with high committee substitute ratio,CommitteeExperience,MINOR,Primarily Serving as Committee Substitute,PoliticianInfluence
1181689,2026-08-29 00:00:00,0313390540217,Ingela Nylund Watz (S),POLITICIAN,"We have an politician with busy schedule, more than 4 current roles and busy past",Behavior,MINOR,Influential,PoliticianBusySchedule
1182078,2026-08-29 00:00:00,0111697351426,Louise Eklund (L),POLITICIAN,Politician with current party assignments,Party,MINOR,Current Party Assignments,PoliticianAdditionalAttributes
1180566,2026-08-29 00:00:00,0706528359123,Linus Sköld (S),POLITICIAN,Politician with no multi-party collaboration,Behavior,CRITICAL,NoMultiPartyCollaboration,PoliticianIsolatedBehavior
1182080,2026-08-29 00:00:00,0111697351426,Louise Eklund (L),POLITICIAN,"We have a lazy politician, absent 12-17% of ballots last year",Behavior,MINOR,ModerateAbsenteeism,PoliticianLazy
1181366,2026-08-29 00:00:00,0184968091618,Jan Riise (MP),POLITICIAN,Politician with more than 600 days served as committee substitute,Experience,CRITICAL,Extremely Experienced Committee Substitute,PoliticianExperience
1181581,2026-08-29 00:00:00,0111479807829,Anna Wallentheim (S),POLITICIAN,Politician showing avoidance pattern - high combined absence and abstention,Behavior,CRITICAL,AvoidancePattern,PoliticianLowEngagement
1182167,2026-08-29 00:00:00,0191189790215,Peter Ollén (M),POLITICIAN,Politician with high committee substitute ratio,CommitteeExperience,MINOR,Primarily Serving as Committee Substitute,PoliticianInfluence
1182441,2026-08-29 00:00:00,0866055333028,Alexandra Anstrell (M),POLITICIAN,Politician with high abstention pattern - very high abstention rate,Behavior,MAJOR,HighAbstention,PoliticianAbstentionPattern
1181362,2026-08-29 00:00:00,0184968091618,Jan Riise (MP),POLITICIAN,Politician with declining effectiveness - monthly win rate much lower than annual,Behavior,MAJOR,DecreasingEffectiveness,PoliticianDecliningEngagement
1182146,2026-08-29 00:00:00,0504851635310,Daniel Helldén (MP),POLITICIAN,Politician with multiple current assignments,Assignments,MINOR,Multiple Current Assignments,PoliticianBalancedRules
1180742,2026-08-29 00:00:00,0388994689418,Malin Östh (V),POLITICIAN,Politician with current party assignments,Party,MINOR,Current Party Assignments,PoliticianAdditionalAttributes
1181089,2026-08-29 00:00:00,0720250789315,Mats Wiking (S),POLITICIAN,Politician with multiple current assignments,Assignments,MINOR,Multiple Current Assignments,PoliticianBalancedRules
1181150,2026-08-29 00:00:00,0984153507725,Gustaf Göthberg (M),POLITICIAN,Politician with high committee substitute ratio,CommitteeExperience,MINOR,Primarily Serving as Committee Substitute,PoliticianInfluence
1181428,2026-08-29 00:00:00,0198917587520,Maj Karlsson (V),POLITICIAN,Politician with no multi-party collaboration,Behavior,CRITICAL,NoMultiPartyCollaboration,PoliticianIsolatedBehavior
1181292,2026-08-29 00:00:00,0148424181819,Ann-Christine Frohm (SD),POLITICIAN,Politician with high committee substitute ratio,CommitteeExperience,MINOR,Primarily Serving as Committee Substitute,PoliticianInfluence
1180452,2026-08-29 00:00:00,0937688366013,Peter Hultqvist (S),POLITICIAN,Politician with medium committee leadership ratio,CommitteeExperience,MINOR,Medium Committee Leadership Influence,PoliticianInfluence
1180560,2026-08-29 00:00:00,0228027853620,Vasiliki Tsouplaki (V),POLITICIAN,"We have an politician with busy schedule, more than 6 current roles and busy past",Behavior,CRITICAL,Influential,PoliticianBusySchedule
1180487,2026-08-29 00:00:00,0229350341619,Ilona Szatmári Waldau (V),POLITICIAN,Politician with more than 600 days served as committee substitute,Experience,CRITICAL,Extremely Experienced Committee Substitute,PoliticianExperience
1181044,2026-08-29 00:00:00,035234573112,Anna-Lena Hedberg (SD),POLITICIAN,Politician with no multi-party collaboration,Behavior,CRITICAL,NoMultiPartyCollaboration,PoliticianIsolatedBehavior
1180389,2026-08-29 00:00:00,0810201628512,Ann-Charlotte Hammar Johnsson (M),POLITICIAN,Politician with current party assignments,Party,MINOR,Current Party Assignments,PoliticianAdditionalAttributes
1181842,2026-08-29 00:00:00,0516528386117,Patrik Björck (S),POLITICIAN,"We have an politician older than 65, retirement age in Sweden",Attribute,MINOR,LongTimer,PoliticianTimeToRetire
1180965,2026-08-29 00:00:00,0727772954327,Ludvig Ceimertz (M),POLITICIAN,Politician with high committee substitute ratio,CommitteeExperience,MINOR,Primarily Serving as Committee Substitute,PoliticianInfluence
1180696,2026-08-29 00:00:00,023767922422,Mats Persson (L),POLITICIAN,Politician with very low document activity last year,Behavior,MINOR,LowProductivity,PoliticianLowDocumentActivity
1182326,2026-08-29 00:00:00,028954589415,Ann-Sofie Alm (M),POLITICIAN,Politician with high committee substitute ratio,CommitteeExperience,MINOR,Primarily Serving as Committee Substitute,PoliticianInfluence
1180308,2026-08-29 00:00:00,0476336341120,Anna Tenje (M),POLITICIAN,Politician with more than 600 days served as committee substitute,Experience,CRITICAL,Extremely Experienced Committee Substitute,PoliticianExperience
1181384,2026-08-29 00:00:00,0140985614421,Peder Björk (S),POLITICIAN,Politician with no multi-party collaboration,Behavior,CRITICAL,NoMultiPartyCollaboration,PoliticianIsolatedBehavior
1181377,2026-08-29 00:00:00,0409655917321,Jakob Olofsgård (L),POLITICIAN,Politician with strategic abstention - high abstention but high presence,Behavior,MAJOR,StrategicAbstentionPresent,PoliticianAbstentionPattern
1180203,2026-08-29 00:00:00,0386912710815,Mats Arkhem (SD),POLITICIAN,Politician with high committee substitute ratio,CommitteeExperience,MINOR,Primarily Serving as Committee Substitute,PoliticianInfluence
1181633,2026-08-29 00:00:00,0767167947420,Erik Slottner (KD),POLITICIAN,Politician with more than 400 days served as committee substitute,Experience,MAJOR,Highly Experienced Committee Substitute,PoliticianExperience
1182184,2026-08-29 00:00:00,0627450126815,Kajsa Fredholm (V),POLITICIAN,Politician with more than 600 days served as committee substitute,Experience,CRITICAL,Extremely Experienced Committee Substitute,PoliticianExperience
1180530,2026-08-29 00:00:00,065105536026,Niklas Karlsson (S),POLITICIAN,Politician with multiple current assignments,Assignments,MINOR,Multiple Current Assignments,PoliticianBalancedRules
1181759,2026-08-29 00:00:00,0710595759638,Aida Birinxhiku (S),POLITICIAN,Politician with high committee substitute ratio,CommitteeExperience,MINOR,Primarily Serving as Committee Substitute,PoliticianInfluence
1181772,2026-08-29 00:00:00,0237055280513,Roland Utbult (KD),POLITICIAN,Politician with more than 600 days served as committee substitute,Experience,CRITICAL,Extremely Experienced Committee Substitute,PoliticianExperience
1180990,2026-08-29 00:00:00,0254695027922,Malcolm Momodou Jallow (-),POLITICIAN,Politician with no multi-party collaboration,Behavior,CRITICAL,NoMultiPartyCollaboration,PoliticianIsolatedBehavior
1181863,2026-08-29 00:00:00,0721509806321,Nooshi Dadgostar (V),POLITICIAN,Politician with multiple current assignments,Assignments,MINOR,Multiple Current Assignments,PoliticianBalancedRules
1180466,2026-08-29 00:00:00,0825441263617,Birger Lahti (V),POLITICIAN,Politician rarely wins votes - below 30% win rate annually,Behavior,MINOR,LowWinRate,PoliticianIneffectiveVoting
1181948,2026-08-29 00:00:00,0992867772421,Nils Seye Larsen (MP),POLITICIAN,Politician with critical abstention pattern - excessive abstention rate,Behavior,CRITICAL,ExcessiveAbstention,PoliticianAbstentionPattern
1180713,2026-08-29 00:00:00,0333193598116,Bo Broman (SD),POLITICIAN,We have an politician with leading role in the party,Behavior,MINOR,Influential,PoliticianPartyLeader
1180851,2026-08-29 00:00:00,0889860537413,Krister Hammarbergh (M),POLITICIAN,Politician with more than 600 days served as committee substitute,Experience,CRITICAL,Extremely Experienced Committee Substitute,PoliticianExperience
1180473,2026-08-29 00:00:00,0229627943828,Jytte Guteland (S),POLITICIAN,Politician with more than 600 days served as committee substitute,Experience,CRITICAL,Extremely Experienced Committee Substitute,PoliticianExperience
1182372,2026-08-29 00:00:00,0986091320811,Catarina Deremar (C),POLITICIAN,Politician with more than 6 current assignments,Assignments,CRITICAL,More than 6 Current Assignments,PoliticianBalancedRules
1182222,2026-08-29 00:00:00,0603366539729,Malin Danielsson (L),POLITICIAN,Politician currently active in committee leadership,Role,MINOR,Active Committee Leader,PoliticianLeadershipRole
1181186,2026-08-29 00:00:00,0717363246311,Jessica Stegrud (SD),POLITICIAN,"We have a lazy politician, absent 25-55% of ballots last year",Behavior,CRITICAL,HighAbsenteeism,PoliticianLazy
1181771,2026-08-29 00:00:00,0237055280513,Roland Utbult (KD),POLITICIAN,Politician with high committee substitute ratio,CommitteeExperience,MINOR,Primarily Serving as Committee Substitute,PoliticianInfluence
1182012,2026-08-29 00:00:00,0304498908019,Gudrun Brunegård (KD),POLITICIAN,Politician with critical abstention pattern - excessive abstention rate,Behavior,CRITICAL,ExcessiveAbstention,PoliticianAbstentionPattern
1182380,2026-08-29 00:00:00,0986091320811,Catarina Deremar (C),POLITICIAN,Politician with combined high risk - low effectiveness and high absence,Behavior,CRITICAL,HighRiskLowEffectivenessHighAbsence,PoliticianCombinedRisk
1181769,2026-08-29 00:00:00,0742883909221,John E Weinerhall (M),POLITICIAN,Politician with more than 600 days served as committee substitute,Experience,CRITICAL,Extremely Experienced Committee Substitute,PoliticianExperience
1181345,2026-08-29 00:00:00,0427321850912,Lars Mejern Larsson (S),POLITICIAN,"We have a lazy politician, absent 17-25% of ballots last year",Behavior,MAJOR,ConcerningAbsenteeism,PoliticianLazy
1182248,2026-08-29 00:00:00,0796312429425,Viktor Wärnick (M),POLITICIAN,Politician with more than 900 days served in committee leadership,Experience,CRITICAL,Extremely Experienced Committee Leader,PoliticianExperience
1181556,2026-08-29 00:00:00,0378597308227,Camilla Brodin (KD),POLITICIAN,Politician with current party assignments,Party,MINOR,Current Party Assignments,PoliticianAdditionalAttributes
1180793,2026-08-29 00:00:00,0509830681123,Ida Karkiainen (S),POLITICIAN,"We have a party rebel politician, voted against party majority at least 1% of ballots last year",Behavior,CRITICAL,CanIgnorePartyMajority,PoliticianPartyRebel
1182352,2026-08-29 00:00:00,023732429721,Sofie Eriksson (S),POLITICIAN,Politician with no multi-party collaboration,Behavior,CRITICAL,NoMultiPartyCollaboration,PoliticianIsolatedBehavior
1181199,2026-08-29 00:00:00,0475778011711,Hans Ekström (S),POLITICIAN,"We have a party rebel politician, voted against party majority at least 1% of ballots last year",Behavior,CRITICAL,CanIgnorePartyMajority,PoliticianPartyRebel
1180468,2026-08-29 00:00:00,0825441263617,Birger Lahti (V),POLITICIAN,Politician with high committee substitute ratio,CommitteeExperience,MINOR,Primarily Serving as Committee Substitute,PoliticianInfluence
1182149,2026-08-29 00:00:00,0504851635310,Daniel Helldén (MP),POLITICIAN,Politician with concerning abstention pattern - frequently abstaining,Behavior,MAJOR,FrequentAbstention,PoliticianAbstentionPattern
1182008,2026-08-29 00:00:00,0304498908019,Gudrun Brunegård (KD),POLITICIAN,Politician with more than 6 current assignments,Assignments,CRITICAL,More than 6 Current Assignments,PoliticianBalancedRules
1181174,2026-08-29 00:00:00,0832311880029,Erik Ottoson (M),POLITICIAN,Politician with more than 900 days served in committee leadership,Experience,CRITICAL,Extremely Experienced Committee Leader,PoliticianExperience
1180659,2026-08-29 00:00:00,0911067396229,Mattias Vepsä (S),POLITICIAN,Politician with more than 600 days served as committee substitute,Experience,CRITICAL,Extremely Experienced Committee Substitute,PoliticianExperience
1182036,2026-08-29 00:00:00,0481460392727,Jessica Wetterling (V),POLITICIAN,"We have an politician with busy schedule, more than 6 current roles and busy past",Behavior,CRITICAL,Influential,PoliticianBusySchedule
1182260,2026-08-29 00:00:00,0606863154419,Mats Berglund (MP),POLITICIAN,Politician with multiple current assignments,Assignments,MINOR,Multiple Current Assignments,PoliticianBalancedRules
1182323,2026-08-29 00:00:00,028954589415,Ann-Sofie Alm (M),POLITICIAN,Politician with multiple current assignments,Assignments,MINOR,Multiple Current Assignments,PoliticianBalancedRules
1181545,2026-08-29 00:00:00,0749416304126,Marie Nicholson (M),POLITICIAN,Politician with high committee substitute ratio,CommitteeExperience,MINOR,Primarily Serving as Committee Substitute,PoliticianInfluence
1180618,2026-08-29 00:00:00,0853395328224,Lena Hallengren (S),POLITICIAN,Politician with current party assignments,Party,MINOR,Current Party Assignments,PoliticianAdditionalAttributes
1181660,2026-08-29 00:00:00,0492644357418,Per Söderlund (SD),POLITICIAN,Politician with high abstention rate - over 9% annually,Behavior,MINOR,HighAbstentionRate,PoliticianLowVotingParticipation
1181825,2026-08-29 00:00:00,0737824098113,Magnus Berntsson (KD),POLITICIAN,Politician with declining engagement - monthly absence worse than annual,Behavior,MAJOR,WorseningAbsenteeism,PoliticianDecliningEngagement
1180448,2026-08-29 00:00:00,0937688366013,Peter Hultqvist (S),POLITICIAN,Politician currently active in committee leadership,Role,MINOR,Active Committee Leader,PoliticianLeadershipRole
1181200,2026-08-29 00:00:00,0475778011711,Hans Ekström (S),POLITICIAN,"We have an politician with busy schedule, more than 4 current roles and busy past",Behavior,MINOR,Influential,PoliticianBusySchedule
1181057,2026-08-29 00:00:00,025158809026,Ida Gabrielsson (V),POLITICIAN,"We have a lazy politician, absent 17-25% of ballots last year",Behavior,MAJOR,ConcerningAbsenteeism,PoliticianLazy
1182025,2026-08-29 00:00:00,066036027425,Mikael Damsgaard (M),POLITICIAN,Politician with no multi-party collaboration,Behavior,CRITICAL,NoMultiPartyCollaboration,PoliticianIsolatedBehavior
1181928,2026-08-29 00:00:00,0780214960516,Eva Lindh (S),POLITICIAN,Politician with no multi-party collaboration,Behavior,CRITICAL,NoMultiPartyCollaboration,PoliticianIsolatedBehavior
1181391,2026-08-29 00:00:00,0125036219125,Nina Larsson (L),POLITICIAN,We have an politician part of government,Behavior,MAJOR,Influential,PoliticianPartyLeader
1180700,2026-08-29 00:00:00,0469084171710,Ulrika Westerlund (MP),POLITICIAN,Politician with high abstention rate - over 9% annually,Behavior,MINOR,HighAbstentionRate,PoliticianLowVotingParticipation
1180886,2026-08-29 00:00:00,0345062474310,Mona Olin (SD),POLITICIAN,Politician with more than 600 days served as committee substitute,Experience,CRITICAL,Extremely Experienced Committee Substitute,PoliticianExperience
1181558,2026-08-29 00:00:00,0378597308227,Camilla Brodin (KD),POLITICIAN,Politician with strategic abstention - high abstention but high presence,Behavior,MAJOR,StrategicAbstentionPresent,PoliticianAbstentionPattern
1181392,2026-08-29 00:00:00,0125036219125,Nina Larsson (L),POLITICIAN,Politician with more than 600 days served as committee substitute,Experience,CRITICAL,Extremely Experienced Committee Substitute,PoliticianExperience
1180542,2026-08-29 00:00:00,0920901966627,Tony Haddou (V),POLITICIAN,Politician with multiple current assignments,Assignments,MINOR,Multiple Current Assignments,PoliticianBalancedRules
1180535,2026-08-29 00:00:00,065105536026,Niklas Karlsson (S),POLITICIAN,Politician with more than 900 days served in committee leadership,Experience,CRITICAL,Extremely Experienced Committee Leader,PoliticianExperience
1181053,2026-08-29 00:00:00,0376395541120,Joakim Sandell (S),POLITICIAN,Politician with more than 600 days served as committee substitute,Experience,CRITICAL,Extremely Experienced Committee Substitute,PoliticianExperience
1182277,2026-08-29 00:00:00,0340418158820,Daniel Persson (SD),POLITICIAN,Politician with no multi-party collaboration,Behavior,CRITICAL,NoMultiPartyCollaboration,PoliticianIsolatedBehavior
1181601,2026-08-29 00:00:00,0861447317415,Thomas Finnborg (M),POLITICIAN,Politician with no multi-party collaboration,Behavior,CRITICAL,NoMultiPartyCollaboration,PoliticianIsolatedBehavior
1180590,2026-08-29 00:00:00,0779329190517,Kjell Jansson (M),POLITICIAN,Politician with high committee substitute ratio,CommitteeExperience,MINOR,Primarily Serving as Committee Substitute,PoliticianInfluence
1180215,2026-08-29 00:00:00,0926477102420,Cecilia Rönn (L),POLITICIAN,Politician with more than 600 days served as committee substitute,Experience,CRITICAL,Extremely Experienced Committee Substitute,PoliticianExperience
1180235,2026-08-29 00:00:00,0117203219614,Jörgen Warborn (M),POLITICIAN,Politician with high committee substitute ratio,CommitteeExperience,MINOR,Primarily Serving as Committee Substitute,PoliticianInfluence
1180753,2026-08-29 00:00:00,0226631365426,Mikael Larsson (C),POLITICIAN,"We have an politician with busy schedule, more than 5 current roles and busy past",Behavior,MAJOR,Influential,PoliticianBusySchedule
1182067,2026-08-29 00:00:00,0973566938927,Elisabet Lann (KD),POLITICIAN,We have an politician minister that has no experience from parliament,Experience,MINOR,OtherExperience,PoliticianMinisterWithoutParliamentExperience
1181821,2026-08-29 00:00:00,0737824098113,Magnus Berntsson (KD),POLITICIAN,Politician with more than 5 current assignments,Assignments,MAJOR,More than 5 Current Assignments,PoliticianBalancedRules
1181892,2026-08-29 00:00:00,0442073683012,Zara Leghissa (S),POLITICIAN,Politician with more than 600 days served as committee substitute,Experience,CRITICAL,Extremely Experienced Committee Substitute,PoliticianExperience
1180620,2026-08-29 00:00:00,0853395328224,Lena Hallengren (S),POLITICIAN,Politician rarely wins votes - below 20% win rate annually,Behavior,MAJOR,VeryLowWinRate,PoliticianIneffectiveVoting
1181846,2026-08-29 00:00:00,0587736055221,Niels Paarup-Petersen (C),POLITICIAN,Politician with high abstention rate - over 9% annually,Behavior,MINOR,HighAbstentionRate,PoliticianLowVotingParticipation
1182017,2026-08-29 00:00:00,0304498908019,Gudrun Brunegård (KD),POLITICIAN,Politician with combined absence and abstention risk,Behavior,MAJOR,HighAbsenceAndAbstention,PoliticianCombinedRisk
1181618,2026-08-29 00:00:00,0926214745119,Heléne Björklund (S),POLITICIAN,"We have a lazy politician, absent 12-17% of ballots last year",Behavior,MINOR,ModerateAbsenteeism,PoliticianLazy
1180823,2026-08-29 00:00:00,0126797549328,Johan Forssell (M),POLITICIAN,Politician with high committee substitute ratio,CommitteeExperience,MINOR,Primarily Serving as Committee Substitute,PoliticianInfluence
1182038,2026-08-29 00:00:00,0481460392727,Jessica Wetterling (V),POLITICIAN,Politician with no multi-party collaboration,Behavior,CRITICAL,NoMultiPartyCollaboration,PoliticianIsolatedBehavior
1181982,2026-08-29 00:00:00,0604604418610,Jacob Risberg (MP),POLITICIAN,"We have a lazy politician, absent 12-17% of ballots last year",Behavior,MINOR,ModerateAbsenteeism,PoliticianLazy
1180918,2026-08-29 00:00:00,0939158389321,Samuel Gonzalez Westling (V),POLITICIAN,Politician with no multi-party collaboration,Behavior,CRITICAL,NoMultiPartyCollaboration,PoliticianIsolatedBehavior
1181072,2026-08-29 00:00:00,0412502344925,Ida Ekeroth Clausson (S),POLITICIAN,Politician with no multi-party collaboration,Behavior,CRITICAL,NoMultiPartyCollaboration,PoliticianIsolatedBehavior
1180172,2026-08-29 00:00:00,098329342620,Jennie Wernäng (M),POLITICIAN,"We have a lazy politician, absent 25-55% of ballots last year",Behavior,CRITICAL,HighAbsenteeism,PoliticianLazy
1181328,2026-08-29 00:00:00,0119672047211,Madeleine Atlas (C),POLITICIAN,Politician with more than 600 days served as committee substitute,Experience,CRITICAL,Extremely Experienced Committee Substitute,PoliticianExperience
1182319,2026-08-29 00:00:00,0955748436811,Robert Stenkvist (SD),POLITICIAN,"We have an politician older than 65, retirement age in Sweden",Attribute,MINOR,LongTimer,PoliticianTimeToRetire
1180854,2026-08-29 00:00:00,0369212790927,Sofia Skönnbrink (S),POLITICIAN,Politician with more than 600 days served as committee substitute,Experience,CRITICAL,Extremely Experienced Committee Substitute,PoliticianExperience
1182274,2026-08-29 00:00:00,0222691314314,Ulf Kristersson (M),POLITICIAN,Politician with high committee substitute ratio,CommitteeExperience,MINOR,Primarily Serving as Committee Substitute,PoliticianInfluence
1181452,2026-08-29 00:00:00,0473783431010,Morgan Johansson (S),POLITICIAN,Politician currently active in committee leadership,Role,MINOR,Active Committee Leader,PoliticianLeadershipRole
1181458,2026-08-29 00:00:00,SD,SD,PARTY,Party with low document productivity - below 18 docs per member last year,Behavior,MINOR,LowDocumentProductivity,PartyLowEffectiveness
1181486,2026-08-29 00:00:00,0557180142229,Fredrik Lindahl (SD),POLITICIAN,Politician with no multi-party collaboration,Behavior,CRITICAL,NoMultiPartyCollaboration,PoliticianIsolatedBehavior
1181831,2026-08-29 00:00:00,0612916684825,Johan Löfstrand (S),POLITICIAN,Politician with high committee substitute ratio,CommitteeExperience,MINOR,Primarily Serving as Committee Substitute,PoliticianInfluence
1180905,2026-08-29 00:00:00,0819601620927,Annika Hirvonen (MP),POLITICIAN,Politician with more than 900 days served in committee leadership,Experience,CRITICAL,Extremely Experienced Committee Leader,PoliticianExperience
1181778,2026-08-29 00:00:00,0613297818326,Mathias Tegnér (S),POLITICIAN,Politician with declining engagement - monthly absence worse than annual,Behavior,MAJOR,WorseningAbsenteeism,PoliticianDecliningEngagement
1181896,2026-08-29 00:00:00,0456522027421,Linnéa Wickman (S),POLITICIAN,Politician with more than 600 days served as committee substitute,Experience,CRITICAL,Extremely Experienced Committee Substitute,PoliticianExperience
1181470,2026-08-29 00:00:00,0792733370419,Magnus Oscarsson (KD),POLITICIAN,Politician with multiple current assignments,Assignments,MINOR,Multiple Current Assignments,PoliticianBalancedRules
1182256,2026-08-29 00:00:00,019430605328,Josefin Malmqvist (M),POLITICIAN,Politician with no multi-party collaboration,Behavior,CRITICAL,NoMultiPartyCollaboration,PoliticianIsolatedBehavior
1182134,2026-08-29 00:00:00,0277853016020,Simona Mohamsson (L),POLITICIAN,We have an politician party leader and part of government,Behavior,CRITICAL,Influential,PoliticianPartyLeader
1181818,2026-08-29 00:00:00,0364687971222,Alireza Akhondi (C),POLITICIAN,Politician with no multi-party collaboration,Behavior,CRITICAL,NoMultiPartyCollaboration,PoliticianIsolatedBehavior
1181567,2026-08-29 00:00:00,0932000030511,Maria Stockhaus (M),POLITICIAN,Politician with more than 600 days served as committee substitute,Experience,CRITICAL,Extremely Experienced Committee Substitute,PoliticianExperience
1181323,2026-08-29 00:00:00,025877594729,John Widegren (M),POLITICIAN,Politician with high committee substitute ratio,CommitteeExperience,MINOR,Primarily Serving as Committee Substitute,PoliticianInfluence
1181469,2026-08-29 00:00:00,0930305890123,Sara-Lena Bjälkö (-),POLITICIAN,Politician with more than 600 days served as committee substitute,Experience,CRITICAL,Extremely Experienced Committee Substitute,PoliticianExperience
1181268,2026-08-29 00:00:00,0138741628520,Angelika Bengtsson (SD),POLITICIAN,Politician with strategic abstention - high abstention but high presence,Behavior,MAJOR,StrategicAbstentionPresent,PoliticianAbstentionPattern
1181933,2026-08-29 00:00:00,037561614928,Lawen Redar (S),POLITICIAN,Politician with no multi-party collaboration,Behavior,CRITICAL,NoMultiPartyCollaboration,PoliticianIsolatedBehavior
1180588,2026-08-29 00:00:00,0779329190517,Kjell Jansson (M),POLITICIAN,"We have an politician older than 65, retirement age in Sweden",Attribute,MINOR,LongTimer,PoliticianTimeToRetire
1181038,2026-08-29 00:00:00,0760500234712,Monica Haider (S),POLITICIAN,"We have a lazy politician, absent 17-25% of ballots last year",Behavior,MAJOR,ConcerningAbsenteeism,PoliticianLazy
1180758,2026-08-29 00:00:00,0764949934324,Ulrika Heindorff (M),POLITICIAN,Politician with high abstention rate - over 9% annually,Behavior,MINOR,HighAbstentionRate,PoliticianLowVotingParticipation
1181147,2026-08-29 00:00:00,048561486727,Isabell Mixter (V),POLITICIAN,Politician with more than 600 days served as committee substitute,Experience,CRITICAL,Extremely Experienced Committee Substitute,PoliticianExperience
1181958,2026-08-29 00:00:00,0992473266516,Larry Söder (KD),POLITICIAN,"We have an politician with busy schedule, more than 6 current roles and busy past",Behavior,CRITICAL,Influential,PoliticianBusySchedule
1180578,2026-08-29 00:00:00,0838085832923,Ann-Sofie Lifvenhage (M),POLITICIAN,Politician with high committee substitute ratio,CommitteeExperience,MINOR,Primarily Serving as Committee Substitute,PoliticianInfluence
1180287,2026-08-29 00:00:00,0793372891224,Noria Manouchi (M),POLITICIAN,Politician with no multi-party collaboration,Behavior,CRITICAL,NoMultiPartyCollaboration,PoliticianIsolatedBehavior
1180269,2026-08-29 00:00:00,0877778793323,Johan Büser (S),POLITICIAN,Politician with high committee substitute ratio,CommitteeExperience,MINOR,Primarily Serving as Committee Substitute,PoliticianInfluence
1180760,2026-08-29 00:00:00,0764949934324,Ulrika Heindorff (M),POLITICIAN,Politician with declining effectiveness - monthly win rate much lower than annual,Behavior,MAJOR,DecreasingEffectiveness,PoliticianDecliningEngagement
1181097,2026-08-29 00:00:00,0360187680814,Mats Hellhoff (SD),POLITICIAN,Politician with very low document activity last year,Behavior,MINOR,LowProductivity,PoliticianLowDocumentActivity
1180982,2026-08-29 00:00:00,0744993950910,Anders Ygeman (S),POLITICIAN,Politician with more than 900 days served in committee leadership,Experience,CRITICAL,Extremely Experienced Committee Leader,PoliticianExperience
1180884,2026-08-29 00:00:00,0345062474310,Mona Olin (SD),POLITICIAN,Politician with no multi-party collaboration,Behavior,CRITICAL,NoMultiPartyCollaboration,PoliticianIsolatedBehavior
1180893,2026-08-29 00:00:00,0635943298419,Dan Hovskär (KD),POLITICIAN,Politician with more than 600 days served as committee substitute,Experience,CRITICAL,Extremely Experienced Committee Substitute,PoliticianExperience
1180544,2026-08-29 00:00:00,0920901966627,Tony Haddou (V),POLITICIAN,Politician with critical abstention pattern - excessive abstention rate,Behavior,CRITICAL,ExcessiveAbstention,PoliticianAbstentionPattern
1181257,2026-08-29 00:00:00,0119851690521,David Perez (SD),POLITICIAN,"We have a lazy politician, absent 25-55% of ballots last year",Behavior,CRITICAL,HighAbsenteeism,PoliticianLazy
1180759,2026-08-29 00:00:00,0764949934324,Ulrika Heindorff (M),POLITICIAN,Politician with high abstention pattern - very high abstention rate,Behavior,MAJOR,HighAbstention,PoliticianAbstentionPattern
1180981,2026-08-29 00:00:00,0744993950910,Anders Ygeman (S),POLITICIAN,Politician with medium committee leadership ratio,CommitteeExperience,MINOR,Medium Committee Leadership Influence,PoliticianInfluence
1182283,2026-08-29 00:00:00,0309480686522,Leila Ali Elmi (MP),POLITICIAN,"We have an politician with busy schedule, more than 4 current roles and busy past",Behavior,MINOR,Influential,PoliticianBusySchedule
1180392,2026-08-29 00:00:00,0810201628512,Ann-Charlotte Hammar Johnsson (M),POLITICIAN,We have an politician with leading role in the party,Behavior,MINOR,Influential,PoliticianPartyLeader
1180449,2026-08-29 00:00:00,0937688366013,Peter Hultqvist (S),POLITICIAN,Politician with multiple current assignments,Assignments,MINOR,Multiple Current Assignments,PoliticianBalancedRules
1180152,2026-08-29 00:00:00,0502688311316,Anna Vikström (S),POLITICIAN,Politician with more than 6 current assignments,Assignments,CRITICAL,More than 6 Current Assignments,PoliticianBalancedRules
1181691,2026-08-29 00:00:00,0313390540217,Ingela Nylund Watz (S),POLITICIAN,Politician with high committee substitute ratio,CommitteeExperience,MINOR,Primarily Serving as Committee Substitute,PoliticianInfluence
1181623,2026-08-29 00:00:00,0331791853028,Yasmine Eriksson (SD),POLITICIAN,Politician with no multi-party collaboration,Behavior,CRITICAL,NoMultiPartyCollaboration,PoliticianIsolatedBehavior
1180352,2026-08-29 00:00:00,Justitiedepartementet,Justitiedepartementet,MINISTRY,Ministry with small member size - understaffed,Structure,MINOR,SmallTeam,MinistryUnderstaffed
1181625,2026-08-29 00:00:00,0331791853028,Yasmine Eriksson (SD),POLITICIAN,Politician with high committee substitute ratio,CommitteeExperience,MINOR,Primarily Serving as Committee Substitute,PoliticianInfluence
1181650,2026-08-29 00:00:00,0128805841317,Katarina Brännström (M),POLITICIAN,Politician with more than 600 days served as committee substitute,Experience,CRITICAL,Extremely Experienced Committee Substitute,PoliticianExperience
1180838,2026-08-29 00:00:00,0257612529618,Kenneth G Forslund (S),POLITICIAN,Politician with multiple current assignments,Assignments,MINOR,Multiple Current Assignments,PoliticianBalancedRules
1182284,2026-08-29 00:00:00,0309480686522,Leila Ali Elmi (MP),POLITICIAN,"We have a lazy politician, absent 17-25% of ballots last year",Behavior,MAJOR,ConcerningAbsenteeism,PoliticianLazy
1181716,2026-08-29 00:00:00,0466653728712,Denis Begic (S),POLITICIAN,Politician with concerning abstention pattern - frequently abstaining,Behavior,MAJOR,FrequentAbstention,PoliticianAbstentionPattern
1180372,2026-08-29 00:00:00,0911916463828,Fredrik Lundh Sammeli (S),POLITICIAN,Politician with extreme combined risk - very high absence and very low win rate,Behavior,CRITICAL,ExtremeLowParticipationAndEffectiveness,PoliticianLowVotingParticipation
1181702,2026-08-29 00:00:00,0245468368228,Yusuf Aydin (KD),POLITICIAN,Politician with more than 600 days served as committee substitute,Experience,CRITICAL,Extremely Experienced Committee Substitute,PoliticianExperience
1180384,2026-08-29 00:00:00,0506482805418,Isak From (S),POLITICIAN,Politician with no multi-party collaboration,Behavior,CRITICAL,NoMultiPartyCollaboration,PoliticianIsolatedBehavior
1180184,2026-08-29 00:00:00,0665485817222,Daniel Bäckström (C),POLITICIAN,We have an politician with leading role in the party,Behavior,MINOR,Influential,PoliticianPartyLeader
1181349,2026-08-29 00:00:00,0235974887200,Susanne Eberstein (S),POLITICIAN,Politician served as a speaker for more than 1000 days,Experience,MINOR,Experienced Speaker,PoliticianSpeaker
1181571,2026-08-29 00:00:00,0108109641223,Carl-Oskar Bohlin (M),POLITICIAN,We have an politician part of government,Behavior,MAJOR,Influential,PoliticianPartyLeader
1182035,2026-08-29 00:00:00,0481460392727,Jessica Wetterling (V),POLITICIAN,Politician with high abstention rate - over 9% annually,Behavior,MINOR,HighAbstentionRate,PoliticianLowVotingParticipation
1181395,2026-08-29 00:00:00,0973782197017,Mikael Oscarsson (KD),POLITICIAN,"We have a party rebel politician, voted against party majority at least 1% of ballots last year",Behavior,CRITICAL,CanIgnorePartyMajority,PoliticianPartyRebel
1181402,2026-08-29 00:00:00,0985943148917,Victoria Tiblom (SD),POLITICIAN,Politician showing avoidance pattern - high combined absence and abstention,Behavior,CRITICAL,AvoidancePattern,PoliticianLowEngagement
1180537,2026-08-29 00:00:00,0671571847522,Mattias Eriksson Falk (SD),POLITICIAN,"We have an politician with busy schedule, more than 5 current roles and busy past",Behavior,MAJOR,Influential,PoliticianBusySchedule
1180388,2026-08-29 00:00:00,0810201628512,Ann-Charlotte Hammar Johnsson (M),POLITICIAN,Politician with multiple current assignments,Assignments,MINOR,Multiple Current Assignments,PoliticianBalancedRules
1182043,2026-08-29 00:00:00,0130789484021,Mattias Bäckström Johansson (SD),POLITICIAN,"We have an politician with busy schedule, more than 5 current roles and busy past",Behavior,MAJOR,Influential,PoliticianBusySchedule
1181091,2026-08-29 00:00:00,0720250789315,Mats Wiking (S),POLITICIAN,Politician with no multi-party collaboration,Behavior,CRITICAL,NoMultiPartyCollaboration,PoliticianIsolatedBehavior
1181610,2026-08-29 00:00:00,0947572086414,Anne-Li Sjölund (C),POLITICIAN,Politician with multiple current assignments,Assignments,MINOR,Multiple Current Assignments,PoliticianBalancedRules
1181707,2026-08-29 00:00:00,0130640724922,Clara Aranda (SD),POLITICIAN,Politician with very low document activity last year,Behavior,MINOR,LowProductivity,PoliticianLowDocumentActivity
1181248,2026-08-29 00:00:00,0776705932527,Ciczie Weidby (V),POLITICIAN,Politician with more than 600 days served as committee substitute,Experience,CRITICAL,Extremely Experienced Committee Substitute,PoliticianExperience
1180874,2026-08-29 00:00:00,0533104339313,Merit Frost Lindberg (M),POLITICIAN,Politician with high committee substitute ratio,CommitteeExperience,MINOR,Primarily Serving as Committee Substitute,PoliticianInfluence
1181189,2026-08-29 00:00:00,0717363246311,Jessica Stegrud (SD),POLITICIAN,Politician with high committee substitute ratio,CommitteeExperience,MINOR,Primarily Serving as Committee Substitute,PoliticianInfluence
1181368,2026-08-29 00:00:00,0257313105220,Arber Gashi (S),POLITICIAN,Politician with high committee substitute ratio,CommitteeExperience,MINOR,Primarily Serving as Committee Substitute,PoliticianInfluence
1182341,2026-08-29 00:00:00,0229760896014,Anders W Jonsson (C),POLITICIAN,Politician with high committee substitute ratio,CommitteeExperience,MINOR,Primarily Serving as Committee Substitute,PoliticianInfluence
1181806,2026-08-29 00:00:00,0653578338415,Agneta Nilsson (S),POLITICIAN,Politician with no multi-party collaboration,Behavior,CRITICAL,NoMultiPartyCollaboration,PoliticianIsolatedBehavior
1182233,2026-08-29 00:00:00,033935884729,Martina Johansson (C),POLITICIAN,"We have an politician with busy schedule, more than 5 current roles and busy past",Behavior,MAJOR,Influential,PoliticianBusySchedule
1181728,2026-08-29 00:00:00,0210444373111,Katarina Luhr (MP),POLITICIAN,We have an politician with leading role in the party,Behavior,MINOR,Influential,PoliticianPartyLeader
1181790,2026-08-29 00:00:00,0940980416614,Jan Ericson (M),POLITICIAN,"We have a lazy politician, absent at least 18 % of ballots last month",Behavior,MAJOR,NA,PoliticianLazy
1181434,2026-08-29 00:00:00,0302393368216,Camilla Rinaldo Miller (KD),POLITICIAN,"We have an politician with busy schedule, more than 4 current roles and busy past",Behavior,MINOR,Influential,PoliticianBusySchedule
1181647,2026-08-29 00:00:00,0128805841317,Katarina Brännström (M),POLITICIAN,"We have an politician older than 70, passed retirement age in Sweden",Attribute,MAJOR,LongTimer,PoliticianTimeToRetire
1180369,2026-08-29 00:00:00,065701062615,Runar Filper (SD),POLITICIAN,Politician with more than 600 days served as committee substitute,Experience,CRITICAL,Extremely Experienced Committee Substitute,PoliticianExperience
1180993,2026-08-29 00:00:00,0254695027922,Malcolm Momodou Jallow (-),POLITICIAN,Politician with more than 900 days served in committee leadership,Experience,CRITICAL,Extremely Experienced Committee Leader,PoliticianExperience
1181738,2026-08-29 00:00:00,0890152141226,Nadja Awad (V),POLITICIAN,Politician with no multi-party collaboration,Behavior,CRITICAL,NoMultiPartyCollaboration,PoliticianIsolatedBehavior
1180245,2026-08-29 00:00:00,0607691439013,Karin Enström (M),POLITICIAN,Politician with combined absence and abstention risk,Behavior,MAJOR,HighAbsenceAndAbstention,PoliticianCombinedRisk
1182235,2026-08-29 00:00:00,033935884729,Martina Johansson (C),POLITICIAN,Politician with no multi-party collaboration,Behavior,CRITICAL,NoMultiPartyCollaboration,PoliticianIsolatedBehavior
1182094,2026-08-29 00:00:00,0512510717328,Ebba Busch (KD),POLITICIAN,We have an politician minister that has no experience from parliament,Experience,MINOR,OtherExperience,PoliticianMinisterWithoutParliamentExperience
1180915,2026-08-29 00:00:00,0939158389321,Samuel Gonzalez Westling (V),POLITICIAN,"We have an politician with busy schedule, more than 5 current roles and busy past",Behavior,MAJOR,Influential,PoliticianBusySchedule
1181811,2026-08-29 00:00:00,0452755722723,Björn Söder (SD),POLITICIAN,"We have an politician with busy schedule, more than 5 current roles and busy past",Behavior,MAJOR,Influential,PoliticianBusySchedule
1182206,2026-08-29 00:00:00,0383111552218,Jonas Sjöstedt (V),POLITICIAN,Politician with high committee substitute ratio,CommitteeExperience,MINOR,Primarily Serving as Committee Substitute,PoliticianInfluence
1181011,2026-08-29 00:00:00,0610162335824,Niklas Sigvardsson (S),POLITICIAN,Politician with high committee substitute ratio,CommitteeExperience,MINOR,Primarily Serving as Committee Substitute,PoliticianInfluence
1180580,2026-08-29 00:00:00,0860364634014,Mattias Ottosson (S),POLITICIAN,Politician showing avoidance pattern - high combined absence and abstention,Behavior,CRITICAL,AvoidancePattern,PoliticianLowEngagement
1181457,2026-08-29 00:00:00,SD,SD,PARTY,Party with minimal collaboration - below 0.5%,Behavior,CRITICAL,MinimalCrossPartyEngagement,PartyLowCollaboration
1180532,2026-08-29 00:00:00,065105536026,Niklas Karlsson (S),POLITICIAN,Politician with high abstention pattern - very high abstention rate,Behavior,MAJOR,HighAbstention,PoliticianAbstentionPattern
1182090,2026-08-29 00:00:00,0339894357417,Jennie Nilsson (S),POLITICIAN,Politician with combined high risk - low effectiveness and high absence,Behavior,CRITICAL,HighRiskLowEffectivenessHighAbsence,PoliticianCombinedRisk
1180686,2026-08-29 00:00:00,0591020192311,Ulf Lindholm (SD),POLITICIAN,Politician with high committee substitute ratio,CommitteeExperience,MINOR,Primarily Serving as Committee Substitute,PoliticianInfluence
1181338,2026-08-29 00:00:00,0875221317013,Gunilla Carlsson (S),POLITICIAN,Politician with more than 900 days served in committee leadership,Experience,CRITICAL,Extremely Experienced Committee Leader,PoliticianExperience
1181899,2026-08-29 00:00:00,0922497728524,Ardalan Shekarabi (S),POLITICIAN,Politician with high committee leadership ratio,CommitteeExperience,MAJOR,High Committee Leadership Influence,PoliticianInfluence
1182301,2026-08-29 00:00:00,014744660015,Mikael Damberg (S),POLITICIAN,"We have an extremely lazy politician, absent more than 55 % of ballots last year",Behavior,CRITICAL,ExtremeAbsenteeism,PoliticianLazy
1181374,2026-08-29 00:00:00,010392780417,Marie Olsson (S),POLITICIAN,Politician with more than 600 days served as committee substitute,Experience,CRITICAL,Extremely Experienced Committee Substitute,PoliticianExperience
1180996,2026-08-29 00:00:00,0246927519019,Karin Rågsjö (V),POLITICIAN,"We have an politician with busy schedule, more than 4 current roles and busy past",Behavior,MINOR,Influential,PoliticianBusySchedule
1181712,2026-08-29 00:00:00,0855286184126,Jessica Rodén (S),POLITICIAN,Politician with no multi-party collaboration,Behavior,CRITICAL,NoMultiPartyCollaboration,PoliticianIsolatedBehavior
1180491,2026-08-29 00:00:00,0766496753128,Fredrik Malm (L),POLITICIAN,"We have an politician with busy schedule, more than 5 current roles and busy past",Behavior,MAJOR,Influential,PoliticianBusySchedule
1180602,2026-08-29 00:00:00,098412828516,Magdalena Andersson (S),POLITICIAN,Politician with more than 2000 days served in government,Experience,MAJOR,Highly Experienced in Government,PoliticianExperience
1180265,2026-08-29 00:00:00,0877778793323,Johan Büser (S),POLITICIAN,Politician with multiple current assignments,Assignments,MINOR,Multiple Current Assignments,PoliticianBalancedRules
1182338,2026-08-29 00:00:00,0256716955026,Serkan Köse (S),POLITICIAN,Politician with high committee substitute ratio,CommitteeExperience,MINOR,Primarily Serving as Committee Substitute,PoliticianInfluence
1181052,2026-08-29 00:00:00,0376395541120,Joakim Sandell (S),POLITICIAN,Politician with high committee substitute ratio,CommitteeExperience,MINOR,Primarily Serving as Committee Substitute,PoliticianInfluence
1182282,2026-08-29 00:00:00,0309480686522,Leila Ali Elmi (MP),POLITICIAN,Politician with multiple current assignments,Assignments,MINOR,Multiple Current Assignments,PoliticianBalancedRules
1180594,2026-08-29 00:00:00,098412828516,Magdalena Andersson (S),POLITICIAN,Politician showing avoidance pattern - high combined absence and abstention,Behavior,CRITICAL,AvoidancePattern,PoliticianLowEngagement
1180412,2026-08-29 00:00:00,0256404677510,Cecilia Engström (KD),POLITICIAN,"We have an politician with busy schedule, more than 4 current roles and busy past",Behavior,MINOR,Influential,PoliticianBusySchedule
1181700,2026-08-29 00:00:00,0245468368228,Yusuf Aydin (KD),POLITICIAN,Politician with no multi-party collaboration,Behavior,CRITICAL,NoMultiPartyCollaboration,PoliticianIsolatedBehavior
1181067,2026-08-29 00:00:00,025967059622,Magnus Manhammar (S),POLITICIAN,Politician with high abstention rate - over 9% annually,Behavior,MINOR,HighAbstentionRate,PoliticianLowVotingParticipation
1180518,2026-08-29 00:00:00,0861521539920,Aron Emilsson (SD),POLITICIAN,"We have a lazy politician, absent 12-17% of ballots last year",Behavior,MINOR,ModerateAbsenteeism,PoliticianLazy
1182331,2026-08-29 00:00:00,0554852839719,Mikael Dahlqvist (S),POLITICIAN,Politician with high committee substitute ratio,CommitteeExperience,MINOR,Primarily Serving as Committee Substitute,PoliticianInfluence
1182029,2026-08-29 00:00:00,0963046628824,Christian Lindefjärd (SD),POLITICIAN,Politician with multiple current assignments,Assignments,MINOR,Multiple Current Assignments,PoliticianBalancedRules
1182172,2026-08-29 00:00:00,0381853591928,Malte Tängmark Roos (MP),POLITICIAN,Politician with no multi-party collaboration,Behavior,CRITICAL,NoMultiPartyCollaboration,PoliticianIsolatedBehavior
1181156,2026-08-29 00:00:00,Utrikesdepartementet,Utrikesdepartementet,MINISTRY,Ministry with small member size - understaffed,Structure,MINOR,SmallTeam,MinistryUnderstaffed
1181795,2026-08-29 00:00:00,0494843794418,Martin Ådahl (C),POLITICIAN,Politician with critical abstention pattern - excessive abstention rate,Behavior,CRITICAL,ExcessiveAbstention,PoliticianAbstentionPattern
1180390,2026-08-29 00:00:00,0810201628512,Ann-Charlotte Hammar Johnsson (M),POLITICIAN,Politician with extremely low collaboration - below 1%,Behavior,MINOR,ExtremelyLowCollaboration,PoliticianIsolatedBehavior
1180367,2026-08-29 00:00:00,065701062615,Runar Filper (SD),POLITICIAN,Politician with no multi-party collaboration,Behavior,CRITICAL,NoMultiPartyCollaboration,PoliticianIsolatedBehavior
1181856,2026-08-29 00:00:00,0468956880528,Mikael Eskilandersson (SD),POLITICIAN,Politician with high committee substitute ratio,CommitteeExperience,MINOR,Primarily Serving as Committee Substitute,PoliticianInfluence
1180284,2026-08-29 00:00:00,0793372891224,Noria Manouchi (M),POLITICIAN,Politician with more than 6 current assignments,Assignments,CRITICAL,More than 6 Current Assignments,PoliticianBalancedRules
1180737,2026-08-29 00:00:00,0700424025906,Mats Odell (KD),POLITICIAN,"We have an politician older than 70, passed retirement age in Sweden",Attribute,MAJOR,LongTimer,PoliticianTimeToRetire
1180148,2026-08-29 00:00:00,0538387395826,Mats Green (M),POLITICIAN,"We have a lazy politician, absent 12-17% of ballots last year",Behavior,MINOR,ModerateAbsenteeism,PoliticianLazy
1180169,2026-08-29 00:00:00,0519740099915,Saila Quicklund (M),POLITICIAN,Politician with high committee substitute ratio,CommitteeExperience,MINOR,Primarily Serving as Committee Substitute,PoliticianInfluence
1180521,2026-08-29 00:00:00,0861521539920,Aron Emilsson (SD),POLITICIAN,Politician with very low document activity last year,Behavior,MINOR,LowProductivity,PoliticianLowDocumentActivity
1182143,2026-08-29 00:00:00,0440673458216,Ulrika Liljeberg (C),POLITICIAN,"We have a lazy politician, absent 25-55% of ballots last year",Behavior,CRITICAL,HighAbsenteeism,PoliticianLazy
1180548,2026-08-29 00:00:00,0678597762924,Martin Westmont (SD),POLITICIAN,Politician with no multi-party collaboration,Behavior,CRITICAL,NoMultiPartyCollaboration,PoliticianIsolatedBehavior
1180994,2026-08-29 00:00:00,0246927519019,Karin Rågsjö (V),POLITICIAN,Politician with multiple current assignments,Assignments,MINOR,Multiple Current Assignments,PoliticianBalancedRules
1181802,2026-08-29 00:00:00,0530425150220,Annika Strandhäll (S),POLITICIAN,Politician with more than 600 days served as committee substitute,Experience,CRITICAL,Extremely Experienced Committee Substitute,PoliticianExperience
1182013,2026-08-29 00:00:00,0304498908019,Gudrun Brunegård (KD),POLITICIAN,"We have an politician older than 65, retirement age in Sweden",Attribute,MINOR,LongTimer,PoliticianTimeToRetire
1181912,2026-08-29 00:00:00,0430865615328,Linda Lindberg (SD),POLITICIAN,Politician with very low document activity last year,Behavior,MINOR,LowProductivity,PoliticianLowDocumentActivity
1181549,2026-08-29 00:00:00,0294138886823,Martin Kinnunen (SD),POLITICIAN,"We have an politician with busy schedule, more than 4 current roles and busy past",Behavior,MINOR,Influential,PoliticianBusySchedule
1181815,2026-08-29 00:00:00,0452755722723,Björn Söder (SD),POLITICIAN,Politician with more than 600 days served as committee substitute,Experience,CRITICAL,Extremely Experienced Committee Substitute,PoliticianExperience
1181636,2026-08-29 00:00:00,0542160909628,Andreas Carlson (KD),POLITICIAN,We have an politician part of government,Behavior,MAJOR,Influential,PoliticianPartyLeader
1180236,2026-08-29 00:00:00,0117203219614,Jörgen Warborn (M),POLITICIAN,Politician with more than 600 days served as committee substitute,Experience,CRITICAL,Extremely Experienced Committee Substitute,PoliticianExperience
1181999,2026-08-29 00:00:00,0951905661227,Christofer Bergenblock (C),POLITICIAN,Politician with more than 600 days served as committee substitute,Experience,CRITICAL,Extremely Experienced Committee Substitute,PoliticianExperience
1181128,2026-08-29 00:00:00,0178323535715,Johnny Svedin (SD),POLITICIAN,Politician with no multi-party collaboration,Behavior,CRITICAL,NoMultiPartyCollaboration,PoliticianIsolatedBehavior
1180427,2026-08-29 00:00:00,0372414474424,Oskar Svärd (M),POLITICIAN,Politician with more than 600 days served as committee substitute,Experience,CRITICAL,Extremely Experienced Committee Substitute,PoliticianExperience
1181185,2026-08-29 00:00:00,0717363246311,Jessica Stegrud (SD),POLITICIAN,Politician showing avoidance pattern - high combined absence and abstention,Behavior,CRITICAL,AvoidancePattern,PoliticianLowEngagement
1182182,2026-08-29 00:00:00,0627450126815,Kajsa Fredholm (V),POLITICIAN,Politician with no multi-party collaboration,Behavior,CRITICAL,NoMultiPartyCollaboration,PoliticianIsolatedBehavior
1180972,2026-08-29 00:00:00,0202577142527,Matheus Enholm (SD),POLITICIAN,Politician with current party assignments,Party,MINOR,Current Party Assignments,PoliticianAdditionalAttributes
1182010,2026-08-29 00:00:00,0304498908019,Gudrun Brunegård (KD),POLITICIAN,Politician with high abstention rate - over 9% annually,Behavior,MINOR,HighAbstentionRate,PoliticianLowVotingParticipation
1181227,2026-08-29 00:00:00,0122987223112,Lotta Johnsson Fornarve (V),POLITICIAN,Politician with more than 600 days served as committee substitute,Experience,CRITICAL,Extremely Experienced Committee Substitute,PoliticianExperience
1180325,2026-08-29 00:00:00,Klimat- och näringslivsdepartementet,Klimat- och näringslivsdepartementet,MINISTRY,Ministry with small member size - understaffed,Structure,MINOR,SmallTeam,MinistryUnderstaffed
1182382,2026-08-29 00:00:00,0986091320811,Catarina Deremar (C),POLITICIAN,We have an politician with leading role in the party,Behavior,MINOR,Influential,PoliticianPartyLeader
1182365,2026-08-29 00:00:00,0146133946627,Andreas Lennkvist Manriquez (V),POLITICIAN,Politician currently active in committee leadership,Role,MINOR,Active Committee Leader,PoliticianLeadershipRole
1180559,2026-08-29 00:00:00,0228027853620,Vasiliki Tsouplaki (V),POLITICIAN,Politician with current party assignments,Party,MINOR,Current Party Assignments,PoliticianAdditionalAttributes
1181305,2026-08-29 00:00:00,0802091197024,Andrea Andersson Tay (V),POLITICIAN,Politician with no multi-party collaboration,Behavior,CRITICAL,NoMultiPartyCollaboration,PoliticianIsolatedBehavior
1181083,2026-08-29 00:00:00,0522240580423,Arin Karapet (-),POLITICIAN,Politician left party but still holds positions,Party,CRITICAL,Left Party Still Holding Positions,PoliticianBalancedRules
1182231,2026-08-29 00:00:00,033935884729,Martina Johansson (C),POLITICIAN,Politician with high abstention rate - over 9% annually,Behavior,MINOR,HighAbstentionRate,PoliticianLowVotingParticipation
1180478,2026-08-29 00:00:00,0229350341619,Ilona Szatmári Waldau (V),POLITICIAN,Politician showing avoidance pattern - high combined absence and abstention,Behavior,CRITICAL,AvoidancePattern,PoliticianLowEngagement
1180969,2026-08-29 00:00:00,0538404901718,Malin Löfsjögård (M),POLITICIAN,Politician with more than 600 days served as committee substitute,Experience,CRITICAL,Extremely Experienced Committee Substitute,PoliticianExperience
1182288,2026-08-29 00:00:00,0904448094023,Linus Lakso (MP),POLITICIAN,Politician with more than 5 current assignments,Assignments,MAJOR,More than 5 Current Assignments,PoliticianBalancedRules
1181515,2026-08-29 00:00:00,0783069490115,Mirja Räihä (S),POLITICIAN,Politician with high committee substitute ratio,CommitteeExperience,MINOR,Primarily Serving as Committee Substitute,PoliticianInfluence
1182247,2026-08-29 00:00:00,0796312429425,Viktor Wärnick (M),POLITICIAN,Politician with high committee substitute ratio,CommitteeExperience,MINOR,Primarily Serving as Committee Substitute,PoliticianInfluence
1180467,2026-08-29 00:00:00,0825441263617,Birger Lahti (V),POLITICIAN,Politician with no multi-party collaboration,Behavior,CRITICAL,NoMultiPartyCollaboration,PoliticianIsolatedBehavior
1181998,2026-08-29 00:00:00,0951905661227,Christofer Bergenblock (C),POLITICIAN,Politician with high committee substitute ratio,CommitteeExperience,MINOR,Primarily Serving as Committee Substitute,PoliticianInfluence
1181125,2026-08-29 00:00:00,0248492534018,Pia Trollehjelm (SD),POLITICIAN,Politician with high committee substitute ratio,CommitteeExperience,MINOR,Primarily Serving as Committee Substitute,PoliticianInfluence
1181320,2026-08-29 00:00:00,025877594729,John Widegren (M),POLITICIAN,Politician with strategic abstention - high abstention but high presence,Behavior,MAJOR,StrategicAbstentionPresent,PoliticianAbstentionPattern
1181541,2026-08-29 00:00:00,014386615025,Ali Esbati (V),POLITICIAN,Politician with more than 600 days served as committee substitute,Experience,CRITICAL,Extremely Experienced Committee Substitute,PoliticianExperience
1182156,2026-08-29 00:00:00,0183544538819,Patrik Jönsson (SD),POLITICIAN,Politician with multiple current assignments,Assignments,MINOR,Multiple Current Assignments,PoliticianBalancedRules
1181148,2026-08-29 00:00:00,0984153507725,Gustaf Göthberg (M),POLITICIAN,Politician with multiple current assignments,Assignments,MINOR,Multiple Current Assignments,PoliticianBalancedRules
1181606,2026-08-29 00:00:00,0499755198526,Mattias Jonsson (S),POLITICIAN,"We have a lazy politician, absent 17-25% of ballots last year",Behavior,MAJOR,ConcerningAbsenteeism,PoliticianLazy
1182175,2026-08-29 00:00:00,0627450126815,Kajsa Fredholm (V),POLITICIAN,Politician with multiple current assignments,Assignments,MINOR,Multiple Current Assignments,PoliticianBalancedRules
1181477,2026-08-29 00:00:00,0803790353229,Azra Muranovic (S),POLITICIAN,Politician with high committee substitute ratio,CommitteeExperience,MINOR,Primarily Serving as Committee Substitute,PoliticianInfluence
1181223,2026-08-29 00:00:00,0122987223112,Lotta Johnsson Fornarve (V),POLITICIAN,Politician with more than 6 current assignments,Assignments,CRITICAL,More than 6 Current Assignments,PoliticianBalancedRules
1181799,2026-08-29 00:00:00,0530425150220,Annika Strandhäll (S),POLITICIAN,"We have a lazy politician, absent 17-25% of ballots last year",Behavior,MAJOR,ConcerningAbsenteeism,PoliticianLazy
1181671,2026-08-29 00:00:00,0835066063627,Daniel Spiik (SD),POLITICIAN,Politician with no documents last year,Behavior,MAJOR,NoProductivity,PoliticianLowDocumentActivity
1180209,2026-08-29 00:00:00,0512645510895,Jonathan Svensson (S),POLITICIAN,Politician with more than 600 days served as committee substitute,Experience,CRITICAL,Extremely Experienced Committee Substitute,PoliticianExperience
1182332,2026-08-29 00:00:00,0554852839719,Mikael Dahlqvist (S),POLITICIAN,Politician with more than 600 days served as committee substitute,Experience,CRITICAL,Extremely Experienced Committee Substitute,PoliticianExperience
1181840,2026-08-29 00:00:00,0652497579621,Johanna Haraldsson (S),POLITICIAN,We have an politician with leading role in the party,Behavior,MINOR,Influential,PoliticianPartyLeader
1182292,2026-08-29 00:00:00,0904448094023,Linus Lakso (MP),POLITICIAN,Politician with critical abstention pattern - excessive abstention rate,Behavior,CRITICAL,ExcessiveAbstention,PoliticianAbstentionPattern
1181383,2026-08-29 00:00:00,0140985614421,Peder Björk (S),POLITICIAN,Politician with multiple current assignments,Assignments,MINOR,Multiple Current Assignments,PoliticianBalancedRules
1182275,2026-08-29 00:00:00,0222691314314,Ulf Kristersson (M),POLITICIAN,We have an politician party leader and part of government,Behavior,CRITICAL,Influential,PoliticianPartyLeader
1181079,2026-08-29 00:00:00,036926802512,Blåvitt Elofsson (S),POLITICIAN,Politician with high committee substitute ratio,CommitteeExperience,MINOR,Primarily Serving as Committee Substitute,PoliticianInfluence
1181385,2026-08-29 00:00:00,0140985614421,Peder Björk (S),POLITICIAN,Politician with high committee substitute ratio,CommitteeExperience,MINOR,Primarily Serving as Committee Substitute,PoliticianInfluence
1180677,2026-08-29 00:00:00,0254021157518,Lars Andersson (SD),POLITICIAN,"We have an politician with busy schedule, more than 4 current roles and busy past",Behavior,MINOR,Influential,PoliticianBusySchedule
1182053,2026-08-29 00:00:00,0903081277919,Helena Vilhelmsson (C),POLITICIAN,Politician with high abstention rate - over 9% annually,Behavior,MINOR,HighAbstentionRate,PoliticianLowVotingParticipation
1181009,2026-08-29 00:00:00,010643534813,Eric Westroth (SD),POLITICIAN,Politician with more than 600 days served as committee substitute,Experience,CRITICAL,Extremely Experienced Committee Substitute,PoliticianExperience
1181830,2026-08-29 00:00:00,0612916684825,Johan Löfstrand (S),POLITICIAN,Politician with current party assignments,Party,MINOR,Current Party Assignments,PoliticianAdditionalAttributes
1180274,2026-08-29 00:00:00,0327372175911,Fredrik Ahlstedt (M),POLITICIAN,Politician with more than 600 days served as committee substitute,Experience,CRITICAL,Extremely Experienced Committee Substitute,PoliticianExperience
1182063,2026-08-29 00:00:00,074310796828,Magnus Resare (M),POLITICIAN,Politician with no multi-party collaboration,Behavior,CRITICAL,NoMultiPartyCollaboration,PoliticianIsolatedBehavior
1181069,2026-08-29 00:00:00,025967059622,Magnus Manhammar (S),POLITICIAN,Politician with no multi-party collaboration,Behavior,CRITICAL,NoMultiPartyCollaboration,PoliticianIsolatedBehavior
1180932,2026-08-29 00:00:00,0273506284025,Edward Riedl (M),POLITICIAN,Politician with high committee substitute ratio,CommitteeExperience,MINOR,Primarily Serving as Committee Substitute,PoliticianInfluence
1180383,2026-08-29 00:00:00,0506482805418,Isak From (S),POLITICIAN,Politician with very high rebel rate - 2.0-5.0% annually,Behavior,CRITICAL,VeryHighRebelVoting,PoliticianHighRebelRate
1181060,2026-08-29 00:00:00,025158809026,Ida Gabrielsson (V),POLITICIAN,Politician with more than 600 days served as committee substitute,Experience,CRITICAL,Extremely Experienced Committee Substitute,PoliticianExperience
1182148,2026-08-29 00:00:00,0504851635310,Daniel Helldén (MP),POLITICIAN,Politician with current party assignments,Party,MINOR,Current Party Assignments,PoliticianAdditionalAttributes
1181780,2026-08-29 00:00:00,0613297818326,Mathias Tegnér (S),POLITICIAN,Politician with combined absence and abstention risk,Behavior,MAJOR,HighAbsenceAndAbstention,PoliticianCombinedRisk
1181062,2026-08-29 00:00:00,0880018341619,Thomas Morell (SD),POLITICIAN,"We have an politician older than 65, retirement age in Sweden",Attribute,MINOR,LongTimer,PoliticianTimeToRetire
1181243,2026-08-29 00:00:00,0776705932527,Ciczie Weidby (V),POLITICIAN,Politician with multiple current assignments,Assignments,MINOR,Multiple Current Assignments,PoliticianBalancedRules
1182191,2026-08-29 00:00:00,0503029811325,David Josefsson (M),POLITICIAN,Politician with no multi-party collaboration,Behavior,CRITICAL,NoMultiPartyCollaboration,PoliticianIsolatedBehavior
1181063,2026-08-29 00:00:00,0880018341619,Thomas Morell (SD),POLITICIAN,Politician with no multi-party collaboration,Behavior,CRITICAL,NoMultiPartyCollaboration,PoliticianIsolatedBehavior
1181201,2026-08-29 00:00:00,0475778011711,Hans Ekström (S),POLITICIAN,"We have an politician older than 65, retirement age in Sweden",Attribute,MINOR,LongTimer,PoliticianTimeToRetire
1181813,2026-08-29 00:00:00,0452755722723,Björn Söder (SD),POLITICIAN,Politician with no multi-party collaboration,Behavior,CRITICAL,NoMultiPartyCollaboration,PoliticianIsolatedBehavior
1180339,2026-08-29 00:00:00,V,V,PARTY,Party with consistently high absenteeism - 16% or more annually,Behavior,CRITICAL,ChronicAbsenteeism,PartyHighAbsenteeism
1182199,2026-08-29 00:00:00,0828001951212,Ingemar Kihlström (KD),POLITICIAN,Politician with high committee substitute ratio,CommitteeExperience,MINOR,Primarily Serving as Committee Substitute,PoliticianInfluence
1181973,2026-08-29 00:00:00,0250583732424,Jesper Skalberg Karlsson (M),POLITICIAN,Politician with more than 600 days served as committee substitute,Experience,CRITICAL,Extremely Experienced Committee Substitute,PoliticianExperience
1181464,2026-08-29 00:00:00,0930305890123,Sara-Lena Bjälkö (-),POLITICIAN,We have an politician that left the party still holding assignments,Behavior,CRITICAL,PartyIndependent,PoliticianLeftPartyStillHoldingPositions
1181399,2026-08-29 00:00:00,0973782197017,Mikael Oscarsson (KD),POLITICIAN,Politician with high committee substitute ratio,CommitteeExperience,MINOR,Primarily Serving as Committee Substitute,PoliticianInfluence
1181074,2026-08-29 00:00:00,0412502344925,Ida Ekeroth Clausson (S),POLITICIAN,Politician with more than 1500 days served in committees,Experience,CRITICAL,Extremely Experienced in Committees,PoliticianExperience
1180334,2026-08-29 00:00:00,0144048894712,Ellen Juntti (M),POLITICIAN,Politician with high committee substitute ratio,CommitteeExperience,MINOR,Primarily Serving as Committee Substitute,PoliticianInfluence
1181218,2026-08-29 00:00:00,0122987223112,Lotta Johnsson Fornarve (V),POLITICIAN,"We have an politician with busy schedule, more than 6 current roles and busy past",Behavior,CRITICAL,Influential,PoliticianBusySchedule
1180834,2026-08-29 00:00:00,0831636664429,Mattias Karlsson (SD),POLITICIAN,Politician with no multi-party collaboration,Behavior,CRITICAL,NoMultiPartyCollaboration,PoliticianIsolatedBehavior
1181204,2026-08-29 00:00:00,0475778011711,Hans Ekström (S),POLITICIAN,Politician with high committee substitute ratio,CommitteeExperience,MINOR,Primarily Serving as Committee Substitute,PoliticianInfluence
1180821,2026-08-29 00:00:00,0126797549328,Johan Forssell (M),POLITICIAN,Politician with current ministry assignments,Ministry,MINOR,Current Ministry Assignments,PoliticianAdditionalAttributes
1180212,2026-08-29 00:00:00,0926477102420,Cecilia Rönn (L),POLITICIAN,"We have a lazy politician, absent 12-17% of ballots last year",Behavior,MINOR,ModerateAbsenteeism,PoliticianLazy
1181916,2026-08-29 00:00:00,0222102752213,Stefan Olsson (M),POLITICIAN,Politician with declining effectiveness - monthly win rate much lower than annual,Behavior,MAJOR,DecreasingEffectiveness,PoliticianDecliningEngagement
1182305,2026-08-29 00:00:00,0653904370212,Fredrik Olovsson (S),POLITICIAN,Politician with high committee substitute ratio,CommitteeExperience,MINOR,Primarily Serving as Committee Substitute,PoliticianInfluence
1180786,2026-08-29 00:00:00,0667220767927,Erik Ezelius (S),POLITICIAN,Politician with more than 5 current assignments,Assignments,MAJOR,More than 5 Current Assignments,PoliticianBalancedRules
1182271,2026-08-29 00:00:00,0663851410627,Beatrice Timgren (SD),POLITICIAN,Politician with no multi-party collaboration,Behavior,CRITICAL,NoMultiPartyCollaboration,PoliticianIsolatedBehavior
1181614,2026-08-29 00:00:00,0947572086414,Anne-Li Sjölund (C),POLITICIAN,Politician with no multi-party collaboration,Behavior,CRITICAL,NoMultiPartyCollaboration,PoliticianIsolatedBehavior
1181786,2026-08-29 00:00:00,0642224351118,Pål Jonson (M),POLITICIAN,We have an politician part of government,Behavior,MAJOR,Influential,PoliticianPartyLeader
1180595,2026-08-29 00:00:00,098412828516,Magdalena Andersson (S),POLITICIAN,Politician with current party assignments,Party,MINOR,Current Party Assignments,PoliticianAdditionalAttributes
1180419,2026-08-29 00:00:00,0604811710522,Ida Drougge (M),POLITICIAN,Politician with multiple current assignments,Assignments,MINOR,Multiple Current Assignments,PoliticianBalancedRules
1182170,2026-08-29 00:00:00,0381853591928,Malte Tängmark Roos (MP),POLITICIAN,Politician with high abstention rate - over 9% annually,Behavior,MINOR,HighAbstentionRate,PoliticianLowVotingParticipation
1182137,2026-08-29 00:00:00,037781229619,Staffan Eklöf (SD),POLITICIAN,Politician with no multi-party collaboration,Behavior,CRITICAL,NoMultiPartyCollaboration,PoliticianIsolatedBehavior
1180166,2026-08-29 00:00:00,0546731406922,Rebecka Le Moine (MP),POLITICIAN,Politician with more than 600 days served as committee substitute,Experience,CRITICAL,Extremely Experienced Committee Substitute,PoliticianExperience
1181659,2026-08-29 00:00:00,055257333723,Oscar Sjöstedt (SD),POLITICIAN,Politician with more than 600 days served as committee substitute,Experience,CRITICAL,Extremely Experienced Committee Substitute,PoliticianExperience
1181291,2026-08-29 00:00:00,0148424181819,Ann-Christine Frohm (SD),POLITICIAN,Politician with no multi-party collaboration,Behavior,CRITICAL,NoMultiPartyCollaboration,PoliticianIsolatedBehavior
1182317,2026-08-29 00:00:00,0127744006318,Cecilia Gustafsson (M),POLITICIAN,Politician with high committee substitute ratio,CommitteeExperience,MINOR,Primarily Serving as Committee Substitute,PoliticianInfluence
1180509,2026-08-29 00:00:00,0837394708917,Anders Ådahl (C),POLITICIAN,Politician with more than 600 days served as committee substitute,Experience,CRITICAL,Extremely Experienced Committee Substitute,PoliticianExperience
1180251,2026-08-29 00:00:00,0589561178823,Peter Hedberg (S),POLITICIAN,Politician with no multi-party collaboration,Behavior,CRITICAL,NoMultiPartyCollaboration,PoliticianIsolatedBehavior
1181002,2026-08-29 00:00:00,0281670919717,Jörgen Grubb (SD),POLITICIAN,Politician with no multi-party collaboration,Behavior,CRITICAL,NoMultiPartyCollaboration,PoliticianIsolatedBehavior
1182270,2026-08-29 00:00:00,0770363683317,Malin Björk (C),POLITICIAN,Politician with more than 600 days served as committee substitute,Experience,CRITICAL,Extremely Experienced Committee Substitute,PoliticianExperience
1181065,2026-08-29 00:00:00,0880018341619,Thomas Morell (SD),POLITICIAN,Politician with high committee substitute ratio,CommitteeExperience,MINOR,Primarily Serving as Committee Substitute,PoliticianInfluence
1180442,2026-08-29 00:00:00,0899169869710,Helena Gellerman (L),POLITICIAN,Politician with critical abstention pattern - excessive abstention rate,Behavior,CRITICAL,ExcessiveAbstention,PoliticianAbstentionPattern
1181867,2026-08-29 00:00:00,0721509806321,Nooshi Dadgostar (V),POLITICIAN,Politician rarely wins votes - below 30% win rate annually,Behavior,MINOR,LowWinRate,PoliticianIneffectiveVoting
1181042,2026-08-29 00:00:00,0760500234712,Monica Haider (S),POLITICIAN,Politician with more than 600 days served as committee substitute,Experience,CRITICAL,Extremely Experienced Committee Substitute,PoliticianExperience
1181269,2026-08-29 00:00:00,0138741628520,Angelika Bengtsson (SD),POLITICIAN,Politician with no multi-party collaboration,Behavior,CRITICAL,NoMultiPartyCollaboration,PoliticianIsolatedBehavior
1182402,2026-08-29 00:00:00,091303475611,Eric Palmqvist (SD),POLITICIAN,Politician with multiple current assignments,Assignments,MINOR,Multiple Current Assignments,PoliticianBalancedRules
1181288,2026-08-29 00:00:00,0982795248728,Jakob Forssmed (KD),POLITICIAN,Politician with more than 600 days served as committee substitute,Experience,CRITICAL,Extremely Experienced Committee Substitute,PoliticianExperience
1182223,2026-08-29 00:00:00,0603366539729,Malin Danielsson (L),POLITICIAN,Politician with more than 6 current assignments,Assignments,CRITICAL,More than 6 Current Assignments,PoliticianBalancedRules
1180567,2026-08-29 00:00:00,0706528359123,Linus Sköld (S),POLITICIAN,Politician with high committee substitute ratio,CommitteeExperience,MINOR,Primarily Serving as Committee Substitute,PoliticianInfluence
1180173,2026-08-29 00:00:00,098329342620,Jennie Wernäng (M),POLITICIAN,Politician with declining engagement - monthly absence worse than annual,Behavior,MAJOR,WorseningAbsenteeism,PoliticianDecliningEngagement
1181142,2026-08-29 00:00:00,0641953830512,Magnus Persson (SD),POLITICIAN,Politician with more than 900 days served in committee leadership,Experience,CRITICAL,Extremely Experienced Committee Leader,PoliticianExperience
1181456,2026-08-29 00:00:00,0473783431010,Morgan Johansson (S),POLITICIAN,Politician with more than 900 days served in committee leadership,Experience,CRITICAL,Extremely Experienced Committee Leader,PoliticianExperience
1181747,2026-08-29 00:00:00,0496341906327,Alexandra Völker (S),POLITICIAN,Politician with declining engagement - monthly absence worse than annual,Behavior,MAJOR,WorseningAbsenteeism,PoliticianDecliningEngagement
1180687,2026-08-29 00:00:00,0591020192311,Ulf Lindholm (SD),POLITICIAN,Politician with more than 600 days served as committee substitute,Experience,CRITICAL,Extremely Experienced Committee Substitute,PoliticianExperience
1180764,2026-08-29 00:00:00,0764949934324,Ulrika Heindorff (M),POLITICIAN,Politician with more than 600 days served as committee substitute,Experience,CRITICAL,Extremely Experienced Committee Substitute,PoliticianExperience
1182360,2026-08-29 00:00:00,023001325318,Lotta Edholm (L),POLITICIAN,Politician with current ministry assignments,Ministry,MINOR,Current Ministry Assignments,PoliticianAdditionalAttributes
1181794,2026-08-29 00:00:00,0494843794418,Martin Ådahl (C),POLITICIAN,Politician with high abstention rate - over 9% annually,Behavior,MINOR,HighAbstentionRate,PoliticianLowVotingParticipation
1180894,2026-08-29 00:00:00,0584183916016,Ulf Holm (MP),POLITICIAN,Politician served as a speaker for more than 1000 days,Experience,MINOR,Experienced Speaker,PoliticianSpeaker
1180781,2026-08-29 00:00:00,0961483563503,Gudrun Nordborg (V),POLITICIAN,Politician with combined high risk - low effectiveness and high absence,Behavior,CRITICAL,HighRiskLowEffectivenessHighAbsence,PoliticianCombinedRisk
1181235,2026-08-29 00:00:00,0389220391128,Christian Carlsson (KD),POLITICIAN,Politician with more than 900 days served in committee leadership,Experience,CRITICAL,Extremely Experienced Committee Leader,PoliticianExperience
1180312,2026-08-29 00:00:00,0926002991620,Pontus Andersson Garpvall (SD),POLITICIAN,"We have a lazy politician, absent at least 18 % of ballots last month",Behavior,MAJOR,NA,PoliticianLazy
1180630,2026-08-29 00:00:00,07012286624,Daniel Riazat (-),POLITICIAN,Politician with critical abstention pattern - excessive abstention rate,Behavior,CRITICAL,ExcessiveAbstention,PoliticianAbstentionPattern
1181005,2026-08-29 00:00:00,010643534813,Eric Westroth (SD),POLITICIAN,Politician currently active in committee leadership,Role,MINOR,Active Committee Leader,PoliticianLeadershipRole
1180494,2026-08-29 00:00:00,0766496753128,Fredrik Malm (L),POLITICIAN,Politician with more than 900 days served in committee leadership,Experience,CRITICAL,Extremely Experienced Committee Leader,PoliticianExperience
1182000,2026-08-29 00:00:00,0888807074321,Amanda Lind (MP),POLITICIAN,Politician with current party assignments,Party,MINOR,Current Party Assignments,PoliticianAdditionalAttributes
1180182,2026-08-29 00:00:00,0665485817222,Daniel Bäckström (C),POLITICIAN,Politician with extremely low collaboration - below 1%,Behavior,MINOR,ExtremelyLowCollaboration,PoliticianIsolatedBehavior
1181737,2026-08-29 00:00:00,0890152141226,Nadja Awad (V),POLITICIAN,Politician with high abstention pattern - very high abstention rate,Behavior,MAJOR,HighAbstention,PoliticianAbstentionPattern
1181755,2026-08-29 00:00:00,0836001490919,Ulrika Heie (C),POLITICIAN,Politician with more than 900 days served in committee leadership,Experience,CRITICAL,Extremely Experienced Committee Leader,PoliticianExperience
1181403,2026-08-29 00:00:00,0985943148917,Victoria Tiblom (SD),POLITICIAN,"We have an politician with busy schedule, more than 5 current roles and busy past",Behavior,MAJOR,Influential,PoliticianBusySchedule
1180375,2026-08-29 00:00:00,0911916463828,Fredrik Lundh Sammeli (S),POLITICIAN,Politician rarely wins votes - below 10% win rate annually,Behavior,CRITICAL,CriticallyLowWinRate,PoliticianIneffectiveVoting
1182391,2026-08-29 00:00:00,0121015874810,Torsten Elofsson (KD),POLITICIAN,Politician with no multi-party collaboration,Behavior,CRITICAL,NoMultiPartyCollaboration,PoliticianIsolatedBehavior
1181662,2026-08-29 00:00:00,0492644357418,Per Söderlund (SD),POLITICIAN,Politician with no multi-party collaboration,Behavior,CRITICAL,NoMultiPartyCollaboration,PoliticianIsolatedBehavior
1180711,2026-08-29 00:00:00,0333193598116,Bo Broman (SD),POLITICIAN,Politician with no multi-party collaboration,Behavior,CRITICAL,NoMultiPartyCollaboration,PoliticianIsolatedBehavior
1181429,2026-08-29 00:00:00,0198917587520,Maj Karlsson (V),POLITICIAN,Politician with combined absence and abstention risk,Behavior,MAJOR,HighAbsenceAndAbstention,PoliticianCombinedRisk
1181887,2026-08-29 00:00:00,0970709885516,Inga-Lill Sjöblom (S),POLITICIAN,Politician with high committee substitute ratio,CommitteeExperience,MINOR,Primarily Serving as Committee Substitute,PoliticianInfluence
1181875,2026-08-29 00:00:00,0624040854527,Emma Berginger (MP),POLITICIAN,Politician with high committee substitute ratio,CommitteeExperience,MINOR,Primarily Serving as Committee Substitute,PoliticianInfluence
1181607,2026-08-29 00:00:00,0499755198526,Mattias Jonsson (S),POLITICIAN,Politician with extremely low collaboration - below 1%,Behavior,MINOR,ExtremelyLowCollaboration,PoliticianIsolatedBehavior
1182398,2026-08-29 00:00:00,0977592683711,Magnus Jacobsson (KD),POLITICIAN,Politician with extremely low collaboration - below 1%,Behavior,MINOR,ExtremelyLowCollaboration,PoliticianIsolatedBehavior
1181238,2026-08-29 00:00:00,0615175917521,Kent Kumpula (SD),POLITICIAN,"We have a lazy politician, absent 12-17% of ballots last year",Behavior,MINOR,ModerateAbsenteeism,PoliticianLazy
1180446,2026-08-29 00:00:00,0899169869710,Helena Gellerman (L),POLITICIAN,We have an politician with leading role in the party,Behavior,MINOR,Influential,PoliticianPartyLeader
1180867,2026-08-29 00:00:00,0406831930624,Henrik Vinge (SD),POLITICIAN,"We have an politician with busy schedule, more than 4 current roles and busy past",Behavior,MINOR,Influential,PoliticianBusySchedule
1180735,2026-08-29 00:00:00,0397205342021,Johan Britz (L),POLITICIAN,We have an politician minister that has no experience from parliament,Experience,MINOR,OtherExperience,PoliticianMinisterWithoutParliamentExperience
1181433,2026-08-29 00:00:00,0302393368216,Camilla Rinaldo Miller (KD),POLITICIAN,Politician with more than 6 current assignments,Assignments,CRITICAL,More than 6 Current Assignments,PoliticianBalancedRules
1180657,2026-08-29 00:00:00,0911067396229,Mattias Vepsä (S),POLITICIAN,Politician with no multi-party collaboration,Behavior,CRITICAL,NoMultiPartyCollaboration,PoliticianIsolatedBehavior
1181587,2026-08-29 00:00:00,0111479807829,Anna Wallentheim (S),POLITICIAN,Politician with high committee substitute ratio,CommitteeExperience,MINOR,Primarily Serving as Committee Substitute,PoliticianInfluence
1181448,2026-08-29 00:00:00,0879782396219,Olle Thorell (S),POLITICIAN,"We have a lazy politician, absent at least 18 % of ballots last month",Behavior,MAJOR,NA,PoliticianLazy
1180878,2026-08-29 00:00:00,0220064764318,Camilla Brunsberg (M),POLITICIAN,Politician with high committee substitute ratio,CommitteeExperience,MINOR,Primarily Serving as Committee Substitute,PoliticianInfluence
1181814,2026-08-29 00:00:00,0452755722723,Björn Söder (SD),POLITICIAN,Politician with high committee substitute ratio,CommitteeExperience,MINOR,Primarily Serving as Committee Substitute,PoliticianInfluence
1181591,2026-08-29 00:00:00,0845133742919,Lili André (KD),POLITICIAN,Politician with high committee substitute ratio,CommitteeExperience,MINOR,Primarily Serving as Committee Substitute,PoliticianInfluence
1182330,2026-08-29 00:00:00,0554852839719,Mikael Dahlqvist (S),POLITICIAN,Politician with no multi-party collaboration,Behavior,CRITICAL,NoMultiPartyCollaboration,PoliticianIsolatedBehavior
1182346,2026-08-29 00:00:00,0474290584024,Azadeh Rojhan (S),POLITICIAN,Politician with high abstention pattern - very high abstention rate,Behavior,MAJOR,HighAbstention,PoliticianAbstentionPattern
1181247,2026-08-29 00:00:00,0776705932527,Ciczie Weidby (V),POLITICIAN,Politician with high committee substitute ratio,CommitteeExperience,MINOR,Primarily Serving as Committee Substitute,PoliticianInfluence
1180192,2026-08-29 00:00:00,0576122429317,Martin Melin (L),POLITICIAN,"We have an politician with busy schedule, more than 5 current roles and busy past",Behavior,MAJOR,Influential,PoliticianBusySchedule
1182294,2026-08-29 00:00:00,0904448094023,Linus Lakso (MP),POLITICIAN,Politician with no multi-party collaboration,Behavior,CRITICAL,NoMultiPartyCollaboration,PoliticianIsolatedBehavior
1182290,2026-08-29 00:00:00,0904448094023,Linus Lakso (MP),POLITICIAN,Politician with high abstention rate - over 9% annually,Behavior,MINOR,HighAbstentionRate,PoliticianLowVotingParticipation
1181865,2026-08-29 00:00:00,0721509806321,Nooshi Dadgostar (V),POLITICIAN,Politician with current party assignments,Party,MINOR,Current Party Assignments,PoliticianAdditionalAttributes
1182047,2026-08-29 00:00:00,0130789484021,Mattias Bäckström Johansson (SD),POLITICIAN,Politician with combined absence and abstention risk,Behavior,MAJOR,HighAbsenceAndAbstention,PoliticianCombinedRisk
1181578,2026-08-29 00:00:00,0204240926023,Markus Wiechel (SD),POLITICIAN,Politician with high committee substitute ratio,CommitteeExperience,MINOR,Primarily Serving as Committee Substitute,PoliticianInfluence
1181654,2026-08-29 00:00:00,0362779191527,Erik Hellsborn (SD),POLITICIAN,Politician with more than 600 days served as committee substitute,Experience,CRITICAL,Extremely Experienced Committee Substitute,PoliticianExperience
1182298,2026-08-29 00:00:00,014744660015,Mikael Damberg (S),POLITICIAN,Politician with extreme combined risk - very high absence and very low win rate,Behavior,CRITICAL,ExtremeLowParticipationAndEffectiveness,PoliticianLowVotingParticipation
1181883,2026-08-29 00:00:00,0537400268911,Caroline Helmersson Olsson (S),POLITICIAN,We have an politician with leading role in the party,Behavior,MINOR,Influential,PoliticianPartyLeader
1180599,2026-08-29 00:00:00,098412828516,Magdalena Andersson (S),POLITICIAN,Politician with combined high risk - low effectiveness and high absence,Behavior,CRITICAL,HighRiskLowEffectivenessHighAbsence,PoliticianCombinedRisk
1182138,2026-08-29 00:00:00,037781229619,Staffan Eklöf (SD),POLITICIAN,Politician with high committee substitute ratio,CommitteeExperience,MINOR,Primarily Serving as Committee Substitute,PoliticianInfluence
1180812,2026-08-29 00:00:00,0418929039326,Patrik Lundqvist (S),POLITICIAN,Politician showing avoidance pattern - high combined absence and abstention,Behavior,CRITICAL,AvoidancePattern,PoliticianLowEngagement
1181584,2026-08-29 00:00:00,0111479807829,Anna Wallentheim (S),POLITICIAN,"We have a lazy politician, absent 17-25% of ballots last year",Behavior,MAJOR,ConcerningAbsenteeism,PoliticianLazy
1180869,2026-08-29 00:00:00,0406831930624,Henrik Vinge (SD),POLITICIAN,Politician with no documents last year,Behavior,MAJOR,NoProductivity,PoliticianLowDocumentActivity
1181722,2026-08-29 00:00:00,0210444373111,Katarina Luhr (MP),POLITICIAN,"We have an politician with busy schedule, more than 5 current roles and busy past",Behavior,MAJOR,Influential,PoliticianBusySchedule
1180266,2026-08-29 00:00:00,0877778793323,Johan Büser (S),POLITICIAN,"We have an politician with busy schedule, more than 4 current roles and busy past",Behavior,MINOR,Influential,PoliticianBusySchedule
1181897,2026-08-29 00:00:00,0922497728524,Ardalan Shekarabi (S),POLITICIAN,Politician currently active in committee leadership,Role,MINOR,Active Committee Leader,PoliticianLeadershipRole
1181279,2026-08-29 00:00:00,0168348837024,Peter Kullgren (KD),POLITICIAN,Politician with current ministry assignments,Ministry,MINOR,Current Ministry Assignments,PoliticianAdditionalAttributes
1181266,2026-08-29 00:00:00,0376353897112,Leif Nysmed (S),POLITICIAN,Politician with more than 600 days served as committee substitute,Experience,CRITICAL,Extremely Experienced Committee Substitute,PoliticianExperience
1182121,2026-08-29 00:00:00,0199751900210,Annelie Karlsson (S),POLITICIAN,Politician with high committee substitute ratio,CommitteeExperience,MINOR,Primarily Serving as Committee Substitute,PoliticianInfluence
1180850,2026-08-29 00:00:00,0648224557612,Åsa Karlsson (S),POLITICIAN,Politician with more than 600 days served as committee substitute,Experience,CRITICAL,Extremely Experienced Committee Substitute,PoliticianExperience
1181923,2026-08-29 00:00:00,0600069352021,Fredrik Kärrholm (M),POLITICIAN,Politician with more than 600 days served as committee substitute,Experience,CRITICAL,Extremely Experienced Committee Substitute,PoliticianExperience
1182350,2026-08-29 00:00:00,0474290584024,Azadeh Rojhan (S),POLITICIAN,Politician with high committee substitute ratio,CommitteeExperience,MINOR,Primarily Serving as Committee Substitute,PoliticianInfluence
1180350,2026-08-29 00:00:00,0472349361027,Kalle Olsson (S),POLITICIAN,Politician with high committee substitute ratio,CommitteeExperience,MINOR,Primarily Serving as Committee Substitute,PoliticianInfluence
1182071,2026-08-29 00:00:00,0973350087929,Patrik Karlson (L),POLITICIAN,Politician with high committee substitute ratio,CommitteeExperience,MINOR,Primarily Serving as Committee Substitute,PoliticianInfluence
1180863,2026-08-29 00:00:00,086684470825,Tobias Andersson (SD),POLITICIAN,Politician with high committee substitute ratio,CommitteeExperience,MINOR,Primarily Serving as Committee Substitute,PoliticianInfluence
1181263,2026-08-29 00:00:00,0376353897112,Leif Nysmed (S),POLITICIAN,"We have a lazy politician, absent 25-55% of ballots last year",Behavior,CRITICAL,HighAbsenteeism,PoliticianLazy
1182112,2026-08-29 00:00:00,0411459873625,Hanna Gunnarsson (V),POLITICIAN,Politician with no multi-party collaboration,Behavior,CRITICAL,NoMultiPartyCollaboration,PoliticianIsolatedBehavior
1181307,2026-08-29 00:00:00,0802091197024,Andrea Andersson Tay (V),POLITICIAN,We have an politician with leading role in the party,Behavior,MINOR,Influential,PoliticianPartyLeader
1182014,2026-08-29 00:00:00,0304498908019,Gudrun Brunegård (KD),POLITICIAN,Politician showing disengagement pattern - high recent absence and abstention,Behavior,CRITICAL,DisengagementPattern,PoliticianDecliningEngagement
1181317,2026-08-29 00:00:00,0999976269027,Amanda Palmstierna (MP),POLITICIAN,Politician with high committee substitute ratio,CommitteeExperience,MINOR,Primarily Serving as Committee Substitute,PoliticianInfluence
1181655,2026-08-29 00:00:00,055257333723,Oscar Sjöstedt (SD),POLITICIAN,Politician with strategic abstention - high abstention but high presence,Behavior,MAJOR,StrategicAbstentionPresent,PoliticianAbstentionPattern
1180888,2026-08-29 00:00:00,0635943298419,Dan Hovskär (KD),POLITICIAN,Politician showing avoidance pattern - high combined absence and abstention,Behavior,CRITICAL,AvoidancePattern,PoliticianLowEngagement
1182106,2026-08-29 00:00:00,0992420223820,Jessica Rosencrantz (M),POLITICIAN,Politician with more than 900 days served in committee leadership,Experience,CRITICAL,Extremely Experienced Committee Leader,PoliticianExperience
1181596,2026-08-29 00:00:00,0985426914829,Anna Lasses (C),POLITICIAN,Politician with high committee substitute ratio,CommitteeExperience,MINOR,Primarily Serving as Committee Substitute,PoliticianInfluence
1180444,2026-08-29 00:00:00,0899169869710,Helena Gellerman (L),POLITICIAN,Politician with no multi-party collaboration,Behavior,CRITICAL,NoMultiPartyCollaboration,PoliticianIsolatedBehavior
1181068,2026-08-29 00:00:00,025967059622,Magnus Manhammar (S),POLITICIAN,Politician with high abstention pattern - very high abstention rate,Behavior,MAJOR,HighAbstention,PoliticianAbstentionPattern
1181788,2026-08-29 00:00:00,0940980416614,Jan Ericson (M),POLITICIAN,Politician with more than 5 current assignments,Assignments,MAJOR,More than 5 Current Assignments,PoliticianBalancedRules
1180959,2026-08-29 00:00:00,0161616238120,Lina Nordquist (L),POLITICIAN,Politician with no multi-party collaboration,Behavior,CRITICAL,NoMultiPartyCollaboration,PoliticianIsolatedBehavior
1181730,2026-08-29 00:00:00,0482689573825,Björn Wiechel (S),POLITICIAN,Politician with high abstention rate - over 9% annually,Behavior,MINOR,HighAbstentionRate,PoliticianLowVotingParticipation
1181059,2026-08-29 00:00:00,025158809026,Ida Gabrielsson (V),POLITICIAN,Politician with high committee substitute ratio,CommitteeExperience,MINOR,Primarily Serving as Committee Substitute,PoliticianInfluence
1181937,2026-08-29 00:00:00,0966063008623,Leonid Yurkovskiy (SD),POLITICIAN,"We have a lazy politician, absent 17-25% of ballots last year",Behavior,MAJOR,ConcerningAbsenteeism,PoliticianLazy
1180629,2026-08-29 00:00:00,07012286624,Daniel Riazat (-),POLITICIAN,We have an politician that left the party still holding assignments,Behavior,CRITICAL,PartyIndependent,PoliticianLeftPartyStillHoldingPositions
1180208,2026-08-29 00:00:00,0512645510895,Jonathan Svensson (S),POLITICIAN,Politician with high committee substitute ratio,CommitteeExperience,MINOR,Primarily Serving as Committee Substitute,PoliticianInfluence
1180778,2026-08-29 00:00:00,0961483563503,Gudrun Nordborg (V),POLITICIAN,"We have an politician older than 70, passed retirement age in Sweden",Attribute,MAJOR,LongTimer,PoliticianTimeToRetire
1181347,2026-08-29 00:00:00,0427321850912,Lars Mejern Larsson (S),POLITICIAN,Politician with high committee substitute ratio,CommitteeExperience,MINOR,Primarily Serving as Committee Substitute,PoliticianInfluence
1182315,2026-08-29 00:00:00,0457722435319,Tomas Kronståhl (S),POLITICIAN,Politician with more than 600 days served as committee substitute,Experience,CRITICAL,Extremely Experienced Committee Substitute,PoliticianExperience
1182316,2026-08-29 00:00:00,0127744006318,Cecilia Gustafsson (M),POLITICIAN,"We have a lazy politician, absent 12-17% of ballots last year",Behavior,MINOR,ModerateAbsenteeism,PoliticianLazy
1181496,2026-08-29 00:00:00,0875693083423,Romina Pourmokhtari (L),POLITICIAN,Politician with current ministry assignments,Ministry,MINOR,Current Ministry Assignments,PoliticianAdditionalAttributes
1180300,2026-08-29 00:00:00,0262411569110,Helene Odenjung (L),POLITICIAN,Politician with no multi-party collaboration,Behavior,CRITICAL,NoMultiPartyCollaboration,PoliticianIsolatedBehavior
1180316,2026-08-29 00:00:00,C,C,PARTY,"We have a lazy party, absent more than 15 % of ballots last year",Behavior,CRITICAL,NA,PartyLazy
1180171,2026-08-29 00:00:00,098329342620,Jennie Wernäng (M),POLITICIAN,Politician showing avoidance pattern - high combined absence and abstention,Behavior,CRITICAL,AvoidancePattern,PoliticianLowEngagement
1181100,2026-08-29 00:00:00,0585684563812,Andreas Norlén (M),POLITICIAN,Politician served as a speaker for more than 2000 days,Experience,MAJOR,Highly Experienced Speaker,PoliticianSpeaker
1180327,2026-08-29 00:00:00,L,L,PARTY,Party with low document productivity - below 18 docs per member last year,Behavior,MINOR,LowDocumentProductivity,PartyLowEffectiveness
1180625,2026-08-29 00:00:00,0853395328224,Lena Hallengren (S),POLITICIAN,We have an politician with leading role in the party,Behavior,MINOR,Influential,PoliticianPartyLeader
1180943,2026-08-29 00:00:00,0360160202728,Emma Ahlström Köster (M),POLITICIAN,Politician with high committee substitute ratio,CommitteeExperience,MINOR,Primarily Serving as Committee Substitute,PoliticianInfluence
1180546,2026-08-29 00:00:00,0920901966627,Tony Haddou (V),POLITICIAN,Politician with high committee substitute ratio,CommitteeExperience,MINOR,Primarily Serving as Committee Substitute,PoliticianInfluence
1182273,2026-08-29 00:00:00,0222691314314,Ulf Kristersson (M),POLITICIAN,Politician with current party assignments,Party,MINOR,Current Party Assignments,PoliticianAdditionalAttributes
1180455,2026-08-29 00:00:00,0155487380917,Kerstin Lundgren (C),POLITICIAN,Politician with high abstention rate - over 9% annually,Behavior,MINOR,HighAbstentionRate,PoliticianLowVotingParticipation
1182413,2026-08-29 00:00:00,0630820052511,Per-Arne Håkansson (S),POLITICIAN,Politician with high committee substitute ratio,CommitteeExperience,MINOR,Primarily Serving as Committee Substitute,PoliticianInfluence
1180960,2026-08-29 00:00:00,0161616238120,Lina Nordquist (L),POLITICIAN,Politician with high committee substitute ratio,CommitteeExperience,MINOR,Primarily Serving as Committee Substitute,PoliticianInfluence
1180600,2026-08-29 00:00:00,098412828516,Magdalena Andersson (S),POLITICIAN,Politician with very low document activity last year,Behavior,MINOR,LowProductivity,PoliticianLowDocumentActivity
1181099,2026-08-29 00:00:00,0360187680814,Mats Hellhoff (SD),POLITICIAN,Politician with more than 600 days served as committee substitute,Experience,CRITICAL,Extremely Experienced Committee Substitute,PoliticianExperience
1181619,2026-08-29 00:00:00,0926214745119,Heléne Björklund (S),POLITICIAN,Politician with no multi-party collaboration,Behavior,CRITICAL,NoMultiPartyCollaboration,PoliticianIsolatedBehavior
1182263,2026-08-29 00:00:00,0606863154419,Mats Berglund (MP),POLITICIAN,Politician with high committee substitute ratio,CommitteeExperience,MINOR,Primarily Serving as Committee Substitute,PoliticianInfluence
1180592,2026-08-29 00:00:00,098412828516,Magdalena Andersson (S),POLITICIAN,Politician with multiple current assignments,Assignments,MINOR,Multiple Current Assignments,PoliticianBalancedRules
1181244,2026-08-29 00:00:00,0776705932527,Ciczie Weidby (V),POLITICIAN,Politician with high abstention rate - over 9% annually,Behavior,MINOR,HighAbstentionRate,PoliticianLowVotingParticipation
1180963,2026-08-29 00:00:00,0727772954327,Ludvig Ceimertz (M),POLITICIAN,Politician with multiple current assignments,Assignments,MINOR,Multiple Current Assignments,PoliticianBalancedRules
1181198,2026-08-29 00:00:00,0475778011711,Hans Ekström (S),POLITICIAN,Politician with multiple current assignments,Assignments,MINOR,Multiple Current Assignments,PoliticianBalancedRules
1180217,2026-08-29 00:00:00,0121939297619,Jamal El-Haj (-),POLITICIAN,We have an politician that left the party still holding assignments,Behavior,CRITICAL,PartyIndependent,PoliticianLeftPartyStillHoldingPositions
1181979,2026-08-29 00:00:00,0604604418610,Jacob Risberg (MP),POLITICIAN,"We have an politician with busy schedule, more than 5 current roles and busy past",Behavior,MAJOR,Influential,PoliticianBusySchedule
1181600,2026-08-29 00:00:00,0861447317415,Thomas Finnborg (M),POLITICIAN,"We have an politician older than 70, passed retirement age in Sweden",Attribute,MAJOR,LongTimer,PoliticianTimeToRetire
1181637,2026-08-29 00:00:00,0542160909628,Andreas Carlson (KD),POLITICIAN,Politician with more than 900 days served in committee leadership,Experience,CRITICAL,Extremely Experienced Committee Leader,PoliticianExperience
1182069,2026-08-29 00:00:00,0973350087929,Patrik Karlson (L),POLITICIAN,Politician with multiple current assignments,Assignments,MINOR,Multiple Current Assignments,PoliticianBalancedRules
1181421,2026-08-29 00:00:00,0575283695521,Helena Storckenfeldt (M),POLITICIAN,Politician with more than 600 days served as committee substitute,Experience,CRITICAL,Extremely Experienced Committee Substitute,PoliticianExperience
1182185,2026-08-29 00:00:00,0616721755222,Louise Meijer (M),POLITICIAN,Politician with more than 5 current assignments,Assignments,MAJOR,More than 5 Current Assignments,PoliticianBalancedRules
1181170,2026-08-29 00:00:00,0832311880029,Erik Ottoson (M),POLITICIAN,Politician with more than 5 current assignments,Assignments,MAJOR,More than 5 Current Assignments,PoliticianBalancedRules
1181162,2026-08-29 00:00:00,0964730940415,Johan Andersson (S),POLITICIAN,Politician with high committee substitute ratio,CommitteeExperience,MINOR,Primarily Serving as Committee Substitute,PoliticianInfluence
1181658,2026-08-29 00:00:00,055257333723,Oscar Sjöstedt (SD),POLITICIAN,Politician with high committee substitute ratio,CommitteeExperience,MINOR,Primarily Serving as Committee Substitute,PoliticianInfluence
1182161,2026-08-29 00:00:00,0183544538819,Patrik Jönsson (SD),POLITICIAN,Politician with very low document activity last year,Behavior,MINOR,LowProductivity,PoliticianLowDocumentActivity
1180210,2026-08-29 00:00:00,0926477102420,Cecilia Rönn (L),POLITICIAN,Politician with multiple current assignments,Assignments,MINOR,Multiple Current Assignments,PoliticianBalancedRules
1180949,2026-08-29 00:00:00,0344222203323,Dennis Dioukarev (SD),POLITICIAN,Politician with more than 600 days served as committee substitute,Experience,CRITICAL,Extremely Experienced Committee Substitute,PoliticianExperience
1181577,2026-08-29 00:00:00,0204240926023,Markus Wiechel (SD),POLITICIAN,Politician with no multi-party collaboration,Behavior,CRITICAL,NoMultiPartyCollaboration,PoliticianIsolatedBehavior
1181177,2026-08-29 00:00:00,0211757295524,Josef Fransson (SD),POLITICIAN,Politician with no multi-party collaboration,Behavior,CRITICAL,NoMultiPartyCollaboration,PoliticianIsolatedBehavior
1181152,2026-08-29 00:00:00,0905254899611,Louise Thunström (S),POLITICIAN,Politician with multiple current assignments,Assignments,MINOR,Multiple Current Assignments,PoliticianBalancedRules
1181890,2026-08-29 00:00:00,0442073683012,Zara Leghissa (S),POLITICIAN,Politician with no multi-party collaboration,Behavior,CRITICAL,NoMultiPartyCollaboration,PoliticianIsolatedBehavior
1182110,2026-08-29 00:00:00,0411459873625,Hanna Gunnarsson (V),POLITICIAN,"We have an politician with busy schedule, more than 6 current roles and busy past",Behavior,CRITICAL,Influential,PoliticianBusySchedule
1181580,2026-08-29 00:00:00,0111479807829,Anna Wallentheim (S),POLITICIAN,Politician with multiple current assignments,Assignments,MINOR,Multiple Current Assignments,PoliticianBalancedRules
1181037,2026-08-29 00:00:00,0760500234712,Monica Haider (S),POLITICIAN,Politician with high abstention pattern - very high abstention rate,Behavior,MAJOR,HighAbstention,PoliticianAbstentionPattern
1180719,2026-08-29 00:00:00,0132818093422,Rickard Nordin (C),POLITICIAN,Politician with no multi-party collaboration,Behavior,CRITICAL,NoMultiPartyCollaboration,PoliticianIsolatedBehavior
1181039,2026-08-29 00:00:00,0760500234712,Monica Haider (S),POLITICIAN,Politician with no multi-party collaboration,Behavior,CRITICAL,NoMultiPartyCollaboration,PoliticianIsolatedBehavior
1182250,2026-08-29 00:00:00,068822158616,Katarina Tolgfors (M),POLITICIAN,"We have a lazy politician, absent 25-55% of ballots last year",Behavior,CRITICAL,HighAbsenteeism,PoliticianLazy
1182211,2026-08-29 00:00:00,0692076685824,Camilla Hansén (MP),POLITICIAN,Politician with no multi-party collaboration,Behavior,CRITICAL,NoMultiPartyCollaboration,PoliticianIsolatedBehavior
1180213,2026-08-29 00:00:00,0926477102420,Cecilia Rönn (L),POLITICIAN,Politician with no multi-party collaboration,Behavior,CRITICAL,NoMultiPartyCollaboration,PoliticianIsolatedBehavior
1180951,2026-08-29 00:00:00,0251136832626,Muharrem Demirok (C),POLITICIAN,Politician with declining engagement - monthly absence worse than annual,Behavior,MAJOR,WorseningAbsenteeism,PoliticianDecliningEngagement
1182127,2026-08-29 00:00:00,0203877548421,Malin Larsson (S),POLITICIAN,Politician with concerning abstention pattern - frequently abstaining,Behavior,MAJOR,FrequentAbstention,PoliticianAbstentionPattern
1181207,2026-08-29 00:00:00,0249730539015,Anders Karlsson (C),POLITICIAN,Politician with high abstention rate - over 9% annually,Behavior,MINOR,HighAbstentionRate,PoliticianLowVotingParticipation
1181182,2026-08-29 00:00:00,0493288854424,Niklas Wykman (M),POLITICIAN,Politician with high committee substitute ratio,CommitteeExperience,MINOR,Primarily Serving as Committee Substitute,PoliticianInfluence
1181055,2026-08-29 00:00:00,025158809026,Ida Gabrielsson (V),POLITICIAN,Politician showing avoidance pattern - high combined absence and abstention,Behavior,CRITICAL,AvoidancePattern,PoliticianLowEngagement
1181427,2026-08-29 00:00:00,0198917587520,Maj Karlsson (V),POLITICIAN,"We have a lazy politician, absent 12-17% of ballots last year",Behavior,MINOR,ModerateAbsenteeism,PoliticianLazy
1180928,2026-08-29 00:00:00,0273506284025,Edward Riedl (M),POLITICIAN,Politician currently active in committee leadership,Role,MINOR,Active Committee Leader,PoliticianLeadershipRole
1180454,2026-08-29 00:00:00,0155487380917,Kerstin Lundgren (C),POLITICIAN,Politician with more than 6 current assignments,Assignments,CRITICAL,More than 6 Current Assignments,PoliticianBalancedRules
1180716,2026-08-29 00:00:00,0132818093422,Rickard Nordin (C),POLITICIAN,Politician showing avoidance pattern - high combined absence and abstention,Behavior,CRITICAL,AvoidancePattern,PoliticianLowEngagement
1181049,2026-08-29 00:00:00,0376395541120,Joakim Sandell (S),POLITICIAN,Politician with concerning abstention pattern - frequently abstaining,Behavior,MAJOR,FrequentAbstention,PoliticianAbstentionPattern
1180162,2026-08-29 00:00:00,0546731406922,Rebecka Le Moine (MP),POLITICIAN,"We have an politician with busy schedule, more than 5 current roles and busy past",Behavior,MAJOR,Influential,PoliticianBusySchedule
1182267,2026-08-29 00:00:00,0770363683317,Malin Björk (C),POLITICIAN,Politician with high abstention pattern - very high abstention rate,Behavior,MAJOR,HighAbstention,PoliticianAbstentionPattern
1181315,2026-08-29 00:00:00,0999976269027,Amanda Palmstierna (MP),POLITICIAN,"We have an politician with busy schedule, more than 5 current roles and busy past",Behavior,MAJOR,Influential,PoliticianBusySchedule
1180191,2026-08-29 00:00:00,0576122429317,Martin Melin (L),POLITICIAN,Politician with more than 6 current assignments,Assignments,CRITICAL,More than 6 Current Assignments,PoliticianBalancedRules
1181355,2026-08-29 00:00:00,0525562399327,Caroline Högström (M),POLITICIAN,Politician with more than 600 days served as committee substitute,Experience,CRITICAL,Extremely Experienced Committee Substitute,PoliticianExperience
1180664,2026-08-29 00:00:00,0338088431726,Sara Gille (SD),POLITICIAN,Politician with more than 5 current assignments,Assignments,MAJOR,More than 5 Current Assignments,PoliticianBalancedRules
1182213,2026-08-29 00:00:00,0692076685824,Camilla Hansén (MP),POLITICIAN,We have an politician with leading role in the party,Behavior,MINOR,Influential,PoliticianPartyLeader
1180223,2026-08-29 00:00:00,0121939297619,Jamal El-Haj (-),POLITICIAN,Politician with more than 600 days served as committee substitute,Experience,CRITICAL,Extremely Experienced Committee Substitute,PoliticianExperience
1180880,2026-08-29 00:00:00,0723133822026,Carl Nordblom (M),POLITICIAN,Politician with multiple current assignments,Assignments,MINOR,Multiple Current Assignments,PoliticianBalancedRules
1181524,2026-08-29 00:00:00,0602744999917,Elisabeth Thand Ringqvist (C),POLITICIAN,Politician with combined absence and abstention risk,Behavior,MAJOR,HighAbsenceAndAbstention,PoliticianCombinedRisk
1182227,2026-08-29 00:00:00,0603366539729,Malin Danielsson (L),POLITICIAN,Politician with no multi-party collaboration,Behavior,CRITICAL,NoMultiPartyCollaboration,PoliticianIsolatedBehavior
1180824,2026-08-29 00:00:00,0126797549328,Johan Forssell (M),POLITICIAN,We have an politician part of government,Behavior,MAJOR,Influential,PoliticianPartyLeader
1180376,2026-08-29 00:00:00,0911916463828,Fredrik Lundh Sammeli (S),POLITICIAN,"We have an extremely lazy politician, absent more than 55 % of ballots last year",Behavior,CRITICAL,ExtremeAbsenteeism,PoliticianLazy
1180357,2026-08-29 00:00:00,0236597884217,Rose-Marie Carlsson (S),POLITICIAN,"We have an politician older than 70, passed retirement age in Sweden",Attribute,MAJOR,LongTimer,PoliticianTimeToRetire
1181455,2026-08-29 00:00:00,0473783431010,Morgan Johansson (S),POLITICIAN,Politician with medium committee leadership ratio,CommitteeExperience,MINOR,Medium Committee Leadership Influence,PoliticianInfluence
1180342,2026-08-29 00:00:00,0472349361027,Kalle Olsson (S),POLITICIAN,Politician showing avoidance pattern - high combined absence and abstention,Behavior,CRITICAL,AvoidancePattern,PoliticianLowEngagement
1180579,2026-08-29 00:00:00,0838085832923,Ann-Sofie Lifvenhage (M),POLITICIAN,Politician with more than 600 days served as committee substitute,Experience,CRITICAL,Extremely Experienced Committee Substitute,PoliticianExperience
1182438,2026-08-29 00:00:00,0866055333028,Alexandra Anstrell (M),POLITICIAN,Politician with multiple current assignments,Assignments,MINOR,Multiple Current Assignments,PoliticianBalancedRules
1180776,2026-08-29 00:00:00,0961483563503,Gudrun Nordborg (V),POLITICIAN,Politician showing avoidance pattern - high combined absence and abstention,Behavior,CRITICAL,AvoidancePattern,PoliticianLowEngagement
1181023,2026-08-29 00:00:00,0980092192122,Joar Forssell (L),POLITICIAN,"We have an politician with busy schedule, more than 6 current roles and busy past",Behavior,CRITICAL,Influential,PoliticianBusySchedule
1181303,2026-08-29 00:00:00,0802091197024,Andrea Andersson Tay (V),POLITICIAN,"We have an politician with busy schedule, more than 5 current roles and busy past",Behavior,MAJOR,Influential,PoliticianBusySchedule
1181381,2026-08-29 00:00:00,0409655917321,Jakob Olofsgård (L),POLITICIAN,Politician with high committee substitute ratio,CommitteeExperience,MINOR,Primarily Serving as Committee Substitute,PoliticianInfluence
1180641,2026-08-29 00:00:00,0545733815610,Patrick Reslow (SD),POLITICIAN,Politician with no multi-party collaboration,Behavior,CRITICAL,NoMultiPartyCollaboration,PoliticianIsolatedBehavior
1180945,2026-08-29 00:00:00,0344222203323,Dennis Dioukarev (SD),POLITICIAN,Politician with multiple current assignments,Assignments,MINOR,Multiple Current Assignments,PoliticianBalancedRules
1180763,2026-08-29 00:00:00,0764949934324,Ulrika Heindorff (M),POLITICIAN,Politician with high committee substitute ratio,CommitteeExperience,MINOR,Primarily Serving as Committee Substitute,PoliticianInfluence
1181041,2026-08-29 00:00:00,0760500234712,Monica Haider (S),POLITICIAN,Politician with high committee substitute ratio,CommitteeExperience,MINOR,Primarily Serving as Committee Substitute,PoliticianInfluence
1181951,2026-08-29 00:00:00,0992867772421,Nils Seye Larsen (MP),POLITICIAN,"We have a lazy politician, absent 17-25% of ballots last year",Behavior,MAJOR,ConcerningAbsenteeism,PoliticianLazy
1181791,2026-08-29 00:00:00,0940980416614,Jan Ericson (M),POLITICIAN,Politician with extremely low collaboration - below 1%,Behavior,MINOR,ExtremelyLowCollaboration,PoliticianIsolatedBehavior
1181202,2026-08-29 00:00:00,0475778011711,Hans Ekström (S),POLITICIAN,Politician with very high rebel rate - 2.0-5.0% annually,Behavior,CRITICAL,VeryHighRebelVoting,PoliticianHighRebelRate
1180411,2026-08-29 00:00:00,0256404677510,Cecilia Engström (KD),POLITICIAN,Politician showing avoidance pattern - high combined absence and abstention,Behavior,CRITICAL,AvoidancePattern,PoliticianLowEngagement
1180248,2026-08-29 00:00:00,0607691439013,Karin Enström (M),POLITICIAN,Politician with more than 900 days served in committee leadership,Experience,CRITICAL,Extremely Experienced Committee Leader,PoliticianExperience
1182215,2026-08-29 00:00:00,0506541436524,Sanne Lennström (S),POLITICIAN,Politician with multiple current assignments,Assignments,MINOR,Multiple Current Assignments,PoliticianBalancedRules
1180658,2026-08-29 00:00:00,0911067396229,Mattias Vepsä (S),POLITICIAN,Politician with high committee substitute ratio,CommitteeExperience,MINOR,Primarily Serving as Committee Substitute,PoliticianInfluence
1181168,2026-08-29 00:00:00,0572788110724,Maria Malmer Stenergard (M),POLITICIAN,Politician with more than 900 days served in committee leadership,Experience,CRITICAL,Extremely Experienced Committee Leader,PoliticianExperience
1180232,2026-08-29 00:00:00,0847676507229,Stina Larsson (C),POLITICIAN,We have an politician with leading role in the party,Behavior,MINOR,Influential,PoliticianPartyLeader
1181858,2026-08-29 00:00:00,0897334717419,Gunnar Strömmer (M),POLITICIAN,Politician with current ministry assignments,Ministry,MINOR,Current Ministry Assignments,PoliticianAdditionalAttributes
1180976,2026-08-29 00:00:00,0202577142527,Matheus Enholm (SD),POLITICIAN,Politician with high committee substitute ratio,CommitteeExperience,MINOR,Primarily Serving as Committee Substitute,PoliticianInfluence
1181172,2026-08-29 00:00:00,0832311880029,Erik Ottoson (M),POLITICIAN,Politician with no multi-party collaboration,Behavior,CRITICAL,NoMultiPartyCollaboration,PoliticianIsolatedBehavior
1180774,2026-08-29 00:00:00,0750092881021,Joanna Lewerentz (M),POLITICIAN,Politician with more than 600 days served as committee substitute,Experience,CRITICAL,Extremely Experienced Committee Substitute,PoliticianExperience
1181473,2026-08-29 00:00:00,0803790353229,Azra Muranovic (S),POLITICIAN,Politician showing avoidance pattern - high combined absence and abstention,Behavior,CRITICAL,AvoidancePattern,PoliticianLowEngagement
1181029,2026-08-29 00:00:00,0591055036519,Mauricio Rojas (L),POLITICIAN,Politician with high abstention rate - over 9% annually,Behavior,MINOR,HighAbstentionRate,PoliticianLowVotingParticipation
1182428,2026-08-29 00:00:00,083953568015,Malin Höglund (M),POLITICIAN,Politician rarely wins votes - below 10% win rate annually,Behavior,CRITICAL,CriticallyLowWinRate,PoliticianIneffectiveVoting
1182272,2026-08-29 00:00:00,0663851410627,Beatrice Timgren (SD),POLITICIAN,Politician with more than 1000 days served in committees,Experience,MAJOR,Highly Experienced in Committees,PoliticianExperience
1181479,2026-08-29 00:00:00,0440225263920,Robert Olesen (S),POLITICIAN,Politician with high abstention rate - over 9% annually,Behavior,MINOR,HighAbstentionRate,PoliticianLowVotingParticipation
1182197,2026-08-29 00:00:00,0828001951212,Ingemar Kihlström (KD),POLITICIAN,Politician with high abstention pattern - very high abstention rate,Behavior,MAJOR,HighAbstention,PoliticianAbstentionPattern
1181935,2026-08-29 00:00:00,037561614928,Lawen Redar (S),POLITICIAN,Politician with more than 900 days served in committee leadership,Experience,CRITICAL,Extremely Experienced Committee Leader,PoliticianExperience
1182046,2026-08-29 00:00:00,0130789484021,Mattias Bäckström Johansson (SD),POLITICIAN,Politician with no multi-party collaboration,Behavior,CRITICAL,NoMultiPartyCollaboration,PoliticianIsolatedBehavior
1180836,2026-08-29 00:00:00,0831636664429,Mattias Karlsson (SD),POLITICIAN,Politician with high committee substitute ratio,CommitteeExperience,MINOR,Primarily Serving as Committee Substitute,PoliticianInfluence
1181808,2026-08-29 00:00:00,0653578338415,Agneta Nilsson (S),POLITICIAN,Politician with more than 400 days served as committee substitute,Experience,MAJOR,Highly Experienced Committee Substitute,PoliticianExperience
1181693,2026-08-29 00:00:00,0112333043027,Rasmus Giertz (SD),POLITICIAN,Politician with more than 6 current assignments,Assignments,CRITICAL,More than 6 Current Assignments,PoliticianBalancedRules
1181669,2026-08-29 00:00:00,011548866929,Elin Nilsson (L),POLITICIAN,Politician with zero collaboration,Behavior,MAJOR,ZeroCollaboration,PoliticianIsolatedBehavior
1180916,2026-08-29 00:00:00,0939158389321,Samuel Gonzalez Westling (V),POLITICIAN,Politician rarely wins votes - below 30% win rate annually,Behavior,MINOR,LowWinRate,PoliticianIneffectiveVoting
1180676,2026-08-29 00:00:00,0254021157518,Lars Andersson (SD),POLITICIAN,Politician with multiple current assignments,Assignments,MINOR,Multiple Current Assignments,PoliticianBalancedRules
1181684,2026-08-29 00:00:00,0810852280213,Marie-Louise Hänel Sandström (M),POLITICIAN,"We have a lazy politician, absent 12-17% of ballots last year",Behavior,MINOR,ModerateAbsenteeism,PoliticianLazy
1182018,2026-08-29 00:00:00,0304498908019,Gudrun Brunegård (KD),POLITICIAN,Politician with high committee substitute ratio,CommitteeExperience,MINOR,Primarily Serving as Committee Substitute,PoliticianInfluence
1181703,2026-08-29 00:00:00,0938534705001,Gunnar Hedberg (M),POLITICIAN,"We have an politician older than 70, passed retirement age in Sweden",Attribute,MAJOR,LongTimer,PoliticianTimeToRetire
1180523,2026-08-29 00:00:00,0861521539920,Aron Emilsson (SD),POLITICIAN,Politician with more than 900 days served in committee leadership,Experience,CRITICAL,Extremely Experienced Committee Leader,PoliticianExperience
1181859,2026-08-29 00:00:00,0897334717419,Gunnar Strömmer (M),POLITICIAN,Politician with no multi-party collaboration,Behavior,CRITICAL,NoMultiPartyCollaboration,PoliticianIsolatedBehavior
1182058,2026-08-29 00:00:00,0903081277919,Helena Vilhelmsson (C),POLITICIAN,Politician with no multi-party collaboration,Behavior,CRITICAL,NoMultiPartyCollaboration,PoliticianIsolatedBehavior
1182151,2026-08-29 00:00:00,0504851635310,Daniel Helldén (MP),POLITICIAN,Politician with declining engagement - monthly absence worse than annual,Behavior,MAJOR,WorseningAbsenteeism,PoliticianDecliningEngagement
1180519,2026-08-29 00:00:00,0861521539920,Aron Emilsson (SD),POLITICIAN,Politician with no multi-party collaboration,Behavior,CRITICAL,NoMultiPartyCollaboration,PoliticianIsolatedBehavior
1180806,2026-08-29 00:00:00,041911485722,Magdalena Thuresson (M),POLITICIAN,Politician with high committee substitute ratio,CommitteeExperience,MINOR,Primarily Serving as Committee Substitute,PoliticianInfluence
1182068,2026-08-29 00:00:00,0973566938927,Elisabet Lann (KD),POLITICIAN,We have an politician part of government,Behavior,MAJOR,Influential,PoliticianPartyLeader
1180723,2026-08-29 00:00:00,0895706637124,Abir Al-Sahlani (C),POLITICIAN,Politician with very low average document activity,Behavior,CRITICAL,ChronicallyLowProductivity,PoliticianLowDocumentActivity
1181682,2026-08-29 00:00:00,0810852280213,Marie-Louise Hänel Sandström (M),POLITICIAN,Politician with more than 5 current assignments,Assignments,MAJOR,More than 5 Current Assignments,PoliticianBalancedRules
1182158,2026-08-29 00:00:00,0183544538819,Patrik Jönsson (SD),POLITICIAN,"We have a lazy politician, absent 12-17% of ballots last year",Behavior,MINOR,ModerateAbsenteeism,PoliticianLazy
1181087,2026-08-29 00:00:00,0522240580423,Arin Karapet (-),POLITICIAN,Politician with more than 600 days served as committee substitute,Experience,CRITICAL,Extremely Experienced Committee Substitute,PoliticianExperience
1180157,2026-08-29 00:00:00,0502688311316,Anna Vikström (S),POLITICIAN,Politician with more than 600 days served as committee substitute,Experience,CRITICAL,Extremely Experienced Committee Substitute,PoliticianExperience
1181868,2026-08-29 00:00:00,0721509806321,Nooshi Dadgostar (V),POLITICIAN,Politician with no multi-party collaboration,Behavior,CRITICAL,NoMultiPartyCollaboration,PoliticianIsolatedBehavior
1180757,2026-08-29 00:00:00,0226631365426,Mikael Larsson (C),POLITICIAN,Politician with more than 600 days served as committee substitute,Experience,CRITICAL,Extremely Experienced Committee Substitute,PoliticianExperience
1181314,2026-08-29 00:00:00,0999976269027,Amanda Palmstierna (MP),POLITICIAN,Politician with more than 6 current assignments,Assignments,CRITICAL,More than 6 Current Assignments,PoliticianBalancedRules
1180889,2026-08-29 00:00:00,0635943298419,Dan Hovskär (KD),POLITICIAN,"We have an politician with busy schedule, more than 5 current roles and busy past",Behavior,MAJOR,Influential,PoliticianBusySchedule
1182425,2026-08-29 00:00:00,083953568015,Malin Höglund (M),POLITICIAN,Politician with extreme combined risk - very high absence and very low win rate,Behavior,CRITICAL,ExtremeLowParticipationAndEffectiveness,PoliticianLowVotingParticipation
1181141,2026-08-29 00:00:00,0641953830512,Magnus Persson (SD),POLITICIAN,Politician with high committee substitute ratio,CommitteeExperience,MINOR,Primarily Serving as Committee Substitute,PoliticianInfluence
1182429,2026-08-29 00:00:00,083953568015,Malin Höglund (M),POLITICIAN,"We have an extremely lazy politician, absent more than 55 % of ballots last year",Behavior,CRITICAL,ExtremeAbsenteeism,PoliticianLazy
1180971,2026-08-29 00:00:00,0202577142527,Matheus Enholm (SD),POLITICIAN,Politician with more than 6 current assignments,Assignments,CRITICAL,More than 6 Current Assignments,PoliticianBalancedRules
1180525,2026-08-29 00:00:00,0271338654822,Ola Möller (S),POLITICIAN,"We have a lazy politician, absent 100 % last day of ballots in parliament",Behavior,MINOR,NA,PoliticianLazy
1181889,2026-08-29 00:00:00,0442073683012,Zara Leghissa (S),POLITICIAN,"We have a lazy politician, absent 17-25% of ballots last year",Behavior,MAJOR,ConcerningAbsenteeism,PoliticianLazy
1180809,2026-08-29 00:00:00,0972636989226,Dzenan Cisija (S),POLITICIAN,Politician with no multi-party collaboration,Behavior,CRITICAL,NoMultiPartyCollaboration,PoliticianIsolatedBehavior
1181627,2026-08-29 00:00:00,0284192765516,Tomas Eneroth (S),POLITICIAN,Politician with medium committee leadership ratio,CommitteeExperience,MINOR,Medium Committee Leadership Influence,PoliticianInfluence
1182006,2026-08-29 00:00:00,0888807074321,Amanda Lind (MP),POLITICIAN,We have an politician with leading role in the party,Behavior,MINOR,Influential,PoliticianPartyLeader
1181232,2026-08-29 00:00:00,0389220391128,Christian Carlsson (KD),POLITICIAN,Politician with high abstention pattern - very high abstention rate,Behavior,MAJOR,HighAbstention,PoliticianAbstentionPattern
1181907,2026-08-29 00:00:00,0880137451720,Emma Nohrén (MP),POLITICIAN,Politician with more than 900 days served in committee leadership,Experience,CRITICAL,Extremely Experienced Committee Leader,PoliticianExperience
1180512,2026-08-29 00:00:00,0588282566419,Lars Beckman (M),POLITICIAN,Politician with high committee substitute ratio,CommitteeExperience,MINOR,Primarily Serving as Committee Substitute,PoliticianInfluence
1181523,2026-08-29 00:00:00,0602744999917,Elisabeth Thand Ringqvist (C),POLITICIAN,Politician with no multi-party collaboration,Behavior,CRITICAL,NoMultiPartyCollaboration,PoliticianIsolatedBehavior
1181310,2026-08-29 00:00:00,0358514648113,Marléne Lund Kopparklint (-),POLITICIAN,We have an politician that left the party still holding assignments,Behavior,CRITICAL,PartyIndependent,PoliticianLeftPartyStillHoldingPositions
1180635,2026-08-29 00:00:00,0709911904721,Johanna Rantsi (M),POLITICIAN,Politician with multiple current assignments,Assignments,MINOR,Multiple Current Assignments,PoliticianBalancedRules
1181635,2026-08-29 00:00:00,0542160909628,Andreas Carlson (KD),POLITICIAN,Politician with high committee substitute ratio,CommitteeExperience,MINOR,Primarily Serving as Committee Substitute,PoliticianInfluence
1181568,2026-08-29 00:00:00,0108109641223,Carl-Oskar Bohlin (M),POLITICIAN,Politician with current ministry assignments,Ministry,MINOR,Current Ministry Assignments,PoliticianAdditionalAttributes
1181843,2026-08-29 00:00:00,0516528386117,Patrik Björck (S),POLITICIAN,Politician with high committee substitute ratio,CommitteeExperience,MINOR,Primarily Serving as Committee Substitute,PoliticianInfluence
1181196,2026-08-29 00:00:00,0828721176319,Sten Bergheden (M),POLITICIAN,Politician with high committee substitute ratio,CommitteeExperience,MINOR,Primarily Serving as Committee Substitute,PoliticianInfluence
1182088,2026-08-29 00:00:00,0339894357417,Jennie Nilsson (S),POLITICIAN,Politician rarely wins votes - below 30% win rate annually,Behavior,MINOR,LowWinRate,PoliticianIneffectiveVoting
1180767,2026-08-29 00:00:00,0456680171315,Charlotte Quensel (SD),POLITICIAN,Politician with no multi-party collaboration,Behavior,CRITICAL,NoMultiPartyCollaboration,PoliticianIsolatedBehavior
1180370,2026-08-29 00:00:00,0911916463828,Fredrik Lundh Sammeli (S),POLITICIAN,Politician currently active in committee leadership,Role,MINOR,Active Committee Leader,PoliticianLeadershipRole
1181231,2026-08-29 00:00:00,0389220391128,Christian Carlsson (KD),POLITICIAN,Politician with high abstention rate - over 9% annually,Behavior,MINOR,HighAbstentionRate,PoliticianLowVotingParticipation
1180401,2026-08-29 00:00:00,0296384583518,Åsa Eriksson (S),POLITICIAN,"We have a lazy politician, absent 25-55% of ballots last year",Behavior,CRITICAL,HighAbsenteeism,PoliticianLazy
1180655,2026-08-29 00:00:00,0540190357911,Hans Hoff (S),POLITICIAN,Politician with more than 600 days served as committee substitute,Experience,CRITICAL,Extremely Experienced Committee Substitute,PoliticianExperience
1180840,2026-08-29 00:00:00,0257612529618,Kenneth G Forslund (S),POLITICIAN,Politician with very low document activity last year,Behavior,MINOR,LowProductivity,PoliticianLowDocumentActivity
1182395,2026-08-29 00:00:00,0977592683711,Magnus Jacobsson (KD),POLITICIAN,Politician with concerning abstention pattern - frequently abstaining,Behavior,MAJOR,FrequentAbstention,PoliticianAbstentionPattern
1181881,2026-08-29 00:00:00,0537400268911,Caroline Helmersson Olsson (S),POLITICIAN,Politician with declining effectiveness - monthly win rate much lower than annual,Behavior,MAJOR,DecreasingEffectiveness,PoliticianDecliningEngagement
1180639,2026-08-29 00:00:00,0709911904721,Johanna Rantsi (M),POLITICIAN,Politician with more than 600 days served as committee substitute,Experience,CRITICAL,Extremely Experienced Committee Substitute,PoliticianExperience
1180450,2026-08-29 00:00:00,0937688366013,Peter Hultqvist (S),POLITICIAN,"We have an politician older than 65, retirement age in Sweden",Attribute,MINOR,LongTimer,PoliticianTimeToRetire
1180549,2026-08-29 00:00:00,0678597762924,Martin Westmont (SD),POLITICIAN,Politician with more than 600 days served as committee substitute,Experience,CRITICAL,Extremely Experienced Committee Substitute,PoliticianExperience
1181757,2026-08-29 00:00:00,0710595759638,Aida Birinxhiku (S),POLITICIAN,Politician with no multi-party collaboration,Behavior,CRITICAL,NoMultiPartyCollaboration,PoliticianIsolatedBehavior
1181949,2026-08-29 00:00:00,0992867772421,Nils Seye Larsen (MP),POLITICIAN,Politician rarely wins votes - below 30% win rate annually,Behavior,MINOR,LowWinRate,PoliticianIneffectiveVoting
1181753,2026-08-29 00:00:00,0836001490919,Ulrika Heie (C),POLITICIAN,"We have a lazy politician, absent 17-25% of ballots last year",Behavior,MAJOR,ConcerningAbsenteeism,PoliticianLazy
1180216,2026-08-29 00:00:00,0121939297619,Jamal El-Haj (-),POLITICIAN,Politician left party but still holds positions,Party,CRITICAL,Left Party Still Holding Positions,PoliticianBalancedRules
1180593,2026-08-29 00:00:00,098412828516,Magdalena Andersson (S),POLITICIAN,Politician with extreme combined risk - very high absence and very low win rate,Behavior,CRITICAL,ExtremeLowParticipationAndEffectiveness,PoliticianLowVotingParticipation
1180815,2026-08-29 00:00:00,0418929039326,Patrik Lundqvist (S),POLITICIAN,"We have a lazy politician, absent 25-55% of ballots last year",Behavior,CRITICAL,HighAbsenteeism,PoliticianLazy
1180876,2026-08-29 00:00:00,0220064764318,Camilla Brunsberg (M),POLITICIAN,Politician with multiple current assignments,Assignments,MINOR,Multiple Current Assignments,PoliticianBalancedRules
1180991,2026-08-29 00:00:00,0254695027922,Malcolm Momodou Jallow (-),POLITICIAN,Politician with combined absence and abstention risk,Behavior,MAJOR,HighAbsenceAndAbstention,PoliticianCombinedRisk
1180636,2026-08-29 00:00:00,0709911904721,Johanna Rantsi (M),POLITICIAN,Politician with high abstention rate - over 9% annually,Behavior,MINOR,HighAbstentionRate,PoliticianLowVotingParticipation
1181019,2026-08-29 00:00:00,0773497241728,Roger Hedlund (SD),POLITICIAN,Politician with more than 600 days served as committee substitute,Experience,CRITICAL,Extremely Experienced Committee Substitute,PoliticianExperience
1181175,2026-08-29 00:00:00,0211757295524,Josef Fransson (SD),POLITICIAN,Politician with multiple current assignments,Assignments,MINOR,Multiple Current Assignments,PoliticianBalancedRules
1181704,2026-08-29 00:00:00,0938534705001,Gunnar Hedberg (M),POLITICIAN,Politician with high committee substitute ratio,CommitteeExperience,MINOR,Primarily Serving as Committee Substitute,PoliticianInfluence
1181964,2026-08-29 00:00:00,0992473266516,Larry Söder (KD),POLITICIAN,Politician with more than 900 days served in committee leadership,Experience,CRITICAL,Extremely Experienced Committee Leader,PoliticianExperience
1182375,2026-08-29 00:00:00,0986091320811,Catarina Deremar (C),POLITICIAN,Politician with current party assignments,Party,MINOR,Current Party Assignments,PoliticianAdditionalAttributes
1180329,2026-08-29 00:00:00,M,M,PARTY,Party with low collaborative motions ratio,Behavior,MINOR,FewCollaborativeMotions,PartyLowCollaboration
1180183,2026-08-29 00:00:00,0665485817222,Daniel Bäckström (C),POLITICIAN,Politician with high committee substitute ratio,CommitteeExperience,MINOR,Primarily Serving as Committee Substitute,PoliticianInfluence
1181493,2026-08-29 00:00:00,0611350076611,Susanne Nordström (M),POLITICIAN,Politician with zero collaboration,Behavior,MAJOR,ZeroCollaboration,PoliticianIsolatedBehavior
1181651,2026-08-29 00:00:00,0362779191527,Erik Hellsborn (SD),POLITICIAN,Politician with multiple current assignments,Assignments,MINOR,Multiple Current Assignments,PoliticianBalancedRules
1180280,2026-08-29 00:00:00,0910803550317,Lena Johansson (S),POLITICIAN,Politician with very high rebel rate - 2.0-5.0% annually,Behavior,CRITICAL,VeryHighRebelVoting,PoliticianHighRebelRate
1181628,2026-08-29 00:00:00,0284192765516,Tomas Eneroth (S),POLITICIAN,Politician with more than 900 days served in committee leadership,Experience,CRITICAL,Extremely Experienced Committee Leader,PoliticianExperience
1180946,2026-08-29 00:00:00,0344222203323,Dennis Dioukarev (SD),POLITICIAN,Politician with strategic abstention - high abstention but high presence,Behavior,MAJOR,StrategicAbstentionPresent,PoliticianAbstentionPattern
1182344,2026-08-29 00:00:00,0474290584024,Azadeh Rojhan (S),POLITICIAN,Politician showing avoidance pattern - high combined absence and abstention,Behavior,CRITICAL,AvoidancePattern,PoliticianLowEngagement
1182183,2026-08-29 00:00:00,0627450126815,Kajsa Fredholm (V),POLITICIAN,Politician with high committee substitute ratio,CommitteeExperience,MINOR,Primarily Serving as Committee Substitute,PoliticianInfluence
1181632,2026-08-29 00:00:00,0767167947420,Erik Slottner (KD),POLITICIAN,We have an politician part of government,Behavior,MAJOR,Influential,PoliticianPartyLeader
1180207,2026-08-29 00:00:00,0512645510895,Jonathan Svensson (S),POLITICIAN,"We have an politician 24-30, no adult experience outside of parliament",Attribute,MINOR,NewComer,PoliticianYoungMember
1180610,2026-08-29 00:00:00,0425115010020,Kadir Kasirga (S),POLITICIAN,Politician with strategic abstention - high abstention but high presence,Behavior,MAJOR,StrategicAbstentionPresent,PoliticianAbstentionPattern
1181370,2026-08-29 00:00:00,010392780417,Marie Olsson (S),POLITICIAN,Politician with declining engagement - monthly absence worse than annual,Behavior,MAJOR,WorseningAbsenteeism,PoliticianDecliningEngagement
1180747,2026-08-29 00:00:00,0388994689418,Malin Östh (V),POLITICIAN,Politician with combined absence and abstention risk,Behavior,MAJOR,HighAbsenceAndAbstention,PoliticianCombinedRisk
1180761,2026-08-29 00:00:00,0764949934324,Ulrika Heindorff (M),POLITICIAN,"We have a lazy politician, absent at least 18 % of ballots last month",Behavior,MAJOR,NA,PoliticianLazy
1181792,2026-08-29 00:00:00,0940980416614,Jan Ericson (M),POLITICIAN,Politician with high committee substitute ratio,CommitteeExperience,MINOR,Primarily Serving as Committee Substitute,PoliticianInfluence
1181732,2026-08-29 00:00:00,0482689573825,Björn Wiechel (S),POLITICIAN,"We have a lazy politician, absent 100 % last day of ballots in parliament",Behavior,MINOR,NA,PoliticianLazy
1181715,2026-08-29 00:00:00,0466653728712,Denis Begic (S),POLITICIAN,Politician with multiple current assignments,Assignments,MINOR,Multiple Current Assignments,PoliticianBalancedRules
1180601,2026-08-29 00:00:00,098412828516,Magdalena Andersson (S),POLITICIAN,We have an politician with leading role in the party,Behavior,MINOR,Influential,PoliticianPartyLeader
1181356,2026-08-29 00:00:00,0184968091618,Jan Riise (MP),POLITICIAN,Politician with more than 6 current assignments,Assignments,CRITICAL,More than 6 Current Assignments,PoliticianBalancedRules
1181426,2026-08-29 00:00:00,0198917587520,Maj Karlsson (V),POLITICIAN,Politician rarely wins votes - below 30% win rate annually,Behavior,MINOR,LowWinRate,PoliticianIneffectiveVoting
1180621,2026-08-29 00:00:00,0853395328224,Lena Hallengren (S),POLITICIAN,"We have an extremely lazy politician, absent more than 55 % of ballots last year",Behavior,CRITICAL,ExtremeAbsenteeism,PoliticianLazy
1182286,2026-08-29 00:00:00,0309480686522,Leila Ali Elmi (MP),POLITICIAN,Politician with high committee substitute ratio,CommitteeExperience,MINOR,Primarily Serving as Committee Substitute,PoliticianInfluence
1180344,2026-08-29 00:00:00,0472349361027,Kalle Olsson (S),POLITICIAN,Politician with high abstention pattern - very high abstention rate,Behavior,MAJOR,HighAbstention,PoliticianAbstentionPattern
1180489,2026-08-29 00:00:00,0766496753128,Fredrik Malm (L),POLITICIAN,Politician with more than 6 current assignments,Assignments,CRITICAL,More than 6 Current Assignments,PoliticianBalancedRules
1182410,2026-08-29 00:00:00,0630820052511,Per-Arne Håkansson (S),POLITICIAN,"We have an politician with busy schedule, more than 4 current roles and busy past",Behavior,MINOR,Influential,PoliticianBusySchedule
1181612,2026-08-29 00:00:00,0947572086414,Anne-Li Sjölund (C),POLITICIAN,"We have an extremely lazy politician, absent more than 55 % of ballots last year",Behavior,CRITICAL,ExtremeAbsenteeism,PoliticianLazy
1182427,2026-08-29 00:00:00,083953568015,Malin Höglund (M),POLITICIAN,Politician with current party assignments,Party,MINOR,Current Party Assignments,PoliticianAdditionalAttributes
1181032,2026-08-29 00:00:00,0591055036519,Mauricio Rojas (L),POLITICIAN,Politician with high committee substitute ratio,CommitteeExperience,MINOR,Primarily Serving as Committee Substitute,PoliticianInfluence
1180827,2026-08-29 00:00:00,069534526423,Mathias Bengtsson (KD),POLITICIAN,Politician with no multi-party collaboration,Behavior,CRITICAL,NoMultiPartyCollaboration,PoliticianIsolatedBehavior
1182084,2026-08-29 00:00:00,0111697351426,Louise Eklund (L),POLITICIAN,Politician with more than 600 days served as committee substitute,Experience,CRITICAL,Extremely Experienced Committee Substitute,PoliticianExperience
1180792,2026-08-29 00:00:00,0509830681123,Ida Karkiainen (S),POLITICIAN,Politician with high abstention rate - over 9% annually,Behavior,MINOR,HighAbstentionRate,PoliticianLowVotingParticipation
1180435,2026-08-29 00:00:00,0522054204918,Mattias Karlsson (M),POLITICIAN,Politician with high committee substitute ratio,CommitteeExperience,MINOR,Primarily Serving as Committee Substitute,PoliticianInfluence
1181552,2026-08-29 00:00:00,0294138886823,Martin Kinnunen (SD),POLITICIAN,Politician with very low document activity last year,Behavior,MINOR,LowProductivity,PoliticianLowDocumentActivity
1182163,2026-08-29 00:00:00,0183544538819,Patrik Jönsson (SD),POLITICIAN,Politician with more than 600 days served as committee substitute,Experience,CRITICAL,Extremely Experienced Committee Substitute,PoliticianExperience
1182171,2026-08-29 00:00:00,0381853591928,Malte Tängmark Roos (MP),POLITICIAN,Politician with critical abstention pattern - excessive abstention rate,Behavior,CRITICAL,ExcessiveAbstention,PoliticianAbstentionPattern
1180233,2026-08-29 00:00:00,0847676507229,Stina Larsson (C),POLITICIAN,Politician with more than 600 days served as committee substitute,Experience,CRITICAL,Extremely Experienced Committee Substitute,PoliticianExperience
1180461,2026-08-29 00:00:00,0155487380917,Kerstin Lundgren (C),POLITICIAN,Politician with more than 600 days served as committee substitute,Experience,CRITICAL,Extremely Experienced Committee Substitute,PoliticianExperience
1180179,2026-08-29 00:00:00,0665485817222,Daniel Bäckström (C),POLITICIAN,Politician with current party assignments,Party,MINOR,Current Party Assignments,PoliticianAdditionalAttributes
1181190,2026-08-29 00:00:00,0717363246311,Jessica Stegrud (SD),POLITICIAN,Politician with more than 600 days served as committee substitute,Experience,CRITICAL,Extremely Experienced Committee Substitute,PoliticianExperience
1180771,2026-08-29 00:00:00,0750092881021,Joanna Lewerentz (M),POLITICIAN,Politician with multiple current assignments,Assignments,MINOR,Multiple Current Assignments,PoliticianBalancedRules
1180374,2026-08-29 00:00:00,0911916463828,Fredrik Lundh Sammeli (S),POLITICIAN,"We have an politician with busy schedule, more than 4 current roles and busy past",Behavior,MINOR,Influential,PoliticianBusySchedule
1180712,2026-08-29 00:00:00,0333193598116,Bo Broman (SD),POLITICIAN,Politician with high committee substitute ratio,CommitteeExperience,MINOR,Primarily Serving as Committee Substitute,PoliticianInfluence
1180338,2026-08-29 00:00:00,V,V,PARTY,"We have a lazy party, absent more than 15 % of ballots last year",Behavior,CRITICAL,NA,PartyLazy
1181022,2026-08-29 00:00:00,0980092192122,Joar Forssell (L),POLITICIAN,Politician with high abstention rate - over 9% annually,Behavior,MINOR,HighAbstentionRate,PoliticianLowVotingParticipation
1180423,2026-08-29 00:00:00,0604811710522,Ida Drougge (M),POLITICIAN,Politician with more than 600 days served as committee substitute,Experience,CRITICAL,Extremely Experienced Committee Substitute,PoliticianExperience
1180688,2026-08-29 00:00:00,0161597857912,Tuve Skånberg (KD),POLITICIAN,"We have an politician older than 65, retirement age in Sweden",Attribute,MINOR,LongTimer,PoliticianTimeToRetire
1180670,2026-08-29 00:00:00,027964311318,Karin Sundin (S),POLITICIAN,Politician showing avoidance pattern - high combined absence and abstention,Behavior,CRITICAL,AvoidancePattern,PoliticianLowEngagement
1181906,2026-08-29 00:00:00,0880137451720,Emma Nohrén (MP),POLITICIAN,Politician with high committee substitute ratio,CommitteeExperience,MINOR,Primarily Serving as Committee Substitute,PoliticianInfluence
1181492,2026-08-29 00:00:00,0611350076611,Susanne Nordström (M),POLITICIAN,Politician with more than 5 current assignments,Assignments,MAJOR,More than 5 Current Assignments,PoliticianBalancedRules
1182186,2026-08-29 00:00:00,0616721755222,Louise Meijer (M),POLITICIAN,"We have an politician with busy schedule, more than 5 current roles and busy past",Behavior,MAJOR,Influential,PoliticianBusySchedule
1181240,2026-08-29 00:00:00,0615175917521,Kent Kumpula (SD),POLITICIAN,Politician with no documents last year,Behavior,MAJOR,NoProductivity,PoliticianLowDocumentActivity
1181343,2026-08-29 00:00:00,0245113256029,Daniel Vencu Öhrlund Castro (S),POLITICIAN,Politician with high committee substitute ratio,CommitteeExperience,MINOR,Primarily Serving as Committee Substitute,PoliticianInfluence
1181123,2026-08-29 00:00:00,0248492534018,Pia Trollehjelm (SD),POLITICIAN,Politician with high abstention rate - over 9% annually,Behavior,MINOR,HighAbstentionRate,PoliticianLowVotingParticipation
1180436,2026-08-29 00:00:00,0522054204918,Mattias Karlsson (M),POLITICIAN,We have an politician with leading role in the party,Behavior,MINOR,Influential,PoliticianPartyLeader
1182381,2026-08-29 00:00:00,0986091320811,Catarina Deremar (C),POLITICIAN,Politician with high committee substitute ratio,CommitteeExperience,MINOR,Primarily Serving as Committee Substitute,PoliticianInfluence
1180830,2026-08-29 00:00:00,069534526423,Mathias Bengtsson (KD),POLITICIAN,Politician with more than 600 days served as committee substitute,Experience,CRITICAL,Extremely Experienced Committee Substitute,PoliticianExperience
1180224,2026-08-29 00:00:00,099099202224,Paulina Brandberg (L),POLITICIAN,Politician with no documents last year,Behavior,MAJOR,NoProductivity,PoliticianLowDocumentActivity
1181501,2026-08-29 00:00:00,0407081382317,Anna-Caren Sätherberg (S),POLITICIAN,Politician with high abstention pattern - very high abstention rate,Behavior,MAJOR,HighAbstention,PoliticianAbstentionPattern
1182336,2026-08-29 00:00:00,0256716955026,Serkan Köse (S),POLITICIAN,Politician with high abstention pattern - very high abstention rate,Behavior,MAJOR,HighAbstention,PoliticianAbstentionPattern
1181720,2026-08-29 00:00:00,0210444373111,Katarina Luhr (MP),POLITICIAN,Politician with more than 6 current assignments,Assignments,CRITICAL,More than 6 Current Assignments,PoliticianBalancedRules
1180288,2026-08-29 00:00:00,0793372891224,Noria Manouchi (M),POLITICIAN,Politician with high committee substitute ratio,CommitteeExperience,MINOR,Primarily Serving as Committee Substitute,PoliticianInfluence
1180846,2026-08-29 00:00:00,0648224557612,Åsa Karlsson (S),POLITICIAN,Politician with multiple current assignments,Assignments,MINOR,Multiple Current Assignments,PoliticianBalancedRules
1180526,2026-08-29 00:00:00,0271338654822,Ola Möller (S),POLITICIAN,Politician with no multi-party collaboration,Behavior,CRITICAL,NoMultiPartyCollaboration,PoliticianIsolatedBehavior
1181857,2026-08-29 00:00:00,0468956880528,Mikael Eskilandersson (SD),POLITICIAN,Politician with more than 900 days served in committee leadership,Experience,CRITICAL,Extremely Experienced Committee Leader,PoliticianExperience
1182307,2026-08-29 00:00:00,0410640630411,Ulrik Nilsson (M),POLITICIAN,Politician with multiple current assignments,Assignments,MINOR,Multiple Current Assignments,PoliticianBalancedRules
1181373,2026-08-29 00:00:00,010392780417,Marie Olsson (S),POLITICIAN,Politician with high committee substitute ratio,CommitteeExperience,MINOR,Primarily Serving as Committee Substitute,PoliticianInfluence
1181259,2026-08-29 00:00:00,0119851690521,David Perez (SD),POLITICIAN,Politician with no multi-party collaboration,Behavior,CRITICAL,NoMultiPartyCollaboration,PoliticianIsolatedBehavior
1182009,2026-08-29 00:00:00,0304498908019,Gudrun Brunegård (KD),POLITICIAN,Politician showing avoidance pattern - high combined absence and abstention,Behavior,CRITICAL,AvoidancePattern,PoliticianLowEngagement
1180917,2026-08-29 00:00:00,0939158389321,Samuel Gonzalez Westling (V),POLITICIAN,"We have a lazy politician, absent 25-55% of ballots last year",Behavior,CRITICAL,HighAbsenteeism,PoliticianLazy
1182433,2026-08-29 00:00:00,083953568015,Malin Höglund (M),POLITICIAN,We have an politician with leading role in the party,Behavior,MINOR,Influential,PoliticianPartyLeader
1180195,2026-08-29 00:00:00,0576122429317,Martin Melin (L),POLITICIAN,Politician with more than 600 days served as committee substitute,Experience,CRITICAL,Extremely Experienced Committee Substitute,PoliticianExperience
1180497,2026-08-29 00:00:00,0341628241813,Marianne Fundahn (S),POLITICIAN,"We have a lazy politician, absent 12-17% of ballots last year",Behavior,MINOR,ModerateAbsenteeism,PoliticianLazy
1182007,2026-08-29 00:00:00,0888807074321,Amanda Lind (MP),POLITICIAN,Politician with more than 600 days served as committee substitute,Experience,CRITICAL,Extremely Experienced Committee Substitute,PoliticianExperience
1180472,2026-08-29 00:00:00,0229627943828,Jytte Guteland (S),POLITICIAN,Politician with no multi-party collaboration,Behavior,CRITICAL,NoMultiPartyCollaboration,PoliticianIsolatedBehavior
1181553,2026-08-29 00:00:00,0294138886823,Martin Kinnunen (SD),POLITICIAN,Politician with high committee substitute ratio,CommitteeExperience,MINOR,Primarily Serving as Committee Substitute,PoliticianInfluence
1181886,2026-08-29 00:00:00,0970709885516,Inga-Lill Sjöblom (S),POLITICIAN,Politician with no multi-party collaboration,Behavior,CRITICAL,NoMultiPartyCollaboration,PoliticianIsolatedBehavior
1180739,2026-08-29 00:00:00,0388994689418,Malin Östh (V),POLITICIAN,Politician with multiple current assignments,Assignments,MINOR,Multiple Current Assignments,PoliticianBalancedRules
1180900,2026-08-29 00:00:00,0819601620927,Annika Hirvonen (MP),POLITICIAN,"We have an politician with busy schedule, more than 6 current roles and busy past",Behavior,CRITICAL,Influential,PoliticianBusySchedule
1181572,2026-08-29 00:00:00,0108109641223,Carl-Oskar Bohlin (M),POLITICIAN,Politician with more than 600 days served as committee substitute,Experience,CRITICAL,Extremely Experienced Committee Substitute,PoliticianExperience
1181597,2026-08-29 00:00:00,0985426914829,Anna Lasses (C),POLITICIAN,Politician with more than 600 days served as committee substitute,Experience,CRITICAL,Extremely Experienced Committee Substitute,PoliticianExperience
1182276,2026-08-29 00:00:00,0222691314314,Ulf Kristersson (M),POLITICIAN,Politician with more than 900 days served in committee leadership,Experience,CRITICAL,Extremely Experienced Committee Leader,PoliticianExperience
1180666,2026-08-29 00:00:00,0338088431726,Sara Gille (SD),POLITICIAN,Politician with no multi-party collaboration,Behavior,CRITICAL,NoMultiPartyCollaboration,PoliticianIsolatedBehavior
1181622,2026-08-29 00:00:00,0331791853028,Yasmine Eriksson (SD),POLITICIAN,Politician with multiple current assignments,Assignments,MINOR,Multiple Current Assignments,PoliticianBalancedRules
1180833,2026-08-29 00:00:00,0831636664429,Mattias Karlsson (SD),POLITICIAN,Politician with concerning abstention pattern - frequently abstaining,Behavior,MAJOR,FrequentAbstention,PoliticianAbstentionPattern
1180204,2026-08-29 00:00:00,0386912710815,Mats Arkhem (SD),POLITICIAN,Politician with more than 600 days served as committee substitute,Experience,CRITICAL,Extremely Experienced Committee Substitute,PoliticianExperience
1180675,2026-08-29 00:00:00,027964311318,Karin Sundin (S),POLITICIAN,Politician with more than 600 days served as committee substitute,Experience,CRITICAL,Extremely Experienced Committee Substitute,PoliticianExperience
1181676,2026-08-29 00:00:00,0494242537816,Hans Eklind (KD),POLITICIAN,"We have an politician with busy schedule, more than 6 current roles and busy past",Behavior,CRITICAL,Influential,PoliticianBusySchedule
1181532,2026-08-29 00:00:00,0852475703226,Lorena Delgado Varas (-),POLITICIAN,Politician with no multi-party collaboration,Behavior,CRITICAL,NoMultiPartyCollaboration,PoliticianIsolatedBehavior
1180556,2026-08-29 00:00:00,0316505710324,Janine Alm Ericson (MP),POLITICIAN,Politician with more than 600 days served as committee substitute,Experience,CRITICAL,Extremely Experienced Committee Substitute,PoliticianExperience
1180363,2026-08-29 00:00:00,0236597884217,Rose-Marie Carlsson (S),POLITICIAN,Politician with more than 600 days served as committee substitute,Experience,CRITICAL,Extremely Experienced Committee Substitute,PoliticianExperience
1181222,2026-08-29 00:00:00,0122987223112,Lotta Johnsson Fornarve (V),POLITICIAN,Politician with combined absence and abstention risk,Behavior,MAJOR,HighAbsenceAndAbstention,PoliticianCombinedRisk
1180929,2026-08-29 00:00:00,0273506284025,Edward Riedl (M),POLITICIAN,Politician with multiple current assignments,Assignments,MINOR,Multiple Current Assignments,PoliticianBalancedRules
1182155,2026-08-29 00:00:00,0504851635310,Daniel Helldén (MP),POLITICIAN,Politician with more than 600 days served as committee substitute,Experience,CRITICAL,Extremely Experienced Committee Substitute,PoliticianExperience
1180678,2026-08-29 00:00:00,0254021157518,Lars Andersson (SD),POLITICIAN,"We have a lazy politician, absent 12-17% of ballots last year",Behavior,MINOR,ModerateAbsenteeism,PoliticianLazy
1181212,2026-08-29 00:00:00,0249730539015,Anders Karlsson (C),POLITICIAN,Politician with moderate rebel rate - 0.5-1.0% annually,Behavior,MINOR,ModerateRebelVoting,PoliticianHighRebelRate
1182166,2026-08-29 00:00:00,0191189790215,Peter Ollén (M),POLITICIAN,Politician with no multi-party collaboration,Behavior,CRITICAL,NoMultiPartyCollaboration,PoliticianIsolatedBehavior
1180606,2026-08-29 00:00:00,0405594274208,Ewa Pihl Krabbe (S),POLITICIAN,"We have an politician older than 70, passed retirement age in Sweden",Attribute,MAJOR,LongTimer,PoliticianTimeToRetire
1180790,2026-08-29 00:00:00,0667220767927,Erik Ezelius (S),POLITICIAN,Politician with high committee substitute ratio,CommitteeExperience,MINOR,Primarily Serving as Committee Substitute,PoliticianInfluence
1182048,2026-08-29 00:00:00,0130789484021,Mattias Bäckström Johansson (SD),POLITICIAN,Politician with high committee substitute ratio,CommitteeExperience,MINOR,Primarily Serving as Committee Substitute,PoliticianInfluence
1182083,2026-08-29 00:00:00,0111697351426,Louise Eklund (L),POLITICIAN,We have an politician with leading role in the party,Behavior,MINOR,Influential,PoliticianPartyLeader
1180612,2026-08-29 00:00:00,0425115010020,Kadir Kasirga (S),POLITICIAN,Politician with high committee substitute ratio,CommitteeExperience,MINOR,Primarily Serving as Committee Substitute,PoliticianInfluence
1182107,2026-08-29 00:00:00,0411459873625,Hanna Gunnarsson (V),POLITICIAN,Politician with more than 6 current assignments,Assignments,CRITICAL,More than 6 Current Assignments,PoliticianBalancedRules
1182236,2026-08-29 00:00:00,033935884729,Martina Johansson (C),POLITICIAN,Politician with high committee substitute ratio,CommitteeExperience,MINOR,Primarily Serving as Committee Substitute,PoliticianInfluence
1181557,2026-08-29 00:00:00,0378597308227,Camilla Brodin (KD),POLITICIAN,"We have an politician with busy schedule, more than 5 current roles and busy past",Behavior,MAJOR,Influential,PoliticianBusySchedule
1181295,2026-08-29 00:00:00,0103624617217,Helén Pettersson (S),POLITICIAN,"We have a party rebel politician, voted against party majority at least 1% of ballots last year",Behavior,CRITICAL,CanIgnorePartyMajority,PoliticianPartyRebel
1181621,2026-08-29 00:00:00,0926214745119,Heléne Björklund (S),POLITICIAN,Politician with more than 600 days served as committee substitute,Experience,CRITICAL,Extremely Experienced Committee Substitute,PoliticianExperience
1182228,2026-08-29 00:00:00,0603366539729,Malin Danielsson (L),POLITICIAN,Politician with high committee substitute ratio,CommitteeExperience,MINOR,Primarily Serving as Committee Substitute,PoliticianInfluence
1180349,2026-08-29 00:00:00,0472349361027,Kalle Olsson (S),POLITICIAN,Politician with very low document activity last year,Behavior,MINOR,LowProductivity,PoliticianLowDocumentActivity
1181242,2026-08-29 00:00:00,0615175917521,Kent Kumpula (SD),POLITICIAN,Politician with more than 600 days served as committee substitute,Experience,CRITICAL,Extremely Experienced Committee Substitute,PoliticianExperience
1180922,2026-08-29 00:00:00,0939158389321,Samuel Gonzalez Westling (V),POLITICIAN,Politician with more than 600 days served as committee substitute,Experience,CRITICAL,Extremely Experienced Committee Substitute,PoliticianExperience
1180314,2026-08-29 00:00:00,0926002991620,Pontus Andersson Garpvall (SD),POLITICIAN,Politician with very low document activity last year,Behavior,MINOR,LowProductivity,PoliticianLowDocumentActivity
1181245,2026-08-29 00:00:00,0776705932527,Ciczie Weidby (V),POLITICIAN,Politician with critical abstention pattern - excessive abstention rate,Behavior,CRITICAL,ExcessiveAbstention,PoliticianAbstentionPattern
1182066,2026-08-29 00:00:00,0973566938927,Elisabet Lann (KD),POLITICIAN,Politician with current ministry assignments,Ministry,MINOR,Current Ministry Assignments,PoliticianAdditionalAttributes
1181833,2026-08-29 00:00:00,0612916684825,Johan Löfstrand (S),POLITICIAN,Politician with more than 900 days served in committee leadership,Experience,CRITICAL,Extremely Experienced Committee Leader,PoliticianExperience
1180181,2026-08-29 00:00:00,0665485817222,Daniel Bäckström (C),POLITICIAN,"We have a lazy politician, absent 25-55% of ballots last year",Behavior,CRITICAL,HighAbsenteeism,PoliticianLazy
1181920,2026-08-29 00:00:00,0222102752213,Stefan Olsson (M),POLITICIAN,Politician with more than 600 days served as committee substitute,Experience,CRITICAL,Extremely Experienced Committee Substitute,PoliticianExperience
1182327,2026-08-29 00:00:00,028954589415,Ann-Sofie Alm (M),POLITICIAN,Politician with more than 600 days served as committee substitute,Experience,CRITICAL,Extremely Experienced Committee Substitute,PoliticianExperience
1181518,2026-08-29 00:00:00,0602744999917,Elisabeth Thand Ringqvist (C),POLITICIAN,Politician showing avoidance pattern - high combined absence and abstention,Behavior,CRITICAL,AvoidancePattern,PoliticianLowEngagement
1180992,2026-08-29 00:00:00,0254695027922,Malcolm Momodou Jallow (-),POLITICIAN,Politician with high committee substitute ratio,CommitteeExperience,MINOR,Primarily Serving as Committee Substitute,PoliticianInfluence
1181573,2026-08-29 00:00:00,0204240926023,Markus Wiechel (SD),POLITICIAN,Politician with more than 5 current assignments,Assignments,MAJOR,More than 5 Current Assignments,PoliticianBalancedRules
1180780,2026-08-29 00:00:00,0961483563503,Gudrun Nordborg (V),POLITICIAN,Politician with no multi-party collaboration,Behavior,CRITICAL,NoMultiPartyCollaboration,PoliticianIsolatedBehavior
1180628,2026-08-29 00:00:00,07012286624,Daniel Riazat (-),POLITICIAN,Politician with high abstention rate - over 9% annually,Behavior,MINOR,HighAbstentionRate,PoliticianLowVotingParticipation
1181475,2026-08-29 00:00:00,0803790353229,Azra Muranovic (S),POLITICIAN,Politician with no multi-party collaboration,Behavior,CRITICAL,NoMultiPartyCollaboration,PoliticianIsolatedBehavior
1180399,2026-08-29 00:00:00,0296384583518,Åsa Eriksson (S),POLITICIAN,Politician with multiple current assignments,Assignments,MINOR,Multiple Current Assignments,PoliticianBalancedRules
1181482,2026-08-29 00:00:00,0440225263920,Robert Olesen (S),POLITICIAN,Politician with high committee substitute ratio,CommitteeExperience,MINOR,Primarily Serving as Committee Substitute,PoliticianInfluence
1181509,2026-08-29 00:00:00,0831039938224,Adam Marttinen (SD),POLITICIAN,Politician with very low document activity last year,Behavior,MINOR,LowProductivity,PoliticianLowDocumentActivity
1180983,2026-08-29 00:00:00,0254695027922,Malcolm Momodou Jallow (-),POLITICIAN,Politician left party but still holds positions,Party,CRITICAL,Left Party Still Holding Positions,PoliticianBalancedRules
1180346,2026-08-29 00:00:00,0472349361027,Kalle Olsson (S),POLITICIAN,Politician with declining engagement - monthly absence worse than annual,Behavior,MAJOR,WorseningAbsenteeism,PoliticianDecliningEngagement
1182240,2026-08-29 00:00:00,02910042914,Carina Ödebrink (S),POLITICIAN,"We have a lazy politician, absent 100 % last day of ballots in parliament",Behavior,MINOR,NA,PoliticianLazy
1180242,2026-08-29 00:00:00,0607691439013,Karin Enström (M),POLITICIAN,Politician with critical abstention pattern - excessive abstention rate,Behavior,CRITICAL,ExcessiveAbstention,PoliticianAbstentionPattern
1181648,2026-08-29 00:00:00,0128805841317,Katarina Brännström (M),POLITICIAN,Politician with no multi-party collaboration,Behavior,CRITICAL,NoMultiPartyCollaboration,PoliticianIsolatedBehavior
1181137,2026-08-29 00:00:00,0628005785225,Jörgen Berglund (M),POLITICIAN,Politician with more than 600 days served as committee substitute,Experience,CRITICAL,Extremely Experienced Committee Substitute,PoliticianExperience
1181463,2026-08-29 00:00:00,0930305890123,Sara-Lena Bjälkö (-),POLITICIAN,Politician left party but still holds positions,Party,CRITICAL,Left Party Still Holding Positions,PoliticianBalancedRules
1180557,2026-08-29 00:00:00,0228027853620,Vasiliki Tsouplaki (V),POLITICIAN,Politician with more than 6 current assignments,Assignments,CRITICAL,More than 6 Current Assignments,PoliticianBalancedRules
1181817,2026-08-29 00:00:00,0364687971222,Alireza Akhondi (C),POLITICIAN,Politician with critical abstention pattern - excessive abstention rate,Behavior,CRITICAL,ExcessiveAbstention,PoliticianAbstentionPattern
1180643,2026-08-29 00:00:00,0545733815610,Patrick Reslow (SD),POLITICIAN,Politician with high committee substitute ratio,CommitteeExperience,MINOR,Primarily Serving as Committee Substitute,PoliticianInfluence
1181273,2026-08-29 00:00:00,04571388712,Adam Reuterskiöld (M),POLITICIAN,Politician with no multi-party collaboration,Behavior,CRITICAL,NoMultiPartyCollaboration,PoliticianIsolatedBehavior
1180804,2026-08-29 00:00:00,041911485722,Magdalena Thuresson (M),POLITICIAN,Politician with no multi-party collaboration,Behavior,CRITICAL,NoMultiPartyCollaboration,PoliticianIsolatedBehavior
1180899,2026-08-29 00:00:00,0819601620927,Annika Hirvonen (MP),POLITICIAN,Politician with current party assignments,Party,MINOR,Current Party Assignments,PoliticianAdditionalAttributes
1180911,2026-08-29 00:00:00,0939158389321,Samuel Gonzalez Westling (V),POLITICIAN,Politician with more than 6 current assignments,Assignments,CRITICAL,More than 6 Current Assignments,PoliticianBalancedRules
1181409,2026-08-29 00:00:00,07921826010,Anna-Belle Strömberg (S),POLITICIAN,Politician with high committee substitute ratio,CommitteeExperience,MINOR,Primarily Serving as Committee Substitute,PoliticianInfluence
1180638,2026-08-29 00:00:00,0709911904721,Johanna Rantsi (M),POLITICIAN,Politician with no multi-party collaboration,Behavior,CRITICAL,NoMultiPartyCollaboration,PoliticianIsolatedBehavior
1180913,2026-08-29 00:00:00,0939158389321,Samuel Gonzalez Westling (V),POLITICIAN,Politician with high combined risk - very high absence and low effectiveness,Behavior,MAJOR,HighCombinedRisk,PoliticianLowVotingParticipation
1181070,2026-08-29 00:00:00,025967059622,Magnus Manhammar (S),POLITICIAN,Politician with high committee substitute ratio,CommitteeExperience,MINOR,Primarily Serving as Committee Substitute,PoliticianInfluence
1181586,2026-08-29 00:00:00,0111479807829,Anna Wallentheim (S),POLITICIAN,Politician with combined absence and abstention risk,Behavior,MAJOR,HighAbsenceAndAbstention,PoliticianCombinedRisk
1181940,2026-08-29 00:00:00,0966063008623,Leonid Yurkovskiy (SD),POLITICIAN,Politician with high committee substitute ratio,CommitteeExperience,MINOR,Primarily Serving as Committee Substitute,PoliticianInfluence
1181996,2026-08-29 00:00:00,0951905661227,Christofer Bergenblock (C),POLITICIAN,Politician with concerning abstention pattern - frequently abstaining,Behavior,MAJOR,FrequentAbstention,PoliticianAbstentionPattern
1180909,2026-08-29 00:00:00,0781623040415,Camilla Waltersson Grönvall (M),POLITICIAN,We have an politician part of government,Behavior,MAJOR,Influential,PoliticianPartyLeader
1180298,2026-08-29 00:00:00,0262411569110,Helene Odenjung (L),POLITICIAN,Politician with current party assignments,Party,MINOR,Current Party Assignments,PoliticianAdditionalAttributes
1181985,2026-08-29 00:00:00,0604604418610,Jacob Risberg (MP),POLITICIAN,Politician with high committee substitute ratio,CommitteeExperience,MINOR,Primarily Serving as Committee Substitute,PoliticianInfluence
1181048,2026-08-29 00:00:00,0376395541120,Joakim Sandell (S),POLITICIAN,"We have an politician with busy schedule, more than 4 current roles and busy past",Behavior,MINOR,Influential,PoliticianBusySchedule
1182219,2026-08-29 00:00:00,0506541436524,Sanne Lennström (S),POLITICIAN,Politician with combined absence and abstention risk,Behavior,MAJOR,HighAbsenceAndAbstention,PoliticianCombinedRisk
1180447,2026-08-29 00:00:00,0899169869710,Helena Gellerman (L),POLITICIAN,Politician with more than 600 days served as committee substitute,Experience,CRITICAL,Extremely Experienced Committee Substitute,PoliticianExperience
1181382,2026-08-29 00:00:00,0409655917321,Jakob Olofsgård (L),POLITICIAN,Politician with more than 600 days served as committee substitute,Experience,CRITICAL,Extremely Experienced Committee Substitute,PoliticianExperience
1181508,2026-08-29 00:00:00,0831039938224,Adam Marttinen (SD),POLITICIAN,Politician with no multi-party collaboration,Behavior,CRITICAL,NoMultiPartyCollaboration,PoliticianIsolatedBehavior
1181440,2026-08-29 00:00:00,0714968014016,Anders Ekegren (L),POLITICIAN,"We have an politician with busy schedule, more than 6 current roles and busy past",Behavior,CRITICAL,Influential,PoliticianBusySchedule
1180721,2026-08-29 00:00:00,0132818093422,Rickard Nordin (C),POLITICIAN,Politician with more than 600 days served as committee substitute,Experience,CRITICAL,Extremely Experienced Committee Substitute,PoliticianExperience
1180464,2026-08-29 00:00:00,0825441263617,Birger Lahti (V),POLITICIAN,"We have an politician with busy schedule, more than 4 current roles and busy past",Behavior,MINOR,Influential,PoliticianBusySchedule
1181417,2026-08-29 00:00:00,0575283695521,Helena Storckenfeldt (M),POLITICIAN,"We have an politician with busy schedule, more than 4 current roles and busy past",Behavior,MINOR,Influential,PoliticianBusySchedule
1180924,2026-08-29 00:00:00,071293048118,Thomas Ragnarsson (M),POLITICIAN,Politician with high committee substitute ratio,CommitteeExperience,MINOR,Primarily Serving as Committee Substitute,PoliticianInfluence
1181850,2026-08-29 00:00:00,0587736055221,Niels Paarup-Petersen (C),POLITICIAN,Politician with high committee substitute ratio,CommitteeExperience,MINOR,Primarily Serving as Committee Substitute,PoliticianInfluence
1181094,2026-08-29 00:00:00,0360187680814,Mats Hellhoff (SD),POLITICIAN,Politician with multiple current assignments,Assignments,MINOR,Multiple Current Assignments,PoliticianBalancedRules
1181819,2026-08-29 00:00:00,0364687971222,Alireza Akhondi (C),POLITICIAN,Politician with high committee substitute ratio,CommitteeExperience,MINOR,Primarily Serving as Committee Substitute,PoliticianInfluence
1180955,2026-08-29 00:00:00,0161616238120,Lina Nordquist (L),POLITICIAN,Politician with high abstention rate - over 9% annually,Behavior,MINOR,HighAbstentionRate,PoliticianLowVotingParticipation
1181891,2026-08-29 00:00:00,0442073683012,Zara Leghissa (S),POLITICIAN,Politician with high committee substitute ratio,CommitteeExperience,MINOR,Primarily Serving as Committee Substitute,PoliticianInfluence
1180609,2026-08-29 00:00:00,0425115010020,Kadir Kasirga (S),POLITICIAN,Politician with multiple current assignments,Assignments,MINOR,Multiple Current Assignments,PoliticianBalancedRules
1180498,2026-08-29 00:00:00,0341628241813,Marianne Fundahn (S),POLITICIAN,Politician with no multi-party collaboration,Behavior,CRITICAL,NoMultiPartyCollaboration,PoliticianIsolatedBehavior
1180397,2026-08-29 00:00:00,0170585430421,Jimmy Ståhl (SD),POLITICIAN,Politician with high committee substitute ratio,CommitteeExperience,MINOR,Primarily Serving as Committee Substitute,PoliticianInfluence
1181880,2026-08-29 00:00:00,0537400268911,Caroline Helmersson Olsson (S),POLITICIAN,Politician with current party assignments,Party,MINOR,Current Party Assignments,PoliticianAdditionalAttributes
1181085,2026-08-29 00:00:00,0522240580423,Arin Karapet (-),POLITICIAN,Politician with no multi-party collaboration,Behavior,CRITICAL,NoMultiPartyCollaboration,PoliticianIsolatedBehavior
1181555,2026-08-29 00:00:00,0378597308227,Camilla Brodin (KD),POLITICIAN,Politician with more than 5 current assignments,Assignments,MAJOR,More than 5 Current Assignments,PoliticianBalancedRules
1182105,2026-08-29 00:00:00,0992420223820,Jessica Rosencrantz (M),POLITICIAN,We have an politician part of government,Behavior,MAJOR,Influential,PoliticianPartyLeader
1180611,2026-08-29 00:00:00,0425115010020,Kadir Kasirga (S),POLITICIAN,Politician with no multi-party collaboration,Behavior,CRITICAL,NoMultiPartyCollaboration,PoliticianIsolatedBehavior
1180260,2026-08-29 00:00:00,0638497389621,Julia Kronlid (SD),POLITICIAN,Politician with strategic abstention - high abstention but high presence,Behavior,MAJOR,StrategicAbstentionPresent,PoliticianAbstentionPattern
1181184,2026-08-29 00:00:00,0493288854424,Niklas Wykman (M),POLITICIAN,Politician with more than 900 days served in committee leadership,Experience,CRITICAL,Extremely Experienced Committee Leader,PoliticianExperience
1180196,2026-08-29 00:00:00,075747847023,Gustaf Lantz (S),POLITICIAN,Politician with no multi-party collaboration,Behavior,CRITICAL,NoMultiPartyCollaboration,PoliticianIsolatedBehavior
1180320,2026-08-29 00:00:00,0497217816024,Markus Selin (S),POLITICIAN,Politician with multiple current assignments,Assignments,MINOR,Multiple Current Assignments,PoliticianBalancedRules
1182418,2026-08-29 00:00:00,0983984918111,Matilda Ernkrans (S),POLITICIAN,Politician with multiple current assignments,Assignments,MINOR,Multiple Current Assignments,PoliticianBalancedRules
1180234,2026-08-29 00:00:00,0117203219614,Jörgen Warborn (M),POLITICIAN,Politician with no multi-party collaboration,Behavior,CRITICAL,NoMultiPartyCollaboration,PoliticianIsolatedBehavior
1180852,2026-08-29 00:00:00,0369212790927,Sofia Skönnbrink (S),POLITICIAN,Politician with no multi-party collaboration,Behavior,CRITICAL,NoMultiPartyCollaboration,PoliticianIsolatedBehavior
1180382,2026-08-29 00:00:00,0506482805418,Isak From (S),POLITICIAN,"We have a party rebel politician, voted against party majority at least 1% of ballots last year",Behavior,CRITICAL,CanIgnorePartyMajority,PoliticianPartyRebel
1182442,2026-08-29 00:00:00,0866055333028,Alexandra Anstrell (M),POLITICIAN,Politician with no multi-party collaboration,Behavior,CRITICAL,NoMultiPartyCollaboration,PoliticianIsolatedBehavior
1181401,2026-08-29 00:00:00,0985943148917,Victoria Tiblom (SD),POLITICIAN,Politician with more than 6 current assignments,Assignments,CRITICAL,More than 6 Current Assignments,PoliticianBalancedRules
1180495,2026-08-29 00:00:00,0341628241813,Marianne Fundahn (S),POLITICIAN,Politician with concerning abstention pattern - frequently abstaining,Behavior,MAJOR,FrequentAbstention,PoliticianAbstentionPattern
1182212,2026-08-29 00:00:00,0692076685824,Camilla Hansén (MP),POLITICIAN,Politician with high committee substitute ratio,CommitteeExperience,MINOR,Primarily Serving as Committee Substitute,PoliticianInfluence
1182259,2026-08-29 00:00:00,0606863154419,Mats Berglund (MP),POLITICIAN,Politician currently active in committee leadership,Role,MINOR,Active Committee Leader,PoliticianLeadershipRole
1180796,2026-08-29 00:00:00,0509830681123,Ida Karkiainen (S),POLITICIAN,Politician with no multi-party collaboration,Behavior,CRITICAL,NoMultiPartyCollaboration,PoliticianIsolatedBehavior
1181915,2026-08-29 00:00:00,0430865615328,Linda Lindberg (SD),POLITICIAN,Politician with more than 600 days served as committee substitute,Experience,CRITICAL,Extremely Experienced Committee Substitute,PoliticianExperience
1181078,2026-08-29 00:00:00,036926802512,Blåvitt Elofsson (S),POLITICIAN,Politician with zero collaboration,Behavior,MAJOR,ZeroCollaboration,PoliticianIsolatedBehavior
1180462,2026-08-29 00:00:00,0825441263617,Birger Lahti (V),POLITICIAN,Politician with multiple current assignments,Assignments,MINOR,Multiple Current Assignments,PoliticianBalancedRules
1180460,2026-08-29 00:00:00,0155487380917,Kerstin Lundgren (C),POLITICIAN,Politician with high committee substitute ratio,CommitteeExperience,MINOR,Primarily Serving as Committee Substitute,PoliticianInfluence
1181146,2026-08-29 00:00:00,048561486727,Isabell Mixter (V),POLITICIAN,Politician with high committee substitute ratio,CommitteeExperience,MINOR,Primarily Serving as Committee Substitute,PoliticianInfluence
1182303,2026-08-29 00:00:00,014744660015,Mikael Damberg (S),POLITICIAN,Politician with more than 900 days served in committee leadership,Experience,CRITICAL,Extremely Experienced Committee Leader,PoliticianExperience
1181683,2026-08-29 00:00:00,0810852280213,Marie-Louise Hänel Sandström (M),POLITICIAN,"We have an politician with busy schedule, more than 5 current roles and busy past",Behavior,MAJOR,Influential,PoliticianBusySchedule
1180443,2026-08-29 00:00:00,0899169869710,Helena Gellerman (L),POLITICIAN,"We have an politician older than 65, retirement age in Sweden",Attribute,MINOR,LongTimer,PoliticianTimeToRetire
1180920,2026-08-29 00:00:00,0939158389321,Samuel Gonzalez Westling (V),POLITICIAN,Politician with high committee substitute ratio,CommitteeExperience,MINOR,Primarily Serving as Committee Substitute,PoliticianInfluence
1181820,2026-08-29 00:00:00,0364687971222,Alireza Akhondi (C),POLITICIAN,Politician with more than 600 days served as committee substitute,Experience,CRITICAL,Extremely Experienced Committee Substitute,PoliticianExperience
1181224,2026-08-29 00:00:00,0122987223112,Lotta Johnsson Fornarve (V),POLITICIAN,Politician with critical abstention pattern - excessive abstention rate,Behavior,CRITICAL,ExcessiveAbstention,PoliticianAbstentionPattern
1180218,2026-08-29 00:00:00,0121939297619,Jamal El-Haj (-),POLITICIAN,"We have an politician older than 65, retirement age in Sweden",Attribute,MINOR,LongTimer,PoliticianTimeToRetire
1181442,2026-08-29 00:00:00,0714968014016,Anders Ekegren (L),POLITICIAN,Politician with high committee substitute ratio,CommitteeExperience,MINOR,Primarily Serving as Committee Substitute,PoliticianInfluence
1180589,2026-08-29 00:00:00,0779329190517,Kjell Jansson (M),POLITICIAN,Politician with no multi-party collaboration,Behavior,CRITICAL,NoMultiPartyCollaboration,PoliticianIsolatedBehavior
1181540,2026-08-29 00:00:00,014386615025,Ali Esbati (V),POLITICIAN,Politician with high committee substitute ratio,CommitteeExperience,MINOR,Primarily Serving as Committee Substitute,PoliticianInfluence
1180568,2026-08-29 00:00:00,0706528359123,Linus Sköld (S),POLITICIAN,Politician with more than 600 days served as committee substitute,Experience,CRITICAL,Extremely Experienced Committee Substitute,PoliticianExperience
1181534,2026-08-29 00:00:00,0852475703226,Lorena Delgado Varas (-),POLITICIAN,Politician with more than 600 days served as committee substitute,Experience,CRITICAL,Extremely Experienced Committee Substitute,PoliticianExperience
1180970,2026-08-29 00:00:00,0202577142527,Matheus Enholm (SD),POLITICIAN,Politician currently active in committee leadership,Role,MINOR,Active Committee Leader,PoliticianLeadershipRole
1181250,2026-08-29 00:00:00,0161972600410,Elsa Widding (-),POLITICIAN,We have an politician that left the party still holding assignments,Behavior,CRITICAL,PartyIndependent,PoliticianLeftPartyStillHoldingPositions
1182351,2026-08-29 00:00:00,0474290584024,Azadeh Rojhan (S),POLITICIAN,Politician with more than 600 days served as committee substitute,Experience,CRITICAL,Extremely Experienced Committee Substitute,PoliticianExperience
1182065,2026-08-29 00:00:00,074310796828,Magnus Resare (M),POLITICIAN,Politician with more than 600 days served as committee substitute,Experience,CRITICAL,Extremely Experienced Committee Substitute,PoliticianExperience
1180463,2026-08-29 00:00:00,0825441263617,Birger Lahti (V),POLITICIAN,Politician with high abstention rate - over 9% annually,Behavior,MINOR,HighAbstentionRate,PoliticianLowVotingParticipation
1180788,2026-08-29 00:00:00,0667220767927,Erik Ezelius (S),POLITICIAN,"We have a lazy politician, absent 12-17% of ballots last year",Behavior,MINOR,ModerateAbsenteeism,PoliticianLazy
1181210,2026-08-29 00:00:00,0249730539015,Anders Karlsson (C),POLITICIAN,Politician with increasing rebel behavior - monthly rebel rate exceeds annual significantly,Behavior,MAJOR,EscalatingRebelBehavior,PoliticianDecliningEngagement
1182102,2026-08-29 00:00:00,0992420223820,Jessica Rosencrantz (M),POLITICIAN,Politician with current ministry assignments,Ministry,MINOR,Current Ministry Assignments,PoliticianAdditionalAttributes
1182157,2026-08-29 00:00:00,0183544538819,Patrik Jönsson (SD),POLITICIAN,Politician with concerning abstention pattern - frequently abstaining,Behavior,MAJOR,FrequentAbstention,PoliticianAbstentionPattern
1181563,2026-08-29 00:00:00,0378597308227,Camilla Brodin (KD),POLITICIAN,Politician with more than 600 days served as committee substitute,Experience,CRITICAL,Extremely Experienced Committee Substitute,PoliticianExperience
1181942,2026-08-29 00:00:00,0105632258713,Boriana Åberg (M),POLITICIAN,Politician with multiple current assignments,Assignments,MINOR,Multiple Current Assignments,PoliticianBalancedRules
1181844,2026-08-29 00:00:00,0516528386117,Patrik Björck (S),POLITICIAN,Politician with more than 600 days served as committee substitute,Experience,CRITICAL,Extremely Experienced Committee Substitute,PoliticianExperience
1180545,2026-08-29 00:00:00,0920901966627,Tony Haddou (V),POLITICIAN,Politician with no multi-party collaboration,Behavior,CRITICAL,NoMultiPartyCollaboration,PoliticianIsolatedBehavior
1180322,2026-08-29 00:00:00,0497217816024,Markus Selin (S),POLITICIAN,Politician with no multi-party collaboration,Behavior,CRITICAL,NoMultiPartyCollaboration,PoliticianIsolatedBehavior
1181649,2026-08-29 00:00:00,0128805841317,Katarina Brännström (M),POLITICIAN,Politician with high committee substitute ratio,CommitteeExperience,MINOR,Primarily Serving as Committee Substitute,PoliticianInfluence
1182356,2026-08-29 00:00:00,02658325625,Angelica Lundberg (SD),POLITICIAN,"We have an politician with busy schedule, more than 4 current roles and busy past",Behavior,MINOR,Influential,PoliticianBusySchedule
1181514,2026-08-29 00:00:00,0783069490115,Mirja Räihä (S),POLITICIAN,Politician with no multi-party collaboration,Behavior,CRITICAL,NoMultiPartyCollaboration,PoliticianIsolatedBehavior
1181293,2026-08-29 00:00:00,0148424181819,Ann-Christine Frohm (SD),POLITICIAN,Politician with more than 600 days served as committee substitute,Experience,CRITICAL,Extremely Experienced Committee Substitute,PoliticianExperience
1180527,2026-08-29 00:00:00,0271338654822,Ola Möller (S),POLITICIAN,Politician with high committee substitute ratio,CommitteeExperience,MINOR,Primarily Serving as Committee Substitute,PoliticianInfluence
1180868,2026-08-29 00:00:00,0406831930624,Henrik Vinge (SD),POLITICIAN,Politician with no multi-party collaboration,Behavior,CRITICAL,NoMultiPartyCollaboration,PoliticianIsolatedBehavior
1180318,2026-08-29 00:00:00,C,C,PARTY,Party with consistently high absenteeism - 16% or more annually,Behavior,CRITICAL,ChronicAbsenteeism,PartyHighAbsenteeism
1180957,2026-08-29 00:00:00,0161616238120,Lina Nordquist (L),POLITICIAN,"We have an politician with busy schedule, more than 4 current roles and busy past",Behavior,MINOR,Influential,PoliticianBusySchedule
1180936,2026-08-29 00:00:00,0681030112815,Peter Helander (C),POLITICIAN,Politician with more than 600 days served as committee substitute,Experience,CRITICAL,Extremely Experienced Committee Substitute,PoliticianExperience
1181699,2026-08-29 00:00:00,0245468368228,Yusuf Aydin (KD),POLITICIAN,"We have an politician with busy schedule, more than 6 current roles and busy past",Behavior,CRITICAL,Influential,PoliticianBusySchedule
1181946,2026-08-29 00:00:00,0992867772421,Nils Seye Larsen (MP),POLITICIAN,Politician showing avoidance pattern - high combined absence and abstention,Behavior,CRITICAL,AvoidancePattern,PoliticianLowEngagement
1182320,2026-08-29 00:00:00,0955748436811,Robert Stenkvist (SD),POLITICIAN,Politician with no multi-party collaboration,Behavior,CRITICAL,NoMultiPartyCollaboration,PoliticianIsolatedBehavior
1182113,2026-08-29 00:00:00,0411459873625,Hanna Gunnarsson (V),POLITICIAN,Politician with high committee substitute ratio,CommitteeExperience,MINOR,Primarily Serving as Committee Substitute,PoliticianInfluence
1180373,2026-08-29 00:00:00,0911916463828,Fredrik Lundh Sammeli (S),POLITICIAN,Politician showing avoidance pattern - high combined absence and abstention,Behavior,CRITICAL,AvoidancePattern,PoliticianLowEngagement
1181855,2026-08-29 00:00:00,0468956880528,Mikael Eskilandersson (SD),POLITICIAN,Politician with very low document activity last year,Behavior,MINOR,LowProductivity,PoliticianLowDocumentActivity
1181447,2026-08-29 00:00:00,0879782396219,Olle Thorell (S),POLITICIAN,Politician with declining engagement - monthly absence worse than annual,Behavior,MAJOR,WorseningAbsenteeism,PoliticianDecliningEngagement
1180347,2026-08-29 00:00:00,0472349361027,Kalle Olsson (S),POLITICIAN,Politician with no multi-party collaboration,Behavior,CRITICAL,NoMultiPartyCollaboration,PoliticianIsolatedBehavior
1181420,2026-08-29 00:00:00,0575283695521,Helena Storckenfeldt (M),POLITICIAN,Politician with high committee substitute ratio,CommitteeExperience,MINOR,Primarily Serving as Committee Substitute,PoliticianInfluence
1180740,2026-08-29 00:00:00,0388994689418,Malin Östh (V),POLITICIAN,Politician showing avoidance pattern - high combined absence and abstention,Behavior,CRITICAL,AvoidancePattern,PoliticianLowEngagement
1181763,2026-08-29 00:00:00,0802546764724,Åsa Westlund (S),POLITICIAN,"We have a lazy politician, absent 100 % last day of ballots in parliament",Behavior,MINOR,NA,PoliticianLazy
1181905,2026-08-29 00:00:00,0880137451720,Emma Nohrén (MP),POLITICIAN,Politician with no multi-party collaboration,Behavior,CRITICAL,NoMultiPartyCollaboration,PoliticianIsolatedBehavior
1181954,2026-08-29 00:00:00,0992867772421,Nils Seye Larsen (MP),POLITICIAN,Politician with more than 400 days served as committee substitute,Experience,MAJOR,Highly Experienced Committee Substitute,PoliticianExperience
1181346,2026-08-29 00:00:00,0427321850912,Lars Mejern Larsson (S),POLITICIAN,Politician with extremely low collaboration - below 1%,Behavior,MINOR,ExtremelyLowCollaboration,PoliticianIsolatedBehavior
1180586,2026-08-29 00:00:00,0860364634014,Mattias Ottosson (S),POLITICIAN,Politician with high committee substitute ratio,CommitteeExperience,MINOR,Primarily Serving as Committee Substitute,PoliticianInfluence
1182214,2026-08-29 00:00:00,0692076685824,Camilla Hansén (MP),POLITICIAN,Politician with more than 600 days served as committee substitute,Experience,CRITICAL,Extremely Experienced Committee Substitute,PoliticianExperience
1180811,2026-08-29 00:00:00,0972636989226,Dzenan Cisija (S),POLITICIAN,Politician with more than 600 days served as committee substitute,Experience,CRITICAL,Extremely Experienced Committee Substitute,PoliticianExperience
1180345,2026-08-29 00:00:00,0472349361027,Kalle Olsson (S),POLITICIAN,"We have a lazy politician, absent 17-25% of ballots last year",Behavior,MAJOR,ConcerningAbsenteeism,PoliticianLazy
1180927,2026-08-29 00:00:00,KD,KD,PARTY,Party with low document productivity - below 18 docs per member last year,Behavior,MINOR,LowDocumentProductivity,PartyLowEffectiveness
1182435,2026-08-29 00:00:00,0859909330720,Sanna Backeskog (S),POLITICIAN,Politician with no multi-party collaboration,Behavior,CRITICAL,NoMultiPartyCollaboration,PoliticianIsolatedBehavior
1181284,2026-08-29 00:00:00,0982795248728,Jakob Forssmed (KD),POLITICIAN,Politician with current ministry assignments,Ministry,MINOR,Current Ministry Assignments,PoliticianAdditionalAttributes
1180931,2026-08-29 00:00:00,0273506284025,Edward Riedl (M),POLITICIAN,Politician with no documents last year,Behavior,MAJOR,NoProductivity,PoliticianLowDocumentActivity
1180231,2026-08-29 00:00:00,0847676507229,Stina Larsson (C),POLITICIAN,Politician with high committee substitute ratio,CommitteeExperience,MINOR,Primarily Serving as Committee Substitute,PoliticianInfluence
1181498,2026-08-29 00:00:00,0875693083423,Romina Pourmokhtari (L),POLITICIAN,We have an politician part of government,Behavior,MAJOR,Influential,PoliticianPartyLeader
1181131,2026-08-29 00:00:00,0628005785225,Jörgen Berglund (M),POLITICIAN,Politician with more than 5 current assignments,Assignments,MAJOR,More than 5 Current Assignments,PoliticianBalancedRules
1180598,2026-08-29 00:00:00,098412828516,Magdalena Andersson (S),POLITICIAN,Politician with no multi-party collaboration,Behavior,CRITICAL,NoMultiPartyCollaboration,PoliticianIsolatedBehavior
1181527,2026-08-29 00:00:00,0602744999917,Elisabeth Thand Ringqvist (C),POLITICIAN,Politician with more than 900 days served in committee leadership,Experience,CRITICAL,Extremely Experienced Committee Leader,PoliticianExperience
1182117,2026-08-29 00:00:00,0412148992926,Hanna Westerén (S),POLITICIAN,Politician with no multi-party collaboration,Behavior,CRITICAL,NoMultiPartyCollaboration,PoliticianIsolatedBehavior
1182034,2026-08-29 00:00:00,0481460392727,Jessica Wetterling (V),POLITICIAN,Politician with more than 6 current assignments,Assignments,CRITICAL,More than 6 Current Assignments,PoliticianBalancedRules
1180151,2026-08-29 00:00:00,0538387395826,Mats Green (M),POLITICIAN,Politician with more than 900 days served in committee leadership,Experience,CRITICAL,Extremely Experienced Committee Leader,PoliticianExperience
1180843,2026-08-29 00:00:00,0502490570219,Kristina Axén Olin (M),POLITICIAN,Politician with no multi-party collaboration,Behavior,CRITICAL,NoMultiPartyCollaboration,PoliticianIsolatedBehavior
1180877,2026-08-29 00:00:00,0220064764318,Camilla Brunsberg (M),POLITICIAN,Politician with no multi-party collaboration,Behavior,CRITICAL,NoMultiPartyCollaboration,PoliticianIsolatedBehavior
1180194,2026-08-29 00:00:00,0576122429317,Martin Melin (L),POLITICIAN,Politician with high committee substitute ratio,CommitteeExperience,MINOR,Primarily Serving as Committee Substitute,PoliticianInfluence
1181478,2026-08-29 00:00:00,0803790353229,Azra Muranovic (S),POLITICIAN,Politician with more than 600 days served as committee substitute,Experience,CRITICAL,Extremely Experienced Committee Substitute,PoliticianExperience
1180622,2026-08-29 00:00:00,0853395328224,Lena Hallengren (S),POLITICIAN,Politician with high rebel rate - 1.0-2.0% annually,Behavior,MAJOR,HighRebelVoting,PoliticianHighRebelRate
1180380,2026-08-29 00:00:00,0506482805418,Isak From (S),POLITICIAN,Politician with multiple current assignments,Assignments,MINOR,Multiple Current Assignments,PoliticianBalancedRules
1180692,2026-08-29 00:00:00,023767922422,Mats Persson (L),POLITICIAN,Politician showing avoidance pattern - high combined absence and abstention,Behavior,CRITICAL,AvoidancePattern,PoliticianLowEngagement
1181465,2026-08-29 00:00:00,0930305890123,Sara-Lena Bjälkö (-),POLITICIAN,Politician with strategic abstention - high abstention but high presence,Behavior,MAJOR,StrategicAbstentionPresent,PoliticianAbstentionPattern
1180538,2026-08-29 00:00:00,0671571847522,Mattias Eriksson Falk (SD),POLITICIAN,Politician with no multi-party collaboration,Behavior,CRITICAL,NoMultiPartyCollaboration,PoliticianIsolatedBehavior
1180416,2026-08-29 00:00:00,0256404677510,Cecilia Engström (KD),POLITICIAN,Politician with combined high risk - low effectiveness and high absence,Behavior,CRITICAL,HighRiskLowEffectivenessHighAbsence,PoliticianCombinedRisk
1180693,2026-08-29 00:00:00,023767922422,Mats Persson (L),POLITICIAN,"We have a lazy politician, absent 25-55% of ballots last year",Behavior,CRITICAL,HighAbsenteeism,PoliticianLazy
1180623,2026-08-29 00:00:00,0853395328224,Lena Hallengren (S),POLITICIAN,Politician with combined high risk - low effectiveness and high absence,Behavior,CRITICAL,HighRiskLowEffectivenessHighAbsence,PoliticianCombinedRisk
1182383,2026-08-29 00:00:00,0986091320811,Catarina Deremar (C),POLITICIAN,Politician with more than 600 days served as committee substitute,Experience,CRITICAL,Extremely Experienced Committee Substitute,PoliticianExperience
1180704,2026-08-29 00:00:00,0469084171710,Ulrika Westerlund (MP),POLITICIAN,Politician with declining effectiveness - monthly win rate much lower than annual,Behavior,MAJOR,DecreasingEffectiveness,PoliticianDecliningEngagement
1182097,2026-08-29 00:00:00,0274462857213,Petter Löberg (S),POLITICIAN,Politician with low impact - present but ineffective,Behavior,MAJOR,PresentButIneffective,PoliticianLowEngagement
1182239,2026-08-29 00:00:00,02910042914,Carina Ödebrink (S),POLITICIAN,Politician with multiple current assignments,Assignments,MINOR,Multiple Current Assignments,PoliticianBalancedRules
1181569,2026-08-29 00:00:00,0108109641223,Carl-Oskar Bohlin (M),POLITICIAN,Politician with no multi-party collaboration,Behavior,CRITICAL,NoMultiPartyCollaboration,PoliticianIsolatedBehavior
1182101,2026-08-29 00:00:00,0274462857213,Petter Löberg (S),POLITICIAN,Politician with more than 600 days served as committee substitute,Experience,CRITICAL,Extremely Experienced Committee Substitute,PoliticianExperience
1182421,2026-08-29 00:00:00,0737666060225,Joakim Järrebring (S),POLITICIAN,Politician with no multi-party collaboration,Behavior,CRITICAL,NoMultiPartyCollaboration,PoliticianIsolatedBehavior
1180814,2026-08-29 00:00:00,0418929039326,Patrik Lundqvist (S),POLITICIAN,Politician with high abstention pattern - very high abstention rate,Behavior,MAJOR,HighAbstention,PoliticianAbstentionPattern
1181396,2026-08-29 00:00:00,0973782197017,Mikael Oscarsson (KD),POLITICIAN,"We have an politician with busy schedule, more than 4 current roles and busy past",Behavior,MINOR,Influential,PoliticianBusySchedule
1180787,2026-08-29 00:00:00,0667220767927,Erik Ezelius (S),POLITICIAN,"We have an politician with busy schedule, more than 5 current roles and busy past",Behavior,MAJOR,Influential,PoliticianBusySchedule
1180268,2026-08-29 00:00:00,0877778793323,Johan Büser (S),POLITICIAN,Politician with no multi-party collaboration,Behavior,CRITICAL,NoMultiPartyCollaboration,PoliticianIsolatedBehavior
1180941,2026-08-29 00:00:00,0360160202728,Emma Ahlström Köster (M),POLITICIAN,Politician with no multi-party collaboration,Behavior,CRITICAL,NoMultiPartyCollaboration,PoliticianIsolatedBehavior
1181770,2026-08-29 00:00:00,0237055280513,Roland Utbult (KD),POLITICIAN,"We have an politician older than 70, passed retirement age in Sweden",Attribute,MAJOR,LongTimer,PoliticianTimeToRetire
1181282,2026-08-29 00:00:00,0168348837024,Peter Kullgren (KD),POLITICIAN,We have an politician part of government,Behavior,MAJOR,Influential,PoliticianPartyLeader
1180569,2026-08-29 00:00:00,0515213566019,Lars Isacsson (S),POLITICIAN,Politician showing avoidance pattern - high combined absence and abstention,Behavior,CRITICAL,AvoidancePattern,PoliticianLowEngagement
1182348,2026-08-29 00:00:00,0474290584024,Azadeh Rojhan (S),POLITICIAN,Politician with no multi-party collaboration,Behavior,CRITICAL,NoMultiPartyCollaboration,PoliticianIsolatedBehavior
1181631,2026-08-29 00:00:00,0767167947420,Erik Slottner (KD),POLITICIAN,Politician with high committee substitute ratio,CommitteeExperience,MINOR,Primarily Serving as Committee Substitute,PoliticianInfluence
1180279,2026-08-29 00:00:00,0910803550317,Lena Johansson (S),POLITICIAN,"We have a party rebel politician, voted against party majority at least 1% of ballots last year",Behavior,CRITICAL,CanIgnorePartyMajority,PoliticianPartyRebel
1180507,2026-08-29 00:00:00,0837394708917,Anders Ådahl (C),POLITICIAN,Politician with high committee substitute ratio,CommitteeExperience,MINOR,Primarily Serving as Committee Substitute,PoliticianInfluence
1180797,2026-08-29 00:00:00,0509830681123,Ida Karkiainen (S),POLITICIAN,Politician with high committee substitute ratio,CommitteeExperience,MINOR,Primarily Serving as Committee Substitute,PoliticianInfluence
1181145,2026-08-29 00:00:00,048561486727,Isabell Mixter (V),POLITICIAN,Politician with no multi-party collaboration,Behavior,CRITICAL,NoMultiPartyCollaboration,PoliticianIsolatedBehavior
1182120,2026-08-29 00:00:00,0199751900210,Annelie Karlsson (S),POLITICIAN,Politician with no multi-party collaboration,Behavior,CRITICAL,NoMultiPartyCollaboration,PoliticianIsolatedBehavior
1180290,2026-08-29 00:00:00,0793372891224,Noria Manouchi (M),POLITICIAN,Politician with more than 600 days served as committee substitute,Experience,CRITICAL,Extremely Experienced Committee Substitute,PoliticianExperience
1180499,2026-08-29 00:00:00,0341628241813,Marianne Fundahn (S),POLITICIAN,Politician with combined absence and abstention risk,Behavior,MAJOR,HighAbsenceAndAbstention,PoliticianCombinedRisk
1181413,2026-08-29 00:00:00,0433422973328,Kristoffer Lindberg (S),POLITICIAN,Politician with high committee substitute ratio,CommitteeExperience,MINOR,Primarily Serving as Committee Substitute,PoliticianInfluence
1182359,2026-08-29 00:00:00,02658325625,Angelica Lundberg (SD),POLITICIAN,Politician with more than 600 days served as committee substitute,Experience,CRITICAL,Extremely Experienced Committee Substitute,PoliticianExperience
1180555,2026-08-29 00:00:00,0316505710324,Janine Alm Ericson (MP),POLITICIAN,Politician with high committee substitute ratio,CommitteeExperience,MINOR,Primarily Serving as Committee Substitute,PoliticianInfluence
1181993,2026-08-29 00:00:00,0509415296421,Kjell-Arne Ottosson (KD),POLITICIAN,Politician with high committee substitute ratio,CommitteeExperience,MINOR,Primarily Serving as Committee Substitute,PoliticianInfluence
1181965,2026-08-29 00:00:00,0647668663722,Parisa Liljestrand (M),POLITICIAN,Politician with current ministry assignments,Ministry,MINOR,Current Ministry Assignments,PoliticianAdditionalAttributes
1181551,2026-08-29 00:00:00,0294138886823,Martin Kinnunen (SD),POLITICIAN,Politician with no multi-party collaboration,Behavior,CRITICAL,NoMultiPartyCollaboration,PoliticianIsolatedBehavior
1181400,2026-08-29 00:00:00,0973782197017,Mikael Oscarsson (KD),POLITICIAN,Politician with more than 600 days served as committee substitute,Experience,CRITICAL,Extremely Experienced Committee Substitute,PoliticianExperience
1181481,2026-08-29 00:00:00,0440225263920,Robert Olesen (S),POLITICIAN,Politician with no multi-party collaboration,Behavior,CRITICAL,NoMultiPartyCollaboration,PoliticianIsolatedBehavior
1182141,2026-08-29 00:00:00,0440673458216,Ulrika Liljeberg (C),POLITICIAN,Politician showing avoidance pattern - high combined absence and abstention,Behavior,CRITICAL,AvoidancePattern,PoliticianLowEngagement
1180502,2026-08-29 00:00:00,0837394708917,Anders Ådahl (C),POLITICIAN,Politician currently active in committee leadership,Role,MINOR,Active Committee Leader,PoliticianLeadershipRole
1181139,2026-08-29 00:00:00,0641953830512,Magnus Persson (SD),POLITICIAN,Politician with strategic abstention - high abstention but high presence,Behavior,MAJOR,StrategicAbstentionPresent,PoliticianAbstentionPattern
1181405,2026-08-29 00:00:00,0985943148917,Victoria Tiblom (SD),POLITICIAN,Politician with no multi-party collaboration,Behavior,CRITICAL,NoMultiPartyCollaboration,PoliticianIsolatedBehavior
1180558,2026-08-29 00:00:00,0228027853620,Vasiliki Tsouplaki (V),POLITICIAN,Politician with high abstention rate - over 9% annually,Behavior,MINOR,HighAbstentionRate,PoliticianLowVotingParticipation
1180756,2026-08-29 00:00:00,0226631365426,Mikael Larsson (C),POLITICIAN,Politician with high committee substitute ratio,CommitteeExperience,MINOR,Primarily Serving as Committee Substitute,PoliticianInfluence
1182187,2026-08-29 00:00:00,0616721755222,Louise Meijer (M),POLITICIAN,Politician with no multi-party collaboration,Behavior,CRITICAL,NoMultiPartyCollaboration,PoliticianIsolatedBehavior
1180685,2026-08-29 00:00:00,0591020192311,Ulf Lindholm (SD),POLITICIAN,Politician with no documents last year,Behavior,MAJOR,NoProductivity,PoliticianLowDocumentActivity
1180252,2026-08-29 00:00:00,0589561178823,Peter Hedberg (S),POLITICIAN,Politician with high committee substitute ratio,CommitteeExperience,MINOR,Primarily Serving as Committee Substitute,PoliticianInfluence
1180403,2026-08-29 00:00:00,0296384583518,Åsa Eriksson (S),POLITICIAN,Politician with high committee substitute ratio,CommitteeExperience,MINOR,Primarily Serving as Committee Substitute,PoliticianInfluence
1180766,2026-08-29 00:00:00,0456680171315,Charlotte Quensel (SD),POLITICIAN,"We have an politician with busy schedule, more than 6 current roles and busy past",Behavior,CRITICAL,Influential,PoliticianBusySchedule
1180457,2026-08-29 00:00:00,0155487380917,Kerstin Lundgren (C),POLITICIAN,"We have an politician with busy schedule, more than 6 current roles and busy past",Behavior,CRITICAL,Influential,PoliticianBusySchedule
1181375,2026-08-29 00:00:00,0409655917321,Jakob Olofsgård (L),POLITICIAN,Politician with multiple current assignments,Assignments,MINOR,Multiple Current Assignments,PoliticianBalancedRules
1180480,2026-08-29 00:00:00,0229350341619,Ilona Szatmári Waldau (V),POLITICIAN,"We have an politician with busy schedule, more than 6 current roles and busy past",Behavior,CRITICAL,Influential,PoliticianBusySchedule
1180898,2026-08-29 00:00:00,0819601620927,Annika Hirvonen (MP),POLITICIAN,Politician with high abstention rate - over 9% annually,Behavior,MINOR,HighAbstentionRate,PoliticianLowVotingParticipation
1181472,2026-08-29 00:00:00,0792733370419,Magnus Oscarsson (KD),POLITICIAN,Politician with more than 600 days served as committee substitute,Experience,CRITICAL,Extremely Experienced Committee Substitute,PoliticianExperience
1180841,2026-08-29 00:00:00,0257612529618,Kenneth G Forslund (S),POLITICIAN,Politician with high committee substitute ratio,CommitteeExperience,MINOR,Primarily Serving as Committee Substitute,PoliticianInfluence
1181776,2026-08-29 00:00:00,0613297818326,Mathias Tegnér (S),POLITICIAN,Politician with high abstention pattern - very high abstention rate,Behavior,MAJOR,HighAbstention,PoliticianAbstentionPattern
1182033,2026-08-29 00:00:00,0963046628824,Christian Lindefjärd (SD),POLITICIAN,Politician with more than 600 days served as committee substitute,Experience,CRITICAL,Extremely Experienced Committee Substitute,PoliticianExperience
1181126,2026-08-29 00:00:00,0248492534018,Pia Trollehjelm (SD),POLITICIAN,Politician with more than 600 days served as committee substitute,Experience,CRITICAL,Extremely Experienced Committee Substitute,PoliticianExperience
1181489,2026-08-29 00:00:00,0410231576416,Lars Johnsson (M),POLITICIAN,Politician with multiple current assignments,Assignments,MINOR,Multiple Current Assignments,PoliticianBalancedRules
1180855,2026-08-29 00:00:00,039102787629,Oliver Rosengren (M),POLITICIAN,Politician with multiple current assignments,Assignments,MINOR,Multiple Current Assignments,PoliticianBalancedRules
1180543,2026-08-29 00:00:00,0920901966627,Tony Haddou (V),POLITICIAN,Politician with high abstention rate - over 9% annually,Behavior,MINOR,HighAbstentionRate,PoliticianLowVotingParticipation
1181672,2026-08-29 00:00:00,0835066063627,Daniel Spiik (SD),POLITICIAN,Politician with high committee substitute ratio,CommitteeExperience,MINOR,Primarily Serving as Committee Substitute,PoliticianInfluence
1182132,2026-08-29 00:00:00,0277853016020,Simona Mohamsson (L),POLITICIAN,Politician with zero collaboration,Behavior,MAJOR,ZeroCollaboration,PoliticianIsolatedBehavior
1180717,2026-08-29 00:00:00,0132818093422,Rickard Nordin (C),POLITICIAN,"We have an politician with busy schedule, more than 4 current roles and busy past",Behavior,MINOR,Influential,PoliticianBusySchedule
1180247,2026-08-29 00:00:00,0607691439013,Karin Enström (M),POLITICIAN,We have an politician with leading role in the party,Behavior,MINOR,Influential,PoliticianPartyLeader
1181117,2026-08-29 00:00:00,0682989845822,Håkan Svenneling (V),POLITICIAN,"We have a lazy politician, absent 17-25% of ballots last year",Behavior,MAJOR,ConcerningAbsenteeism,PoliticianLazy
1182295,2026-08-29 00:00:00,0904448094023,Linus Lakso (MP),POLITICIAN,Politician with high committee substitute ratio,CommitteeExperience,MINOR,Primarily Serving as Committee Substitute,PoliticianInfluence
1182023,2026-08-29 00:00:00,066036027425,Mikael Damsgaard (M),POLITICIAN,"We have an politician with busy schedule, more than 4 current roles and busy past",Behavior,MINOR,Influential,PoliticianBusySchedule
1181837,2026-08-29 00:00:00,0652497579621,Johanna Haraldsson (S),POLITICIAN,Politician with high abstention pattern - very high abstention rate,Behavior,MAJOR,HighAbstention,PoliticianAbstentionPattern
1180862,2026-08-29 00:00:00,086684470825,Tobias Andersson (SD),POLITICIAN,Politician with very low document activity last year,Behavior,MINOR,LowProductivity,PoliticianLowDocumentActivity
1180262,2026-08-29 00:00:00,0638497389621,Julia Kronlid (SD),POLITICIAN,Politician with very low document activity last year,Behavior,MINOR,LowProductivity,PoliticianLowDocumentActivity
1182129,2026-08-29 00:00:00,0203877548421,Malin Larsson (S),POLITICIAN,Politician with high committee substitute ratio,CommitteeExperience,MINOR,Primarily Serving as Committee Substitute,PoliticianInfluence
1182179,2026-08-29 00:00:00,0627450126815,Kajsa Fredholm (V),POLITICIAN,Politician rarely wins votes - below 30% win rate annually,Behavior,MINOR,LowWinRate,PoliticianIneffectiveVoting
1181911,2026-08-29 00:00:00,0430865615328,Linda Lindberg (SD),POLITICIAN,Politician with no multi-party collaboration,Behavior,CRITICAL,NoMultiPartyCollaboration,PoliticianIsolatedBehavior
1180302,2026-08-29 00:00:00,0262411569110,Helene Odenjung (L),POLITICIAN,We have an politician with leading role in the party,Behavior,MINOR,Influential,PoliticianPartyLeader
1180249,2026-08-29 00:00:00,0589561178823,Peter Hedberg (S),POLITICIAN,Politician showing avoidance pattern - high combined absence and abstention,Behavior,CRITICAL,AvoidancePattern,PoliticianLowEngagement
1181994,2026-08-29 00:00:00,0509415296421,Kjell-Arne Ottosson (KD),POLITICIAN,Politician with more than 900 days served in committee leadership,Experience,CRITICAL,Extremely Experienced Committee Leader,PoliticianExperience
1180731,2026-08-29 00:00:00,0495314169413,Jonas Jacobsson Gjörtler (M),POLITICIAN,Politician with no multi-party collaboration,Behavior,CRITICAL,NoMultiPartyCollaboration,PoliticianIsolatedBehavior
1181870,2026-08-29 00:00:00,0721509806321,Nooshi Dadgostar (V),POLITICIAN,We have an politician with leading role in the party,Behavior,MINOR,Influential,PoliticianPartyLeader
1181453,2026-08-29 00:00:00,0473783431010,Morgan Johansson (S),POLITICIAN,Politician with multiple current assignments,Assignments,MINOR,Multiple Current Assignments,PoliticianBalancedRules
1182232,2026-08-29 00:00:00,033935884729,Martina Johansson (C),POLITICIAN,Politician with current party assignments,Party,MINOR,Current Party Assignments,PoliticianAdditionalAttributes
1182406,2026-08-29 00:00:00,091303475611,Eric Palmqvist (SD),POLITICIAN,Politician with high committee substitute ratio,CommitteeExperience,MINOR,Primarily Serving as Committee Substitute,PoliticianInfluence
1181054,2026-08-29 00:00:00,025158809026,Ida Gabrielsson (V),POLITICIAN,Politician with multiple current assignments,Assignments,MINOR,Multiple Current Assignments,PoliticianBalancedRules
1181167,2026-08-29 00:00:00,0572788110724,Maria Malmer Stenergard (M),POLITICIAN,We have an politician part of government,Behavior,MAJOR,Influential,PoliticianPartyLeader
1181679,2026-08-29 00:00:00,0494242537816,Hans Eklind (KD),POLITICIAN,Politician with high committee substitute ratio,CommitteeExperience,MINOR,Primarily Serving as Committee Substitute,PoliticianInfluence
1181415,2026-08-29 00:00:00,0575283695521,Helena Storckenfeldt (M),POLITICIAN,Politician with multiple current assignments,Assignments,MINOR,Multiple Current Assignments,PoliticianBalancedRules
1180500,2026-08-29 00:00:00,0341628241813,Marianne Fundahn (S),POLITICIAN,Politician with high committee substitute ratio,CommitteeExperience,MINOR,Primarily Serving as Committee Substitute,PoliticianInfluence
1182100,2026-08-29 00:00:00,0274462857213,Petter Löberg (S),POLITICIAN,Politician with high committee substitute ratio,CommitteeExperience,MINOR,Primarily Serving as Committee Substitute,PoliticianInfluence
1180842,2026-08-29 00:00:00,0257612529618,Kenneth G Forslund (S),POLITICIAN,Politician with more than 900 days served in committee leadership,Experience,CRITICAL,Extremely Experienced Committee Leader,PoliticianExperience
1181397,2026-08-29 00:00:00,0973782197017,Mikael Oscarsson (KD),POLITICIAN,Politician with critical abstention pattern - excessive abstention rate,Behavior,CRITICAL,ExcessiveAbstention,PoliticianAbstentionPattern
1181836,2026-08-29 00:00:00,0652497579621,Johanna Haraldsson (S),POLITICIAN,Politician with current party assignments,Party,MINOR,Current Party Assignments,PoliticianAdditionalAttributes
1182193,2026-08-29 00:00:00,0503029811325,David Josefsson (M),POLITICIAN,Politician with more than 600 days served as committee substitute,Experience,CRITICAL,Extremely Experienced Committee Substitute,PoliticianExperience
1181616,2026-08-29 00:00:00,0947572086414,Anne-Li Sjölund (C),POLITICIAN,Politician with more than 600 days served as committee substitute,Experience,CRITICAL,Extremely Experienced Committee Substitute,PoliticianExperience
1182093,2026-08-29 00:00:00,0512510717328,Ebba Busch (KD),POLITICIAN,Politician with no multi-party collaboration,Behavior,CRITICAL,NoMultiPartyCollaboration,PoliticianIsolatedBehavior
1180246,2026-08-29 00:00:00,0607691439013,Karin Enström (M),POLITICIAN,Politician with high committee substitute ratio,CommitteeExperience,MINOR,Primarily Serving as Committee Substitute,PoliticianInfluence
1180528,2026-08-29 00:00:00,0271338654822,Ola Möller (S),POLITICIAN,Politician with more than 600 days served as committee substitute,Experience,CRITICAL,Extremely Experienced Committee Substitute,PoliticianExperience
1180323,2026-08-29 00:00:00,0497217816024,Markus Selin (S),POLITICIAN,Politician with high committee substitute ratio,CommitteeExperience,MINOR,Primarily Serving as Committee Substitute,PoliticianInfluence
1180381,2026-08-29 00:00:00,0506482805418,Isak From (S),POLITICIAN,Politician with current party assignments,Party,MINOR,Current Party Assignments,PoliticianAdditionalAttributes
1181205,2026-08-29 00:00:00,0475778011711,Hans Ekström (S),POLITICIAN,Politician with more than 900 days served in committee leadership,Experience,CRITICAL,Extremely Experienced Committee Leader,PoliticianExperience
1181608,2026-08-29 00:00:00,0499755198526,Mattias Jonsson (S),POLITICIAN,Politician with high committee substitute ratio,CommitteeExperience,MINOR,Primarily Serving as Committee Substitute,PoliticianInfluence
1180366,2026-08-29 00:00:00,065701062615,Runar Filper (SD),POLITICIAN,"We have a lazy politician, absent 25-55% of ballots last year",Behavior,CRITICAL,HighAbsenteeism,PoliticianLazy
1180738,2026-08-29 00:00:00,0700424025906,Mats Odell (KD),POLITICIAN,Politician with more than 900 days served in committee leadership,Experience,CRITICAL,Extremely Experienced Committee Leader,PoliticianExperience
1180661,2026-08-29 00:00:00,0523902030928,Aylin Nouri (S),POLITICIAN,Politician with no multi-party collaboration,Behavior,CRITICAL,NoMultiPartyCollaboration,PoliticianIsolatedBehavior
1180324,2026-08-29 00:00:00,0497217816024,Markus Selin (S),POLITICIAN,Politician with more than 600 days served as committee substitute,Experience,CRITICAL,Extremely Experienced Committee Substitute,PoliticianExperience
1180415,2026-08-29 00:00:00,0256404677510,Cecilia Engström (KD),POLITICIAN,Politician with no multi-party collaboration,Behavior,CRITICAL,NoMultiPartyCollaboration,PoliticianIsolatedBehavior
1181992,2026-08-29 00:00:00,0509415296421,Kjell-Arne Ottosson (KD),POLITICIAN,Politician with no multi-party collaboration,Behavior,CRITICAL,NoMultiPartyCollaboration,PoliticianIsolatedBehavior
1182103,2026-08-29 00:00:00,0992420223820,Jessica Rosencrantz (M),POLITICIAN,Politician with no multi-party collaboration,Behavior,CRITICAL,NoMultiPartyCollaboration,PoliticianIsolatedBehavior
1180596,2026-08-29 00:00:00,098412828516,Magdalena Andersson (S),POLITICIAN,Politician rarely wins votes - below 10% win rate annually,Behavior,CRITICAL,CriticallyLowWinRate,PoliticianIneffectiveVoting
1181960,2026-08-29 00:00:00,0992473266516,Larry Söder (KD),POLITICIAN,Politician with no multi-party collaboration,Behavior,CRITICAL,NoMultiPartyCollaboration,PoliticianIsolatedBehavior
1182342,2026-08-29 00:00:00,0229760896014,Anders W Jonsson (C),POLITICIAN,Politician with more than 600 days served as committee substitute,Experience,CRITICAL,Extremely Experienced Committee Substitute,PoliticianExperience
1180482,2026-08-29 00:00:00,0229350341619,Ilona Szatmári Waldau (V),POLITICIAN,Politician showing disengagement pattern - high recent absence and abstention,Behavior,CRITICAL,DisengagementPattern,PoliticianDecliningEngagement
1181416,2026-08-29 00:00:00,0575283695521,Helena Storckenfeldt (M),POLITICIAN,Politician with high abstention rate - over 9% annually,Behavior,MINOR,HighAbstentionRate,PoliticianLowVotingParticipation
1182165,2026-08-29 00:00:00,0191189790215,Peter Ollén (M),POLITICIAN,"We have an politician older than 65, retirement age in Sweden",Attribute,MINOR,LongTimer,PoliticianTimeToRetire
1182420,2026-08-29 00:00:00,0737666060225,Joakim Järrebring (S),POLITICIAN,Politician with concerning abstention pattern - frequently abstaining,Behavior,MAJOR,FrequentAbstention,PoliticianAbstentionPattern
1181548,2026-08-29 00:00:00,0294138886823,Martin Kinnunen (SD),POLITICIAN,Politician with multiple current assignments,Assignments,MINOR,Multiple Current Assignments,PoliticianBalancedRules
1181869,2026-08-29 00:00:00,0721509806321,Nooshi Dadgostar (V),POLITICIAN,Politician with high committee substitute ratio,CommitteeExperience,MINOR,Primarily Serving as Committee Substitute,PoliticianInfluence
1182262,2026-08-29 00:00:00,0606863154419,Mats Berglund (MP),POLITICIAN,Politician with no multi-party collaboration,Behavior,CRITICAL,NoMultiPartyCollaboration,PoliticianIsolatedBehavior
1180153,2026-08-29 00:00:00,0502688311316,Anna Vikström (S),POLITICIAN,"We have an politician with busy schedule, more than 5 current roles and busy past",Behavior,MAJOR,Influential,PoliticianBusySchedule
1181008,2026-08-29 00:00:00,010643534813,Eric Westroth (SD),POLITICIAN,Politician with high committee substitute ratio,CommitteeExperience,MINOR,Primarily Serving as Committee Substitute,PoliticianInfluence
1181313,2026-08-29 00:00:00,0358514648113,Marléne Lund Kopparklint (-),POLITICIAN,Politician with more than 600 days served as committee substitute,Experience,CRITICAL,Extremely Experienced Committee Substitute,PoliticianExperience
1182194,2026-08-29 00:00:00,0828001951212,Ingemar Kihlström (KD),POLITICIAN,Politician with multiple current assignments,Assignments,MINOR,Multiple Current Assignments,PoliticianBalancedRules
1181860,2026-08-29 00:00:00,0897334717419,Gunnar Strömmer (M),POLITICIAN,We have an politician minister that has no experience from parliament,Experience,MINOR,OtherExperience,PoliticianMinisterWithoutParliamentExperience
1180197,2026-08-29 00:00:00,075747847023,Gustaf Lantz (S),POLITICIAN,Politician with high committee substitute ratio,CommitteeExperience,MINOR,Primarily Serving as Committee Substitute,PoliticianInfluence
1181351,2026-08-29 00:00:00,0235974887200,Susanne Eberstein (S),POLITICIAN,Politician with extremely low collaboration - below 1%,Behavior,MINOR,ExtremelyLowCollaboration,PoliticianIsolatedBehavior
1181272,2026-08-29 00:00:00,0138741628520,Angelika Bengtsson (SD),POLITICIAN,Politician with more than 600 days served as committee substitute,Experience,CRITICAL,Extremely Experienced Committee Substitute,PoliticianExperience
1182304,2026-08-29 00:00:00,0653904370212,Fredrik Olovsson (S),POLITICIAN,Politician with multiple current assignments,Assignments,MINOR,Multiple Current Assignments,PoliticianBalancedRules
1180553,2026-08-29 00:00:00,0316505710324,Janine Alm Ericson (MP),POLITICIAN,"We have a lazy politician, absent 100 % last day of ballots in parliament",Behavior,MINOR,NA,PoliticianLazy
1180534,2026-08-29 00:00:00,065105536026,Niklas Karlsson (S),POLITICIAN,Politician with high committee substitute ratio,CommitteeExperience,MINOR,Primarily Serving as Committee Substitute,PoliticianInfluence
1180807,2026-08-29 00:00:00,041911485722,Magdalena Thuresson (M),POLITICIAN,Politician with more than 600 days served as committee substitute,Experience,CRITICAL,Extremely Experienced Committee Substitute,PoliticianExperience
1181419,2026-08-29 00:00:00,0575283695521,Helena Storckenfeldt (M),POLITICIAN,Politician with no multi-party collaboration,Behavior,CRITICAL,NoMultiPartyCollaboration,PoliticianIsolatedBehavior
1180520,2026-08-29 00:00:00,0861521539920,Aron Emilsson (SD),POLITICIAN,Politician with combined absence and abstention risk,Behavior,MAJOR,HighAbsenceAndAbstention,PoliticianCombinedRisk
1182077,2026-08-29 00:00:00,0111697351426,Louise Eklund (L),POLITICIAN,Politician with more than 6 current assignments,Assignments,CRITICAL,More than 6 Current Assignments,PoliticianBalancedRules
1181166,2026-08-29 00:00:00,0572788110724,Maria Malmer Stenergard (M),POLITICIAN,Politician with high committee substitute ratio,CommitteeExperience,MINOR,Primarily Serving as Committee Substitute,PoliticianInfluence
1182434,2026-08-29 00:00:00,083953568015,Malin Höglund (M),POLITICIAN,Politician with more than 600 days served as committee substitute,Experience,CRITICAL,Extremely Experienced Committee Substitute,PoliticianExperience
1182432,2026-08-29 00:00:00,083953568015,Malin Höglund (M),POLITICIAN,Politician with high committee substitute ratio,CommitteeExperience,MINOR,Primarily Serving as Committee Substitute,PoliticianInfluence
1180190,2026-08-29 00:00:00,0157618290428,Rashid Farivar (SD),POLITICIAN,Politician with more than 600 days served as committee substitute,Experience,CRITICAL,Extremely Experienced Committee Substitute,PoliticianExperience
1180326,2026-08-29 00:00:00,L,L,PARTY,"We have a party with no opinion, abstain more than 10 % of ballots last year",Behavior,CRITICAL,EnablesMinorityGovernments,PartyNoOpinion
1181974,2026-08-29 00:00:00,0834510274913,Charlotte Nordström (M),POLITICIAN,Politician with very low average document activity,Behavior,CRITICAL,ChronicallyLowProductivity,PoliticianLowDocumentActivity
1181027,2026-08-29 00:00:00,0980092192122,Joar Forssell (L),POLITICIAN,Politician with more than 600 days served as committee substitute,Experience,CRITICAL,Extremely Experienced Committee Substitute,PoliticianExperience
1180901,2026-08-29 00:00:00,0819601620927,Annika Hirvonen (MP),POLITICIAN,Politician with critical abstention pattern - excessive abstention rate,Behavior,CRITICAL,ExcessiveAbstention,PoliticianAbstentionPattern
1182221,2026-08-29 00:00:00,0506541436524,Sanne Lennström (S),POLITICIAN,Politician with more than 600 days served as committee substitute,Experience,CRITICAL,Extremely Experienced Committee Substitute,PoliticianExperience
1181800,2026-08-29 00:00:00,0530425150220,Annika Strandhäll (S),POLITICIAN,Politician with no multi-party collaboration,Behavior,CRITICAL,NoMultiPartyCollaboration,PoliticianIsolatedBehavior
1181839,2026-08-29 00:00:00,0652497579621,Johanna Haraldsson (S),POLITICIAN,Politician with high committee substitute ratio,CommitteeExperience,MINOR,Primarily Serving as Committee Substitute,PoliticianInfluence
1180800,2026-08-29 00:00:00,0899112324519,Elisabeth Svantesson (M),POLITICIAN,Politician with high committee substitute ratio,CommitteeExperience,MINOR,Primarily Serving as Committee Substitute,PoliticianInfluence
1180362,2026-08-29 00:00:00,0236597884217,Rose-Marie Carlsson (S),POLITICIAN,Politician with high committee substitute ratio,CommitteeExperience,MINOR,Primarily Serving as Committee Substitute,PoliticianInfluence
1180995,2026-08-29 00:00:00,0246927519019,Karin Rågsjö (V),POLITICIAN,Politician with high abstention rate - over 9% annually,Behavior,MINOR,HighAbstentionRate,PoliticianLowVotingParticipation
1180881,2026-08-29 00:00:00,0723133822026,Carl Nordblom (M),POLITICIAN,Politician with no multi-party collaboration,Behavior,CRITICAL,NoMultiPartyCollaboration,PoliticianIsolatedBehavior
1181656,2026-08-29 00:00:00,055257333723,Oscar Sjöstedt (SD),POLITICIAN,Politician with no multi-party collaboration,Behavior,CRITICAL,NoMultiPartyCollaboration,PoliticianIsolatedBehavior
1180697,2026-08-29 00:00:00,023767922422,Mats Persson (L),POLITICIAN,Politician with high committee substitute ratio,CommitteeExperience,MINOR,Primarily Serving as Committee Substitute,PoliticianInfluence
1181822,2026-08-29 00:00:00,0737824098113,Magnus Berntsson (KD),POLITICIAN,Politician showing avoidance pattern - high combined absence and abstention,Behavior,CRITICAL,AvoidancePattern,PoliticianLowEngagement
1180668,2026-08-29 00:00:00,0338088431726,Sara Gille (SD),POLITICIAN,Politician with high committee substitute ratio,CommitteeExperience,MINOR,Primarily Serving as Committee Substitute,PoliticianInfluence
1181437,2026-08-29 00:00:00,0302393368216,Camilla Rinaldo Miller (KD),POLITICIAN,Politician with high committee substitute ratio,CommitteeExperience,MINOR,Primarily Serving as Committee Substitute,PoliticianInfluence
1181110,2026-08-29 00:00:00,051207517226,Jimmie Åkesson (SD),POLITICIAN,We have an politician with leading role in the party,Behavior,MINOR,Influential,PoliticianPartyLeader
1180906,2026-08-29 00:00:00,0781623040415,Camilla Waltersson Grönvall (M),POLITICIAN,Politician with current ministry assignments,Ministry,MINOR,Current Ministry Assignments,PoliticianAdditionalAttributes
1181270,2026-08-29 00:00:00,0138741628520,Angelika Bengtsson (SD),POLITICIAN,Politician with very low document activity last year,Behavior,MINOR,LowProductivity,PoliticianLowDocumentActivity
1181729,2026-08-29 00:00:00,0210444373111,Katarina Luhr (MP),POLITICIAN,Politician with more than 600 days served as committee substitute,Experience,CRITICAL,Extremely Experienced Committee Substitute,PoliticianExperience
1180613,2026-08-29 00:00:00,0425115010020,Kadir Kasirga (S),POLITICIAN,Politician with more than 600 days served as committee substitute,Experience,CRITICAL,Extremely Experienced Committee Substitute,PoliticianExperience
1181888,2026-08-29 00:00:00,0970709885516,Inga-Lill Sjöblom (S),POLITICIAN,Politician with more than 600 days served as committee substitute,Experience,CRITICAL,Extremely Experienced Committee Substitute,PoliticianExperience
1181423,2026-08-29 00:00:00,0198917587520,Maj Karlsson (V),POLITICIAN,Politician showing avoidance pattern - high combined absence and abstention,Behavior,CRITICAL,AvoidancePattern,PoliticianLowEngagement
1180164,2026-08-29 00:00:00,0546731406922,Rebecka Le Moine (MP),POLITICIAN,Politician with no multi-party collaboration,Behavior,CRITICAL,NoMultiPartyCollaboration,PoliticianIsolatedBehavior
1180438,2026-08-29 00:00:00,0899169869710,Helena Gellerman (L),POLITICIAN,Politician with more than 6 current assignments,Assignments,CRITICAL,More than 6 Current Assignments,PoliticianBalancedRules
1181255,2026-08-29 00:00:00,0119851690521,David Perez (SD),POLITICIAN,Politician showing indecision - high abstention combined with moderate effectiveness,Behavior,MAJOR,IndecisiveBehavior,PoliticianAbstentionPattern
1180475,2026-08-29 00:00:00,0619928872229,Laila Naraghi (S),POLITICIAN,Politician with high committee substitute ratio,CommitteeExperience,MINOR,Primarily Serving as Committee Substitute,PoliticianInfluence
1182234,2026-08-29 00:00:00,033935884729,Martina Johansson (C),POLITICIAN,Politician with critical abstention pattern - excessive abstention rate,Behavior,CRITICAL,ExcessiveAbstention,PoliticianAbstentionPattern
1180986,2026-08-29 00:00:00,0254695027922,Malcolm Momodou Jallow (-),POLITICIAN,We have an politician that left the party still holding assignments,Behavior,CRITICAL,PartyIndependent,PoliticianLeftPartyStillHoldingPositions
1181670,2026-08-29 00:00:00,011548866929,Elin Nilsson (L),POLITICIAN,Politician with more than 600 days served as committee substitute,Experience,CRITICAL,Extremely Experienced Committee Substitute,PoliticianExperience
1182404,2026-08-29 00:00:00,091303475611,Eric Palmqvist (SD),POLITICIAN,"We have a lazy politician, absent 25-55% of ballots last year",Behavior,CRITICAL,HighAbsenteeism,PoliticianLazy
1182285,2026-08-29 00:00:00,0309480686522,Leila Ali Elmi (MP),POLITICIAN,Politician with no multi-party collaboration,Behavior,CRITICAL,NoMultiPartyCollaboration,PoliticianIsolatedBehavior
1180890,2026-08-29 00:00:00,0635943298419,Dan Hovskär (KD),POLITICIAN,"We have a lazy politician, absent 25-55% of ballots last year",Behavior,CRITICAL,HighAbsenteeism,PoliticianLazy
1182061,2026-08-29 00:00:00,0903081277919,Helena Vilhelmsson (C),POLITICIAN,Politician with more than 600 days served as committee substitute,Experience,CRITICAL,Extremely Experienced Committee Substitute,PoliticianExperience
