hjid,header,number_value,parties,proposal_issue_number,proposal_type,against_proposal_list_agains_0
2545152,Behandling och uppföljning m.m.,10,"""v""",17,reservation,2545142
2388741,"",7,"""SD""",6,reservation,2388734
2449728,"",11,"""L""",3,reservation,2449717
2352158,Gymnasieskolans samarbete med universitet och högskolor,9,"""m"",""fp""",9,reservation,2352149
2295891,Departementstillhörighet för Teracom AB ,6,"""m""",8,reservation,2295885
1045607,"",24,"""C""",16,reservation,1045583
3363942,"",2,"""SD""",2,reservation,3363940
2323430,Mål för budgetpolitiken (avsnitt 2.3),4,"""m""",4,reservation,2323426
2590993,En reformerad polisutbildning,26,"""m""",28,reservation,2590967
2440952,"",2,"""C""",2,reservation,2440950
2330899,Mångfalden i den statligt stödda litteraturen,5,"""v""",13,reservation,2330894
2292248,"",28,"""S"",""C""",21,reservation,2292220
2388707,En reformerad plan- och bygglagstiftning,1,"""s""",1,reservation,2388706
2637976,"",16,"""V""",16,reservation,2637960
2324908,Forskarutbildningen ,15,"""c""",9,reservation,2324893
2316034,"",9,"""C""",4,reservation,2316025
3137230,Sysselsättning och socialpolitik,25,"""S""",12,reservation,3137205
2613734,"",20,"""L""",7,reservation,2613714
2398914,"",50,"""C""",17,reservation,2398864
2514656,Ny skuldsaneringslag,1,"""m"",""c"",""kd""",1,reservation,2514655
2393875,"",9,"""KD""",11,reservation,2393866
2618728,Förstärkt utbildning i försäkringsmedicin,16,"""m"",""c"",""fp"",""kd""",10,reservation,2618712
1110629,"Utbildning inom statliga myndigheter, kommuner, landsting och skolor om mäns våld mot kvinnor",29,"""S"",""MP"",""V""",35,reservation,1110600
2673537,Översyn av EU:s fiskesubventioner,95,"""fp""",70,reservation,2673442
2425354,Boende- och dagersättning samt organiserad verksamhet,7,"""v"",""mp""",9,reservation,2425347
3360072,Lönegaranti vid flera insolvensförfaranden,1,"""kd""",2,reservation,3360071
2349670,Ordningen för att lämna ut material ur en biobank ,12,"""c""",11,reservation,2349658
2302114,Stimulans av lokal myndighetsservice,2,"""c""",2,reservation,2302112
2503764,"",15,"""S"",""V"",""C"",""MP""",14,reservation,2503749
2299742,"",7,"""V""",9,reservation,2299735
2562679,Kulturcheckar,9,"""kd""",6,reservation,2562670
2382239,"",11,"""SD""",13,reservation,2382228
2347983,"",13,"""C"",""MP""",7,reservation,2347970
2591356,Specialutbildade poliser,9,"""c""",13,reservation,2591347
3358612,Slopad kontrolluppgiftsskyldighet rörande tillgångar och skulder,1,"""s"",""v"",""mp""",2,reservation,3358611
2295731,Åtgärder för att möta de negativa konsekvenserna av ökat spelande ,1,"""kd"",""v"",""mp""",4,reservation,2295730
2324885,Godkännande av beslut om inrättande av Eurojust ,1,"""v"",""mp""",1,reservation,2324884
2326744,"",9,"""M""",4,reservation,2326735
1056773,"",16,"""C""",7,reservation,1056757
2501260,"",77,"""V""",41,reservation,2501183
2301365,"",12,"""SD""",7,reservation,2301353
2704069,Bostadsanpassningsbidrag för studentbostäder,9,"""mp""",9,reservation,2704060
2349789,Målgruppsinriktad information ,13,"""m""",18,reservation,2349776
2571588,Elevhälsa,59,"""v""",42,reservation,2571529
2561955,Ansvar för behandling och vård vid könsidentitetsstörningar,3,"""S"",""V""",3,reservation,2561952
2388509,Sjöfart i arktiska områden,2,"""s"",""v"",""mp""",3,reservation,2388507
2590575,Undantag från kraven på legitimation,2,"""MP""",4,reservation,2590573
2436672,Familjepolitikens inriktning,53,"""kd""",39,reservation,2436619
2475094,"",2,"""SD""",1,reservation,2475092
2630584,"",5,"""SD""",3,reservation,2630579
2399032,Ökat uttag av biobränsle,25,"""v""",16,reservation,2399007
2546379,Vindkraft,2,"""s"",""v"",""mp""",2,reservation,2546377
3362865,Marin forskning,64,"""m""",53,reservation,3362801
2500642,Fritidshemmet,12,"""S""",8,reservation,2500630
2683093,"",52,"""V"",""C""",31,reservation,2683041
2319044,Mobila polisteam,11,"""m"",""c"",""fp""",14,reservation,2319033
2291242,"",25,"""M"",""KD""",24,reservation,2291217
2552160,"",10,"""C""",5,reservation,2552150
2309389,Jäv ,11,"""mp""",14,reservation,2309378
2421530,Villkor för småskaligt fiske,6,"""S""",5,reservation,2421524
1080262,"",4,"""MP""",3,reservation,1080258
2558281,"",12,"""SD""",7,reservation,2558269
2509260,Finansiellt och ekonomiskt samarbete,15,"""V""",8,reservation,2509245
1111263,Stöd till bostadsbyggandet,3,"""S"",""MP"",""V""",6,reservation,1111260
2576724,"",3,"""L""",1,reservation,2576721
2504008,"",21,"""M""",8,reservation,2503987
2449734,"",17,"""M"",""SD""",7,reservation,2449717
2680764,"",12,"""MP""",8,reservation,2680752
2510107,FN och mänskliga rättigheter,14,"""kd""",5,reservation,2510093
2299888,"",5,"""SD""",7,reservation,2299883
2330236,Mål för bostadsbyggandet,5,"""v""",4,reservation,2330231
2600640,Följdlagstiftning i propositioner om rambeslut,2,"""m"",""fp""",3,reservation,2600638
1042727,"",12,"""MP""",7,reservation,1042715
2301081,"",3,"""MP""",1,reservation,2301078
2439196,"",6,"""M"",""C"",""L"",""KD""",6,reservation,2439190
2326817,"",20,"""SD""",13,reservation,2326797
2650757,Märkning av livsmedel,33,"""mp""",29,reservation,2650724
2693712,Omprövning av vattendomar,56,"""s"",""v"",""mp""",80,reservation,2693656
2454741,Brottsofferstatus till barn som bevittnar våld inom familjen,27,"""m"",""c"",""fp"",""kd""",27,reservation,2454714
2569209,Urvalsfrågor i övrigt,18,"""kd""",11,reservation,2569191
2291862,"",7,"""C""",5,reservation,2291855
2678707,Skyddsjakt på säl,2,"""m"",""c"",""kd""",6,reservation,2678705
2449167,Fritidsgårdsverksamheten,4,"""v""",7,reservation,2449163
1114309,Hållbart jordbruk,1,"""S""",1,reservation,1114308
2492848,Bostadsfinansiering på landsbygden,29,"""m""",19,reservation,2492819
2575305,"",29,"""MP""",23,reservation,2575267
2331811,Förberedelser för monarkins avskaffande ,13,"""v"",""mp""",21,reservation,2331798
2556755,"",2,"""V""",1,reservation,2556753
2294565,"",11,"""MP""",4,reservation,2294554
3371257,"",13,"""C""",9,reservation,3371244
3360098,"",21,"""KD""",6,reservation,3360077
3361234,"",5,"""C""",2,reservation,3361229
1022132,"",2,"""C""",2,reservation,1022130
2642803,"",27,"""C""",12,reservation,2642776
2323265,Åtgärdsprogram för ökade rehabiliteringsinsatser ,5,"""m""",6,reservation,2323260
2509133,Utbildning och forskning inom jordbruks- och livsmedelsområdet,3,"""c""",6,reservation,2509130
2650392,"",7,"""C""",4,reservation,2650385
2486712,Grunddragen i högskolans utveckling i övrigt,7,"""kd""",4,reservation,2486705
2313688,Friskolornas roll i skolsystemet,11,"""s""",15,reservation,2313677
2293350,"",33,"""M"",""KD"",""L""",16,reservation,2293317
2673647,Småviltsjakt ovanför odlingsgränsen,12,"""fp""",12,reservation,2673635
2362982,"",8,"""M"",""C"",""L"",""KD""",8,reservation,2362974
2656152,Översyn av Våldsskildringsrådet,12,"""c"",""fp"",""kd""",18,reservation,2656140
2701283,"",1,"""SD""",1,reservation,2701282
2370214,Behovet av hissar,16,"""v""",17,reservation,2370198
1024910,"",12,"""C""",9,reservation,1024898
2575269,"",2,"""SD""",2,reservation,2575267
2370161,"",7,"""V""",4,reservation,2370154
2468377,Fordonsutveckling,4,"""s""",4,reservation,2468373
2686897,"",10,"""SD""",4,reservation,2686887
2558065,"",7,"""M"",""SD""",3,reservation,2558058
2454726,Könsstympning,12,"""m"",""c"",""fp""",12,reservation,2454714
2674749,"",8,"""KD""",5,reservation,2674741
2427886,Avslag på förslaget till lag om kontroll av ekologisk produktion,1,"""MP"",""V""",1,reservation,2427885
2629475,"",21,"""MP""",11,reservation,2629454
2305547,Användning av vissa sökbegrepp,2,"""v""",5,reservation,2305545
2347597,Beräkningsgrund för fastighetsskatt,4,"""v""",2,reservation,2347593
2609428,"",1,"""M"",""KD""",1,reservation,2609427
2487065,"",17,"""MP""",18,reservation,2487048
3359683,Permanent uppehållstillstånd m.m.,6,"""v"",""mp""",8,reservation,3359677
2439437,"",4,"""V""",5,reservation,2439433
2491948,Samarbete mellan Nobelmuseum i Stockholm och Nobelmuseet i Karlskoga,12,"""v""",17,reservation,2491936
2325456,Omfördelning av årsstudieplatser inom Kunskapslyftet ,16,"""c""",17,reservation,2325440
2362769,"",38,"""C""",31,reservation,2362731
2606198,"",4,"""S"",""V"",""MP""",5,reservation,2606194
2548251,"",11,"""M"",""L""",12,reservation,2548240
2419456,"",6,"""SD""",11,reservation,2419450
2369912,Validering av utländsk utbildning,36,"""v""",37,reservation,2369876
2348167,"",8,"""MP""",4,reservation,2348159
2370140,Individuella programmet,7,"""m"",""c"",""fp"",""kd""",7,reservation,2370133
2603059,"",8,"""MP""",7,reservation,2603051
2529302,Utvärdering av forskarutbildningen,20,"""c""",15,reservation,2529282
2359643,"",7,"""SD""",3,reservation,2359627
3357448,Utmätning av bostäder,1,"""s"",""v"",""mp""",1,reservation,3357447
2541582,Demokratifond för Vitryssland,5,"""fp""",7,reservation,2541577
2437272,Skyddsjakt på säl,31,"""m""",16,reservation,2437241
3364943,"",18,"""V""",11,reservation,3364925
2367201,"",17,"""S""",12,reservation,2367184
2620611,Distansförsäljning av alkohol,9,"""m""",8,reservation,2620602
2460336,Utbildningskrav,11,"""MP"",""V""",9,reservation,2460325
2501011,"",7,"""C""",3,reservation,2501004
2459949,Klimatmål på EU-nivå,3,"""SD""",2,reservation,2459946
2311302,Permissioner ,12,"""v""",8,reservation,2311290
2514658,Andra åtgärder mot överskuldsättning,3,"""v""",2,reservation,2514655
2316874,Stödet till HBT-organisationer,10,"""c"",""fp"",""mp""",14,reservation,2316864
2408806,"",23,"""M""",18,reservation,2408783
2517473,Studenthälsovård,24,"""mp""",33,reservation,2517449
2494163,"",5,"""C""",3,reservation,2494158
2675627,Spelombud,21,"""c""",34,reservation,2675606
3364000,"",16,"""V""",9,reservation,3363984
2326765,"",30,"""SD""",9,reservation,2326735
3363547,Skattereduktion för förvärvsinkomster ,5,"""kd""",3,reservation,3363542
2581384,"",11,"""KD""",7,reservation,2581373
2307278,"",27,"""KD"",""L""",26,reservation,2307251
2293600,"",54,"""M"",""SD""",22,reservation,2293546
2686695,Arbetsmarknaden för verksamma inom kultur,25,"""m""",13,reservation,2686670
2549353,"",1,"""M""",1,reservation,2549352
1042733,"",18,"""S"",""MP""",11,reservation,1042715
2704481,Stöld och rån ,3,"""c""",9,reservation,2704478
3365588,Inriktningen av åtgärder inom insatsområde 1,12,"""m"",""c"",""fp"",""kd""",11,reservation,3365576
2652366,Avslag på propositionen,1,"""c"",""kd""",1,reservation,2652365
2562851,Rekryteringsfrågor och kompetensförsörjning,2,"""S""",3,reservation,2562849
2454452,Representation i Irak,5,"""v""",12,reservation,2454447
2696239,"",8,"""M"",""SD""",3,reservation,2696231
2701497,Konstnärlig forskning,1,"""SD""",1,reservation,2701496
2703544,"",13,"""MP""",6,reservation,2703531
2400510,"Barnombud och barnbalk, m.m.",5,"""fp""",6,reservation,2400505
2686761,"",5,"""M""",5,reservation,2686756
2600274,"",6,"""M""",3,reservation,2600268
2692694,"",7,"""FP""",4,reservation,2692687
2467554,Höghastighetsbanor,11,"""S"",""MP"",""V""",8,reservation,2467543
2395092,Fordonskontroll på väg ,7,"""kd""",10,reservation,2395085
2672849,"",8,"""V""",4,reservation,2672841
2616587,Vidarebosatta m.m.,18,"""V""",10,reservation,2616569
2383997,"",3,"""MP""",3,reservation,2383994
2308314,"",9,"""SD""",5,reservation,2308305
2292787,"",15,"""C""",11,reservation,2292772
2480074,Förlossningsvården ,30,"""c"",""kd""",24,reservation,2480044
2519672,"",8,"""SD""",8,reservation,2519664
2389753,"",1,"""C""",2,reservation,2389752
2351666,"",3,"""M"",""KD""",4,reservation,2351663
1031272,"",21,"""MP""",11,reservation,1031251
2297956,"",1,"""SD""",1,reservation,2297955
2392340,Samarbete mellan amatörer och professionella,2,"""v""",4,reservation,2392338
2493681,"",14,"""V""",5,reservation,2493667
2655280,Elektroniskt distribuerad information till föräldrar,61,"""m"",""c"",""fp"",""kd""",78,reservation,2655219
2436640,Övriga sjukförsäkringsfrågor,21,"""m""",15,reservation,2436619
2415424,"",18,"""M""",13,reservation,2415406
2342891,"",7,"""SD""",6,reservation,2342884
2663997,"",2,"""SD""",1,reservation,2663995
2594590,"",11,"""M"",""C"",""L"",""KD""",12,reservation,2594579
2682896,"",37,"""S""",28,reservation,2682859
2680221,Förnybar energi m.m.,13,"""mp""",9,reservation,2680208
2389407,"",32,"""V""",9,reservation,2389375
1113935,Båtbottenfärg,17,"""S""",17,reservation,1113918
2455129,Barn i trafiken,5,"""s"",""v"",""mp""",7,reservation,2455124
2292488,En ny upplåtelseform ,1,"""c""",1,reservation,2292487
2532628,"",4,"""S"",""MP""",2,reservation,2532624
1004978,EU:s utvidgning,1,"""S""",1,reservation,1004977
2443384,"",6,"""KD""",3,reservation,2443378
2454924,"",8,"""L""",6,reservation,2454916
2349782,Anmälningsplikt m.m. ,6,"""m""",10,reservation,2349776
3363134,"",3,"""SD""",2,reservation,3363131
2485880,Skatteverkets resurser och verksamhet,1,"""s"",""v""",2,reservation,2485879
2406757,Generellt strandskydd m.m. ,11,"""m""",13,reservation,2406746
2437721,Licensjakt på varg,2,"""m"",""kd""",2,reservation,2437719
2441224,"",17,"""V"",""MP""",10,reservation,2441183
1080186,"",2,"""V""",3,reservation,1080184
2539676,Mentorssystem,23,"""kd""",27,reservation,2539653
2445874,"",8,"""L""",16,reservation,2445866
2646762,"",4,"""-""",5,reservation,2646758
2340656,Översyn av stödformerna till konstnärerna,2,"""m"",""c"",""fp"",""kd""",2,reservation,2340654
2431193,"",7,"""C""",4,reservation,2431186
2292653,"",64,"""V""",44,reservation,2292589
1110046,"",7,"""S""",6,reservation,1110039
2479695,"",14,"""L""",13,reservation,2479681
2492841,En ny bostadsfinansiering,22,"""m""",17,reservation,2492819
2540139,Tillgången till matematiklärare,3,"""MP""",3,reservation,2540136
2553057,Minskad köttkonsumtion m.m.,9,"""v""",11,reservation,2553048
2526743,Utvärdering och uppföljning,5,"""MP""",5,reservation,2526738
3361365,Assisterad befruktning,20,"""v""",21,reservation,3361345
2564811,"",1,"""V""",2,reservation,2564810
2411828,Delat barnbidrag och vårdbidrag,1,"""m"",""c"",""fp"",""kd"",""v""",1,reservation,2411827
2299030,Utredningar om ett förändrat studiestödssystem,2,"""v""",1,reservation,2299028
2409053,"",12,"""S""",12,reservation,2409041
1047763,"",12,"""V"",""C"",""MP""",11,reservation,1047751
3137276,"",4,"""L""",2,reservation,3137272
1112283,Turism,3,"""S"",""MP"",""V""",4,reservation,1112280
3362250,Utvärdering av fristående skolor,15,"""m"",""c"",""fp"",""kd""",9,reservation,3362235
2387763,"",17,"""C""",5,reservation,2387746
2682264,Finansiering av åtgärder i Green Cargo AB,4,"""m"",""fp""",3,reservation,2682260
2594396,Motionsförslag behandlade i förenklad ordning,3,"""kd""",1,reservation,2594393
2527174,"",17,"""S""",6,reservation,2527157
2362289,"",12,"""V""",6,reservation,2362268
2496396,Ändrade ramar för utgiftsområden samt ändrade och nya anslag,4,"""s""",23,reservation,2496392
2492113,Värdskolor,24,"""c""",22,reservation,2492089
2487019,"",37,"""MP""",17,reservation,2486982
2322927,HBT-kompetens inom utrikesförvaltningen,8,"""c"",""fp"",""v"",""mp""",17,reservation,2322919
2388338,"",10,"""S""",5,reservation,2388328
2479637,Finansiering av Transportstyrelsen,2,"""s"",""v"",""mp""",2,reservation,2479635
2392346,Handlingsplan för folk- och världsmusik,8,"""v""",10,reservation,2392338
2554768,Bemyndiganden för beställningar av materiel och anläggningar inom försvarsområdet,4,"""v"",""mp""",6,reservation,2554764
2462842,"",2,"""V""",1,reservation,2462840
2654874,"",8,"""SD""",7,reservation,2654866
2548901,Avslag på propositionen,1,"""v""",1,reservation,2548900
3365871,"",20,"""V""",13,reservation,3365851
2693660,Mål till 2020,4,"""s"",""v"",""mp""",6,reservation,2693656
2349323,"",2,"""MP""",2,reservation,2349321
2599924,"",35,"""S"",""V"",""L"",""MP""",20,reservation,2599889
2486715,Högskoleavgifter för studenter från länder utanför EES,10,"""m"",""kd""",6,reservation,2486705
2581796,Privatisering av kommunala skolor,22,"""s""",22,reservation,2581774
2523296,"",18,"""SD""",14,reservation,2523278
2687123,"",15,"""M""",9,reservation,2687108
2294606,Verkställighet av avvisnings- och utvisningsbeslut,27,"""SD""",14,reservation,2294579
2692921,"",3,"""S""",3,reservation,2692918
2677405,"",61,"""C""",26,reservation,2677344
2437415,Konkurrensneutralitet,4,"""m""",4,reservation,2437411
2572032,Linjer i gymnasieskolan,1,"""fp""",1,reservation,2572031
2470676,"",8,"""SD""",5,reservation,2470667
2613332,"",20,"""M""",13,reservation,2613312
2492448,Polisforskning,6,"""m"",""c"",""fp""",7,reservation,2492442
2516020,"",21,"""C""",7,reservation,2515999
1114056,Ledsagarservice enligt LSS,11,"""S"",""MP"",""V""",15,reservation,1114042
2614547,"",1,"""M"",""SD"",""KD""",2,reservation,2614546
2426784,"",13,"""SD""",9,reservation,2426771
2375030,"",6,"""L""",2,reservation,2375024
2511307,Insatser för utsatta barn ,36,"""v""",50,reservation,2511271
2387760,"",14,"""L""",3,reservation,2387746
2420477,EG:s framtida sammanhållningspolitik,2,"""m"",""c"",""fp"",""kd"",""mp""",4,reservation,2420475
2436312,Marin forskning ,7,"""v""",9,reservation,2436305
2657039,Gömda personer,31,"""c"",""fp"",""mp""",22,reservation,2657008
2307264,"",13,"""M"",""SD"",""KD""",13,reservation,2307251
2307989,"",5,"""KD""",2,reservation,2307984
2455132,Mobiltelefoni,8,"""v"",""mp""",11,reservation,2455124
2446535,"",2,"""M""",2,reservation,2446533
2518994,"",1,"""MP""",1,reservation,2518993
2682349,EU:s budgetöversyn,7,"""mp""",8,reservation,2682342
2526925,Hänsyn till koldioxidutsläpp och avstånd vid offentlig upphandling,13,"""v"",""mp""",13,reservation,2526912
2382245,"",17,"""M""",23,reservation,2382228
2390163,"",2,"""SD"",""-""",5,reservation,2390161
2400394,Nordea Bank AB,6,"""mp""",4,reservation,2400388
3362747,Skolledarutbildning med rektorsexamen,28,"""m"",""fp"",""kd""",24,reservation,3362719
2624221,Vägvisning,3,"""m"",""c"",""fp"",""kd""",3,reservation,2624218
1111737,Nationella kunskapskrav,4,"""MP"",""SD"",""V""",3,reservation,1111733
2503949,Allmänt om brottsoffer ,3,"""m""",1,reservation,2503946
2649017,Jordbrukspolitiken och östutvidgningen ,14,"""m""",10,reservation,2649003
2678718,Subsidiaritetsprincipen i jakt- och rovdjurspolitiken,13,"""m"",""c"",""kd""",20,reservation,2678705
2300995,Kompetenskrav för utryckningsförare,13,"""s"",""mp""",13,reservation,2300982
2394602,Forum i diskrimineringsmål ,27,"""c""",35,reservation,2394575
2573906,Statens ansvar för grundläggande betaltjänster,1,"""s"",""v"",""mp""",1,reservation,2573905
2459615,Rennäringsfrågor,6,"""SD""",6,reservation,2459609
2657898,"",12,"""SD""",5,reservation,2657886
2382240,"",12,"""SD""",16,reservation,2382228
3358908,Klimatmärkning av livsmedel,8,"""s"",""v""",7,reservation,3358900
2357370,Inriktning för förbandsverksamheten ,6,"""v""",2,reservation,2357364
2431237,"",4,"""KD""",3,reservation,2431227
2673514,Miljöforskning,72,"""kd""",51,reservation,2673442
2446602,"",1,"""SD""",1,reservation,2446601
2297078,Sanktioner,20,"""MP"",""V""",18,reservation,2297058
2688236,"",19,"""SD""",13,reservation,2688217
2397591,Kortare handläggningstider,3,"""c""",3,reservation,2397588
2575534,"",3,"""KD""",2,reservation,2575531
2370392,Kärnämnen,22,"""m"",""c"",""fp"",""kd""",21,reservation,2370370
2318627,Följdlagstiftning i propositioner om rambeslut,1,"""m""",2,reservation,2318626
2346784,E-legitimationer m.m.,9,"""m"",""c"",""fp"",""kd""",10,reservation,2346775
3363570,"",8,"""C""",5,reservation,3363562
2506802,Fördelningen av lediga förskoleplatser,3,"""S""",3,reservation,2506799
2337666,"",4,"""C""",3,reservation,2337662
2671373,Jämställdhetsinsatser för att motverka människohandel,48,"""mp""",44,reservation,2671325
2312464,"",5,"""M"",""KD""",6,reservation,2312459
2695932,"",1,"""SD""",1,reservation,2695931
3359131,EU och lagstiftning om vilda djur,10,"""s"",""v""",13,reservation,3359121
2673452,Skuldavskrivning m.m.,10,"""m""",8,reservation,2673442
2529291,Ämnesråden inom Vetenskapsrådet,9,"""fp""",7,reservation,2529282
2298851,Mål och prioriteringar,1,"""m"",""c"",""fp"",""kd""",1,reservation,2298850
2492094,Tidpunkt för skolstart,5,"""m"",""c"",""kd""",4,reservation,2492089
2704590,Följdlagstiftning i propositioner om godkännande av rambeslut,2,"""m"",""c"",""fp""",3,reservation,2704588
2335457,"",5,"""SD"",""KD""",3,reservation,2335452
2384417,Kollektiva hemförsäkringar,4,"""m""",6,reservation,2384413
2399019,Miljöorganisationers talerätt,12,"""mp""",8,reservation,2399007
2655255,Barn med svårigheter i det sociala samspelet,36,"""m"",""fp"",""kd""",46,reservation,2655219
2420064,Hållbar sjöfart,21,"""c"",""kd""",18,reservation,2420037
2484619,"",11,"""V""",5,reservation,2484608
2509320,"",1,"""M""",1,reservation,2509319
2324911,Högskolepedagogisk utbildning och forskning ,18,"""m"",""fp""",13,reservation,2324893
3362640,"",21,"""S""",13,reservation,3362619
2560731,"",8,"""SD""",6,reservation,2560723
2425350,Det kommunala flyktingmottagandet,3,"""v""",4,reservation,2425347
2626312,"",14,"""M""",6,reservation,2626298
2531137,Polisens utredningsverksamhet ,8,"""kd""",7,reservation,2531129
2650731,Förbättrat centralt och regionalt stöd,7,"""kd""",6,reservation,2650724
2393870,"",4,"""V""",4,reservation,2393866
2647132,Miljödifferentierade avgifter,6,"""v"",""mp""",7,reservation,2647126
2663347,Vård och behandling av olika sjukdomar m.m.,34,"""fp""",20,reservation,2663313
2498470,Den narkotikapolitiska inriktningen och förebyggande arbete m.m.,1,"""m""",2,reservation,2498469
2292906,"",7,"""V""",3,reservation,2292899
2355542,"",2,"""S"",""V"",""MP""",3,reservation,2355540
3362039,Särskolans personkrets,6,"""kd""",7,reservation,3362033
2387963,"",14,"""SD"",""-""",18,reservation,2387949
2575769,"",4,"""M""",2,reservation,2575765
2680423,Ändring i produktsäkerhetslagen,1,"""mp""",1,reservation,2680422
2359882,Godkännande av Prümrådsbeslutet,1,"""s""",1,reservation,2359881
3360848,Hushållningen med mark- och vattenområden,1,"""MP""",1,reservation,3360847
1113552,Ungdomars fritidsverksamhet,5,"""S""",6,reservation,1113547
2311355,Psykisk ohälsa och stress ,9,"""kd""",5,reservation,2311346
2673475,Åtgärder mot försurning och övergödning m.m.,33,"""fp""",25,reservation,2673442
2514648,M/S Estonias förlisning,3,"""kd"",""mp""",4,reservation,2514645
2632079,"",1,"""KD""",1,reservation,2632078
2495873,"",8,"""KD""",3,reservation,2495865
2337688,"",26,"""M"",""KD""",22,reservation,2337662
2431821,Nordiskt samarbete kring anpassning,14,"""S"",""V""",13,reservation,2431807
2492095,Tidpunkt för skolstart,6,"""fp""",4,reservation,2492089
2501070,Decentraliserad organisation för att spegla hela landet,9,"""m""",6,reservation,2501061
2522941,"",1,"""M""",1,reservation,2522940
2570978,Arbetsmiljöns påverkan på forskningens kvalitet,5,"""c""",5,reservation,2570973
2612058,"",5,"""C""",4,reservation,2612053
3362742,Kompetensutveckling av viss skolpersonal om ätstörningar,23,"""m""",21,reservation,3362719
2430459,"",11,"""S""",6,reservation,2430448
2370162,"",8,"""KD""",4,reservation,2370154
2657040,Familjesplittring,32,"""c"",""fp"",""kd""",23,reservation,2657008
2338012,Inriktningen av äldrepolitiken ,5,"""m""",2,reservation,2338007
1095079,"",5,"""S"",""V"",""MP""",3,reservation,1095074
2698576,"",3,"""KD""",1,reservation,2698573
2601670,"",17,"""M"",""KD""",11,reservation,2601653
2509407,"",15,"""SD""",13,reservation,2509392
2455888,Museisektorns struktur,16,"""m""",34,reservation,2455872
2309148,Arkivering och gallring ,4,"""c"",""kd""",5,reservation,2309144
2673719,Avslag på propositionen,1,"""s"",""v"",""mp""",1,reservation,2673718
2312641,"Miljökrav, transport m.m.",6,"""S""",3,reservation,2312635
2340958,"",17,"""SD"",""-""",29,reservation,2340941
2496308,"",4,"""SD""",2,reservation,2496304
2453795,Målkonflikter,15,"""S"",""MP"",""V""",11,reservation,2453780
2414607,Elpådrivare,25,"""v"",""mp""",24,reservation,2414579
2489024,"",4,"""S""",4,reservation,2489020
2325495,Forskning inom området elektromagnetisk strålning ,55,"""v""",74,reservation,2325440
2298852,Alkohol i trafiken,2,"""m"",""c"",""fp"",""kd""",2,reservation,2298850
3360286,"",19,"""MP""",10,reservation,3360267
2699938,"",8,"""V""",10,reservation,2699930
2359328,Högmålsbrott ,2,"""v"",""mp""",6,reservation,2359326
2492202,Nationella prov,10,"""kd""",9,reservation,2492190
2328150,"",2,"""V""",1,reservation,2328148
2447414,"",30,"""M""",21,reservation,2447384
2393693,"",3,"""L""",4,reservation,2393690
2298535,Jämställdhet,5,"""mp""",3,reservation,2298530
2509250,EU som global aktör,5,"""SD""",2,reservation,2509245
2473227,"",1,"""M"",""C"",""L"",""KD""",1,reservation,2473226
2496370,"",29,"""KD""",18,reservation,2496341
2658123,Ny kulturutredning,3,"""mp""",3,reservation,2658120
1004950,"",9,"""C""",6,reservation,1004941
2298908,EU - en kärnvapenfri zon,28,"""v""",34,reservation,2298880
2470140,Näringspolitikens inriktning,3,"""V""",1,reservation,2470137
2406747,Små företags situation m.m. ,1,"""kd""",1,reservation,2406746
2389765,"",13,"""V""",19,reservation,2389752
2317041,Tillämpningen av LVM,33,"""kd""",27,reservation,2317008
2426028,Staten på elmarknaden,3,"""MP""",1,reservation,2426025
2513578,Underlag m.m. från kommunerna,4,"""SD""",3,reservation,2513574
2606057,"",1,"""M""",2,reservation,2606056
2304178,"",27,"""SD""",31,reservation,2304151
2373458,Konsumentinformation,12,"""s"",""v"",""mp""",18,reservation,2373446
2590011,"",14,"""M""",10,reservation,2589997
2618388,Solenergi,20,"""m"",""fp""",13,reservation,2618368
2298437,Upphandling av flyg- och järnvägstrafik,6,"""s"",""v"",""mp""",6,reservation,2298431
2383348,"",14,"""V""",6,reservation,2383334
2675611,Finansiering med medel från spelanordnare m.m. av åtgärder mot negativa konsekvenser av spel,5,"""kd""",14,reservation,2675606
2619381,"",10,"""S""",7,reservation,2619371
1004947,"",6,"""MP""",4,reservation,1004941
2304816,"",2,"""KD""",1,reservation,2304814
2649993,"",15,"""MP""",5,reservation,2649978
1113306,Beslut om utgiftsramar och beräkning av inkomsterna på statens budget för 2012,5,"""S""",2,reservation,1113301
2704235,Uppföljning av MU-avtalet,3,"""S"",""V""",3,reservation,2704232
2679803,"",4,"""V""",1,reservation,2679799
2462074,"",8,"""M""",3,reservation,2462066
2458416,Utbildning i specialpedagogik,12,"""m"",""fp""",13,reservation,2458404
2518440,"",2,"""SD""",1,reservation,2518438
1004959,"",18,"""C""",9,reservation,1004941
2434015,"",25,"""L""",20,reservation,2433990
3358790,"",16,"""SD""",6,reservation,3358774
2646571,Ersättningsnivån i rättsskyddsförsäkringar,2,"""v""",1,reservation,2646569
2352341,"",21,"""S""",12,reservation,2352320
2586677,"",23,"""L""",28,reservation,2586654
2298168,"",3,"""SD""",2,reservation,2298165
2449337,Klimatinsatser,26,"""MP"",""V""",18,reservation,2449311
1035170,"",11,"""MP""",5,reservation,1035159
2623940,"",15,"""C""",10,reservation,2623925
2612164,Ökad rättstrygghet för homosexuella m.fl.,5,"""c""",3,reservation,2612159
2290846,"",13,"""M""",11,reservation,2290833
2560464,"",15,"""S""",10,reservation,2560449
2556537,"",16,"""V""",17,reservation,2556521
2494477,"",21,"""M""",7,reservation,2494456
2413127,Så kallade bilmålvakter,1,"""s"",""v"",""mp""",1,reservation,2413126
2649042,Jordbruket i norra Sverige ,39,"""c""",31,reservation,2649003
2576499,"",11,"""S"",""MP"",""V""",12,reservation,2576488
2395973,Jordbrukets miljöpåverkan,3,"""s""",4,reservation,2395970
2293146,"",24,"""SD""",10,reservation,2293122
2324810,"",1,"""V""",1,reservation,2324809
2474681,Riksnormen,7,"""m"",""c""",3,reservation,2474674
3360502,Grannsamverkan inom jordbruk,5,"""v""",4,reservation,3360497
2706063,"",10,"""M""",12,reservation,2706053
2695130,Rätten till ett hyreskontrakt,1,"""v"",""mp""",1,reservation,2695129
1094794,"",5,"""C""",3,reservation,1094789
2666727,"",3,"""M""",2,reservation,2666724
2338618,"",15,"""M""",6,reservation,2338603
2678690,Allmänt om användning av försöksdjur,1,"""v"",""mp""",1,reservation,2678689
2591352,Återvändande till hemlandet,5,"""m"",""c"",""fp""",9,reservation,2591347
3360150,"",17,"""V""",7,reservation,3360133
1110840,Landinformation m.m.,2,"""S""",3,reservation,1110838
2600029,"",12,"""KD""",10,reservation,2600017
2340388,"",10,"""M"",""C"",""L"",""KD""",8,reservation,2340378
2347353,"",16,"""V""",6,reservation,2347337
2561994,"",1,"""SD""",3,reservation,2561993
2455238,"",14,"""SD""",15,reservation,2455223
2679830,"",31,"""SD""",12,reservation,2679799
2659188,"",13,"""M""",5,reservation,2659175
2306872,Registrering av arbetssökande ,18,"""kd""",11,reservation,2306854
2485321,Parkeringsfrågor,8,"""MP""",6,reservation,2485313
3359700,Undersökning om sexualvanor,23,"""s"",""v""",26,reservation,3359677
3360819,"",20,"""SD""",20,reservation,3360799
2693072,Trängselskatt för miljöbilar,2,"""v""",1,reservation,2693070
2291751,"",7,"""V"",""MP""",3,reservation,2291744
2453601,"",9,"""S"",""C"",""MP""",10,reservation,2453592
2400003,"",2,"""C""",1,reservation,2400001
2618610,"",5,"""M"",""C"",""L"",""KD""",9,reservation,2618605
2527172,"",15,"""MP""",5,reservation,2527157
2627181,Översyn av möjligheten att återinföra fri entré på de statliga museerna,3,"""S"",""V""",21,reservation,2627178
2435756,Miljövänliga drivmedel ,6,"""fp""",10,reservation,2435750
2292442,Anslagstilldelningen efter 2002 ,50,"""m"",""-""",27,reservation,2292392
2557389,Eftergymnasiala studier för särskoleelever,10,"""S""",8,reservation,2557379
2425835,"",10,"""KD""",3,reservation,2425825
2500572,"",4,"""MP""",2,reservation,2500568
2649990,"",12,"""M""",5,reservation,2649978
1057099,"",23,"""V"",""MP""",17,reservation,1057076
2652571,Neuropsykiatriska funktionshinder,28,"""kd""",30,reservation,2652543
2432697,Krav på god kvalitet vid överföring av el ,3,"""fp""",4,reservation,2432694
2329542,Stöd till enskild,2,"""m""",3,reservation,2329540
2518996,"",3,"""SD""",3,reservation,2518993
2662262,Förbud mot PFOA,6,"""MP"",""V""",7,reservation,2662256
2350059,Allmän inriktning av den regionala utvecklingspolitiken,1,"""m"",""c"",""fp"",""kd""",1,reservation,2350058
2517302,Omprövning av betyg,30,"""v""",29,reservation,2517272
1056776,"",19,"""S""",9,reservation,1056757
2301095,"",17,"""MP""",10,reservation,2301078
1112989,Metoder för att barn och ungdomar inte ska börja använda tobaksprodukter,11,"""V""",9,reservation,1112978
2671137,"",15,"""M""",6,reservation,2671122
2704808,"",1,"""SD"",""V"",""KD""",2,reservation,2704807
2700280,Värdigt liv i äldreomsorgen,1,"""s"",""v"",""mp""",1,reservation,2700279
2400074,"",10,"""V""",7,reservation,2400064
2404765,Utökad användning av bygdemedel och återföring av del av vattenkraftsvinster ,15,"""kd""",18,reservation,2404750
2517031,"",20,"""V""",11,reservation,2517011
2511455,Beslutsfattandet vid gemensam vårdnad,6,"""c"",""fp"",""kd""",6,reservation,2511449
2622786,"",8,"""V""",7,reservation,2622778
2295862,Skogsstyrelsens framtida roll,1,"""S""",3,reservation,2295861
3136747,"",7,"""M"",""C"",""KD""",7,reservation,3136740
2649590,Skador orsakade av skarv m.m. ,25,"""m"",""c"",""kd""",37,reservation,2649565
2459340,"",13,"""C""",10,reservation,2459327
2380112,"",3,"""SD""",4,reservation,2380109
2330925,Översyn av fördelningsprinciperna för bidragen till studieförbunden,31,"""fp""",52,reservation,2330894
2401696,"Skatteskala, grundavdrag m.m.",1,"""s""",1,reservation,2401695
2413129,Förbehållsbeloppet vid utmätning,3,"""s"",""v""",3,reservation,2413126
2426955,"",6,"""SD""",3,reservation,2426949
3360706,"",26,"""M"",""C""",27,reservation,3360680
2437034,"",8,"""M""",10,reservation,2437026
2628845,Återvändande,3,"""V""",2,reservation,2628842
2666425,"",2,"""SD""",1,reservation,2666423
2580073,"Anslag, bemyndiganden, investeringsplaner m.m.",1,"""S""",1,reservation,2580072
2554360,Deltagande i militära och civila internationella insatser,12,"""SD""",5,reservation,2554348
2453744,Fattigdomsbekämpning,17,"""kd""",7,reservation,2453727
2365729,Asyl- och invandringspolitik,12,"""v""",12,reservation,2365717
2704843,Gåvor och bidrag till ideella ändamål,14,"""m""",14,reservation,2704829
2632773,"",2,"""M""",4,reservation,2632771
2322186,Avslag på propositionen,1,"""m""",1,reservation,2322185
2402198,"",38,"""SD""",17,reservation,2402160
2523629,"",18,"""SD""",6,reservation,2523611
2670553,"",11,"""SD""",10,reservation,2670542
1114668,Nedskräpning,4,"""S"",""V""",4,reservation,1114664
2523175,"",2,"""SD""",1,reservation,2523173
2355552,"",3,"""V""",2,reservation,2355549
1042407,"",17,"""S""",14,reservation,1042390
1005010,Konkurrens med goda arbetsvillkor,33,"""V""",16,reservation,1004977
1045285,"",6,"""V""",6,reservation,1045279
2331805,Tidpunkt för rösträtt ,7,"""c"",""fp"",""v"",""mp""",10,reservation,2331798
2500068,"",14,"""MP""",11,reservation,2500054
2496689,"",44,"""MP""",21,reservation,2496645
2345106,"",10,"""KD""",4,reservation,2345096
2684699,"",13,"""V""",5,reservation,2684686
2310445,Läkemedelsförsörjningen vid sjukvårdsinrättningar ,54,"""m""",52,reservation,2310391
2292088,"",35,"""MP""",18,reservation,2292053
2518047,"",15,"""KD""",6,reservation,2518031
2375184,"",2,"""V""",1,reservation,2375182
2594408,"",1,"""C""",2,reservation,2594407
2428345,Hemlöshet,37,"""v""",56,reservation,2428308
2673128,"",4,"""V""",3,reservation,2673124
2356687,"",4,"""M"",""SD"",""KD""",4,reservation,2356683
2590765,Skolinspektionens befogenheter vid tillsyn,8,"""SD"",""V""",6,reservation,2590751
2447261,Andra skyddsbehövande,2,"""mp""",2,reservation,2447259
2702104,Legitimationsfrågor,17,"""MP"",""V""",14,reservation,2702087
2673526,Regional utveckling,84,"""m""",57,reservation,2673442
2502763,"",67,"""C"",""V""",23,reservation,2502696
3364601,Sexhjälpmedel,3,"""v""",7,reservation,3364598
2642474,Föräldraledighet m.m.,12,"""kd""",10,reservation,2642462
2637940,"",12,"""SD""",7,reservation,2637928
2614667,"",26,"""S""",19,reservation,2614641
2704237,Förstärkt information om enprocentsregeln,5,"""S"",""V""",5,reservation,2704232
2417693,"",4,"""M""",4,reservation,2417689
2660033,"",2,"""V""",2,reservation,2660031
2335635,"",30,"""SD""",27,reservation,2335605
2556527,"",6,"""S""",10,reservation,2556521
2585825,En förbättrad kapitalstruktur i statliga bolag,2,"""m"",""c"",""fp"",""kd""",2,reservation,2585822
2302134,Invandrade kvinnors förutsättningar att tillvarata sina rättigheter,4,"""v""",5,reservation,2302130
2297991,"",36,"""MP""",18,reservation,2297955
2446503,"",7,"""C""",4,reservation,2446496
2298804,Kommissionens årliga politiska strategi för år 2010,2,"""v""",1,reservation,2298802
2447403,"",19,"""SD""",12,reservation,2447384
2437060,"",34,"""M""",52,reservation,2437026
2586661,"",7,"""SD""",10,reservation,2586654
2686808,"",13,"""SD""",5,reservation,2686795
2364439,"",32,"""KD""",21,reservation,2364407
2435936,Energieffektivisering i byggnader ,68,"""m""",98,reservation,2435868
2684577,"",4,"""M"",""KD""",4,reservation,2684573
2295218,Utvidgad målgrupp för samhällsorientering m.m.,2,"""SD""",1,reservation,2295216
2539673,Teknikprogrammet,20,"""fp""",24,reservation,2539653
1057370,"",15,"""C""",24,reservation,1057355
2449830,Mål för bostadspolitiken,1,"""m""",3,reservation,2449829
2512661,"",18,"""SD""",14,reservation,2512643
2549236,En förutsättningslös översyn av Statens konstråds verksamhet ,1,"""m""",1,reservation,2549235
2395285,"",18,"""SD""",12,reservation,2395267
2306877,Gömda barns skolgång ,23,"""mp""",14,reservation,2306854
2422206,"",9,"""V""",4,reservation,2422197
3360457,"",1,"""C""",1,reservation,3360456
1056778,"",21,"""C""",9,reservation,1056757
2523123,Skuldsanering för näringsidkare,1,"""m""",2,reservation,2523122
2381467,"",13,"""V""",7,reservation,2381454
2676397,"",5,"""M"",""C"",""L"",""KD""",3,reservation,2676392
2623009,"",4,"""SD""",2,reservation,2623005
2302753,"",14,"""SD""",7,reservation,2302739
2314874,"",8,"""SD""",7,reservation,2314866
2615147,"",5,"""C""",6,reservation,2615142
2296673,"",3,"""M""",2,reservation,2296670
2474876,Orsakerna till de svaga resultaten inom svenska för invandrare (sfi),10,"""m"",""c""",10,reservation,2474866
2487369,Högskoleavgifter för studenter från länder utanför EES,22,"""kd""",25,reservation,2487342
2402194,"",34,"""M""",16,reservation,2402160
2703835,"",1,"""M"",""SD"",""L"",""KD""",1,reservation,2703834
2698383,Föräldrars val mellan familjedaghem och förskola,36,"""m"",""c""",24,reservation,2698347
2643948,"",29,"""S""",19,reservation,2643919
2665792,Parkeringsfrågor,8,"""S"",""MP"",""V""",12,reservation,2665784
2659288,"",8,"""M""",9,reservation,2659280
2576505,"",17,"""S"",""MP"",""V""",19,reservation,2576488
1112129,Europeiskt pantsystem,2,"""S"",""V""",2,reservation,1112127
2533518,"",3,"""SD""",4,reservation,2533515
2524333,Integration på bostadsmarknaden,40,"""v""",44,reservation,2524293
1045545,"",3,"""S""",2,reservation,1045542
2310195,"",9,"""SD""",7,reservation,2310186
2372039,Kartläggning av hemlöshet,21,"""V""",19,reservation,2372018
2548979,Prioritering av arbetet mot våldsbrott mot barn,3,"""s""",4,reservation,2548976
2543784,Kina,10,"""fp"",""kd"",""mp""",11,reservation,2543774
2548828,Övriga frågor,6,"""s"",""v"",""mp""",5,reservation,2548822
2651864,Miljöhänsyn och sociala hänsyn,5,"""mp""",4,reservation,2651859
2410196,Slakt,12,"""mp""",11,reservation,2410184
3363218,Kontrollmyndigheter,5,"""c"",""kd""",10,reservation,3363213
2521187,"",16,"""V""",15,reservation,2521171
2379319,Lag om yrkeshögskolan,3,"""mp""",1,reservation,2379316
2291515,"",13,"""M"",""SD""",4,reservation,2291502
2299244,Säkra uppställningsplatser,6,"""M"",""FP"",""C"",""KD""",8,reservation,2299238
2580578,Samverkan mellan rättsväsendet och den ideella sektorn,9,"""MP""",17,reservation,2580569
2521560,"",18,"""V""",14,reservation,2521542
2336049,Införlivande av konventioner om mänskliga rättigheter i svensk rätt,3,"""MP""",9,reservation,2336046
2376967,Trafikverkets telekommunikationsverksamhet (ICT),2,"""S"",""MP"",""V""",7,reservation,2376965
2408128,"",26,"""KD""",23,reservation,2408102
2436361,Vägsalt ,3,"""c""",8,reservation,2436358
2521179,"",8,"""S"",""V""",8,reservation,2521171
2308337,"",1,"""SD""",1,reservation,2308336
2394734,"",3,"""V""",4,reservation,2394731
2290838,"",5,"""C""",4,reservation,2290833
3359134,Genetiskt modifierade organismer,13,"""mp""",15,reservation,3359121
2552157,"",7,"""V""",3,reservation,2552150
2566682,Politikens genomförande,4,"""s"",""v"",""mp""",3,reservation,2566678
2617474,"",7,"""C""",3,reservation,2617467
2546246,Utredning om influensavaccinering,17,"""v""",22,reservation,2546229
2575969,Mobiltelefontäckning,3,"""s"",""v"",""mp""",6,reservation,2575966
2702097,Skattemedel till skolan,10,"""SD"",""V""",8,reservation,2702087
2380701,"",1,"""C""",1,reservation,2380700
3365463,Utsläppsminskningar från sektorerna,20,"""mp""",18,reservation,3365443
2409489,"",1,"""SD""",1,reservation,2409488
2474573,"",18,"""M"",""SD""",8,reservation,2474555
2474616,"",9,"""S"",""V"",""MP""",5,reservation,2474607
2366075,"",19,"""SD""",10,reservation,2366056
2381813,"",2,"""SD""",2,reservation,2381811
2292437,Bostadsbidragens utformning på längre sikt ,45,"""fp""",22,reservation,2292392
2321592,Skatte- och avgiftskontroll m.m.,1,"""s"",""v""",1,reservation,2321591
2345058,"",20,"""SD""",22,reservation,2345038
2462073,"",7,"""V""",2,reservation,2462066
2470975,Ansökningar om EU-bidrag,7,"""m"",""c"",""fp"",""kd""",8,reservation,2470968
2330259,Investeringsstöd för studentbostäder,28,"""m"",""fp""",24,reservation,2330231
2309387,Kompetensutveckling i frågor om miljöbrott ,9,"""kd"",""mp""",10,reservation,2309378
2575533,"",2,"""V""",2,reservation,2575531
2516555,Reklam riktad till barn,7,"""MP""",3,reservation,2516548
3360086,"",9,"""C""",3,reservation,3360077
2532589,"",6,"""C"",""MP""",6,reservation,2532583
2367655,"",3,"""C""",1,reservation,2367652
2444420,"",22,"""V""",10,reservation,2444398
2700997,"",7,"""S""",3,reservation,2700990
2317582,Avdragsrätt för hushållsnära tjänster,45,"""m"",""c"",""fp"",""kd""",24,reservation,2317537
2479914,"",5,"""M"",""C"",""L"",""KD""",6,reservation,2479909
2581813,Individanpassad undervisning,39,"""mp""",35,reservation,2581774
2345632,Fördelningen av medel till ämnesråden inom Vetenskapsrådet,24,"""mp""",20,reservation,2345608
2557692,Skatteflyktslagen,8,"""V""",8,reservation,2557684
2526924,Det fortsatta arbetet,12,"""v"",""mp""",12,reservation,2526912
2594728,Stöd för och skydd till brottsoffer,14,"""S""",11,reservation,2594714
2465609,National Institute of Health,9,"""m""",3,reservation,2465600
2480444,Offentliga ombud,2,"""s"",""v"",""mp""",3,reservation,2480442
2671017,Kompensation och stöd till oskyldigt misstänkta,30,"""c"",""v""",27,reservation,2670987
3379528,"",9,"""V""",4,reservation,3379519
2566120,Tilläggsprotokoll till ESK-konventionen,17,"""v"",""mp""",15,reservation,2566103
2702247,"",7,"""MP""",3,reservation,2702240
2463046,"",1,"""C"",""L""",2,reservation,2463045
2657613,Entreprenadmaskiner,10,"""mp""",12,reservation,2657603
3363453,"",30,"""S""",19,reservation,3363423
3361779,Lagen om könstillhörighet,29,"""mp""",34,reservation,3361750
2676917,"",19,"""C""",9,reservation,2676898
2295545,Jourverksamhet vid allmänna domstolar,3,"""MP"",""V""",4,reservation,2295542
2340342,"",1,"""V""",2,reservation,2340341
2420165,Avgifter för slakterikontroll,11,"""m""",15,reservation,2420154
2523505,"",6,"""V"",""MP""",4,reservation,2523499
2457123,"",4,"""KD""",1,reservation,2457119
2601343,"",41,"""C""",21,reservation,2601302
2628925,"",7,"""V""",6,reservation,2628910
2390118,"",6,"""M""",5,reservation,2390112
3358360,Djurskyddstillsyn,18,"""SD""",17,reservation,3358342
2326029,"",32,"""C""",17,reservation,2325997
2648842,Utrikesförvaltningen och EU,7,"""kd""",9,reservation,2648835
2637454,"",14,"""C""",14,reservation,2637440
2368714,"",25,"""C""",11,reservation,2368689
2686337,"",24,"""MP""",8,reservation,2686313
1047699,"",7,"""S"",""C""",4,reservation,1047692
2686284,Hållbart fiske m.m.,2,"""fp"",""kd""",2,reservation,2686282
2299044,Studiemedel vid sjukdom,16,"""kd""",21,reservation,2299028
2413573,Övergripande frågor om EU:s allmänna inriktning ,5,"""kd""",2,reservation,2413568
2661435,Flyktingmottagande m.m.,6,"""s""",5,reservation,2661429
2366085,"",29,"""L""",12,reservation,2366056
2612636,Kommunalt självstyre ,9,"""kd""",7,reservation,2612627
2428542,Läkemedels miljöpåverkan,13,"""m"",""c"",""fp"",""kd""",16,reservation,2428529
2292322,"",10,"""V""",8,reservation,2292312
3363351,"",6,"""SD""",8,reservation,3363345
2680449,"",4,"""M"",""KD"",""L""",5,reservation,2680445
2627736,Vidgat uppdrag för Vasallen AB ,3,"""m"",""fp"",""kd""",3,reservation,2627733
2498114,"",5,"""SD""",7,reservation,2498109
2436879,"",24,"""M""",21,reservation,2436855
2599911,"",22,"""M"",""SD"",""C""",10,reservation,2599889
3362122,"",5,"""KD""",5,reservation,3362117
1113849,Retroaktiva namnbyten,2,"""s"",""v""",2,reservation,1113847
2703702,"",2,"""MP""",2,reservation,2703700
2311932,"",46,"""SD""",31,reservation,2311886
2359332,Återfall i brott ,6,"""m""",14,reservation,2359326
2343295,"",1,"""S"",""MP""",1,reservation,2343294
2486126,Besöksvisum,30,"""s""",20,reservation,2486096
1045303,"",6,"""C""",4,reservation,1045297
2486927,Valfrihet för funktionshindrade elever,5,"""m"",""c"",""fp"",""kd""",5,reservation,2486922
2433952,"",1,"""M""",1,reservation,2433951
2292648,"",59,"""S"",""V"",""MP""",40,reservation,2292589
2393080,Märkning av produkter innehållande GMO ,4,"""mp""",6,reservation,2393076
2630659,"",9,"""V""",4,reservation,2630650
2343207,Ändring i finansieringslagen,2,"""kd""",4,reservation,2343205
3358415,"Kollektivavtal, socialt företagande m.m.",2,"""SD""",1,reservation,3358413
3365268,"",9,"""MP""",5,reservation,3365259
2407671,Modulering och finansiering av miljö- och landsbygdsprogrammet,24,"""fp""",20,reservation,2407647
3365505,Åtgärder inom jordbrukssektorn,62,"""fp"",""mp""",54,reservation,3365443
3362978,Översyn av narkotikalagstiftningen,3,"""s"",""mp""",3,reservation,3362975
2654956,"",22,"""MP""",9,reservation,2654934
2634522,"",4,"""SD""",2,reservation,2634518
2623566,"",3,"""MP""",2,reservation,2623563
2599735,"Utsläpp av kväve- och svaveloxider, miljödifferentierade hamnavgifter m.m.",3,"""s""",6,reservation,2599732
2580702,"""Tredje gången gillt""-princip för vissa brottstyper",7,"""SD""",8,reservation,2580695
2501269,"",86,"""C""",45,reservation,2501183
2430221,"",2,"""SD""",2,reservation,2430219
2449667,Ledningsrätt,16,"""v"",""mp""",15,reservation,2449651
2654979,Elcertifikatssystemet,8,"""mp""",4,reservation,2654971
2655306,Reklamfri zon,86,"""mp""",105,reservation,2655219
2305142,Återinförande av de statliga specialskolorna,10,"""m"",""c"",""fp"",""kd""",10,reservation,2305132
2415054,Privatisering av arbetsskadeförsäkringen,40,"""kd""",39,reservation,2415014
2305049,"",36,"""C"",""V""",26,reservation,2305013
2610244,"",2,"""V""",1,reservation,2610242
2325890,"",3,"""L""",1,reservation,2325887
2352356,"",36,"""C""",18,reservation,2352320
2540892,"",4,"""C""",2,reservation,2540888
2328254,Fler mål i domstol,29,"""mp""",27,reservation,2328225
2642104,"",1,"""SD""",1,reservation,2642103
1114155,Insatser för funktionshindrade och andra särskilt utsatta kvinnor,22,"""s"",""v"",""mp""",35,reservation,1114133
2437724,Beslut om skyddsjakt på enskilda individer av rovdjur,5,"""m"",""c"",""kd""",7,reservation,2437719
2630619,"",22,"""MP""",15,reservation,2630597
1057248,"",16,"""V"",""MP""",9,reservation,1057232
2393873,"",7,"""V""",9,reservation,2393866
2441895,Övriga turordningsfrågor,7,"""v""",9,reservation,2441888
2691797,"",13,"""V""",8,reservation,2691784
1114739,Skattekontroll,1,"""V""",2,reservation,1114738
2704480,Fastighetsskötsel ,2,"""kd""",4,reservation,2704478
2654950,"",16,"""MP""",5,reservation,2654934
2642383,Socialtjänstlagen och kommunallagen,37,"""kd""",27,reservation,2642346
2636301,Utökad arbetskraftsinvandring,22,"""v""",18,reservation,2636279
2295162,"",5,"""SD""",3,reservation,2295157
2459032,Federalt statsskick,1,"""c""",1,reservation,2459031
2332728,Indelningen i kommuner och landsting ,30,"""s"",""v""",40,reservation,2332698
2518403,"",26,"""MP""",18,reservation,2518377
3361615,Mål för folkhälsan m.m.,2,"""mp""",1,reservation,3361613
2387774,"",28,"""MP""",9,reservation,2387746
2676111,"",20,"""C""",9,reservation,2676091
2576529,"",41,"""S"",""MP"",""V""",43,reservation,2576488
2444756,"",15,"""V""",10,reservation,2444741
3365790,"",9,"""MP""",6,reservation,3365781
2524703,Utredning om ett nytt system för bostadsfinansiering,6,"""mp""",4,reservation,2524697
2294887,"",46,"""SD""",22,reservation,2294841
1004991,Modell för regionala samarbeten,14,"""S""",6,reservation,1004977
2479001,Meddelarskydd i offentligfinansierad privat verksamhet,2,"""s"",""v"",""mp""",3,reservation,2478999
2292255,"",35,"""V""",23,reservation,2292220
2341160,"",9,"""V""",7,reservation,2341151
2297340,Buffertfondernas kapital ,1,"""v""",2,reservation,2297338
2655428,Nationellt lånekortssystem,6,"""SD""",6,reservation,2655422
2315903,"",22,"""S"",""V"",""MP""",14,reservation,2315881
2683080,"",39,"""C""",24,reservation,2683041
2317936,"",1,"""M""",2,reservation,2317934
2613540,"",10,"""KD""",5,reservation,2613530
2305664,Utjämning av skillnader i hälsa m.m. för missgynnade grupper,5,"""s"",""v""",5,reservation,2305659
3365638,Myndighetsorganisation,62,"""fp""",65,reservation,3365576
2622495,Ledighet för att ta hand om anhöriga,23,"""mp""",27,reservation,2622472
2480337,"Vapenlagen, m.m.",15,"""v"",""mp""",20,reservation,2480322
2693284,"",4,"""M""",2,reservation,2693280
3137310,Ökad användning av teknologi och design i offentlig verksamhet,3,"""S""",6,reservation,3137307
1113375,Framtagande av behandlingsplan,5,"""SD""",5,reservation,1113370
2466439,Bostadspolitikens inriktning,5,"""MP""",5,reservation,2466434
2679811,"",12,"""MP""",5,reservation,2679799
2686091,"",1,"""S"",""V"",""C"",""MP""",1,reservation,2686090
2446596,"",1,"""M"",""C"",""L"",""KD""",2,reservation,2446595
3360378,"",3,"""C""",3,reservation,3360375
2687070,"",5,"""SD""",5,reservation,2687065
2556592,"",24,"""C""",18,reservation,2556568
2479043,Kärnkraft,8,"""S""",3,reservation,2479035
2432482,Tillståndsprövning av fiske i Natura 2000-områden,29,"""V""",24,reservation,2432453
2470118,EU:s strukturfonder,2,"""S"",""MP"",""V""",2,reservation,2470116
2304905,"",49,"""M"",""C"",""KD"",""L""",18,reservation,2304856
2398902,"",38,"""L""",13,reservation,2398864
2677407,"",63,"""KD""",26,reservation,2677344
2378770,Särskilda ämnen i förskolan,3,"""s""",3,reservation,2378767
2373450,Avgift på fiskuttag för större fiskeföretag,4,"""mp""",5,reservation,2373446
2371963,Mål för folkhälsan m.m.,1,"""S""",1,reservation,2371962
2704003,Domarnämndens förslag,2,"""S"",""V""",3,reservation,2704001
2301607,"",14,"""V""",6,reservation,2301593
2608679,Riksrevisionens styrelses redogörelse,1,"""s"",""v"",""mp""",1,reservation,2608678
2698350,Pedagogisk utveckling genom lek,3,"""kd""",2,reservation,2698347
2299296,Utvidgad skyldighet att meddela skriftligt beslut ,1,"""v""",2,reservation,2299295
2418382,Utredningar om faderskap,8,"""v""",14,reservation,2418374
2304896,"",40,"""C""",15,reservation,2304856
2451284,"",7,"""C""",2,reservation,2451277
2429622,"",24,"""SD""",16,reservation,2429598
2586687,"",33,"""M"",""C"",""KD"",""L""",44,reservation,2586654
2352348,"",28,"""V""",14,reservation,2352320
2378879,SLU:s sektorsansvar,6,"""fp""",11,reservation,2378873
2493715,"",48,"""L""",16,reservation,2493667
2569222,Internationellt utbyte vid svenska universitet och högskolor,31,"""m""",21,reservation,2569191
2385330,Rehabilitering,8,"""S"",""MP""",10,reservation,2385322
2692341,"",12,"""SD"",""KD""",7,reservation,2692329
2561531,"",36,"""S"",""V"",""MP""",16,reservation,2561495
2496559,Civila insatser i Afghanistan,5,"""V""",3,reservation,2496554
2493784,"",9,"""SD""",11,reservation,2493775
2441922,Frågor om integration och kvinnor med invandrarbakgrund,6,"""v""",6,reservation,2441916
2365308,"",24,"""V""",7,reservation,2365284
2330467,"",9,"""C""",10,reservation,2330458
2703959,Innehållet i närradiosändningar,2,"""m"",""c"",""fp"",""kd""",4,reservation,2703957
2348214,Övriga grunddrag i en reformering av gymnasieskolan ,10,"""mp""",6,reservation,2348204
2575425,"",73,"""M"",""SD"",""KD""",49,reservation,2575352
2550233,"",1,"""SD""",1,reservation,2550232
2516601,Riskbedömningar vid vårdnadstvister m.m.,11,"""SD""",7,reservation,2516590
2644933,"",66,"""V""",49,reservation,2644867
2436483,Omvandling av energiskatt till väghållningsavgift ,7,"""c"",""kd""",4,reservation,2436476
2705502,"",12,"""MP""",4,reservation,2705490
2405840,"",4,"""L""",1,reservation,2405836
2664128,"",5,"""SD""",2,reservation,2664123
2311193,Närpolisen ,2,"""m"",""c"",""fp"",""kd""",5,reservation,2311191
2479546,"",6,"""M""",2,reservation,2479540
2501224,"",41,"""MP""",23,reservation,2501183
2371166,Svarthandel med hyresrätter,14,"""mp""",7,reservation,2371152
2493713,"",46,"""M""",16,reservation,2493667
2472320,Ansvarskontrakt,31,"""kd""",31,reservation,2472289
2387612,"",16,"""SD""",6,reservation,2387596
2524483,"",10,"""S"",""MP"",""V""",5,reservation,2524473
2340355,Folkbildningsrådets roll och uppdelning av folkbildningsanslaget,1,"""m""",1,reservation,2340354
2614392,Finansiering av fastighetsbildning och fastighetsregistrering ,5,"""c""",7,reservation,2614387
2623977,"",17,"""MP""",12,reservation,2623960
2601437,Stärkt barnperspektiv i mål om utvisning på grund av brott,1,"""m""",1,reservation,2601436
3362948,Beslag och förverkande av fordon,15,"""mp""",21,reservation,3362933
2430290,"",10,"""S""",9,reservation,2430280
2600307,"",1,"""S"",""V"",""MP""",1,reservation,2600306
2314559,Svenska för invandrare m.m.,6,"""v""",5,reservation,2314553
2630585,"",6,"""C""",3,reservation,2630579
2378768,Livslångt lärande,1,"""s""",1,reservation,2378767
2518185,"",4,"""M"",""C"",""L"",""KD""",3,reservation,2518181
2375103,Låneramverk och bonusskatt,6,"""v""",6,reservation,2375097
2663696,Konsumenträtt inom offentlig verksamhet,6,"""m"",""c"",""fp"",""kd""",7,reservation,2663690
2304175,"",24,"""C""",27,reservation,2304151
2693704,Finansiering av klimatanpassning,48,"""s"",""v"",""mp""",71,reservation,2693656
2442572,"",10,"""SD""",7,reservation,2442550
2666090,"",7,"""C""",3,reservation,2666083
2369958,"",1,"""M""",1,reservation,2369957
2523429,Vissa frågor rörande den internationella säkerhetsstyrkans verksamhet,2,"""v""",2,reservation,2523427
2385328,Politiska och ideella uppdrag,6,"""V""",7,reservation,2385322
2552153,"",3,"""KD""",2,reservation,2552150
2517300,Alternativ till betyg,28,"""v""",28,reservation,2517272
2541154,"",2,"""SD""",1,reservation,2541152
2335341,"",23,"""SD""",14,reservation,2335318
2581798,Ersättning till fristående skolor,24,"""v""",23,reservation,2581774
2541157,"",5,"""C""",2,reservation,2541152
2362609,"",2,"""KD""",1,reservation,2362607
2387604,"",8,"""KD""",3,reservation,2387596
2410535,"",19,"""C""",8,reservation,2410516
2590803,"",4,"""M""",3,reservation,2590799
2400437,"",23,"""V""",13,reservation,2400414
2436367,Vänersjöfart m.m. ,9,"""m"",""c"",""fp"",""kd""",27,reservation,2436358
2385843,Delmål om makt och inflytande,7,"""kd""",3,reservation,2385836
2491949,"Ett nationellt skogsmuseum, m.m.",13,"""c"",""kd""",18,reservation,2491936
2518379,"",2,"""MP""",1,reservation,2518377
2569917,Förlossningsvård,13,"""v"",""mp""",7,reservation,2569904
2468817,"",18,"""L""",12,reservation,2468799
2359392,Utökat medborgar- och brukarinflytande på myndigheter,2,"""mp""",5,reservation,2359390
2319933,Europeiska rådet samt ständiga kommittén,67,"""m""",59,reservation,2319866
2299598,Riksmarskalksämbetet ,9,"""v""",12,reservation,2299589
2678714,Dubbelregistrering av älgjakten,9,"""m"",""c"",""kd""",15,reservation,2678705
2664096,"",3,"""SD""",3,reservation,2664093
2411743,Uppehållstillstånd efter viss tid,9,"""mp""",10,reservation,2411734
2605545,Reformarbetets inriktning,17,"""fp""",23,reservation,2605528
2591152,"",1,"""S"",""V"",""MP""",1,reservation,2591151
2418657,"",17,"""C""",12,reservation,2418640
2574684,"",4,"""KD""",3,reservation,2574680
2344800,"",18,"""KD""",13,reservation,2344782
2465021,Biljettsystem m.m.,4,"""S"",""MP"",""V""",4,reservation,2465017
2430640,"",1,"""SD""",3,reservation,2430639
2362978,"",4,"""V""",4,reservation,2362974
2698297,Annan utformning av regler för arbetskraftsinvandring,3,"""v""",2,reservation,2698294
2511233,Vård av missbrukare ,14,"""c"",""kd""",12,reservation,2511219
1111806,"Kvalitet, huvudmannaskap och resurser",1,"""S""",1,reservation,1111805
2315280,"",14,"""S""",8,reservation,2315266
2628977,Mål och utgångspunkter,1,"""S"",""V""",1,reservation,2628976
2312710,Allmän förskola,25,"""fp""",19,reservation,2312685
2337200,Utvidgad rösträtt för andra än svenska medborgare,6,"""v""",13,reservation,2337193
1060236,"",22,"""C""",10,reservation,1060214
2352220,"",4,"""SD""",2,reservation,2352216
2310405,Förbud mot amalgam ,14,"""c""",13,reservation,2310391
2564688,"Konstinköp, m.m.",19,"""c""",23,reservation,2564669
2328234,Diskriminering på grund av funktionshinder,9,"""m"",""c"",""fp"",""kd""",8,reservation,2328225
3365789,"",8,"""V""",5,reservation,3365781
2312701,Sammanhållningspolitiken,16,"""c""",10,reservation,2312685
2415089,Avgiftsskyldighet för andra föreningar än idrottsförening,75,"""c""",71,reservation,2415014
2688149,"",8,"""SD""",4,reservation,2688133
2305205,Utbildning i Öresundsregionen,34,"""m""",35,reservation,2305171
2459680,"",3,"""C""",1,reservation,2459677
2484896,"",22,"""C""",8,reservation,2484874
1042301,"",20,"""V""",7,reservation,1042281
2305491,"",46,"""M"",""SD""",20,reservation,2305445
2311661,Friåret,11,"""m"",""c"",""fp"",""kd""",8,reservation,2311650
2617480,"",13,"""L""",6,reservation,2617467
2462157,Ökad kompetens och effektivitet i socialtjänsten,40,"""v""",31,reservation,2462117
2450262,Organisering och lokalisering av myndigheter och statliga bolag,5,"""S"",""MP"",""V""",3,reservation,2450257
2293578,"",32,"""KD"",""L""",14,reservation,2293546
2365788,"",5,"""S""",4,reservation,2365783
2296801,Mål för bostadsproduktionen,3,"""V""",5,reservation,2296798
3384789,"",5,"""C""",2,reservation,3384784
3136736,Granskning av Systembolaget AB och Vin och Sprit AB,1,"""fp"",""kd""",1,reservation,3136735
2294763,"",25,"""S""",19,reservation,2294738
2415018,Allmänna principer för socialförsäkringarna,4,"""c""",1,reservation,2415014
2350637,Kvotflyktingar,13,"""v""",8,reservation,2350624
1113241,"Återkomma om deltagande, styrning och information om den nordiska stridsgruppen m.m.",4,"""S"",""MP"",""V""",7,reservation,1113237
2659321,"",41,"""MP""",48,reservation,2659280
2618871,"",9,"""M""",9,reservation,2618862
2301359,"",6,"""V""",4,reservation,2301353
2473255,"",6,"""V""",9,reservation,2473249
2438580,"",2,"""KD""",1,reservation,2438578
2443694,Foder och vatten,1,"""m""",1,reservation,2443693
2518153,"",7,"""C""",6,reservation,2518146
2691661,"",4,"""M"",""C"",""L"",""KD""",3,reservation,2691657
2617808,Villkorlig frigivning,17,"""v""",19,reservation,2617791
2475152,"",6,"""KD""",2,reservation,2475146
2398341,"",33,"""S""",16,reservation,2398308
2414290,Subarktisk förmåga,4,"""s"",""v"",""mp""",7,reservation,2414286
2527855,Mål och inriktning,1,"""c""",1,reservation,2527854
2456968,"",3,"""SD""",5,reservation,2456965
2639272,Godkännande av anskaffning av JAS 39 E,2,"""V""",2,reservation,2639270
2402817,"",4,"""V""",3,reservation,2402813
2393610,"",10,"""M"",""SD""",12,reservation,2393600
2513540,"",29,"""V""",13,reservation,2513511
2301129,Övergripande om företagsfrämjande åtgärder,1,"""S""",1,reservation,2301128
2415386,Utvärdering av resurserna till minoritetsspråken,18,"""kd""",17,reservation,2415368
2649035,Svensk svinavel ,32,"""mp""",24,reservation,2649003
3362830,Ålfisket,29,"""m"",""c"",""fp"",""kd""",25,reservation,3362801
2673637,Jakt på säl,2,"""m"",""c"",""kd""",4,reservation,2673635
3364963,"",38,"""L""",21,reservation,3364925
2311916,"",30,"""M""",22,reservation,2311886
2697535,"",22,"""L""",11,reservation,2697513
2523292,"",14,"""MP""",9,reservation,2523278
2325698,"",25,"""C""",10,reservation,2325673
2355165,Ungdomars delaktighet i de demokratiska processerna m.m.,4,"""m""",4,reservation,2355161
1111897,Kvinnorörelsens roll,4,"""V""",6,reservation,1111893
2480330,Nätleverantörer som samarbetar med Rikskriminalpolisen,8,"""s"",""v""",9,reservation,2480322
2482154,Näringspolitikens inriktning,2,"""MP""",1,reservation,2482152
3364126,Insatser mot läs- och skrivsvårigheter,6,"""m"",""c"",""fp"",""kd""",7,reservation,3364120
2561561,"",66,"""C""",32,reservation,2561495
2686742,"",3,"""C""",2,reservation,2686739
3357505,Bolagsledningarnas löner och ersättningar,10,"""fp""",6,reservation,3357495
3358020,"",1,"""S""",1,reservation,3358019
3360165,"",32,"""KD""",16,reservation,3360133
2414605,Djurskyddsminister,23,"""mp""",22,reservation,2414579
2687086,"",21,"""L""",12,reservation,2687065
2624220,Enskilda vägar,2,"""m"",""c"",""fp"",""kd""",2,reservation,2624218
2326033,"",36,"""M"",""SD"",""KD""",19,reservation,2325997
2565457,Utbildning för poliser i hbt-kunskap,29,"""S"",""MP"",""V""",40,reservation,2565428
2394586,Uppvärdering av kvinnodominerade yrken i den offentliga sektorn ,11,"""fp""",10,reservation,2394575
2387955,"",6,"""M""",7,reservation,2387949
2686340,"",27,"""C""",9,reservation,2686313
2328451,Våld och hot,10,"""v""",16,reservation,2328441
2524897,Kvinnors rehabilitering ,14,"""c"",""kd""",13,reservation,2524883
2447027,"",1,"""SD"",""KD""",1,reservation,2447026
2566223,Små och lätta vapen,12,"""v"",""mp""",10,reservation,2566211
2659198,"",23,"""KD""",7,reservation,2659175
2701568,"EU:s ramprogram för forskning, utveckling och demonstration",72,"""S"",""MP"",""V""",59,reservation,2701496
2294390,Tandvårdsreform,1,"""mp""",6,reservation,2294389
2574955,"",17,"""M"",""C"",""L"",""KD""",32,reservation,2574938
2415374,Migrationsverkets resurser,6,"""mp""",7,reservation,2415368
2647807,Bibliotekens uppdrag,3,"""S""",3,reservation,2647804
2299370,"",15,"""M"",""C"",""L"",""KD""",26,reservation,2299355
2664105,"",12,"""M""",9,reservation,2664093
2374589,"",22,"""V""",8,reservation,2374567
2598507,Sysselsättning och fackliga rättigheter,15,"""s"",""v"",""mp""",12,reservation,2598492
2476353,Avslag på propositionen,1,"""m"",""c"",""fp"",""kd""",1,reservation,2476352
2469992,"",3,"""SD""",4,reservation,2469989
1113165,Solidariskt entreprenörsansvar m.m.,17,"""S"",""V""",17,reservation,1113148
2407561,"",21,"""SD""",17,reservation,2407540
2311299,Påföljden för psykiskt störda lagöverträdare ,9,"""m""",6,reservation,2311290
2649008,Den gemensamma jordbrukspolitikens inriktning ,5,"""c""",6,reservation,2649003
2395121,Ny betygsskala,2,"""v""",1,reservation,2395119
2672822,"",4,"""M"",""KD""",6,reservation,2672818
2436378,Luftfartsverkets avgifter ,20,"""m""",45,reservation,2436358
2326811,"",14,"""V""",10,reservation,2326797
2599593,"",1,"""KD""",1,reservation,2599592
2418543,"",3,"""KD""",1,reservation,2418540
2499306,"",4,"""S""",2,reservation,2499302
2703745,"",45,"""C""",26,reservation,2703700
2292655,"",66,"""SD"",""KD""",45,reservation,2292589
2528401,"",19,"""KD""",12,reservation,2528382
2389766,"",14,"""C""",21,reservation,2389752
2356861,"",1,"""S"",""MP""",2,reservation,2356860
3360783,"",17,"""V""",12,reservation,3360766
2421003,"",13,"""KD""",6,reservation,2420990
2301709,"",7,"""V""",3,reservation,2301702
3365154,"",111,"""KD""",95,reservation,3365043
2303963,"",7,"""C""",6,reservation,2303956
2296465,"",27,"""SD""",18,reservation,2296431
2575788,"",23,"""MP""",10,reservation,2575765
2325911,"",24,"""SD""",11,reservation,2325887
2391779,"",2,"""MP""",1,reservation,2391777
2473251,"",2,"""M""",2,reservation,2473249
1045352,"",15,"""C""",11,reservation,1045337
2402590,"",3,"""M""",3,reservation,2402587
2424404,Rätten till domstolsprövning,2,"""fp"",""kd""",2,reservation,2424402
2368824,"",16,"""SD""",11,reservation,2368808
2652275,Asylprocessen,44,"""mp""",28,reservation,2652230
2324504,Övrigt om föräldrapenning,44,"""mp""",41,reservation,2324460
2666439,"",16,"""V""",6,reservation,2666423
2556397,Resurser efter behov,6,"""S"",""MP"",""V""",3,reservation,2556391
2318275,"",21,"""MP""",8,reservation,2318254
2436562,Prioritering av arbetet mot hatbrott,7,"""s"",""v"",""mp""",8,reservation,2436555
2659302,"",22,"""SD""",27,reservation,2659280
2668410,Nationellt anläggningsregister,5,"""mp""",4,reservation,2668405
2548247,"",7,"""KD"",""MP""",8,reservation,2548240
2414370,Det kustnära fisket m.m.,4,"""s"",""v""",5,reservation,2414366
2664131,"",8,"""SD""",4,reservation,2664123
2519684,"",20,"""V""",20,reservation,2519664
2705996,Professionell boxning och andra kampsporter,11,"""m""",21,reservation,2705985
2609253,"",1,"""SD""",1,reservation,2609252
2684566,"",1,"""SD""",2,reservation,2684565
2296685,"",15,"""C"",""L""",12,reservation,2296670
2293421,"",7,"""L""",3,reservation,2293414
2458387,"",5,"""SD""",3,reservation,2458378
2311988,Åtgärder inom jordbrukssektorn,9,"""mp""",8,reservation,2311979
2575798,"",33,"""M"",""KD"",""L""",14,reservation,2575765
2322923,Avveckling av Radio- och TV-verket,4,"""m""",5,reservation,2322919
2609299,"",47,"""C""",18,reservation,2609252
2299372,"",17,"""KD""",29,reservation,2299355
2682352,Sveriges EU-medlemskap,10,"""mp""",11,reservation,2682342
2480328,Samarbetet mellan tull och polis,6,"""s"",""v"",""mp""",7,reservation,2480322
2648063,Utredning om ersättning till jakträttshavare för skador av rovdjur ,8,"""m"",""c"",""fp"",""kd""",13,reservation,2648055
2426783,"",12,"""KD""",8,reservation,2426771
2699300,Djursjukdata,2,"""fp""",4,reservation,2699298
2685094,"",1,"""SD""",2,reservation,2685093
1110963,Hatbrottsjourer,25,"""V""",21,reservation,1110938
3359397,"",27,"""V""",19,reservation,3359370
2453295,Trafikfrågor,37,"""SD""",17,reservation,2453258
2444434,"",36,"""C""",14,reservation,2444398
2370620,Svenskundervisning i invandrartäta skolor,83,"""c"",""fp"",""kd""",76,reservation,2370537
2671339,"Tullens polisiära befogenheter, m.m.",14,"""mp""",11,reservation,2671325
1057376,"",21,"""V""",34,reservation,1057355
2496718,Tillståndsmyndighetens uppgifter m.m.,5,"""fp""",7,reservation,2496713
3137100,"",23,"""M"",""C"",""L"",""KD""",13,reservation,3137077
2470978,Uppföljning av Barnaktionsgruppens förslag,10,"""v""",14,reservation,2470968
2679061,"",12,"""M"",""C"",""L"",""KD""",7,reservation,2679049
3361076,"",11,"""SD""",5,reservation,3361065
2388005,"",1,"""L""",2,reservation,2388004
2604342,Ett nytt prövningsförfarande,1,"""SD""",1,reservation,2604341
2297016,Översyn av föreskrifter,2,"""S""",2,reservation,2297014
2485487,"",2,"""V""",4,reservation,2485485
2632431,Framtagande av BAT-dokument,2,"""S"",""MP"",""V""",3,reservation,2632429
2348236,Kursplan för företagande och entreprenörskap ,32,"""m""",20,reservation,2348204
2556764,"",11,"""S""",5,reservation,2556753
1114154,Omhändertagande av sexualbrottsoffer,21,"""s"",""v"",""mp""",33,reservation,1114133
3357463,18-årsgränsen för ingående av äktenskap m.m.,7,"""v""",9,reservation,3357456
2705876,Snabb handläggning av ärenden där unga är inblandade,50,"""fp""",38,reservation,2705826
2355081,"",7,"""V"",""MP""",6,reservation,2355074
2461338,Resultatredovisning och resultatanalys,16,"""MP"",""V""",17,reservation,2461322
2446919,Miljömålssystemet,1,"""S"",""MP"",""V""",1,reservation,2446918
3362814,Individuella kvoter m.m.,13,"""fp"",""mp""",12,reservation,3362801
2511292,Barns rättigheter enligt utlänningslagstiftningen ,21,"""kd"",""v""",32,reservation,2511271
2546104,"",2,"""SD""",1,reservation,2546102
2301663,"",17,"""KD""",9,reservation,2301646
2436656,Utbildning av försäkringsläkare,37,"""m""",26,reservation,2436619
2575812,"",47,"""C"",""MP""",21,reservation,2575765
2668294,"",1,"""L""",1,reservation,2668293
2523365,Resegarantisystemets finansiering,15,"""m"",""c"",""fp"",""kd""",19,reservation,2523350
2662729,Jämkning av trafikskadeersättning,5,"""m"",""c"",""fp"",""kd"",""v""",6,reservation,2662724
2655452,Samlingsplatser för unga,8,"""S"",""V""",8,reservation,2655444
2435919,Delmål för miljökvalitetsmålet Ett rikt odlingslandskap ,51,"""m""",77,reservation,2435868
2361399,"",19,"""C"",""L"",""KD""",17,reservation,2361380
2536815,Social barn- och ungdomsvård,26,"""m""",24,reservation,2536789
2632683,"",41,"""MP""",18,reservation,2632642
2441921,Diskrimineringens samhällskostnader,5,"""mp""",5,reservation,2441916
2512777,Nordens relationer med närområdet och med Vitryssland,1,"""m""",1,reservation,2512776
2704122,Översyn av straffen för medhjälpare i ekonomisk brottslighet,8,"""S"",""V""",14,reservation,2704114
2396297,Avfallshantering,2,"""s"",""v""",2,reservation,2396295
2664099,"",6,"""L""",6,reservation,2664093
2531035,Organisering och lokalisering av myndigheter,6,"""S"",""V""",3,reservation,2531029
3359686,Lärarutbildningen m.m.,9,"""s"",""v"",""mp""",11,reservation,3359677
2351752,"",6,"""V""",2,reservation,2351746
2294191,Äldrepolitikens inriktning,1,"""S""",1,reservation,2294190
1056943,"",18,"""MP""",16,reservation,1056925
2586955,"",22,"""M"",""KD""",23,reservation,2586933
2503349,"",15,"""S"",""MP""",16,reservation,2503334
2575521,"",4,"""V""",2,reservation,2575517
2697235,"",20,"""C""",6,reservation,2697215
3362826,Genomförandeplanering och administration,25,"""fp""",20,reservation,3362801
2550394,"",32,"""L""",10,reservation,2550362
2501240,"",57,"""C""",30,reservation,2501183
2441729,Arbetsmarknadspolitikens mål,4,"""v""",2,reservation,2441725
2630618,"",21,"""V""",14,reservation,2630597
2633581,"",13,"""M""",7,reservation,2633568
2686101,"",4,"""MP""",1,reservation,2686097
3357670,Subsidiaritetsprövning av förslag till Europaparlamentets och rådets direktiv om offentlig upphandling,2,"""V""",1,reservation,3357668
2379110,Rätten att välja skola ,31,"""m"",""c"",""fp"",""kd""",29,reservation,2379079
2418646,"",6,"""S""",5,reservation,2418640
2292968,"",8,"""M""",6,reservation,2292960
2420682,"Specifika konventioner, ratificeringar etc.",7,"""v""",5,reservation,2420675
2370645,Skolverkets utbildningsinspektion,108,"""m""",102,reservation,2370537
2561613,"",20,"""V""",7,reservation,2561588
2340691,Reformering av elmarknaden,14,"""v""",13,reservation,2340677
2636293,Uppehållstillstånd efter viss tid,14,"""v""",13,reservation,2636279
2352329,"",9,"""C""",5,reservation,2352320
2292426,Behovet av student- och ungdomsbostäder ,34,"""v""",16,reservation,2292392
2682905,"",46,"""SD""",33,reservation,2682859
2299729,"",1,"""SD""",1,reservation,2299728
2618330,Beslut om ramar för budgeten 2006 (avsnitten 4 och 5 exkl. 5.8),6,"""c""",3,reservation,2618324
2315493,Lagförslaget,1,"""S""",1,reservation,2315492
2344805,"",23,"""V""",17,reservation,2344782
2703474,"",2,"""M"",""KD""",3,reservation,2703472
2376314,"",16,"""C""",12,reservation,2376298
2704848,Skadestånd,19,"""kd""",20,reservation,2704829
2349465,"",32,"""MP""",13,reservation,2349433
2544492,"",6,"""L""",1,reservation,2544486
2622614,Lagförslagen ,5,"""m""",3,reservation,2622609
2311901,"",15,"""V""",9,reservation,2311886
2387700,"",1,"""M""",1,reservation,2387699
3384802,"",1,"""MP""",2,reservation,3384801
2294863,"",22,"""KD""",9,reservation,2294841
2437890,"",1,"""V""",3,reservation,2437889
1045426,"",9,"""C""",3,reservation,1045417
2517029,"",18,"""C""",10,reservation,2517011
2634381,"",15,"""V""",9,reservation,2634366
2469752,"",29,"""KD""",45,reservation,2469723
2293621,"",75,"""L""",30,reservation,2293546
2399017,Ny definition av skogsmark m.m.,10,"""v""",7,reservation,2399007
1004957,"",16,"""MP""",8,reservation,1004941
2666879,"",1,"""V""",2,reservation,2666877
2337928,Läkemedelskostnader och samhällsekonomiska konsekvenser ,2,"""kd""",2,reservation,2337926
2390526,"",5,"""L""",8,reservation,2390521
2549517,"",5,"""KD""",2,reservation,2549512
1114167,Familjevåldsenheter,34,"""v""",51,reservation,1114133
2434008,"",18,"""M""",16,reservation,2433990
3137667,"",20,"""SD""",18,reservation,3137647
2560466,"",17,"""MP""",10,reservation,2560449
2618719,Åtgärder i övrigt för ökad hälsa i arbetslivet,7,"""c""",4,reservation,2618712
2629403,"",13,"""SD""",11,reservation,2629390
2704911,Beskattningen av jordbrukets stödrättigheter,1,"""c"",""kd""",2,reservation,2704910
2634521,"",3,"""KD""",1,reservation,2634518
2499120,"",15,"""SD""",18,reservation,2499105
2474626,"",19,"""SD""",11,reservation,2474607
3363882,Främjande av kooperativ hyresrätt,12,"""S"",""MP"",""V""",13,reservation,3363870
3364603,Glasögon för barn,5,"""s""",9,reservation,3364598
2359653,"",12,"""MP""",4,reservation,2359627
2428152,Kroppsvisitation,20,"""m""",12,reservation,2428132
1114481,Ersättningssystem för digital utlåning av musik och film,9,"""V""",15,reservation,1114472
2688153,"",10,"""SD""",5,reservation,2688133
2450149,Vissa övriga frågor om Svenska kraftnät,13,"""V""",6,reservation,2450136
2437292,Reformering av EU:s fiskeripolitik,51,"""kd""",30,reservation,2437241
3136966,"",2,"""SD""",2,reservation,3136964
2408085,"",15,"""C""",6,reservation,2408070
2680215,Internationell samverkan,7,"""fp""",6,reservation,2680208
2449699,Pågående insatser inom programmet,7,"""c""",3,reservation,2449692
2678708,Skyddsjakt på säl,3,"""mp""",6,reservation,2678705
2575500,Vissa punktskattefrågor m.m. med anledning av budgetpropositionen för 2008,3,"""mp""",1,reservation,2575497
3361673,Permission med s.k. fotboja för utvisningsdömda med barn,8,"""v""",11,reservation,3361665
2435455,Svenskt medborgarskap och deltagande i kommunval,1,"""SD""",2,reservation,2435454
2502703,"",7,"""C""",3,reservation,2502696
2404702,Offentligt ägd skog,7,"""MP"",""V""",6,reservation,2404695
1045602,"",19,"""MP""",13,reservation,1045583
2585841,Väghållning och statsbidrag (låneram),18,"""fp""",28,reservation,2585822
2480097,Vård och behandling av olika sjukdomar ,53,"""m""",44,reservation,2480044
2385862,Styrning och övergripande organisering av jämställdhetspolitiken,26,"""c""",11,reservation,2385836
1045241,"",16,"""S""",8,reservation,1045225
2410185,Vissa samordningsfrågor,1,"""v""",4,reservation,2410184
2705461,Översyn av lagstiftning,14,"""mp""",22,reservation,2705447
2335344,"",26,"""M""",19,reservation,2335318
2489193,Fotograferingsförbudet i samband med domstols sammanträde,9,"""m"",""c"",""fp"",""kd""",11,reservation,2489184
2419452,"",2,"""SD""",4,reservation,2419450
2469953,Uppdrag till Energimyndigheten om förnybar energi,5,"""S"",""MP"",""V""",2,reservation,2469948
1042340,"",6,"""S""",4,reservation,1042334
3363489,Bilförmån ,10,"""m"",""fp"",""kd""",9,reservation,3363479
2330242,Konkurrensen i bostadsbyggandet,11,"""m"",""c"",""fp"",""kd""",8,reservation,2330231
2294979,"",6,"""M"",""L""",5,reservation,2294973
2467858,Skattelättnader för förmån av hushållstjänster,1,"""s"",""v"",""mp""",1,reservation,2467857
2544546,"",60,"""SD""",16,reservation,2544486
2436337,Veterinärmedicinsk kompetens,10,"""MP"",""V""",10,reservation,2436327
2572064,Infärgning av kärnämnen,33,"""fp""",30,reservation,2572031
2705586,"",1,"""M"",""SD"",""KD""",1,reservation,2705585
3371162,"",6,"""V""",7,reservation,3371156
1080314,"",4,"""MP""",4,reservation,1080310
1111900,Frågor om miljö och klimat,7,"""MP"",""V""",13,reservation,1111893
2401384,"",2,"""M""",2,reservation,2401382
2430673,"",4,"""M"",""SD"",""KD""",3,reservation,2430669
2671163,"",40,"""M""",20,reservation,2671122
2556781,"",28,"""MP""",14,reservation,2556753
2491818,Europeiska exportkontrollregler och internationellt samarbete,7,"""m""",4,reservation,2491811
3360083,"",6,"""KD""",2,reservation,3360077
2387619,"",23,"""MP""",8,reservation,2387596
2598150,Internationellt miljösamarbete,10,"""s"",""v"",""mp""",10,reservation,2598140
2475071,"",9,"""SD""",4,reservation,2475062
1035091,"",14,"""C""",6,reservation,1035077
2306485,"",9,"""M"",""SD"",""KD""",13,reservation,2306476
2701186,Individuell anpassning ,42,"""m"",""kd""",28,reservation,2701144
2484434,"",3,"""C""",1,reservation,2484431
2570312,"",46,"""SD""",56,reservation,2570266
2638899,Vinstutdelning i offentligt finansierade välfärdsverksamheter,3,"""V""",1,reservation,2638896
2411594,Arbetshjälpmedel,42,"""v""",42,reservation,2411552
2498282,"",3,"""M"",""C"",""KD"",""L""",4,reservation,2498279
2666630,"",12,"""M""",5,reservation,2666616
2453272,Skatt på finansiella transaktioner,14,"""S""",6,reservation,2453258
2546215,Åtgärder mot islamofobi,3,"""mp""",4,reservation,2546212
2657731,"",2,"""SD""",1,reservation,2657729
2454731,Bemötande av brottoffer m.m.,17,"""m"",""c"",""fp"",""kd""",17,reservation,2454714
2328646,"Handel, miljö och sociala frågor m.m.",2,"""v"",""mp""",3,reservation,2328644
2519670,"",6,"""C"",""L"",""MP""",6,reservation,2519664
2623745,Fristående universitet och högskolor ,15,"""fp""",21,reservation,2623730
2682912,"",53,"""MP""",41,reservation,2682859
2294845,"",4,"""L""",1,reservation,2294841
2553095,"",12,"""C"",""KD""",9,reservation,2553083
2456743,Lönebidragsfrågor,4,"""kd""",3,reservation,2456734
2334507,"",32,"""V""",21,reservation,2334475
2325342,Individuellt kompetenssparkonto,17,"""c""",17,reservation,2325325
2493349,Europeiska unionens förbindelser med omvärlden,5,"""m"",""fp""",6,reservation,2493344
1094871,"",6,"""MP""",4,reservation,1094865
2476634,"Förbättrat stöd till patienter, förskrivare och farmaceuter",3,"""m""",2,reservation,2476631
2297806,"",30,"""KD""",16,reservation,2297776
2459482,Förbud mot användningen av neonikotinoider,37,"""MP"",""V""",41,reservation,2459445
2426868,En ny organisation för ekobrottsbekämpningen,11,"""fp""",14,reservation,2426857
2496037,Förslag om avslag på propositionen,1,"""s""",1,reservation,2496036
2517061,"",50,"""MP""",25,reservation,2517011
2354840,"",25,"""M"",""C""",27,reservation,2354815
2703665,Avveckling av försäkringsdelegationer m.m.,1,"""s"",""v"",""mp""",1,reservation,2703664
2359398,Tidsgräns för genomgång av lagarna i HBT-frågor,8,"""c"",""fp"",""mp""",16,reservation,2359390
2394344,Allmän översyn av adoptionslagstiftningen ,11,"""m"",""kd""",17,reservation,2394333
2533770,"",15,"""SD"",""-""",12,reservation,2533755
2342968,Kapitalförsörjning,2,"""m"",""c"",""fp"",""kd""",3,reservation,2342966
2700454,Handelspolitiska frågor,17,"""kd""",22,reservation,2700437
2673461,Äganderättens betydelse för ett hållbart nyttjande av havsresursen m.m.,19,"""m"",""c"",""fp"",""kd""",12,reservation,2673442
1112739,Översyn av abortlagstiftningen,7,"""kd""",7,reservation,1112732
2649836,Kommunala naturvårdsplaner m.m. ,6,"""m""",6,reservation,2649830
2686293,"Utvärdering av den utökade tillsynen och kontrollen ,m.m.",11,"""kd""",9,reservation,2686282
2473235,"",9,"""SD""",6,reservation,2473226
2657527,"",5,"""SD""",4,reservation,2657522
2623941,"",16,"""SD""",11,reservation,2623925
2319945,Yttre åtgärder,79,"""v""",67,reservation,2319866
2451059,Handläggningen av svenskt deltagande i projektet Neuron (avsnitt 1.4),1,"""c"",""fp"",""kd""",1,reservation,2451058
2651571,"",3,"""S"",""MP"",""V""",2,reservation,2651568
2297805,"",29,"""M""",16,reservation,2297776
3363977,"",7,"""KD""",4,reservation,3363970
2496355,"",14,"""KD""",10,reservation,2496341
3359688,Samordningstjänst i Regeringskansliet,11,"""s"",""v"",""mp""",13,reservation,3359677
2663195,Kraftvärme,9,"""m"",""fp"",""kd""",6,reservation,2663186
2539165,Ogiltigförklaring och skadestånd enligt LAS,18,"""v""",19,reservation,2539147
2430345,"",14,"""C""",10,reservation,2430331
2642785,"",9,"""MP""",4,reservation,2642776
2628870,"",11,"""SD""",7,reservation,2628859
2548256,"",16,"""M"",""SD"",""KD""",18,reservation,2548240
2355586,"",37,"""MP""",32,reservation,2355549
2474335,"",14,"""MP""",13,reservation,2474321
1111825,Anmälan om ägarbyte vid fristående skolor,20,"""MP"",""SD""",15,reservation,1111805
1095020,"",5,"""C"",""MP""",5,reservation,1095015
2340251,"",5,"""M"",""C"",""FP"",""KD""",4,reservation,2340246
2334506,"",31,"""C""",20,reservation,2334475
2705606,"",1,"""M"",""SD""",1,reservation,2705605
2681440,Folkomröstning,4,"""v"",""mp""",6,reservation,2681436
1031458,"",12,"""S"",""V""",5,reservation,1031446
2305550,Uppdrag till Socialstyrelsen om journalföring inom psykiatrin,5,"""mp""",8,reservation,2305545
2704339,Utlokaliseringsfrågor,4,"""m"",""c"",""fp"",""kd""",3,reservation,2704335
2576195,Delegation till länsstyrelserna,3,"""v""",3,reservation,2576192
2474691,Stöd till brottsoffer m.m.,17,"""m"",""kd""",15,reservation,2474674
2479959,"",50,"""M""",69,reservation,2479909
2349862,Serveringstider m.m. ,15,"""m""",10,reservation,2349847
2697095,"",25,"""M""",13,reservation,2697070
2302714,"",3,"""M""",2,reservation,2302711
2483092,"",2,"""V""",2,reservation,2483090
2440657,"",27,"""MP""",18,reservation,2440630
2499106,"",1,"""M"",""C"",""KD"",""L""",1,reservation,2499105
1113072,En effektivare narkotika- och dopningslagstiftning,1,"""SD""",1,reservation,1113071
2492658,Följdlagstiftning i propositioner om rambeslut,1,"""m""",2,reservation,2492657
2316875,Statens folkhälsoinstituts arbetsuppgifter,11,"""fp""",15,reservation,2316864
2515749,"",1,"""SD""",1,reservation,2515748
2350877,Propositionens lagförslag om försvarsunderrättelseverksamhet m.m.,4,"""s"",""v"",""mp""",2,reservation,2350872
1095116,"",13,"""MP""",4,reservation,1095103
3357916,"",16,"""M"",""L""",11,reservation,3357900
1047767,"",16,"""V"",""MP""",15,reservation,1047751
2686836,Löner och diskriminering,10,"""m"",""c"",""fp"",""kd""",20,reservation,2686826
2324486,Pensionsfrågor i övrigt,26,"""s""",27,reservation,2324460
2478499,"",1,"""SD""",2,reservation,2478498
2437032,"",6,"""M"",""C"",""L"",""KD""",9,reservation,2437026
2661886,"",4,"""SD""",2,reservation,2661882
2692932,"",14,"""MP""",8,reservation,2692918
2346757,Ansvar för post- och kassaservice,3,"""v""",1,reservation,2346754
2454286,"",1,"""L""",4,reservation,2454285
2704406,"",12,"""M""",11,reservation,2704394
2307548,"",23,"""V""",22,reservation,2307525
2417706,"",17,"""V""",21,reservation,2417689
3136753,"",13,"""L""",10,reservation,3136740
2389621,"",34,"""M"",""C""",38,reservation,2389587
2398374,"",6,"""C""",4,reservation,2398368
2561556,"",61,"""C"",""MP""",28,reservation,2561495
2418652,"",12,"""S"",""C""",9,reservation,2418640
2517025,"",14,"""C""",8,reservation,2517011
2561253,"",3,"""SD""",8,reservation,2561248
2317393,Förebyggande och andra insatser för barn i utsatta situationer,30,"""mp""",30,reservation,2317363
2566112,Rättsstatens principer och humanitär rätt,9,"""v""",7,reservation,2566103
2548296,"",13,"""MP""",14,reservation,2548283
3363550,Utvidgade regionala avdrag från socialavgifter ,8,"""m""",4,reservation,3363542
2384227,"",41,"""SD""",21,reservation,2384186
2549268, Öppen programvara och öppna standarder,1,"""mp""",1,reservation,2549267
2309147,Information från läkemedelsföretag ,3,"""c""",4,reservation,2309144
2323957,"",21,"""SD""",12,reservation,2323936
2357546,Karriär- och utvecklingsmöjligheter samt utbildningsfrågor m.m. ,1,"""m"",""fp""",1,reservation,2357545
2359779,Finansieringsformen för public serviceföretagen ,2,"""m""",3,reservation,2359777
2387714,"",15,"""V""",7,reservation,2387699
2620612,Parlamentarisk utredning,10,"""m""",9,reservation,2620602
2681364,"",12,"""S""",7,reservation,2681352
2405850,"",14,"""KD""",13,reservation,2405836
2670678,Rasistiska organisationer m.m.,2,"""kd""",2,reservation,2670676
2556525,"",4,"""SD""",8,reservation,2556521
1045601,"",18,"""C""",13,reservation,1045583
2486740,Kompetensutveckling för högskolans lärare,35,"""kd""",22,reservation,2486705
2664136,"",13,"""M"",""KD""",13,reservation,2664123
2613738,"",24,"""KD""",9,reservation,2613714
1094737,"",5,"""V""",2,reservation,1094732
2509152,"",6,"""M""",2,reservation,2509145
2591350,Särreglering av människohandel rörande barn,3,"""c""",5,reservation,2591347
2393255,Tidsbegränsat uppehållstillstånd för målsägande och vittnen,11,"""v""",7,reservation,2393244
2705496,"",6,"""MP""",2,reservation,2705490
2514386,Företagares försäkringsskydd,9,"""m"",""c"",""fp"",""kd""",10,reservation,2514377
2411567,Ersättningsnivå i sjukpenningen,15,"""m""",16,reservation,2411552
2517313,Profilklasser,41,"""mp""",41,reservation,2517272
3361250,"",21,"""M"",""SD""",13,reservation,3361229
1045565,"",1,"""V""",2,reservation,1045564
2468728,"",1,"""M"",""C"",""KD"",""L""",1,reservation,2468727
2342608,"",3,"""MP""",1,reservation,2342605
2480045,Hälso- och sjukvårdens organisation och finansiering ,1,"""kd""",1,reservation,2480044
2479541,"",1,"""M""",1,reservation,2479540
2359428,En 18-årsgräns ,2,"""v""",7,reservation,2359426
2496745,Alternativa åtgärder,3,"""v"",""mp""",2,reservation,2496742
2498673,Kvotpliktens omfattning m.m.,8,"""m""",6,reservation,2498665
2704999,"",18,"""V""",10,reservation,2704981
2437662,Ridsport och vissa skatteregler,5,"""kd""",5,reservation,2437657
2513527,"",16,"""M""",7,reservation,2513511
2506052,"",20,"""SD""",18,reservation,2506032
2382822,"",2,"""SD""",2,reservation,2382820
1035107,"",30,"""V""",14,reservation,1035077
1045314,"",17,"""S""",13,reservation,1045297
2673018,Genetiskt modifierat skogsodlingsmaterial och exoter,8,"""mp""",7,reservation,2673010
2302917,Etablering av bokhandlar i kommuner som saknar sådana,19,"""v""",22,reservation,2302898
2591061,Bäst-före-märkning,2,"""S"",""MP"",""V""",2,reservation,2591059
2401756,Åtgärder för personer som står långt från arbetsmarknaden,8,"""S""",8,reservation,2401748
1111832,Studie- och yrkesvägledning,27,"""S"",""SD""",25,reservation,1111805
2375082,"",8,"""C""",7,reservation,2375074
2324994,"",38,"""KD""",56,reservation,2324947
2506583,"",21,"""SD""",13,reservation,2506562
2418377,Beslutsfattandet vid gemensam vårdnad,3,"""v""",4,reservation,2418374
2313719,Kompetensutveckling inom HBT,42,"""s""",44,reservation,2313677
1110131,"",29,"""S""",15,reservation,1110102
2610254,"",12,"""C""",7,reservation,2610242
2548674,"",8,"""M"",""C"",""L"",""KD""",11,reservation,2548666
2315317,"",12,"""S""",6,reservation,2315305
2403240,"",12,"""C""",9,reservation,2403228
2539119,"",6,"""V""",4,reservation,2539113
2643680,Samarbetet med övriga länder,37,"""fp""",35,reservation,2643643
2661814,"",16,"""C""",9,reservation,2661798
2536798,4 kap. 26 § barnavårdslagen,9,"""m""",6,reservation,2536789
2478758,"",2,"""V""",1,reservation,2478756
2298860,Hastighetsgränser,10,"""m""",9,reservation,2298850
2679031,"",1,"""S"",""V"",""MP""",1,reservation,2679030
2417276,Jordbrukets konkurrensvillkor,36,"""m"",""c"",""kd""",41,reservation,2417240
3365481,Tilldelning av utsläppsrätter,38,"""m""",30,reservation,3365443
3364419,Medieutbildning i lärarutbildningen,19,"""kd""",21,reservation,3364400
2426958,"",9,"""V""",4,reservation,2426949
2523140,"",11,"""SD"",""KD""",5,reservation,2523129
2601333,"",31,"""C"",""KD""",17,reservation,2601302
2383812,"",14,"""S"",""C""",18,reservation,2383798
2591876,"",25,"""S""",14,reservation,2591851
2676511,Tillsäggning av högre statliga tjänster,7,"""m"",""fp"",""kd"",""mp""",11,reservation,2676504
2478393,Sms-lån,1,"""s""",1,reservation,2478392
2671344,"Samverkan mellan tull och polis, m.m.",19,"""c"",""fp"",""kd""",15,reservation,2671325
2456326,"",51,"""C""",28,reservation,2456275
2459243,Utvidgat förverkande,1,"""m"",""c"",""fp""",3,reservation,2459242
2364368,"",30,"""SD"",""V""",22,reservation,2364338
2641744,"",19,"""MP""",12,reservation,2641725
2414430,"",11,"""MP""",4,reservation,2414419
2334496,"",21,"""V""",13,reservation,2334475
2410531,"",15,"""KD""",6,reservation,2410516
2690477,"",1,"""V""",1,reservation,2690476
2432476,Snöskoterfrågor,23,"""S""",18,reservation,2432453
2317563,Förstärkt tillsyn,26,"""fp""",12,reservation,2317537
2303563,"",7,"""C""",2,reservation,2303556
3365295,"",2,"""S""",3,reservation,3365293
2501009,"",5,"""MP""",2,reservation,2501004
2637062,"",14,"""M"",""SD"",""KD""",12,reservation,2637048
2454822,Ägandet av flygplatser,2,"""m""",2,reservation,2454820
2514383,Regressrätt för arbetsgivare,6,"""m"",""c"",""kd""",7,reservation,2514377
2661895,"",13,"""KD""",8,reservation,2661882
2590472,Alkoholfri representation,3,"""v"",""mp""",7,reservation,2590469
3392524,"",2,"""MP""",1,reservation,3392522
2632436,Krav på återställande,7,"""V""",7,reservation,2632429
2407584,"",44,"""MP""",37,reservation,2407540
2318167,"",9,"""S""",10,reservation,2318155
2299523,Allmänt om jämställda löner och lönediskriminering,6,"""fp""",7,reservation,2299517
2469269,Rätten att välja skola,14,"""v""",16,reservation,2469255
2683064,"",23,"""SD""",13,reservation,2683041
2450264,Återföring av medel från vatten- och vindkraft samt vissa andra naturresurser,7,"""V""",5,reservation,2450257
2414420,"",1,"""SD""",2,reservation,2414419
2494137,Kostnader för utbildningstolkning,17,"""m"",""kd""",17,reservation,2494120
1057424,"",8,"""MP""",3,reservation,1057416
2657910,"",2,"""S"",""MP"",""V""",2,reservation,2657908
2395545,Organisatoriska frågor,11,"""m""",9,reservation,2395534
1080215,"",3,"""S"",""V"",""MP""",2,reservation,1080212
1019497,"",7,"""MP""",4,reservation,1019490
2444842,"",4,"""V""",4,reservation,2444838
2523808,"",11,"""M""",6,reservation,2523797
2311132,"",12,"""C""",25,reservation,2311120
2466445,Statligt stöd till nyproduktion,11,"""V""",7,reservation,2466434
2527679,Forskning inom den arktiska regionen,4,"""s""",4,reservation,2527672
2447505,"",1,"""SD""",1,reservation,2447504
2355220,"",1,"""SD""",1,reservation,2355219
2357892,Brandbekämpning till sjöss ,1,"""kd""",2,reservation,2357891
2300189,Ombyggnad och varsamhetsreglerna i planoch bygglagen ,11,"""c""",8,reservation,2300178
2292403,Ansvar för frågor om byggkonkurrens ,11,"""m"",""-""",5,reservation,2292392
2439199,"",9,"""M"",""C"",""L"",""KD""",8,reservation,2439190
2330897,Styrningen av de kulturpolitiska medlen till Region Skåne,3,"""c"",""fp""",7,reservation,2330894
2303871,"",10,"""V""",11,reservation,2303861
2417691,"",2,"""M""",2,reservation,2417689
2648672,Offentliga nämndsammanträden,1,"""fp""",3,reservation,2648671
2510862,Skydd mot farliga ämnen,2,"""S""",2,reservation,2510860
3358146,"",17,"""MP""",7,reservation,3358129
2586937,"",4,"""V""",4,reservation,2586933
2671545,"",1,"""SD""",6,reservation,2671544
2293351,"",34,"""M""",17,reservation,2293317
2318637,Utseende av offentliga ombud i framtiden,4,"""mp""",5,reservation,2318633
2446246,"",2,"""M""",1,reservation,2446244
2383406,"",1,"""SD""",1,reservation,2383405
2701551,En försäkring mot patentintrång,55,"""S""",46,reservation,2701496
2436660,Övriga frågor om läkare m.m.,41,"""m""",28,reservation,2436619
2698133,Sanktioner mot arbetsgivare,18,"""s""",17,reservation,2698115
2599969,Icke frihetsberövande påföljder,22,"""fp""",23,reservation,2599947
2354818,"",3,"""C"",""L""",2,reservation,2354815
2496343,"",2,"""M"",""SD""",2,reservation,2496341
2456277,"",2,"""C""",1,reservation,2456275
3362467,Översyn och utvärdering,8,"""m"",""fp"",""kd""",10,reservation,3362459
2440916,"",10,"""SD""",7,reservation,2440906
2470305,"",2,"""V""",1,reservation,2470303
3364416,Kunskap i frågor om mobbning,16,"""m""",16,reservation,3364400
2313025,Lag om folkomröstning av införande av euron,1,"""v"",""mp""",1,reservation,2313024
2443006,"",2,"""KD""",3,reservation,2443004
2697537,"",24,"""SD""",14,reservation,2697513
2560459,"",10,"""MP""",4,reservation,2560449
2632488,Barnlitteraturstatistik,5,"""v""",21,reservation,2632483
1042349,"",15,"""S""",10,reservation,1042334
2541188,"",36,"""V""",24,reservation,2541152
2475486,"",1,"""SD""",3,reservation,2475485
1057246,"",14,"""C""",7,reservation,1057232
2503550,Statens inspektion för försvarsunderrättelseverksamhet,3,"""MP"",""SD"",""V""",3,reservation,2503547
2632673,"",31,"""V""",14,reservation,2632642
2451262,Avveckling av resterande delar av presstödet,4,"""fp""",7,reservation,2451258
2295380,Indikatorer för måluppfyllelse och kvalitet,5,"""S"",""MP"",""V""",8,reservation,2295375
2572078,Fler betygssteg,47,"""c"",""fp"",""kd""",43,reservation,2572031
2635207,"",7,"""SD""",8,reservation,2635200
2398196,"",16,"""MP""",11,reservation,2398180
2361930,Alkolås,2,"""s"",""v"",""mp""",3,reservation,2361928
3137552,Riksrevisionens styrelses framställning angående insatser för att hantera omfattande elavbrott,1,"""s"",""v"",""mp""",1,reservation,3137551
2509217,"",11,"""KD""",6,reservation,2509206
2459681,"",4,"""L""",1,reservation,2459677
2692753,Sjuklöneansvar för mindre företag,23,"""v""",27,reservation,2692730
2509163,"",14,"""C""",7,reservation,2509145
2590009,"",12,"""M""",9,reservation,2589997
2492133,Skolans uppgift,44,"""m""",40,reservation,2492089
2476165,Friskvård för äktenskap och parförhållanden,22,"""kd""",34,reservation,2476143
2518063,"",31,"""KD""",14,reservation,2518031
2504958,Avslag på propositionen,1,"""V""",1,reservation,2504957
2436709,Socialavgifter för företag med säsongsanställd personal,90,"""kd""",67,reservation,2436619
2571847,"",11,"""SD""",5,reservation,2571836
3358907,Ekologisk odling m.m.,7,"""mp""",6,reservation,3358900
2410273,Andra insatser i storstadsområdena,24,"""m""",9,reservation,2410249
1060149,"",8,"""S"",""V""",6,reservation,1060141
2295020,Tobaksprevention,4,"""fp"",""kd""",6,reservation,2295016
2681182,"",5,"""V""",6,reservation,2681177
2365686,"",18,"""L""",10,reservation,2365668
2553053,Djurhållning i kustnära områden m.m.,5,"""v""",4,reservation,2553048
2696751,It i skolan,33,"""S"",""V""",22,reservation,2696718
2433783,Upparbetning av kärnavfall,2,"""v"",""mp""",3,reservation,2433781
2505197,Kostnadsansvar för investeringar i vården,4,"""v"",""mp""",3,reservation,2505193
2500476,"",1,"""SD""",1,reservation,2500475
2614851,Dubbelbeskattningsavtal och SINK-skatt,14,"""S"",""V""",14,reservation,2614837
2425011,"",1,"""C"",""L"",""KD""",1,reservation,2425010
2500109,"",15,"""SD""",17,reservation,2500094
2580600,Ungdomsbrottslighet m.m.,31,"""S"",""V""",49,reservation,2580569
2556540,"",19,"""SD""",19,reservation,2556521
2463194,Fristående skolor för vuxenutbildning,18,"""m"",""c"",""fp"",""kd""",16,reservation,2463176
3360811,"",12,"""M""",12,reservation,3360799
2613147,Utredning om världsmusik och världsdans,6,"""v""",6,reservation,2613141
3365499,Ekonomiska styrmedel för flyget,56,"""fp"",""kd""",47,reservation,3365443
3362041,Särskoleplacering som resursfråga,8,"""c"",""kd""",9,reservation,3362033
2364871,"",31,"""SD""",15,reservation,2364840
2556929,Forskningspolitisk inriktning m.m.,1,"""S""",1,reservation,2556928
2516155,"",2,"""MP""",1,reservation,2516153
2628117,"",1,"""L""",1,reservation,2628116
2566971,"",2,"""SD""",3,reservation,2566969
2690665,"",1,"""V"",""MP""",1,reservation,2690664
2610246,"",4,"""MP""",1,reservation,2610242
2450031,Skapande skola,12,"""mp""",30,reservation,2450019
2556575,"",7,"""C"",""MP""",5,reservation,2556568
2670996,Forskning om förundersökningarnas kvalitet,9,"""fp"",""kd""",8,reservation,2670987
2703985,Återkoppling från domstolarna om nämndemännen,1,"""MP"",""V""",2,reservation,2703984
2420713,Lån av museiföremål,4,"""fp""",5,reservation,2420709
2391021,Utbildning om meddelarskydd för offentligt anställda,1,"""v""",1,reservation,2391020
2532601,"",18,"""SD""",13,reservation,2532583
2485531,Företagshälsovård,1,"""m""",1,reservation,2485530
2503992,"",5,"""M""",2,reservation,2503987
2474161,"",7,"""MP""",7,reservation,2474154
2548196,"",24,"""SD""",22,reservation,2548172
2411643,Övrigt om föräldrapenning och tillfällig föräldrapenning m.m.,91,"""mp""",83,reservation,2411552
2443454,Finansiering av djurskyddskontroll m.m.,3,"""mp""",2,reservation,2443451
2291334,"",3,"""M"",""C"",""KD"",""L""",3,reservation,2291331
2662640,"",2,"""SD""",5,reservation,2662638
2634649,"",2,"""V"",""MP""",3,reservation,2634647
2414324,"",9,"""C""",7,reservation,2414315
2388838,Äldres boende,9,"""s"",""v"",""mp""",7,reservation,2388829
2296555,Motionsförslag som behandlas i förenklad ordning,57,"""v""",72,reservation,2296498
2575796,"",31,"""L""",13,reservation,2575765
2527682,Utvärdering av resurstilldelningssystemet,7,"""s"",""v"",""mp""",8,reservation,2527672
3361095,Studiemedel vid studier utomlands,6,"""m"",""c"",""fp"",""kd""",7,reservation,3361089
2441676,"",1,"""S"",""MP""",1,reservation,2441675
2704984,"",3,"""S"",""MP"",""V""",2,reservation,2704981
3361677,Häkte,12,"""v""",16,reservation,3361665
2607811,Resursfördelningen inom polisen,3,"""m""",6,reservation,2607808
2663317,Hälso- och sjukvårdens organisation och finansiering m.m.,4,"""v""",1,reservation,2663313
3392540,"",18,"""V"",""MP""",14,reservation,3392522
2556809,"",3,"""C""",1,reservation,2556806
2535190,"",8,"""S"",""MP""",9,reservation,2535182
2398567,"",1,"""S""",1,reservation,2398566
2506780,"",11,"""V""",13,reservation,2506769
2325680,"",7,"""KD""",3,reservation,2325673
2549418,Kostnad för utlokalisering av statliga verk,2,"""m"",""fp"",""kd""",10,reservation,2549416
2330490,"",6,"""M"",""C"",""L"",""KD""",4,reservation,2330484
2642379,Tillsyn,33,"""m"",""kd""",26,reservation,2642346
2366576,Ansvar för amatörkulturen,2,"""s""",2,reservation,2366574
2426932,"",12,"""SD""",8,reservation,2426920
2297179,Godkännande av fördraget,3,"""V""",1,reservation,2297176
2510769,"",6,"""V""",4,reservation,2510763
2492710,"",34,"""KD""",14,reservation,2492676
2675694,Kravet på kvalificerad majoritet,11,"""v""",11,reservation,2675683
2295819,Relationerna till närområdet ,1,"""m""",3,reservation,2295818
1111197,Fristående lärarutbildningar,21,"""m""",21,reservation,1111176
3358399,Svenskt undantag från EMU,7,"""SD""",6,reservation,3358392
2670679,Brott av unga - allmänna utgångspunkter,3,"""m"",""c"",""fp"",""kd""",3,reservation,2670676
2420633,Europol och Eurojust,1,"""m""",1,reservation,2420632
2678998,"",2,"""MP""",2,reservation,2678996
2459339,"",12,"""M""",10,reservation,2459327
2306635,Kommuners och landstings ansvar för stöd till folkbildningen,1,"""s"",""v""",2,reservation,2306634
2579498,"",12,"""C""",8,reservation,2579486
2449737,"",20,"""M""",10,reservation,2449717
2318052,"",91,"""C""",49,reservation,2317934
3365491,Normer för energiförbrukning,48,"""kd""",39,reservation,3365443
2560744,"",21,"""SD""",17,reservation,2560723
2342909,"",25,"""M""",18,reservation,2342884
2307583,"",58,"""M"",""SD"",""KD""",61,reservation,2307525
2438585,"",7,"""M""",3,reservation,2438578
2659290,"",10,"""L""",9,reservation,2659280
2586658,"",4,"""C""",4,reservation,2586654
2330247,Tomma bostäder m.m.,16,"""m""",14,reservation,2330231
1110122,"",20,"""S"",""V"",""C"",""MP""",11,reservation,1110102
2655303,Studie- och yrkesvägledare,83,"""mp""",101,reservation,2655219
2433965,"",14,"""V""",8,reservation,2433951
2622240,"",5,"""SD""",5,reservation,2622235
2642797,"",21,"""MP""",9,reservation,2642776
2679354,Skogsvårdsorganisationen,23,"""mp""",22,reservation,2679331
2500482,"",7,"""SD""",3,reservation,2500475
2437037,"",11,"""L""",12,reservation,2437026
2449718,"",1,"""M""",1,reservation,2449717
2427893,Utredning och stöd till ekologiskt jordbruk,8,"""MP"",""V""",10,reservation,2427885
1113638,Anslag m.m. 2011 inom utgiftsområde 1,2,"""SD""",1,reservation,1113636
3357506,Bolagsledningarnas löner och ersättningar,11,"""kd""",6,reservation,3357495
2315936,"",7,"""V""",6,reservation,2315929
2300460,Civil-militär samverkan ,11,"""m""",13,reservation,2300449
2675855,"",9,"""C""",2,reservation,2675846
1057078,"",2,"""V"",""MP""",1,reservation,1057076
2565784,Allmännyttiga ideella föreningar,8,"""m"",""c"",""fp"",""kd""",10,reservation,2565776
2456167,"",39,"""SD""",21,reservation,2456127
1114401,Särskilda spaningsmetoder m.m.,28,"""m"",""fp""",34,reservation,1114373
2375362,"",5,"""SD""",4,reservation,2375357
2635209,"",9,"""C""",9,reservation,2635200
3371168,"",12,"""C""",9,reservation,3371156
2527602,Lag om ändring i högskolelagen (1992:1434),1,"""v"",""mp""",1,reservation,2527601
2439441,"",8,"""SD""",8,reservation,2439433
2670994,S.k. obligatorisk häktning,7,"""m""",5,reservation,2670987
2467140,"",16,"""SD""",8,reservation,2467124
2398906,"",42,"""KD""",14,reservation,2398864
2535658,Säkerheten vid kärnkraftverk,3,"""S"",""MP"",""V""",6,reservation,2535655
2410550,Förföljelse på grund av kön eller sexuell läggning,4,"""mp""",1,reservation,2410546
2531942,"",8,"""MP""",12,reservation,2531934
2629366,Fastigheter i utlandet ,7,"""m"",""kd""",4,reservation,2629359
3360004,"",8,"""SD""",8,reservation,3359996
2354724,"",25,"""C"",""MP""",15,reservation,2354699
2449033,Tillståndsperiodens längd,2,"""s"",""v"",""mp""",6,reservation,2449031
2347431,"",1,"""S"",""V""",1,reservation,2347430
2591690,"",16,"""SD""",11,reservation,2591674
2311462,Myndigheters verksamhet och resurser,3,"""s""",5,reservation,2311459
1057106,"",30,"""MP""",24,reservation,1057076
2690518,"",31,"""M""",10,reservation,2690487
2539910,Ambitionsnivån på de internationella insatserna samt anslagsstruktur,1,"""m""",1,reservation,2539909
2318044,"",83,"""KD""",43,reservation,2317934
2295066,"",6,"""MP""",3,reservation,2295054
2467684,"",3,"""S""",3,reservation,2467681
2517631,Jordbrukets och trädgårdsnäringens miljö- och energibeskattning,7,"""fp""",2,reservation,2517624
2309241,"",1,"""V""",2,reservation,2309240
2704358,"",2,"""SD""",1,reservation,2704356
2554552,"",7,"""M""",4,reservation,2554545
2304838,"",13,"""KD""",5,reservation,2304825
2305064,"",51,"""M"",""SD"",""KD""",35,reservation,2305013
2426828,"",19,"""M""",9,reservation,2426809
3357823,Arbetsmiljöstatistik för studenter,36,"""mp""",34,reservation,3357787
2430192,"",10,"""SD""",5,reservation,2430182
2317546,Domstolstrots,9,"""m""",4,reservation,2317537
2617994,Initiativ till formellt skydd,9,"""mp""",6,reservation,2617985
2670522,"",17,"""S""",12,reservation,2670505
2545426,"",5,"""S"",""C"",""V"",""MP""",5,reservation,2545421
2549710,Trygghetssystem för konstnärer ,9,"""kd""",8,reservation,2549701
3359043,Grundläggande riktlinjer för familjepolitiken,39,"""s""",39,reservation,3359004
2552172,"",22,"""V""",16,reservation,2552150
2474708,Unga lagöverträdare,34,"""m"",""kd""",23,reservation,2474674
2650514,Vattenförsörjning m.m.,24,"""kd"",""mp""",23,reservation,2650490
2325337,Gåvor och bidrag till ideella ändamål,12,"""fp""",10,reservation,2325325
2364647,"",7,"""M""",4,reservation,2364640
2312420,"",18,"""C""",25,reservation,2312402
2496039,Grundläggande behörighet på grund av slutbetyg,3,"""v"",""mp""",3,reservation,2496036
2575544,"",13,"""V""",7,reservation,2575531
1113095,"Äldre homo-, bi- och transsexuella personer",19,"""S"",""V""",18,reservation,1113076
2426821,"",12,"""KD""",5,reservation,2426809
2676103,"",12,"""SD""",6,reservation,2676091
2328478,"",5,"""S"",""V"",""MP""",3,reservation,2328473
2417212,Lag om ändring i fiskelagen,2,"""mp""",1,reservation,2417210
2693689,Samordning med EU:s transportinfrastruktur m.m.,33,"""v"",""mp""",46,reservation,2693656
2325172,"",11,"""V""",7,reservation,2325161
2456297,"",22,"""SD""",12,reservation,2456275
2296166,Fordonsskatt,5,"""mp""",4,reservation,2296161
2293344,"",27,"""SD""",14,reservation,2293317
2318057,"",96,"""KD""",52,reservation,2317934
2689208,"",1,"""S""",1,reservation,2689207
2400440,"",26,"""SD""",15,reservation,2400414
2513963,"",5,"""V"",""MP""",6,reservation,2513958
2518382,"",5,"""V""",3,reservation,2518377
2701530,Samordning av klimatforskningen,34,"""S"",""MP"",""V""",30,reservation,2701496
2541262,"",2,"""SD""",1,reservation,2541260
2405413,"",21,"""V"",""MP""",11,reservation,2405392
2432228,"",11,"""S""",11,reservation,2432217
2478780,"",24,"""C""",12,reservation,2478756
3357769,HBT-frågor och äldreomsorgen,3,"""s"",""v"",""mp""",3,reservation,3357766
2686334,"",21,"""S""",8,reservation,2686313
2485832,"Bär, svamp och kottar",13,"""s"",""v""",18,reservation,2485819
2544768,Krav på blodgivare,13,"""v"",""mp""",19,reservation,2544755
2390353,"",9,"""SD""",3,reservation,2390344
2521642,Klassificering av byggnader för äldreboende vid fastighetstaxeringen,14,"""s"",""v""",17,reservation,2521628
2305133,Särskolan som egen skolform,1,"""m"",""c"",""fp"",""kd""",1,reservation,2305132
2658137,Nästa steg efter Framtidens kultur,17,"""s"",""v""",13,reservation,2658120
2553730,Legitimation för yrkeslärare,4,"""S"",""SD"",""V""",5,reservation,2553726
2504909,Speglingsuppdraget,6,"""SD""",6,reservation,2504903
2557144,"Breddad rekrytering, tillträde och studentfrågor",14,"""MP""",9,reservation,2557130
2297701,"",19,"""M""",13,reservation,2297682
2537393,Samarbete med de baltiska länderna och Polen,28,"""fp"",""kd""",32,reservation,2537365
3358139,"",10,"""SD""",5,reservation,3358129
2357863,Vårpropositionens innehåll (avsnitt 9.3),18,"""m"",""c"",""fp"",""kd""",16,reservation,2357844
2690501,"",14,"""SD""",4,reservation,2690487
2436384,Flygplatskapaciteten i Storstockholmsområdet ,26,"""c"",""v"",""mp""",52,reservation,2436358
2701198,Skolans ansvar för elevers hälsa och motion ,54,"""fp""",39,reservation,2701144
2338580,Bemötandefrågor,2,"""m"",""c"",""fp"",""kd""",2,reservation,2338578
2500684,"",3,"""S""",3,reservation,2500681
2442918,"",3,"""KD""",1,reservation,2442915
2540157,"",3,"""SD""",3,reservation,2540154
2436710,Avgiftsskyldighet för andra föreningar än idrottsföreningar,91,"""kd""",68,reservation,2436619
2307003,"",3,"""M"",""KD""",3,reservation,2307000
2431887,Avskaffande av småföretagsstöd ,2,"""c""",5,reservation,2431885
2440651,"",21,"""S""",15,reservation,2440630
1113748,Antisemitism och islamofobi,3,"""S""",19,reservation,1113745
2498123,"",14,"""SD""",18,reservation,2498109
2671146,"",24,"""KD""",10,reservation,2671122
2600111,"",3,"""C""",6,reservation,2600108
2462607,"",8,"""C""",4,reservation,2462599
2482329,Reklam riktad till barn,20,"""c"",""kd""",19,reservation,2482307
2598496,EU:s gemensamma utrikes- och säkerhetspolitik samt bilaterala och regionala förbindelser,4,"""mp""",4,reservation,2598492
1004740,"",7,"""S"",""C""",3,reservation,1004733
2442764,Kompetenskrav för utryckningsförare,17,"""S"",""MP""",19,reservation,2442747
2364795,Insatser för studieovana grupper och ungdomar,2,"""S"",""MP""",2,reservation,2364793
2299104,Dokumentation vid kommunala arbetsmarknadsinsatser,19,"""SD""",16,reservation,2299085
2480884,Kassettersättning,11,"""kd""",10,reservation,2480873
2522989,"",49,"""SD""",14,reservation,2522940
2598995,Rättsskydd för dementa,35,"""v"",""mp""",25,reservation,2598960
2302143,Möjlighet att behålla uppdrag vid flyttning,13,"""mp""",16,reservation,2302130
3362829,Nationella förvaltningsåtgärder,28,"""v""",24,reservation,3362801
2429605,"",7,"""KD""",5,reservation,2429598
2294750,"",12,"""V""",9,reservation,2294738
2445051,Allmänna principer för försäkringen,3,"""V""",1,reservation,2445048
2600866,"",3,"""KD""",2,reservation,2600863
2317047,4 kap. 26 § barnavårdslagen,39,"""m"",""c"",""fp"",""kd""",33,reservation,2317008
2618390,Solenergi,22,"""mp""",13,reservation,2618368
2400080,"",16,"""M""",10,reservation,2400064
2365075,"",7,"""V""",8,reservation,2365068
2312197,"",18,"""V""",8,reservation,2312179
2341260,"",1,"""S"",""C"",""V"",""MP""",1,reservation,2341259
1112498,Upphandling av hyrbilsavtal,3,"""MP"",""V""",3,reservation,1112495
2533678,"",13,"""SD""",8,reservation,2533665
2528388,"",6,"""M"",""C"",""L"",""KD""",2,reservation,2528382
2350155,Förbudet mot uppförande av kärnkraftsreaktorer,8,"""m"",""fp""",4,reservation,2350147
2442440,EU:s miljöregler,2,"""c"",""fp"",""kd"",""mp""",1,reservation,2442438
2437028,"",2,"""S"",""MP"",""V""",3,reservation,2437026
2454565,Anställningsskydd vid upphandlingar,17,"""V""",14,reservation,2454548
2438474,Särskilt om den romska minoriteten,9,"""v""",12,reservation,2438465
2291445,"",32,"""S"",""V"",""MP""",16,reservation,2291413
2558049,"",4,"""KD""",1,reservation,2558045
2628927,"",8,"""V""",7,reservation,2628910
2301723,"",21,"""M""",9,reservation,2301702
2548289,"",6,"""S"",""V""",7,reservation,2548283
2296047,Permanent stöd till Akvarellmuseet ,31,"""mp""",41,reservation,2296016
2668862,Regional exportrådgivning,4,"""S"",""V""",3,reservation,2668858
2618616,"",11,"""KD""",15,reservation,2618605
2679812,"",13,"""S"",""V"",""MP""",6,reservation,2679799
3365099,"",56,"""L""",40,reservation,3365043
2415015,Allmänna principer för socialförsäkringarna,1,"""fp""",1,reservation,2415014
2662744,Studenter och de sociala trygghetssystemen,3,"""s""",3,reservation,2662741
2657043,Besöksvisum,35,"""fp"",""kd"",""v"",""mp""",26,reservation,2657008
2403234,"",6,"""C""",3,reservation,2403228
2564674,"Periodiseringsfonder i mindre företag, m.m.",5,"""c""",4,reservation,2564669
2607821,En enda högsta domstolsinstans,13,"""fp""",16,reservation,2607808
3357481,Uppföljning av höjda domstolsavgifter och tilläggsavgifter,1,"""S"",""MP"",""V""",2,reservation,3357480
2615150,"",8,"""S"",""V"",""MP""",8,reservation,2615142
2468810,"",11,"""M""",8,reservation,2468799
2587231,"",17,"""SD""",21,reservation,2587214
2517050,"",39,"""SD""",21,reservation,2517011
3358061,"",42,"""C""",17,reservation,3358019
2312187,"",8,"""SD""",4,reservation,2312179
2629699,"",1,"""SD""",1,reservation,2629698
1111182,Läraryrkets status m.m.,6,"""m"",""c"",""fp"",""kd""",6,reservation,1111176
2372122,Mätning och debitering av el,10,"""fp"",""kd""",7,reservation,2372112
2659317,"",37,"""SD""",43,reservation,2659280
2561477,"",10,"""KD""",2,reservation,2561467
2429721,"",56,"""KD""",32,reservation,2429665
2472423,Vissa forskningsområden,16,"""m"",""c"",""fp"",""kd""",16,reservation,2472407
2517911,"",3,"""M"",""SD"",""KD""",3,reservation,2517908
2696193,"",15,"""C""",7,reservation,2696178
2671154,"",31,"""KD""",13,reservation,2671122
2445060,Regelverket i vissa särskilda situationer,12,"""MP""",9,reservation,2445048
2480878,Patentintrångsförsäkring,5,"""m"",""fp""",6,reservation,2480873
2387750,"",4,"""KD""",1,reservation,2387746
2342767,"",6,"""MP""",6,reservation,2342761
2293485,"",10,"""SD""",11,reservation,2293475
2683096,"",55,"""MP""",33,reservation,2683041
2376726,"",32,"""V""",40,reservation,2376694
2607818,Större befogenhet för Eurojust,10,"""c"",""fp""",12,reservation,2607808
2640950,Hivtestning,3,"""m"",""c"",""kd""",2,reservation,2640947
1112668,Framtida förstärkningar av vissa utbildningar och lärosäten,5,"""V""",5,reservation,1112663
2447070,"",2,"""SD""",1,reservation,2447065
2496675,"",30,"""S""",15,reservation,2496645
2499351,"",2,"""V""",2,reservation,2499349
2437213,Kvinnor och flickor med utländsk bakgrund,12,"""v""",7,reservation,2437201
2422227,"",30,"""SD""",21,reservation,2422197
3357499,Företag med samhällsintressen och vissa speciella företag,4,"""m"",""c"",""fp""",3,reservation,3357495
3137726,Globalt tryggad livsmedelsförsörjning,14,"""MP"",""V""",9,reservation,3137712
2325328,Förmånstagare till pensionsförsäkring,3,"""m"",""c"",""kd""",3,reservation,2325325
2586142,Definition av bankrörelse,1,"""fp""",1,reservation,2586141
2457237,Studier och a-kassa,9,"""kd""",7,reservation,2457228
2300564,Talerätt i mål om hävande av faderskap,5,"""m"",""c"",""fp"",""kd""",5,reservation,2300559
2643984,Undantag från lotterilagens kreditförbud,4,"""kd""",3,reservation,2643980
2569457,Krav på sociala hänsyn och kollektivavtal vid upphandling samt ratificering av ILO:s konvention 94,5,"""s"",""v"",""mp""",4,reservation,2569452
2705745,Kompensationsprincipen - avstående av egendom till staten för naturvårdsändamål m.m.,10,"""c"",""kd""",5,reservation,2705735
2318318,"",64,"""S""",24,reservation,2318254
2701535,Välfärdsnära forskning,39,"""MP""",35,reservation,2701496
2500271,"",14,"""MP""",8,reservation,2500257
3136746,"",6,"""KD""",6,reservation,3136740
2519673,"",9,"""V""",9,reservation,2519664
1111767,"En ny krigsmateriellagstiftning, politik för global utveckling (PGU), ett demokratikriterium",11,"""SD""",6,reservation,1111756
2498677,Undantag från kvotplikten för elintensiva företag,12,"""fp""",8,reservation,2498665
2336112,Metallskrothandeln,1,"""SD""",2,reservation,2336110
2306858,Integrationspolitikens mål ,4,"""fp""",1,reservation,2306854
2703558,"",27,"""C""",12,reservation,2703531
2328894,Buller,29,"""mp""",23,reservation,2328865
2623502,Avslag på propositionen,1,"""c""",1,reservation,2623501
2439468,"",7,"""M"",""C"",""L"",""KD""",9,reservation,2439461
2540302,Energibeskattning,3,"""mp""",1,reservation,2540299
2347364,Lokaliseringsfrågor m.m.,1,"""v""",1,reservation,2347363
2293491,"",16,"""KD""",19,reservation,2293475
2370106,"",8,"""SD""",7,reservation,2370098
1045227,"",2,"""V""",2,reservation,1045225
1056928,"",3,"""MP""",3,reservation,1056925
2549031,Innehav av egendom,1,"""s"",""v"",""mp""",1,reservation,2549030
3358933,Konsumentvägledning,4,"""fp"",""v""",4,reservation,3358929
2704698,"",8,"""V""",10,reservation,2704690
2692757,Genusfrågor,27,"""v""",35,reservation,2692730
2467564,Trafikbuller,21,"""MP""",12,reservation,2467543
2457238,Familjehem,10,"""kd""",8,reservation,2457228
2296851,"",2,"""L""",1,reservation,2296849
3365611,Möjligheterna att bo och verka på landsbygden,35,"""m"",""c"",""fp"",""kd""",35,reservation,3365576
3364548,Sexuella övergrepp mot barn,6,"""v""",11,reservation,3364542
2518697,FN:s frivilligdag,8,"""kd""",8,reservation,2518689
2310201,"",15,"""S""",11,reservation,2310186
2523087,Prisinformation och konkurrens,3,"""m"",""fp""",5,reservation,2523084
2384239,"",53,"""V""",28,reservation,2384186
2426834,"",25,"""V""",12,reservation,2426809
2294988,"",15,"""L""",9,reservation,2294973
2401810,"",2,"""V""",4,reservation,2401808
2385851,Delmål om obetalt hem- och omsorgsarbete,15,"""kd""",7,reservation,2385836
2354823,"",8,"""M"",""C"",""L"",""KD""",6,reservation,2354815
2516123,"",12,"""V""",9,reservation,2516111
2676910,"",12,"""L""",4,reservation,2676898
2297541,"Lag med kompletterande bestämmelser till EU:s förordning om OTC-derivat, centrala motparter och transaktionsregister  m.m.",1,"""V""",1,reservation,2297540
2704983,"",2,"""V""",1,reservation,2704981
2655423,Läsfrämjande insatser,1,"""S"",""V""",1,reservation,2655422
2291789,"",9,"""M""",7,reservation,2291780
2291414,"",1,"""M"",""C""",2,reservation,2291413
2541291,"",24,"""V""",14,reservation,2541260
2393714,"",2,"""C"",""V"",""FP""",2,reservation,2393712
2494159,"",1,"""SD""",1,reservation,2494158
2410527,"",11,"""KD""",4,reservation,2410516
2315252,"",11,"""S""",9,reservation,2315241
3363577,"",15,"""MP""",7,reservation,3363562
2558072,"",14,"""C""",6,reservation,2558058
2548849,Upplysning m.m. om produkter som är framtagna utan djurförsök,12,"""mp""",12,reservation,2548837
2409490,"",2,"""KD""",1,reservation,2409488
2442968,"",53,"""M""",24,reservation,2442915
2296212,"",3,"""M"",""C"",""L"",""KD""",4,reservation,2296209
1004864,"",25,"""C""",17,reservation,1004839
3362260,IT-strategi,25,"""fp""",19,reservation,3362235
2371157,Förmedling av andrahandslägenheter,5,"""v""",3,reservation,2371152
2419571,"",18,"""M""",11,reservation,2419553
2325475,Åtgärder mot lärarbrist ,35,"""fp"",""kd""",50,reservation,2325440
3363883,Ombildning till bostadsrätt,13,"""S"",""MP""",15,reservation,3363870
2476167,Annan folkhälsoforskning,24,"""mp""",36,reservation,2476143
2499053,Tvångsvård av gravida kvinnor med missbruksproblem,22,"""m"",""c"",""fp"",""kd""",20,reservation,2499031
2637446,"",6,"""V""",7,reservation,2637440
2294564,"",10,"""C""",4,reservation,2294554
2361917,Avslag på propositionen,1,"""v"",""mp""",1,reservation,2361916
1042513,"",23,"""V""",10,reservation,1042490
2295938,Skydd av gamla ortnamn,6,"""m"",""c"",""fp"",""kd""",9,reservation,2295932
2576957,Skattesatser,1,"""v""",1,reservation,2576956
2415300,"",2,"""C""",1,reservation,2415298
2580336,"",4,"""M"",""SD""",4,reservation,2580332
2575589,"",14,"""M"",""KD""",14,reservation,2575575
2642826,"",50,"""MP""",24,reservation,2642776
3359819,"",17,"""V""",7,reservation,3359802
3363338,"",1,"""S"",""MP"",""V""",1,reservation,3363337
2297498,"",6,"""M""",5,reservation,2297492
2487088,"",40,"""V"",""L"",""MP""",38,reservation,2487048
2649578,En långsiktig nationell fiskepolitik ,13,"""fp"",""mp""",22,reservation,2649565
2340955,"",14,"""M"",""C"",""L"",""KD""",26,reservation,2340941
3392384,"",1,"""S""",1,reservation,3392383
2642443,Kreditgarantier för byggande i glesbygd,9,"""s""",6,reservation,2642434
3363234,Biträde av polismyndighet,21,"""fp""",21,reservation,3363213
2325705,"",32,"""M""",12,reservation,2325673
2501034,"",30,"""SD""",16,reservation,2501004
2443257,"",9,"""SD""",11,reservation,2443248
2307571,"",46,"""KD"",""L""",48,reservation,2307525
2479558,"",18,"""KD""",6,reservation,2479540
2619375,"",4,"""MP""",2,reservation,2619371
2348173,"",14,"""SD""",6,reservation,2348159
2449719,"",2,"""SD""",1,reservation,2449717
2618383,Naturgas,15,"""m"",""fp"",""kd""",10,reservation,2618368
2324811,"",2,"""S""",3,reservation,2324809
2659139,"",4,"""MP""",1,reservation,2659135
2648066,Besittningsskydd och förlängning vid jakträttsupplåtelser ,11,"""m""",16,reservation,2648055
2451044,Utökad samrådsskyldighet mellan skogsbruket och rennäringen,6,"""mp""",6,reservation,2451038
2561549,"",54,"""SD""",25,reservation,2561495
2549544,Gallring av åtalsunderlåtelse för personer mellan 18 och 21 år,1,"""s"",""v"",""mp""",2,reservation,2549543
2549376,Tidsbegränsning av lagen om åtgärder för att förhindra vissa särskilt allvarliga brott,5,"""s""",6,reservation,2549371
2441298,"",50,"""MP""",29,reservation,2441183
2398608,"",42,"""C"",""MP""",19,reservation,2398566
2516563,Sms-lån,15,"""S""",12,reservation,2516548
2328675,Avläsningsfrekvens och elräkningar,13,"""mp""",9,reservation,2328662
2486722,Urval till högskoleutbildning,17,"""fp""",8,reservation,2486705
2366365,Tillgänglig socialtjänst m.m.,3,"""MP"",""V""",2,reservation,2366362
2345103,"",7,"""M""",3,reservation,2345096
2358515,Ekonomiska förutsättningar för kommunal verksamhet,3,"""c""",4,reservation,2358512
2439154,"",4,"""M"",""C"",""L"",""KD""",3,reservation,2439150
2667062,"",8,"""C""",4,reservation,2667054
2293140,"",18,"""SD""",8,reservation,2293122
2446728,"",23,"""V""",23,reservation,2446705
2523146,"",17,"""M""",9,reservation,2523129
2696198,"",20,"""SD""",9,reservation,2696178
2345063,"",25,"""KD""",28,reservation,2345038
2556447,Studie- och yrkesvägledning,56,"""S""",43,reservation,2556391
2369892,Utbildning om sexuella övergrepp,16,"""kd""",17,reservation,2369876
1042290,"",9,"""C""",3,reservation,1042281
2327267,Patientdatalagen och it i vården,16,"""MP""",16,reservation,2327251
2299538,Diskriminering på grund av funktionshinder,21,"""kd""",22,reservation,2299517
2440962,"",12,"""SD""",9,reservation,2440950
2692494,"",1,"""M""",1,reservation,2692493
3137209,EU:s gemensamma utrikes- och säkerhetspolitik,4,"""MP""",3,reservation,3137205
2410089,"",1,"""SD""",3,reservation,2410088
2296932,Tillsyn m.m.,17,"""MP""",16,reservation,2296915
2366502,Val av utförare m.m.,2,"""V""",2,reservation,2366500
2417703,"",14,"""M""",17,reservation,2417689
2298805,Kommissionens årliga politiska strategi för år 2010,3,"""mp""",1,reservation,2298802
3365772,"",4,"""S""",3,reservation,3365768
2662006,"",1,"""M""",1,reservation,2662005
2596564,Lämplighetskravet,8,"""v"",""mp""",7,reservation,2596556
3364999,"",74,"""SD""",40,reservation,3364925
2501156,"",11,"""V""",6,reservation,2501145
2406310,"",1,"""SD""",2,reservation,2406309
2370600,Möjlighet till studieuppehåll före åttonde eller nionde skolåret,63,"""kd""",61,reservation,2370537
2349849,Alkoholpolitikens inriktning ,2,"""m""",1,reservation,2349847
2454721,Straffskalan för grov kvinnofridskränkning,7,"""m"",""fp""",7,reservation,2454714
2311598,ILO:s konvention nr 94,13,"""m"",""c"",""fp"",""kd""",15,reservation,2311585
2301373,"",20,"""V""",11,reservation,2301353
2449197,Gendarmeriorganisation,16,"""SD""",26,reservation,2449181
2296211,"",2,"""M""",2,reservation,2296209
2292820,Identitetskrav m.m.,8,"""S""",4,reservation,2292812
2693945,Skadeståndsnivåer,2,"""SD""",2,reservation,2693943
2347601,Vinstberäkning vid avyttring av äldre småhus,8,"""m"",""c"",""fp"",""kd""",9,reservation,2347593
2665751,It och miljön,8,"""MP"",""V""",8,reservation,2665743
2504967,Avgiftsfrihet vid folkbiblioteken,10,"""S""",10,reservation,2504957
2298456,Skatte- och avgiftskontroll,3,"""V""",1,reservation,2298453
2313682,Pojkars och flickors resultat i skolan,5,"""mp""",6,reservation,2313677
2387610,"",14,"""KD""",5,reservation,2387596
2575433,"",81,"""SD""",56,reservation,2575352
2539438,FN:s barnkonvention,1,"""c"",""kd"",""mp""",1,reservation,2539437
2436866,"",11,"""M"",""KD""",10,reservation,2436855
2486650,"",16,"""KD""",7,reservation,2486634
2535770,Statlig garanti för skadestånd till brottsoffer,2,"""SD""",3,reservation,2535768
2297700,"",18,"""L""",12,reservation,2297682
2503561,"",2,"""SD""",1,reservation,2503559
1057268,"",36,"""C""",24,reservation,1057232
2479024,"",8,"""SD""",7,reservation,2479016
2498473,Insatser på internationell nivå,4,"""m"",""c"",""fp""",4,reservation,2498469
2541196,"",44,"""V""",31,reservation,2541152
2529340,"",8,"""V""",7,reservation,2529332
2494124,Rätten för elever till särskilt stöd,4,"""kd""",4,reservation,2494120
2679819,"",20,"""V"",""C""",8,reservation,2679799
2333349,Dacregler,6,"""MP"",""V""",5,reservation,2333343
2591660,Länsvisa utjämningssystem,6,"""c""",5,reservation,2591654
2293324,"",7,"""M""",2,reservation,2293317
2307538,"",13,"""SD""",13,reservation,2307525
1111203,Karriärmöjligheter för lärare,27,"""kd""",27,reservation,1111176
2338620,"",17,"""KD""",6,reservation,2338603
2579491,"",5,"""S"",""MP""",5,reservation,2579486
2384205,"",19,"""S"",""MP"",""V""",9,reservation,2384186
3359013,Kvinnors ohälsa,9,"""s""",10,reservation,3359004
2594593,"",14,"""S"",""MP"",""V""",15,reservation,2594579
2626991,"",2,"""SD""",1,reservation,2626989
2506577,"",15,"""V""",8,reservation,2506562
2624112,"",27,"""MP""",21,reservation,2624064
2503584,"",25,"""SD""",16,reservation,2503559
1081159,"",2,"""V"",""MP""",1,reservation,1081157
2355570,"",21,"""S""",18,reservation,2355549
2401484,"",4,"""S"",""V""",2,reservation,2401480
1042413,"",23,"""S""",19,reservation,1042390
1114670,Täkter,6,"""MP"",""V""",7,reservation,1114664
2518062,"",30,"""SD""",14,reservation,2518031
2668366,Innovationer och nyföretagande,1,"""m"",""c"",""fp"",""kd""",1,reservation,2668365
2557201,Representation ,18,"""m""",21,reservation,2557183
3360217,"",7,"""SD""",4,reservation,3360210
2541387,Hälso- och sjukvårdens organisation m.m.,2,"""v""",1,reservation,2541385
2670171,Övriga frågor,18,"""V""",11,reservation,2670153
2347972,"",2,"""C""",1,reservation,2347970
2696776,Betyg i grundskolan,58,"""SD""",43,reservation,2696718
2370558,Professionens roll i skolan,21,"""m"",""c"",""fp"",""kd""",20,reservation,2370537
3360915,Planering av bostadsområden,2,"""S"",""V""",2,reservation,3360913
2291455,"",42,"""KD""",19,reservation,2291413
2671124,"",2,"""SD""",1,reservation,2671122
2664476,"",16,"""SD""",11,reservation,2664460
2359838,Arkivansvarig personal vid statliga myndigheter ,4,"""fp""",6,reservation,2359834
2596202,"",1,"""M"",""KD""",2,reservation,2596201
2387757,"",11,"""SD""",3,reservation,2387746
2433342,Vattenfall AB och brunkolsbrytning i Tyskland ,9,"""c"",""fp"",""kd"",""mp""",6,reservation,2433333
2298912,USA:s användning av DU-vapen,32,"""v"",""mp""",38,reservation,2298880
1042814,"",12,"""C""",5,reservation,1042802
2300588,Personkretsen,1,"""c"",""fp"",""kd"",""v"",""mp""",1,reservation,2300587
2453288,Jordbrukspolitiska frågor,30,"""MP""",14,reservation,2453258
2439192,"",2,"""V""",2,reservation,2439190
2491981,Bashastighet i tätorter,3,"""MP"",""V""",4,reservation,2491978
2398909,"",45,"""M""",16,reservation,2398864
2692384,"",4,"""V""",1,reservation,2692380
2669820,Kommunalekonomisk utjämning,9,"""kd""",9,reservation,2669811
2661418,Ränta vid återkrav inom arbetslöshetsförsäkringen m.m.,1,"""s"",""v"",""mp""",1,reservation,2661417
2413468,"",4,"""SD""",6,reservation,2413464
2704127,Delbetalning av fortkörningsböter,13,"""S""",21,reservation,2704114
2385867,Könsroller m.m.,31,"""kd""",16,reservation,2385836
2644872,"",5,"""M""",5,reservation,2644867
2324843,"",14,"""S"",""C"",""V"",""MP""",10,reservation,2324829
1113573,Landsbygdsutveckling m.m.,2,"""S"",""MP"",""V""",3,reservation,1113571
2418650,"",10,"""SD""",7,reservation,2418640
2671358,Utredningsenhet avseende brottsmisstänkta poliser,33,"""fp""",30,reservation,2671325
2561150,"",28,"""SD""",13,reservation,2561122
3358566,"",5,"""C""",6,reservation,3358561
2356511,"",12,"""MP""",20,reservation,2356499
2644097,"",16,"""C""",10,reservation,2644081
1111657,Kulturtidskrifter - ny definition,8,"""S"",""MP"",""V""",6,reservation,1111649
2642190,"",10,"""C""",9,reservation,2642180
2580588,Centralisering av gruvärenden till förstärkta mark- och miljödomstolar,19,"""V""",32,reservation,2580569
2300802,Handläggningstider för miljöprövningar,1,"""S""",3,reservation,2300801
2561737,"",4,"""SD""",2,reservation,2561733
2675693,Kravet på kvalificerad majoritet,10,"""m"",""c"",""fp"",""kd""",11,reservation,2675683
2700438,Turkiet och Köpenhamnskriterierna,1,"""v""",2,reservation,2700437
1112935,Användning av säkerhetsskannrar vid EU:s flygplatser,1,"""MP"",""V""",1,reservation,1112934
2456317,"",42,"""MP""",22,reservation,2456275
2371190,Ägarlägenheter,2,"""m"",""c"",""fp"",""kd""",3,reservation,2371188
2435780,Kommunal medfinansiering av statlig sjöfartsinfrastruktur,1,"""S"",""MP"",""V""",1,reservation,2435779
1024867,"",11,"""C""",6,reservation,1024856
2505318,"",2,"""V""",2,reservation,2505316
2345150,"",8,"""SD""",8,reservation,2345142
2470104,Avslag på propositionen,1,"""S"",""MP"",""V""",1,reservation,2470103
2349447,"",14,"""S""",6,reservation,2349433
2510336,"Regionalt utvecklingsansvar i Västmanlands, Västernorrlands och Norrbottens län",1,"""M"",""FP"",""C"",""KD""",2,reservation,2510335
2304868,"",12,"""M""",8,reservation,2304856
2530799,"Folkbokföring på fastighet, lägenhet och i kommun",3,"""SD""",2,reservation,2530796
2596056,"",3,"""SD""",3,reservation,2596053
2382117,Internationella djurskyddsfrågor,12,"""mp""",21,reservation,2382105
2469770,"",47,"""M"",""SD""",67,reservation,2469723
2485560,Alternativa drivmedel m.m. ,1,"""m"",""fp"",""kd""",1,reservation,2485559
2424895,"",8,"""L""",7,reservation,2424887
2499034,Folkhälsopolitiska förutsättningar,3,"""kd""",2,reservation,2499031
2415372,Det kommunala flyktingmottagandet,4,"""c""",6,reservation,2415368
2437065,"",39,"""M"",""C"",""L"",""KD""",60,reservation,2437026
2301134,Nationell strategi för besöks- och evenemangsnäringen,6,"""S"",""V""",3,reservation,2301128
2475334,"",23,"""MP""",11,reservation,2475311
2447518,"",14,"""C""",13,reservation,2447504
2658140,Nya stipendier till verksamma konstnärer,20,"""s""",15,reservation,2658120
2344803,"",21,"""C""",16,reservation,2344782
2365318,"",34,"""SD""",12,reservation,2365284
2623931,"",6,"""SD""",3,reservation,2623925
2517924,"",16,"""V""",14,reservation,2517908
1056826,"",14,"""S""",15,reservation,1056812
3358022,"",3,"""C""",1,reservation,3358019
2680453,"",8,"""V""",8,reservation,2680445
2524297,Informationsinsatser,4,"""v"",""mp""",2,reservation,2524293
2294595,Anhöriginvandring,16,"""V""",9,reservation,2294579
2676170,"",14,"""M"",""C"",""L"",""KD""",7,reservation,2676156
1112036,"SRHR, kvinnors rättigheter",4,"""SD""",7,reservation,1112032
2649735,"",13,"""SD"",""L""",15,reservation,2649722
2564914,Senegal,10,"""v"",""mp""",12,reservation,2564904
3357817,Sociala företag m.m.,30,"""s""",31,reservation,3357787
1031270,"",19,"""S""",11,reservation,1031251
2703737,"",37,"""MP""",21,reservation,2703700
3366333,"",6,"""S""",3,reservation,3366327
2575294,"",20,"""S""",18,reservation,2575267
3364493,"",4,"""KD""",4,reservation,3364489
2561367,Revision ,6,"""m""",9,reservation,2561361
2572068,Kvalitetssäkring av lokala kurser,37,"""m""",35,reservation,2572031
2461392,"",28,"""L""",20,reservation,2461364
2378983,Verksamhetsområdet elevhälsa ,4,"""m""",4,reservation,2378979
2305018,"",5,"""S"",""C"",""MP""",5,reservation,2305013
2323121,Rehabilitering ,4,"""m"",""c"",""fp"",""kd""",3,reservation,2323117
2454919,"",3,"""V""",3,reservation,2454916
2706159,Fusk och missbruk,6,"""c"",""fp"",""kd""",4,reservation,2706153
2518114,Lagförslagen i övrigt,1,"""SD""",2,reservation,2518113
2560627,"",5,"""M""",5,reservation,2560622
3363876,Andrahandshyresgästens rätt till ett förstahandsavtal,6,"""V""",6,reservation,3363870
2301621,"",28,"""V""",14,reservation,2301593
2484892,"",18,"""L""",6,reservation,2484874
2318334,"",80,"""MP""",29,reservation,2318254
2612628,Riksdagens revisorers förslag om statens stöd till kommuner med ekonomiska problem ,1,"""m"",""c"",""fp"",""kd""",1,reservation,2612627
2504823,"",4,"""C""",3,reservation,2504819
2654958,"",24,"""MP""",10,reservation,2654934
2293992,"",22,"""M"",""C"",""L"",""KD""",12,reservation,2293970
2464708,Rätten att begränsa sitt arbetssökande,7,"""SD"",""V""",4,reservation,2464701
2663350,Jämställdhetsperspektiv inom hälso- och sjukvård,37,"""m"",""c"",""kd""",21,reservation,2663313
2623933,"",8,"""SD""",4,reservation,2623925
2297755,"",13,"""SD""",17,reservation,2297742
2418661,"",21,"""S""",15,reservation,2418640
2410517,"",1,"""M""",2,reservation,2410516
2450805,Mål för folkhälsan och förebyggande arbete,1,"""S""",1,reservation,2450804
2318022,"",61,"""SD""",30,reservation,2317934
2579439,Överförande av verkställighet av fängelsestraff,16,"""m"",""c"",""fp"",""kd""",11,reservation,2579423
2324462,Principer för socialförsäkringarna,2,"""v""",1,reservation,2324460
2388340,"",12,"""C""",6,reservation,2388328
2415088,Avgiftsskyldighet för andra föreningar än idrottsförening,74,"""kd""",71,reservation,2415014
3379529,"",10,"""S""",5,reservation,3379519
3364886,Stranderosion i Stockholms skärgård,5,"""m"",""c"",""fp"",""kd"",""mp""",6,reservation,3364881
2541159,"",7,"""SD"",""KD""",3,reservation,2541152
2437281,Modell för finansiering av fiskevården,40,"""fp""",21,reservation,2437241
2304864,"",8,"""M""",6,reservation,2304856
2676740,"",3,"""S"",""V""",4,reservation,2676737
3359467,"",1,"""SD""",1,reservation,3359466
1110515,Villkorlig frigivning,5,"""V""",6,reservation,1110510
2317959,"",12,"""SD""",6,reservation,2317934
2427887,Kontrollsystem i andra länder,2,"""S""",4,reservation,2427885
2623805,"",16,"""V"",""MP""",10,reservation,2623789
2388744,"",10,"""V""",8,reservation,2388734
2704214,Övriga integrationspolitiska frågor,6,"""s""",8,reservation,2704208
2300637,Utsläpp av svaveloxider,3,"""S""",2,reservation,2300634
2463724,"Övriga frågor om skulder, skuldavskrivning och avräkningar",3,"""mp""",3,reservation,2463721
2488496,"",3,"""M"",""KD""",3,reservation,2488493
2293894,"",22,"""V""",11,reservation,2293872
2417603,Uppfödning av slaktkycklingar m.m.,6,"""v"",""mp""",8,reservation,2417597
2652713,Sekretess för uppgifter i vapenregistret,3,"""m""",5,reservation,2652710
2696251,"",20,"""V""",8,reservation,2696231
2701212,Vuxna studerande ,68,"""m""",49,reservation,2701144
2569481,Bekämpande av diskriminering i bankverksamhet,2,"""mp""",5,reservation,2569479
2524325,Jämställdhet inom den offentliga sektorn,32,"""mp""",31,reservation,2524293
3361717,"",7,"""V""",2,reservation,3361710
2352654,"Ett område med frihet, säkerhet och rättvisa i allmänhetens tjänst",1,"""s""",1,reservation,2352653
2685180,"",15,"""S"",""V""",10,reservation,2685165
3362352,Revisionspliktens omfattning,12,"""m"",""c"",""fp"",""kd""",12,reservation,3362340
2403984,"",8,"""SD""",4,reservation,2403976
2574909,"",1,"""M"",""SD"",""KD""",1,reservation,2574908
2492544,Hjälplöst tillstånd,3,"""c""",2,reservation,2492541
2472302,Antimobbningsplan,13,"""fp""",12,reservation,2472289
2685196,"",3,"""V""",6,reservation,2685193
2392984,Boende och resande ,10,"""v""",14,reservation,2392974
1113929,Kalkning,11,"""S""",11,reservation,1113918
3361114,Styrningen av högskolan,1,"""m"",""fp""",1,reservation,3361113
2680482,Exportfrämjande,9,"""v""",11,reservation,2680473
2371574,Konkurrens ,7,"""m""",10,reservation,2371567
2677359,"",15,"""M""",9,reservation,2677344
2317337,"",11,"""V""",19,reservation,2317326
2393422,"",1,"""SD""",1,reservation,2393421
2620608,Detaljhandelsmonopolet,6,"""m""",5,reservation,2620602
2432541,Översyn av vissa villkor för allmännyttiga bostadsföretag,15,"""v""",9,reservation,2432526
2449101,"",8,"""SD""",3,reservation,2449093
2378734,Alkoholbeskattning,2,"""fp""",1,reservation,2378732
2302754,"",15,"""C""",7,reservation,2302739
2649031,Jordbrukets konkurrensvillkor ,28,"""fp""",17,reservation,2649003
2531936,"",2,"""V"",""MP""",1,reservation,2531934
2338240,Samlad diskrimineringslag,14,"""m""",15,reservation,2338226
3360873,"",5,"""KD""",7,reservation,3360868
2459475,Deka-BDE,30,"""S"",""MP"",""V""",34,reservation,2459445
2591855,"",4,"""MP""",1,reservation,2591851
2297575,"Mindre företag, närproducerat",7,"""V""",3,reservation,2297568
2686046,Krisberedskapsmyndighetens uppgifter m.m. ,3,"""fp""",6,reservation,2686043
1031449,"",3,"""C""",1,reservation,1031446
2379292,Avslag på propositionen,1,"""v""",1,reservation,2379291
2500101,"",7,"""L""",8,reservation,2500094
2293592,"",46,"""C""",17,reservation,2293546
2295784,Försvarsindustrins inriktning ,9,"""v""",19,reservation,2295775
3361243,"",14,"""SD"",""KD""",9,reservation,3361229
2449109,"",16,"""KD""",11,reservation,2449093
2479937,"",28,"""L""",30,reservation,2479909
2566107,ESK-rättigheter,4,"""v"",""mp""",3,reservation,2566103
2705650,Resursram för rekryteringsbidraget ,8,"""kd""",6,reservation,2705642
2330920,Förhandsgranskning av vuxenfilm,26,"""m"",""fp""",39,reservation,2330894
2301876,"",10,"""S""",8,reservation,2301863
2666648,Byggregler,5,"""mp""",2,reservation,2666643
2649013,Den gemensamma jordbrukspolitiken och den nationella nivån ,10,"""mp""",8,reservation,2649003
2682900,"",41,"""SD""",30,reservation,2682859
3365153,"",110,"""SD""",95,reservation,3365043
1111704,Andra särskilda infrastrukturåtgärder m.m.,6,"""MP""",12,reservation,1111698
2441117,"",2,"""C""",2,reservation,2441115
1057109,"",33,"""C""",25,reservation,1057076
2299201,Alternativa drivmedel,15,"""kd""",5,reservation,2299186
2291226,"",9,"""M"",""SD"",""KD""",9,reservation,2291217
2498621,"",3,"""L""",3,reservation,2498618
2704135,Effekterna av det straffrättsliga samarbetet inom EU,21,"""V""",30,reservation,2704114
2670545,"",3,"""V""",3,reservation,2670542
2432460,Genetisk förstärkning av vargstammen,7,"""MP""",5,reservation,2432453
2365300,"",16,"""L""",4,reservation,2365284
2686237,Skydd för föräldralediga,11,"""m"",""c"",""fp"",""kd"",""mp""",15,reservation,2686226
2433994,"",4,"""SD""",4,reservation,2433990
2614887,Skatt på animaliska livsmedel,18,"""MP""",19,reservation,2614868
2523835,Företagares socialförsäkringsskydd,4,"""s"",""v""",2,reservation,2523831
1042762,"",8,"""S""",4,reservation,1042754
2446902,Ändring i terrängkörningsförordningen,2,"""S"",""SD""",2,reservation,2446900
2642438,Stöd till bostadsproduktionen,4,"""v""",3,reservation,2642434
2605544,Domstolsverkets ställning,16,"""m"",""c"",""fp"",""kd""",22,reservation,2605528
2364346,"",8,"""MP""",7,reservation,2364338
2644428,"Dödsstraff, tortyr och utomrättsliga avrättningar",5,"""m"",""c"",""fp"",""kd""",2,reservation,2644423
1057483,"",13,"""MP""",5,reservation,1057470
2705506,"",16,"""L""",5,reservation,2705490
1113424,Övrigt om barnbidrag,31,"""SD""",27,reservation,1113393
2424891,"",4,"""L""",2,reservation,2424887
2536803,Sekretess vid samverkan,14,"""fp""",12,reservation,2536789
2532115,"",24,"""SD""",46,reservation,2532091
2672230,"",12,"""C""",11,reservation,2672218
2381365,"",13,"""SD""",8,reservation,2381352
2315314,"",9,"""V""",4,reservation,2315305
2553297,Utveckling av förvaltningens tjänster och effektivitet,1,"""s"",""v""",2,reservation,2553296
2670971,Målsägandebegreppet m.m.,4,"""c"",""fp"",""kd""",5,reservation,2670967
2618769,Skärpt straff vid återfall i brott,5,"""v""",5,reservation,2618764
2409592,Avkriminalisera eget bruk av narkotika,21,"""v""",40,reservation,2409571
2364539,"",5,"""SD""",6,reservation,2364534
2627818,Fördelning av föräldrapenning,30,"""SD""",29,reservation,2627788
3371159,"",3,"""V""",2,reservation,3371156
1042261,"",9,"""C""",4,reservation,1042252
3362385,Fastställande av föräldraskap,2,"""fp""",2,reservation,3362383
2345437,"",4,"""V""",7,reservation,2345433
2462284,"Barns rätt till vård, skola m.m.",80,"""mp""",50,reservation,2462204
2376741,"",47,"""V""",52,reservation,2376694
3358860,Studie- och yrkesvägledning,8,"""S"",""V""",8,reservation,3358852
2366084,"",28,"""C""",12,reservation,2366056
2633548,Utrikesdepartementets jämställdhetskompetens,3,"""v""",9,reservation,2633545
2575430,"",78,"""SD""",53,reservation,2575352
2454774,Ändring av riksdagens beslut om höjd nedre skiktgräns för statlig inkomstskatt,1,"""M"",""FP"",""C"",""KD""",1,reservation,2454773
2475103,"",11,"""M""",20,reservation,2475092
3362639,"",20,"""SD""",12,reservation,3362619
2373625,Hanteringen av utsläppsrätter,1,"""s"",""v"",""mp""",1,reservation,2373624
2593703,Verkställighetsplanering för dömda under 40 år,2,"""MP""",2,reservation,2593701
2294643,Förstärkt skydd för tolkar,8,"""S"",""V""",6,reservation,2294635
2345978,"",6,"""SD""",5,reservation,2345972
2671330,Digitala bildregister,5,"""m"",""c"",""fp"",""kd""",5,reservation,2671325
2527280,Utgångspunkter för tobakspolitiken,1,"""s""",1,reservation,2527279
2581395,"",22,"""V""",14,reservation,2581373
2333081,Utredning om maktrelationer ,1,"""v"",""mp""",3,reservation,2333080
2402072,"",37,"""SD""",18,reservation,2402035
2562688,Uthyrning av bostad,18,"""m"",""fp"",""kd""",16,reservation,2562670
2484791,"",12,"""M""",7,reservation,2484779
2453265,Västsahara,7,"""MP"",""SD"",""V""",3,reservation,2453258
2598992,Kompetensutveckling,32,"""m""",23,reservation,2598960
2325485,Detaljstyrning av forskningsanslag ,45,"""m""",62,reservation,2325440
2544537,"",51,"""M""",14,reservation,2544486
2550547,Arbetsmiljön och sjukfrånvaron i staten,6,"""fp""",3,reservation,2550541
2591156,"",5,"""V""",5,reservation,2591151
2579885,Industriforskningsinstitut,18,"""fp""",28,reservation,2579867
2441946,Integrationsfrågor,6,"""v""",4,reservation,2441940
2496898,"",14,"""V""",17,reservation,2496884
2700786,"",8,"""C""",6,reservation,2700778
2294864,"",23,"""L""",9,reservation,2294841
2705726,Det kommunala ansvaret för herrelösa fastigheter,4,"""kd""",4,reservation,2705722
3359550,Riksrevisionens granskning av statliga myndigheters tjänste-export,1,"""SD""",1,reservation,3359549
2704040,Utlänningslagen och den omarbetade Dublinförordningen,2,"""SD""",1,reservation,2704038
2384099,"",2,"""S""",6,reservation,2384097
2703606,Beräkning av anställningstid,2,"""s"",""v""",2,reservation,2703604
2468493,Utredning om samhällets ansvar för brottsoffer,2,"""v""",2,reservation,2468491
2474973,"",1,"""M"",""KD""",2,reservation,2474972
2291865,"",10,"""MP""",6,reservation,2291855
2300566,Fastställande och hävande av moderskap,7,"""m""",7,reservation,2300559
2682516,"",16,"""M""",13,reservation,2682500
1045332,"",3,"""V""",3,reservation,1045329
2405881,"",12,"""V""",7,reservation,2405869
2390649,"",15,"""SD"",""-""",19,reservation,2390634
2521226,"",55,"""C"",""L""",48,reservation,2521171
2509650,"",4,"""S"",""V"",""MP""",3,reservation,2509646
2572091,Inträdesprov till gymnasiet,60,"""m""",51,reservation,2572031
2449835,Mål för bostadsbyggandet,6,"""kd""",5,reservation,2449829
1111347,Föreskrifter om ensamarbete,9,"""S"",""MP"",""V""",10,reservation,1111338
2553516,"",11,"""C"",""L""",6,reservation,2553505
2558048,"",3,"""V""",1,reservation,2558045
2673497,Handel med utsläppsrätter m.m.,55,"""mp""",38,reservation,2673442
2649405,Djurskyddstillsynens organisation ,9,"""m"",""c""",24,reservation,2649396
2437673,Handel med hästar,16,"""fp"",""kd""",13,reservation,2437657
2374588,"",21,"""SD""",8,reservation,2374567
2296554,Motionsförslag som behandlas i förenklad ordning,56,"""kd""",72,reservation,2296498
2318031,"",70,"""S"",""MP"",""V""",37,reservation,2317934
1045231,"",6,"""MP""",3,reservation,1045225
3365074,"",31,"""M"",""V"",""KD""",18,reservation,3365043
2701164,Sanktionsmöjligheter mot kommunerna ,20,"""m"",""c"",""fp""",12,reservation,2701144
2467130,"",6,"""M"",""KD""",4,reservation,2467124
2510345,Riksdagsförvaltningens utgivning av tidningen Riksdag & Departement,1,"""MP"",""V""",1,reservation,2510344
2368820,"",12,"""C""",7,reservation,2368808
2314103,Alternativa förslag till bidragssystem,3,"""v""",2,reservation,2314100
2537454,"",3,"""V""",7,reservation,2537451
2405402,"",10,"""S""",6,reservation,2405392
2499055,Servering i teater- och konserthusfoajéer,24,"""m""",25,reservation,2499031
2370555,Skolskjuts vid växelvis boende,18,"""mp""",18,reservation,2370537
2633737,"",3,"""M"",""C"",""FP"",""KD""",2,reservation,2633734
2398248,"",28,"""S"",""V"",""MP""",16,reservation,2398220
2673915,Det statliga flygplatssystemet,40,"""v""",31,reservation,2673875
2671006,Behandlingen av barn i domstol,19,"""kd""",17,reservation,2670987
2599280,Speciella Funktionshinder,1,"""fp""",10,reservation,2599279
2444421,"",23,"""C""",10,reservation,2444398
3361936,Prioritering av mäns våld mot kvinnor samt hatbrott,2,"""mp""",5,reservation,3361934
2293880,"",8,"""SD"",""KD""",4,reservation,2293872
1112202,Internationellt arbete,14,"""S"",""MP"",""V""",18,reservation,1112188
2340053,"",20,"""L""",12,reservation,2340033
2664469,"",9,"""C""",7,reservation,2664460
2336047,Förbud mot slöja i offentliga verksamheter,1,"""SD""",3,reservation,2336046
2691699,Rättsliga och inrikes frågor,6,"""kd""",12,reservation,2691693
2291910,Försvarsmaktens internationella insatser ,2,"""m""",2,reservation,2291908
2436683,Överlåtelse av föräldrapenningförmån till annan,64,"""c""",45,reservation,2436619
2686907,"",20,"""KD""",8,reservation,2686887
2642820,"",44,"""V""",22,reservation,2642776
2703511,"",27,"""V""",14,reservation,2703484
2450140,Energipolitikens inriktning,4,"""V""",1,reservation,2450136
2504968,Finansiering av e-böcker,11,"""V""",11,reservation,2504957
2682891,"",32,"""S""",23,reservation,2682859
3137047,"",9,"""MP""",9,reservation,3137038
2692919,"",1,"""C""",1,reservation,2692918
2332710,Renodlat personval ,12,"""m"",""c"",""fp""",11,reservation,2332698
2304870,"",14,"""C""",8,reservation,2304856
2688018,"En regel om att begränsa fastighetsskatten genom skattereduktion, m.m. ",2,"""kd""",1,reservation,2688016
2686764,"",8,"""M""",6,reservation,2686756
2407627,Principer för en hållbar svensk politik i fråga om valar,1,"""m""",1,reservation,2407626
2330145,"",5,"""MP""",4,reservation,2330140
2297191,Hot och våld mot kulturarbetare,5,"""SD""",7,reservation,2297186
2511238,Kroppsvisitering vid LVM-hem ,19,"""m"",""c"",""fp"",""kd""",16,reservation,2511219
2659062,Länsstyrelsernas ledning,2,"""c""",2,reservation,2659060
3357571,Jämställd arbetsmarknad,1,"""s"",""v"",""mp""",1,reservation,3357570
2489572,Nya kollektivtrafiksystem,8,"""V""",8,reservation,2489564
2366026,"",12,"""C""",6,reservation,2366014
3363371,"",9,"""V""",6,reservation,3363362
2418550,"",10,"""SD""",4,reservation,2418540
2381461,"",7,"""SD""",3,reservation,2381454
2344910,"",12,"""KD""",7,reservation,2344898
2350608,"Redovisning av koldioxidutsläpp, m.m.",3,"""v""",5,reservation,2350605
2471118,"",16,"""V""",15,reservation,2471102
2704809,"",2,"""SD"",""V"",""KD""",3,reservation,2704807
3360096,"",19,"""M""",6,reservation,3360077
2469932,Det civilrättsliga sanktionsdirektivet,7,"""V""",8,reservation,2469925
3360808,"",9,"""M"",""KD""",9,reservation,3360799
3384757,"",14,"""V"",""C""",12,reservation,3384743
2298964,Betygssystemet i högre utbildning,5,"""m"",""c"",""fp"",""kd""",9,reservation,2298959
2595402,Cykelstrategi,7,"""mp""",18,reservation,2595395
2425930,Riksnormen,1,"""v""",2,reservation,2425929
1042674,"",19,"""V""",8,reservation,1042655
2643414,Flyktingkvoten,7,"""m"",""c"",""fp"",""kd""",9,reservation,2643407
2641620,"",12,"""KD""",5,reservation,2641608
3358438,Upphandling av livsmedel,1,"""S"",""V""",1,reservation,3358437
2652565,Förmånssystem,22,"""m"",""c"",""fp"",""kd""",23,reservation,2652543
2658145,Fonogramstödet och Caprice Records,25,"""s"",""v"",""mp""",19,reservation,2658120
2440967,"",17,"""MP""",12,reservation,2440950
2553841,Pensionspremier vid tjänstledighet för upprätthållande av annan anställning,6,"""kd""",5,reservation,2553835
2550391,"",29,"""KD""",9,reservation,2550362
2496147,"",1,"""M"",""L"",""KD""",2,reservation,2496146
2500609,Företagshälsovård m.m.,2,"""s"",""v"",""mp""",2,reservation,2500607
2464709,Deltidsbegränsningen,8,"""SD""",5,reservation,2464701
1112665,Nytt resurstilldelningssystem,2,"""S"",""V""",2,reservation,1112663
2642381,Socialtjänstlagen och kommunallagen,35,"""m""",27,reservation,2642346
2414425,"",6,"""V""",3,reservation,2414419
2485992,Fempunktsprogram för introduktion,17,"""s""",23,reservation,2485975
2319934,Brottsförebyggande åtgärder,68,"""m""",60,reservation,2319866
2484405,"",24,"""S"",""V"",""MP""",14,reservation,2484381
1031475,"",29,"""MP""",10,reservation,1031446
2459725,"",6,"""M"",""KD""",4,reservation,2459719
2357703,"",7,"""S"",""V"",""C"",""MP""",3,reservation,2357696
2377070,"",46,"""C""",31,reservation,2377024
2482335,Tillväxtverkets stöd till socialt företagande,4,"""S"",""MP"",""V""",2,reservation,2482328
2410062,"",10,"""SD""",6,reservation,2410052
2705032,Speciella villkor för studiemedel,5,"""s"",""v""",6,reservation,2705027
2482156,Näringspolitikens inriktning,4,"""V""",1,reservation,2482152
3365405,Dubbelregistrering av älgjakt m.m.,9,"""m""",8,reservation,3365396
2562690,Uttag av pension från 55 års ålder,20,"""m"",""fp""",19,reservation,2562670
3362569,"",3,"""C""",2,reservation,3362566
2487054,"",6,"""C"",""KD""",9,reservation,2487048
2304164,"",13,"""C""",14,reservation,2304151
2335623,"",18,"""V""",15,reservation,2335605
2672233,"",15,"""C""",14,reservation,2672218
2317643,Jämställdhetsaspekter,3,"""m""",4,reservation,2317638
2480199,EU:s klimatmål,15,"""S"",""MP"",""V""",14,reservation,2480184
2649408,Transporter av slaktdjur ,12,"""c"",""fp""",28,reservation,2649396
2640651,"",3,"""V""",3,reservation,2640648
2633740,"",6,"""SD""",3,reservation,2633734
2361743,Prümrådsbeslutet,2,"""s"",""v"",""mp""",2,reservation,2361741
2310171,"",20,"""C""",9,reservation,2310151
2524302,Målsättningsstadgande för jämställdhet,9,"""v""",5,reservation,2524293
2431163,"",11,"""M""",7,reservation,2431152
2320549,Ett nytt system för inkomstutjämning,4,"""m""",2,reservation,2320545
2507355,Israel och de palestinska områdena,4,"""MP""",2,reservation,2507351
2356575,"",40,"""S""",40,reservation,2356535
2436479,Utgångspunkter och mål för transportpolitiken ,3,"""c""",1,reservation,2436476
2339838,"",3,"""KD""",6,reservation,2339835
1057488,"",18,"""V""",7,reservation,1057470
3359690,Utvärdering av förbudet mot köp av sexuell tjänst,13,"""s"",""v"",""mp""",15,reservation,3359677
2424523,Krishantering på nationell nivå,1,"""m"",""c"",""fp"",""kd""",1,reservation,2424521
2404817,Boende och buller m.m.,1,"""m"",""c"",""fp"",""kd""",1,reservation,2404816
1057524,"",1,"""S"",""C""",2,reservation,1057523
2529304,Insatser för postdoktorala akademiker,22,"""m""",17,reservation,2529282
2327261,Lekterapi,10,"""MP""",11,reservation,2327251
3361753,Förnyad medicinsk bedömning,3,"""v""",2,reservation,3361750
2566710,Smittsamma sjukdomar och andra hälsohot,32,"""s"",""v"",""mp""",34,reservation,2566678
2484701,"",6,"""S"",""MP""",7,reservation,2484695
2596273,Främjande av internationella biståndsströmmar,1,"""mp""",6,reservation,2596272
2521224,"",53,"""KD""",45,reservation,2521171
1111519,Översiktsplanering,4,"""MP""",3,reservation,1111515
3362852,Fiskerikontrollen,51,"""fp""",44,reservation,3362801
2701201,Skolans ansvar för ANT-undervisning ,57,"""kd""",41,reservation,2701144
2607815,Polisförsörjningen,7,"""m"",""c"",""fp""",8,reservation,2607808
2589248,"",11,"""M"",""SD""",7,reservation,2589237
2575783,"",18,"""M"",""C""",8,reservation,2575765
2706549,"",1,"""M"",""C"",""KD"",""L""",1,reservation,2706548
2663632,"",2,"""C""",1,reservation,2663630
2402567,"",3,"""C""",2,reservation,2402564
2610021,"",13,"""S""",10,reservation,2610008
2572109,Inriktning av studievägar i övrigt,78,"""kd""",68,reservation,2572031
2345979,"",7,"""SD""",6,reservation,2345972
2443279,"",31,"""KD""",31,reservation,2443248
2615030,"",18,"""SD""",8,reservation,2615012
2523139,"",10,"""C""",4,reservation,2523129
2291845,"",7,"""SD"",""KD""",2,reservation,2291838
2496538,"",17,"""MP""",10,reservation,2496521
2382247,"",19,"""M""",25,reservation,2382228
2627278,"",3,"""M""",5,reservation,2627275
1042694,"",8,"""MP""",5,reservation,1042686
1057476,"",6,"""S""",3,reservation,1057470
2330917,Utbyggande av e-bio,23,"""c"",""v""",34,reservation,2330894
2367187,"",3,"""MP""",2,reservation,2367184
2485540,Vissa lagstiftningsfrågor,10,"""c""",9,reservation,2485530
3361848,Barnperspektiv vid handläggning av ekonomiskt bistånd,8,"""v""",9,reservation,3361840
2574020,Jämställdhet,9,"""s"",""v"",""mp""",16,reservation,2574011
2521430,Reducerad mervärdesskatt för vissa varor och tjänster,1,"""v""",1,reservation,2521429
2686348,"",35,"""MP""",11,reservation,2686313
2459332,"",5,"""M"",""SD"",""KD""",4,reservation,2459327
2648503,Svensk energipolitik ,18,"""m""",16,reservation,2648485
2312752,Utgiftstak för staten (avsnitt 2.4),11,"""fp""",4,reservation,2312741
2655448,Utredning om musik- och kulturskolan,4,"""S"",""MP"",""V""",4,reservation,2655444
3360777,"",11,"""SD""",7,reservation,3360766
2398891,"",27,"""KD""",7,reservation,2398864
2344966,Anpassningar till direktivet om räntor och royalties,1,"""kd""",1,reservation,2344965
2370573,Skriftliga omdömen i ordning och uppförande,36,"""fp"",""kd""",33,reservation,2370537
2482265,"",4,"""V""",4,reservation,2482261
3358463,Ändrade ramar för utgiftsområden och ändrade anslag,1,"""SD""",10,reservation,3358462
2454266,"",8,"""C""",4,reservation,2454258
2618429,Utveckling av insatser riktade till våldsutövare,7,"""s"",""v"",""mp""",9,reservation,2618422
2366597,WHO:s ramkonvention,1,"""MP"",""V""",1,reservation,2366596
2365352,"",68,"""KD""",22,reservation,2365284
2475068,"",6,"""KD""",2,reservation,2475062
2329713,Utgifterna m.m. inom utgiftsområde 6 för budgetåret 2004,1,"""fp""",1,reservation,2329712
2384112,"",2,"""M"",""C"",""L"",""KD""",2,reservation,2384110
2456305,"",30,"""SD""",16,reservation,2456275
2501293,"",110,"""MP""",57,reservation,2501183
2311804,Producentansvar,2,"""s""",3,reservation,2311802
2301389,Elområden,1,"""S""",2,reservation,2301388
2494130,Rätten till omprövning av särskoleplacering,10,"""kd""",10,reservation,2494120
2604603,"",8,"""V"",""MP""",4,reservation,2604595
2317855,"",8,"""C""",15,reservation,2317847
2474685,Bosparande och försörjningsstöd,11,"""v""",8,reservation,2474674
2652252,Svårt sjuka barn,21,"""kd""",15,reservation,2652230
2430064,Bilder från s.k. fartkameror,3,"""SD""",4,reservation,2430061
2459611,"De gröna näringarnas arbete med att utveckla varumärken, produkter och identitet",2,"""S"",""SD""",2,reservation,2459609
2445055,Arbetsvillkoret,7,"""MP"",""V""",3,reservation,2445048
1045655,"",22,"""S""",18,reservation,1045633
2402044,"",9,"""SD""",4,reservation,2402035
2433991,"",1,"""M""",1,reservation,2433990
2701179,Nationella prov ,35,"""m"",""fp""",22,reservation,2701144
2317583,Vistelsekommunens ansvar,46,"""m"",""c"",""fp"",""kd""",25,reservation,2317537
2297688,"",6,"""SD""",4,reservation,2297682
2316138,"",5,"""M""",5,reservation,2316133
1112447,Hälso- och sjukvården m.m.,4,"""S"",""V""",10,reservation,1112443
3361987,"",9,"""M"",""KD""",7,reservation,3361978
2323218,BTP för boende i tvåbäddsrum ,2,"""m"",""c"",""fp""",2,reservation,2323216
2471345,Närradiokommission,2,"""kd""",3,reservation,2471343
2698377,Taxebestämmelser,30,"""m""",20,reservation,2698347
2635217,"",17,"""M""",16,reservation,2635200
2514647,Miljö- och säkerhetsfrågor m.m.,2,"""m"",""c"",""fp"",""kd""",2,reservation,2514645
2430359,"",28,"""SD""",17,reservation,2430331
3361902,"",19,"""M""",10,reservation,3361883
2584349,Nationellt Alfred Nobelmuseum ,19,"""kd""",32,reservation,2584330
2405403,"",11,"""SD""",6,reservation,2405392
2485154,"",47,"""V""",23,reservation,2485107
2521434,Uppgift om arbetsgivaravgifter m.m. på slutskattsedel och lönebesked,5,"""s"",""v""",11,reservation,2521429
2295935,Kulturarvets betydelse och inventering av kulturhistoriska miljöer,3,"""c""",2,reservation,2295932
2317051,Institutionsvårdens kvalitet,43,"""c""",37,reservation,2317008
2629400,"",10,"""SD""",9,reservation,2629390
3358951,Konsumenträttigheter inom livsmedelsområdet,22,"""c"",""kd""",28,reservation,3358929
2546081,Det civila samhället och den sociala ekonomin,6,"""c""",12,reservation,2546074
2448470,"",7,"""M"",""C"",""KD""",4,reservation,2448463
2605552,Avskaffande av specialdomstolarna,24,"""m"",""fp""",27,reservation,2605528
3392532,"",10,"""MP""",8,reservation,3392522
2471433,Svenska för invandrare (sfi) m.m.,7,"""v""",5,reservation,2471426
2674897,"",9,"""KD""",7,reservation,2674888
2686726,"",3,"""SD""",2,reservation,2686723
3359124,Ett differentierat strandskydd,3,"""s"",""v"",""mp""",5,reservation,3359121
2552615,Retroaktiva namnbyten,2,"""v""",2,reservation,2552613
1057040,"",6,"""MP""",4,reservation,1057034
2591353,Övriga frågor om stöd till offer för människohandel,6,"""kd""",10,reservation,2591347
2304181,"",30,"""MP""",32,reservation,2304151
2428154,Psykiskt störda missbrukare,22,"""m""",15,reservation,2428132
2312180,"",1,"""SD""",1,reservation,2312179
3363370,"",8,"""C""",5,reservation,3363362
2473854,Energianvändning i bostäder och lokaler,5,"""s"",""v"",""mp""",4,reservation,2473849
3365632,Konkurrensvillkor,56,"""m"",""c"",""fp"",""kd""",58,reservation,3365576
1111350,Lag om sluten kontanthantering i detaljhandeln,12,"""M"",""FP"",""C"",""KD""",13,reservation,1111338
2696411,"",2,"""M"",""SD""",2,reservation,2696409
3360549,Avlopp,52,"""mp""",32,reservation,3360497
2417241,Förändring av ersättningen för produktionsbortfall vid epizootiutbrott,1,"""c""",2,reservation,2417240
2570401,"",1,"""V""",1,reservation,2570400
2488300,"",10,"""C""",7,reservation,2488290
3359860,"",9,"""SD""",3,reservation,3359851
2403277,"",1,"""SD""",1,reservation,2403276
2369959,"",2,"""SD""",1,reservation,2369957
2510775,"",12,"""MP""",7,reservation,2510763
2697514,"",1,"""SD""",1,reservation,2697513
2697091,"",21,"""SD""",12,reservation,2697070
3360141,"",8,"""V""",4,reservation,3360133
2302661,Lokal och regional scenkonst,12,"""V""",12,reservation,2302649
2298298,"",27,"""V""",13,reservation,2298271
1045498,"",15,"""MP""",9,reservation,1045483
3358585,Regelförenklingsarbetet,2,"""v""",1,reservation,3358581
2414175,"",2,"""V"",""MP""",3,reservation,2414173
2657033,Säkra länder,25,"""kd""",17,reservation,2657008
2301608,"",15,"""S""",7,reservation,2301593
2558088,"",30,"""V""",11,reservation,2558058
2317749,Tillgänglighetsreform,10,"""fp""",10,reservation,2317739
2676345,"",4,"""SD""",3,reservation,2676340
2529180,Tillsyn över efterlevnaden av lagen om etikprövning av forskning som avser människor,19,"""kd""",11,reservation,2529161
2469238,"",22,"""MP""",13,reservation,2469216
2594128,Ansvar och samverkan,3,"""SD""",1,reservation,2594125
2317663,Producentoberoende information och utbildning till hälso- och sjukvårdspersonal,16,"""m""",17,reservation,2317638
2541394,Diskriminering av lesbiska par vid assisterad befruktning m.m.,9,"""mp""",11,reservation,2541385
2518404,"",27,"""SD""",20,reservation,2518377
2501187,"",4,"""S""",5,reservation,2501183
2296445,"",11,"""S"",""MP""",7,reservation,2296431
2673459,Naturvården och biologisk mångfald,17,"""kd"",""mp""",11,reservation,2673442
2649833,Sektorsansvaret m.m. ,3,"""c""",2,reservation,2649830
2326815,"",18,"""KD""",11,reservation,2326797
2605569,Forskning om ekonomisk brottslighet,41,"""kd""",43,reservation,2605528
1110537,Brottsoffer - övergripande frågor,1,"""MP"",""V""",1,reservation,1110536
2364424,"",17,"""V""",13,reservation,2364407
2304248,"",15,"""C""",10,reservation,2304233
2513530,"",19,"""SD""",8,reservation,2513511
2309390,Ombudsarvoden ,12,"""mp""",18,reservation,2309378
3365452,Sveriges nationella klimatmål för perioden 2008-2012,9,"""mp""",11,reservation,3365443
1113310,"Fördelning av utgifter 2013, 2014 och 2015",9,"""S""",3,reservation,1113301
2398699,Försvarets utformning,1,"""s"",""v""",2,reservation,2398698
1057238,"",6,"""S""",4,reservation,1057232
2361943,Godkännande av utkastet till rådsbeslut,1,"""v"",""mp""",1,reservation,2361942
3365274,"",15,"""S"",""V"",""MP""",9,reservation,3365259
2613412,"",3,"""V""",1,reservation,2613409
1113436,Vårdbidrag,43,"""S"",""MP""",37,reservation,1113393
2598972,Rätten att flytta,12,"""m""",8,reservation,2598960
2376992,Tydligare förutsättningar för familjehem,6,"""mp""",9,reservation,2376986
2300155,Kina,8,"""S"",""MP"",""V""",18,reservation,2300147
2585668,"",5,"""SD""",6,reservation,2585662
2389442,"",67,"""KD""",17,reservation,2389375
1094891,"",5,"""S"",""V"",""MP""",4,reservation,1094886
1045172,"",4,"""MP""",4,reservation,1045168
2428006,"",11,"""C""",5,reservation,2427995
2450141,En bredare energiöverenskommelse,5,"""S"",""V""",2,reservation,2450136
2590304,Finansieringsprincipen,7,"""m"",""c"",""fp"",""kd""",6,reservation,2590297
2604988,"Bär, svamp och kottar",8,"""SD""",9,reservation,2604980
2498816,Parkeringsfrågor,6,"""mp""",10,reservation,2498810
1081200,"",3,"""MP""",3,reservation,1081197
2489365,"",1,"""V""",2,reservation,2489364
2380725,"",1,"""KD""",1,reservation,2380724
2465616,Personalförsörjning inom hälso- och sjukvården,16,"""kd""",10,reservation,2465600
2641748,"",23,"""C""",14,reservation,2641725
2539200,Anslagen för 2003 under utgiftsområde 7 Internationellt bistånd,1,"""m""",1,reservation,2539199
2462905,Bostadsförvaltning,11,"""m""",7,reservation,2462891
2630468,"",15,"""MP""",12,reservation,2630453
2673488,Läkemedels miljöpåverkan,46,"""fp"",""kd""",35,reservation,2673442
2492563,Avskaffad preskriptionstid för sexualbrott mot barn,16,"""kd""",17,reservation,2492541
2704989,"",8,"""M"",""C"",""L"",""KD""",5,reservation,2704981
1042736,"",21,"""V""",13,reservation,1042715
2298607,Kommunernas bostadsförsörjningsansvar,17,"""V""",10,reservation,2298590
2705615,"",5,"""M""",5,reservation,2705610
2493909,Kontaktperson för brottsoffer,20,"""v""",26,reservation,2493889
1112794,Frontex,7,"""V""",17,reservation,1112787
2403986,"",10,"""V""",5,reservation,2403976
2331911,Europakonventionen och regeringsformen ,1,"""m""",2,reservation,2331910
2344944,"",10,"""MP""",4,reservation,2344934
3364311,"",9,"""FP""",10,reservation,3364302
2304875,"",19,"""C""",9,reservation,2304856
2294451,"",3,"""SD""",2,reservation,2294448
2502719,"",23,"""KD""",9,reservation,2502696
2292632,"",43,"""S"",""V"",""MP""",27,reservation,2292589
3364197,"",1,"""M""",1,reservation,3364196
2486109,Transportörsansvar,13,"""v""",9,reservation,2486096
2380289,"Ansvar för förebyggande arbete mot naturkatastrofer, m.m.",1,"""fp""",2,reservation,2380288
2297472,"",2,"""L""",4,reservation,2297470
2296753,"",12,"""SD""",11,reservation,2296741
2545143,Vistelsebegreppet,1,"""s"",""v"",""mp""",1,reservation,2545142
2330728,"",8,"""V""",8,reservation,2330720
2455891,Omlokalisering av Riksutställningar,19,"""m"",""fp"",""kd""",40,reservation,2455872
2642374,Vistelsebegreppet,28,"""m"",""c"",""fp"",""kd""",22,reservation,2642346
3364709,"",3,"""M"",""SD"",""KD""",4,reservation,3364706
2470832,Finansiering av förebyggande åtgärder mot spelmissbruk,17,"""v""",8,reservation,2470815
3364265,En ny försäkringsavtalslag m.m.,1,"""m"",""c"",""fp""",1,reservation,3364264
1110944,Vräkning av barnfamiljer,6,"""S"",""MP"",""V""",4,reservation,1110938
2609034,Skalbolag,16,"""kd""",17,reservation,2609018
2299046,Indragen studiehjälp vid ogiltig frånvaro,18,"""m"",""fp"",""kd""",25,reservation,2299028
2428340,Demensutredningar m.m.,32,"""m"",""c"",""fp"",""kd""",52,reservation,2428308
2490281,Efterforskning av vapen i brottsförebyggande syfte,8,"""m"",""c"",""fp""",9,reservation,2490273
2682345,EU:s arbete mot diskriminering av HBT-personer,3,"""v"",""mp""",2,reservation,2682342
2498754,Registrering av testamenten,2,"""s"",""v"",""mp""",5,reservation,2498752
2572101,Införande av lärlingsutbildning,70,"""m"",""c"",""fp"",""kd""",59,reservation,2572031
2345609,Forskningspolitikens inriktning,1,"""s""",1,reservation,2345608
2489377,Rehabiliteringsgaranti,3,"""m"",""c"",""fp""",3,reservation,2489374
2552165,"",15,"""M"",""SD"",""KD""",10,reservation,2552150
2385510,"",28,"""SD""",17,reservation,2385482
2489035,"",15,"""SD""",10,reservation,2489020
2698295,Nya regler för arbetskraftsinvandring,1,"""s"",""v""",1,reservation,2698294
2601327,"",25,"""V""",14,reservation,2601302
2673462,Översyn av lagar och konventioner på havsmiljöområdet,20,"""fp"",""mp""",13,reservation,2673442
2655261,Modersmålsundervisning,42,"""m""",54,reservation,2655219
2350152,Avvecklingen av kärnkraften,5,"""mp""",2,reservation,2350147
2682344,Europas framtidsfrågor och EU:s s.k. reflektionsgrupp,2,"""v"",""mp""",1,reservation,2682342
2350306,Ändringar i namnlagen,14,"""m""",20,reservation,2350292
2317998,"",38,"""S"",""MP"",""V""",17,reservation,2317934
2291843,"",5,"""KD""",1,reservation,2291838
2365296,"",12,"""L""",3,reservation,2365284
2658126,Allas delaktighet i kulturlivet,6,"""s"",""v"",""mp""",5,reservation,2658120
2389588,"",1,"""SD"",""-""",1,reservation,2389587
2515736,"",2,"""V""",2,reservation,2515734
2401915,"",29,"""C""",14,reservation,2401886
1095018,"",3,"""MP""",4,reservation,1095015
2499388,"",3,"""MP""",2,reservation,2499385
2701180,Skriftliga omdömen och utvecklingssamtal ,36,"""m"",""c"",""fp"",""kd""",24,reservation,2701144
2303666,"",26,"""C""",17,reservation,2303640
2438591,"",13,"""V""",5,reservation,2438578
2322540,Delpension för statsanställda,6,"""fp""",16,reservation,2322534
2390120,"",8,"""V""",5,reservation,2390112
1004739,"",6,"""MP""",2,reservation,1004733
2560452,"",3,"""S""",2,reservation,2560449
2550564,Projektet Film i Sameland och Tornedalen ,5,"""mp""",6,reservation,2550559
2677701,Myndighetens organisation m.m.,7,"""m""",10,reservation,2677694
2480195,Klimatavtal,11,"""MP"",""V""",11,reservation,2480184
2317064,Kompetens och kvalitet,56,"""v""",51,reservation,2317008
2312366,"",6,"""SD""",8,reservation,2312360
3363217,Kontrollmyndigheter,4,"""m""",10,reservation,3363213
3358807,"",33,"""L""",12,reservation,3358774
2619135,"",6,"""KD""",2,reservation,2619129
2337718,Östersjöns status som särskilt känsligt havsområde (avsnitt 1.1),1,"""m"",""c"",""fp"",""kd"",""mp""",2,reservation,2337717
1114988,Statens ägarutövning,5,"""mp""",3,reservation,1114983
2364364,"",26,"""V""",19,reservation,2364338
2509971,Finansmakten och Riksbankens uppgifter,1,"""MP""",3,reservation,2509970
3392485,"",4,"""S""",3,reservation,3392481
2652248,Inre flyktalternativ,17,"""c"",""v"",""mp""",12,reservation,2652230
2364654,"",14,"""C""",8,reservation,2364640
2421541,Tillståndsprövning av fiskodling m.m.,17,"""S"",""MP"",""V""",16,reservation,2421524
2537082,Organdonation,4,"""fp""",4,reservation,2537078
2507649,"",3,"""SD""",5,reservation,2507646
2684574,"",1,"""SD""",1,reservation,2684573
2340423,Utbyggnaden av organisationen med mångkulturkonsulenter,4,"""v""",13,reservation,2340419
2314940,Förkortad företrädesrätt till återanställning,16,"""kd""",17,reservation,2314924
2670858,Rätt för bilinspektörer att ta alkoholutandningsprov,7,"""fp""",11,reservation,2670851
1004751,"",18,"""V""",7,reservation,1004733
1112304,Jakt- och viltvårdsfrågor,4,"""S""",8,reservation,1112300
2561602,"",11,"""SD""",4,reservation,2561588
2604257,Jämställdhetsintegrering,13,"""MP""",8,reservation,2604244
2692759,Missbruk och oegentligheter,29,"""v""",37,reservation,2692730
2580533,Åldersbedömning,35,"""V""",20,reservation,2580498
2387780,"",34,"""C""",14,reservation,2387746
2313716,Genuspedagoger,39,"""s"",""v"",""mp""",41,reservation,2313677
2680762,"",10,"""M""",8,reservation,2680752
2450259,Den regionala tillväxtpolitikens inriktning,2,"""V""",1,reservation,2450257
2486103,Trafficking m.m.,7,"""s""",6,reservation,2486096
2510111,Folkrätten i svensk utrikespolitik,18,"""kd""",8,reservation,2510093
2500700,"",6,"""V""",6,reservation,2500694
2618003,Skäl till dispens inom biotopskyddsområde,18,"""s""",14,reservation,2617985
2311331,Neuropsykiatriska funktionshinder ,2,"""c"",""fp"",""kd"",""mp""",2,reservation,2311329
2682898,"",39,"""SD""",29,reservation,2682859
2677378,"",34,"""M""",18,reservation,2677344
2411562,Sjuklön,10,"""kd""",10,reservation,2411552
2698352,Värdegrunden i förskolans läroplan,5,"""kd""",3,reservation,2698347
2446895,"",1,"""SD""",2,reservation,2446894
2650560,"",9,"""SD""",15,reservation,2650551
2550208,Miljöteknikföretagande,4,"""mp""",5,reservation,2550204
2661623,"",1,"""SD""",1,reservation,2661622
2706371,Avveckling av myndigheter,1,"""s"",""v"",""mp""",1,reservation,2706370
3357874,Rekryteringsfrågor,6,"""v""",4,reservation,3357868
2688022,Övriga frågor ,6,"""fp""",2,reservation,2688016
2500267,"",10,"""S""",6,reservation,2500257
3359576,Skuldsanering,1,"""M"",""FP"",""C"",""KD""",1,reservation,3359575
2461520,"",13,"""C""",20,reservation,2461507
2618377,Folkomröstning rörande kärnkraften,9,"""mp""",5,reservation,2618368
2340957,"",16,"""M""",29,reservation,2340941
2615317,"",15,"""SD""",7,reservation,2615302
2648072,Hänsynsfull och långsiktigt hållbar jakt ,17,"""mp""",24,reservation,2648055
2314407,Antalet platser på läkarutbildningen,8,"""s""",9,reservation,2314399
2444755,"",14,"""MP""",8,reservation,2444741
2437246,Åtgärder för en långsiktigt positiv utveckling av yrkesfisket m.m.,5,"""c""",2,reservation,2437241
2340680,Riktlinger för energipolitiken,3,"""m"",""fp""",2,reservation,2340677
2301392,Nettodebitering av el,4,"""MP"",""V""",3,reservation,2301388
2399024,Sanktionsavgift m.m.,17,"""s"",""v"",""mp""",11,reservation,2399007
2328668,Undantag för naturgasinfrastrukturprojekt,6,"""m"",""fp"",""mp""",4,reservation,2328662
2471475,Planeringsramarna och långsiktsplanerna,10,"""kd""",3,reservation,2471465
2459017,Pornografifrågor,2,"""v"",""mp""",2,reservation,2459015
2515781,Social ekonomi,8,"""m"",""fp""",7,reservation,2515773
2469738,"",15,"""SD""",25,reservation,2469723
2561626,"",30,"""KD""",11,reservation,2561588
2428544,Läkemedels miljöpåverkan,15,"""mp""",16,reservation,2428529
2571559,Utvecklingssamtal,30,"""kd""",21,reservation,2571529
2292839,"",10,"""KD""",8,reservation,2292829
3358171,Lex Sarah,6,"""v""",10,reservation,3358165
2575282,"",13,"""SD""",12,reservation,2575267
2294879,"",38,"""KD""",16,reservation,2294841
2589752,"",2,"""SD""",2,reservation,2589750
2372042,Kvinnojourer,24,"""S"",""MP"",""V""",25,reservation,2372018
1035177,"",18,"""C""",8,reservation,1035159
2369906,Studenthälsan,30,"""kd""",31,reservation,2369876
2479949,"",40,"""KD""",45,reservation,2479909
2705180,Den regionala tillväxtpolitikens inriktning och mål,1,"""s"",""v"",""mp""",1,reservation,2705179
2469524,Samarbete med närområdet,4,"""MP"",""V""",2,reservation,2469520
1113931,Reach m.m.,13,"""S"",""MP"",""V""",13,reservation,1113918
2480326,Behörighet att utföra alkoholutandningsprov,4,"""s"",""mp""",5,reservation,2480322
2374591,"",24,"""SD""",9,reservation,2374567
2556414,Skolans värdegrund m.m.,23,"""MP""",18,reservation,2556391
2437140,Reformen av den gemensamma jordbrukspolitiken,3,"""fp""",2,reservation,2437137
2613721,"",7,"""SD""",3,reservation,2613714
3364406,Alternativa lärarutbildningar,6,"""m""",5,reservation,3364400
2305701,Tobaksförsäljning,43,"""s"",""mp""",37,reservation,2305659
2444231,"",2,"""M"",""C"",""L"",""KD""",3,reservation,2444229
2532592,"",9,"""MP""",7,reservation,2532583
2460463,"",7,"""SD""",2,reservation,2460456
2347722,Stödrättigheter i jordbruket,14,"""c"",""kd""",12,reservation,2347708
2470122,Kommersiell och offentlig service på landsbygden,6,"""MP""",4,reservation,2470116
2440746,"",39,"""SD""",23,reservation,2440707
2384189,"",3,"""C""",2,reservation,2384186
1112679,Meritpoäng,16,"""S"",""MP"",""V""",13,reservation,1112663
2594599,"",20,"""SD""",20,reservation,2594579
2556417,Antalet nationella prov,26,"""MP"",""V""",20,reservation,2556391
2384195,"",9,"""V""",5,reservation,2384186
2628861,"",2,"""C""",1,reservation,2628859
2364776,Kunskap och kompetens,12,"""S""",8,reservation,2364764
2496533,"",12,"""MP""",7,reservation,2496521
2622485,Förkortad företrädesrätt till återanställning,13,"""m"",""kd""",14,reservation,2622472
2312394,Etablering av enskilda förskolor,3,"""v""",3,reservation,2312391
2293606,"",60,"""M"",""SD"",""KD""",25,reservation,2293546
2408079,"",9,"""KD""",3,reservation,2408070
2585561,"Särskilda uppgifter för bostadsförmedlingar, m.m. ",17,"""m"",""c"",""fp"",""kd"",""-""",16,reservation,2585544
2374738,"",32,"""C""",15,reservation,2374706
3358817,"",43,"""L""",15,reservation,3358774
3362828,Genomförandeplanering och administration,27,"""c""",20,reservation,3362801
2626057,"",3,"""C""",1,reservation,2626054
2436620,Allmänna principer för socialförsäkringarna,1,"""m""",1,reservation,2436619
2698165,Introduktion,50,"""v""",44,reservation,2698115
2300466,Anpassning ,17,"""v""",17,reservation,2300449
2582201,Arbetsro i skolan,30,"""fp"",""kd""",27,reservation,2582171
2422212,"",15,"""V""",7,reservation,2422197
2292230,"",10,"""V""",9,reservation,2292220
3363639,"",2,"""SD""",6,reservation,3363637
2643368,Ny instans- och processordning,2,"""m""",2,reservation,2643366
1112748,Övriga frågor om stamcellsforskning,16,"""kd""",19,reservation,1112732
2649192,Deponiförbudet ,22,"""c""",31,reservation,2649170
2570488,"",1,"""C"",""MP""",2,reservation,2570487
3362832,Vildlekande lax,31,"""kd""",27,reservation,3362801
2384111,"",1,"""SD""",1,reservation,2384110
2530513,"",10,"""KD""",5,reservation,2530503
2292252,"",32,"""C""",22,reservation,2292220
3362722,Lektorstjänster,3,"""m""",4,reservation,3362719
1056988,"",5,"""S""",4,reservation,1056983
2521559,"",17,"""SD""",13,reservation,2521542
3361041,"",6,"""C""",4,reservation,3361035
2485121,"",14,"""V""",8,reservation,2485107
2692382,"",2,"""SD""",1,reservation,2692380
2347934,Dispens från tolvterminersregeln vid beviljande av studiemedel ,8,"""m"",""c"",""fp"",""kd""",7,reservation,2347926
2365158,Bilens betydelse,34,"""m"",""c"",""fp"",""kd""",40,reservation,2365124
2570309,"",43,"""SD""",53,reservation,2570266
2479948,"",39,"""C"",""KD""",44,reservation,2479909
2704128,Skärpta straff för uthyrning av avställda och oförsäkrade bilar,14,"""S""",22,reservation,2704114
2601035,"",12,"""V""",6,reservation,2601017
1112340,Vissa övriga energifrågor,5,"""MP""",5,reservation,1112335
2480116,Ersättning till lobotomerade ,72,"""kd""",65,reservation,2480044
1042663,"",8,"""V""",3,reservation,1042655
2544585,"",2,"""M""",3,reservation,2544583
1057497,"",27,"""C""",15,reservation,1057470
2469757,"",34,"""S"",""MP""",50,reservation,2469723
2692755,Arbetsskadeförsäkring,25,"""v""",33,reservation,2692730
2649005,Handel med tredje land m.m. ,2,"""mp""",2,reservation,2649003
2294354,Riktlinjer för budgetpolitiken,4,"""s""",2,reservation,2294350
2376690,En kronofogdemyndighet i tiden,1,"""m"",""c"",""fp"",""kd""",1,reservation,2376689
2505286,Huvudmannaskapet för begravningsverksamheten i övrigt,2,"""v"",""mp""",2,reservation,2505284
2496148,"",2,"""SD""",2,reservation,2496146
2696754,Matematik,36,"""S"",""MP""",24,reservation,2696718
3361735,"",2,"""FP""",3,reservation,3361733
2705651,Sammanhållet studiestödssystem ,9,"""kd""",7,reservation,2705642
1110817,Tillämpning av lagen om särskild utlänningskontroll,1,"""SD""",1,reservation,1110816
2291259,"",42,"""S"",""MP""",44,reservation,2291217
2419564,"",11,"""M""",8,reservation,2419553
2591065,Dricksvatten m.m.,6,"""S"",""MP"",""V""",6,reservation,2591059
2637428,"",1,"""SD""",1,reservation,2637427
2295152,Informationsutbytesavtal och partiella skatteavtal med Brittiska Jungfruöarna,1,"""s"",""v"",""mp""",1,reservation,2295151
2357851,Beslut om ramar för budgeten 2005 (avsnitten 4 och 5 exkl. 5.13),6,"""fp""",4,reservation,2357844
1057418,"",2,"""V"",""MP""",1,reservation,1057416
2658143,Kulturtidskrifter,23,"""s"",""v"",""mp""",17,reservation,2658120
2682914,"",55,"""S""",44,reservation,2682859
1031264,"",13,"""C""",6,reservation,1031251
3363429,"",6,"""S""",4,reservation,3363423
2517452,Rektorsutbildning,3,"""v""",6,reservation,2517449
3377205,"",3,"""S"",""V""",2,reservation,3377202
2565988,Alkoholbeskattning,3,"""v""",1,reservation,2565985
3364888,Kalkbrytning och bevarande av nipsippan,7,"""m"",""kd""",9,reservation,3364881
2385357,Vårdbidrag,35,"""S""",35,reservation,2385322
2415418,"",12,"""M"",""KD""",8,reservation,2415406
2292099,"",46,"""L""",21,reservation,2292053
2527444,Studier under hela året,17,"""s""",14,reservation,2527423
2461368,"",4,"""SD""",5,reservation,2461364
2676909,"",11,"""V""",4,reservation,2676898
2455232,"",8,"""V""",9,reservation,2455223
2339840,"",5,"""V""",7,reservation,2339835
2370378,Grundläggande behörighet till högre studier,8,"""m"",""c"",""fp"",""kd""",6,reservation,2370370
2463421,"",11,"""V""",3,reservation,2463410
2692664,"",15,"""KD""",11,reservation,2692649
2571859,"",23,"""KD""",9,reservation,2571836
2485119,"",12,"""L""",7,reservation,2485107
2429713,"",48,"""KD""",28,reservation,2429665
2534678,"",14,"""V""",11,reservation,2534664
2579475,"",15,"""L""",7,reservation,2579460
2437042,"",16,"""M""",21,reservation,2437026
2429632,"",34,"""C""",22,reservation,2429598
2561373,Ökade tullbefogenheter för att motverka miljöbrott till havs ,12,"""c""",18,reservation,2561361
2631193,Övergången mellan studier och arbetsliv,12,"""s"",""mp""",16,reservation,2631181
2296464,"",26,"""C""",17,reservation,2296431
2600533,"",3,"""C""",1,reservation,2600530
2479920,"",11,"""SD"",""-""",12,reservation,2479909
2608928,"",7,"""KD""",3,reservation,2608921
2633819,"",1,"""SD""",1,reservation,2633818
2293738,"",27,"""C""",14,reservation,2293711
2561226,Feministisk handlingsplan för jämställd kultur m.m.,5,"""mp""",5,reservation,2561221
2443479,Övriga motionsförslag,17,"""fp""",13,reservation,2443462
2514575,"",1,"""S"",""MP"",""V""",2,reservation,2514574
3137386,Bidrag till handikapporganisationer,6,"""s"",""v"",""mp""",28,reservation,3137380
2311474,Handel med privata tjänster,3,"""v"",""mp""",3,reservation,2311471
2422225,"",28,"""S"",""V""",20,reservation,2422197
2629658,"",10,"""V"",""MP""",8,reservation,2629648
2395958,Genetiskt modifierade organismer,6,"""v"",""mp""",6,reservation,2395952
1111059,Åtgärder i trafikens infrastruktur för cykling,3,"""S""",2,reservation,1111056
2680891,"",4,"""V""",5,reservation,2680887
3363965,"",1,"""M"",""C"",""KD""",1,reservation,3363964
2608895,Ersättning vid expropriation,1,"""s"",""v"",""mp""",1,reservation,2608894
3136849,"",12,"""C"",""L""",9,reservation,3136837
2304885,"",29,"""V""",12,reservation,2304856
1111529,Inventering av tillgängligheten,14,"""S""",16,reservation,1111515
2294279,Assisterad befruktning - övriga frågor,4,"""V""",5,reservation,2294275
1113373,Utvärdering av lagstiftning om särskilt kvalificerade kontaktpersoner,3,"""S"",""MP"",""V""",3,reservation,1113370
2599968,Livstidsstraffet,21,"""fp"",""kd"",""v"",""mp""",22,reservation,2599947
2492453,En nationell underrättelseenhet,11,"""fp""",13,reservation,2492442
2504012,"",25,"""KD""",10,reservation,2503987
2608515,Upphävande av förköpslagen,1,"""s"",""v"",""mp""",1,reservation,2608514
2640744,"",19,"""C""",9,reservation,2640725
3137659,"",12,"""L""",12,reservation,3137647
3361790,Statligt läkemedelsföretag för generika,40,"""v""",47,reservation,3361750
2575789,"",24,"""M"",""SD"",""KD""",11,reservation,2575765
2533623,Grundlagsutredningens uppdrag,2,"""v""",1,reservation,2533621
2384979,"",1,"""SD""",1,reservation,2384978
2368702,"",13,"""S""",8,reservation,2368689
1114185,Samordnade rättsprocesser i barnmål,52,"""s""",77,reservation,1114133
2573771,Undersökning av olyckor enligt järnvägssäkerhetsdirektivet,3,"""v""",5,reservation,2573768
2567052,"",1,"""SD""",2,reservation,2567051
3361885,"",2,"""SD""",1,reservation,3361883
2493669,"",2,"""C""",1,reservation,2493667
2299816,Ojämna maktförhållanden vid medling,10,"""m""",8,reservation,2299806
2297748,"",6,"""C""",4,reservation,2297742
2456745,Lönebidragsfrågor,5,"""c""",3,reservation,2456734
3137285,"",4,"""L""",5,reservation,3137281
2487322,Pensionsförsäkring m.m.,4,"""SD""",3,reservation,2487318
1094724,"",1,"""S""",1,reservation,1094723
2317852,"",5,"""C""",12,reservation,2317847
2622808,Finansiering av kontrollåtgärderna ,2,"""c"",""kd""",3,reservation,2622806
2311858,"",2,"""SD""",2,reservation,2311856
2501199,"",16,"""S""",12,reservation,2501183
2297573,"Miljökrav, djurskydd, kvalitetskrav",5,"""SD""",2,reservation,2297568
2692282,"",30,"""M"",""SD"",""KD""",21,reservation,2692252
2407292,Ytterligare förlängd tid för statliga garantier för att återställa försäkringsskyddet för flygbranschen ,1,"""m""",1,reservation,2407291
2629199,"",38,"""C""",18,reservation,2629161
2499044,Frivilligorganisationernas betydelse,13,"""m""",10,reservation,2499031
1095132,"",3,"""S"",""V"",""C"",""MP""",3,reservation,1095129
2582184,"Frågor om homo-, bi- och transsexualitet i skolans undervisning",13,"""fp"",""mp""",9,reservation,2582171
3365088,"",45,"""SD""",30,reservation,3365043
2473892,Regionala tillväxtprogram,2,"""m"",""c"",""fp"",""kd""",2,reservation,2473890
2317645,Jämställdhetsaspekter,4,"""c"",""fp""",4,reservation,2317638
2701003,"",13,"""C""",6,reservation,2700990
2470322,"",3,"""V""",1,reservation,2470319
2307544,"",19,"""SD""",18,reservation,2307525
2430231,"",12,"""C""",9,reservation,2430219
2449277,"",32,"""M""",17,reservation,2449245
2599960,Åtalspreskription,13,"""mp""",16,reservation,2599947
2462233,Skyddsbehov och avvisningsbeslut,29,"""v"",""mp""",22,reservation,2462204
2704338,Myndighetsfrågor,3,"""kd""",2,reservation,2704335
2505199,En nämnd för rikssjukvård,6,"""v""",5,reservation,2505193
2677411,"",67,"""C""",28,reservation,2677344
2627466,"",1,"""M"",""KD""",1,reservation,2627465
2532598,"",15,"""S""",12,reservation,2532583
2544506,"",20,"""SD""",7,reservation,2544486
2648511,Alternativa drivmedel m.m. ,26,"""c"",""kd""",23,reservation,2648485
2402823,"",10,"""KD""",5,reservation,2402813
2650506,Förvaltning av naturreservat,16,"""m"",""c"",""fp"",""kd""",15,reservation,2650490
1111978,Barnomsorg på obekväm arbetstid,6,"""S""",6,reservation,1111972
2517465,Behovet av lärare i hem- och konsumentkunskap,16,"""v""",22,reservation,2517449
2486945,"",1,"""S""",1,reservation,2486944
2553510,"",5,"""SD""",2,reservation,2553505
2337945,Startförpackningar ,19,"""m"",""c"",""fp"",""kd""",20,reservation,2337926
2324983,"",29,"""SD""",41,reservation,2324947
2599290,Statligt kostnadsansvar för assistansersättningen m.m.,11,"""m"",""c"",""fp"",""kd""",30,reservation,2599279
2561127,"",5,"""S""",4,reservation,2561122
2322928,EU 2004-kommitténs upphörande,9,"""c"",""fp""",19,reservation,2322919
2306758,"",1,"""M"",""KD""",1,reservation,2306757
2318333,"",79,"""C""",29,reservation,2318254
2662474,Äganderätt,17,"""m"",""c"",""fp"",""kd""",24,reservation,2662457
2596335,Förändring av statsbudgetens utgifter och inkomster för 2008,3,"""mp""",1,reservation,2596332
2316877,Spelberoende,13,"""c"",""fp""",18,reservation,2316864
2408073,"",3,"""SD""",2,reservation,2408070
2509415,"",23,"""M"",""KD""",19,reservation,2509392
2429606,"",8,"""L""",5,reservation,2429598
2650086,"",3,"""SD""",3,reservation,2650083
2610041,Förbättrad tillsyn över platsanmälningslagen,6,"""v""",5,reservation,2610035
2432486,Genetiskt modifierade organismer,33,"""MP""",28,reservation,2432453
2345621,Universitetsstatus och examensrättigheter,13,"""v""",12,reservation,2345608
2294590,Uppehållstillstånd i andra fall,11,"""V""",7,reservation,2294579
2650491,En effektivare miljöprövning,1,"""m"",""c"",""fp"",""kd""",1,reservation,2650490
2318157,"",2,"""C""",2,reservation,2318155
1057377,"",22,"""MP""",34,reservation,1057355
2398339,"",31,"""C""",15,reservation,2398308
2482254,Uppehållstillstånd för studier m.m.,6,"""kd""",3,reservation,2482248
2311463,Myndigheters verksamhet och resurser,4,"""v""",5,reservation,2311459
2672221,"",3,"""MP""",2,reservation,2672218
2575271,"",4,"""V""",4,reservation,2575267
2692662,"",13,"""C""",10,reservation,2692649
2482182,"",1,"""M""",1,reservation,2482181
2670519,"",14,"""S""",10,reservation,2670505
2299818,Aktivt integrationsarbete för att minska mobbning,12,"""kd""",10,reservation,2299806
2581995,Ungdoms- och jourdomstolar m.m.,3,"""fp"",""kd""",3,reservation,2581992
2637982,"",22,"""S"",""V"",""MP""",21,reservation,2637960
2691492,Allmänt om validering och erkännande av yrkes- och utbildningskvalifikationer,4,"""S"",""V""",4,reservation,2691488
2496309,"",5,"""M"",""C"",""FP"",""KD""",3,reservation,2496304
2375037,"",13,"""SD""",5,reservation,2375024
2663966,"",16,"""KD""",16,reservation,2663950
2294867,"",26,"""C""",11,reservation,2294841
2562737,Allmännyttiga ideella föreningar,7,"""m"",""c"",""fp"",""kd""",7,reservation,2562730
2517285,Behöriga lärare,13,"""v""",15,reservation,2517272
2291428,"",15,"""M"",""KD""",9,reservation,2291413
2325162,"",1,"""M"",""SD"",""KD""",2,reservation,2325161
2629314,Synen på äganderätten i samband med minerallagen,3,"""m"",""fp"",""kd""",2,reservation,2629311
2449187,Ökade möjligheter för polisen att komma åt alkohol som innehas av unga,6,"""S""",9,reservation,2449181
2453261,Utrikes- och säkerhetspolitik,3,"""S""",2,reservation,2453258
3360137,"",4,"""SD""",3,reservation,3360133
3361245,"",16,"""SD""",10,reservation,3361229
2652579,Kriminalvårdens personal,36,"""m"",""c"",""fp"",""kd""",39,reservation,2652543
3359374,"",4,"""KD""",2,reservation,3359370
3364135,Utbildning av speciallärare,15,"""m""",16,reservation,3364120
2338276,Länsstyrelsernas uppdrag rörande metodoch kompetensutveckling ,3,"""c""",6,reservation,2338273
2324950,"",2,"""C""",2,reservation,2324947
2493649,"",4,"""M"",""C"",""KD""",3,reservation,2493645
2607459,Gäststuderande,14,"""m""",10,reservation,2607445
2460464,"",8,"""C""",2,reservation,2460456
2314402,Systemet för resurstilldelning,3,"""s""",4,reservation,2314399
2629401,"",11,"""V""",9,reservation,2629390
2338282,Skolans roll i det förebyggande arbetet ,9,"""c""",10,reservation,2338273
2352894,"",1,"""S"",""MP""",1,reservation,2352893
2681221,Marina skyddsområden,13,"""MP"",""V""",15,reservation,2681208
2323939,"",3,"""MP""",2,reservation,2323936
2400115,"",8,"""KD""",6,reservation,2400107
2352217,"",1,"""S""",1,reservation,2352216
2463177,Elevantal för godkännande av fristående skola,1,"""m""",2,reservation,2463176
2433337,Riktlinjer för energipolitiken ,4,"""mp""",2,reservation,2433333
1035176,"",17,"""S""",8,reservation,1035159
2429711,"",46,"""M""",28,reservation,2429665
3365365,Vissa lagstiftningsfrågor m.m.,1,"""m""",1,reservation,3365364
2430078,Uppföljning av den nya lagstiftningen,17,"""MP"",""V""",18,reservation,2430061
2486134,Fritidsverksamhet,38,"""v""",27,reservation,2486096
2521557,"",15,"""M"",""KD""",12,reservation,2521542
2629461,"",7,"""S""",5,reservation,2629454
2437685,Samarbetsgrupp för hästsektorns framtidsfrågor,28,"""fp""",20,reservation,2437657
2293290,"",2,"""C""",1,reservation,2293288
2363971,Tidskarantän för statsråd,4,"""mp""",15,reservation,2363967
2576959,Ideell verksamhet,3,"""v""",5,reservation,2576956
2649198,Miljösituationen i och kring Östersjön ,28,"""fp""",39,reservation,2649170
2443251,"",3,"""M"",""SD""",3,reservation,2443248
2658882,Hets mot funktionshindrade,8,"""mp""",11,reservation,2658874
2531652,"",10,"""M"",""C"",""L""",9,reservation,2531642
2443424,Utsläpp från fartyg och båtar m.m.,12,"""s"",""v"",""mp""",13,reservation,2443412
2465636,Jämställdhetsperspektiv i vården,36,"""m"",""c"",""fp""",28,reservation,2465600
2385967,Bostadsrättsregister,10,"""s""",10,reservation,2385957
1057199,"",20,"""S""",12,reservation,1057179
2680209,Utgångspunkter för insatserna,1,"""m"",""fp"",""kd""",1,reservation,2680208
2544487,"",1,"""M""",1,reservation,2544486
2291890,"",10,"""C""",2,reservation,2291880
2449198,"""Allemansrätt"" till gator och torg",17,"""MP"",""V""",27,reservation,2449181
2362977,"",3,"""L""",3,reservation,2362974
2330527,Expropriationsersättning,10,"""v""",7,reservation,2330517
3357721,Kroatiens anslutning till Europeiska unionen,1,"""SD""",1,reservation,3357720
2456853,"",11,"""C""",7,reservation,2456842
2325719,"",46,"""L""",19,reservation,2325673
2485977,Konsekvensanalyser m.m. av ändringar i arbetslöshetsförsäkringen,2,"""v""",5,reservation,2485975
3361939,Ekobrottsmyndighetens organisation och verksamhet,5,"""v""",9,reservation,3361934
2475065,"",3,"""SD""",2,reservation,2475062
2429975,"",4,"""KD""",2,reservation,2429971
2521562,"",20,"""M"",""SD"",""KD""",16,reservation,2521542
2399026,Skog och vilt i balans,19,"""s""",13,reservation,2399007
2509276,Starka kollektivavtal,31,"""S""",18,reservation,2509245
2295053,Kollektivavtal vid anställning med samhällsstöd,6,"""S"",""V""",6,reservation,2295046
2361390,"",10,"""SD"",""-""",10,reservation,2361380
2673883,Finansieringsfrågor,8,"""s"",""v"",""mp""",5,reservation,2673875
2296788,"",2,"""SD""",3,reservation,2296786
2296512,Handisam och andra aktörer,14,"""mp""",19,reservation,2296498
2401761,Sociala företag,13,"""V""",10,reservation,2401748
2325333,Reseavdrag,8,"""m""",8,reservation,2325325
2323313,"",23,"""M""",14,reservation,2323290
2396301,Miljöeffekter av läkemedel m.m.,6,"""mp""",6,reservation,2396295
2573739,Livsmedelskedjans klimatpåverkan,12,"""v""",16,reservation,2573727
2663235,Behandlingskontroller och smittskyddsarbete,1,"""m"",""kd""",3,reservation,2663234
3359941,"",7,"""V""",4,reservation,3359934
3360459,"",3,"""S""",6,reservation,3360456
2383416,"",11,"""C""",20,reservation,2383405
2544550,"",64,"""L""",18,reservation,2544486
2501213,"",30,"""C""",19,reservation,2501183
1060176,"",6,"""MP""",2,reservation,1060170
2455769,Rovdjursskador,27,"""MP""",19,reservation,2455742
2486948,"",4,"""V"",""MP""",2,reservation,2486944
2655131,Ändrade ramar för utgiftsområden samt nya och ändrade anslag,5,"""v""",18,reservation,2655126
2453596,"",4,"""S"",""MP""",5,reservation,2453592
2688242,"",25,"""SD""",18,reservation,2688217
2311652,Allmän inriktning av politiken inom utgiftsområde 13 Arbetsmarknad,2,"""v""",1,reservation,2311650
2544673,Narkotikaprevention,6,"""s"",""v"",""mp""",13,reservation,2544667
2349854,Information och opinionsbildning ,7,"""fp""",2,reservation,2349847
2421435,"",1,"""SD""",2,reservation,2421434
2429725,"",60,"""C""",35,reservation,2429665
2401907,"",21,"""M""",10,reservation,2401886
2518461,"",23,"""V""",8,reservation,2518438
3359293,Viss verksamhet vid Sveriges lantbruksuniversitet m.m.,5,"""fp""",8,reservation,3359288
3362185,"",8,"""KD""",5,reservation,3362175
2703856,Undantag för Sverige från EMU:s tredje steg,2,"""v"",""mp""",5,reservation,2703853
2382236,"",8,"""L""",8,reservation,2382228
2422215,"",18,"""MP""",9,reservation,2422197
2687109,"",1,"""M"",""KD""",1,reservation,2687108
2453796,SRHR,16,"""SD""",12,reservation,2453780
2548826,Uppföljning och utvärdering,4,"""s"",""v"",""mp""",3,reservation,2548822
3365084,"",41,"""SD""",26,reservation,3365043
1113813,Skatt på valutatransaktioner,2,"""MP"",""V""",4,reservation,1113811
2429688,"",23,"""V""",14,reservation,2429665
2582253,Hyresgaranti hanterad av bostadsförmedling,10,"""m"",""c"",""fp"",""kd""",6,reservation,2582243
1042341,"",7,"""MP""",4,reservation,1042334
2470837,Illegala spelautomater,22,"""c"",""kd""",15,reservation,2470815
2634223,Förändringar av utjämningssystemet 2002 ,1,"""m""",2,reservation,2634222
2692268,"",16,"""C""",12,reservation,2692252
2582172,Elevhälsans betydelse,1,"""kd""",1,reservation,2582171
2705184,Återföring av medel från vatten- och vindkraft samt vissa andra naturresurser,5,"""v""",5,reservation,2705179
2649727,"",5,"""KD""",5,reservation,2649722
2370179,Frågor om villkoren för studiemedel,4,"""v""",5,reservation,2370175
2673474,Naturvårdsverkets ansvarsområde,32,"""mp""",24,reservation,2673442
2619144,"",15,"""L""",5,reservation,2619129
2298234,El för uppvärmning,15,"""mp""",6,reservation,2298219
2546078,Återremiss,3,"""m"",""c"",""fp"",""kd"",""mp""",6,reservation,2546074
1114043,FN:s konvention om rättigheter för personer med funktionsnedsättning,1,"""V""",1,reservation,1114042
2706403,"",6,"""M"",""C"",""KD""",4,reservation,2706397
2485791,Forskningsprogram för syntesgas ,24,"""mp""",17,reservation,2485767
2505401,Miljöledningssystem i riksdagen,10,"""v"",""mp""",25,reservation,2505391
2305468,"",23,"""KD""",10,reservation,2305445
2699052,Skydd av områden m.m.,7,"""m"",""c""",9,reservation,2699045
2561597,"",7,"""V""",3,reservation,2561588
2528073,"",6,"""S"",""V"",""MP""",3,reservation,2528067
2582255,Konsumentstöd i bostadsfrågor,12,"""fp""",7,reservation,2582243
2306230,"",1,"""SD""",1,reservation,2306229
2513967,"",9,"""S"",""MP""",16,reservation,2513958
2649592,Yrkesfiskarenas sakägarstatus ,27,"""c""",43,reservation,2649565
2458514,"",11,"""L""",4,reservation,2458503
2430672,"",3,"""SD""",2,reservation,2430669
