hjid,id,value_,topic_topics_hjid
2271031,3,Economy & Growth,2271030
2771604,10,Social Protection & Labor,2771603
845696,20,External Debt,845695
3077350,10,Social Protection & Labor,3077349
2778578,10,Social Protection & Labor,2778577
3076278,10,Social Protection & Labor,3076277
1772702,7,Financial Sector,1772701
1255008,19,Climate Change,1255007
1104217,20,External Debt,1104216
2284837,10,Social Protection & Labor,2284836
2235629,4,Education,2235628
1265148,6,Environment,1265147
3085337,10,Social Protection & Labor,3085336
2538362,10,Social Protection & Labor,2538361
2281098,10,Social Protection & Labor,2281097
55627,11,Poverty,55626
2294256,10,Social Protection & Labor,2294255
3063133,17,Gender,3063132
2283984,10,Social Protection & Labor,2283983
3086478,10,Social Protection & Labor,3086477
2263137,4,Education,2263136
416191,12,Private Sector,416189
3065959,10,Social Protection & Labor,3065958
2693628,10,Social Protection & Labor,2693627
335997,4,Education,335996
3003362,10,Social Protection & Labor,3003361
2270663,6,Environment,2270661
2489182,10,Social Protection & Labor,2489181
686856,2,Aid Effectiveness,686855
3085696,10,Social Protection & Labor,3085695
3091855,13,Public Sector,3091854
3078001,10,Social Protection & Labor,3078000
1117897,2,Aid Effectiveness,1117896
1109512,20,External Debt,1109511
3065546,10,Social Protection & Labor,3065545
2397354,10,Social Protection & Labor,2397353
2674331,10,Social Protection & Labor,2674330
3060313,17,Gender,3060311
3086309,10,Social Protection & Labor,3086308
3069921,10,Social Protection & Labor,3069920
2282943,10,Social Protection & Labor,2282942
3066402,10,Social Protection & Labor,3066401
3072500,10,Social Protection & Labor,3072499
845811,20,External Debt,845810
3055626,4,Education,3055625
3084962,10,Social Protection & Labor,3084961
316112,4,Education,316111
3076087,10,Social Protection & Labor,3076086
997463,20,External Debt,997462
339744,4,Education,339743
2367417,10,Social Protection & Labor,2367416
3065166,10,Social Protection & Labor,3065165
833106,20,External Debt,833105
2282103,10,Social Protection & Labor,2282102
3062461,4,Education,3062460
1237110,19,Climate Change,1237108
997436,20,External Debt,997435
3075604,10,Social Protection & Labor,3075603
75255,11,Poverty,75254
3063022,17,Gender,3063021
2657738,10,Social Protection & Labor,2657737
1774196,7,Financial Sector,1774195
2980871,10,Social Protection & Labor,2980870
2262766,4,Education,2262765
2771597,10,Social Protection & Labor,2771596
994825,20,External Debt,994824
3092779,4,Education,3092778
2794746,10,Social Protection & Labor,2794745
2393528,10,Social Protection & Labor,2393527
2489359,10,Social Protection & Labor,2489358
265775,19,Climate Change,265773
3063347,17,Gender,3063346
2771499,10,Social Protection & Labor,2771498
2266116,3,Economy & Growth,2266115
2766054,10,Social Protection & Labor,2766053
3082206,10,Social Protection & Labor,3082205
2833950,10,Social Protection & Labor,2833949
1235783,16,Urban Development,1235781
3064959,10,Social Protection & Labor,3064958
1268291,6,Environment,1268290
3082675,10,Social Protection & Labor,3082674
3003368,10,Social Protection & Labor,3003367
2405096,10,Social Protection & Labor,2405095
2397366,10,Social Protection & Labor,2397365
2271244,3,Economy & Growth,2271243
1045126,20,External Debt,1045125
3061275,4,Education,3061274
2262843,4,Education,2262842
436887,21,Trade,436885
3080727,10,Social Protection & Labor,3080726
2266932,21,Trade,2266930
3066399,10,Social Protection & Labor,3066398
2725522,10,Social Protection & Labor,2725521
3075985,10,Social Protection & Labor,3075984
417572,3,Economy & Growth,417571
2779112,10,Social Protection & Labor,2779111
1124669,20,External Debt,1124668
1089982,20,External Debt,1089981
2292127,10,Social Protection & Labor,2292122
2265927,3,Economy & Growth,2265926
3055334,19,Climate Change,3055332
3076267,10,Social Protection & Labor,3076266
260866,1,Agriculture & Rural Development,260865
2282742,10,Social Protection & Labor,2282741
2787908,10,Social Protection & Labor,2787907
1253487,19,Climate Change,1253486
1268297,6,Environment,1268296
2393433,10,Social Protection & Labor,2393432
3079946,10,Social Protection & Labor,3079945
3055972,4,Education,3055971
1774278,7,Financial Sector,1774277
2791589,10,Social Protection & Labor,2791588
688292,2,Aid Effectiveness,688291
353021,4,Education,353020
257405,19,Climate Change,257403
2290438,10,Social Protection & Labor,2290437
3081418,10,Social Protection & Labor,3081417
2271153,3,Economy & Growth,2271152
151283,3,Economy & Growth,151282
1341464,7,Financial Sector,1341463
2968311,10,Social Protection & Labor,2968310
1018373,20,External Debt,1018371
3060858,4,Education,3060857
1232991,9,Infrastructure,1232988
1953581,12,Private Sector,1953580
2766126,10,Social Protection & Labor,2766125
2261073,4,Education,2261072
3060326,17,Gender,3060324
3077540,10,Social Protection & Labor,3077539
1145930,20,External Debt,1145927
3061466,17,Gender,3061464
1255044,6,Environment,1255042
3082662,10,Social Protection & Labor,3082661
2283495,10,Social Protection & Labor,2283494
3066714,10,Social Protection & Labor,3066713
997364,20,External Debt,997363
2284358,10,Social Protection & Labor,2284357
2367408,10,Social Protection & Labor,2367407
302205,4,Education,302204
2321048,10,Social Protection & Labor,2321047
1772760,7,Financial Sector,1772759
351661,4,Education,351660
3056827,17,Gender,3056825
2043056,9,Infrastructure,2043055
1272325,6,Environment,1272322
2830527,10,Social Protection & Labor,2830526
307148,4,Education,307147
3084678,10,Social Protection & Labor,3084677
3079847,10,Social Protection & Labor,3079846
311581,4,Education,311580
1268273,6,Environment,1268272
2769235,10,Social Protection & Labor,2769234
2289422,10,Social Protection & Labor,2289421
1943494,12,Private Sector,1943493
338413,4,Education,338412
1992412,9,Infrastructure,1992411
1935684,7,Financial Sector,1935683
1758343,13,Public Sector,1758342
2267909,3,Economy & Growth,2267908
2270098,3,Economy & Growth,2270097
54477,11,Poverty,54476
3064773,10,Social Protection & Labor,3064772
2264867,13,Public Sector,2264866
3069541,10,Social Protection & Labor,3069540
3065272,10,Social Protection & Labor,3065271
2669746,10,Social Protection & Labor,2669745
1772753,7,Financial Sector,1772752
305459,4,Education,305458
3081023,10,Social Protection & Labor,3081022
2778790,10,Social Protection & Labor,2778789
360316,4,Education,360315
2727455,10,Social Protection & Labor,2727454
2335979,10,Social Protection & Labor,2335978
3092786,4,Education,3092785
2264844,13,Public Sector,2264843
3070126,10,Social Protection & Labor,3070125
1128135,20,External Debt,1128134
2977650,10,Social Protection & Labor,2977649
2280531,10,Social Protection & Labor,2280530
842626,20,External Debt,842625
2270170,6,Environment,2270168
3077040,10,Social Protection & Labor,3077039
3061567,4,Education,3061566
3079201,10,Social Protection & Labor,3079200
3073678,10,Social Protection & Labor,3073677
342728,4,Education,342727
2797565,10,Social Protection & Labor,2797564
3073181,10,Social Protection & Labor,3073180
2289000,10,Social Protection & Labor,2288999
186835,10,Social Protection & Labor,186834
3080235,10,Social Protection & Labor,3080234
2317203,10,Social Protection & Labor,2317202
2480545,10,Social Protection & Labor,2480544
3076071,10,Social Protection & Labor,3076070
1105368,20,External Debt,1105367
2061413,9,Infrastructure,2061412
2517763,10,Social Protection & Labor,2517762
1258233,1,Agriculture & Rural Development,1258232
2283214,10,Social Protection & Labor,2283213
433298,3,Economy & Growth,433297
2555011,10,Social Protection & Labor,2555010
334839,4,Education,334838
1108351,20,External Debt,1108350
2316930,10,Social Protection & Labor,2316928
2335973,10,Social Protection & Labor,2335972
2266843,3,Economy & Growth,2266842
3061939,17,Gender,3061937
336024,4,Education,336023
2778684,10,Social Protection & Labor,2778683
2778356,10,Social Protection & Labor,2778355
2280451,10,Social Protection & Labor,2280450
54908,11,Poverty,54907
2725513,10,Social Protection & Labor,2725512
85969,10,Social Protection & Labor,85968
3063151,17,Gender,3063150
2778200,10,Social Protection & Labor,2778199
1255035,19,Climate Change,1255034
2372087,10,Social Protection & Labor,2372086
3080431,10,Social Protection & Labor,3080430
70583,11,Poverty,70582
2263202,4,Education,2263201
2035214,9,Infrastructure,2035213
1120963,20,External Debt,1120962
1782662,7,Financial Sector,1782661
265741,6,Environment,265739
2282568,10,Social Protection & Labor,2282567
2312159,10,Social Protection & Labor,2312158
3031688,4,Education,3031687
367428,21,Trade,367425
2290729,10,Social Protection & Labor,2290728
1118069,2,Aid Effectiveness,1118068
1805382,13,Public Sector,1805381
3079374,10,Social Protection & Labor,3079373
3064562,10,Social Protection & Labor,3064561
2823707,10,Social Protection & Labor,2823706
3030762,13,Public Sector,3030761
423832,3,Economy & Growth,423831
3032930,4,Education,3032929
1728867,7,Financial Sector,1728866
1087104,20,External Debt,1087103
2836613,10,Social Protection & Labor,2836612
2741417,10,Social Protection & Labor,2741416
345742,4,Education,345741
2648119,10,Social Protection & Labor,2648118
2290647,10,Social Protection & Labor,2290646
1129913,20,External Debt,1129912
1172191,20,External Debt,1172190
2778607,10,Social Protection & Labor,2778606
3073665,10,Social Protection & Labor,3073664
1962654,12,Private Sector,1962653
3073174,10,Social Protection & Labor,3073173
3061367,4,Education,3061366
2289144,10,Social Protection & Labor,2289143
2826802,10,Social Protection & Labor,2826801
3069429,10,Social Protection & Labor,3069428
2858881,10,Social Protection & Labor,2858880
2804868,10,Social Protection & Labor,2804867
2271135,3,Economy & Growth,2271134
3003365,10,Social Protection & Labor,3003364
2282559,10,Social Protection & Labor,2282558
2753795,10,Social Protection & Labor,2753794
56832,11,Poverty,56831
2290963,10,Social Protection & Labor,2290962
3062268,4,Education,3062267
2040165,13,Public Sector,2040164
2234097,4,Education,2234096
2542286,10,Social Protection & Labor,2542285
1974945,12,Private Sector,1974944
3066516,10,Social Protection & Labor,3066515
2265655,3,Economy & Growth,2265654
968272,3,Economy & Growth,968271
842623,20,External Debt,842622
3073553,10,Social Protection & Labor,3073552
3080139,10,Social Protection & Labor,3080138
3070217,10,Social Protection & Labor,3070216
2797640,10,Social Protection & Labor,2797639
2769575,10,Social Protection & Labor,2769574
2826805,10,Social Protection & Labor,2826804
3091322,13,Public Sector,3091321
1953582,17,Gender,1953580
2704314,10,Social Protection & Labor,2704313
2501828,10,Social Protection & Labor,2501827
829318,20,External Debt,829317
3078497,10,Social Protection & Labor,3078496
2287454,10,Social Protection & Labor,2287453
2833956,10,Social Protection & Labor,2833955
414795,21,Trade,414793
3061570,4,Education,3061569
3079473,10,Social Protection & Labor,3079472
2289232,10,Social Protection & Labor,2289231
2778204,10,Social Protection & Labor,2778203
438496,20,External Debt,438495
1231575,19,Climate Change,1231573
2296291,10,Social Protection & Labor,2296290
2270762,6,Environment,2270760
1969059,12,Private Sector,1969058
3076852,10,Social Protection & Labor,3076851
1088423,20,External Debt,1088422
2296282,10,Social Protection & Labor,2296281
1754040,14,Science & Technology,1754039
2290461,10,Social Protection & Labor,2290460
259019,6,Environment,259016
1784015,7,Financial Sector,1784014
2971917,10,Social Protection & Labor,2971916
2280809,10,Social Protection & Labor,2280808
2546760,10,Social Protection & Labor,2546759
2268083,3,Economy & Growth,2268082
425465,3,Economy & Growth,425464
3034117,15,Social Development,3034114
2778586,10,Social Protection & Labor,2778585
1266634,6,Environment,1266633
3073184,10,Social Protection & Labor,3073183
1992408,9,Infrastructure,1992406
849889,20,External Debt,849888
2876065,10,Social Protection & Labor,2876064
2746762,10,Social Protection & Labor,2746761
2363119,10,Social Protection & Labor,2363118
3066410,10,Social Protection & Labor,3066409
1775463,7,Financial Sector,1775462
1147285,20,External Debt,1147284
2270754,3,Economy & Growth,2270753
2888955,10,Social Protection & Labor,2888954
3070398,10,Social Protection & Labor,3070397
317737,4,Education,317736
2281275,10,Social Protection & Labor,2281274
3086077,10,Social Protection & Labor,3086076
1283553,7,Financial Sector,1283552
2287370,10,Social Protection & Labor,2287369
2643385,10,Social Protection & Labor,2643384
73669,11,Poverty,73668
3077333,10,Social Protection & Labor,3077332
1993649,9,Infrastructure,1993648
2283483,10,Social Protection & Labor,2283482
2283866,10,Social Protection & Labor,2283865
859831,20,External Debt,859830
2285587,10,Social Protection & Labor,2285586
1766736,13,Public Sector,1766735
2769455,10,Social Protection & Labor,2769454
2290451,10,Social Protection & Labor,2290450
2551408,10,Social Protection & Labor,2551407
2271590,3,Economy & Growth,2271589
2265825,3,Economy & Growth,2265824
3064864,10,Social Protection & Labor,3064863
2826793,10,Social Protection & Labor,2826792
2298336,10,Social Protection & Labor,2298334
2270304,3,Economy & Growth,2270303
84060,10,Social Protection & Labor,84059
2284449,10,Social Protection & Labor,2284448
3069135,10,Social Protection & Labor,3069134
2283687,10,Social Protection & Labor,2283686
2990587,10,Social Protection & Labor,2990585
1278480,5,Energy & Mining,1278479
1268285,6,Environment,1268284
3063344,17,Gender,3063343
3075687,10,Social Protection & Labor,3075686
2885681,10,Social Protection & Labor,2885680
2400955,10,Social Protection & Labor,2400954
1761411,13,Public Sector,1761410
3085975,10,Social Protection & Labor,3085974
1116635,20,External Debt,1116634
2264930,21,Trade,2264928
2778703,10,Social Protection & Labor,2778702
2289310,10,Social Protection & Labor,2289309
2284710,10,Social Protection & Labor,2284709
1253492,5,Energy & Mining,1253491
2291595,10,Social Protection & Labor,2291594
3077029,10,Social Protection & Labor,3077028
1092968,20,External Debt,1092967
2771493,10,Social Protection & Labor,2771492
990938,20,External Debt,990937
3086284,10,Social Protection & Labor,3086283
1129920,20,External Debt,1129919
2252263,4,Education,2252262
2283978,10,Social Protection & Labor,2283977
331422,4,Education,331421
693425,18,Millenium development goals,693424
3073082,10,Social Protection & Labor,3073081
2043053,9,Infrastructure,2043052
2290464,10,Social Protection & Labor,2290463
1148367,20,External Debt,1148366
189716,3,Economy & Growth,189715
1762614,13,Public Sector,1762613
357154,4,Education,357153
3062930,17,Gender,3062928
2771584,10,Social Protection & Labor,2771583
3079766,10,Social Protection & Labor,3079765
844140,20,External Debt,844139
1986971,12,Private Sector,1986970
308542,4,Education,308541
2769250,10,Social Protection & Labor,2769249
2284083,10,Social Protection & Labor,2284082
2769572,10,Social Protection & Labor,2769571
1128104,20,External Debt,1128103
3061351,4,Education,3061350
2685968,10,Social Protection & Labor,2685967
3073846,10,Social Protection & Labor,3073845
3076170,10,Social Protection & Labor,3076169
82546,10,Social Protection & Labor,82545
2263664,12,Private Sector,2263663
2033869,9,Infrastructure,2033868
941806,20,External Debt,941805
1755489,13,Public Sector,1755487
993370,20,External Debt,993369
3060949,4,Education,3060948
3068848,10,Social Protection & Labor,3068847
1992407,5,Energy & Mining,1992406
435552,3,Economy & Growth,435551
2037010,13,Public Sector,2037009
1727210,7,Financial Sector,1727209
3006290,10,Social Protection & Labor,3006289
2778687,10,Social Protection & Labor,2778686
2282851,10,Social Protection & Labor,2282850
1215353,20,External Debt,1215352
2290942,10,Social Protection & Labor,2290941
2778916,10,Social Protection & Labor,2778915
2292051,10,Social Protection & Labor,2292050
2060122,9,Infrastructure,2060121
2769247,10,Social Protection & Labor,2769246
2704302,10,Social Protection & Labor,2704301
321138,4,Education,321137
1117923,2,Aid Effectiveness,1117922
3079273,10,Social Protection & Labor,3079272
1774165,7,Financial Sector,1774164
1952169,12,Private Sector,1952168
255742,16,Urban Development,255740
2263656,12,Private Sector,2263655
2864616,10,Social Protection & Labor,2864615
1124663,20,External Debt,1124662
3077430,10,Social Protection & Labor,3077429
2826799,10,Social Protection & Labor,2826798
1113345,20,External Debt,1113344
3061461,4,Education,3061460
3077033,10,Social Protection & Labor,3077032
2778593,10,Social Protection & Labor,2778591
2290945,10,Social Protection & Labor,2290944
2693631,10,Social Protection & Labor,2693630
3082786,10,Social Protection & Labor,3082785
2820867,10,Social Protection & Labor,2820866
2271322,3,Economy & Growth,2271321
2290539,10,Social Protection & Labor,2290538
3080042,10,Social Protection & Labor,3080041
2252266,4,Education,2252265
3072215,10,Social Protection & Labor,3072214
2289608,10,Social Protection & Labor,2289607
2289332,10,Social Protection & Labor,2289331
3082978,10,Social Protection & Labor,3082977
3078876,10,Social Protection & Labor,3078875
2285023,10,Social Protection & Labor,2285022
2281178,10,Social Protection & Labor,2281177
2761911,10,Social Protection & Labor,2761910
361786,4,Education,361785
3064681,10,Social Protection & Labor,3064680
1784009,7,Financial Sector,1784008
3076659,10,Social Protection & Labor,3076658
849910,2,Aid Effectiveness,849909
1231597,5,Energy & Mining,1231596
2285208,10,Social Protection & Labor,2285207
2290441,10,Social Protection & Labor,2290440
2271510,3,Economy & Growth,2271509
3081537,10,Social Protection & Labor,3081536
2331001,10,Social Protection & Labor,2331000
2284262,10,Social Protection & Labor,2284261
1256779,19,Climate Change,1256778
312810,4,Education,312809
188362,10,Social Protection & Labor,188361
3076281,10,Social Protection & Labor,3076280
2270299,6,Environment,2270298
3013654,10,Social Protection & Labor,3013653
3077631,10,Social Protection & Labor,3077630
1255057,6,Environment,1255053
2955063,10,Social Protection & Labor,2955062
2282829,10,Social Protection & Labor,2282828
2648116,10,Social Protection & Labor,2648115
2777992,10,Social Protection & Labor,2777991
1283558,7,Financial Sector,1283557
152732,3,Economy & Growth,152731
3061279,17,Gender,3061277
335991,4,Education,335990
2038526,13,Public Sector,2038525
829393,20,External Debt,829392
2489356,10,Social Protection & Labor,2489355
345699,4,Education,345698
2538371,10,Social Protection & Labor,2538370
2648264,10,Social Protection & Labor,2648263
3064950,10,Social Protection & Labor,3064949
2290975,10,Social Protection & Labor,2290974
856894,20,External Debt,856893
2950983,10,Social Protection & Labor,2950982
1948716,12,Private Sector,1948715
3075791,10,Social Protection & Labor,3075790
996190,20,External Debt,996189
693428,18,Millenium development goals,693427
689631,2,Aid Effectiveness,689630
2281293,10,Social Protection & Labor,2281292
884587,20,External Debt,884586
1122420,20,External Debt,1122419
2280544,10,Social Protection & Labor,2280543
2271420,3,Economy & Growth,2271419
3078785,10,Social Protection & Labor,3078784
3064459,10,Social Protection & Labor,3064458
2517799,10,Social Protection & Labor,2517798
1088445,20,External Debt,1088444
3069230,10,Social Protection & Labor,3069229
2513787,10,Social Protection & Labor,2513786
3056434,2,Aid Effectiveness,3056433
2880125,10,Social Protection & Labor,2880124
3063557,17,Gender,3063554
1775435,7,Financial Sector,1775434
3062262,4,Education,3062261
3084885,10,Social Protection & Labor,3084884
3085989,10,Social Protection & Labor,3085988
3094000,4,Education,3093999
490022,13,Public Sector,490021
3061561,4,Education,3061560
2282927,10,Social Protection & Labor,2282926
3061049,4,Education,3061048
2270081,3,Economy & Growth,2270080
2888949,10,Social Protection & Labor,2888948
3073764,10,Social Protection & Labor,3073763
2270672,3,Economy & Growth,2270671
3078879,10,Social Protection & Labor,3078878
2756900,10,Social Protection & Labor,2756899
2041810,9,Infrastructure,2041809
3077136,10,Social Protection & Labor,3077135
1756982,13,Public Sector,1756981
3061159,17,Gender,3061157
3010146,10,Social Protection & Labor,3010145
2958749,10,Social Protection & Labor,2958748
691554,18,Millenium development goals,691553
2259564,4,Education,2259563
1719842,7,Financial Sector,1719841
3062956,17,Gender,3062955
55621,11,Poverty,55620
3062744,17,Gender,3062743
2283204,10,Social Protection & Labor,2283203
67796,4,Education,67795
2270765,5,Energy & Mining,2270764
1786995,7,Financial Sector,1786994
431638,20,External Debt,431636
2381024,10,Social Protection & Labor,2381023
3031691,4,Education,3031690
3031581,4,Education,3031580
2040198,13,Public Sector,2040197
2036898,13,Public Sector,2036897
363154,4,Education,363153
3078595,10,Social Protection & Labor,3078594
2778811,10,Social Protection & Labor,2778810
1758338,13,Public Sector,1758337
3031482,4,Education,3031481
2289006,10,Social Protection & Labor,2289005
2289707,10,Social Protection & Labor,2289706
254399,1,Agriculture & Rural Development,254398
77675,11,Poverty,77674
2040201,13,Public Sector,2040200
436977,19,Climate Change,436974
2955069,10,Social Protection & Labor,2955068
3066151,10,Social Protection & Labor,3066150
1095594,20,External Debt,1095593
3063375,17,Gender,3063373
55608,11,Poverty,55607
2498183,10,Social Protection & Labor,2498182
884590,20,External Debt,884589
688271,2,Aid Effectiveness,688270
1204810,20,External Debt,1204809
2280547,10,Social Protection & Labor,2280546
2242389,4,Education,2242388
2282170,10,Social Protection & Labor,2282169
3006201,10,Social Protection & Labor,3006200
3066728,10,Social Protection & Labor,3066727
1771375,7,Financial Sector,1771374
3082378,10,Social Protection & Labor,3082377
3062144,4,Education,3062143
2281544,10,Social Protection & Labor,2281543
2289012,10,Social Protection & Labor,2289011
3065350,10,Social Protection & Labor,3065349
834396,20,External Debt,834395
2962085,10,Social Protection & Labor,2962084
3086589,10,Social Protection & Labor,3086588
1992416,12,Private Sector,1992414
54469,11,Poverty,54468
2271052,3,Economy & Growth,2271051
2270284,6,Environment,2270282
2271140,3,Economy & Growth,2271139
1273723,16,Urban Development,1273722
3064675,10,Social Protection & Labor,3064674
2250961,4,Education,2250960
3065530,10,Social Protection & Labor,3065529
2270070,3,Economy & Growth,2270069
2265444,3,Economy & Growth,2265443
2489329,10,Social Protection & Labor,2489328
2984619,10,Social Protection & Labor,2984618
2769351,10,Social Protection & Labor,2769350
3086484,10,Social Protection & Labor,3086483
2770398,10,Social Protection & Labor,2770397
2858869,10,Social Protection & Labor,2858868
3084684,10,Social Protection & Labor,3084683
3062751,17,Gender,3062750
3065258,10,Social Protection & Labor,3065257
3079477,10,Social Protection & Labor,3079476
2035225,13,Public Sector,2035224
3063366,13,Public Sector,3063365
3081989,10,Social Protection & Labor,3081988
2690243,10,Social Protection & Labor,2690242
2290281,10,Social Protection & Labor,2290280
2678069,10,Social Protection & Labor,2678068
1045093,20,External Debt,1045092
3065626,10,Social Protection & Labor,3065625
2308828,10,Social Protection & Labor,2308827
2045825,16,Urban Development,2045824
2267039,3,Economy & Growth,2267038
3079497,10,Social Protection & Labor,3079496
3072886,10,Social Protection & Labor,3072885
3063555,13,Public Sector,3063554
1766742,13,Public Sector,1766741
2293216,10,Social Protection & Labor,2293215
2770571,10,Social Protection & Labor,2770570
783800,20,External Debt,783799
3063560,17,Gender,3063559
3082672,10,Social Protection & Labor,3082671
3072109,10,Social Protection & Labor,3072108
2297394,10,Social Protection & Labor,2297393
316092,4,Education,316091
3062844,17,Gender,3062843
3059569,4,Education,3059568
2270477,3,Economy & Growth,2270476
3073454,10,Social Protection & Labor,3073453
1045089,20,External Debt,1045088
2381017,10,Social Protection & Labor,2381016
1258234,6,Environment,1258232
2513676,10,Social Protection & Labor,2513675
2882119,10,Social Protection & Labor,2882118
344316,4,Education,344315
2367411,10,Social Protection & Labor,2367410
319608,4,Education,319607
315971,4,Education,315970
2770561,10,Social Protection & Labor,2770560
834338,20,External Debt,834337
1778437,7,Financial Sector,1778436
2043024,9,Infrastructure,2043023
3095264,17,Gender,3095262
3000729,10,Social Protection & Labor,3000728
1979073,12,Private Sector,1979072
1255012,19,Climate Change,1255011
3085983,10,Social Protection & Labor,3085982
2284634,10,Social Protection & Labor,2284633
1231545,6,Environment,1231543
2778799,10,Social Protection & Labor,2778798
3082010,10,Social Protection & Labor,3082009
2771505,10,Social Protection & Labor,2771504
2794669,10,Social Protection & Labor,2794668
2510089,10,Social Protection & Labor,2510088
3063371,17,Gender,3063370
1170666,20,External Debt,1170665
2882116,10,Social Protection & Labor,2882115
3077527,10,Social Protection & Labor,3077526
1782534,7,Financial Sector,1782533
3068737,10,Social Protection & Labor,3068736
2283584,10,Social Protection & Labor,2283583
2489350,10,Social Protection & Labor,2489349
3031470,4,Education,3031469
3078889,10,Social Protection & Labor,3078888
1279502,6,Environment,1279500
1131364,20,External Debt,1131363
2280444,10,Social Protection & Labor,2280443
1256805,6,Environment,1256803
1255004,19,Climate Change,1255002
3080826,10,Social Protection & Labor,3080825
2301322,10,Social Protection & Labor,2301321
1356355,7,Financial Sector,1356354
3061247,4,Education,3061246
839480,20,External Debt,839479
2704289,10,Social Protection & Labor,2704288
3080718,10,Social Protection & Labor,3080717
3055333,2,Aid Effectiveness,3055332
1766708,13,Public Sector,1766707
2250968,4,Education,2250967
3070321,10,Social Protection & Labor,3070320
2287284,10,Social Protection & Labor,2287283
3061154,4,Education,3061153
2263490,4,Education,2263489
2270474,6,Environment,2270472
317730,4,Education,317729
1035195,18,Millenium development goals,1035194
2281095,10,Social Protection & Labor,2281094
259048,1,Agriculture & Rural Development,259047
1761414,13,Public Sector,1761413
420357,3,Economy & Growth,420356
2262673,4,Education,2262672
3070324,10,Social Protection & Labor,3070323
2266937,3,Economy & Growth,2266936
3081334,10,Social Protection & Labor,3081333
2950989,10,Social Protection & Labor,2950988
3094009,4,Education,3094008
2734320,10,Social Protection & Labor,2734319
2340269,10,Social Protection & Labor,2340268
2282482,10,Social Protection & Labor,2282481
1147184,2,Aid Effectiveness,1147183
3073652,10,Social Protection & Labor,3073651
3078895,10,Social Protection & Labor,3078894
2033994,9,Infrastructure,2033993
3082580,10,Social Protection & Labor,3082579
3055896,17,Gender,3055894
1761362,13,Public Sector,1761361
2282021,10,Social Protection & Labor,2282020
2987517,10,Social Protection & Labor,2987516
3055891,4,Education,3055890
1263680,6,Environment,1263679
2287350,10,Social Protection & Labor,2287349
2734323,10,Social Protection & Labor,2734322
2282845,10,Social Protection & Labor,2282844
2880117,10,Social Protection & Labor,2880116
191076,3,Economy & Growth,191075
3061055,4,Education,3061054
3081530,10,Social Protection & Labor,3081529
3082779,10,Social Protection & Labor,3082778
3081012,10,Social Protection & Labor,3081011
2836616,10,Social Protection & Labor,2836615
2268276,3,Economy & Growth,2268275
3069733,10,Social Protection & Labor,3069732
2888971,10,Social Protection & Labor,2888970
254396,1,Agriculture & Rural Development,254395
3062759,17,Gender,3062758
2353720,10,Social Protection & Labor,2353719
3078797,10,Social Protection & Labor,3078796
2769780,10,Social Protection & Labor,2769779
2301234,10,Social Protection & Labor,2301233
2801767,10,Social Protection & Labor,2801766
3081527,10,Social Protection & Labor,3081526
193382,10,Social Protection & Labor,193381
1268294,6,Environment,1268293
844217,20,External Debt,844216
829314,20,External Debt,829313
255738,6,Environment,255735
2778359,10,Social Protection & Labor,2778358
3091315,13,Public Sector,3091314
1204758,20,External Debt,1204757
3082869,10,Social Protection & Labor,3082868
2270403,3,Economy & Growth,2270402
3070117,10,Social Protection & Labor,3070116
334806,4,Education,334805
70586,11,Poverty,70585
1289958,7,Financial Sector,1289957
3032933,4,Education,3032932
3078316,10,Social Protection & Labor,3078315
3077238,10,Social Protection & Labor,3077237
3056838,17,Gender,3056836
2779118,10,Social Protection & Labor,2779117
2283492,10,Social Protection & Labor,2283491
3081815,10,Social Protection & Labor,3081814
2290747,10,Social Protection & Labor,2290746
2282380,10,Social Protection & Labor,2282379
2643402,10,Social Protection & Labor,2643401
3091306,13,Public Sector,3091305
3076376,10,Social Protection & Labor,3076375
2876061,10,Social Protection & Labor,2876060
3082013,10,Social Protection & Labor,3082012
526611,7,Financial Sector,526610
54465,11,Poverty,54464
3069124,10,Social Protection & Labor,3069123
1256784,6,Environment,1256782
2705151,10,Social Protection & Labor,2705149
1266640,6,Environment,1266639
2389892,10,Social Protection & Labor,2389891
1942195,5,Energy & Mining,1942194
3095350,17,Gender,3095349
2262220,4,Education,2262219
1270855,6,Environment,1270853
2270278,3,Economy & Growth,2270277
68920,11,Poverty,68919
82525,10,Social Protection & Labor,82524
2485640,10,Social Protection & Labor,2485639
3082770,10,Social Protection & Labor,3082769
834341,20,External Debt,834340
3085887,10,Social Protection & Labor,3085886
2285205,10,Social Protection & Labor,2285204
2397369,10,Social Protection & Labor,2397368
3092769,4,Education,3092768
1279531,19,Climate Change,1279530
1776841,7,Financial Sector,1776840
2263671,12,Private Sector,2263670
1778418,7,Financial Sector,1778417
2284276,10,Social Protection & Labor,2284275
2283999,10,Social Protection & Labor,2283998
2697868,10,Social Protection & Labor,2697867
2267031,21,Trade,2267029
2283048,10,Social Protection & Labor,2283047
68940,11,Poverty,68939
1104133,20,External Debt,1104132
1118016,2,Aid Effectiveness,1118015
327789,4,Education,327788
2266656,3,Economy & Growth,2266655
2769357,10,Social Protection & Labor,2769356
2268194,3,Economy & Growth,2268193
3078800,10,Social Protection & Labor,3078799
2744186,10,Social Protection & Labor,2744185
3069344,10,Social Protection & Labor,3069343
3063136,17,Gender,3063135
2312156,10,Social Protection & Labor,2312155
2843013,10,Social Protection & Labor,2843012
361840,4,Education,361839
3061380,4,Education,3061379
3065834,10,Social Protection & Labor,3065833
3065933,10,Social Protection & Labor,3065932
2873164,10,Social Protection & Labor,2873163
2270849,3,Economy & Growth,2270848
310144,4,Education,310143
2526736,10,Social Protection & Labor,2526735
72063,11,Poverty,72062
3079840,10,Social Protection & Labor,3079839
3079092,10,Social Protection & Labor,3079091
3086593,10,Social Protection & Labor,3086592
3082681,10,Social Protection & Labor,3082680
3077833,10,Social Protection & Labor,3077832
1727250,7,Financial Sector,1727249
2761914,10,Social Protection & Labor,2761913
322753,4,Education,322751
3056621,4,Education,3056620
689657,2,Aid Effectiveness,689656
1986012,12,Private Sector,1986011
2283140,10,Social Protection & Labor,2283139
991042,20,External Debt,991041
2265937,3,Economy & Growth,2265936
414794,3,Economy & Growth,414793
1766745,13,Public Sector,1766744
3015640,10,Social Protection & Labor,3015639
2779007,10,Social Protection & Labor,2779006
2820854,10,Social Protection & Labor,2820853
2267802,1,Agriculture & Rural Development,2267801
691342,2,Aid Effectiveness,691341
3061953,17,Gender,3061951
686881,2,Aid Effectiveness,686880
2317000,10,Social Protection & Labor,2316999
844135,20,External Debt,844134
2888952,10,Social Protection & Labor,2888951
3077742,10,Social Protection & Labor,3077741
2769465,10,Social Protection & Labor,2769464
3069054,10,Social Protection & Labor,3069053
3085430,10,Social Protection & Labor,3085429
3064452,10,Social Protection & Labor,3064451
2289140,10,Social Protection & Labor,2289139
2336064,10,Social Protection & Labor,2336062
3092690,4,Education,3092689
1111818,20,External Debt,1111817
1144122,3,Economy & Growth,1144121
3064857,10,Social Protection & Labor,3064856
3056841,4,Education,3056840
1986954,12,Private Sector,1986953
2285299,10,Social Protection & Labor,2285298
3062066,4,Education,3062065
344309,4,Education,344308
2727470,10,Social Protection & Labor,2727469
3055877,4,Education,3055876
334829,4,Education,334828
335994,4,Education,335993
1776905,7,Financial Sector,1776904
3080721,10,Social Protection & Labor,3080720
3085410,10,Social Protection & Labor,3085409
854078,20,External Debt,854077
3065032,10,Social Protection & Labor,3065031
3032828,4,Education,3032827
3079287,10,Social Protection & Labor,3079286
3065638,10,Social Protection & Labor,3065637
2681563,10,Social Protection & Labor,2681561
2266755,3,Economy & Growth,2266754
3082492,10,Social Protection & Labor,3082491
2530416,10,Social Protection & Labor,2530415
3060220,17,Gender,3060218
2778002,10,Social Protection & Labor,2778001
2285134,10,Social Protection & Labor,2285133
1774191,7,Financial Sector,1774190
333509,4,Education,333508
1269343,6,Environment,1269342
2774217,10,Social Protection & Labor,2774216
3082883,10,Social Protection & Labor,3082882
2331004,10,Social Protection & Labor,2331003
3066507,10,Social Protection & Labor,3066506
2281473,10,Social Protection & Labor,2281472
339781,4,Education,339780
855565,20,External Debt,855564
3031032,13,Public Sector,3031031
785387,20,External Debt,785386
1121103,20,External Debt,1121102
1260980,19,Climate Change,1260979
55630,11,Poverty,55629
3076156,10,Social Protection & Labor,3076155
2505800,10,Social Protection & Labor,2505799
3063155,17,Gender,3063154
1710062,7,Financial Sector,1710061
3068653,10,Social Protection & Labor,3068652
351665,4,Education,351664
3072971,10,Social Protection & Labor,3072969
2285131,10,Social Protection & Labor,2285130
1727204,7,Financial Sector,1727203
1128107,20,External Debt,1128106
2489362,10,Social Protection & Labor,2489361
2266566,3,Economy & Growth,2266565
842620,20,External Debt,842619
3079936,10,Social Protection & Labor,3079935
2980868,10,Social Protection & Labor,2980867
2056043,9,Infrastructure,2056042
1984604,12,Private Sector,1984603
2830544,10,Social Protection & Labor,2830543
3061377,4,Education,3061376
3086300,10,Social Protection & Labor,3086299
2493643,10,Social Protection & Labor,2493642
1762677,13,Public Sector,1762676
3060960,17,Gender,3060959
3085894,10,Social Protection & Labor,3085893
785390,20,External Debt,785389
1273716,16,Urban Development,1273715
2787769,10,Social Protection & Labor,2787768
2271043,3,Economy & Growth,2271042
2285398,10,Social Protection & Labor,2285397
2280537,10,Social Protection & Labor,2280536
3079079,10,Social Protection & Labor,3079078
3032751,4,Education,3032750
1761325,13,Public Sector,1761324
3080623,10,Social Protection & Labor,3080622
2290269,10,Social Protection & Labor,2290268
2270766,6,Environment,2270764
2669759,10,Social Protection & Labor,2669758
3061262,4,Education,3061261
2498194,10,Social Protection & Labor,2498193
2697875,10,Social Protection & Labor,2697874
2033997,14,Science & Technology,2033996
1228489,6,Environment,1228488
1779610,7,Financial Sector,1779609
1234379,5,Energy & Mining,1234378
2262420,4,Education,2262419
1762593,13,Public Sector,1762592
3065039,10,Social Protection & Labor,3065038
3084862,10,Social Protection & Labor,3084861
3069322,10,Social Protection & Labor,3069321
3079574,10,Social Protection & Labor,3079573
2289136,10,Social Protection & Labor,2289135
3085789,10,Social Protection & Labor,3085788
3077354,10,Social Protection & Labor,3077353
1259434,6,Environment,1259432
2283879,10,Social Protection & Labor,2283878
2246721,4,Education,2246720
2538224,10,Social Protection & Labor,2538223
2820864,10,Social Protection & Labor,2820863
3084879,10,Social Protection & Labor,3084878
2705137,10,Social Protection & Labor,2705136
1229990,6,Environment,1229989
2287446,10,Social Protection & Labor,2287445
2769569,10,Social Protection & Labor,2769568
3063251,17,Gender,3063250
2681539,10,Social Protection & Labor,2681538
1775460,7,Financial Sector,1775459
2376677,10,Social Protection & Labor,2376676
2880128,10,Social Protection & Labor,2880127
2289689,10,Social Protection & Labor,2289688
2271413,3,Economy & Growth,2271412
2330991,10,Social Protection & Labor,2330990
2308843,10,Social Protection & Labor,2308842
2853071,10,Social Protection & Labor,2853070
3059463,4,Education,3059462
3095260,17,Gender,3095258
2284733,10,Social Protection & Labor,2284732
2280425,10,Social Protection & Labor,2280424
329833,4,Education,329832
3031578,4,Education,3031577
1234302,5,Energy & Mining,1234301
3077133,10,Social Protection & Labor,3077132
3085059,10,Social Protection & Labor,3085058
3064755,10,Social Protection & Labor,3064754
1764096,13,Public Sector,1764095
2885606,10,Social Protection & Labor,2885605
3063259,17,Gender,3063258
311575,4,Education,311574
3086386,10,Social Protection & Labor,3086385
849918,20,External Debt,849917
1207694,20,External Debt,1207693
2268446,3,Economy & Growth,2268445
689625,2,Aid Effectiveness,689624
85981,10,Social Protection & Labor,85980
2271516,3,Economy & Growth,2271515
307117,4,Education,307116
3086493,10,Social Protection & Labor,3086492
435547,21,Trade,435545
360313,4,Education,360312
2280749,10,Social Protection & Labor,2280748
2681536,10,Social Protection & Labor,2681535
2285306,10,Social Protection & Labor,2285305
2485557,10,Social Protection & Labor,2485556
3094097,4,Education,3094096
3082118,10,Social Protection & Labor,3082117
1147190,2,Aid Effectiveness,1147189
2393512,10,Social Protection & Labor,2393511
1121024,20,External Debt,1121023
3064672,10,Social Protection & Labor,3064671
2265943,3,Economy & Growth,2265942
1260971,6,Environment,1260969
1033674,20,External Debt,1033673
3072198,10,Social Protection & Labor,3072197
3064848,10,Social Protection & Labor,3064847
3077625,10,Social Protection & Labor,3077624
3032939,4,Education,3032938
838055,20,External Debt,838054
2270076,3,Economy & Growth,2270075
2666005,10,Social Protection & Labor,2666004
341037,4,Education,341036
526618,7,Financial Sector,526617
2270071,5,Energy & Mining,2270069
2289229,10,Social Protection & Labor,2289228
1104094,20,External Debt,1104093
3063539,17,Gender,3063537
2290545,10,Social Protection & Labor,2290544
1046567,20,External Debt,1046566
3068756,10,Social Protection & Labor,3068755
2266483,3,Economy & Growth,2266482
785382,20,External Debt,785381
1986975,12,Private Sector,1986974
3073451,10,Social Protection & Labor,3073450
2674319,10,Social Protection & Labor,2674318
783847,20,External Debt,783846
2653182,10,Social Protection & Labor,2653181
2270470,6,Environment,2270469
322807,4,Education,322806
2769238,10,Social Protection & Labor,2769237
3080534,10,Social Protection & Labor,3080533
315977,4,Education,315976
1269383,6,Environment,1269382
3060855,4,Education,3060854
3081223,10,Social Protection & Labor,3081222
2285584,10,Social Protection & Labor,2285583
1268279,6,Environment,1268278
3073853,10,Social Protection & Labor,3073852
2052972,9,Infrastructure,2052971
2885603,10,Social Protection & Labor,2885602
193362,3,Economy & Growth,193361
2270662,5,Energy & Mining,2270661
2263672,21,Trade,2263670
2778805,10,Social Protection & Labor,2778804
2958736,10,Social Protection & Labor,2958735
2283300,10,Social Protection & Labor,2283299
2282957,10,Social Protection & Labor,2282955
3078987,10,Social Protection & Labor,3078986
2750207,10,Social Protection & Labor,2750206
3063446,17,Gender,3063445
2265563,3,Economy & Growth,2265562
2485528,10,Social Protection & Labor,2485527
3078898,10,Social Protection & Labor,3078897
1711912,7,Financial Sector,1711911
948499,20,External Debt,948498
1116660,20,External Debt,1116659
2281915,10,Social Protection & Labor,2281914
2678087,10,Social Protection & Labor,2678086
3062161,4,Education,3062160
2266664,3,Economy & Growth,2266663
189744,10,Social Protection & Labor,189743
1272323,19,Climate Change,1272322
1272357,6,Environment,1272355
2783090,10,Social Protection & Labor,2783089
1265164,6,Environment,1265163
1957642,12,Private Sector,1957641
3079857,10,Social Protection & Labor,3079856
1204732,20,External Debt,1204731
3077055,10,Social Protection & Labor,3077054
2769339,10,Social Protection & Labor,2769338
2265946,3,Economy & Growth,2265945
3031682,4,Education,3031681
859828,20,External Debt,859827
2265460,3,Economy & Growth,2265459
3062248,4,Education,3062247
3082981,10,Social Protection & Labor,3082980
1266631,6,Environment,1266630
3080839,10,Social Protection & Labor,3080838
2290160,10,Social Protection & Labor,2290159
1776939,7,Financial Sector,1776938
3078306,10,Social Protection & Labor,3078305
2317135,10,Social Protection & Labor,2317134
1232981,5,Energy & Mining,1232980
259071,1,Agriculture & Rural Development,259070
3073671,10,Social Protection & Labor,3073670
2281175,10,Social Protection & Labor,2281174
1280640,19,Climate Change,1280639
2727467,10,Social Protection & Labor,2727466
1105338,7,Financial Sector,1105337
3080927,10,Social Protection & Labor,3080926
2290623,10,Social Protection & Labor,2290622
2955050,10,Social Protection & Labor,2955049
3055992,4,Education,3055991
3059464,17,Gender,3059462
3070299,10,Social Protection & Labor,3070298
2401106,10,Social Protection & Labor,2401105
440094,20,External Debt,440091
3034194,4,Education,3034193
1268282,6,Environment,1268281
3073772,10,Social Protection & Labor,3073771
3077340,10,Social Protection & Labor,3077339
509468,13,Public Sector,509467
3076552,10,Social Protection & Labor,3076551
3063045,17,Gender,3063044
2727464,10,Social Protection & Labor,2727463
3061454,17,Gender,3061452
2290631,10,Social Protection & Labor,2290630
3065163,10,Social Protection & Labor,3065162
3085256,10,Social Protection & Labor,3085255
1119751,2,Aid Effectiveness,1119750
2778700,10,Social Protection & Labor,2778699
1784036,7,Financial Sector,1784035
2405115,10,Social Protection & Labor,2405114
3065543,10,Social Protection & Labor,3065542
3062130,4,Education,3062129
2778690,10,Social Protection & Labor,2778689
2280890,10,Social Protection & Labor,2280889
3010143,10,Social Protection & Labor,3010142
2363103,10,Social Protection & Labor,2363102
2510018,10,Social Protection & Labor,2510017
3084763,10,Social Protection & Labor,3084762
3072298,10,Social Protection & Labor,3072297
440089,7,Financial Sector,440087
1779811,7,Financial Sector,1779810
1807176,13,Public Sector,1807175
3081317,10,Social Protection & Labor,3081316
1269468,6,Environment,1269467
2270083,6,Environment,2270080
2291497,10,Social Protection & Labor,2291496
188325,10,Social Protection & Labor,188324
1781188,7,Financial Sector,1781183
2269997,6,Environment,2269995
3075995,10,Social Protection & Labor,3075994
1201509,20,External Debt,1201508
3077440,10,Social Protection & Labor,3077439
1774110,7,Financial Sector,1774109
2282288,10,Social Protection & Labor,2282287
2284347,10,Social Protection & Labor,2284346
3076460,10,Social Protection & Labor,3076459
2268095,3,Economy & Growth,2268094
2044446,9,Infrastructure,2044445
3066904,10,Social Protection & Labor,3066903
2045813,9,Infrastructure,2045808
312852,4,Education,312851
156287,11,Poverty,156286
334809,4,Education,334808
2326308,10,Social Protection & Labor,2326307
2290565,10,Social Protection & Labor,2290564
355607,4,Education,355606
1106829,20,External Debt,1106828
3086481,10,Social Protection & Labor,3086480
2038522,13,Public Sector,2038521
1943535,12,Private Sector,1943534
2266581,3,Economy & Growth,2266580
2885600,10,Social Protection & Labor,2885599
3069730,10,Social Protection & Labor,3069729
3061042,4,Education,3061041
3073662,10,Social Protection & Labor,3073661
834399,20,External Debt,834398
2778217,10,Social Protection & Labor,2778216
3085414,10,Social Protection & Labor,3085413
2823713,10,Social Protection & Labor,2823712
2261156,4,Education,2261155
2498197,10,Social Protection & Labor,2498196
831217,20,External Debt,831216
3081909,10,Social Protection & Labor,3081908
2290555,10,Social Protection & Labor,2290554
2282282,10,Social Protection & Labor,2282281
3066624,10,Social Protection & Labor,3066623
2397363,10,Social Protection & Labor,2397362
2784435,10,Social Protection & Labor,2784434
3076955,10,Social Protection & Labor,3076954
2281183,10,Social Protection & Labor,2281182
2283800,10,Social Protection & Labor,2283799
852743,20,External Debt,852742
3072623,10,Social Protection & Labor,3072622
353018,4,Education,353017
1290020,7,Financial Sector,1290019
1358142,3,Economy & Growth,1358141
2281833,10,Social Protection & Labor,2281832
2704292,10,Social Protection & Labor,2704291
3092209,13,Public Sector,3092208
3080917,10,Social Protection & Labor,3080916
2769363,10,Social Protection & Labor,2769362
2038498,13,Public Sector,2038497
351616,4,Education,351615
2045766,9,Infrastructure,2045765
2267812,3,Economy & Growth,2267811
2284067,10,Social Protection & Labor,2284066
2290457,10,Social Protection & Labor,2290456
3085528,10,Social Protection & Labor,3085527
2259475,4,Education,2259474
2289798,10,Social Protection & Labor,2289797
303844,4,Education,303843
2888965,10,Social Protection & Labor,2888964
3063032,17,Gender,3063031
2367493,10,Social Protection & Labor,2367492
2770575,10,Social Protection & Labor,2770574
1259438,6,Environment,1259436
1114779,20,External Debt,1114778
54930,11,Poverty,54929
2997949,10,Social Protection & Labor,2997948
54959,11,Poverty,54958
1984635,13,Public Sector,1984633
1268276,6,Environment,1268275
1235779,5,Energy & Mining,1235777
2289009,10,Social Protection & Labor,2289008
3066220,10,Social Protection & Labor,3066219
3073567,10,Social Protection & Labor,3073566
3062554,4,Education,3062553
2281289,10,Social Protection & Labor,2281288
2843017,10,Social Protection & Labor,2843016
3079657,10,Social Protection & Labor,3079656
1759888,13,Public Sector,1759887
1761365,13,Public Sector,1761364
2769446,10,Social Protection & Labor,2769445
3062140,4,Education,3062138
3080711,10,Social Protection & Labor,3080710
3013660,10,Social Protection & Labor,3013659
3078769,10,Social Protection & Labor,3078768
2848946,10,Social Protection & Labor,2848945
1269337,6,Environment,1269336
355627,4,Education,355626
2750195,10,Social Protection & Labor,2750194
3061961,17,Gender,3061959
1934383,12,Private Sector,1934381
1235832,5,Energy & Mining,1235831
1234304,6,Environment,1234301
2284627,10,Social Protection & Labor,2284626
3085971,10,Social Protection & Labor,3085970
2289969,10,Social Protection & Labor,2289968
2269984,3,Economy & Growth,2269983
1965475,5,Energy & Mining,1965474
75212,11,Poverty,75211
3056630,4,Education,3056629
852611,20,External Debt,852610
310171,4,Education,310170
2284944,10,Social Protection & Labor,2284943
1356329,20,External Debt,1356326
1269421,6,Environment,1269420
3086195,10,Social Protection & Labor,3086194
3081122,10,Social Protection & Labor,3081121
855587,20,External Debt,855586
2546778,10,Social Protection & Labor,2546777
3061938,4,Education,3061937
2269985,6,Environment,2269983
1118103,2,Aid Effectiveness,1118102
2265721,3,Economy & Growth,2265720
3082364,10,Social Protection & Labor,3082363
3068834,10,Social Protection & Labor,3068833
1979150,12,Private Sector,1979149
3073749,10,Social Protection & Labor,3073748
3069547,10,Social Protection & Labor,3069546
2551411,10,Social Protection & Labor,2551410
2326231,10,Social Protection & Labor,2326230
2807893,10,Social Protection & Labor,2807892
3062926,17,Gender,3062925
858611,20,External Debt,858610
1102819,20,External Debt,1102818
3082583,10,Social Protection & Labor,3082582
2349656,10,Social Protection & Labor,2349655
186838,3,Economy & Growth,186837
3063563,17,Gender,3063562
1233051,19,Climate Change,1233049
689649,2,Aid Effectiveness,689648
3082573,10,Social Protection & Labor,3082572
3061059,4,Education,3061058
1231576,6,Environment,1231573
303864,4,Education,303863
845764,20,External Debt,845763
418907,3,Economy & Growth,418906
2968292,10,Social Protection & Labor,2968291
2321119,10,Social Protection & Labor,2321118
3095272,4,Education,3095271
2290358,10,Social Protection & Labor,2290357
2283310,10,Social Protection & Labor,2283309
2393436,10,Social Protection & Labor,2393435
2820874,10,Social Protection & Labor,2820873
3063265,17,Gender,3063264
1109515,20,External Debt,1109514
338407,4,Education,338406
3072794,10,Social Protection & Labor,3072793
3061545,4,Education,3061544
2768437,10,Social Protection & Labor,2768436
2265748,3,Economy & Growth,2265747
2665949,10,Social Protection & Labor,2665948
2290086,10,Social Protection & Labor,2290085
1089985,20,External Debt,1089984
2769556,10,Social Protection & Labor,2769555
2263665,21,Trade,2263663
854074,20,External Debt,854073
251960,1,Agriculture & Rural Development,251959
2823716,10,Social Protection & Labor,2823715
2270679,3,Economy & Growth,2270678
1253502,6,Environment,1253500
2306004,10,Social Protection & Labor,2306003
2281743,10,Social Protection & Labor,2281742
2984548,10,Social Protection & Labor,2984547
2270066,6,Environment,2270064
3061175,4,Education,3061174
3064678,10,Social Protection & Labor,3064677
2885684,10,Social Protection & Labor,2885683
3065243,10,Social Protection & Labor,3065242
2281007,10,Social Protection & Labor,2281006
3080835,10,Social Protection & Labor,3080834
3066907,10,Social Protection & Labor,3066906
2284431,10,Social Protection & Labor,2284430
255726,1,Agriculture & Rural Development,255725
1035192,18,Millenium development goals,1035191
303857,4,Education,303856
2290552,10,Social Protection & Labor,2290551
2861470,10,Social Protection & Labor,2861469
2811132,10,Social Protection & Labor,2811131
3072326,10,Social Protection & Labor,3072325
3077415,10,Social Protection & Labor,3077414
2284624,10,Social Protection & Labor,2284623
2289590,10,Social Protection & Labor,2289589
3062131,4,Education,3062129
2804878,10,Social Protection & Labor,2804877
3082098,10,Social Protection & Labor,3082097
2281824,10,Social Protection & Labor,2281823
344306,4,Education,344305
2363007,10,Social Protection & Labor,2363006
1046564,20,External Debt,1046563
3078090,10,Social Protection & Labor,3078089
1977689,12,Private Sector,1977688
3078017,10,Social Protection & Labor,3078016
3076359,10,Social Protection & Labor,3076358
526589,7,Financial Sector,526588
1234420,5,Energy & Mining,1234419
2778900,10,Social Protection & Labor,2778899
3061969,4,Education,3061968
2284620,10,Social Protection & Labor,2284619
2270473,5,Energy & Mining,2270472
2958732,10,Social Protection & Labor,2958731
2285226,10,Social Protection & Labor,2285225
3094006,4,Education,3094005
2270095,6,Environment,2270093
1203320,20,External Debt,1203319
191067,10,Social Protection & Labor,191065
2282950,10,Social Protection & Labor,2282949
2282015,10,Social Protection & Labor,2282014
3072105,10,Social Protection & Labor,3072104
3070026,10,Social Protection & Labor,3070025
1114754,20,External Debt,1114753
3092598,4,Education,3092597
321134,4,Education,321133
2648122,10,Social Protection & Labor,2648121
3061748,4,Education,3061747
3031029,13,Public Sector,3031028
2312150,10,Social Protection & Labor,2312149
3010152,10,Social Protection & Labor,3010151
1139320,3,Economy & Growth,1139319
3079667,10,Social Protection & Labor,3079666
2778112,10,Social Protection & Labor,2778111
689622,2,Aid Effectiveness,689621
3076862,10,Social Protection & Labor,3076861
3060309,4,Education,3060308
3080136,10,Social Protection & Labor,3080135
2779115,10,Social Protection & Labor,2779114
3056622,17,Gender,3056620
3061150,4,Education,3061149
689654,2,Aid Effectiveness,689653
1200046,20,External Debt,1200045
2289692,10,Social Protection & Labor,2289691
3070202,10,Social Protection & Labor,3070201
2846838,10,Social Protection & Labor,2846837
2290651,10,Social Protection & Labor,2290650
693434,18,Millenium development goals,693433
2783082,10,Social Protection & Labor,2783081
3092681,4,Education,3092680
1713347,7,Financial Sector,1713346
2285219,10,Social Protection & Labor,2285218
2282832,10,Social Protection & Labor,2282831
3084783,10,Social Protection & Labor,3084782
3063237,17,Gender,3063236
3070038,10,Social Protection & Labor,3070037
189727,10,Social Protection & Labor,189726
2372093,10,Social Protection & Labor,2372092
2290957,10,Social Protection & Labor,2290956
2298340,10,Social Protection & Labor,2298339
436981,7,Financial Sector,436979
3068851,10,Social Protection & Labor,3068850
3077821,10,Social Protection & Labor,3077820
68976,11,Poverty,68975
3075681,10,Social Protection & Labor,3075680
3066200,10,Social Protection & Labor,3066199
2770583,10,Social Protection & Labor,2770582
3030113,13,Public Sector,3030112
3055982,4,Education,3055981
3065450,10,Social Protection & Labor,3065449
827699,20,External Debt,827698
783842,20,External Debt,783841
3066705,10,Social Protection & Labor,3066704
2526726,10,Social Protection & Labor,2526725
3069826,10,Social Protection & Labor,3069825
2267741,3,Economy & Growth,2267740
3064761,10,Social Protection & Labor,3064760
2262670,4,Education,2262669
2501814,10,Social Protection & Labor,2501813
77626,11,Poverty,77625
2297367,10,Social Protection & Labor,2297366
2283770,10,Social Protection & Labor,2283769
2551402,10,Social Protection & Labor,2551401
56838,11,Poverty,56837
1119763,2,Aid Effectiveness,1119762
2285594,10,Social Protection & Labor,2285593
1973675,12,Private Sector,1973674
2312162,10,Social Protection & Labor,2312161
2769244,10,Social Protection & Labor,2769243
2280910,10,Social Protection & Labor,2280909
849883,20,External Debt,849882
418914,3,Economy & Growth,418913
2397357,10,Social Protection & Labor,2397356
3068950,10,Social Protection & Labor,3068949
1219630,1,Agriculture & Rural Development,1219629
2344684,10,Social Protection & Labor,2344683
2262937,4,Education,2262936
2285395,10,Social Protection & Labor,2285394
2811135,10,Social Protection & Labor,2811134
2501835,10,Social Protection & Labor,2501834
834312,20,External Debt,834311
1258270,1,Agriculture & Rural Development,1258269
2056060,9,Infrastructure,2056059
3032837,4,Education,3032836
416185,3,Economy & Growth,416184
2263756,12,Private Sector,2263755
85975,10,Social Protection & Labor,85974
2538368,10,Social Protection & Labor,2538367
2984703,10,Social Protection & Labor,2984702
3073571,10,Social Protection & Labor,3073570
2045795,16,Urban Development,2045793
186874,3,Economy & Growth,186873
3092776,4,Education,3092775
2285016,10,Social Protection & Labor,2285015
2669782,10,Social Protection & Labor,2669781
851346,20,External Debt,851345
2262948,4,Education,2262947
3064947,10,Social Protection & Labor,3064946
1762720,13,Public Sector,1762719
3084789,10,Social Protection & Labor,3084788
1200070,20,External Debt,1200069
2885609,10,Social Protection & Labor,2885608
2498107,10,Social Protection & Labor,2498106
2836604,10,Social Protection & Labor,2836603
2955072,10,Social Protection & Labor,2955071
3075897,10,Social Protection & Labor,3075896
355624,4,Education,355623
2513673,10,Social Protection & Labor,2513672
2817594,10,Social Protection & Labor,2817593
2814438,10,Social Protection & Labor,2814437
3070131,10,Social Protection & Labor,3070130
2283590,10,Social Protection & Labor,2283589
2480623,10,Social Protection & Labor,2480622
2817443,10,Social Protection & Labor,2817442
417606,21,Trade,417604
2674328,10,Social Protection & Labor,2674327
3080832,10,Social Protection & Labor,3080831
3065061,10,Social Protection & Labor,3065060
2285487,10,Social Protection & Labor,2285486
3082879,10,Social Protection & Labor,3082878
3084681,10,Social Protection & Labor,3084680
311605,4,Education,311604
2268563,3,Economy & Growth,2268562
2389794,10,Social Protection & Labor,2389793
3015649,10,Social Protection & Labor,3015648
1092962,20,External Debt,1092961
3092592,4,Education,3092591
3068759,10,Social Protection & Labor,3068758
3092588,4,Education,3092587
829406,20,External Debt,829405
3079762,10,Social Protection & Labor,3079761
2513864,10,Social Protection & Labor,2513863
416215,21,Trade,416213
2358221,10,Social Protection & Labor,2358220
3064359,10,Social Protection & Labor,3064358
3055998,4,Education,3055997
3086290,10,Social Protection & Labor,3086289
3065837,10,Social Protection & Labor,3065836
2846841,10,Social Protection & Labor,2846840
3082102,10,Social Protection & Labor,3082101
1945191,21,Trade,1945189
3072410,10,Social Protection & Labor,3072409
2776975,10,Social Protection & Labor,2776974
1728834,7,Financial Sector,1728833
2371992,10,Social Protection & Labor,2371991
2367496,10,Social Protection & Labor,2367495
2505882,10,Social Protection & Labor,2505881
2778095,10,Social Protection & Labor,2778094
3080930,10,Social Protection & Labor,3080929
999429,20,External Debt,999428
1925846,19,Climate Change,1925845
2054506,9,Infrastructure,2054505
68953,11,Poverty,68952
3061960,4,Education,3061959
2289072,10,Social Protection & Labor,2289071
2291613,10,Social Protection & Labor,2291612
3093927,4,Education,3093926
1170663,20,External Debt,1170662
3064462,10,Social Protection & Labor,3064461
319618,4,Education,319617
829322,20,External Debt,829321
2853085,10,Social Protection & Labor,2853084
3062557,4,Education,3062556
3073778,10,Social Protection & Labor,3073777
1116632,20,External Debt,1116631
1782531,7,Financial Sector,1782530
1109480,20,External Debt,1109479
1061709,20,External Debt,1061708
2526756,10,Social Protection & Labor,2526755
2554991,10,Social Protection & Labor,2554990
3073371,10,Social Protection & Labor,3073370
3061652,17,Gender,3061650
968302,20,External Debt,968300
2241371,4,Education,2241370
3080444,10,Social Protection & Labor,3080443
2312144,10,Social Protection & Labor,2312143
3065148,10,Social Protection & Labor,3065147
2762000,10,Social Protection & Labor,2761999
2265642,3,Economy & Growth,2265641
3078993,10,Social Protection & Labor,3078992
433481,3,Economy & Growth,433480
2746771,10,Social Protection & Labor,2746770
3062351,4,Education,3062350
87343,10,Social Protection & Labor,87342
994757,20,External Debt,994756
3076764,10,Social Protection & Labor,3076763
3055881,4,Education,3055880
1231566,1,Agriculture & Rural Development,1231565
3030206,7,Financial Sector,3030205
1974886,12,Private Sector,1974885
2686080,10,Social Protection & Labor,2686079
831227,20,External Debt,831226
3065844,10,Social Protection & Labor,3065843
185656,10,Social Protection & Labor,185655
2290635,10,Social Protection & Labor,2290634
186922,10,Social Protection & Labor,186921
3031590,4,Education,3031589
2861457,10,Social Protection & Labor,2861456
2811125,10,Social Protection & Labor,2811124
3080920,10,Social Protection & Labor,3080919
339600,4,Education,339599
1713336,7,Financial Sector,1713335
2281922,10,Social Protection & Labor,2281921
311553,4,Education,311552
1111806,20,External Debt,1111805
2261873,4,Education,2261872
1265156,6,Environment,1265155
2045893,9,Infrastructure,2045892
1356328,7,Financial Sector,1356326
2724325,10,Social Protection & Labor,2724324
2259463,4,Education,2259462
883186,3,Economy & Growth,883185
3066828,10,Social Protection & Labor,3066827
2284919,10,Social Protection & Labor,2284918
421915,3,Economy & Growth,421914
3092219,13,Public Sector,3092218
436980,3,Economy & Growth,436979
1259433,19,Climate Change,1259432
1272362,6,Environment,1272359
3062838,17,Gender,3062837
2266926,21,Trade,2266924
847232,20,External Debt,847231
1758348,13,Public Sector,1758347
3078101,10,Social Protection & Labor,3078100
2271132,3,Economy & Growth,2271131
260922,1,Agriculture & Rural Development,260921
2769783,10,Social Protection & Labor,2769782
2288991,10,Social Protection & Labor,2288990
2780387,10,Social Protection & Labor,2780386
2783093,10,Social Protection & Labor,2783092
2271040,3,Economy & Growth,2271039
2265645,3,Economy & Growth,2265644
2297378,10,Social Protection & Labor,2297377
2551325,10,Social Protection & Labor,2551324
305456,4,Education,305455
2268012,3,Economy & Growth,2268011
2272304,3,Economy & Growth,2272303
2804790,10,Social Protection & Labor,2804789
1993534,12,Private Sector,1993532
3077922,10,Social Protection & Labor,3077921
2270109,6,Environment,2270107
3062473,4,Education,3062472
255714,1,Agriculture & Rural Development,255713
2964148,10,Social Protection & Labor,2964147
2493746,10,Social Protection & Labor,2493745
3085259,10,Social Protection & Labor,3085258
3084971,10,Social Protection & Labor,3084970
3062469,4,Education,3062468
2353713,10,Social Protection & Labor,2353712
3078978,10,Social Protection & Labor,3078977
3061947,17,Gender,3061945
2270556,3,Economy & Growth,2270555
1265167,6,Environment,1265166
2282571,10,Social Protection & Labor,2282570
1255071,6,Environment,1255069
1771399,7,Financial Sector,1771398
1766739,13,Public Sector,1766738
2697889,10,Social Protection & Labor,2697888
3078214,10,Social Protection & Labor,3078213
3077251,10,Social Protection & Labor,3077250
3061956,4,Education,3061955
2725534,10,Social Protection & Labor,2725533
2285013,10,Social Protection & Labor,2285012
1235786,5,Energy & Mining,1235785
3081217,10,Social Protection & Labor,3081216
3078791,10,Social Protection & Labor,3078790
329863,4,Education,329862
84119,10,Social Protection & Labor,84118
2263385,4,Education,2263384
1203357,20,External Debt,1203356
1263634,6,Environment,1263633
2787924,10,Social Protection & Labor,2787923
3062254,4,Education,3062253
2769462,10,Social Protection & Labor,2769461
688241,2,Aid Effectiveness,688240
3076445,10,Social Protection & Labor,3076444
360304,4,Education,360303
3081226,10,Social Protection & Labor,3081225
859801,20,External Debt,859800
3092856,4,Education,3092855
3032849,4,Education,3032848
2677930,10,Social Protection & Labor,2677929
2661834,10,Social Protection & Labor,2661833
1974876,12,Private Sector,1974875
3085515,10,Social Protection & Labor,3085514
1253478,6,Environment,1253476
2861467,10,Social Protection & Labor,2861466
3086399,10,Social Protection & Labor,3086398
2289337,10,Social Protection & Labor,2289336
311571,4,Education,311570
2290260,10,Social Protection & Labor,2290259
1927462,12,Private Sector,1927461
1033683,20,External Debt,1033682
3076063,10,Social Protection & Labor,3076062
994739,20,External Debt,994738
2271247,3,Economy & Growth,2271246
1114774,20,External Debt,1114773
300806,4,Education,300805
188337,10,Social Protection & Labor,188336
1215350,20,External Debt,1215349
1035183,20,External Debt,1035182
3066413,10,Social Protection & Labor,3066412
2861444,10,Social Protection & Labor,2861443
3065629,10,Social Protection & Labor,3065628
2282652,10,Social Protection & Labor,2282651
417573,14,Science & Technology,417571
3066495,10,Social Protection & Labor,3066494
3066608,10,Social Protection & Labor,3066607
2846821,10,Social Protection & Labor,2846820
3085343,10,Social Protection & Labor,3085342
3078782,10,Social Protection & Labor,3078781
1168810,20,External Debt,1168808
1005890,20,External Debt,1005889
1935686,13,Public Sector,1935683
1210751,20,External Debt,1210750
3066722,10,Social Protection & Labor,3066721
1786992,7,Financial Sector,1786991
3079677,10,Social Protection & Labor,3079676
82543,10,Social Protection & Labor,82542
1231598,19,Climate Change,1231596
3064569,10,Social Protection & Labor,3064568
1358118,7,Financial Sector,1358117
2303198,10,Social Protection & Labor,2303197
2363113,10,Social Protection & Labor,2363112
1977707,12,Private Sector,1977706
3095265,15,Social Development,3095262
2881971,10,Social Protection & Labor,2881970
2232958,4,Education,2232957
3062748,17,Gender,3062747
2285597,10,Social Protection & Labor,2285596
3095259,4,Education,3095258
3006204,10,Social Protection & Labor,3006203
1260981,6,Environment,1260979
70573,11,Poverty,70572
2268098,3,Economy & Growth,2268097
3010167,10,Social Protection & Labor,3010166
1761284,21,Trade,1761282
3076075,10,Social Protection & Labor,3076074
2705147,10,Social Protection & Labor,2705146
3065943,10,Social Protection & Labor,3065942
2289509,10,Social Protection & Labor,2289508
3079837,10,Social Protection & Labor,3079836
254389,19,Climate Change,254387
845787,20,External Debt,845786
1943422,12,Private Sector,1943421
56844,11,Poverty,56843
2265658,3,Economy & Growth,2265657
3095351,4,Education,3095349
2271145,3,Economy & Growth,2271144
3086198,10,Social Protection & Labor,3086197
1266637,6,Environment,1266636
2281806,10,Social Protection & Labor,2281805
2284428,10,Social Protection & Labor,2284427
68979,11,Poverty,68978
1009188,20,External Debt,1009187
847270,20,External Debt,847269
321068,4,Education,321067
3070305,10,Social Protection & Labor,3070304
2269988,3,Economy & Growth,2269987
2285296,10,Social Protection & Labor,2285295
836063,20,External Debt,836062
2830531,10,Social Protection & Labor,2830530
831242,20,External Debt,831241
1784039,7,Financial Sector,1784038
2263751,21,Trade,2263749
3082088,10,Social Protection & Labor,3082087
1265181,6,Environment,1265180
2958755,10,Social Protection & Labor,2958754
2861451,10,Social Protection & Labor,2861450
2282940,10,Social Protection & Labor,2282939
3075803,10,Social Protection & Labor,3075802
1126524,20,External Debt,1126523
1033680,20,External Debt,1033679
3080053,10,Social Protection & Labor,3080052
3062476,4,Education,3062475
3070226,10,Social Protection & Labor,3070225
2280431,10,Social Protection & Labor,2280430
2401103,10,Social Protection & Labor,2401102
2326385,10,Social Protection & Labor,2326384
2282193,10,Social Protection & Labor,2282192
3081032,10,Social Protection & Labor,3081031
3034205,17,Gender,3034204
3072520,10,Social Protection & Labor,3072519
833149,20,External Debt,833148
3082105,10,Social Protection & Labor,3082104
2980874,10,Social Protection & Labor,2980873
2285405,10,Social Protection & Labor,2285404
1992398,9,Infrastructure,1992397
1128166,20,External Debt,1128165
3063547,17,Gender,3063545
3061554,4,Education,3061553
3078776,10,Social Protection & Labor,3078775
1206373,20,External Debt,1206372
2268558,3,Economy & Growth,2268557
2771481,10,Social Protection & Labor,2771480
1168809,3,Economy & Growth,1168808
2955046,10,Social Protection & Labor,2955045
355633,4,Education,355632
2265745,3,Economy & Growth,2265744
3061445,4,Education,3061444
436880,21,Trade,436878
2820881,10,Social Protection & Labor,2820879
1206378,20,External Debt,1206377
2282826,10,Social Protection & Labor,2282825
2297404,10,Social Protection & Labor,2297403
3079377,10,Social Protection & Labor,3079376
2284542,10,Social Protection & Labor,2284541
2282088,10,Social Protection & Labor,2282087
2289613,10,Social Protection & Labor,2289612
1272316,1,Agriculture & Rural Development,1272315
2033936,14,Science & Technology,2033935
1778421,7,Financial Sector,1778420
3058647,4,Education,3058646
3065428,10,Social Protection & Labor,3065427
416192,21,Trade,416189
1273746,16,Urban Development,1273744
2753813,10,Social Protection & Labor,2753812
2271233,3,Economy & Growth,2271232
1111821,20,External Debt,1111820
77608,11,Poverty,77607
2265735,3,Economy & Growth,2265734
1108198,20,External Debt,1108197
1987032,12,Private Sector,1987031
2738077,10,Social Protection & Labor,2738076
2271027,3,Economy & Growth,2271026
3066711,10,Social Protection & Labor,3066710
2297391,10,Social Protection & Labor,2297390
2840148,10,Social Protection & Labor,2840147
2980883,10,Social Protection & Labor,2980882
1762723,13,Public Sector,1762722
3079939,10,Social Protection & Labor,3079938
2280643,10,Social Protection & Labor,2280642
2289048,10,Social Protection & Labor,2289047
2261164,4,Education,2261163
3031026,13,Public Sector,3031025
3056431,17,Gender,3056429
2384579,10,Social Protection & Labor,2384578
844132,20,External Debt,844131
2336077,10,Social Protection & Labor,2336076
1095591,20,External Debt,1095590
3069415,10,Social Protection & Labor,3069414
2769546,10,Social Protection & Labor,2769545
3069333,10,Social Protection & Labor,3069332
357171,4,Education,357170
1106890,2,Aid Effectiveness,1106889
2725525,10,Social Protection & Labor,2725524
57780,11,Poverty,57779
2555000,10,Social Protection & Labor,2554999
3060862,4,Education,3060861
3073675,10,Social Protection & Labor,3073674
3056346,4,Education,3056345
991004,20,External Debt,991003
2282096,10,Social Protection & Labor,2282095
3062031,4,Education,3062030
2397351,10,Social Protection & Labor,2397350
3056426,17,Gender,3056424
3076756,10,Social Protection & Labor,3076755
2290741,10,Social Protection & Labor,2290740
3079741,10,Social Protection & Labor,3079740
3079397,10,Social Protection & Labor,3079396
417597,3,Economy & Growth,417596
54902,11,Poverty,54901
1282021,6,Environment,1282019
339644,4,Education,339643
3061354,4,Education,3061353
354274,4,Education,354273
2284442,10,Social Protection & Labor,2284441
3066611,10,Social Protection & Labor,3066610
851315,20,External Debt,851314
2287347,10,Social Protection & Labor,2287346
56850,11,Poverty,56849
993420,20,External Debt,993419
2363109,10,Social Protection & Labor,2363108
2741489,10,Social Protection & Labor,2741488
3056349,4,Education,3056348
3072798,10,Social Protection & Labor,3072797
2265551,3,Economy & Growth,2265550
2770408,10,Social Protection & Labor,2770407
1943541,21,Trade,1943539
440099,7,Financial Sector,440097
2686083,10,Social Protection & Labor,2686082
3063254,13,Public Sector,3063253
3031596,4,Education,3031595
3079850,10,Social Protection & Labor,3079849
1253501,19,Climate Change,1253500
312804,4,Education,312803
2287278,10,Social Protection & Labor,2287277
526585,7,Financial Sector,526584
3086497,10,Social Protection & Labor,3086496
2284004,10,Social Protection & Labor,2284003
316115,4,Education,316114
3030120,13,Public Sector,3030119
2661934,10,Social Protection & Labor,2661933
856779,20,External Debt,856778
1945195,21,Trade,1945193
2264929,13,Public Sector,2264928
3065936,10,Social Protection & Labor,3065935
2270383,7,Financial Sector,2270382
2638712,10,Social Protection & Labor,2638711
2270400,3,Economy & Growth,2270399
2779020,10,Social Protection & Labor,2779019
2301318,10,Social Protection & Labor,2301317
2270846,3,Economy & Growth,2270845
2397345,10,Social Protection & Labor,2397344
3081617,10,Social Protection & Labor,3081616
2297370,10,Social Protection & Labor,2297369
1255005,6,Environment,1255002
3072115,10,Social Protection & Labor,3072114
3061158,4,Education,3061157
2778214,10,Social Protection & Labor,2778213
2289786,10,Social Protection & Labor,2289785
1785435,7,Financial Sector,1785434
2705154,10,Social Protection & Labor,2705153
1776942,7,Financial Sector,1776941
3075589,10,Social Protection & Labor,3075588
831239,20,External Debt,831238
2778115,10,Social Protection & Labor,2778114
3076373,10,Social Protection & Labor,3076372
3070229,10,Social Protection & Labor,3070228
836060,20,External Debt,836059
2289586,10,Social Protection & Labor,2289585
193388,10,Social Protection & Labor,193387
1759879,3,Economy & Growth,1759878
2266956,3,Economy & Growth,2266955
3056819,4,Education,3056818
2268544,3,Economy & Growth,2268543
3066819,10,Social Protection & Labor,3066818
2288997,10,Social Protection & Labor,2288996
3081324,10,Social Protection & Labor,3081323
3063048,17,Gender,3063047
3066300,10,Social Protection & Labor,3066299
1018394,3,Economy & Growth,1018393
2766051,10,Social Protection & Labor,2766050
2759800,10,Social Protection & Labor,2759799
2840142,10,Social Protection & Labor,2840141
2289065,10,Social Protection & Labor,2289064
251996,1,Agriculture & Rural Development,251995
2263473,4,Education,2263472
1089960,20,External Debt,1089959
2271598,3,Economy & Growth,2271597
2836595,10,Social Protection & Labor,2836594
3065953,10,Social Protection & Labor,3065952
2033890,9,Infrastructure,2033889
2312147,10,Social Protection & Labor,2312146
255720,1,Agriculture & Rural Development,255719
344333,4,Education,344332
3078512,10,Social Protection & Labor,3078511
3062546,4,Education,3062545
1762680,13,Public Sector,1762679
2282469,10,Social Protection & Labor,2282468
3077536,10,Social Protection & Labor,3077535
3063651,17,Gender,3063649
2643468,10,Social Protection & Labor,2643467
3086293,10,Social Protection & Labor,3086292
2249711,4,Education,2249710
3075800,10,Social Protection & Labor,3075799
3061648,4,Education,3061647
2270089,6,Environment,2270086
2778381,10,Social Protection & Labor,2778380
1114762,20,External Debt,1114761
3059487,17,Gender,3059485
1279472,6,Environment,1279469
2282003,10,Social Protection & Labor,2282002
3077641,10,Social Protection & Labor,3077640
2283115,10,Social Protection & Labor,2283114
2261234,4,Education,2261233
3085158,10,Social Protection & Labor,3085157
2036857,13,Public Sector,2036856
260930,1,Agriculture & Rural Development,260929
1759905,13,Public Sector,1759904
2974798,10,Social Protection & Labor,2974797
360422,4,Education,360421
2807961,10,Social Protection & Labor,2807960
2704282,10,Social Protection & Labor,2704281
2778211,10,Social Protection & Labor,2778210
152706,3,Economy & Growth,152705
1035198,18,Millenium development goals,1035197
2281897,10,Social Protection & Labor,2281896
1105307,20,External Debt,1105306
307142,4,Education,307141
3063363,17,Gender,3063362
417637,7,Financial Sector,417635
2250939,4,Education,2250938
2681533,10,Social Protection & Labor,2681532
122085,3,Economy & Growth,122084
344319,4,Education,344318
3031467,4,Education,3031466
1148326,20,External Debt,1148325
1102813,20,External Debt,1102812
2281470,10,Social Protection & Labor,2281469
2856179,10,Social Protection & Labor,2856178
3078892,10,Social Protection & Labor,3078891
2036895,13,Public Sector,2036894
3072710,10,Social Protection & Labor,3072709
2779010,10,Social Protection & Labor,2779009
2289789,10,Social Protection & Labor,2289788
3056425,4,Education,3056424
80814,11,Poverty,80813
3080630,10,Social Protection & Labor,3080629
3056808,4,Education,3056807
3078521,10,Social Protection & Labor,3078520
2283995,10,Social Protection & Labor,2283994
2731263,10,Social Protection & Labor,2731262
186878,10,Social Protection & Labor,186877
3061172,4,Education,3061171
1945213,5,Energy & Mining,1945212
3072318,10,Social Protection & Labor,3072317
2268102,3,Economy & Growth,2268101
331440,4,Education,331439
1279532,9,Infrastructure,1279530
1148410,20,External Debt,1148409
3086094,10,Social Protection & Labor,3086093
3063353,17,Gender,3063352
3093939,4,Education,3093938
3077638,10,Social Protection & Labor,3077637
3069722,10,Social Protection & Labor,3069721
2771502,10,Social Protection & Labor,2771501
2770194,10,Social Protection & Labor,2770193
3082387,10,Social Protection & Labor,3082386
2814367,10,Social Protection & Labor,2814366
3068855,10,Social Protection & Labor,3068854
2265839,3,Economy & Growth,2265838
2263044,4,Education,2263043
2846818,10,Social Protection & Labor,2846817
991024,20,External Debt,991023
319611,4,Education,319610
3082285,10,Social Protection & Labor,3082284
2289120,10,Social Protection & Labor,2289119
1984640,12,Private Sector,1984639
1106864,20,External Debt,1106863
2770411,10,Social Protection & Labor,2770410
1237109,5,Energy & Mining,1237108
2263191,4,Education,2263190
2811210,10,Social Protection & Labor,2811209
3062763,17,Gender,3062762
3084773,10,Social Protection & Labor,3084772
2289594,10,Social Protection & Labor,2289593
1280586,6,Environment,1280583
3069447,10,Social Protection & Labor,3069446
997386,20,External Debt,997385
1200067,20,External Debt,1200066
317750,4,Education,317749
2770197,10,Social Protection & Labor,2770196
2769655,10,Social Protection & Labor,2769654
1200043,20,External Debt,1200042
2778366,10,Social Protection & Labor,2778365
2243875,4,Education,2243874
2305978,10,Social Protection & Labor,2305977
3085509,10,Social Protection & Labor,3085508
3081002,10,Social Protection & Labor,3081001
1979119,12,Private Sector,1979118
2783072,10,Social Protection & Labor,2783071
3066825,10,Social Protection & Labor,3066824
2282649,10,Social Protection & Labor,2282648
1272360,11,Poverty,1272359
1764043,13,Public Sector,1764042
3032834,4,Education,3032833
2282291,10,Social Protection & Labor,2282290
2750189,10,Social Protection & Labor,2750188
2693621,10,Social Protection & Labor,2693620
2281557,10,Social Protection & Labor,2281556
2054509,9,Infrastructure,2054508
3085062,10,Social Protection & Labor,3085061
322779,4,Education,322778
2284616,10,Social Protection & Labor,2284615
1781151,7,Financial Sector,1781150
2280760,10,Social Protection & Labor,2280759
2282081,10,Social Protection & Labor,2282080
1060492,20,External Debt,1060490
2485569,10,Social Protection & Labor,2485568
3066049,10,Social Protection & Labor,3066048
2485643,10,Social Protection & Labor,2485642
3082773,10,Social Protection & Labor,3082772
2661875,10,Social Protection & Labor,2661874
2283780,10,Social Protection & Labor,2283779
3010149,10,Social Protection & Labor,3010148
3079956,10,Social Protection & Labor,3079955
3068740,10,Social Protection & Labor,3068739
3055887,4,Education,3055886
3081898,10,Social Protection & Labor,3081897
997457,20,External Debt,997456
3085799,10,Social Protection & Labor,3085798
3073850,10,Social Protection & Labor,3073849
2269980,3,Economy & Growth,2269979
2797637,10,Social Protection & Labor,2797636
361805,4,Education,361804
2284080,10,Social Protection & Labor,2284079
2283045,10,Social Protection & Labor,2283044
1934382,7,Financial Sector,1934381
1272317,19,Climate Change,1272315
1727207,7,Financial Sector,1727206
3060216,17,Gender,3060214
3070032,10,Social Protection & Labor,3070031
2858952,10,Social Protection & Labor,2858951
435514,3,Economy & Growth,435513
3078984,10,Social Protection & Labor,3078983
1927465,12,Private Sector,1927464
3079086,10,Social Protection & Labor,3079085
3081230,10,Social Protection & Labor,3081229
417598,20,External Debt,417596
73680,11,Poverty,73679
2289792,10,Social Protection & Labor,2289791
2704298,10,Social Protection & Labor,2704297
3085512,10,Social Protection & Labor,3085511
3015717,10,Social Protection & Labor,3015716
691454,2,Aid Effectiveness,691453
68946,11,Poverty,68945
3086091,10,Social Protection & Labor,3086090
2265449,3,Economy & Growth,2265448
3082968,10,Social Protection & Labor,3082967
329860,4,Education,329859
2268635,3,Economy & Growth,2268634
3069249,10,Social Protection & Labor,3069248
426827,3,Economy & Growth,426826
3084959,10,Social Protection & Labor,3084958
2705129,10,Social Protection & Labor,2705128
833064,20,External Debt,833063
3065252,10,Social Protection & Labor,3065251
3075806,10,Social Protection & Labor,3075805
2980856,10,Social Protection & Labor,2980855
2057454,9,Infrastructure,2057453
361843,4,Education,361842
3061448,4,Education,3061447
1114771,20,External Debt,1114770
1046554,20,External Debt,1046553
2853074,10,Social Protection & Labor,2853073
2779024,10,Social Protection & Labor,2779023
1258298,6,Environment,1258296
2040195,13,Public Sector,2040194
2271251,3,Economy & Growth,2271250
2280995,10,Social Protection & Labor,2280994
1775402,7,Financial Sector,1775401
2321128,10,Social Protection & Labor,2321127
317743,4,Education,317742
3095269,17,Gender,3095267
152735,3,Economy & Growth,152734
2266569,3,Economy & Growth,2266568
3056822,4,Education,3056821
3073476,10,Social Protection & Labor,3073475
3073366,10,Social Protection & Labor,3073365
1258297,5,Energy & Mining,1258296
844191,20,External Debt,844190
2282000,10,Social Protection & Labor,2281999
3085340,10,Social Protection & Labor,3085339
1102810,20,External Debt,1102809
3086579,10,Social Protection & Labor,3086578
2267906,3,Economy & Growth,2267905
3078788,10,Social Protection & Labor,3078787
89054,10,Social Protection & Labor,89053
2753807,10,Social Protection & Labor,2753806
1119748,2,Aid Effectiveness,1119747
2259466,4,Education,2259465
3084882,10,Social Protection & Labor,3084881
2280559,10,Social Protection & Labor,2280558
2289053,10,Social Protection & Labor,2289052
2282663,10,Social Protection & Labor,2282662
2546757,10,Social Protection & Labor,2546756
2293200,10,Social Protection & Labor,2293199
2817587,10,Social Protection & Labor,2817586
1147163,2,Aid Effectiveness,1147162
2268470,3,Economy & Growth,2268469
2778903,10,Social Protection & Labor,2778902
3062363,4,Education,3062362
1210754,20,External Debt,1210753
2769658,10,Social Protection & Labor,2769657
1761369,13,Public Sector,1761368
1725658,7,Financial Sector,1725657
310147,4,Education,310146
2280649,10,Social Protection & Labor,2280648
3062046,4,Education,3062045
78949,11,Poverty,78948
849911,20,External Debt,849909
2384572,10,Social Protection & Labor,2384571
2734335,10,Social Protection & Labor,2734334
188328,10,Social Protection & Labor,188327
73721,11,Poverty,73720
3092213,13,Public Sector,3092212
2265665,3,Economy & Growth,2265664
2526712,10,Social Protection & Labor,2526711
2259561,4,Education,2259560
2769676,10,Social Protection & Labor,2769675
3076649,10,Social Protection & Labor,3076648
3055335,4,Education,3055332
1256747,6,Environment,1256745
1280590,6,Environment,1280588
3081636,10,Social Protection & Labor,3081635
2761989,10,Social Protection & Labor,2761988
2779001,10,Social Protection & Labor,2779000
2542364,10,Social Protection & Labor,2542363
2811207,10,Social Protection & Labor,2811206
1234303,19,Climate Change,1234301
1109534,20,External Debt,1109533
436914,7,Financial Sector,436912
852608,20,External Debt,852607
1004224,20,External Debt,1004223
2266033,3,Economy & Growth,2266032
2283597,10,Social Protection & Labor,2283596
2807969,10,Social Protection & Labor,2807968
3063028,17,Gender,3063027
254371,1,Agriculture & Rural Development,254370
2299695,10,Social Protection & Labor,2299694
307113,4,Education,307112
3066809,10,Social Protection & Labor,3066808
1232917,5,Energy & Mining,1232916
338410,4,Education,338409
2060046,9,Infrastructure,2060045
689679,2,Aid Effectiveness,689678
3075684,10,Social Protection & Labor,3075683
2888958,10,Social Protection & Labor,2888957
1091746,20,External Debt,1091745
2267822,3,Economy & Growth,2267821
2804865,10,Social Protection & Labor,2804864
2830524,10,Social Protection & Labor,2830523
3010155,10,Social Protection & Labor,3010154
3065940,10,Social Protection & Labor,3065939
2041761,12,Private Sector,2041760
311584,4,Education,311583
3085407,10,Social Protection & Labor,3085406
3072717,10,Social Protection & Labor,3072716
691338,2,Aid Effectiveness,691337
1778431,7,Financial Sector,1778430
438501,7,Financial Sector,438499
2744199,10,Social Protection & Labor,2744198
341041,4,Education,341040
67771,11,Poverty,67770
2994462,10,Social Protection & Labor,2994461
2282953,10,Social Protection & Labor,2282952
2263757,21,Trade,2263755
1983365,13,Public Sector,1983363
2321122,10,Social Protection & Labor,2321121
3055328,15,Social Development,3055325
3073843,10,Social Protection & Labor,3073842
2270200,6,Environment,2270198
3079670,10,Social Protection & Labor,3079669
73764,11,Poverty,73763
2791578,10,Social Protection & Labor,2791577
87337,10,Social Protection & Labor,87336
3070314,10,Social Protection & Labor,3070313
2746619,10,Social Protection & Labor,2746618
2705140,10,Social Protection & Labor,2705139
2289323,10,Social Protection & Labor,2289322
2270188,3,Economy & Growth,2270187
2648125,10,Social Protection & Labor,2648124
2280556,10,Social Protection & Labor,2280555
1771402,7,Financial Sector,1771401
3031593,4,Education,3031592
3063727,17,Gender,3063726
433420,21,Trade,433418
3075900,10,Social Protection & Labor,3075899
3061557,4,Education,3061556
2238295,4,Education,2238294
1925768,12,Private Sector,1925767
2290732,10,Social Protection & Labor,2290731
2791575,10,Social Protection & Labor,2791574
2060128,9,Infrastructure,2060127
3076463,10,Social Protection & Labor,3076462
3062937,17,Gender,3062936
1946846,12,Private Sector,1946845
2035235,13,Public Sector,2035234
1728837,7,Financial Sector,1728836
3080344,10,Social Protection & Labor,3080343
1943396,12,Private Sector,1943395
3079076,10,Social Protection & Labor,3079075
2288988,10,Social Protection & Labor,2288987
3058637,4,Education,3058636
3077336,10,Social Protection & Labor,3077335
3081107,10,Social Protection & Labor,3081106
265774,1,Agriculture & Rural Development,265773
257415,19,Climate Change,257413
3079297,10,Social Protection & Labor,3079296
334783,4,Education,334782
72060,11,Poverty,72059
353027,4,Education,353026
2266117,21,Trade,2266115
2303187,10,Social Protection & Labor,2303186
3078202,10,Social Protection & Labor,3078201
2284644,10,Social Protection & Labor,2284643
1262318,6,Environment,1262317
3031018,13,Public Sector,3031017
2263286,4,Education,2263285
2263037,4,Education,2263036
2864597,10,Social Protection & Labor,2864596
1970719,12,Private Sector,1970718
3065246,10,Social Protection & Labor,3065245
331426,4,Education,331425
2283144,10,Social Protection & Labor,2283143
2771487,10,Social Protection & Labor,2771486
1045123,20,External Debt,1045122
2280550,10,Social Protection & Labor,2280549
3078698,10,Social Protection & Labor,3078697
2283694,10,Social Protection & Labor,2283693
3063262,17,Gender,3063261
2285222,10,Social Protection & Labor,2285221
2268002,3,Economy & Growth,2268001
1204778,20,External Debt,1204777
2840135,10,Social Protection & Labor,2840134
3077229,10,Social Protection & Labor,3077228
2270199,3,Economy & Growth,2270198
3070023,10,Social Protection & Labor,3070022
260805,16,Urban Development,260804
2280665,10,Social Protection & Labor,2280664
2674316,10,Social Protection & Labor,2674315
3082374,10,Social Protection & Labor,3082373
2771610,10,Social Protection & Labor,2771609
433294,20,External Debt,433293
3078205,10,Social Protection & Labor,3078204
3072615,10,Social Protection & Labor,3072614
3068646,10,Social Protection & Labor,3068645
3031486,4,Education,3031485
2678063,10,Social Protection & Labor,2678062
2283036,10,Social Protection & Labor,2283035
255765,6,Environment,255763
305433,4,Education,305432
3060322,17,Gender,3060320
2290542,10,Social Protection & Labor,2290541
2794675,10,Social Protection & Labor,2794674
3062043,17,Gender,3062041
2262492,4,Education,2262491
2267818,3,Economy & Growth,2267817
2666002,10,Social Protection & Labor,2666001
686886,2,Aid Effectiveness,686885
2287287,10,Social Protection & Labor,2287286
3085244,10,Social Protection & Labor,3085243
2280646,10,Social Protection & Labor,2280645
3065343,10,Social Protection & Labor,3065342
305462,4,Education,305461
1266622,6,Environment,1266621
89051,10,Social Protection & Labor,89050
3069227,10,Social Protection & Labor,3069226
3078211,10,Social Protection & Labor,3078210
2285123,10,Social Protection & Labor,2285122
2262488,4,Education,2262487
2285109,10,Social Protection & Labor,2285108
2285402,10,Social Protection & Labor,2285401
2784446,10,Social Protection & Labor,2784445
2281997,10,Social Protection & Labor,2281996
2769459,10,Social Protection & Labor,2769458
351612,4,Education,351611
2283892,10,Social Protection & Labor,2283891
2826782,10,Social Protection & Labor,2826781
2990596,10,Social Protection & Labor,2990595
2281740,10,Social Protection & Labor,2281739
433388,9,Infrastructure,433386
1934374,12,Private Sector,1934372
344313,4,Education,344312
3066621,10,Social Protection & Labor,3066620
2263580,12,Private Sector,2263579
2778694,10,Social Protection & Labor,2778693
3078509,10,Social Protection & Labor,3078508
1807173,13,Public Sector,1807172
3061162,4,Education,3061161
2289891,10,Social Protection & Labor,2289890
3076932,10,Social Protection & Labor,3076931
1259490,6,Environment,1259487
2349769,10,Social Protection & Labor,2349768
345791,4,Education,345790
3030127,13,Public Sector,3030126
3085401,10,Social Protection & Labor,3085400
3075988,10,Social Protection & Labor,3075987
3013373,10,Social Protection & Labor,3013372
2761997,10,Social Protection & Labor,2761996
2401004,10,Social Protection & Labor,2401003
3013379,10,Social Protection & Labor,3013378
3059383,4,Education,3059382
1104197,20,External Debt,1104196
2326237,10,Social Protection & Labor,2326236
3065052,10,Social Protection & Labor,3065051
314278,4,Education,314277
2769768,10,Social Protection & Labor,2769767
1111802,20,External Debt,1111801
3065145,10,Social Protection & Labor,3065144
2285215,10,Social Protection & Labor,2285214
997460,20,External Debt,997459
1144149,3,Economy & Growth,1144148
3077418,10,Social Protection & Labor,3077417
1283603,7,Financial Sector,1283602
2768441,10,Social Protection & Labor,2768440
1089979,20,External Debt,1089978
3085609,10,Social Protection & Labor,3085608
2853082,10,Social Protection & Labor,2853081
3081992,10,Social Protection & Labor,3081991
3063139,17,Gender,3063138
2778220,10,Social Protection & Labor,2778219
2267015,3,Economy & Growth,2267014
433392,3,Economy & Growth,433391
2270102,3,Economy & Growth,2270101
3076159,10,Social Protection & Labor,3076158
1266628,6,Environment,1266627
2281904,10,Social Protection & Labor,2281903
314274,4,Education,314273
3084687,10,Social Protection & Labor,3084686
1259484,6,Environment,1259483
2293271,10,Social Protection & Labor,2293270
3061046,4,Education,3061045
360310,4,Education,360309
2962170,10,Social Protection & Labor,2962169
2770306,10,Social Protection & Labor,2770305
2542280,10,Social Protection & Labor,2542279
3081717,10,Social Protection & Labor,3081716
358594,4,Education,358593
2678075,10,Social Protection & Labor,2678074
314246,4,Education,314245
2769765,10,Social Protection & Labor,2769764
3061254,4,Education,3061253
2830550,10,Social Protection & Labor,2830549
3075586,10,Social Protection & Labor,3075585
2727446,10,Social Protection & Labor,2727445
2530412,10,Social Protection & Labor,2530411
2880114,10,Social Protection & Labor,2880113
2289044,10,Social Protection & Labor,2289043
311578,4,Education,311577
3080724,10,Social Protection & Labor,3080723
1259537,6,Environment,1259535
3064572,10,Social Protection & Labor,3064571
844213,20,External Debt,844212
75209,11,Poverty,75208
2283587,10,Social Protection & Labor,2283586
2268270,3,Economy & Growth,2268269
3064867,10,Social Protection & Labor,3064866
2272309,7,Financial Sector,2272308
1262364,6,Environment,1262363
255727,19,Climate Change,255725
2769673,10,Social Protection & Labor,2769672
3061251,17,Gender,3061249
329856,4,Education,329855
854068,20,External Debt,854067
3031587,4,Education,3031586
255764,19,Climate Change,255763
3069047,10,Social Protection & Labor,3069046
3075690,10,Social Protection & Labor,3075689
3079006,10,Social Protection & Labor,3079005
1985991,12,Private Sector,1985990
2794666,10,Social Protection & Labor,2794665
2648110,10,Social Protection & Labor,2648109
185599,10,Social Protection & Labor,185598
3063543,17,Gender,3063542
3072125,10,Social Protection & Labor,3072124
1234400,5,Energy & Mining,1234399
2801778,10,Social Protection & Labor,2801777
2517852,10,Social Protection & Labor,2517850
3068663,10,Social Protection & Labor,3068662
3072315,10,Social Protection & Labor,3072314
3092670,4,Education,3092669
3070029,10,Social Protection & Labor,3070028
2266957,21,Trade,2266955
1775466,7,Financial Sector,1775465
2794598,10,Social Protection & Labor,2794597
2766129,10,Social Protection & Labor,2766128
2290170,10,Social Protection & Labor,2290169
3061052,4,Education,3061051
2270666,3,Economy & Growth,2270665
2530400,10,Social Protection & Labor,2530399
2265940,3,Economy & Growth,2265939
3068830,10,Social Protection & Labor,3068829
302199,4,Education,302198
2848943,10,Social Protection & Labor,2848942
317740,4,Education,317739
2968300,10,Social Protection & Labor,2968299
2770211,10,Social Protection & Labor,2770210
436976,7,Financial Sector,436974
2263059,4,Education,2263058
1113288,20,External Debt,1113287
2349766,10,Social Protection & Labor,2349765
2856182,10,Social Protection & Labor,2856181
2833959,10,Social Protection & Labor,2833958
2308846,10,Social Protection & Labor,2308845
1785520,7,Financial Sector,1785519
416190,3,Economy & Growth,416189
3081110,10,Social Protection & Labor,3081109
3081906,10,Social Protection & Labor,3081905
1260970,19,Climate Change,1260969
3081116,10,Social Protection & Labor,3081115
2288951,10,Social Protection & Labor,2288950
2266470,3,Economy & Growth,2266469
300800,4,Education,300799
3072396,10,Social Protection & Labor,3072395
3060219,4,Education,3060218
3077434,10,Social Protection & Labor,3077433
2284438,10,Social Protection & Labor,2284437
3091852,13,Public Sector,3091851
1278481,16,Urban Development,1278479
1273720,16,Urban Development,1273719
2551396,10,Social Protection & Labor,2551395
1774168,7,Financial Sector,1774167
186925,10,Social Protection & Labor,186924
357174,4,Education,357173
1060496,20,External Debt,1060494
3079277,10,Social Protection & Labor,3079276
3062374,4,Education,3062373
1778444,7,Financial Sector,1778443
3094003,4,Education,3094002
188340,10,Social Protection & Labor,188339
2955060,10,Social Protection & Labor,2955059
3073564,10,Social Protection & Labor,3073563
1979129,12,Private Sector,1979128
2778005,10,Social Protection & Labor,2778004
2284087,10,Social Protection & Labor,2284086
3080617,10,Social Protection & Labor,3080616
3034206,4,Education,3034204
1095588,20,External Debt,1095587
2281911,10,Social Protection & Labor,2281910
2885688,10,Social Protection & Labor,2885687
2864604,10,Social Protection & Labor,2864603
3066052,10,Social Protection & Labor,3066051
2638719,10,Social Protection & Labor,2638718
2283604,10,Social Protection & Labor,2283603
2349581,10,Social Protection & Labor,2349580
1258356,6,Environment,1258355
3076083,10,Social Protection & Labor,3076082
1263641,6,Environment,1263640
2769649,10,Social Protection & Labor,2769648
3066314,10,Social Protection & Labor,3066313
2770670,10,Social Protection & Labor,2770669
3032846,4,Education,3032845
3077911,10,Social Protection & Labor,3077910
3084770,10,Social Protection & Labor,3084769
1262298,6,Environment,1262297
2283480,10,Social Protection & Labor,2283479
1104159,20,External Debt,1104158
2294242,10,Social Protection & Labor,2294241
361789,4,Education,361788
2955057,10,Social Protection & Labor,2955056
3082782,10,Social Protection & Labor,3082781
2880132,10,Social Protection & Labor,2880131
3091858,13,Public Sector,3091857
1280694,6,Environment,1280692
1088365,20,External Debt,1088364
3059459,17,Gender,3059457
353011,4,Education,353010
2262763,4,Education,2262762
435511,3,Economy & Growth,435510
3078500,10,Social Protection & Labor,3078499
3072202,10,Social Protection & Labor,3072201
2393525,10,Social Protection & Labor,2393524
3077427,10,Social Protection & Labor,3077426
3073171,10,Social Protection & Labor,3073170
829325,20,External Debt,829324
2290750,10,Social Protection & Labor,2290749
3066033,10,Social Protection & Labor,3066032
3015643,10,Social Protection & Labor,3015642
2282641,10,Social Protection & Labor,2282640
2994472,10,Social Protection & Labor,2994471
1781202,7,Financial Sector,1781201
3085792,10,Social Protection & Labor,3085791
311510,4,Education,311509
1785545,7,Financial Sector,1785544
1113293,20,External Debt,1113292
3058659,4,Education,3058658
2284266,10,Social Protection & Labor,2284265
2281106,10,Social Protection & Labor,2281105
421916,21,Trade,421914
86026,10,Social Protection & Labor,86025
433387,3,Economy & Growth,433386
3085051,10,Social Protection & Labor,3085050
3013382,10,Social Protection & Labor,3013381
2289307,10,Social Protection & Labor,2289306
2035232,13,Public Sector,2035231
3070108,10,Social Protection & Labor,3070107
3080529,10,Social Protection & Labor,3080528
3059564,4,Education,3059563
341056,4,Education,341055
1129926,20,External Debt,1129925
76578,11,Poverty,76577
1091740,20,External Debt,1091739
435515,12,Private Sector,435513
1356356,20,External Debt,1356354
327808,4,Education,327807
2283126,10,Social Protection & Labor,2283125
834334,20,External Debt,834333
191021,10,Social Protection & Labor,191020
3069146,10,Social Protection & Labor,3069145
2271593,3,Economy & Growth,2271592
2287281,10,Social Protection & Labor,2287280
75252,11,Poverty,75251
77629,11,Poverty,77628
2384569,10,Social Protection & Labor,2384568
350537,4,Education,350536
1254999,19,Climate Change,1254998
2045826,9,Infrastructure,2045824
1356327,3,Economy & Growth,1356326
1118073,2,Aid Effectiveness,1118072
3079393,10,Social Protection & Labor,3079392
3077647,10,Social Protection & Labor,3077646
1782689,7,Financial Sector,1782688
3034120,4,Education,3034119
3060321,4,Education,3060320
3082196,10,Social Protection & Labor,3082195
2776993,10,Social Protection & Labor,2776992
3055341,17,Gender,3055339
1231599,9,Infrastructure,1231596
3056352,4,Education,3056351
3072806,10,Social Protection & Labor,3072805
1009192,20,External Debt,1009191
2778802,10,Social Protection & Labor,2778801
331401,4,Education,331400
3069521,10,Social Protection & Labor,3069520
1280607,9,Infrastructure,1280606
1776948,7,Financial Sector,1776947
1785568,7,Financial Sector,1785567
3061361,4,Education,3061360
2057508,9,Infrastructure,2057507
1009196,20,External Debt,1009195
1945169,21,Trade,1945167
3068666,10,Social Protection & Labor,3068665
1109540,20,External Debt,1109539
2848953,10,Social Protection & Labor,2848952
3081728,10,Social Protection & Labor,3081727
1131291,20,External Debt,1131290
3078217,10,Social Protection & Labor,3078216
3055340,4,Education,3055339
2265638,3,Economy & Growth,2265637
3066142,10,Social Protection & Labor,3066141
3063551,17,Gender,3063550
2690250,10,Social Protection & Labor,2690249
2272377,3,Economy & Growth,2272376
2538365,10,Social Protection & Labor,2538364
2272381,3,Economy & Growth,2272380
693422,18,Millenium development goals,693421
308608,4,Education,308607
3079660,10,Social Protection & Labor,3079659
3081128,10,Social Protection & Labor,3081127
2289123,10,Social Protection & Labor,2289122
2296329,10,Social Protection & Labor,2296328
3078208,10,Social Protection & Labor,3078207
2876050,10,Social Protection & Labor,2876049
1235782,5,Energy & Mining,1235781
2282273,10,Social Protection & Labor,2282272
2997959,10,Social Protection & Labor,2997958
1145917,3,Economy & Growth,1145915
56853,11,Poverty,56852
3086487,10,Social Protection & Labor,3086486
351668,4,Education,351667
2811122,10,Social Protection & Labor,2811121
2266382,3,Economy & Growth,2266381
2250971,4,Education,2250970
1231608,5,Energy & Mining,1231607
2840151,10,Social Protection & Labor,2840150
2261063,4,Education,2261062
2261508,4,Education,2261507
3076555,10,Social Protection & Labor,3076554
2270563,3,Economy & Growth,2270562
2746768,10,Social Protection & Labor,2746767
3091861,13,Public Sector,3091860
2060134,9,Infrastructure,2060133
1782537,7,Financial Sector,1782536
2674306,10,Social Protection & Labor,2674305
1785496,7,Financial Sector,1785495
1256746,19,Climate Change,1256745
2285490,10,Social Protection & Labor,2285489
3086500,10,Social Protection & Labor,3086499
2267022,3,Economy & Growth,2267021
84116,10,Social Protection & Labor,84115
1977700,12,Private Sector,1977699
3064967,10,Social Protection & Labor,3064966
3000658,10,Social Protection & Labor,3000657
87360,10,Social Protection & Labor,87359
3066899,10,Social Protection & Labor,3066898
1992415,9,Infrastructure,1992414
3077232,10,Social Protection & Labor,3077231
1779720,7,Financial Sector,1779719
2289133,10,Social Protection & Labor,2289132
2281900,10,Social Protection & Labor,2281899
836036,20,External Debt,836035
1772724,7,Financial Sector,1772723
3079294,10,Social Protection & Labor,3079293
335963,4,Education,335962
3061441,4,Education,3061440
2783079,10,Social Protection & Labor,2783078
55611,11,Poverty,55610
3079003,10,Social Protection & Labor,3079002
302247,4,Education,302246
833109,20,External Debt,833108
2262851,4,Education,2262850
3078326,10,Social Protection & Labor,3078325
2794749,10,Social Protection & Labor,2794748
2268458,3,Economy & Growth,2268457
1263605,6,Environment,1263604
3081436,10,Social Protection & Labor,3081435
2958726,10,Social Protection & Labor,2958725
2281084,10,Social Protection & Labor,2281083
3092677,4,Education,3092676
2287292,10,Social Protection & Labor,2287291
2534347,10,Social Protection & Labor,2534346
3080519,10,Social Protection & Labor,3080518
1755353,13,Public Sector,1755352
1269340,6,Environment,1269339
303851,4,Education,303850
329866,4,Education,329865
2787920,10,Social Protection & Labor,2787919
2643398,10,Social Protection & Labor,2643397
3065744,10,Social Protection & Labor,3065743
1255070,19,Climate Change,1255069
859773,20,External Debt,859772
1122417,20,External Debt,1122416
3073069,10,Social Protection & Labor,3073068
2555008,10,Social Protection & Labor,2555007
2264859,13,Public Sector,2264858
2480548,10,Social Protection & Labor,2480547
3072311,10,Social Protection & Labor,3072310
3086381,10,Social Protection & Labor,3086380
2293208,10,Social Protection & Labor,2293207
844194,20,External Debt,844193
353005,4,Education,353004
2303183,10,Social Protection & Labor,2303182
2290187,10,Social Protection & Labor,2290186
2331016,10,Social Protection & Labor,2331015
2546754,10,Social Protection & Labor,2546753
3030683,13,Public Sector,3030682
2977647,10,Social Protection & Labor,2977646
1784012,7,Financial Sector,1784011
2281893,10,Social Protection & Labor,2281892
689628,2,Aid Effectiveness,689627
1237115,19,Climate Change,1237113
1266625,6,Environment,1266624
3015646,10,Social Protection & Labor,3015645
2397360,10,Social Protection & Labor,2397359
3078320,10,Social Protection & Labor,3078319
3076457,10,Social Protection & Labor,3076456
856891,20,External Debt,856890
2282386,10,Social Protection & Labor,2282385
3062862,17,Gender,3062861
3080321,10,Social Protection & Labor,3080320
3073274,10,Social Protection & Labor,3073273
1235778,1,Agriculture & Rural Development,1235777
3077753,10,Social Protection & Labor,3077752
3064870,10,Social Protection & Labor,3064869
435576,20,External Debt,435574
2706120,10,Social Protection & Labor,2706119
3058641,4,Education,3058640
3066605,10,Social Protection & Labor,3066604
2778919,10,Social Protection & Labor,2778918
2769354,10,Social Protection & Labor,2769353
3069528,10,Social Protection & Labor,3069527
2994475,10,Social Protection & Labor,2994474
3080035,10,Social Protection & Labor,3080034
72026,11,Poverty,72025
2349653,10,Social Protection & Labor,2349652
3073550,10,Social Protection & Labor,3073549
1234327,5,Energy & Mining,1234326
353008,4,Education,353007
2267803,3,Economy & Growth,2267801
848671,20,External Debt,848670
845692,20,External Debt,845691
2281461,10,Social Protection & Labor,2281460
1124666,20,External Debt,1124665
3061141,4,Education,3061140
426855,3,Economy & Growth,426854
3031474,4,Education,3031473
3081612,10,Social Protection & Labor,3081611
2987501,10,Social Protection & Labor,2987500
3056833,17,Gender,3056831
1258229,19,Climate Change,1258228
3086407,10,Social Protection & Labor,3086406
3013521,10,Social Protection & Labor,3013520
851366,20,External Debt,851365
3081995,10,Social Protection & Labor,3081994
2301242,10,Social Protection & Labor,2301241
1033650,20,External Debt,1033649
361795,4,Education,361794
1019936,20,External Debt,1019935
436982,20,External Debt,436979
316088,4,Education,316087
1984660,13,Public Sector,1984658
2331010,10,Social Protection & Labor,2331009
2731188,10,Social Protection & Labor,2731187
3078690,10,Social Protection & Labor,3078689
2235614,4,Education,2235613
1263638,6,Environment,1263637
1805378,13,Public Sector,1805377
3082484,10,Social Protection & Labor,3082483
1145916,2,Aid Effectiveness,1145915
1778434,7,Financial Sector,1778433
1113110,20,External Debt,1113109
2294245,10,Social Protection & Labor,2294244
3063255,17,Gender,3063253
3079963,10,Social Protection & Labor,3079962
2756910,10,Social Protection & Labor,2756909
435577,21,Trade,435574
331413,4,Education,331412
3061859,17,Gender,3061857
3092773,4,Education,3092772
1761280,13,Public Sector,1761279
3063357,17,Gender,3063356
1147186,3,Economy & Growth,1147183
3062242,4,Education,3062241
3061964,4,Education,3061963
3077327,10,Social Protection & Labor,3077326
3082665,10,Social Protection & Labor,3082664
3031572,4,Education,3031571
1778427,7,Financial Sector,1778426
3080613,10,Social Protection & Labor,3080612
2980862,10,Social Protection & Labor,2980861
3055986,4,Education,3055985
191047,10,Social Protection & Labor,191046
3031406,4,Education,3031405
844162,20,External Debt,844161
1984631,12,Private Sector,1984630
3070408,10,Social Protection & Labor,3070407
3072899,10,Social Protection & Labor,3072898
2962159,10,Social Protection & Labor,2962158
2980865,10,Social Protection & Labor,2980864
1759900,13,Public Sector,1759899
3066513,10,Social Protection & Labor,3066512
2289695,10,Social Protection & Labor,2289694
1943467,12,Private Sector,1943466
3063240,17,Gender,3063239
2281360,10,Social Protection & Labor,2281359
2270576,3,Economy & Growth,2270575
1128069,20,External Debt,1128068
1122469,20,External Debt,1122468
2405105,10,Social Protection & Labor,2405104
3081803,10,Social Protection & Labor,3081802
1128145,20,External Debt,1128144
3082893,10,Social Protection & Labor,3082892
3077143,10,Social Protection & Labor,3077142
2269973,6,Environment,2269971
3073462,10,Social Protection & Labor,3073461
1729992,7,Financial Sector,1729991
2270078,6,Environment,2270075
351637,4,Education,351636
2400913,10,Social Protection & Labor,2400912
257411,6,Environment,257408
310140,4,Education,310139
3082203,10,Social Protection & Labor,3082202
1778424,7,Financial Sector,1778423
1259437,19,Climate Change,1259436
2281646,10,Social Protection & Labor,2281645
2376680,10,Social Protection & Labor,2376679
3070296,10,Social Protection & Labor,3070295
1756985,13,Public Sector,1756984
2280903,10,Social Protection & Labor,2280902
1203383,20,External Debt,1203382
1145918,20,External Debt,1145915
344323,4,Education,344322
76536,11,Poverty,76535
2282187,10,Social Protection & Labor,2282186
2858955,10,Social Protection & Labor,2858954
319645,4,Education,319644
3031479,4,Education,3031478
2321134,10,Social Protection & Labor,2321133
1234329,6,Environment,1234326
3095360,4,Education,3095359
2873157,10,Social Protection & Labor,2873156
2057428,9,Infrastructure,2057427
2759789,10,Social Protection & Labor,2759788
1725661,7,Financial Sector,1725660
2643537,10,Social Protection & Labor,2643536
2271148,3,Economy & Growth,2271147
1993556,9,Infrastructure,1993555
1201467,20,External Debt,1201466
2290157,10,Social Protection & Labor,2290156
2840220,10,Social Protection & Labor,2840219
3079284,10,Social Protection & Labor,3079283
1785576,7,Financial Sector,1785573
2881900,10,Social Protection & Labor,2881897
3092760,4,Education,3092759
2267903,19,Climate Change,2267900
845686,20,External Debt,845685
3094016,4,Education,3094015
2840059,10,Social Protection & Labor,2840058
3064758,10,Social Protection & Labor,3064757
327792,4,Education,327791
84057,10,Social Protection & Labor,84056
1974940,12,Private Sector,1974939
3034112,17,Gender,3034110
3072407,10,Social Protection & Labor,3072406
2259472,4,Education,2259471
1091743,20,External Debt,1091742
3070401,10,Social Protection & Labor,3070400
2289977,10,Social Protection & Labor,2289976
421911,3,Economy & Growth,421910
2974806,10,Social Protection & Labor,2974805
2287357,10,Social Protection & Labor,2287356
693437,18,Millenium development goals,693436
3081433,10,Social Protection & Labor,3081432
1256908,19,Climate Change,1256907
1764004,13,Public Sector,1764003
2769232,10,Social Protection & Labor,2769231
1204815,20,External Debt,1204814
3015628,10,Social Protection & Labor,3015627
3062148,4,Education,3062147
416222,21,Trade,416220
2768410,10,Social Protection & Labor,2768409
2389801,10,Social Protection & Labor,2389800
3080324,10,Social Protection & Labor,3080323
3082875,10,Social Protection & Labor,3082874
312760,4,Education,312759
2731260,10,Social Protection & Labor,2731259
1114765,20,External Debt,1114764
3086208,10,Social Protection & Labor,3086207
785396,20,External Debt,785395
2727461,10,Social Protection & Labor,2727460
3072811,10,Social Protection & Labor,3072810
1983408,12,Private Sector,1983407
2643378,10,Social Protection & Labor,2643377
3070214,10,Social Protection & Labor,3070213
2281811,10,Social Protection & Labor,2281810
3058634,4,Education,3058633
189730,10,Social Protection & Labor,189729
1786989,7,Financial Sector,1786988
3085155,10,Social Protection & Labor,3085154
3060316,4,Education,3060315
1256909,6,Environment,1256907
2485525,10,Social Protection & Labor,2485524
3092687,4,Education,3092686
417605,3,Economy & Growth,417604
2280746,10,Social Protection & Labor,2280745
3072305,10,Social Protection & Labor,3072304
3081210,10,Social Protection & Labor,3081209
3066030,10,Social Protection & Labor,3066029
193405,10,Social Protection & Labor,193404
3080714,10,Social Protection & Labor,3080713
316002,4,Education,316001
3075975,10,Social Protection & Labor,3075974
2290562,10,Social Protection & Labor,2290561
3064669,10,Social Protection & Labor,3064668
191018,10,Social Protection & Labor,191017
2693618,10,Social Protection & Labor,2693617
2284090,10,Social Protection & Labor,2284089
3062755,17,Gender,3062754
3075881,10,Social Protection & Labor,3075880
1761408,13,Public Sector,1761407
2734347,10,Social Protection & Labor,2734346
3062127,4,Education,3062125
3076545,10,Social Protection & Labor,3076544
2289801,10,Social Protection & Labor,2289800
2823704,10,Social Protection & Labor,2823703
2261849,4,Education,2261848
193392,10,Social Protection & Labor,193391
3068766,10,Social Protection & Labor,3068765
322776,4,Education,322775
2885678,10,Social Protection & Labor,2885677
3081314,10,Social Protection & Labor,3081313
2804793,10,Social Protection & Labor,2804792
331431,4,Education,331430
1259478,6,Environment,1259476
436879,3,Economy & Growth,436878
3031410,4,Education,3031409
3081792,10,Social Protection & Labor,3081791
2317006,10,Social Protection & Labor,2317005
1279396,6,Environment,1279395
3092782,4,Education,3092781
3073856,10,Social Protection & Labor,3073855
315974,4,Education,315973
3081540,10,Social Protection & Labor,3081539
3080633,10,Social Protection & Labor,3080632
260806,6,Environment,260804
300803,4,Education,300802
1111796,20,External Debt,1111795
2281534,10,Social Protection & Labor,2281533
2285484,10,Social Protection & Labor,2285483
312858,4,Education,312857
2266653,3,Economy & Growth,2266652
3061755,4,Education,3061754
3066617,10,Social Protection & Labor,3066616
3082886,10,Social Protection & Labor,3082885
1774064,7,Financial Sector,1774063
3063546,13,Public Sector,3063545
3066501,10,Social Protection & Labor,3066500
1987087,12,Private Sector,1987086
2876068,10,Social Protection & Labor,2876067
1124676,20,External Debt,1124675
360419,4,Education,360418
2817597,10,Social Protection & Labor,2817596
70590,11,Poverty,70589
2289419,10,Social Protection & Labor,2289418
2283498,10,Social Protection & Labor,2283497
2283581,10,Social Protection & Labor,2283580
2301231,10,Social Protection & Labor,2301230
994830,20,External Debt,994828
847240,20,External Debt,847239
2349550,10,Social Protection & Labor,2349549
3077543,10,Social Protection & Labor,3077542
2283313,10,Social Protection & Labor,2283312
1266643,6,Environment,1266642
321071,4,Education,321070
2270103,5,Energy & Mining,2270101
1772727,7,Financial Sector,1772726
2661930,10,Social Protection & Labor,2661929
3069537,10,Social Protection & Labor,3069536
2038547,13,Public Sector,2038546
2769442,10,Social Protection & Labor,2769441
2280640,10,Social Protection & Labor,2280639
2282069,10,Social Protection & Labor,2282068
416221,3,Economy & Growth,416220
2321125,10,Social Protection & Labor,2321124
2317206,10,Social Protection & Labor,2317205
440098,3,Economy & Growth,440097
3061858,4,Education,3061857
3061465,4,Education,3061464
355611,4,Education,355610
3081321,10,Social Protection & Labor,3081320
68972,11,Poverty,68971
2389750,10,Social Protection & Labor,2389749
1340135,7,Financial Sector,1340134
989849,20,External Debt,989847
3091331,7,Financial Sector,3091330
1148388,20,External Debt,1148387
689676,2,Aid Effectiveness,689675
2289520,10,Social Protection & Labor,2289519
1234283,6,Environment,1234280
2706108,10,Social Protection & Labor,2706107
1088390,20,External Debt,1088389
1935685,12,Private Sector,1935683
3030123,13,Public Sector,3030122
54953,11,Poverty,54952
829397,20,External Debt,829396
333512,4,Education,333511
3081892,10,Social Protection & Labor,3081891
2282556,10,Social Protection & Labor,2282555
2746774,10,Social Protection & Labor,2746773
2665946,10,Social Protection & Labor,2665945
2283883,10,Social Protection & Labor,2283882
3062265,4,Education,3062264
2288994,10,Social Protection & Labor,2288993
3091864,13,Public Sector,3091863
55624,11,Poverty,55623
2281268,10,Social Protection & Labor,2281267
1260923,6,Environment,1260922
3066042,10,Social Protection & Labor,3066041
1128141,20,External Debt,1128140
2770317,10,Social Protection & Labor,2770316
433393,9,Infrastructure,433391
1232918,9,Infrastructure,1232916
2038495,13,Public Sector,2038493
3069838,10,Social Protection & Labor,3069837
2958746,10,Social Protection & Labor,2958745
847226,20,External Debt,847225
2269993,6,Environment,2269991
2753810,10,Social Protection & Labor,2753809
3072912,10,Social Protection & Labor,3072911
3058648,17,Gender,3058646
3077330,10,Social Protection & Labor,3077329
1260952,19,Climate Change,1260951
3070120,10,Social Protection & Labor,3070119
3073271,10,Social Protection & Labor,3073270
1781154,7,Financial Sector,1781153
417630,21,Trade,417628
255741,19,Climate Change,255740
2769452,10,Social Protection & Labor,2769451
2280636,10,Social Protection & Labor,2280635
855562,20,External Debt,855561
2769661,10,Social Protection & Labor,2769660
2289494,10,Social Protection & Labor,2289493
1755350,13,Public Sector,1755349
3031575,4,Education,3031574
3079082,10,Social Protection & Labor,3079081
2239936,4,Education,2239935
3082586,10,Social Protection & Labor,3082585
2381037,10,Social Protection & Labor,2381036
2725531,10,Social Protection & Labor,2725530
2888974,10,Social Protection & Labor,2888973
3079280,10,Social Protection & Labor,3079279
341044,4,Education,341043
2701857,10,Social Protection & Labor,2701856
1784109,7,Financial Sector,1784108
3000645,10,Social Protection & Labor,3000644
1280585,9,Infrastructure,1280583
3062152,4,Education,3062151
2058569,9,Infrastructure,2058568
189719,3,Economy & Growth,189718
2290434,10,Social Protection & Labor,2290433
302219,4,Education,302218
3085421,10,Social Protection & Labor,3085420
2697792,10,Social Protection & Labor,2697791
341053,4,Education,341052
75215,11,Poverty,75214
2830540,10,Social Protection & Labor,2830539
3066223,10,Social Protection & Labor,3066222
417636,3,Economy & Growth,417635
2035229,13,Public Sector,2035228
2401026,10,Social Protection & Labor,2401025
2289966,10,Social Protection & Labor,2289965
191029,10,Social Protection & Labor,191028
3061151,17,Gender,3061149
2283777,10,Social Protection & Labor,2283776
1106835,20,External Debt,1106834
3055899,4,Education,3055898
255733,6,Environment,255730
2266560,3,Economy & Growth,2266559
1256783,19,Climate Change,1256782
3078990,10,Social Protection & Labor,3078989
3081986,10,Social Protection & Labor,3081985
2285499,10,Social Protection & Labor,2285498
852772,20,External Debt,852771
1988375,12,Private Sector,1988374
3073761,10,Social Protection & Labor,3073760
2393516,10,Social Protection & Labor,2393515
3086201,10,Social Protection & Labor,3086200
2287353,10,Social Protection & Labor,2287352
3069437,10,Social Protection & Labor,3069436
3076454,10,Social Protection & Labor,3076453
2280998,10,Social Protection & Labor,2280997
848723,20,External Debt,848722
2340172,10,Social Protection & Labor,2340171
3069330,10,Social Protection & Labor,3069329
68943,11,Poverty,68942
2551393,10,Social Protection & Labor,2551392
3086403,10,Social Protection & Labor,3086402
3078608,10,Social Protection & Labor,3078607
2282839,10,Social Protection & Labor,2282838
2271032,20,External Debt,2271030
3081998,10,Social Protection & Labor,3081997
308594,4,Education,308592
2270283,3,Economy & Growth,2270282
1229987,6,Environment,1229986
3073859,10,Social Protection & Labor,3073858
2830534,10,Social Protection & Labor,2830533
1785431,7,Financial Sector,1785430
2858872,10,Social Protection & Labor,2858871
2794752,10,Social Protection & Labor,2794751
3092595,4,Education,3092594
2250965,4,Education,2250964
436913,3,Economy & Growth,436912
3075816,10,Social Protection & Labor,3075815
3078981,10,Social Protection & Labor,3078980
1204735,20,External Debt,1204734
1711915,7,Financial Sector,1711914
3065649,10,Social Protection & Labor,3065648
54481,11,Poverty,54480
2661837,10,Social Protection & Labor,2661836
3066504,10,Social Protection & Labor,3066503
431637,3,Economy & Growth,431636
2546772,10,Social Protection & Labor,2546771
1089963,20,External Debt,1089962
2296294,10,Social Protection & Labor,2296293
70580,11,Poverty,70579
3073757,10,Social Protection & Labor,3073756
3059475,4,Education,3059474
3078901,10,Social Protection & Labor,3078900
1231544,5,Energy & Mining,1231543
2267807,3,Economy & Growth,2267806
3063644,17,Gender,3063642
686923,2,Aid Effectiveness,686922
1231603,6,Environment,1231601
3086281,10,Social Protection & Labor,3086280
3073089,10,Social Protection & Labor,3073088
1784082,7,Financial Sector,1784081
3078588,10,Social Protection & Labor,3078587
2259460,4,Education,2259459
255743,6,Environment,255740
417629,3,Economy & Growth,417628
3000651,10,Social Protection & Labor,3000650
2283389,10,Social Protection & Labor,2283388
3076257,10,Social Protection & Labor,3076256
3062157,4,Education,3062155
3059472,17,Gender,3059470
3006207,10,Social Protection & Labor,3006206
3064942,10,Social Protection & Labor,3064941
1121050,20,External Debt,1121049
260809,1,Agriculture & Rural Development,260808
73672,11,Poverty,73671
3080933,10,Social Protection & Labor,3080932
1358119,20,External Debt,1358117
2725516,10,Social Protection & Labor,2725515
72050,4,Education,72049
3085404,10,Social Protection & Labor,3085403
3062153,4,Education,3062151
1289972,7,Financial Sector,1289970
3085236,10,Social Protection & Labor,3085235
54950,11,Poverty,54949
3076942,10,Social Protection & Labor,3076941
855600,20,External Debt,855599
3065847,10,Social Protection & Labor,3065846
2283981,10,Social Protection & Labor,2283980
2269972,3,Economy & Growth,2269971
2285414,10,Social Protection & Labor,2285413
193398,10,Social Protection & Labor,193397
3062354,4,Education,3062353
2778796,10,Social Protection & Labor,2778795
2281458,10,Social Protection & Labor,2281457
1272313,16,Urban Development,1272312
2045791,9,Infrastructure,2045790
351609,4,Education,351608
3065949,10,Social Protection & Labor,3065948
2542367,10,Social Protection & Labor,2542366
1210761,20,External Debt,1210760
361802,4,Education,361801
3092216,13,Public Sector,3092215
3070104,10,Social Protection & Labor,3070103
2858866,10,Social Protection & Labor,2858865
3062847,17,Gender,3062846
3085876,10,Social Protection & Labor,3085875
3082678,10,Social Protection & Labor,3082677
3073746,10,Social Protection & Labor,3073745
1035189,18,Millenium development goals,1035188
2517961,10,Social Protection & Labor,2517960
3085522,10,Social Protection & Labor,3085521
2284824,10,Social Protection & Labor,2284823
3066391,10,Social Protection & Labor,3066390
3031023,13,Public Sector,3031022
3065265,10,Social Protection & Labor,3065264
2290263,10,Social Protection & Labor,2290262
73742,11,Poverty,73741
2968303,10,Social Protection & Labor,2968302
845721,20,External Debt,845720
2778680,10,Social Protection & Labor,2778679
2778907,10,Social Protection & Labor,2778906
3080130,10,Social Protection & Labor,3080129
3079191,10,Social Protection & Labor,3079190
2261148,4,Education,2261147
3072999,10,Social Protection & Labor,3072998
431639,2,Aid Effectiveness,431636
1265178,6,Environment,1265177
2284351,10,Social Protection & Labor,2284350
526621,7,Financial Sector,526620
839457,20,External Debt,839456
2759786,10,Social Protection & Labor,2759785
2281204,10,Social Protection & Labor,2281203
1255043,19,Climate Change,1255042
2298429,10,Social Protection & Labor,2298428
3000726,10,Social Protection & Labor,3000725
3069834,10,Social Protection & Labor,3069833
1987052,12,Private Sector,1987051
3077149,10,Social Protection & Labor,3077148
3081725,10,Social Protection & Labor,3081724
1126718,20,External Debt,1126717
691457,2,Aid Effectiveness,691456
2750201,10,Social Protection & Labor,2750200
355630,4,Education,355629
849864,20,External Debt,849863
3079172,10,Social Protection & Labor,3079171
2285293,10,Social Protection & Labor,2285292
3077738,10,Social Protection & Labor,3077737
2268260,3,Economy & Growth,2268259
1755470,13,Public Sector,1755469
3076952,10,Social Protection & Labor,3076951
3093931,4,Education,3093930
312830,4,Education,312829
3078113,10,Social Protection & Labor,3078112
189741,10,Social Protection & Labor,189740
3080146,10,Social Protection & Labor,3080145
3062841,17,Gender,3062840
3061942,4,Education,3061941
2282494,10,Social Protection & Labor,2282493
3066208,10,Social Protection & Labor,3066207
1204782,20,External Debt,1204781
3073002,10,Social Protection & Labor,3073001
354277,4,Education,354276
3062951,17,Gender,3062950
688238,2,Aid Effectiveness,688237
2480579,10,Social Protection & Labor,2480576
1775438,7,Financial Sector,1775437
2542283,10,Social Protection & Labor,2542282
1945190,12,Private Sector,1945189
3055337,15,Social Development,3055332
2784442,10,Social Protection & Labor,2784441
3072221,10,Social Protection & Labor,3072220
2261059,4,Education,2261058
3078416,10,Social Protection & Labor,3078415
3030676,13,Public Sector,3030675
3077437,10,Social Protection & Labor,3077436
2259478,4,Education,2259477
3075706,10,Social Protection & Labor,3075705
3064842,10,Social Protection & Labor,3064841
2269977,6,Environment,2269975
1144126,3,Economy & Growth,1144125
188334,10,Social Protection & Labor,188333
1122497,20,External Debt,1122496
1091767,20,External Debt,1091766
3066519,10,Social Protection & Labor,3066518
3079301,10,Social Protection & Labor,3079300
3079089,10,Social Protection & Labor,3079088
353024,4,Education,353023
3069823,10,Social Protection & Labor,3069822
3065157,10,Social Protection & Labor,3065156
2840138,10,Social Protection & Labor,2840137
3086297,10,Social Protection & Labor,3086296
2281197,10,Social Protection & Labor,2281196
2280541,10,Social Protection & Labor,2280540
2769241,10,Social Protection & Labor,2769240
3082094,10,Social Protection & Labor,3082093
2294253,10,Social Protection & Labor,2294252
2269976,3,Economy & Growth,2269975
3031502,4,Education,3031501
2290640,10,Social Protection & Labor,2290639
3070205,10,Social Protection & Labor,3070204
2769759,10,Social Protection & Labor,2769758
2974947,10,Social Protection & Labor,2974946
2363011,10,Social Protection & Labor,2363010
1109537,20,External Debt,1109536
3082567,10,Social Protection & Labor,3082566
2778910,10,Social Protection & Labor,2778909
2283787,10,Social Protection & Labor,2283786
3063650,13,Public Sector,3063649
2280447,10,Social Protection & Labor,2280446
2778363,10,Social Protection & Labor,2778362
3069924,10,Social Protection & Labor,3069923
3076451,10,Social Protection & Labor,3076450
3069815,10,Social Protection & Labor,3069814
302244,4,Education,302243
2284452,10,Social Protection & Labor,2284451
438511,3,Economy & Growth,438510
307170,4,Education,307169
2262755,4,Education,2262754
1265160,6,Environment,1265159
3061067,4,Education,3061066
512037,13,Public Sector,512036
2281631,10,Social Protection & Labor,2281630
193401,10,Social Protection & Labor,193400
2283201,10,Social Protection & Labor,2283200
2281635,10,Social Protection & Labor,2281634
3075810,10,Social Protection & Labor,3075809
2769342,10,Social Protection & Labor,2769341
3059479,4,Education,3059478
54473,11,Poverty,54472
3078709,10,Social Protection & Labor,3078708
3082866,10,Social Protection & Labor,3082865
3063449,13,Public Sector,3063448
2367384,10,Social Protection & Labor,2367383
2725537,10,Social Protection & Labor,2725536
3073775,10,Social Protection & Labor,3073774
2517952,10,Social Protection & Labor,2517950
3076839,10,Social Protection & Labor,3076838
847243,20,External Debt,847242
2284630,10,Social Protection & Labor,2284629
3085883,10,Social Protection & Labor,3085882
2048600,9,Infrastructure,2048599
3062245,4,Education,3062244
3095263,4,Education,3095262
2990603,10,Social Protection & Labor,2990602
89079,10,Social Protection & Labor,89078
2268175,3,Economy & Growth,2268174
3080923,10,Social Protection & Labor,3080922
86029,10,Social Protection & Labor,86028
1201497,20,External Debt,1201496
2040238,13,Public Sector,2040237
866494,20,External Debt,866493
72057,11,Poverty,72056
3066614,10,Social Protection & Labor,3066613
3055342,15,Social Development,3055339
2265571,3,Economy & Growth,2265570
1280693,19,Climate Change,1280692
2690318,10,Social Protection & Labor,2690317
2281081,10,Social Protection & Labor,2281080
308585,4,Education,308584
3080815,10,Social Protection & Labor,3080814
2290364,10,Social Protection & Labor,2290363
1781157,7,Financial Sector,1781156
3079380,10,Social Protection & Labor,3079379
254393,1,Agriculture & Rural Development,254392
2964145,10,Social Protection & Labor,2964144
3080819,10,Social Protection & Labor,3080818
1018368,3,Economy & Growth,1018367
1782541,7,Financial Sector,1782540
2035211,14,Science & Technology,2035210
1945168,12,Private Sector,1945167
2268267,3,Economy & Growth,2268266
3062062,4,Education,3062060
2245468,4,Education,2245467
2674313,10,Social Protection & Labor,2674312
2295339,10,Social Protection & Labor,2295338
3078296,10,Social Protection & Labor,3078295
1774114,7,Financial Sector,1774113
3086392,10,Social Protection & Labor,3086391
2538221,10,Social Protection & Labor,2538220
2823701,10,Social Protection & Labor,2823700
3061551,4,Education,3061550
1094201,20,External Debt,1094200
1805354,13,Public Sector,1805353
3064970,10,Social Protection & Labor,3064969
2045811,16,Urban Development,2045808
2036977,13,Public Sector,2036976
3082684,10,Social Protection & Labor,3082683
3056625,4,Education,3056624
2779014,10,Social Protection & Labor,2779013
78922,11,Poverty,78921
2281729,10,Social Protection & Labor,2281728
2289408,10,Social Protection & Labor,2289407
2264856,13,Public Sector,2264855
3079367,10,Social Protection & Labor,3079366
80834,11,Poverty,80833
2280893,10,Social Protection & Labor,2280892
2823710,10,Social Protection & Labor,2823709
3076849,10,Social Protection & Labor,3076847
1925847,12,Private Sector,1925845
2882104,10,Social Protection & Labor,2882103
3065731,10,Social Protection & Labor,3065730
2290275,10,Social Protection & Labor,2290274
1102816,20,External Debt,1102815
2268009,3,Economy & Growth,2268008
3081412,10,Social Protection & Labor,3081411
783839,20,External Debt,783838
883237,3,Economy & Growth,883236
1710056,7,Financial Sector,1710055
1109506,20,External Debt,1109505
336027,4,Education,336026
3079483,10,Social Protection & Labor,3079482
3062357,4,Education,3062356
3059486,4,Education,3059485
1132836,2,Aid Effectiveness,1132835
2984623,10,Social Protection & Labor,2984622
336036,4,Education,336035
2880111,10,Social Protection & Labor,2880110
3061863,17,Gender,3061861
848678,20,External Debt,848677
2779097,10,Social Protection & Labor,2779096
2962173,10,Social Protection & Labor,2962172
2312138,10,Social Protection & Labor,2312137
3082776,10,Social Protection & Labor,3082775
1116666,20,External Debt,1116665
2289130,10,Social Protection & Labor,2289129
3032843,4,Education,3032842
3032852,4,Education,3032851
2498173,10,Social Protection & Labor,2498172
2750186,10,Social Protection & Labor,2750185
2289003,10,Social Protection & Labor,2289002
2814364,10,Social Protection & Labor,2814363
2266026,3,Economy & Growth,2266025
3006284,10,Social Protection & Labor,3006283
3066627,10,Social Protection & Labor,3066626
339747,4,Education,339746
3068753,10,Social Protection & Labor,3068752
3072984,10,Social Protection & Labor,3072983
3078005,10,Social Protection & Labor,3078004
56835,11,Poverty,56834
2705132,10,Social Protection & Labor,2705131
1168816,3,Economy & Growth,1168815
2731117,10,Social Protection & Labor,2731116
3077235,10,Social Protection & Labor,3077234
3034210,17,Gender,3034208
2284074,10,Social Protection & Labor,2284073
353030,4,Education,353029
2769562,10,Social Protection & Labor,2769561
1269445,6,Environment,1269444
2882110,10,Social Protection & Labor,2882109
2270682,3,Economy & Growth,2270681
2984691,10,Social Protection & Labor,2984690
1168817,20,External Debt,1168815
854083,20,External Debt,854082
334832,4,Education,334831
3061952,4,Education,3061951
3076567,10,Social Protection & Labor,3076566
3077749,10,Social Protection & Labor,3077748
2734344,10,Social Protection & Labor,2734343
1946809,12,Private Sector,1946806
2267040,21,Trade,2267038
3080936,10,Social Protection & Labor,3080935
3065339,10,Social Protection & Labor,3065338
2768429,10,Social Protection & Labor,2768428
3086080,10,Social Protection & Labor,3086079
436915,20,External Debt,436912
3063367,17,Gender,3063365
2769253,10,Social Protection & Labor,2769252
3082391,10,Social Protection & Labor,3082390
1235871,5,Energy & Mining,1235870
2271223,3,Economy & Growth,2271222
1805385,13,Public Sector,1805384
193408,10,Social Protection & Labor,193407
2769345,10,Social Protection & Labor,2769344
3065956,10,Social Protection & Labor,3065955
2283392,10,Social Protection & Labor,2283391
3013453,10,Social Protection & Labor,3013452
2358215,10,Social Protection & Labor,2358214
308562,4,Education,308561
1759880,13,Public Sector,1759878
2285604,10,Social Protection & Labor,2285603
3080842,10,Social Protection & Labor,3080841
856757,20,External Debt,856756
2769777,10,Social Protection & Labor,2769776
2987504,10,Social Protection & Labor,2987503
3064662,10,Social Protection & Labor,3064661
3062360,4,Education,3062359
2888961,10,Social Protection & Labor,2888960
2266044,3,Economy & Growth,2266043
3076178,10,Social Protection & Labor,3076177
2778582,10,Social Protection & Labor,2778581
1145925,2,Aid Effectiveness,1145924
2769667,10,Social Protection & Labor,2769666
2770295,10,Social Protection & Labor,2770294
2823698,10,Social Protection & Labor,2823697
3069719,10,Social Protection & Labor,3069718
851299,20,External Debt,851298
2282167,10,Social Protection & Labor,2282166
801176,20,External Debt,801175
1259533,6,Environment,1259531
3066211,10,Social Protection & Labor,3066210
2270088,5,Energy & Mining,2270086
1268288,6,Environment,1268287
3079175,10,Social Protection & Labor,3079174
3068943,10,Social Protection & Labor,3068942
2266486,3,Economy & Growth,2266485
2270169,3,Economy & Growth,2270168
1129905,20,External Debt,1129904
421912,21,Trade,421910
3081304,10,Social Protection & Labor,3081303
1120984,20,External Debt,1120983
1724078,7,Financial Sector,1724077
358733,4,Education,358732
87333,10,Social Protection & Labor,87332
84081,10,Social Protection & Labor,84080
2281278,10,Social Protection & Labor,2281277
2797634,10,Social Protection & Labor,2797633
2270465,3,Economy & Growth,2270464
1091790,20,External Debt,1091789
3066802,10,Social Protection & Labor,3066801
3092601,4,Education,3092600
2041842,9,Infrastructure,2041841
1282020,19,Climate Change,1282019
2281737,10,Social Protection & Labor,2281736
2041820,9,Infrastructure,2041819
3061155,17,Gender,3061153
3091312,13,Public Sector,3091311
2060043,9,Infrastructure,2060042
2283601,10,Social Protection & Labor,2283600
2770314,10,Social Protection & Labor,2770313
2697789,10,Social Protection & Labor,2697788
3085992,10,Social Protection & Labor,3085991
3086378,10,Social Protection & Labor,3086377
2769552,10,Social Protection & Labor,2769551
1768310,13,Public Sector,1768309
1279533,6,Environment,1279530
1253494,6,Environment,1253491
2263374,4,Education,2263373
307166,4,Education,307165
188331,10,Social Protection & Labor,188330
691496,18,Millenium development goals,691495
1962666,12,Private Sector,1962665
3078886,10,Social Protection & Labor,3078885
2493739,10,Social Protection & Labor,2493738
2768422,10,Social Protection & Labor,2768421
3058656,4,Education,3058655
2372009,10,Social Protection & Labor,2372008
2036809,13,Public Sector,2036808
3084690,10,Social Protection & Labor,3084689
2330994,10,Social Protection & Labor,2330993
2770208,10,Social Protection & Labor,2770207
3086185,10,Social Protection & Labor,3086184
435575,3,Economy & Growth,435574
2727449,10,Social Protection & Labor,2727448
2265930,3,Economy & Growth,2265929
990957,20,External Debt,990956
3056626,17,Gender,3056624
3075788,10,Social Protection & Labor,3075787
3082473,10,Social Protection & Labor,3082472
1719798,7,Financial Sector,1719796
2284171,10,Social Protection & Labor,2284170
2280900,10,Social Protection & Labor,2280899
3077424,10,Social Protection & Labor,3077423
3056832,4,Education,3056831
831220,20,External Debt,831219
1977734,12,Private Sector,1977733
1255040,6,Environment,1255038
2864600,10,Social Protection & Labor,2864599
2522932,10,Social Protection & Labor,2522931
3066732,10,Social Protection & Labor,3066731
2290074,10,Social Protection & Labor,2290073
55618,11,Poverty,55617
2282091,10,Social Protection & Labor,2282090
3094091,4,Education,3094090
3079000,10,Social Protection & Labor,3078999
2690175,10,Social Protection & Labor,2690174
3073469,10,Social Protection & Labor,3073468
2284930,10,Social Protection & Labor,2284929
3085247,10,Social Protection & Labor,3085246
2994465,10,Social Protection & Labor,2994464
852746,20,External Debt,852745
433299,20,External Debt,433297
2283773,10,Social Protection & Labor,2283772
3003353,10,Social Protection & Labor,3003352
1761322,13,Public Sector,1761321
1234328,19,Climate Change,1234326
354378,4,Education,354377
1269424,6,Environment,1269423
3063724,17,Gender,3063723
2331013,10,Social Protection & Labor,2331012
3081311,10,Social Protection & Labor,3081310
3062934,17,Gender,3062933
3075596,10,Social Protection & Labor,3075595
2290969,10,Social Protection & Labor,2290968
2779017,10,Social Protection & Labor,2779016
322782,4,Education,322781
858620,20,External Debt,858619
2282731,10,Social Protection & Labor,2282730
2778611,10,Social Protection & Labor,2778610
2778597,10,Social Protection & Labor,2778596
838081,20,External Debt,838080
3077322,10,Social Protection & Labor,3077321
1237111,9,Infrastructure,1237108
2266134,3,Economy & Growth,2266133
2282383,10,Social Protection & Labor,2282382
2270293,21,Trade,2270291
2968289,10,Social Protection & Labor,2968288
1087110,20,External Debt,1087109
3061250,4,Education,3061249
3078299,10,Social Protection & Labor,3078298
3034213,4,Education,3034212
3032840,4,Education,3032839
3061854,4,Education,3061853
2265732,3,Economy & Growth,2265731
2741367,10,Social Protection & Labor,2741364
3093923,4,Education,3093922
811553,20,External Debt,811552
2283681,10,Social Protection & Labor,2283680
849886,20,External Debt,849885
3063455,17,Gender,3063453
3066806,10,Social Protection & Labor,3066805
845741,20,External Debt,845740
2771588,10,Social Protection & Labor,2771587
2264850,13,Public Sector,2264849
2974795,10,Social Protection & Labor,2974794
82552,10,Social Protection & Labor,82551
3084793,10,Social Protection & Labor,3084792
2958729,10,Social Protection & Labor,2958728
3080907,10,Social Protection & Labor,3080906
3070208,10,Social Protection & Labor,3070207
3069347,10,Social Protection & Labor,3069346
2840145,10,Social Protection & Labor,2840144
1954647,17,Gender,1954645
2261145,4,Education,2261144
2272305,7,Financial Sector,2272303
2289060,10,Social Protection & Labor,2289059
3060306,4,Education,3060305
77717,11,Poverty,77716
2263581,21,Trade,2263579
2285475,10,Social Protection & Labor,2285474
84018,10,Social Protection & Labor,84017
509490,13,Public Sector,509489
3086287,10,Social Protection & Labor,3086286
2776996,10,Social Protection & Labor,2776995
308630,4,Education,308629
3034209,4,Education,3034208
3061957,17,Gender,3061955
3082687,10,Social Protection & Labor,3082686
3055797,4,Education,3055796
3084944,10,Social Protection & Labor,3084943
3081220,10,Social Protection & Labor,3081219
2779100,10,Social Protection & Labor,2779099
3055976,4,Education,3055975
3078702,10,Social Protection & Labor,3078701
426832,3,Economy & Growth,426831
3065334,10,Social Protection & Labor,3065333
2770586,10,Social Protection & Labor,2770585
3064956,10,Social Protection & Labor,3064955
1779607,7,Financial Sector,1779606
2263464,4,Education,2263463
3077919,10,Social Protection & Labor,3077918
308611,4,Education,308610
2262956,4,Education,2262955
2526709,10,Social Protection & Labor,2526708
2270287,18,Millenium development goals,2270286
989871,20,External Debt,989870
1975004,21,Trade,1975002
3069531,10,Social Protection & Labor,3069530
1131287,20,External Debt,1131286
3076652,10,Social Protection & Labor,3076651
2704295,10,Social Protection & Labor,2704294
2836589,10,Social Protection & Labor,2836588
334779,4,Education,334778
3094024,4,Education,3094023
2298357,10,Social Protection & Labor,2298356
435522,21,Trade,435520
3078098,10,Social Protection & Labor,3078097
3080047,10,Social Protection & Labor,3080046
254400,19,Climate Change,254398
3065160,10,Social Protection & Labor,3065159
3073381,10,Social Protection & Labor,3073380
2814287,10,Social Protection & Labor,2814286
2283988,10,Social Protection & Labor,2283987
3077043,10,Social Protection & Labor,3077042
829400,20,External Debt,829399
1206403,20,External Debt,1206402
2290355,10,Social Protection & Labor,2290354
3075874,10,Social Protection & Labor,3075873
302213,4,Education,302212
2285112,10,Social Protection & Labor,2285111
2833965,10,Social Protection & Labor,2833964
3062853,17,Gender,3062852
2280805,10,Social Protection & Labor,2280804
1992404,9,Infrastructure,1992403
2778897,10,Social Protection & Labor,2778896
3075600,10,Social Protection & Labor,3075599
3061943,17,Gender,3061941
1119757,2,Aid Effectiveness,1119756
1231610,9,Infrastructure,1231607
3081207,10,Social Protection & Labor,3081206
3085531,10,Social Protection & Labor,3085530
858614,20,External Debt,858613
3079370,10,Social Protection & Labor,3079369
3065045,10,Social Protection & Labor,3065044
3061972,4,Education,3061971
3066311,10,Social Protection & Labor,3066310
1045065,20,External Debt,1045064
2501838,10,Social Protection & Labor,2501837
1116639,20,External Debt,1116638
2778707,10,Social Protection & Labor,2778706
2290726,10,Social Protection & Labor,2290725
2738074,10,Social Protection & Labor,2738073
1231567,5,Energy & Mining,1231565
2290350,10,Social Protection & Labor,2290349
1124682,20,External Debt,1124681
686919,2,Aid Effectiveness,686918
2287373,10,Social Protection & Labor,2287372
2281092,10,Social Protection & Labor,2281091
3077140,10,Social Protection & Labor,3077139
1231570,5,Energy & Mining,1231569
3066700,10,Social Protection & Labor,3066699
943166,20,External Debt,943165
2363116,10,Social Protection & Labor,2363115
3079585,10,Social Protection & Labor,3079584
3069132,10,Social Protection & Labor,3069131
3078190,10,Social Protection & Labor,3078189
2266931,3,Economy & Growth,2266930
2778891,10,Social Protection & Labor,2778890
2643405,10,Social Protection & Labor,2643404
433389,21,Trade,433386
361808,4,Education,361807
418852,7,Financial Sector,418850
1258271,6,Environment,1258269
1256780,6,Environment,1256778
2268461,3,Economy & Growth,2268460
2036974,13,Public Sector,2036973
1278458,5,Energy & Mining,1278457
1937028,12,Private Sector,1937027
2283303,10,Social Protection & Labor,2283302
691348,2,Aid Effectiveness,691347
433394,21,Trade,433391
3077255,10,Social Protection & Labor,3077254
883238,20,External Debt,883236
2282179,10,Social Protection & Labor,2282178
1106832,20,External Debt,1106831
2283029,10,Social Protection & Labor,2283028
3006210,10,Social Protection & Labor,3006209
3060866,17,Gender,3060864
3056815,4,Education,3056814
75258,11,Poverty,75257
856870,20,External Debt,856869
3065534,10,Social Protection & Labor,3065533
1046561,20,External Debt,1046560
1942196,12,Private Sector,1942194
1279501,9,Infrastructure,1279500
2885694,10,Social Protection & Labor,2885693
2308831,10,Social Protection & Labor,2308830
3080056,10,Social Protection & Labor,3080055
2868277,10,Social Protection & Labor,2868276
1779717,7,Financial Sector,1779716
2284736,10,Social Protection & Labor,2284735
1954646,12,Private Sector,1954645
2823692,10,Social Protection & Labor,2823691
2290735,10,Social Protection & Labor,2290734
3064939,10,Social Protection & Labor,3064938
3080822,10,Social Protection & Labor,3080821
3081424,10,Social Protection & Labor,3081423
2282176,10,Social Protection & Labor,2282175
3034121,17,Gender,3034119
2282285,10,Social Protection & Labor,2282284
3082577,10,Social Protection & Labor,3082576
969759,20,External Debt,969758
2780379,10,Social Protection & Labor,2780378
1728846,7,Financial Sector,1728845
357167,4,Education,357166
189722,10,Social Protection & Labor,189721
3069934,10,Social Protection & Labor,3069933
2283690,10,Social Protection & Labor,2283689
3080251,10,Social Protection & Labor,3080250
2284641,10,Social Protection & Labor,2284640
2510004,10,Social Protection & Labor,2510003
2268555,3,Economy & Growth,2268554
3080061,10,Social Protection & Labor,3080060
76554,11,Poverty,76553
3076469,10,Social Protection & Labor,3076468
1114768,20,External Debt,1114767
2643381,10,Social Protection & Labor,2643380
1776909,7,Financial Sector,1776908
883187,20,External Debt,883185
3003371,10,Social Protection & Labor,3003370
686914,2,Aid Effectiveness,686913
1113369,20,External Debt,1113368
2778808,10,Social Protection & Labor,2778807
1262344,6,Environment,1262343
1105339,20,External Debt,1105337
3065249,10,Social Protection & Labor,3065248
2741502,10,Social Protection & Labor,2741501
1260953,6,Environment,1260951
1279399,6,Environment,1279398
1945198,12,Private Sector,1945197
2281560,10,Social Protection & Labor,2281559
3081795,10,Social Protection & Labor,3081794
2281830,10,Social Protection & Labor,2281829
2282389,10,Social Protection & Labor,2282388
3003439,10,Social Protection & Labor,3003438
2284070,10,Social Protection & Labor,2284069
334803,4,Education,334802
2489353,10,Social Protection & Labor,2489352
2040204,13,Public Sector,2040203
3062042,4,Education,3062041
2331007,10,Social Protection & Labor,2331006
1993557,12,Private Sector,1993555
2308859,10,Social Protection & Labor,2308858
2292044,10,Social Protection & Labor,2292043
3085630,10,Social Protection & Labor,3085629
2282392,10,Social Protection & Labor,2282391
3081104,10,Social Protection & Labor,3081103
2770401,10,Social Protection & Labor,2770400
1109509,20,External Debt,1109508
2283032,10,Social Protection & Labor,2283031
3061064,17,Gender,3061062
3077421,10,Social Protection & Labor,3077420
1761283,13,Public Sector,1761282
3069419,10,Social Protection & Labor,3069418
2284720,10,Social Protection & Labor,2284719
1233052,9,Infrastructure,1233049
1045062,20,External Debt,1045061
2284077,10,Social Protection & Labor,2284076
2480542,10,Social Protection & Labor,2480541
321141,4,Education,321140
2284280,10,Social Protection & Labor,2284279
990980,20,External Debt,990979
3081895,10,Social Protection & Labor,3081894
2534488,10,Social Protection & Labor,2534487
1119771,20,External Debt,1119770
693431,18,Millenium development goals,693430
2551399,10,Social Protection & Labor,2551398
3063018,17,Gender,3063017
2282947,10,Social Protection & Labor,2282946
1778447,7,Financial Sector,1778446
2295306,10,Social Protection & Labor,2295305
2283975,10,Social Protection & Labor,2283974
3069443,10,Social Protection & Labor,3069442
2489279,10,Social Protection & Labor,2489278
2734332,10,Social Protection & Labor,2734331
1232982,19,Climate Change,1232980
259017,1,Agriculture & Rural Development,259016
2505790,10,Social Protection & Labor,2505789
77714,11,Poverty,77713
3077842,10,Social Protection & Labor,3077841
1256804,1,Agriculture & Rural Development,1256803
1807179,13,Public Sector,1807178
2281643,10,Social Protection & Labor,2281642
2770688,10,Social Protection & Labor,2770687
2282937,10,Social Protection & Labor,2282936
3082288,10,Social Protection & Labor,3082287
2820884,10,Social Protection & Labor,2820883
1259536,19,Climate Change,1259535
3072122,10,Social Protection & Labor,3072121
2289680,10,Social Protection & Labor,2289679
2289698,10,Social Protection & Labor,2289697
1279494,9,Infrastructure,1279490
2551319,10,Social Protection & Labor,2551318
839483,20,External Debt,839482
968301,3,Economy & Growth,968300
1087121,20,External Debt,1087119
2776985,10,Social Protection & Labor,2776984
2727443,10,Social Protection & Labor,2727442
856808,20,External Debt,856807
2268201,3,Economy & Growth,2268200
1234281,5,Energy & Mining,1234280
1984634,12,Private Sector,1984633
2282073,10,Social Protection & Labor,2282072
3082307,10,Social Protection & Labor,3082306
3031569,4,Education,3031568
3068650,10,Social Protection & Labor,3068649
2270279,6,Environment,2270277
2517766,10,Social Protection & Labor,2517765
2305919,10,Social Protection & Labor,2305918
3003347,10,Social Protection & Labor,3003346
3062859,17,Gender,3062858
2281837,10,Social Protection & Labor,2281836
3070311,10,Social Protection & Labor,3070310
1782460,7,Financial Sector,1782459
968273,20,External Debt,968271
2298351,10,Social Protection & Labor,2298350
1965476,12,Private Sector,1965474
3061063,4,Education,3061062
1778440,7,Financial Sector,1778439
1113331,20,External Debt,1113329
3059471,4,Education,3059470
3063246,17,Gender,3063245
3062051,4,Education,3062050
2771484,10,Social Protection & Labor,2771483
2706129,10,Social Protection & Labor,2706128
2873153,10,Social Protection & Labor,2873152
990983,20,External Debt,990982
3069534,10,Social Protection & Labor,3069533
1718656,7,Financial Sector,1718655
3080028,10,Social Protection & Labor,3080027
2393522,10,Social Protection & Labor,2393521
1124688,20,External Debt,1124687
2280913,10,Social Protection & Labor,2280912
1776902,7,Financial Sector,1776901
2498180,10,Social Protection & Labor,2498179
3079178,10,Social Protection & Labor,3079177
3065169,10,Social Protection & Labor,3065168
2266758,3,Economy & Growth,2266757
2964155,10,Social Protection & Labor,2964154
1004254,20,External Debt,1004253
3072992,10,Social Protection & Labor,3072991
1728809,7,Financial Sector,1728808
2669773,10,Social Protection & Labor,2669772
3061358,17,Gender,3061356
2270181,3,Economy & Growth,2270180
1106887,2,Aid Effectiveness,1106886
3073465,10,Social Protection & Labor,3073464
1987097,12,Private Sector,1987096
3062067,4,Education,3062065
3085145,10,Social Protection & Labor,3085144
1259532,16,Urban Development,1259531
2284716,10,Social Protection & Labor,2284715
2738064,10,Social Protection & Labor,2738063
2326228,10,Social Protection & Labor,2326227
2283039,10,Social Protection & Labor,2283038
344329,4,Education,344328
2974809,10,Social Protection & Labor,2974808
2296228,10,Social Protection & Labor,2296227
688246,2,Aid Effectiveness,688245
2035218,14,Science & Technology,2035217
2295323,10,Social Protection & Labor,2295322
2263657,21,Trade,2263655
2727458,10,Social Protection & Labor,2727457
300732,4,Education,300731
319577,4,Education,319576
2290628,10,Social Protection & Labor,2290627
3065741,10,Social Protection & Labor,3065740
3069641,10,Social Protection & Labor,3069640
2270099,6,Environment,2270097
3069525,10,Social Protection & Labor,3069524
3069633,10,Social Protection & Labor,3069632
3077347,10,Social Protection & Labor,3077346
259072,6,Environment,259070
2551322,10,Social Protection & Labor,2551321
2266047,3,Economy & Growth,2266046
3086182,10,Social Protection & Labor,3086181
2282184,10,Social Protection & Labor,2282183
1974946,21,Trade,1974944
3076939,10,Social Protection & Labor,3076938
1758360,13,Public Sector,1758359
2317003,10,Social Protection & Labor,2317002
2977653,10,Social Protection & Labor,2977652
2706123,10,Social Protection & Labor,2706122
1338183,7,Financial Sector,1338182
1937029,21,Trade,1937027
3069741,10,Social Protection & Labor,3069740
2980877,10,Social Protection & Labor,2980876
1048345,20,External Debt,1048344
3061934,4,Education,3061933
1106861,20,External Debt,1106860
3056618,17,Gender,3056616
3082296,10,Social Protection & Labor,3082295
2393430,10,Social Protection & Labor,2393429
691451,2,Aid Effectiveness,691450
1104090,20,External Debt,1104089
1711887,7,Financial Sector,1711886
3065963,10,Social Protection & Labor,3065962
2778697,10,Social Protection & Labor,2778696
1018369,20,External Debt,1018367
3070041,10,Social Protection & Labor,3070040
2833968,10,Social Protection & Labor,2833967
1033647,20,External Debt,1033646
3079070,10,Social Protection & Labor,3079069
2284922,10,Social Protection & Labor,2284921
3085802,10,Social Protection & Labor,3085801
3078193,10,Social Protection & Labor,3078192
3085165,10,Social Protection & Labor,3085164
2704308,10,Social Protection & Labor,2704307
2367499,10,Social Protection & Labor,2367498
3092763,4,Education,3092762
2263649,21,Trade,2263647
2405109,10,Social Protection & Labor,2405108
1124673,20,External Debt,1124672
2290278,10,Social Protection & Labor,2290277
2289221,10,Social Protection & Labor,2289220
2741499,10,Social Protection & Labor,2741498
3055629,4,Education,3055628
321031,4,Education,321030
2705157,10,Social Protection & Labor,2705156
1093125,20,External Debt,1093124
2289988,10,Social Protection & Labor,2289987
3093935,4,Education,3093934
3068637,10,Social Protection & Labor,3068636
2041758,13,Public Sector,2041757
1945208,12,Private Sector,1945207
2836607,10,Social Protection & Labor,2836606
334835,4,Education,334834
257404,1,Agriculture & Rural Development,257403
2846831,10,Social Protection & Labor,2846830
861439,20,External Debt,861437
2725528,10,Social Protection & Labor,2725527
2344655,10,Social Protection & Labor,2344654
3062948,17,Gender,3062947
1974998,21,Trade,1974996
2283211,10,Social Protection & Labor,2283210
2281372,10,Social Protection & Labor,2281371
3055801,4,Education,3055800
3032747,4,Education,3032746
3076949,10,Social Protection & Labor,3076948
1129902,20,External Debt,1129901
2980859,10,Social Protection & Labor,2980858
2638733,10,Social Protection & Labor,2638732
3080730,10,Social Protection & Labor,3080729
2678072,10,Social Protection & Labor,2678071
3064962,10,Social Protection & Labor,3064961
2266864,3,Economy & Growth,2266863
345696,4,Education,345695
3092684,4,Education,3092683
2977638,10,Social Protection & Labor,2977637
77632,11,Poverty,77631
3072295,10,Social Protection & Labor,3072294
2270087,3,Economy & Growth,2270086
1782389,7,Financial Sector,1782388
2724319,10,Social Protection & Labor,2724318
3078199,10,Social Protection & Labor,3078198
2797646,10,Social Protection & Labor,2797645
2522929,10,Social Protection & Labor,2522928
1272361,16,Urban Development,1272359
1279429,6,Environment,1279428
3068746,10,Social Protection & Labor,3068745
2705143,10,Social Protection & Labor,2705142
2405099,10,Social Protection & Labor,2405098
2270094,3,Economy & Growth,2270093
2778913,10,Social Protection & Labor,2778912
1993628,9,Infrastructure,1993627
1759896,13,Public Sector,1759895
849860,20,External Debt,849859
3055424,15,Social Development,3055421
3064781,10,Social Protection & Labor,3064780
1279492,1,Agriculture & Rural Development,1279490
2761986,10,Social Protection & Labor,2761985
2797649,10,Social Protection & Labor,2797648
367426,3,Economy & Growth,367425
2317209,10,Social Protection & Labor,2317208
1772784,7,Financial Sector,1772783
1102828,20,External Debt,1102827
1131371,2,Aid Effectiveness,1131370
3065042,10,Social Protection & Labor,3065041
2270184,3,Economy & Growth,2270183
257406,6,Environment,257403
1940472,12,Private Sector,1940471
3084875,10,Social Protection & Labor,3084874
2873177,10,Social Protection & Labor,2873176
801148,20,External Debt,801147
2289980,10,Social Protection & Labor,2289979
2769360,10,Social Protection & Labor,2769359
3079577,10,Social Protection & Labor,3079576
3006198,10,Social Protection & Labor,3006197
3077517,10,Social Protection & Labor,3077516
2265471,3,Economy & Growth,2265470
333431,4,Education,333430
354362,4,Education,354361
1119760,2,Aid Effectiveness,1119759
3080441,10,Social Protection & Labor,3080440
1779807,7,Financial Sector,1779806
2282173,10,Social Protection & Labor,2282172
2756903,10,Social Protection & Labor,2756902
1970722,12,Private Sector,1970721
355614,4,Education,355613
338403,4,Education,338402
1993592,9,Infrastructure,1993591
344303,4,Education,344302
1231574,5,Energy & Mining,1231573
345766,4,Education,345762
2284723,10,Social Protection & Labor,2284722
416144,3,Economy & Growth,416143
2950986,10,Social Protection & Labor,2950985
2358205,10,Social Protection & Labor,2358204
3055884,4,Education,3055883
2376665,10,Social Protection & Labor,2376664
3081233,10,Social Protection & Labor,3081232
3077146,10,Social Protection & Labor,3077145
2270482,3,Economy & Growth,2270481
1004250,20,External Debt,1004249
1060495,3,Economy & Growth,1060494
255731,1,Agriculture & Rural Development,255730
847237,20,External Debt,847236
3095268,4,Education,3095267
3072906,10,Social Protection & Labor,3072905
2282084,10,Social Protection & Labor,2282083
3062047,17,Gender,3062045
1106858,20,External Debt,1106857
2744196,10,Social Protection & Labor,2744195
3080736,10,Social Protection & Labor,3080735
3061564,4,Education,3061563
1710068,7,Financial Sector,1710067
1145929,3,Economy & Growth,1145927
3092227,13,Public Sector,3092226
2958739,10,Social Protection & Labor,2958738
3084871,10,Social Protection & Labor,3084870
2861448,10,Social Protection & Labor,2861447
2778102,10,Social Protection & Labor,2778101
3073358,10,Social Protection & Labor,3073357
1126657,20,External Debt,1126656
2534500,10,Social Protection & Labor,2534499
3056430,4,Education,3056429
2282294,10,Social Protection & Labor,2282293
3061845,4,Education,3061844
1011295,20,External Debt,1011294
3072322,10,Social Protection & Labor,3072321
2033930,14,Science & Technology,2033929
1126583,20,External Debt,1126582
2290939,10,Social Protection & Labor,2290938
2284253,10,Social Protection & Labor,2284252
2870330,10,Social Protection & Labor,2870329
3061370,4,Education,3061369
315968,4,Education,315967
1234421,21,Trade,1234419
3062550,4,Education,3062549
3086410,10,Social Protection & Labor,3086409
3003350,10,Social Protection & Labor,3003349
3077248,10,Social Protection & Labor,3077247
1764093,13,Public Sector,1764092
2238292,4,Education,2238291
3085995,10,Social Protection & Labor,3085994
3082481,10,Social Protection & Labor,3082480
2510007,10,Social Protection & Labor,2510006
3056823,17,Gender,3056821
997412,20,External Debt,997411
693443,18,Millenium development goals,693442
2281296,10,Social Protection & Labor,2281295
2269996,3,Economy & Growth,2269995
425462,3,Economy & Growth,425461
3077530,10,Social Protection & Labor,3077529
2263576,21,Trade,2263575
3061462,17,Gender,3061460
435516,21,Trade,435513
3077242,10,Social Protection & Labor,3077241
3075593,10,Social Protection & Labor,3075592
351658,4,Education,351657
2272384,3,Economy & Growth,2272383
3073655,10,Social Protection & Labor,3073654
2282077,10,Social Protection & Labor,2282076
2283886,10,Social Protection & Labor,2283885
1775432,7,Financial Sector,1775431
3061142,17,Gender,3061140
54956,11,Poverty,54955
1784079,7,Financial Sector,1784078
2282276,10,Social Protection & Labor,2282275
1256901,5,Energy & Mining,1256900
2381027,10,Social Protection & Labor,2381026
854094,20,External Debt,854093
1105313,20,External Debt,1105312
1207672,20,External Debt,1207670
1758351,13,Public Sector,1758350
2263648,12,Private Sector,2263647
360412,4,Education,360411
3072517,10,Social Protection & Labor,3072516
357164,4,Education,357163
833152,20,External Debt,833151
3082001,10,Social Protection & Labor,3082000
1087137,20,External Debt,1087136
854071,20,External Debt,854070
2052976,9,Infrastructure,2052975
2873174,10,Social Protection & Labor,2873173
3068858,10,Social Protection & Labor,3068857
85972,10,Social Protection & Labor,85971
3065946,10,Social Protection & Labor,3065945
2555014,10,Social Protection & Labor,2555013
2281547,10,Social Protection & Labor,2281546
2285600,10,Social Protection & Labor,2285599
2284739,10,Social Protection & Labor,2284738
3072611,10,Social Protection & Labor,3072610
3064854,10,Social Protection & Labor,3064853
1759875,13,Public Sector,1759874
2045890,9,Infrastructure,2045889
1972210,12,Private Sector,1972209
3085706,10,Social Protection & Labor,3085705
3081327,10,Social Protection & Labor,3081326
3077153,10,Social Protection & Labor,3077152
855596,20,External Debt,855595
2270175,6,Environment,2270173
89048,10,Social Protection & Labor,89047
2768414,10,Social Protection & Labor,2768413
1945194,12,Private Sector,1945193
3061272,4,Education,3061271
3006287,10,Social Protection & Labor,3006286
2340244,10,Social Protection & Labor,2340243
2962156,10,Social Protection & Labor,2962155
331436,4,Education,331435
852704,20,External Debt,852703
3080227,10,Social Protection & Labor,3080226
2265548,3,Economy & Growth,2265547
431634,20,External Debt,431633
317727,4,Education,317726
3062139,4,Education,3062138
77666,11,Poverty,77665
1111809,20,External Debt,1111808
342732,4,Education,342731
3085327,10,Social Protection & Labor,3085326
2283677,10,Social Protection & Labor,2283676
3084868,10,Social Protection & Labor,3084867
2270485,3,Economy & Growth,2270484
3063374,13,Public Sector,3063373
2791572,10,Social Protection & Labor,2791571
2756892,10,Social Protection & Labor,2756891
2489276,10,Social Protection & Labor,2489275
3061060,17,Gender,3061058
3066822,10,Social Protection & Labor,3066821
2282930,10,Social Protection & Labor,2282929
2266135,21,Trade,2266133
3091319,13,Public Sector,3091318
3082872,10,Social Protection & Labor,3082871
2955066,10,Social Protection & Labor,2955065
3080626,10,Social Protection & Labor,3080625
314243,4,Education,314242
2770564,10,Social Protection & Labor,2770563
2653103,10,Social Protection & Labor,2653102
3092696,4,Education,3092695
3092223,13,Public Sector,3092222
3031679,4,Education,3031678
357161,4,Education,357160
3055895,4,Education,3055894
3086074,10,Social Protection & Labor,3086073
3091309,13,Public Sector,3091308
3081331,10,Social Protection & Labor,3081330
2771591,10,Social Protection & Labor,2771590
2289810,10,Social Protection & Labor,2289809
2282638,10,Social Protection & Labor,2282637
3069931,10,Social Protection & Labor,3069930
2769366,10,Social Protection & Labor,2769365
2725540,10,Social Protection & Labor,2725539
691549,18,Millenium development goals,691547
2283697,10,Social Protection & Labor,2283696
2774210,10,Social Protection & Labor,2774209
84063,10,Social Protection & Labor,84062
1776793,7,Financial Sector,1776792
345745,4,Education,345744
2285591,10,Social Protection & Labor,2285590
2287376,10,Social Protection & Labor,2287375
2674322,10,Social Protection & Labor,2674321
3077520,10,Social Protection & Labor,3077519
2267996,3,Economy & Growth,2267995
3077830,10,Social Protection & Labor,3077829
3081026,10,Social Protection & Labor,3081025
2289498,10,Social Protection & Labor,2289497
3073752,10,Social Protection & Labor,3073751
2270676,3,Economy & Growth,2270675
3065331,10,Social Protection & Labor,3065330
2284933,10,Social Protection & Labor,2284932
3063145,17,Gender,3063144
1128073,20,External Debt,1128072
3076351,10,Social Protection & Labor,3076350
1233050,5,Energy & Mining,1233049
2289894,10,Social Protection & Labor,2289893
2281814,10,Social Protection & Labor,2281813
2861464,10,Social Protection & Labor,2861463
2268549,3,Economy & Growth,2268548
1122466,20,External Debt,1122465
509493,13,Public Sector,509492
1139412,3,Economy & Growth,1139410
85952,10,Social Protection & Labor,85951
3077124,10,Social Protection & Labor,3077122
2262940,4,Education,2262939
3061965,17,Gender,3061963
3062371,4,Education,3062370
3068939,10,Social Protection & Labor,3068938
3068640,10,Social Protection & Labor,3068639
417599,21,Trade,417596
3078117,10,Social Protection & Labor,3078116
188322,10,Social Protection & Labor,188321
2284093,10,Social Protection & Labor,2284092
2690393,10,Social Protection & Labor,2690392
2955054,10,Social Protection & Labor,2955053
2285505,10,Social Protection & Labor,2285504
1975003,12,Private Sector,1975002
1035180,20,External Debt,1035179
3060303,4,Education,3060302
3061265,4,Education,3061264
302209,4,Education,302208
1943536,21,Trade,1943534
357177,4,Education,357176
1762654,13,Public Sector,1762653
1033677,20,External Debt,1033676
3075978,10,Social Protection & Labor,3075977
3079384,10,Social Protection & Labor,3079383
3077933,10,Social Protection & Labor,3077932
2814435,10,Social Protection & Labor,2814434
358737,4,Education,358736
3082108,10,Social Protection & Labor,3082107
2653100,10,Social Protection & Labor,2653099
367427,12,Private Sector,367425
2283992,10,Social Protection & Labor,2283991
2263393,4,Education,2263392
859804,20,External Debt,859803
2268178,3,Economy & Growth,2268177
2768426,10,Social Protection & Labor,2768425
2820861,10,Social Protection & Labor,2820860
2281908,10,Social Protection & Labor,2281907
89102,3,Economy & Growth,89101
2290972,10,Social Protection & Labor,2290971
1993533,9,Infrastructure,1993532
3079100,10,Social Protection & Labor,3079099
2778600,10,Social Protection & Labor,2778599
433301,2,Aid Effectiveness,433297
2888968,10,Social Protection & Labor,2888967
3062165,4,Education,3062164
2289318,10,Social Protection & Labor,2289317
2290738,10,Social Protection & Labor,2290737
2962088,10,Social Protection & Labor,2962087
3078313,10,Social Protection & Labor,3078312
1203380,20,External Debt,1203379
2266860,3,Economy & Growth,2266859
310117,4,Education,310116
190978,10,Social Protection & Labor,190977
1231602,5,Energy & Mining,1231601
3069941,10,Social Protection & Labor,3069940
3077052,10,Social Protection & Labor,3077051
351640,4,Education,351639
3063148,17,Gender,3063147
2823689,10,Social Protection & Labor,2823688
322804,4,Education,322803
2701854,10,Social Protection & Labor,2701853
2282479,10,Social Protection & Labor,2282478
2485554,10,Social Protection & Labor,2485553
3066139,10,Social Protection & Labor,3066138
2880104,10,Social Protection & Labor,2880103
1256902,6,Environment,1256900
1235809,5,Energy & Mining,1235808
2281208,10,Social Protection & Labor,2281207
70570,11,Poverty,70569
3073681,10,Social Protection & Labor,3073680
84085,10,Social Protection & Labor,84084
2283489,10,Social Protection & Labor,2283488
2776982,10,Social Protection & Labor,2776981
3072988,10,Social Protection & Labor,3072987
1255013,6,Environment,1255011
1200064,20,External Debt,1200063
3072208,10,Social Protection & Labor,3072207
526614,7,Financial Sector,526613
1756988,13,Public Sector,1756987
2282100,10,Social Protection & Labor,2282099
1943495,21,Trade,1943493
848728,20,External Debt,848727
2316911,10,Social Protection & Labor,2316910
3080740,10,Social Protection & Labor,3080739
3077634,10,Social Protection & Labor,3077633
1147320,20,External Debt,1147319
2044451,9,Infrastructure,2044450
3013376,10,Social Protection & Labor,3013375
3077533,10,Social Protection & Labor,3077532
3079486,10,Social Protection & Labor,3079485
2283797,10,Social Protection & Labor,2283796
307099,4,Education,307097
3080239,10,Social Protection & Labor,3080238
2290266,10,Social Protection & Labor,2290265
2283042,10,Social Protection & Labor,2283041
3085424,10,Social Protection & Labor,3085423
844169,20,External Debt,844168
2881832,10,Social Protection & Labor,2881831
1279525,6,Environment,1279523
351634,4,Education,351633
2643540,10,Social Protection & Labor,2643539
2971985,10,Social Protection & Labor,2971984
892761,20,External Debt,892760
3078302,10,Social Protection & Labor,3078301
3077226,10,Social Protection & Labor,3077225
2289807,10,Social Protection & Labor,2289806
847229,20,External Debt,847228
3075702,10,Social Protection & Labor,3075701
2283971,10,Social Protection & Labor,2283970
3061855,17,Gender,3061853
2296241,10,Social Protection & Labor,2296240
1713339,7,Financial Sector,1713338
3076167,10,Social Protection & Labor,3076166
3059468,4,Education,3059467
1262339,6,Environment,1262338
3076466,10,Social Protection & Labor,3076465
852605,20,External Debt,852604
2517906,10,Social Protection & Labor,2517905
2657652,10,Social Protection & Labor,2657651
339829,4,Education,339828
3061867,17,Gender,3061865
1759892,21,Trade,1759890
1746023,13,Public Sector,1746022
2381034,10,Social Protection & Labor,2381033
827681,20,External Debt,827680
2289604,10,Social Protection & Labor,2289603
3069426,10,Social Protection & Labor,3069425
1122472,20,External Debt,1122471
1147187,20,External Debt,1147183
189747,10,Social Protection & Labor,189746
1203326,20,External Debt,1203325
255728,6,Environment,255725
1203353,20,External Debt,1203352
1279524,9,Infrastructure,1279523
3079291,10,Social Protection & Labor,3079290
2794672,10,Social Protection & Labor,2794671
3081214,10,Social Protection & Labor,3081213
3078419,10,Social Protection & Labor,3078418
3080522,10,Social Protection & Labor,3080521
3082115,10,Social Protection & Labor,3082114
3084780,10,Social Protection & Labor,3084779
2997806,10,Social Protection & Labor,2997805
3080610,10,Social Protection & Labor,3080609
2271507,3,Economy & Growth,2271506
2270195,3,Economy & Growth,2270194
3032936,4,Education,3032935
3076442,10,Social Protection & Labor,3076441
1775441,7,Financial Sector,1775440
3077026,10,Social Protection & Labor,3077025
3069143,10,Social Protection & Labor,3069142
2489208,10,Social Protection & Labor,2489207
2769670,10,Social Protection & Labor,2769669
420353,3,Economy & Growth,420352
3070123,10,Social Protection & Labor,3070122
3065058,10,Social Protection & Labor,3065057
3065641,10,Social Protection & Labor,3065640
3056837,4,Education,3056836
329836,4,Education,329835
82549,10,Social Protection & Labor,82548
2285309,10,Social Protection & Labor,2285308
3069544,10,Social Protection & Labor,3069543
2290361,10,Social Protection & Labor,2290360
1974881,12,Private Sector,1974880
2870327,10,Social Protection & Labor,2870326
56847,11,Poverty,56846
1145859,2,Aid Effectiveness,1145858
3066725,10,Social Protection & Labor,3066724
2271037,3,Economy & Growth,2271036
2259469,4,Education,2259468
2833962,10,Social Protection & Labor,2833961
836057,20,External Debt,836056
3000648,10,Social Protection & Labor,3000647
339784,4,Education,339783
1772832,7,Financial Sector,1772831
3075693,10,Social Protection & Labor,3075692
3065355,10,Social Protection & Labor,3065354
3065431,10,Social Protection & Labor,3065430
2289517,10,Social Protection & Labor,2289516
3006281,10,Social Protection & Labor,3006280
2282395,10,Social Protection & Labor,2282394
2690390,10,Social Protection & Labor,2690389
3066799,10,Social Protection & Labor,3066798
2283486,10,Social Protection & Labor,2283485
2381014,10,Social Protection & Labor,2381013
1256883,6,Environment,1256881
3080620,10,Social Protection & Labor,3080619
2284941,10,Social Protection & Labor,2284940
3086389,10,Social Protection & Labor,3086388
688268,2,Aid Effectiveness,688267
2523105,10,Social Protection & Labor,2523104
2281285,10,Social Protection & Labor,2281284
2295309,10,Social Protection & Labor,2295308
2282297,10,Social Protection & Labor,2282296
189737,10,Social Protection & Labor,189736
1974997,12,Private Sector,1974996
3062038,4,Education,3062037
2266041,21,Trade,2266039
3076549,10,Social Protection & Labor,3076548
1766712,13,Public Sector,1766711
436975,3,Economy & Growth,436974
1279496,6,Environment,1279490
435521,3,Economy & Growth,435520
2746755,10,Social Protection & Labor,2746754
357158,4,Education,357157
2320980,10,Social Protection & Labor,2320979
2272374,3,Economy & Growth,2272373
2265846,3,Economy & Growth,2265845
2873167,10,Social Protection & Labor,2873166
82569,10,Social Protection & Labor,82568
2289041,10,Social Protection & Labor,2289040
2843032,10,Social Protection & Labor,2843031
785399,20,External Debt,785398
2285581,10,Social Protection & Labor,2285580
3075813,10,Social Protection & Labor,3075812
2674325,10,Social Protection & Labor,2674324
2281726,10,Social Protection & Labor,2281725
854064,20,External Debt,854063
193385,10,Social Protection & Labor,193384
3069440,10,Social Protection & Labor,3069439
2280553,10,Social Protection & Labor,2280552
1983364,12,Private Sector,1983363
1255074,19,Climate Change,1255073
1272356,19,Climate Change,1272355
3082974,10,Social Protection & Labor,3082973
2293268,10,Social Protection & Labor,2293267
3070220,10,Social Protection & Labor,3070219
73676,11,Poverty,73675
1757009,13,Public Sector,1757008
321074,4,Education,321073
1256905,6,Environment,1256904
2241368,4,Education,2241367
1984659,12,Private Sector,1984658
848613,20,External Debt,848612
3061752,4,Education,3061751
3068841,10,Social Protection & Labor,3068840
1145856,2,Aid Effectiveness,1145855
317733,4,Education,317732
1207708,20,External Debt,1207707
3077930,10,Social Protection & Labor,3077929
3060312,4,Education,3060311
1251785,1,Agriculture & Rural Development,1251784
1785491,7,Financial Sector,1785490
421900,3,Economy & Growth,421899
2397372,10,Social Protection & Labor,2397371
2282848,10,Social Protection & Labor,2282847
2678084,10,Social Protection & Labor,2678083
2505793,10,Social Protection & Labor,2505792
3079753,10,Social Protection & Labor,3079752
2281750,10,Social Protection & Labor,2281749
3030117,13,Public Sector,3030116
3068750,10,Social Protection & Labor,3068749
3063556,17,Gender,3063554
1992401,9,Infrastructure,1992400
3081430,10,Social Protection & Labor,3081429
3073866,10,Social Protection & Labor,3073865
3075797,10,Social Protection & Labor,3075796
2648196,10,Social Protection & Labor,2648195
2249714,4,Education,2249713
421905,3,Economy & Growth,421904
3086586,10,Social Protection & Labor,3086585
257414,1,Agriculture & Rural Development,257413
1206425,20,External Debt,1206424
2771600,10,Social Protection & Labor,2771599
2312141,10,Social Protection & Labor,2312140
3078408,10,Social Protection & Labor,3078407
438500,3,Economy & Growth,438499
3056812,17,Gender,3056810
2270178,3,Economy & Growth,2270177
250292,1,Agriculture & Rural Development,250291
1774107,7,Financial Sector,1774106
3056617,4,Education,3056616
856888,20,External Debt,856887
3031685,4,Education,3031684
3092693,4,Education,3092692
858617,20,External Debt,858616
3080434,10,Social Protection & Labor,3080433
3065154,10,Social Protection & Labor,3065153
2363106,10,Social Protection & Labor,2363105
2285392,10,Social Protection & Labor,2285391
2283401,10,Social Protection & Labor,2283400
303868,4,Education,303867
1035186,20,External Debt,1035185
2376597,10,Social Protection & Labor,2376596
2725519,10,Social Protection & Labor,2725518
3061068,17,Gender,3061066
2316997,10,Social Protection & Labor,2316996
1004282,20,External Debt,1004281
3061458,4,Education,3061457
1119745,2,Aid Effectiveness,1119744
2868202,10,Social Protection & Labor,2868201
1272324,16,Urban Development,1272322
3064552,10,Social Protection & Labor,3064551
2778378,10,Social Protection & Labor,2778377
3082091,10,Social Protection & Labor,3082090
1280584,19,Climate Change,1280583
999424,20,External Debt,999423
2769762,10,Social Protection & Labor,2769761
3078997,10,Social Protection & Labor,3078996
1104087,20,External Debt,1104086
2265738,3,Economy & Growth,2265737
3086303,10,Social Protection & Labor,3086302
70596,11,Poverty,70595
3070302,10,Social Protection & Labor,3070301
314222,4,Education,314221
1091762,20,External Debt,1091761
342725,4,Education,342724
993364,20,External Debt,993363
2990452,10,Social Protection & Labor,2990451
2778994,10,Social Protection & Labor,2778993
1280608,6,Environment,1280606
3061259,17,Gender,3061257
193395,10,Social Protection & Labor,193394
2287363,10,Social Protection & Labor,2287362
845768,20,External Debt,845767
2269981,6,Environment,2269979
1105310,20,External Debt,1105309
3080031,10,Social Protection & Labor,3080030
2653185,10,Social Protection & Labor,2653184
2882113,10,Social Protection & Labor,2882112
2266120,3,Economy & Growth,2266119
188356,10,Social Protection & Labor,188355
2289505,10,Social Protection & Labor,2289504
72022,11,Poverty,72021
3030686,13,Public Sector,3030685
2043060,9,Infrastructure,2043059
2779109,10,Social Protection & Labor,2779108
2321051,10,Social Protection & Labor,2321050
802640,20,External Debt,802639
3063127,17,Gender,3063126
2853093,10,Social Protection & Labor,2853092
3068954,10,Social Protection & Labor,3068953
1088420,20,External Debt,1088419
433482,21,Trade,433480
2285120,10,Social Protection & Labor,2285119
72053,11,Poverty,72052
1979076,12,Private Sector,1979075
2326382,10,Social Protection & Labor,2326381
3081131,10,Social Protection & Labor,3081130
3078026,10,Social Protection & Labor,3078025
2881903,10,Social Protection & Labor,2881902
191025,10,Social Protection & Labor,191024
1255009,6,Environment,1255007
2283783,10,Social Protection & Labor,2283782
2308834,10,Social Protection & Labor,2308833
2281531,10,Social Protection & Labor,2281530
254372,19,Climate Change,254370
3056435,19,Climate Change,3056433
2282190,10,Social Protection & Labor,2282189
2036805,13,Public Sector,2036804
3082889,10,Social Protection & Labor,3082888
314239,4,Education,314238
2283700,10,Social Protection & Labor,2283699
2303194,10,Social Protection & Labor,2303193
1145928,2,Aid Effectiveness,1145927
2281010,10,Social Protection & Labor,2281009
2291610,10,Social Protection & Labor,2291609
1237114,5,Energy & Mining,1237113
1009214,20,External Debt,1009213
186957,10,Social Protection & Labor,186956
3092673,4,Education,3092672
2778385,10,Social Protection & Labor,2778384
3065346,10,Social Protection & Labor,3065345
3086395,10,Social Protection & Labor,3086394
3084889,10,Social Protection & Labor,3084888
3068763,10,Social Protection & Labor,3068762
2836592,10,Social Protection & Labor,2836591
3085623,10,Social Protection & Labor,3085622
3086188,10,Social Protection & Labor,3086187
2326311,10,Social Protection & Labor,2326310
2814361,10,Social Protection & Labor,2814360
1986932,12,Private Sector,1986931
361799,4,Education,361798
1102825,20,External Debt,1102824
2282279,10,Social Protection & Labor,2282278
2289127,10,Social Protection & Labor,2289126
2876058,10,Social Protection & Labor,2876057
2290448,10,Social Protection & Labor,2290447
2840066,10,Social Protection & Labor,2840065
1255000,6,Environment,1254998
86023,10,Social Protection & Labor,86022
1779743,7,Financial Sector,1779742
1263612,6,Environment,1263611
3062061,4,Education,3062060
3010158,10,Social Protection & Labor,3010157
2293223,10,Social Protection & Labor,2293222
77672,11,Poverty,77671
1758363,13,Public Sector,1758362
1018395,20,External Debt,1018393
322744,4,Education,322743
1974882,21,Trade,1974880
1108312,20,External Debt,1108311
2705160,10,Social Protection & Labor,2705159
3072510,10,Social Protection & Labor,3072509
355620,4,Education,355619
3058642,17,Gender,3058640
1945199,21,Trade,1945197
3063647,17,Gender,3063646
2542296,10,Social Protection & Labor,2542295
3061848,4,Education,3061847
1974877,21,Trade,1974875
334861,4,Education,334859
1993596,9,Infrastructure,1993595
1258294,6,Environment,1258292
3055900,17,Gender,3055898
3085809,10,Social Protection & Labor,3085808
255737,16,Urban Development,255735
3062464,4,Education,3062463
1234277,19,Climate Change,1234275
1762717,13,Public Sector,1762716
3013657,10,Social Protection & Labor,3013656
3072119,10,Social Protection & Labor,3072118
1148364,20,External Debt,1148363
2290549,10,Social Protection & Labor,2290548
3062126,4,Education,3062125
1111814,20,External Debt,1111813
73698,11,Poverty,73697
3079270,10,Social Protection & Labor,3079269
3062368,4,Education,3062367
2265820,3,Economy & Growth,2265819
1782585,7,Financial Sector,1782584
2880107,10,Social Protection & Labor,2880106
2282009,10,Social Protection & Labor,2282008
2280422,10,Social Protection & Labor,2280421
2044456,9,Infrastructure,2044455
2285408,10,Social Protection & Labor,2285407
1206400,20,External Debt,1206399
2704305,10,Social Protection & Labor,2704304
2284637,10,Social Protection & Labor,2284636
3031494,4,Education,3031493
2289881,10,Social Protection & Labor,2289880
2290173,10,Social Protection & Labor,2290172
2807972,10,Social Protection & Labor,2807971
259049,6,Environment,259047
3061851,4,Education,3061850
3034111,4,Education,3034110
3069433,10,Social Protection & Labor,3069432
2400952,10,Social Protection & Labor,2400951
3065831,10,Social Protection & Labor,3065830
2266861,21,Trade,2266859
3060957,17,Gender,3060956
2038519,13,Public Sector,2038518
3085535,10,Social Protection & Labor,3085534
1992409,12,Private Sector,1992406
1204818,20,External Debt,1204817
1108029,2,Aid Effectiveness,1108028
254390,6,Environment,254387
2264845,21,Trade,2264843
3082560,10,Social Protection & Labor,3082559
2283790,10,Social Protection & Labor,2283789
2855976,10,Social Protection & Labor,2855975
67793,11,Poverty,67792
1772835,7,Financial Sector,1772834
363151,4,Education,363150
3034115,4,Education,3034114
1943426,12,Private Sector,1943425
2669762,10,Social Protection & Labor,2669761
3063042,17,Gender,3063041
3078605,10,Social Protection & Labor,3078604
2861441,10,Social Protection & Labor,2861440
1145933,2,Aid Effectiveness,1145932
345702,4,Education,345701
312855,4,Education,312854
3079073,10,Social Protection & Labor,3079072
691345,2,Aid Effectiveness,691344
3060859,17,Gender,3060857
2040168,13,Public Sector,2040167
302216,4,Education,302215
2826796,10,Social Protection & Labor,2826795
2769652,10,Social Protection & Labor,2769651
1258360,6,Environment,1258358
3082004,10,Social Protection & Labor,3082003
186832,10,Social Protection & Labor,186831
3061278,4,Education,3061277
3079188,10,Social Protection & Labor,3079187
1116663,20,External Debt,1116662
3034116,17,Gender,3034114
1776945,7,Financial Sector,1776944
2265836,3,Economy & Growth,2265835
2271230,3,Economy & Growth,2271229
2778998,10,Social Protection & Labor,2778997
2522926,10,Social Protection & Labor,2522925
2820871,10,Social Protection & Labor,2820870
2270203,3,Economy & Growth,2270202
1256879,6,Environment,1256877
1128138,20,External Debt,1128137
2780376,10,Social Protection & Labor,2780375
2326225,10,Social Protection & Labor,2326224
2290444,10,Social Protection & Labor,2290443
2280652,10,Social Protection & Labor,2280651
152685,3,Economy & Growth,152684
2833947,10,Social Protection & Labor,2833946
2774295,10,Social Protection & Labor,2774294
2769549,10,Social Protection & Labor,2769548
1255055,19,Climate Change,1255053
3077037,10,Social Protection & Labor,3077036
1129910,20,External Debt,1129909
2868290,10,Social Protection & Labor,2868289
3084776,10,Social Protection & Labor,3084775
2706132,10,Social Protection & Labor,2706131
2262667,4,Education,2262666
3086179,10,Social Protection & Labor,3086178
2283504,10,Social Protection & Labor,2283503
3066812,10,Social Protection & Labor,3066811
2283895,10,Social Protection & Labor,2283894
3079181,10,Social Protection & Labor,3079180
2770673,10,Social Protection & Labor,2770672
70593,11,Poverty,70592
1095610,20,External Debt,1095609
2280659,10,Social Protection & Labor,2280658
1772756,7,Financial Sector,1772755
3081421,10,Social Protection & Labor,3081420
2551405,10,Social Protection & Labor,2551404
2778814,10,Social Protection & Labor,2778813
1358143,7,Financial Sector,1358141
1710065,7,Financial Sector,1710064
2263750,12,Private Sector,2263749
2769348,10,Social Protection & Labor,2769347
2265842,3,Economy & Growth,2265841
2270375,3,Economy & Growth,2270374
2955076,10,Social Protection & Labor,2955075
2306017,10,Social Protection & Labor,2306016
2643395,10,Social Protection & Labor,2643394
2779004,10,Social Protection & Labor,2779003
265740,1,Agriculture & Rural Development,265739
3076356,10,Social Protection & Labor,3076355
3060865,4,Education,3060864
2657727,10,Social Protection & Labor,2657726
2299687,10,Social Protection & Labor,2299686
2295327,10,Social Protection & Labor,2295326
1121145,20,External Debt,1121144
3082863,10,Social Protection & Labor,3082862
3073281,10,Social Protection & Labor,3073280
2769449,10,Social Protection & Labor,2769448
305430,4,Education,305429
2280824,10,Social Protection & Labor,2280823
3073767,10,Social Protection & Labor,3073766
310175,4,Education,310174
3073668,10,Social Protection & Labor,3073667
1255039,19,Climate Change,1255038
2493657,10,Social Protection & Labor,2493656
2756913,10,Social Protection & Labor,2756912
3086083,10,Social Protection & Labor,3086082
2774214,10,Social Protection & Labor,2774213
1116692,2,Aid Effectiveness,1116691
2285480,10,Social Protection & Labor,2285479
1231571,16,Urban Development,1231569
423867,3,Economy & Growth,423866
3062156,4,Education,3062155
3061651,4,Education,3061650
3085519,10,Social Protection & Labor,3085518
3078686,10,Social Protection & Labor,3078685
3084693,10,Social Protection & Labor,3084692
78943,11,Poverty,78942
2289704,10,Social Protection & Labor,2289703
3072195,10,Social Protection & Labor,3072194
77669,11,Poverty,77668
3080247,10,Social Protection & Labor,3080246
3061548,4,Education,3061547
2753792,10,Social Protection & Labor,2753791
3061470,4,Education,3061469
3080914,10,Social Protection & Labor,3080913
3056733,4,Education,3056732
1149909,20,External Debt,1149908
2284523,10,Social Protection & Labor,2284522
1779571,7,Financial Sector,1779570
355637,4,Education,355636
1805417,13,Public Sector,1805416
1253493,19,Climate Change,1253491
2270393,3,Economy & Growth,2270392
2977635,10,Social Protection & Labor,2977634
67800,11,Poverty,67799
2738067,10,Social Protection & Labor,2738066
3064659,10,Social Protection & Labor,3064658
3095355,4,Education,3095354
302241,4,Education,302240
2290723,10,Social Protection & Labor,2290722
3072889,10,Social Protection & Labor,3072888
341049,4,Education,341048
2261591,4,Education,2261590
3055979,4,Education,3055978
3063256,15,Social Development,3063253
440093,7,Financial Sector,440091
2701848,10,Social Protection & Labor,2701847
2870337,10,Social Protection & Labor,2870336
2284538,10,Social Protection & Labor,2284537
3003356,10,Social Protection & Labor,3003355
436886,3,Economy & Growth,436885
3059458,4,Education,3059457
2358208,10,Social Protection & Labor,2358207
329829,4,Education,329828
1121096,20,External Debt,1121095
2353723,10,Social Protection & Labor,2353722
1993575,9,Infrastructure,1993574
3073473,10,Social Protection & Labor,3073472
89128,3,Economy & Growth,89127
3073547,10,Social Protection & Labor,3073546
438502,20,External Debt,438499
1129923,20,External Debt,1129922
2542277,10,Social Protection & Labor,2542276
1045023,20,External Debt,1045022
2266040,3,Economy & Growth,2266039
2870340,10,Social Protection & Labor,2870339
3086576,10,Social Protection & Labor,3086575
2546766,10,Social Protection & Labor,2546765
2980880,10,Social Protection & Labor,2980879
2285313,10,Social Protection & Labor,2285312
3064751,10,Social Protection & Labor,3064750
2791592,10,Social Protection & Labor,2791591
2971910,10,Social Protection & Labor,2971909
3010170,10,Social Protection & Labor,3010169
2270192,3,Economy & Growth,2270191
3030679,13,Public Sector,3030678
2057449,9,Infrastructure,2057448
3072975,10,Social Protection & Labor,3072974
3070223,10,Social Protection & Labor,3070222
1131367,20,External Debt,1131366
861438,3,Economy & Growth,861437
2033933,14,Science & Technology,2033932
3081015,10,Social Protection & Labor,3081014
2984551,10,Social Protection & Labor,2984550
2882107,10,Social Protection & Labor,2882106
3061258,4,Education,3061257
2262127,4,Education,2262126
2270864,3,Economy & Growth,2270863
851319,20,External Debt,851318
3055326,4,Education,3055325
3081125,10,Social Protection & Labor,3081124
341072,4,Education,341071
3056826,4,Education,3056825
2270388,3,Economy & Growth,2270387
2335899,10,Social Protection & Labor,2335898
688212,2,Aid Effectiveness,688211
3059565,17,Gender,3059563
1113392,20,External Debt,1113391
1096770,20,External Debt,1096769
3060941,4,Education,3060940
2270580,3,Economy & Growth,2270579
1256878,1,Agriculture & Rural Development,1256877
3079959,10,Social Protection & Labor,3079958
185659,10,Social Protection & Labor,185658
440088,3,Economy & Growth,440087
3061645,4,Education,3061644
1234276,5,Energy & Mining,1234275
1282046,7,Financial Sector,1282045
3068659,10,Social Protection & Labor,3068658
2287366,10,Social Protection & Labor,2287365
2823695,10,Social Protection & Labor,2823694
3065262,10,Social Protection & Labor,3065261
259018,19,Climate Change,259016
1728840,7,Financial Sector,1728839
2830537,10,Social Protection & Labor,2830536
3066815,10,Social Protection & Labor,3066814
3075678,10,Social Protection & Labor,3075677
2326388,10,Social Protection & Labor,2326387
152713,3,Economy & Growth,152712
3072205,10,Social Protection & Labor,3072204
3055791,4,Education,3055790
2290953,10,Social Protection & Labor,2290952
425456,3,Economy & Growth,425455
993397,20,External Debt,993396
2295335,10,Social Protection & Labor,2295334
73760,11,Poverty,73759
3079749,10,Social Protection & Labor,3079747
2270077,5,Energy & Mining,2270075
1108390,20,External Debt,1108389
3030689,13,Public Sector,3030688
2546775,10,Social Protection & Labor,2546774
1258293,5,Energy & Mining,1258292
1201502,20,External Debt,1201501
2661872,10,Social Protection & Labor,2661871
3081018,10,Social Protection & Labor,3081017
2234118,4,Education,2234117
3063450,17,Gender,3063448
1206406,20,External Debt,1206405
3069036,10,Social Protection & Labor,3069035
3085898,10,Social Protection & Labor,3085897
1282040,7,Financial Sector,1282039
54962,11,Poverty,54961
3072896,10,Social Protection & Labor,3072895
3081714,10,Social Protection & Labor,3081713
3072978,10,Social Protection & Labor,3072977
2769565,10,Social Protection & Labor,2769564
3073574,10,Social Protection & Labor,3073573
1774281,7,Financial Sector,1774280
2270397,3,Economy & Growth,2270396
1976322,7,Financial Sector,1976321
855590,20,External Debt,855589
2263052,4,Education,2263051
1108150,20,External Debt,1108148
3063243,17,Gender,3063242
3065142,10,Social Protection & Labor,3065141
1280589,9,Infrastructure,1280588
2290083,10,Social Protection & Labor,2290082
2272387,3,Economy & Growth,2272386
3064449,10,Social Protection & Labor,3064448
345748,4,Education,345747
2336083,10,Social Protection & Labor,2336082
1060491,3,Economy & Growth,1060490
3058653,17,Gender,3058651
87364,10,Social Protection & Labor,87363
3062035,4,Education,3062034
1004201,20,External Debt,1004200
1988372,12,Private Sector,1988371
3081236,10,Social Protection & Labor,3081235
2281190,10,Social Protection & Labor,2281189
2770681,10,Social Protection & Labor,2770680
1976323,12,Private Sector,1976321
2769786,10,Social Protection & Labor,2769785
435553,14,Science & Technology,435551
2876047,10,Social Protection & Labor,2876046
2267030,3,Economy & Growth,2267029
3077443,10,Social Protection & Labor,3077442
2321131,10,Social Protection & Labor,2321130
1045148,20,External Debt,1045147
997407,20,External Debt,997406
433456,3,Economy & Growth,433455
3062458,4,Education,3062457
2265463,3,Economy & Growth,2265462
2282934,10,Social Protection & Labor,2282933
189733,10,Social Protection & Labor,189732
2701864,10,Social Protection & Labor,2701863
3082789,10,Social Protection & Labor,3082788
2405112,10,Social Protection & Labor,2405111
72019,11,Poverty,72018
3072720,10,Social Protection & Labor,3072719
3072211,10,Social Protection & Labor,3072210
3069238,10,Social Protection & Labor,3069237
3066708,10,Social Protection & Labor,3066707
2784432,10,Social Protection & Labor,2784431
2997956,10,Social Protection & Labor,2997955
2750204,10,Social Protection & Labor,2750203
341065,4,Education,341064
2263277,4,Education,2263276
2344680,10,Social Protection & Labor,2344679
2245471,4,Education,2245470
2289991,10,Social Protection & Labor,2289990
2280438,10,Social Protection & Labor,2280437
1018372,3,Economy & Growth,1018371
1987134,12,Private Sector,1987133
2826779,10,Social Protection & Labor,2826778
2270941,3,Economy & Growth,2270940
336039,4,Education,336038
2706099,10,Social Protection & Labor,2706098
3066910,10,Social Protection & Labor,3066909
3069242,10,Social Protection & Labor,3069241
3080829,10,Social Protection & Labor,3080828
3058638,17,Gender,3058636
2285385,10,Social Protection & Labor,2285384
3079953,10,Social Protection & Labor,3079952
3056811,4,Education,3056810
1137629,3,Economy & Growth,1137628
2657649,10,Social Protection & Labor,2657648
3064851,10,Social Protection & Labor,3064850
3081427,10,Social Protection & Labor,3081426
3086583,10,Social Protection & Labor,3086582
2861460,10,Social Protection & Labor,2861459
3082792,10,Social Protection & Labor,3082791
2308819,10,Social Protection & Labor,2308818
152709,3,Economy & Growth,152708
3072112,10,Social Protection & Labor,3072111
3031413,4,Education,3031412
186919,10,Social Protection & Labor,186918
2820857,10,Social Protection & Labor,2820856
3063038,17,Gender,3063037
3086471,10,Social Protection & Labor,3086470
2284713,10,Social Protection & Labor,2284712
2036891,13,Public Sector,2036890
2678078,10,Social Protection & Labor,2678077
2297385,10,Social Protection & Labor,2297384
3085693,10,Social Protection & Labor,3085692
2820877,10,Social Protection & Labor,2820876
2330998,10,Social Protection & Labor,2330997
2389889,10,Social Protection & Labor,2389888
2830521,10,Social Protection & Labor,2830520
2706114,10,Social Protection & Labor,2706113
3084700,10,Social Protection & Labor,3084699
2282739,10,Social Protection & Labor,2282738
2783069,10,Social Protection & Labor,2783068
1710074,7,Financial Sector,1710073
2282466,10,Social Protection & Labor,2282465
2290960,10,Social Protection & Labor,2290959
2326240,10,Social Protection & Labor,2326239
506101,13,Public Sector,506099
1258230,6,Environment,1258228
693440,18,Millenium development goals,693439
3064770,10,Social Protection & Labor,3064769
3062856,17,Gender,3062855
3061169,4,Education,3061168
440092,3,Economy & Growth,440091
2669749,10,Social Protection & Labor,2669748
1266646,6,Environment,1266645
3076836,10,Social Protection & Labor,3076835
3065850,10,Social Protection & Labor,3065849
3094019,4,Education,3094018
1215357,20,External Debt,1215356
2285389,10,Social Protection & Labor,2285388
416214,3,Economy & Growth,416213
2779103,10,Social Protection & Labor,2779102
3066719,10,Social Protection & Labor,3066718
3055336,17,Gender,3055332
3085684,10,Social Protection & Labor,3085683
3085506,10,Social Protection & Labor,3085505
3060325,4,Education,3060324
2284063,10,Social Protection & Labor,2284062
3078104,10,Social Protection & Labor,3078103
3086474,10,Social Protection & Labor,3086473
3062850,17,Gender,3062849
2701851,10,Social Protection & Labor,2701850
420354,20,External Debt,420352
1253488,6,Environment,1253486
185596,10,Social Protection & Labor,185595
1148407,20,External Debt,1148406
2787911,10,Social Protection & Labor,2787910
3092701,4,Education,3092700
855540,20,External Debt,855539
2266846,3,Economy & Growth,2266845
3062054,4,Education,3062053
339597,4,Education,339596
2513670,10,Social Protection & Labor,2513669
3031490,4,Education,3031489
2270065,3,Economy & Growth,2270064
73724,11,Poverty,73723
3095356,17,Gender,3095354
2840062,10,Social Protection & Labor,2840061
2517835,10,Social Protection & Labor,2517834
3085418,10,Social Protection & Labor,3085417
1781148,7,Financial Sector,1781147
1280641,6,Environment,1280639
3092604,4,Education,3092603
1755488,3,Economy & Growth,1755487
3077628,10,Social Protection & Labor,3077627
2330988,10,Social Protection & Labor,2330987
2389818,10,Social Protection & Labor,2389817
1118138,2,Aid Effectiveness,1118137
1259477,16,Urban Development,1259476
2270761,5,Energy & Mining,2270760
990986,20,External Debt,990985
1775408,7,Financial Sector,1775407
3070395,10,Social Protection & Labor,3070394
3061268,4,Education,3061267
3072706,10,Social Protection & Labor,3072705
2290643,10,Social Protection & Labor,2290642
2281753,10,Social Protection & Labor,2281752
357150,4,Education,357149
2505803,10,Social Protection & Labor,2505802
3070317,10,Social Protection & Labor,3070316
329806,4,Education,329805
2769774,10,Social Protection & Labor,2769773
3055989,4,Education,3055988
3069336,10,Social Protection & Labor,3069335
2513873,10,Social Protection & Labor,2513872
3064778,10,Social Protection & Labor,3064777
1977739,12,Private Sector,1977738
3062941,17,Gender,3062940
1764052,13,Public Sector,1764050
1206397,20,External Debt,1206396
2280662,10,Social Protection & Labor,2280661
70546,11,Poverty,70545
3094094,4,Education,3094093
72071,11,Poverty,72070
2401035,10,Social Protection & Labor,2401034
2681525,10,Social Protection & Labor,2681524
3082766,10,Social Protection & Labor,3082765
2868287,10,Social Protection & Labor,2868286
3094012,4,Education,3094011
3062145,4,Education,3062143
2746687,10,Social Protection & Labor,2746686
3073658,10,Social Protection & Labor,3073657
829403,20,External Debt,829402
2858878,10,Social Protection & Labor,2858877
2400910,10,Social Protection & Labor,2400909
2267902,3,Economy & Growth,2267900
2958742,10,Social Protection & Labor,2958741
2284535,10,Social Protection & Labor,2284534
1229993,6,Environment,1229992
2389886,10,Social Protection & Labor,2389885
1122462,20,External Debt,1122461
2868280,10,Social Protection & Labor,2868279
1775405,7,Financial Sector,1775404
3078013,10,Social Protection & Labor,3078012
1235833,19,Climate Change,1235831
2266925,3,Economy & Growth,2266924
1956252,12,Private Sector,1956251
2043088,9,Infrastructure,2043087
3065255,10,Social Protection & Labor,3065254
2297363,10,Social Protection & Labor,2297362
3080143,10,Social Protection & Labor,3080142
2299684,10,Social Protection & Labor,2299683
2270567,3,Economy & Growth,2270566
185649,10,Social Protection & Labor,185647
2759797,10,Social Protection & Labor,2759796
3072996,10,Social Protection & Labor,3072995
3076275,10,Social Protection & Labor,3076274
2950993,10,Social Protection & Labor,2950992
2513790,10,Social Protection & Labor,2513789
2285493,10,Social Protection & Labor,2285492
1113104,20,External Debt,1113103
2291500,10,Social Protection & Labor,2291499
331416,4,Education,331415
2546769,10,Social Protection & Labor,2546768
1207778,20,External Debt,1207777
1204788,20,External Debt,1204787
851274,20,External Debt,851273
87340,10,Social Protection & Labor,87339
3077650,10,Social Protection & Labor,3077649
847246,20,External Debt,847245
852701,20,External Debt,852700
321027,4,Education,321026
1974941,21,Trade,1974939
2283684,10,Social Protection & Labor,2283683
152739,3,Economy & Growth,152738
3064559,10,Social Protection & Labor,3064558
2290536,10,Social Protection & Labor,2290535
3058740,4,Education,3058739
3091849,13,Public Sector,3091848
57804,11,Poverty,57803
2290454,10,Social Protection & Labor,2290453
2741492,10,Social Protection & Labor,2741491
3013385,10,Social Protection & Labor,3013384
345693,4,Education,345692
2836598,10,Social Protection & Labor,2836597
3030110,13,Public Sector,3030109
3082299,10,Social Protection & Labor,3082298
3065724,10,Social Protection & Labor,3065723
3078310,10,Social Protection & Labor,3078309
2290620,10,Social Protection & Labor,2290619
3065151,10,Social Protection & Labor,3065150
2283323,10,Social Protection & Labor,2283322
2836610,10,Social Protection & Labor,2836609
2826810,10,Social Protection & Labor,2826809
345794,4,Education,345793
3073291,10,Social Protection & Labor,3073290
3070404,10,Social Protection & Labor,3070403
2814293,10,Social Protection & Labor,2814292
3063538,13,Public Sector,3063537
3062136,4,Education,3062134
2804875,10,Social Protection & Labor,2804874
2485668,10,Social Protection & Labor,2485667
849857,20,External Debt,849856
188359,10,Social Protection & Labor,188358
423868,7,Financial Sector,423866
2269989,6,Environment,2269987
3081005,10,Social Protection & Labor,3081004
2290558,10,Social Protection & Labor,2290557
3010161,10,Social Protection & Labor,3010160
831223,20,External Debt,831222
2320977,10,Social Protection & Labor,2320976
2289218,10,Social Protection & Labor,2289217
2282660,10,Social Protection & Labor,2282659
2367505,10,Social Protection & Labor,2367504
87330,10,Social Protection & Labor,87329
2769439,10,Social Protection & Labor,2769438
3063643,13,Public Sector,3063642
2855973,10,Social Protection & Labor,2855972
1088417,20,External Debt,1088416
1255003,5,Energy & Mining,1255002
3072224,10,Social Protection & Labor,3072223
3061364,4,Education,3061363
1111799,20,External Debt,1111798
2289068,10,Social Protection & Labor,2289067
3080050,10,Social Protection & Labor,3080049
3073556,10,Social Protection & Labor,3073555
3062835,17,Gender,3062834
2833944,10,Social Protection & Labor,2833943
2298363,10,Social Protection & Labor,2298362
2769468,10,Social Protection & Labor,2769467
2056064,9,Infrastructure,2056063
2263740,21,Trade,2263738
1976352,12,Private Sector,1976351
2262774,4,Education,2262773
3070035,10,Social Protection & Labor,3070034
954318,20,External Debt,954317
2336089,10,Social Protection & Labor,2336088
2770303,10,Social Protection & Labor,2770302
1210757,20,External Debt,1210756
2817451,10,Social Protection & Labor,2817450
2505885,10,Social Protection & Labor,2505884
2271049,3,Economy & Growth,2271048
854086,20,External Debt,854085
122107,3,Economy & Growth,122106
3062945,17,Gender,3062944
2780390,10,Social Protection & Labor,2780389
2554994,10,Social Protection & Labor,2554993
2731120,10,Social Protection & Labor,2731119
3084767,10,Social Protection & Labor,3084766
1106867,2,Aid Effectiveness,1106866
996187,20,External Debt,996186
2280820,10,Social Protection & Labor,2280819
3063548,17,Gender,3063545
416186,21,Trade,416184
3085525,10,Social Protection & Labor,3085524
2814290,10,Social Protection & Labor,2814289
2263210,4,Education,2263209
2261852,4,Education,2261851
2289804,10,Social Protection & Labor,2289803
2817472,10,Social Protection & Labor,2817469
1943540,12,Private Sector,1943539
2285286,10,Social Protection & Labor,2285285
2043057,19,Climate Change,2043055
2270669,3,Economy & Growth,2270668
1938784,12,Private Sector,1938782
1093029,20,External Debt,1093028
3065521,10,Social Protection & Labor,3065520
3086101,10,Social Protection & Labor,3086100
1764048,13,Public Sector,1764047
1126635,20,External Debt,1126634
2283870,10,Social Protection & Labor,2283869
2794755,10,Social Protection & Labor,2794754
2035238,13,Public Sector,2035237
2290272,10,Social Protection & Labor,2290271
2750210,10,Social Protection & Labor,2750209
1201506,20,External Debt,1201505
3072301,10,Social Protection & Labor,3072300
2389960,10,Social Protection & Labor,2389959
3086306,10,Social Protection & Labor,3086305
2778710,10,Social Protection & Labor,2778709
3082007,10,Social Protection & Labor,3082006
2367387,10,Social Protection & Labor,2367386
358623,4,Education,358622
3069423,10,Social Protection & Labor,3069422
1108182,20,External Debt,1108181
2358228,10,Social Protection & Labor,2358227
360409,4,Education,360408
3084696,10,Social Protection & Labor,3084695
848675,20,External Debt,848674
55615,11,Poverty,55614
1108076,20,External Debt,1108074
3015631,10,Social Protection & Labor,3015630
3081029,10,Social Protection & Labor,3081028
1207737,20,External Debt,1207735
2040235,13,Public Sector,2040234
2701845,10,Social Protection & Labor,2701844
2987514,10,Social Protection & Labor,2987513
3076745,10,Social Protection & Labor,3076744
3082570,10,Social Protection & Labor,3082569
3085048,10,Social Protection & Labor,3085047
2779106,10,Social Protection & Labor,2779105
1713343,7,Financial Sector,1713342
2485637,10,Social Protection & Labor,2485636
2301310,10,Social Protection & Labor,2301309
3072915,10,Social Protection & Labor,3072914
1231609,19,Climate Change,1231607
3065734,10,Social Protection & Labor,3065733
2974950,10,Social Protection & Labor,2974949
831235,20,External Debt,831234
834365,20,External Debt,834364
3032831,4,Education,3032830
3031497,4,Education,3031496
2283501,10,Social Protection & Labor,2283500
2282012,10,Social Protection & Labor,2282011
1105303,20,External Debt,1105302
3072128,10,Social Protection & Labor,3072127
3081624,10,Social Protection & Labor,3081623
85984,10,Social Protection & Labor,85983
302202,4,Education,302201
1265175,6,Environment,1265174
1278459,16,Urban Development,1278457
255732,19,Climate Change,255730
2344663,10,Social Protection & Labor,2344662
2776951,10,Social Protection & Labor,2776947
3072699,10,Social Protection & Labor,3072698
1147264,20,External Debt,1147263
308565,4,Education,308564
2283320,10,Social Protection & Labor,2283319
1945214,12,Private Sector,1945212
1232983,9,Infrastructure,1232980
3061453,4,Education,3061452
3086205,10,Social Protection & Labor,3086204
2833953,10,Social Protection & Labor,2833952
3069518,10,Social Protection & Labor,3069517
3055327,17,Gender,3055325
2817591,10,Social Protection & Labor,2817590
688209,2,Aid Effectiveness,688208
78916,11,Poverty,78915
3015634,10,Social Protection & Labor,3015633
851296,20,External Debt,851295
2771490,10,Social Protection & Labor,2771489
2265453,3,Economy & Growth,2265452
3076767,10,Social Protection & Labor,3076766
68917,11,Poverty,68916
1925763,12,Private Sector,1925762
2968314,10,Social Protection & Labor,2968313
3066046,10,Social Protection & Labor,3066045
3072507,10,Social Protection & Labor,3072506
3064362,10,Social Protection & Labor,3064361
2480626,10,Social Protection & Labor,2480625
2282491,10,Social Protection & Labor,2282490
342760,4,Education,342759
2287450,10,Social Protection & Labor,2287449
3077245,10,Social Protection & Labor,3077244
1987075,12,Private Sector,1987074
2753799,10,Social Protection & Labor,2753798
2340165,10,Social Protection & Labor,2340164
2771496,10,Social Protection & Labor,2771495
1725587,7,Financial Sector,1725586
1265171,6,Environment,1265170
2281264,10,Social Protection & Labor,2281263
2485671,10,Social Protection & Labor,2485670
1121003,20,External Debt,1121002
844165,20,External Debt,844164
350541,4,Education,350540
2977644,10,Social Protection & Labor,2977643
2284729,10,Social Protection & Labor,2284728
1764051,3,Economy & Growth,1764050
2289038,10,Social Protection & Labor,2289037
2267901,1,Agriculture & Rural Development,2267900
2281747,10,Social Protection & Labor,2281746
2648181,10,Social Protection & Labor,2648178
1121099,20,External Debt,1121098
1235829,5,Energy & Mining,1235828
2292041,10,Social Protection & Labor,2292040
2289015,10,Social Protection & Labor,2289014
3061371,17,Gender,3061369
3061935,17,Gender,3061933
2283876,10,Social Protection & Labor,2283875
3061146,17,Gender,3061144
3055623,4,Education,3055622
2704286,10,Social Protection & Labor,2704285
2284185,10,Social Protection & Labor,2284184
2885691,10,Social Protection & Labor,2885690
2648107,10,Social Protection & Labor,2648106
3061357,4,Education,3061356
339705,4,Education,339704
3065439,10,Social Protection & Labor,3065438
1950659,12,Private Sector,1950658
2367414,10,Social Protection & Labor,2367413
2264862,13,Public Sector,2264861
1234278,6,Environment,1234275
56841,11,Poverty,56840
989848,2,Aid Effectiveness,989847
2291598,10,Social Protection & Labor,2291597
3079194,10,Social Protection & Labor,3079193
2681529,10,Social Protection & Labor,2681528
3068838,10,Social Protection & Labor,3068837
3075696,10,Social Protection & Labor,3075695
2510086,10,Social Protection & Labor,2510085
3076365,10,Social Protection & Labor,3076364
3092853,4,Education,3092852
2281827,10,Social Protection & Labor,2281826
1093108,20,External Debt,1093107
3072603,10,Social Protection & Labor,3072602
262774,1,Agriculture & Rural Development,262773
3061166,4,Education,3061165
322810,4,Education,322809
3082796,10,Social Protection & Labor,3082795
3066510,10,Social Protection & Labor,3066509
1122494,20,External Debt,1122493
2778787,10,Social Protection & Labor,2778786
355617,4,Education,355616
3070308,10,Social Protection & Labor,3070307
341060,4,Education,341059
2753802,10,Social Protection & Labor,2753801
3076662,10,Social Protection & Labor,3076661
2861454,10,Social Protection & Labor,2861453
3081307,10,Social Protection & Labor,3081306
1729969,7,Financial Sector,1729968
1091777,20,External Debt,1091775
57783,11,Poverty,57782
3081706,10,Social Protection & Labor,3081705
1268300,6,Environment,1268299
3000654,10,Social Protection & Labor,3000653
3076362,10,Social Protection & Labor,3076361
336031,4,Education,336030
2554988,10,Social Protection & Labor,2554986
1093128,20,External Debt,1093127
2770292,10,Social Protection & Labor,2770291
2270372,7,Financial Sector,2270371
1088453,20,External Debt,1088452
2833971,10,Social Protection & Labor,2833970
2266950,3,Economy & Growth,2266949
2289057,10,Social Protection & Labor,2289056
1784006,7,Financial Sector,1784005
2797655,10,Social Protection & Labor,2797654
2964158,10,Social Protection & Labor,2964157
2265829,3,Economy & Growth,2265828
2731192,10,Social Protection & Labor,2731190
2534497,10,Social Protection & Labor,2534496
2281271,10,Social Protection & Labor,2281270
2283889,10,Social Protection & Labor,2283888
3072308,10,Social Protection & Labor,3072307
3062377,4,Education,3062376
2270082,5,Energy & Mining,2270080
2770685,10,Social Protection & Labor,2770684
3063130,17,Gender,3063129
1934373,7,Financial Sector,1934372
3065268,10,Social Protection & Labor,3065267
2296300,10,Social Protection & Labor,2296299
2264853,13,Public Sector,2264852
2263378,4,Education,2263377
2791586,10,Social Protection & Labor,2791585
80811,11,Poverty,80810
2283577,10,Social Protection & Labor,2283576
1106838,20,External Debt,1106837
3063035,17,Gender,3063034
3080910,10,Social Protection & Labor,3080909
2285026,10,Social Protection & Labor,2285025
3061862,4,Education,3061861
3060215,4,Education,3060214
2727452,10,Social Protection & Labor,2727451
2299698,10,Social Protection & Labor,2299697
785393,20,External Debt,785392
2853096,10,Social Protection & Labor,2853095
2826785,10,Social Protection & Labor,2826784
3080424,10,Social Protection & Labor,3080423
3068743,10,Social Protection & Labor,3068742
2990455,10,Social Protection & Labor,2990454
3081119,10,Social Protection & Labor,3081118
3086490,10,Social Protection & Labor,3086489
331406,4,Education,331405
3081629,10,Social Protection & Labor,3081628
2971907,10,Social Protection & Labor,2971906
2290372,10,Social Protection & Labor,2290371
3085041,10,Social Protection & Labor,3085040
3066303,10,Social Protection & Labor,3066302
2777995,10,Social Protection & Labor,2777994
3092789,4,Education,3092788
3080332,10,Social Protection & Labor,3080331
3077130,10,Social Protection & Labor,3077129
3000801,10,Social Protection & Labor,3000800
1087107,20,External Debt,1087106
3065048,10,Social Protection & Labor,3065047
2282006,10,Social Protection & Labor,2282005
3084865,10,Social Protection & Labor,3084864
1976324,13,Public Sector,1976321
2282018,10,Social Protection & Labor,2282017
993367,20,External Debt,993366
2297382,10,Social Protection & Labor,2297381
2266764,3,Economy & Growth,2266763
2263140,4,Education,2263139
1102822,20,External Debt,1102821
3062135,4,Education,3062134
2283793,10,Social Protection & Labor,2283792
3092766,4,Education,3092765
1203350,20,External Debt,1203349
3075699,10,Social Protection & Labor,3075698
3081884,10,Social Protection & Labor,3081883
2290369,10,Social Protection & Labor,2290368
3078323,10,Social Protection & Labor,3078322
2283129,10,Social Protection & Labor,2283128
2284361,10,Social Protection & Labor,2284360
1272318,6,Environment,1272315
2697885,10,Social Protection & Labor,2697884
1131283,20,External Debt,1131282
319614,4,Education,319613
3064470,10,Social Protection & Labor,3064469
2358218,10,Social Protection & Labor,2358217
1255036,6,Environment,1255034
2555005,10,Social Protection & Labor,2555004
3082112,10,Social Protection & Labor,3082111
3077524,10,Social Protection & Labor,3077523
341068,4,Education,341067
2534343,10,Social Protection & Labor,2534342
3075794,10,Social Protection & Labor,3075793
1046557,20,External Debt,1046556
2285578,10,Social Protection & Labor,2285577
331409,4,Education,331408
1105334,20,External Debt,1105333
1093149,20,External Debt,1093148
833061,20,External Debt,833060
2868205,10,Social Protection & Labor,2868204
1062894,20,External Debt,1062893
3082971,10,Social Protection & Labor,3082970
2281194,10,Social Protection & Labor,2281193
315980,4,Education,315979
3081415,10,Social Protection & Labor,3081414
2308840,10,Social Protection & Labor,2308839
2289686,10,Social Protection & Labor,2289685
307145,4,Education,307144
329809,4,Education,329808
2284526,10,Social Protection & Labor,2284525
3065035,10,Social Protection & Labor,3065034
1009218,20,External Debt,1009217
2270174,3,Economy & Growth,2270173
2678066,10,Social Protection & Labor,2678065
2283703,10,Social Protection & Labor,2283702
526582,7,Financial Sector,526581
3068643,10,Social Protection & Labor,3068642
2685971,10,Social Protection & Labor,2685970
2653097,10,Social Protection & Labor,2653096
2289795,10,Social Protection & Labor,2289794
1719797,3,Economy & Growth,1719796
2787766,10,Social Protection & Labor,2787765
3066036,10,Social Protection & Labor,3066035
2513861,10,Social Protection & Labor,2513860
2768418,10,Social Protection & Labor,2768417
3062479,4,Education,3062478
2771594,10,Social Protection & Labor,2771593
1109543,20,External Debt,1109542
2262130,4,Education,2262129
2846828,10,Social Protection & Labor,2846827
1104222,20,External Debt,1104221
336021,4,Education,336020
2801775,10,Social Protection & Labor,2801774
1114759,20,External Debt,1114758
3032925,4,Education,3032924
1785541,7,Financial Sector,1785540
2778092,10,Social Protection & Labor,2778091
2290183,10,Social Protection & Labor,2290182
3072902,10,Social Protection & Labor,3072901
3077546,10,Social Protection & Labor,3077545
3062922,17,Gender,3062921
1940354,12,Private Sector,1940353
2280534,10,Social Protection & Labor,2280533
3031584,4,Education,3031583
55633,11,Poverty,55632
3081113,10,Social Protection & Labor,3081112
1772763,7,Financial Sector,1772762
3081806,10,Social Protection & Labor,3081805
2950980,10,Social Protection & Labor,2950979
3079184,10,Social Protection & Labor,3079183
1019876,20,External Debt,1019875
1203323,20,External Debt,1203322
1771372,7,Financial Sector,1771371
2513793,10,Social Protection & Labor,2513792
3073862,10,Social Protection & Labor,3073861
2480619,10,Social Protection & Labor,2480618
2306024,10,Social Protection & Labor,2306023
3055422,4,Education,3055421
3077644,10,Social Protection & Labor,3077643
54927,11,Poverty,54926
854091,20,External Debt,854090
2400916,10,Social Protection & Labor,2400915
2283405,10,Social Protection & Labor,2283404
3075878,10,Social Protection & Labor,3075877
2778105,10,Social Protection & Labor,2778104
2778589,10,Social Protection & Labor,2778588
2265648,3,Economy & Growth,2265647
3070134,10,Social Protection & Labor,3070133
3066498,10,Social Protection & Labor,3066497
2534419,10,Social Protection & Labor,2534418
1975007,12,Private Sector,1975006
3076264,10,Social Protection & Labor,3076263
3063025,17,Gender,3063024
2312165,10,Social Protection & Labor,2312164
312807,4,Education,312806
2546763,10,Social Protection & Labor,2546762
3073384,10,Social Protection & Labor,3073383
2281282,10,Social Protection & Labor,2281281
2397348,10,Social Protection & Labor,2397347
2769559,10,Social Protection & Labor,2769558
2706105,10,Social Protection & Labor,2706104
3032825,4,Education,3032824
3079588,10,Social Protection & Labor,3079587
1265152,6,Environment,1265151
2038494,19,Climate Change,2038493
2405102,10,Social Protection & Labor,2405101
2282197,10,Social Protection & Labor,2282196
1201494,20,External Debt,1201493
2056046,9,Infrastructure,2056045
3062251,4,Education,3062250
2270292,3,Economy & Growth,2270291
2769771,10,Social Protection & Labor,2769770
3073164,10,Social Protection & Labor,3073163
3056436,4,Education,3056433
1725650,7,Financial Sector,1725649
2271587,3,Economy & Growth,2271586
2282728,10,Social Protection & Labor,2282727
3079480,10,Social Protection & Labor,3079479
2283594,10,Social Protection & Labor,2283593
2287360,10,Social Protection & Labor,2287359
2797643,10,Social Protection & Labor,2797642
2285290,10,Social Protection & Labor,2285289
3072892,10,Social Protection & Labor,3072891
2262223,4,Education,2262222
3084859,10,Social Protection & Labor,3084858
1259481,6,Environment,1259480
3077818,10,Social Protection & Labor,3077817
2771613,10,Social Protection & Labor,2771612
1711837,7,Financial Sector,1711836
2270204,6,Environment,2270202
72067,11,Poverty,72066
2836601,10,Social Protection & Labor,2836600
3063350,17,Gender,3063349
2268552,3,Economy & Growth,2268551
2284821,10,Social Protection & Labor,2284820
3066321,10,Social Protection & Labor,3066320
1206428,20,External Debt,1206427
317747,4,Education,317746
57756,11,Poverty,57755
353002,4,Education,353001
2265560,3,Economy & Growth,2265559
191071,10,Social Protection & Labor,191070
311529,4,Education,311528
3072815,10,Social Protection & Labor,3072814
2281994,10,Social Protection & Labor,2281993
2261321,4,Education,2261320
1980368,12,Private Sector,1980367
2267999,3,Economy & Growth,2267998
2041815,9,Infrastructure,2041814
1728870,7,Financial Sector,1728869
2290744,10,Social Protection & Labor,2290743
2744189,10,Social Protection & Labor,2744188
1255075,6,Environment,1255073
361792,4,Education,361791
3085986,10,Social Protection & Labor,3085985
3003359,10,Social Protection & Labor,3003358
2270108,3,Economy & Growth,2270107
2843029,10,Social Protection & Labor,2843028
3064861,10,Social Protection & Labor,3064860
2266951,21,Trade,2266949
2817600,10,Social Protection & Labor,2817599
3065055,10,Social Protection & Labor,3065054
3063451,17,Gender,3063448
2271494,3,Economy & Growth,2271493
1207743,20,External Debt,1207742
1089967,20,External Debt,1089966
1266649,6,Environment,1266648
2335970,10,Social Protection & Labor,2335969
2305909,10,Social Protection & Labor,2305908
3062058,4,Education,3062056
321024,4,Education,321023
1279528,6,Environment,1279527
3079566,10,Social Protection & Labor,3079565
307120,4,Education,307119
3076753,10,Social Protection & Labor,3076752
2296285,10,Social Protection & Labor,2296284
2268255,3,Economy & Growth,2268254
688264,2,Aid Effectiveness,688263
2768433,10,Social Protection & Labor,2768432
3073284,10,Social Protection & Labor,3073283
2653106,10,Social Protection & Labor,2653105
2261505,4,Education,2261504
78919,11,Poverty,78918
435546,3,Economy & Growth,435545
68950,11,Poverty,68949
2769664,10,Social Protection & Labor,2769663
305436,4,Education,305435
3079390,10,Social Protection & Labor,3079389
1263609,6,Environment,1263608
3077127,10,Social Protection & Labor,3077126
989868,20,External Debt,989867
3064845,10,Social Protection & Labor,3064844
436910,20,External Debt,436909
855593,20,External Debt,855592
2280434,10,Social Protection & Labor,2280433
186881,10,Social Protection & Labor,186880
1984609,12,Private Sector,1984608
3080335,10,Social Protection & Labor,3080334
360415,4,Education,360414
1089970,20,External Debt,1089969
1061704,20,External Debt,1061703
2280428,10,Social Protection & Labor,2280427
1215389,20,External Debt,1215388
1805413,13,Public Sector,1805412
2312153,10,Social Protection & Labor,2312152
257409,1,Agriculture & Rural Development,257408
3063454,17,Gender,3063453
1727251,12,Private Sector,1727249
2281918,10,Social Protection & Labor,2281917
3076370,10,Social Protection & Labor,3076369
1232989,5,Energy & Mining,1232988
2280655,10,Social Protection & Labor,2280654
2284182,10,Social Protection & Labor,2284181
2263199,4,Education,2263198
3031037,13,Public Sector,3031036
360307,4,Education,360306
303861,4,Education,303860
1759891,13,Public Sector,1759890
849914,20,External Debt,849913
2830547,10,Social Protection & Labor,2830546
1113342,20,External Debt,1113341
2283674,10,Social Protection & Labor,2283673
2797652,10,Social Protection & Labor,2797651
333515,4,Education,333514
2060125,9,Infrastructure,2060124
2353710,10,Social Protection & Labor,2353709
2997809,10,Social Protection & Labor,2997808
2252287,4,Education,2252286
2554997,10,Social Protection & Labor,2554996
1782502,7,Financial Sector,1782496
2750183,10,Social Protection & Labor,2750182
2858875,10,Social Protection & Labor,2858874
3070211,10,Social Protection & Labor,3070210
311537,4,Education,311535
1091737,20,External Debt,1091736
3066039,10,Social Protection & Labor,3066038
3069044,10,Social Protection & Labor,3069043
3072600,10,Social Protection & Labor,3072599
3058737,4,Education,3058736
2990607,10,Social Protection & Labor,2990606
2746765,10,Social Protection & Labor,2746764
3070015,10,Social Protection & Labor,3070014
2265554,3,Economy & Growth,2265553
3015637,10,Social Protection & Labor,3015636
300728,4,Education,300727
3061866,4,Education,3061865
2270072,6,Environment,2270069
2269992,3,Economy & Growth,2269991
3079950,10,Social Protection & Labor,3079949
3055320,4,Education,3055319
418851,3,Economy & Growth,418850
2280757,10,Social Protection & Labor,2280756
2977641,10,Social Protection & Labor,2977640
2281926,10,Social Protection & Labor,2281925
2284818,10,Social Protection & Labor,2284817
3082984,10,Social Protection & Labor,3082983
2281383,10,Social Protection & Labor,2281382
2268474,3,Economy & Growth,2268473
2778894,10,Social Protection & Labor,2778893
1124685,20,External Debt,1124684
1776863,7,Financial Sector,1776862
254401,6,Environment,254398
848609,20,External Debt,848608
3085709,10,Social Protection & Labor,3085708
858638,20,External Debt,858637
2284249,10,Social Protection & Labor,2284248
3084786,10,Social Protection & Labor,3084785
2848956,10,Social Protection & Labor,2848955
433419,3,Economy & Growth,433418
3078196,10,Social Protection & Labor,3078195
3086192,10,Social Protection & Labor,3086191
2285411,10,Social Protection & Labor,2285410
3079387,10,Social Protection & Labor,3079386
2036951,13,Public Sector,2036950
834368,20,External Debt,834367
1089975,20,External Debt,1089974
941827,20,External Debt,941826
2701839,10,Social Protection & Labor,2701838
3076448,10,Social Protection & Labor,3076447
70576,11,Poverty,70575
2283873,10,Social Protection & Labor,2283872
257410,19,Climate Change,257408
1234282,19,Climate Change,1234280
3069033,10,Social Protection & Labor,3069032
2517958,10,Social Protection & Labor,2517957
2638708,10,Social Protection & Labor,2638707
3085148,10,Social Protection & Labor,3085147
255736,19,Climate Change,255735
2526729,10,Social Protection & Labor,2526728
2856185,10,Social Protection & Labor,2856184
1258359,19,Climate Change,1258358
2263482,4,Education,2263481
2284168,10,Social Protection & Labor,2284167
2267918,3,Economy & Growth,2267917
2363004,10,Social Protection & Labor,2363003
1004220,20,External Debt,1004219
3076669,10,Social Protection & Labor,3076668
1256882,5,Energy & Mining,1256881
2289683,10,Social Protection & Labor,2289682
3065853,10,Social Protection & Labor,3065852
1104213,20,External Debt,1104212
928785,20,External Debt,928784
2280441,10,Social Protection & Labor,2280440
2706126,10,Social Protection & Labor,2706125
2297397,10,Social Protection & Labor,2297396
2284726,10,Social Protection & Labor,2284725
2517769,10,Social Protection & Labor,2517768
303848,4,Education,303847
2271423,3,Economy & Growth,2271422
2858884,10,Social Protection & Labor,2858883
1147323,20,External Debt,1147322
54905,11,Poverty,54904
2281380,10,Social Protection & Labor,2281379
1210748,20,External Debt,1210747
339641,4,Education,339640
2750198,10,Social Protection & Labor,2750197
3063360,17,Gender,3063359
2263739,12,Private Sector,2263738
3085427,10,Social Protection & Labor,3085426
3059476,17,Gender,3059474
3064953,10,Social Protection & Labor,3064952
2542289,10,Social Protection & Labor,2542288
357180,4,Education,357179
856960,20,External Debt,856959
327786,4,Education,327785
833103,20,External Debt,833102
2266019,3,Economy & Growth,2266018
2282270,10,Social Protection & Labor,2282269
2648113,10,Social Protection & Labor,2648112
2546781,10,Social Protection & Labor,2546780
831230,20,External Debt,831229
76575,11,Poverty,76574
2290616,10,Social Protection & Labor,2290615
1129917,20,External Debt,1129916
2268464,3,Economy & Growth,2268463
2290070,10,Social Protection & Labor,2290069
3006213,10,Social Protection & Labor,3006212
2289411,10,Social Protection & Labor,2289410
2706111,10,Social Protection & Labor,2706110
3072909,10,Social Protection & Labor,3072908
85978,10,Social Protection & Labor,85977
2530403,10,Social Protection & Labor,2530402
1126631,20,External Debt,1126630
3085330,10,Social Protection & Labor,3085329
2794702,10,Social Protection & Labor,2794700
3061449,17,Gender,3061447
3072218,10,Social Protection & Labor,3072217
2769256,10,Social Protection & Labor,2769255
1771396,7,Financial Sector,1771395
3079095,10,Social Protection & Labor,3079094
2778793,10,Social Protection & Labor,2778792
2678081,10,Social Protection & Labor,2678080
3063142,17,Gender,3063141
3069644,10,Social Protection & Labor,3069643
300779,4,Education,300778
3085612,10,Social Protection & Labor,3085611
1126712,20,External Debt,1126711
3086098,10,Social Protection & Labor,3086097
2266857,3,Economy & Growth,2266856
425466,7,Financial Sector,425464
3080733,10,Social Protection & Labor,3080732
3058652,4,Education,3058651
1235787,6,Environment,1235785
3068656,10,Social Protection & Labor,3068655
2285496,10,Social Protection & Labor,2285495
1974887,21,Trade,1974885
3055423,17,Gender,3055421
1232990,19,Climate Change,1232988
1253477,19,Climate Change,1253476
2336086,10,Social Protection & Labor,2336085
1089988,20,External Debt,1089987
2040192,13,Public Sector,2040191
3077344,10,Social Protection & Labor,3077342
344326,4,Education,344325
254388,1,Agriculture & Rural Development,254387
2778603,10,Social Protection & Labor,2778602
2363123,10,Social Protection & Labor,2363122
3072981,10,Social Protection & Labor,3072980
2706594,10,Social Protection & Labor,2706593
87327,10,Social Protection & Labor,87326
3068845,10,Social Protection & Labor,3068844
2826788,10,Social Protection & Labor,2826787
1126521,20,External Debt,1126520
2724322,10,Social Protection & Labor,2724321
2701842,10,Social Protection & Labor,2701841
3082470,10,Social Protection & Labor,3082469
3062259,4,Education,3062258
2285502,10,Social Protection & Labor,2285501
2997946,10,Social Protection & Labor,2997945
321127,4,Education,321125
418915,7,Financial Sector,418913
2263577,12,Private Sector,2263575
1938783,5,Energy & Mining,1938782
353014,4,Education,353013
2290340,10,Social Protection & Labor,2290339
1108275,20,External Debt,1108274
3081009,10,Social Protection & Labor,3081008
3065442,10,Social Protection & Labor,3065441
3080133,10,Social Protection & Labor,3080132
2958752,10,Social Protection & Labor,2958751
3080845,10,Social Protection & Labor,3080844
3080542,10,Social Protection & Labor,3080541
3010164,10,Social Protection & Labor,3010163
1122433,20,External Debt,1122431
2289701,10,Social Protection & Labor,2289700
1201491,20,External Debt,1201490
3061056,17,Gender,3061054
2638722,10,Social Protection & Labor,2638721
2750192,10,Social Protection & Labor,2750191
2977628,10,Social Protection & Labor,2977627
1094205,20,External Debt,1094204
3066130,10,Social Protection & Labor,3066129
3061145,4,Education,3061144
3078598,10,Social Protection & Labor,3078597
1093035,20,External Debt,1093034
3093996,4,Education,3093995
3073066,10,Social Protection & Labor,3073065
3079197,10,Social Protection & Labor,3079196
3061946,4,Education,3061945
2384582,10,Social Protection & Labor,2384581
303854,4,Education,303853
2778369,10,Social Protection & Labor,2778368
307138,4,Education,307137
1088414,20,External Debt,1088413
2281186,10,Social Protection & Labor,2281185
2335967,10,Social Protection & Labor,2335966
833191,20,External Debt,833190
3080038,10,Social Protection & Labor,3080037
2250936,4,Education,2250935
2045794,9,Infrastructure,2045793
2282842,10,Social Protection & Labor,2282841
2771607,10,Social Protection & Labor,2771606
3072417,10,Social Protection & Labor,3072416
2281200,10,Social Protection & Labor,2281199
3070411,10,Social Protection & Labor,3070410
2266048,21,Trade,2266046
1273745,19,Climate Change,1273744
329803,4,Education,329802
