hjid,file_name,file_size,file_type,file_url,document_attachment_list_doc_0
2121995,mot_202021__550.docx,69311,docx,https://data.riksdagen.se/fil/1BB91166-E6A3-4F35-B4E7-19158B99CE49,2121993
1405759,mot_202122__2477.docx,78164,docx,https://data.riksdagen.se/fil/6C5E245E-A369-44D0-8E06-03B20B034ACB,1405757
494398,MOT_200607_MJ_374.doc,40448,doc,https://data.riksdagen.se/fil/C1118BEB-32BD-4A28-BFD4-A667A474BC74,494397
1168829,MOT_200708_Ub_253.doc,41472,doc,https://data.riksdagen.se/fil/6119C27A-AE1C-4D67-82FC-B4F89BA510AA,1168828
444530,mot_202122__777.pdf,86633,pdf,https://data.riksdagen.se/fil/DC2BD7F4-92EC-4E13-9880-F05BF8690959,444529
1877540,MOT_201314_N_355.doc,56320,doc,https://data.riksdagen.se/fil/0DC1A374-FF2F-4D7B-89BB-F680CC6098AA,1877539
3104691,mot_201617__1938.pdf,63638,pdf,https://data.riksdagen.se/fil/043A6FC7-93C6-4DE7-AE53-DE276485EDD3,3104690
1340358,mot_202526__2177.docx,80626,docx,https://data.riksdagen.se/fil/83E5FF4D-B649-41A2-A074-9B95C2749384,1340356
1944020,mot_201112_k_214.pdf,173965,pdf,https://data.riksdagen.se/fil/8ACE5390-A657-4C83-9615-670C8BACCD1B,1944018
3246272,mot_202021__1645.pdf,77702,pdf,https://data.riksdagen.se/fil/4AF9E8B8-4EB3-4D92-BF13-F4505DE1DF44,3246271
1907934,mot_201819__2835.pdf,128184,pdf,https://data.riksdagen.se/fil/71928546-278E-4CE5-A27B-868330EBAF1B,1907933
304975,mot_201516__1166.pdf,70343,pdf,https://data.riksdagen.se/fil/4DE12910-E4E9-460B-8076-93A80997DA99,304974
3121873,MOT_201213_A_370.doc,58368,doc,https://data.riksdagen.se/fil/4F1AED76-C667-4687-AD8A-F853E8AAEA88,3121872
136853,BET_200102_BoU_2.doc,158720,doc,https://data.riksdagen.se/fil/A1F019B0-A0A9-4572-85B7-D845FEE846E1,136852
1344326,mot_202122__2091.docx,71022,docx,https://data.riksdagen.se/fil/7816624C-A70C-471C-AB91-E52F66275869,1344324
526982,mot_202526__280.pdf,99641,pdf,https://data.riksdagen.se/fil/D83620FE-DD0B-4506-A262-5AFAD5217D68,526980
355016,mot_201516__2164.docx,48998,docx,https://data.riksdagen.se/fil/C95CDAA7-5559-4E5D-8D96-8C701D7D4525,355014
1080696,mot_201112_mj_203.pdf,149753,pdf,https://data.riksdagen.se/fil/51BE37EF-ED1F-4FC5-957F-B98A502CF8A5,1080692
2222423,mot_202021__2634.docx,91595,docx,https://data.riksdagen.se/fil/B88B443F-C3A6-4330-A696-8A52875CC9FC,2222421
2064188,MOT_201314_Ju_276.doc,58880,doc,https://data.riksdagen.se/fil/7BF66E5D-5BDD-41D3-8552-F50C963C97C2,2064187
724478,mot_201516__3196.docx,51684,docx,https://data.riksdagen.se/fil/0D5442DB-E86A-4F51-842A-A574E3F3F011,724476
1288605,mot_201819__1371.pdf,95533,pdf,https://data.riksdagen.se/fil/83FE74E2-154C-40C1-8CE9-94E163981A32,1288604
2206512,MOT_201112_Ub_411.doc,48128,doc,https://data.riksdagen.se/fil/39F4A965-15BB-45EF-A316-346A245A8BB6,2206511
3354876,MOT_200607_Kr_209.doc,40448,doc,https://data.riksdagen.se/fil/5777F6DF-D1F6-42F4-B005-DFBFD22CE435,3354875
3341769,mot_202021__1064.pdf,73314,pdf,https://data.riksdagen.se/fil/E029B254-B1E6-46DB-BAEC-17F5E500E461,3341768
586398,mot_202122__507.docx,71558,docx,https://data.riksdagen.se/fil/B5EB6170-F2D8-4B5C-881B-C78CFAA376A1,586396
1698892,mot_200506_l_303.pdf,135836,pdf,https://data.riksdagen.se/fil/B3D22AA5-1352-4BF2-85DA-A02B0EA36E84,1698890
1053073,prop_201213__164.pdf,894262,pdf,https://data.riksdagen.se/fil/5FFC9F6F-4569-4135-9436-4169298D6164,1053072
1029100,mot_202223__18.pdf,80205,pdf,https://data.riksdagen.se/fil/F4575F90-FEBE-4A53-B185-E8CCB847A03D,1029099
469206,2009_10_MJU29.pdf,16388,pdf,https://data.riksdagen.se/fil/1118B45D-4042-413D-A8D8-BB2FF870B97B,469205
967543,mot_202526__1011.docx,71644,docx,https://data.riksdagen.se/fil/03E188BA-E704-40F9-9869-47A47FB2B7FD,967541
1403060,mot_202122__2296.pdf,72324,pdf,https://data.riksdagen.se/fil/A4F53C03-07BA-4B0C-BC8D-B1E1C86FB172,1403059
3267196,MOT_201213_MJ_382.doc,56320,doc,https://data.riksdagen.se/fil/8F20F5FF-479F-409B-8FFD-9F3B52A5D91F,3267195
226295,mot_201112_ju_10.pdf,142292,pdf,https://data.riksdagen.se/fil/B76BEE8A-0A75-44C9-BA9E-EAA56E033795,226293
633148,mot_201920__2510.pdf,73172,pdf,https://data.riksdagen.se/fil/FD20DD67-B73A-4832-8301-F21A03B8E7E8,633147
2245333,mot_202021__2578.pdf,95406,pdf,https://data.riksdagen.se/fil/CE76EBC8-9D92-4694-A342-C4E458647BC4,2245332
591001,mot_201617__644.docx,52788,docx,https://data.riksdagen.se/fil/3E17B92B-7109-486C-895C-120E09DEE38E,590997
636625,MOT_201112_So_366.doc,48640,doc,https://data.riksdagen.se/fil/910BFDEA-2361-4F57-824B-4DCA96CF0E6C,636624
536745,mot_201718__1165.docx,57500,docx,https://data.riksdagen.se/fil/4810B20A-9EAD-4A6F-A673-D79BD0CC45E9,536743
1466352,MOT_201213_Ju_302.doc,57344,doc,https://data.riksdagen.se/fil/4240F35C-648F-49F6-AA95-BA095A4F071F,1466351
3340725,BET_200203_UbU_9.doc,183808,doc,https://data.riksdagen.se/fil/EF2CE968-5BDE-4835-827D-7EEF46153088,3340724
1703685,mot_202122__3058.pdf,68067,pdf,https://data.riksdagen.se/fil/94670353-1B7E-4A3F-AF2D-0C98C9C9FFD9,1703684
1915956,mot_201819__2991.docx,346655,docx,https://data.riksdagen.se/fil/EEAF314B-818B-4A78-8763-D1D89FC8B069,1915954
1509768,2024_25_SoU16_20250604084852_Publicering.pdf,683791,pdf,https://data.riksdagen.se/fil/9DFF9667-14F0-4A79-AFDF-341E3861D66B,1509767
175268,mot_202021__3150.docx,69965,docx,https://data.riksdagen.se/fil/747C09FE-D89C-4F16-A35D-6AE402D176AF,175266
1737506,prop_200607__25.pdf,352214,pdf,https://data.riksdagen.se/fil/A09E69EC-EAC8-44F3-9B82-AE5119ED3116,1737505
1868709,skr_202021__212.pdf,164514,pdf,https://data.riksdagen.se/fil/024ECE35-D136-46CE-ADD0-4FDAC7F87F27,1868708
616878,mot_201718__2893.pdf,65937,pdf,https://data.riksdagen.se/fil/C0836147-B39F-4CA4-B75A-DDE0354C8C05,616877
995299,mot_202122__1248.docx,73494,docx,https://data.riksdagen.se/fil/979E21AA-DD48-4A72-A83A-C17A059641DF,995297
235802,mot_202122__998.docx,73969,docx,https://data.riksdagen.se/fil/4490AF1C-CF8F-4793-9E17-DF42133294D5,235800
818717,mot_202324__2757.docx,70599,docx,https://data.riksdagen.se/fil/CBB7C5FC-C10B-4E2C-A679-896F46B6114B,818715
817077,mot_202526__1258.pdf,79136,pdf,https://data.riksdagen.se/fil/B3163918-20A4-4448-9EBA-DA3F61D5BD04,817075
1285743,mot_201920__340.docx,71765,docx,https://data.riksdagen.se/fil/54B28092-5963-466D-B2D8-63391B1E8781,1285741
1277937,mot_201415__2858.docx,46661,docx,https://data.riksdagen.se/fil/413C0014-476B-4A7F-AEC0-A89F09C73FFF,1277935
459677,MOT_200607_So_10.doc,50688,doc,https://data.riksdagen.se/fil/061FA3E0-3692-4209-B2A8-9A55FE3BF96D,459676
1527883,mot_202526__3581.pdf,162865,pdf,https://data.riksdagen.se/fil/D00B37DA-2A76-40D1-A5FD-D16FB497E3A4,1527882
1824198,mot_200910_c_354.pdf,128651,pdf,https://data.riksdagen.se/fil/8F14F0D3-AFCD-44DE-81F5-10F533E81C6A,1824196
3318453,prop_201516__111.pdf,414177,pdf,https://data.riksdagen.se/fil/AF97463D-B792-4A08-8B1F-237A430799C0,3318452
925555,mot_200910_ub_568.pdf,145622,pdf,https://data.riksdagen.se/fil/91E0992A-69D2-43DD-8FB3-9452C959DA5A,925553
1503544,mot_201415__1194.pdf,68899,pdf,https://data.riksdagen.se/fil/87E20105-330E-4F49-8288-8DDEBAE6AE90,1503543
475736,bet_200001_juu_14.pdf,498059,pdf,https://data.riksdagen.se/fil/28180666-F6A0-4691-B5C7-92D244F5385E,475734
2069443,mot_201516__157.pdf,74455,pdf,https://data.riksdagen.se/fil/F641ACD5-9F55-4806-97D0-ACF8F7C206C0,2069442
1446458,mot_200506_k_275.pdf,129254,pdf,https://data.riksdagen.se/fil/71313934-EBBE-486B-8D99-E8DD4D0A1755,1446456
1479973,MOT_200506_T_377.doc,57344,doc,https://data.riksdagen.se/fil/75BB47FE-BE20-4D75-ACCE-4102237D38F4,1479972
689505,mot_201112_so_508.pdf,130677,pdf,https://data.riksdagen.se/fil/47FB8CF9-6F65-40C8-BBCF-568973117981,689503
1987230,MOT_200506_N_228.doc,55296,doc,https://data.riksdagen.se/fil/0C6AB37E-DA5B-4F75-B45E-33053001170E,1987229
3311403,BET_200203_MJU_17.doc,80384,doc,https://data.riksdagen.se/fil/CAFB2231-F23D-46AE-A551-CE19C5F1072E,3311402
324145,mot_201011_kr_294.pdf,146377,pdf,https://data.riksdagen.se/fil/6ADF9FD2-F944-4D07-A8E7-260548E1C9D0,324143
1568436,mot_202324__315.docx,70553,docx,https://data.riksdagen.se/fil/4DA36F5D-320F-4274-AA53-4A0387F5C774,1568434
103049,BET_200001_Uu_4.doc,959488,doc,https://data.riksdagen.se/fil/ED704E59-355F-4842-8668-D569561A8CCE,103048
554851,mot_201718__1033.docx,58789,docx,https://data.riksdagen.se/fil/D2B005B1-6E09-4F28-B548-FCFEEBD3AE30,554849
1993018,MOT_201314_Sf_273.doc,56320,doc,https://data.riksdagen.se/fil/843B4EAD-3222-49BB-B00F-4169C0A8503D,1993017
1787199,mot_201415__1260.pdf,65534,pdf,https://data.riksdagen.se/fil/10EC4743-92B0-49A8-B664-441B86707EFD,1787198
1305818,mot_202223__585.docx,73639,docx,https://data.riksdagen.se/fil/0C28EE2F-1F99-4EE2-9B50-7EA98DAEFCB2,1305816
980236,mot_202122__1685.docx,73179,docx,https://data.riksdagen.se/fil/D9D368BB-699A-42A0-9464-4334952E59B6,980234
1875607,mot_202425__2305.docx,71122,docx,https://data.riksdagen.se/fil/76AE70EA-B24A-4A57-B5AE-CCA65D03A0EA,1875605
1108619,mot_202526__2748.docx,83532,docx,https://data.riksdagen.se/fil/7F6B601D-7391-4974-9042-5C2E3AEF2AA2,1108617
1962074,mot_201819__1972.docx,69777,docx,https://data.riksdagen.se/fil/4BB2CC8A-7DE4-4BB0-A64D-1E29F7E989F3,1962072
2203691,MOT_200506_N_403.doc,43520,doc,https://data.riksdagen.se/fil/7EB637D5-BD38-4925-AF2A-DABCD279CEB3,2203690
3246858,mot_201617__2611.pdf,68262,pdf,https://data.riksdagen.se/fil/1D3B261A-3B10-4A83-A9A4-EB3475CE519C,3246857
139571,mot_201011_so_291.pdf,125446,pdf,https://data.riksdagen.se/fil/1E291157-F9BB-4146-92BC-947C95B3FFEB,139569
2016734,mot_202021__660.docx,73096,docx,https://data.riksdagen.se/fil/EA6244C3-0A36-49A9-AF02-CBF8033CE23A,2016732
2022795,MOT_200809_Sk_330.doc,38912,doc,https://data.riksdagen.se/fil/730C0D46-E89C-43ED-99A5-B54A9A1501BC,2022794
1401421,mot_201718__4048.docx,63996,docx,https://data.riksdagen.se/fil/9BCE4B63-5C25-48F0-A154-EA94A6422C50,1401419
3305736,mot_201617__3735.docx,64491,docx,https://data.riksdagen.se/fil/0E76E676-D0D9-4A65-B844-D23B465B63EF,3305734
1374575,mot_202223__1418.docx,71269,docx,https://data.riksdagen.se/fil/EC3FD2DE-B6CE-45B3-919F-D7997B19A536,1374573
2114963,mot_201819__1618.docx,69381,docx,https://data.riksdagen.se/fil/C6B05928-5D39-4969-8D2C-0B5A1C6CD5DD,2114961
2209224,mot_201516__748.docx,56674,docx,https://data.riksdagen.se/fil/E02DC308-9B9C-4F85-A4C5-9B83734070E7,2209222
453087,mot_202122__820.pdf,69643,pdf,https://data.riksdagen.se/fil/D392DE4E-399C-4C47-A79A-EE06622673F2,453086
1930949,mot_201112_fi_270.pdf,136463,pdf,https://data.riksdagen.se/fil/AD90169C-B81B-45B6-95EC-ED3F47020F85,1930947
1335351,mot_201617__1155.docx,58978,docx,https://data.riksdagen.se/fil/C84032F3-E046-486C-9BE5-32484FDDDD4C,1335349
1250787,mot_202223__1455.docx,73338,docx,https://data.riksdagen.se/fil/6A6C5AAA-CC7A-418E-BA67-4D6F0E1CE299,1250785
2239557,BET_200304_JuU_20.pdf,4760989,pdf,https://data.riksdagen.se/fil/38A4EA37-03BC-4457-B610-CE8E55074523,2239556
901531,mot_202122__1957.docx,73239,docx,https://data.riksdagen.se/fil/2EE00349-A527-4944-B219-5241A380527F,901529
2149407,mot_201516__279.docx,63374,docx,https://data.riksdagen.se/fil/B6A2A7FB-58FC-47F1-8CA0-5B7E6261BB58,2149405
2059476,mot_202425__1149.docx,71006,docx,https://data.riksdagen.se/fil/E6C9232F-8F15-407A-9B5E-1D6DC75CDA91,2059474
323451,MOT_200506_Fö_211.doc,54272,doc,https://data.riksdagen.se/fil/462C8559-6F4F-4471-9295-F21552260BFE,323450
635456,mot_200809_so_14.pdf,138045,pdf,https://data.riksdagen.se/fil/58F7774F-EF78-45D5-A7BC-CF5F477811F3,635454
738081,mot_201819__615.docx,70695,docx,https://data.riksdagen.se/fil/DD1D055D-9D9B-4AA9-8A2D-1122FA9B3849,738079
291085,mot_202021__3109.pdf,99768,pdf,https://data.riksdagen.se/fil/E8A77104-0191-49FB-943B-2C438310BA5F,291084
605865,prop_200102__137.pdf,109375,pdf,https://data.riksdagen.se/fil/B79FC33C-2AFF-4BD7-9916-08616AB955D7,605864
1857239,mot_201112_a_312.pdf,147167,pdf,https://data.riksdagen.se/fil/3D2A5088-CE4F-4C4F-A4CF-0E125F283B04,1857237
1739831,mot_201415__1597.docx,50025,docx,https://data.riksdagen.se/fil/21A6E7E9-DBF0-46EF-8E6A-5FD70180AA65,1739826
179144,mot_201516__1977.pdf,65673,pdf,https://data.riksdagen.se/fil/F4AFBA9F-217A-40BE-9674-48798DE6DD5E,179143
2043124,skr_201415__52.pdf,666577,pdf,https://data.riksdagen.se/fil/17911C3B-7163-4EAD-90BA-6D95F9310A7B,2043123
1530526,MOT_200809_Kr_271.doc,45056,doc,https://data.riksdagen.se/fil/03DABBB2-A160-42FC-B780-3337E3C881BB,1530525
1991650,MOT_201314_So_261.doc,55296,doc,https://data.riksdagen.se/fil/47B2A807-6A5A-4441-8AF4-B1367DB8590F,1991649
2149522,prop_200708__1_d39.pdf,25671,pdf,https://data.riksdagen.se/fil/DE9BA17B-95D5-41AF-B6C9-C826AD3EACD3,2149521
1994432,mot_201314_sf_257.pdf,161003,pdf,https://data.riksdagen.se/fil/80D94BE8-06D4-4B29-B820-D767C0203502,1994430
956401,BET_200102_JuU_21.doc,59392,doc,https://data.riksdagen.se/fil/3290C3FC-6EAE-463D-A744-6DDEA2DD0C31,956400
761507,mot_201920__2462.docx,70278,docx,https://data.riksdagen.se/fil/75C8E3DB-CEED-4D5F-B15C-3D1C189C6E22,761505
1157305,mot_202122__1540.pdf,70770,pdf,https://data.riksdagen.se/fil/31B6C4EA-3EE2-41F5-80AD-800E94A4D7B4,1157304
1567862,mot_201415__902.docx,47589,docx,https://data.riksdagen.se/fil/5A84F5C9-619C-4AC0-9F1E-9D44A98D7AE7,1567860
727181,mot_201819__768.pdf,68546,pdf,https://data.riksdagen.se/fil/666763BA-0DCF-47E8-A9E7-335EF611A10C,727180
1701018,2008_09_FöU6.pdf,133756,pdf,https://data.riksdagen.se/fil/BA158550-386E-4C44-AC63-79607EA0AE37,1701017
1576575,MOT_200506_T_328.doc,57344,doc,https://data.riksdagen.se/fil/53A284A0-8CFC-4496-966F-F8AD8764BCE3,1576574
270211,mot_202122__746.pdf,71613,pdf,https://data.riksdagen.se/fil/68B01B92-2F75-40F9-9823-AE9A65445B69,270210
1294531,mot_202526__3035.docx,82763,docx,https://data.riksdagen.se/fil/51FA5B30-9B87-499C-BAA6-D6B60F3135DC,1294529
2126274,mot_201819__1881.docx,70965,docx,https://data.riksdagen.se/fil/8C28E1F2-D3A9-4BA7-AB29-52592BC1724C,2126272
1129240,mot_202324__1742.pdf,79566,pdf,https://data.riksdagen.se/fil/438F5FDE-AD9B-4BD5-8DF9-7840188A7485,1129239
1808968,201415_KrU2.pdf,267513,pdf,https://data.riksdagen.se/fil/09F74DA1-48DC-469B-865B-08CB7529A816,1808967
1444534,BET_200405_SoU_6.doc,119296,doc,https://data.riksdagen.se/fil/93101EE2-C050-4817-9360-1D45DB24A1CD,1444533
2192132,mot_202021__2417.pdf,92643,pdf,https://data.riksdagen.se/fil/3BDA2EF4-DA82-4F3F-B0CD-70C97CAD4537,2192131
1370400,MOT_200809_Kr_220.doc,48640,doc,https://data.riksdagen.se/fil/558D01D3-87F8-4857-B2ED-4ACF38D96118,1370399
2101854,mot_201819__2222.pdf,71963,pdf,https://data.riksdagen.se/fil/31B75EF3-8536-4234-AE46-0CB39341CDBE,2101853
3241912,mot_201617__3132.docx,59354,docx,https://data.riksdagen.se/fil/07B1D2AC-3F31-43F0-B0FF-292DA9B1616E,3241910
1251348,mot_200910_so_627.pdf,131115,pdf,https://data.riksdagen.se/fil/BB774499-349B-4B5E-8D3C-5124AD01A351,1251345
733328,mot_202324__2446.docx,84679,docx,https://data.riksdagen.se/fil/D26555B4-6347-4196-9F4C-6553E9BB72C5,733326
1598550,mot_201415__282.pdf,63617,pdf,https://data.riksdagen.se/fil/F25FBFAA-70F5-4B2C-A220-B06ACFB2CA87,1598549
1167790,mot_202223__914.pdf,80158,pdf,https://data.riksdagen.se/fil/AD372F42-C1B7-4D9D-9DD3-5EF7B68CB8B0,1167788
1560344,2022_23_TU3_20221101100224_Publicering.pdf,322764,pdf,https://data.riksdagen.se/fil/126FA0BB-3EA7-4075-92ED-EE539F09F0E6,1560343
589514,mot_200809_c_426.pdf,219911,pdf,https://data.riksdagen.se/fil/081AA95A-6C03-4316-87EE-825C3D915673,589510
568635,mot_201516__2454.pdf,95219,pdf,https://data.riksdagen.se/fil/4D3C0EA5-5B83-4FF9-BB6F-28A9FC8076F3,568634
1977082,mot_201314_sf_310.pdf,127931,pdf,https://data.riksdagen.se/fil/49C2CDC5-5D7C-4197-A9FD-3DC2775270AB,1977080
852076,mot_200506_a_358.pdf,126681,pdf,https://data.riksdagen.se/fil/2DB79788-1E16-4B6B-BEDC-CCE3F4EC3352,852074
1017331,mot_202122__1078.docx,73157,docx,https://data.riksdagen.se/fil/D22BA358-F2C4-4BB9-8EDD-D9B58B55F439,1017329
1162904,2013_14_UbU14.pdf,334217,pdf,https://data.riksdagen.se/fil/3711D733-55F4-458B-AF9C-ACB4EC8A1305,1162903
278183,mot_200506_ub_462.pdf,125961,pdf,https://data.riksdagen.se/fil/0CDCE2B6-DBF8-4A24-905D-8B85404CF997,278181
1814084,prop_201011__1_d18.pdf,573878,pdf,https://data.riksdagen.se/fil/17331979-1EFD-4FD6-977B-08E40B04BE45,1814064
1227237,mot_202526__2862.docx,78212,docx,https://data.riksdagen.se/fil/33BB9A63-45D0-4D14-91E9-A4D9994408A3,1227235
113974,MOT_201011_So_413.doc,48640,doc,https://data.riksdagen.se/fil/A71EBA58-E4AC-4D69-BA45-25DB5ADCBB5C,113973
228212,mot_200607_a_274.pdf,153677,pdf,https://data.riksdagen.se/fil/ABC3AE32-E457-48F1-9806-4D7213689B3C,228208
1263997,mot_202526__2303.docx,82735,docx,https://data.riksdagen.se/fil/32A743A9-EDB8-42DE-950C-9378619E13AD,1263995
3307092,mot_202425__260.pdf,69869,pdf,https://data.riksdagen.se/fil/AE555B48-7742-49A0-873E-A7BDDC5218E5,3307091
1062348,mot_201213_ub_482.pdf,122800,pdf,https://data.riksdagen.se/fil/7605153A-CE12-4926-905C-59B7C787F2C6,1062343
1835204,mot_201819__1649.docx,71314,docx,https://data.riksdagen.se/fil/48A44565-716C-4B41-BA9C-5B379D694115,1835202
132110,mot_201718__879.pdf,90465,pdf,https://data.riksdagen.se/fil/D270275C-4723-4974-B8C4-7CB3D96E128F,132109
1057485,mot_202324__1057.pdf,81347,pdf,https://data.riksdagen.se/fil/785141E9-99BC-4174-9BAF-62A36B943FC8,1057484
2015745,mot_202425__193.docx,91212,docx,https://data.riksdagen.se/fil/9A338301-3F23-489B-A525-E2C13E246D7B,2015743
1546275,mot_201617__1225.pdf,54195,pdf,https://data.riksdagen.se/fil/F3CAA2E6-C4EE-4217-A63A-9A247022237D,1546274
801353,mot_201920__2701.pdf,69594,pdf,https://data.riksdagen.se/fil/E3DCB03E-00CB-4D55-A839-6CB25F775A3D,801352
536781,mot_201516__2869.docx,49481,docx,https://data.riksdagen.se/fil/2976E77B-86E0-4676-96F8-07DD69A98ED5,536779
1115696,mot_202324__1149.pdf,72494,pdf,https://data.riksdagen.se/fil/DEE49009-1922-4BF0-86EE-222B10FDB18A,1115695
602821,mot_200607_k_289.pdf,130492,pdf,https://data.riksdagen.se/fil/A1FC0408-8005-4AB7-8254-01042F61DE52,602818
1833093,mot_201415__1833.docx,45505,docx,https://data.riksdagen.se/fil/78AC415F-C213-4AC5-8E53-BEB0EE96E624,1833091
593715,mot_200607_mj_207.pdf,163940,pdf,https://data.riksdagen.se/fil/E4171487-F7F7-4217-ADC8-EAF859A66B6A,593713
116304,MOT_200809_A_202.doc,37888,doc,https://data.riksdagen.se/fil/6FCAFFEF-4681-4F99-899F-1E4D69D9475D,116303
62098,MOT_201213_Ub_377.doc,55808,doc,https://data.riksdagen.se/fil/F3615FCD-5BA9-41C9-948E-7F08A4000944,62097
1918033,MOT_200708_T_341.doc,37888,doc,https://data.riksdagen.se/fil/CBFEC8A7-F1E5-4134-A420-117C1D216F58,1918032
1891586,mot_201617__3294.pdf,82640,pdf,https://data.riksdagen.se/fil/862348A7-219D-4563-8B6A-11F15CC4F6C1,1891585
2192267,mot_201011_sf_326.pdf,138981,pdf,https://data.riksdagen.se/fil/36D699C9-2CF5-4FC6-90A5-F085AB751388,2192265
1423861,mot_201920__427.docx,69607,docx,https://data.riksdagen.se/fil/74622983-54DA-4AFF-9FD8-DDC88E525F35,1423859
1194680,mot_200910_a_227.pdf,125471,pdf,https://data.riksdagen.se/fil/E451BCC4-FB7C-4ECC-9B1B-4036C218EA82,1194678
3234592,MOT_200506_U_271.doc,59904,doc,https://data.riksdagen.se/fil/AFF0C8D1-3FA0-45C6-8F11-0CE637A5A0FB,3234591
1269756,MOT_201011_C_330.doc,54784,doc,https://data.riksdagen.se/fil/1C1E2397-8EFB-4155-8452-56DDD369307E,1269755
757334,MOT_200809_So_351.doc,37888,doc,https://data.riksdagen.se/fil/C44F2CD5-35D9-49EB-B35E-28AD8EBEE2E3,757333
1334423,mot_201314_ub_536.pdf,150545,pdf,https://data.riksdagen.se/fil/924E9A37-F93B-4B48-B6A5-6028595376D0,1334421
2038285,mot_200708_t_548.pdf,221360,pdf,https://data.riksdagen.se/fil/E854B829-6DA2-4197-8D72-3626A24DB476,2038283
597253,mot_201314_kr_252.pdf,129727,pdf,https://data.riksdagen.se/fil/910DF595-CEB0-404B-9C6E-0C623E6A3175,597251
1951138,mot_201617__2538.docx,53368,docx,https://data.riksdagen.se/fil/ADB40CD9-653D-4FCD-8938-E9ED9EF697C2,1951136
3244555,mot_201617__350.docx,60614,docx,https://data.riksdagen.se/fil/F5A91972-9293-49B6-9C02-C6E9C86FF4F5,3244553
652238,mot_201718__2595.docx,58872,docx,https://data.riksdagen.se/fil/79CAFFC6-2AF5-4DD7-ACAF-B7A5BA765C33,652236
2024380,mot_201819__1740.pdf,70524,pdf,https://data.riksdagen.se/fil/9F13DEAF-C6D6-4CA8-A31D-E12EF220BC99,2024379
1896592,MOT_201213_K_364.doc,55808,doc,https://data.riksdagen.se/fil/364C02DB-D40E-4833-8ED9-97BEB97B91D4,1896591
373640,mot_201516__2319.pdf,68150,pdf,https://data.riksdagen.se/fil/2719B681-D04A-4D1D-AD3E-8B16CED76E7D,373638
1016487,mot_202324__1199.pdf,74362,pdf,https://data.riksdagen.se/fil/C816BC0B-5A38-41E0-9F05-FBF6F81D6690,1016486
654710,MOT_201112_N_237.doc,49152,doc,https://data.riksdagen.se/fil/CF21DAEA-318F-4D61-B647-5C507EE29B53,654709
1201299,mot_201314_u_277.pdf,136777,pdf,https://data.riksdagen.se/fil/EEDF3BD7-C7FE-4A37-ACE9-81F103DD2DFA,1201297
3327326,mot_200506_mj_531.pdf,407260,pdf,https://data.riksdagen.se/fil/5A4750E1-1D2C-441A-9C00-BFE81CC372E4,3327324
1684782,mot_202526__3440.pdf,173943,pdf,https://data.riksdagen.se/fil/6C7612D4-E994-486F-A528-42859E59CD82,1684781
839671,mot_201819__512.pdf,72588,pdf,https://data.riksdagen.se/fil/FCB10ACE-A217-4938-9340-DB7AC3C54501,839670
1121225,mot_202324__1287.docx,70379,docx,https://data.riksdagen.se/fil/BD3E5EE4-1D9B-4A33-A990-A2BF2032540B,1121223
916662,MOT_200910_Ub_437.doc,40448,doc,https://data.riksdagen.se/fil/35E21863-88F7-4C47-A668-A73BB5A5FC8F,916661
660265,MOT_200607_Fi_219.doc,54784,doc,https://data.riksdagen.se/fil/1AF0C3A7-B8D6-4FE4-8715-73AD324C6506,660264
594981,MOT_200607_MJ_249.doc,39936,doc,https://data.riksdagen.se/fil/56A48236-2DFF-47E8-B6FB-A31CFD34C211,594980
974977,mot_201213_mj_6.pdf,192401,pdf,https://data.riksdagen.se/fil/55310E1F-1640-4F15-828C-2D7DA4DC3F15,974974
509899,MOT_201112_So_586.doc,48640,doc,https://data.riksdagen.se/fil/2CCECA81-4566-4F12-937A-E4100C266D45,509898
1244198,mot_200506_ju_555.pdf,130284,pdf,https://data.riksdagen.se/fil/F9B66F46-D73A-49AC-BCAA-FCA62A260C3B,1244196
427394,mot_201516__2810.pdf,76916,pdf,https://data.riksdagen.se/fil/3847D5E3-1ED0-4C7C-9C7C-CC597B2AE1F4,427393
1937838,mot_201617__3664.pdf,75849,pdf,https://data.riksdagen.se/fil/F0DAC996-8E66-4F4F-A7C6-1913ED3A50B0,1937836
1070331,mot_202223__931.pdf,107603,pdf,https://data.riksdagen.se/fil/CACDDE30-CFFB-4F83-8C91-4C0D88113D6B,1070330
860034,mot_201819__114.pdf,69334,pdf,https://data.riksdagen.se/fil/8B1FB7E6-6A98-4752-82B5-19B6F7B1ADF8,860033
831463,MOT_200708_MJ_380.doc,44544,doc,https://data.riksdagen.se/fil/D90B9B08-2AB2-4E40-991B-BDE5A5C4C583,831462
693368,MOT_201112_So_459.doc,63488,doc,https://data.riksdagen.se/fil/53E7CD7F-E7A3-43C1-B027-99F2052CF0D5,693367
693281,2011_12_JuU24.pdf,591421,pdf,https://data.riksdagen.se/fil/4AC3FA29-1E57-45C5-80B7-2670D60D12DB,693280
824861,2013_14_KU32.pdf,147609,pdf,https://data.riksdagen.se/fil/89543F44-0F3E-4418-9972-DAEF11997A1F,824860
1476533,mot_201617__2046.pdf,56971,pdf,https://data.riksdagen.se/fil/628025F2-32CA-4C13-80FB-C6F66778395E,1476532
2149929,mot_201516__251.pdf,66096,pdf,https://data.riksdagen.se/fil/E226A5EA-7E56-4015-8D8A-6678D0735A70,2149928
1308288,MOT_200506_So_338.doc,43008,doc,https://data.riksdagen.se/fil/66CF27F5-E3E9-4107-87C4-5C40AEE51304,1308287
845218,mot_201718__3629.docx,58809,docx,https://data.riksdagen.se/fil/240CF156-4FC8-434B-83A0-042F24FFFD50,845216
1753031,mot_200809_mj_374.pdf,135311,pdf,https://data.riksdagen.se/fil/DB157A12-652B-4BEE-886A-321CDFD756B4,1753029
277550,prop_200506__129.pdf,514999,pdf,https://data.riksdagen.se/fil/97E94C55-4B59-4F4C-AD05-114331E9E5B4,277549
2035670,mot_202021__2093.docx,71394,docx,https://data.riksdagen.se/fil/0A2B35A7-ACBD-43F6-B15F-C0D3362AA2DB,2035668
1054061,mot_200809_so_510.pdf,125871,pdf,https://data.riksdagen.se/fil/3B2C433B-850A-4D15-9317-8B9DEF0A6E89,1054059
1488643,2010_11_SkU37.pdf,55989,pdf,https://data.riksdagen.se/fil/F2B7E521-6612-4AEF-AACF-BF374FB6E393,1488642
1238833,mot_201617__1043.docx,59297,docx,https://data.riksdagen.se/fil/5E2B573A-ACDF-4A45-91B1-2269F3B2ED43,1238831
1962919,mot_202122__4139.pdf,90255,pdf,https://data.riksdagen.se/fil/6B1C45C8-0BD5-496B-AD0C-B136ADEEC686,1962918
320410,mot_200607_t_312.pdf,114161,pdf,https://data.riksdagen.se/fil/CA337BB1-34ED-4D43-8380-B08F1259D754,320408
2088881,mot_201314_sf_243.pdf,134216,pdf,https://data.riksdagen.se/fil/41C27C73-0280-479B-9F5D-83D8F972910A,2088879
1001810,MOT_200708_Ub_292.doc,38400,doc,https://data.riksdagen.se/fil/CF340149-F008-419D-944F-30DBFD098C96,1001809
1662109,mot_201415__1372.pdf,70754,pdf,https://data.riksdagen.se/fil/65D6EC30-8971-4E42-A0E8-AD7F52E3ED1D,1662108
1776280,MOT_200809_Fi_18.doc,40960,doc,https://data.riksdagen.se/fil/BA642F72-DF3D-470E-8242-C4F4C0660787,1776279
1273005,mot_202526__2401.pdf,80580,pdf,https://data.riksdagen.se/fil/75A9A8ED-60F9-43F5-BDF3-706320C7BC06,1273004
116287,mot_200809_ub_339.pdf,127519,pdf,https://data.riksdagen.se/fil/E4358CAE-723D-47C3-901C-7856EA083115,116285
821331,mot_200910_ub_471.pdf,144933,pdf,https://data.riksdagen.se/fil/5262E0F2-DB57-40D6-ADD9-9B0A3F91ED81,821329
457957,mot_201617__781.pdf,65659,pdf,https://data.riksdagen.se/fil/B8E26803-076B-46B3-B88D-D5BD45C80285,457956
721789,mot_201718__2769.pdf,77869,pdf,https://data.riksdagen.se/fil/B84DE3B7-4853-4340-A7E7-169492427461,721788
288058,MOT_200708_N_218.doc,38912,doc,https://data.riksdagen.se/fil/FC23B4D0-E963-41AF-A744-BCD60B2252B8,288056
834350,mot_201819__429.docx,69487,docx,https://data.riksdagen.se/fil/CC99B816-4AEA-4F3F-AF03-E3EDB5F68805,834348
567837,mot_201213_n_321.pdf,135052,pdf,https://data.riksdagen.se/fil/364845D9-6DD2-445B-A34D-A2F78FF01293,567835
1762906,mot_201112_sk_232.pdf,128155,pdf,https://data.riksdagen.se/fil/11AA928B-1C71-450D-B323-72ADC69D7B98,1762904
618202,mot_201718__2037.docx,58982,docx,https://data.riksdagen.se/fil/A8F2CE32-B584-406C-B7C4-E71DFFB1C8DC,618200
3354532,mot_202425__217.pdf,75525,pdf,https://data.riksdagen.se/fil/D2C73149-B6A6-48D6-A37B-BC6B137582E6,3354531
1607664,mot_200506_k_240.pdf,183358,pdf,https://data.riksdagen.se/fil/BB29B4FF-77E5-4871-8589-6C0C258BA4DA,1607662
1596257,mot_202324__267.pdf,77317,pdf,https://data.riksdagen.se/fil/63374945-6B5E-4DA4-97B5-63FDB6D7D268,1596256
1813348,mot_202021__1501.pdf,77946,pdf,https://data.riksdagen.se/fil/034F4963-E3AF-4252-BCBA-8AC9788F93BC,1813346
1038552,mot_200607_ub_337.pdf,137803,pdf,https://data.riksdagen.se/fil/4BD9BBD8-5724-4F11-BC7C-DCA978F2D339,1038550
1071856,201415_JuU18.pdf,566052,pdf,https://data.riksdagen.se/fil/61B39DE0-A2AB-42E8-9751-0008274CDF09,1071855
999436,MOT_201112_MJ_9.doc,74752,doc,https://data.riksdagen.se/fil/AAB6BE7F-E5BB-419B-8D87-679E1C30A6F8,999435
1943113,mot_201617__2653.pdf,65469,pdf,https://data.riksdagen.se/fil/DB903F1F-D882-412F-910B-1024C21A89BF,1943112
3299553,mot_202021__1445.pdf,72907,pdf,https://data.riksdagen.se/fil/5B65C5F0-ACEA-430B-B99F-6920B3FAB268,3299552
895619,MOT_200910_Ub_262.doc,57856,doc,https://data.riksdagen.se/fil/2CB7B388-8F2F-4228-BE02-9EED352B5EBF,895618
1677880,mot_202526__3336.docx,81961,docx,https://data.riksdagen.se/fil/C5892567-20B3-473E-8BCE-F9F14407DBD1,1677878
303074,mot_201516__1833.pdf,71290,pdf,https://data.riksdagen.se/fil/66AC8ADD-7C44-41BD-B785-21FAB54054EF,303073
1035266,mot_201718__3739.docx,72509,docx,https://data.riksdagen.se/fil/6B8EC7E0-6865-4BC5-B6EF-ECDAD8B61A11,1035264
1096161,mot_201011_t_366.pdf,130181,pdf,https://data.riksdagen.se/fil/1DD4065F-3769-43CD-BEA9-8D978E6F63FB,1096159
1771613,MOT_201112_Sk_360.doc,63488,doc,https://data.riksdagen.se/fil/8D9E4C81-6809-4806-8284-793B086DBFAE,1771611
781987,mot_201112_so_219.pdf,127669,pdf,https://data.riksdagen.se/fil/51E341FD-4549-43AA-9D9D-0A81D4E79559,781985
1247299,MOT_201011_Sk_431.doc,49664,doc,https://data.riksdagen.se/fil/648E5CA7-A4E4-48A6-9842-7FD1682ED16E,1247298
618586,mot_201516__3210.pdf,100035,pdf,https://data.riksdagen.se/fil/7D4A7AA0-F26C-4010-93C8-04216440E5C2,618585
697052,MOT_201112_So_390.doc,62464,doc,https://data.riksdagen.se/fil/42853EAB-D08A-4FC5-92D8-5FD8CCED91DD,697051
647446,MOT_201112_N_354.doc,49152,doc,https://data.riksdagen.se/fil/F22D8E55-924A-4801-B275-490A136136B8,647445
1969838,mot_201314_ju_273.pdf,159659,pdf,https://data.riksdagen.se/fil/E714F6D8-D526-4A97-A9AB-9B31E80C39F4,1969836
870135,mot_202324__2914.docx,74434,docx,https://data.riksdagen.se/fil/D1E8E707-436F-42AB-B1B7-F7FEBE4F9525,870133
415071,MOT_200910_MJ_303.doc,37376,doc,https://data.riksdagen.se/fil/5974B43F-5B25-46AD-97B5-44B64D0243EC,415070
1150311,mot_202526__2093.pdf,77191,pdf,https://data.riksdagen.se/fil/08673043-F6BE-48CC-8BF5-1C4AA80B19C2,1150310
1912144,MOT_200607_So_202.doc,37888,doc,https://data.riksdagen.se/fil/EE8B201F-272F-4DAD-B263-52D3678AB846,1912142
1757235,MOT_200506_Kr_205.doc,55808,doc,https://data.riksdagen.se/fil/5648DBFA-86CD-491C-B8E5-EFEFAED67DCC,1757234
1099115,MOT_200708_Kr_216.doc,39424,doc,https://data.riksdagen.se/fil/3D547EC2-1DA5-4FE0-B201-C3E088D19DEA,1099114
1742026,mot_201415__1403.pdf,59805,pdf,https://data.riksdagen.se/fil/92677CE3-8DD7-4359-9D4D-2D23830AFAFD,1742025
1098393,BET_200203_UU_2.doc,189440,doc,https://data.riksdagen.se/fil/FDB5A2DC-716F-491E-BACA-B2D9E3AB4063,1098392
1069572,mot_202526__4078.docx,77930,docx,https://data.riksdagen.se/fil/56E99DB0-8677-4745-BD02-B4640B5C6AC7,1069570
3115604,mot_201112_a_208.pdf,150259,pdf,https://data.riksdagen.se/fil/A2F9C74A-FE82-4964-81A7-806D17A04D85,3115602
764706,mot_202324__2892.docx,259909,docx,https://data.riksdagen.se/fil/D9F1DEE7-0FB8-424A-BEC5-4FC4FFB77C1B,764704
636246,mot_201819__249.docx,69616,docx,https://data.riksdagen.se/fil/9107B087-C8FC-4DE4-AEE1-E3AB86A31081,636244
525858,MOT_200607_So_16.doc,53248,doc,https://data.riksdagen.se/fil/FCB2A35B-B072-4339-9519-126DB1628D24,525857
301602,mot_201516__1915.docx,49146,docx,https://data.riksdagen.se/fil/105784C7-93FF-47A7-BDFF-F95F5DFF6863,301600
1246715,MOT_200910_Ju_368.doc,44544,doc,https://data.riksdagen.se/fil/E3909936-871E-41B0-9012-73E205B1D6CA,1246714
707068,prop_201314__228_d2.pdf,4750746,pdf,https://data.riksdagen.se/fil/8DA93DC9-351A-4546-93C8-B1FFAC6712D7,707066
391042,mot_202526__436.pdf,78559,pdf,https://data.riksdagen.se/fil/CC6C5BE8-A901-4065-AEDD-750B76310713,391041
81617,Proposition_194_202425.pdf,421877,pdf,https://data.riksdagen.se/fil/D5229E8B-9402-4728-9E71-DD5A17084958,81616
1351379,2025_26_JuU2_20250916120835_Publicering.pdf,3097633,pdf,https://data.riksdagen.se/fil/8488EEDB-8CD5-4767-82D4-630714D7952B,1351378
1034746,MOT_200607_Ub_276.doc,39424,doc,https://data.riksdagen.se/fil/29884D94-8A30-4B14-8A44-72FE3D15B56D,1034745
3134877,mot_202425__2738.docx,70836,docx,https://data.riksdagen.se/fil/DAB21242-BE5E-41D7-9E14-C98B151DB602,3134875
1976508,mot_202122__4649.pdf,80641,pdf,https://data.riksdagen.se/fil/4CB26152-5890-488D-97DA-75EDCC88EA0C,1976507
782762,mot_200809_k_226.pdf,138546,pdf,https://data.riksdagen.se/fil/CDDF5F74-B2BE-4FF3-B323-0B0F689D48E9,782760
1360083,2009_10_CU14.pdf,287667,pdf,https://data.riksdagen.se/fil/7A65D98B-85EF-4BCB-91BC-231F298D4D4B,1360082
495091,mot_201718__1774.pdf,71750,pdf,https://data.riksdagen.se/fil/9FADEC14-4326-488F-BB43-3DDAA28FBDF5,495090
2150853,mot_202425__457.pdf,80701,pdf,https://data.riksdagen.se/fil/BEBEFDB4-04FC-425B-8073-9C7A5C8DD4E8,2150852
1474197,mot_201314_k_203.pdf,183997,pdf,https://data.riksdagen.se/fil/02709D72-3BEF-4DF9-A047-500A474BF7A8,1474195
2194827,mot_201819__2301.docx,81992,docx,https://data.riksdagen.se/fil/46D3EEBD-64F2-4E3A-A082-20E7743C3447,2194825
1808597,mot_201617__3564.pdf,191274,pdf,https://data.riksdagen.se/fil/EE9EDF54-E8E2-46E8-931E-E74C69C3A9AB,1808595
896708,mot_201718__3254.docx,57534,docx,https://data.riksdagen.se/fil/7B42DB91-ACE3-40AA-A43B-8951954D7736,896706
2160097,mot_202021__2246.pdf,75586,pdf,https://data.riksdagen.se/fil/2D41220A-F0B9-44EF-88C9-BE37B2573926,2160095
628583,mot_200809_u_211.pdf,131373,pdf,https://data.riksdagen.se/fil/56FEC657-72CB-4B2F-A881-FF9E105DA3A2,628581
1957685,mot_202122__4250.docx,74308,docx,https://data.riksdagen.se/fil/F5F41ABF-021C-4972-B2C0-FDE217404688,1957683
658329,MOT_200607_Fi_245.doc,544768,doc,https://data.riksdagen.se/fil/A957B863-F57A-4D53-BA70-519A61565EC5,658328
1219574,mot_201314_c_461.pdf,121694,pdf,https://data.riksdagen.se/fil/CBDC2552-9B68-48D0-980E-F48742C41EDB,1219572
3219145,mot_201617__3148.pdf,92080,pdf,https://data.riksdagen.se/fil/33B63C6A-B154-4B95-B121-105EC2561073,3219144
1706280,skr_201819__144.pdf,1285258,pdf,https://data.riksdagen.se/fil/FF4CC438-F08E-4A12-A4E5-3FCCB96694D5,1706279
1887812,mot_202425__2218.docx,71668,docx,https://data.riksdagen.se/fil/3CFD18AD-43C1-4CE2-AD40-D2FD8D2BE5B9,1887810
2160712,mot_202021__2661.docx,70759,docx,https://data.riksdagen.se/fil/BD32079D-09FA-462D-BB5A-0EC3B19A5CF9,2160707
357650,bet_200203_nu_11.pdf,1294342,pdf,https://data.riksdagen.se/fil/687CB31E-E16D-4712-B4F9-F7ADDB76ED89,357648
1568397,mot_202324__317.docx,70380,docx,https://data.riksdagen.se/fil/546A8F47-93D8-4F9C-A256-F7A40CE90248,1568395
1198611,prop_200708__115.pdf,1386487,pdf,https://data.riksdagen.se/fil/EC30BBDF-4C1B-4CE0-8762-035F0F5237DF,1198610
2151401,BET_200405_KU_22.pdf,111147,pdf,https://data.riksdagen.se/fil/269B7368-51DB-4B98-A107-4BE3BE8E2218,2151400
2130176,mot_202425__749.docx,72650,docx,https://data.riksdagen.se/fil/187FA0AE-893E-41F6-9D8F-C8FE331BB52F,2130174
1151925,mot_202526__2394.docx,79990,docx,https://data.riksdagen.se/fil/2E8873BF-0CA1-45B2-B2F0-235E1CFE8758,1151923
652764,MOT_201011_MJ_304.doc,48128,doc,https://data.riksdagen.se/fil/88B914EA-1DEB-4188-B63C-378E341260C6,652763
2125350,mot_201112_ub_400.pdf,137959,pdf,https://data.riksdagen.se/fil/5851C7FD-4791-4559-89D2-8E6A20DA54CF,2125348
896583,mot_202526__1987.docx,78182,docx,https://data.riksdagen.se/fil/C02BA484-7CDD-4236-AC90-F4AB880F2BEB,896581
1261541,mot_200708_fi_266.pdf,168946,pdf,https://data.riksdagen.se/fil/094440C9-A881-4A80-96C3-A5128C6C6653,1261537
673497,mot_202324__2493.docx,111650,docx,https://data.riksdagen.se/fil/EB96D91C-C1CA-48F8-9A05-C613F5F146A6,673495
420069,mot_200910_mj_269.pdf,131840,pdf,https://data.riksdagen.se/fil/3C80E4AA-3BA6-44E4-B9E4-19A498DC715A,420067
271790,mot_200506_ub_365.pdf,122368,pdf,https://data.riksdagen.se/fil/38E012A2-2F0E-429C-90A0-EE542B1A16CA,271788
453006,mot_200607_u_222.pdf,154253,pdf,https://data.riksdagen.se/fil/73C500AE-9A70-4699-A55E-01C819840BC5,453004
1439835,mot_202223__1057.pdf,81268,pdf,https://data.riksdagen.se/fil/8FCD686F-636B-4C1F-8E60-C0DC18182FF9,1439834
868068,mot_201920__1974.pdf,71531,pdf,https://data.riksdagen.se/fil/5CBB24E7-771C-42E6-B4D2-510E7E327B14,868067
423410,mot_200607_t_396.pdf,129760,pdf,https://data.riksdagen.se/fil/E2355998-192B-4B34-BDFB-9A850F41C203,423408
1977617,mot_202122__4599.pdf,78465,pdf,https://data.riksdagen.se/fil/CE67418E-ED3A-434E-BA87-4DE41CE6A364,1977616
664256,mot_201819__751.docx,71249,docx,https://data.riksdagen.se/fil/59B889A8-DE96-4C0C-9B2A-820021F04B1B,664254
1216819,mot_200506_ju_290.pdf,117658,pdf,https://data.riksdagen.se/fil/8578D912-E8BE-466B-84F4-65328DF126D7,1216817
1653344,mot_201617__1824.docx,51353,docx,https://data.riksdagen.se/fil/501BD1E7-1C12-4168-A3DF-14F454E8C950,1653342
1576632,MOT_200506_T_329.doc,77312,doc,https://data.riksdagen.se/fil/D72CB1A1-2E4C-456E-83B3-C32C71043407,1576631
1944268,mot_201617__2645.docx,59556,docx,https://data.riksdagen.se/fil/1FC4B13C-8372-4FD4-ADAA-844A04489AD5,1944266
389019,mot_201718__1709.docx,58368,docx,https://data.riksdagen.se/fil/32498272-9BA0-4911-B7EC-06F248B5096D,389017
1252067,mot_200809_n_364.pdf,171425,pdf,https://data.riksdagen.se/fil/67F989D2-BC76-42B5-95FD-43087055BE81,1252065
1324114,mot_202526__2072.docx,71478,docx,https://data.riksdagen.se/fil/A3C4D44D-3B96-45D2-A1F7-4EA3DA9CDACD,1324112
1431640,201516JuU34_20160526143821_Publicering.pdf,299912,pdf,https://data.riksdagen.se/fil/EE393BF1-356E-4EE5-81C7-67F337AE7D1B,1431639
2002868,mot_201314_so_554.pdf,125896,pdf,https://data.riksdagen.se/fil/1428038D-818E-4CF6-9C14-FA23CE7CAAF4,2002866
1844945,mot_201112_fã¶_228.pdf,305803,pdf,https://data.riksdagen.se/fil/F4C6E096-D699-486C-A074-1FD223F2DA67,1844943
2112280,2006_07_KU24.pdf,604555,pdf,https://data.riksdagen.se/fil/81ED787E-6DD4-4D7E-88DB-2214F5254D8A,2112279
915529,bet_200102_nu_12.pdf,736987,pdf,https://data.riksdagen.se/fil/07600164-EF37-4CEF-A751-996879B3955A,915527
1837186,mot_201920__3256.pdf,83586,pdf,https://data.riksdagen.se/fil/739D7AF2-4AAE-4BE1-9F2F-67829D2E71F0,1837185
1095779,mot_202223__290.pdf,67622,pdf,https://data.riksdagen.se/fil/D9A4BFB2-E62D-4566-96EF-4DC2E763F83A,1095778
1322249,mot_202526__2063.pdf,76843,pdf,https://data.riksdagen.se/fil/E1F9BE31-66FC-4829-9F0D-ADFE71B86409,1322248
1191920,2007_08_FiU27.pdf,129346,pdf,https://data.riksdagen.se/fil/0ED7D3CD-9DCF-4F6D-9592-4FEBD70529C6,1191919
292030,mot_202021__3118.pdf,111892,pdf,https://data.riksdagen.se/fil/D31DDEF8-C250-42D6-AF75-9B503DA14F0A,292029
1858118,mot_201112_a_361.pdf,255285,pdf,https://data.riksdagen.se/fil/57650F86-011A-4ACF-92DB-B005FDA7AC5D,1858116
2053047,mot_201819__1919.pdf,71712,pdf,https://data.riksdagen.se/fil/2E39E78B-620D-45FC-BDE6-1F1AFE17A647,2053046
94674,MOT_201213_So_14.doc,64000,doc,https://data.riksdagen.se/fil/F571F587-4074-4CD3-ACA1-33425F702FE9,94673
1635204,mot_201617__1504.docx,50868,docx,https://data.riksdagen.se/fil/39E2670D-5107-4D4E-861C-0F90A73B4D07,1635202
1099573,mot_201718__3093.docx,57829,docx,https://data.riksdagen.se/fil/99135386-1FF9-47CD-8E58-3938799C90EF,1099571
1442080,mot_202122__2998.docx,72427,docx,https://data.riksdagen.se/fil/42335412-5476-4984-867C-11F7D554C93C,1442078
2127368,mot_202021__2929.docx,70671,docx,https://data.riksdagen.se/fil/DABA3C8D-E9F9-4C1E-BCCD-B98ACE8269A7,2127366
963632,mot_201718__3296.pdf,77803,pdf,https://data.riksdagen.se/fil/83F0C71D-F8E4-4765-899A-06E07A9FD704,963631
330312,mot_201516__2017.pdf,66927,pdf,https://data.riksdagen.se/fil/DCB3B181-577F-4A25-B69D-5A9B846BDF40,330311
658768,MOT_201112_Ju_339.doc,57344,doc,https://data.riksdagen.se/fil/7BEE769C-BDFA-49AE-B02B-B422DB08071C,658767
1386811,mot_201314_ub_455.pdf,134205,pdf,https://data.riksdagen.se/fil/D0B41B7C-F023-4CDC-B90E-6BDA9FFDB942,1386809
608043,mot_201718__2767.docx,57950,docx,https://data.riksdagen.se/fil/FD64D56E-EC22-4C5B-861E-F341ACD8E8F6,608041
1925139,MOT_200708_T_431.doc,38912,doc,https://data.riksdagen.se/fil/62ECEDA0-8039-40C6-BF1C-F45A4E6343C9,1925138
1582173,MOT_201314_K_298.doc,1399296,doc,https://data.riksdagen.se/fil/2088A69D-E70C-4B19-BFEB-314AFC5D143B,1582172
1300121,mot_201920__627.pdf,74887,pdf,https://data.riksdagen.se/fil/9989969A-7662-4BF4-8120-EF263B9159B0,1300120
1994945,mot_202021__256.docx,71603,docx,https://data.riksdagen.se/fil/961A0A2B-23BF-434A-8558-271D384F8429,1994943
1406322,2020_21_SkU25_20210518132432_Publicering.pdf,581916,pdf,https://data.riksdagen.se/fil/D5276002-DEAE-4B63-BF49-DE49B93E7F1F,1406321
1173207,mot_200910_so_412.pdf,117886,pdf,https://data.riksdagen.se/fil/5E789084-D99C-4176-9627-18668E59DBC6,1173201
1110957,2007_08_FöU11.pdf,10242038,pdf,https://data.riksdagen.se/fil/E4E753FD-AAA1-42D1-9B1D-BCC3C6A5A833,1110956
1460590,MOT_200708_K_406.doc,38912,doc,https://data.riksdagen.se/fil/7743EB17-25D6-4E77-BAE0-6C3BDC3BA3E0,1460589
916024,mot_200910_ub_444.pdf,148519,pdf,https://data.riksdagen.se/fil/48954AA6-2E48-4431-A1AA-9F1E602E6570,916022
3126920,mot_201617__3475.docx,54662,docx,https://data.riksdagen.se/fil/974C051F-465C-4D62-B1BD-7AAA0EE777C4,3126918
3280409,mot_202021__1494.pdf,71705,pdf,https://data.riksdagen.se/fil/02B3C7B3-5473-457F-8BA7-850299A3C7EC,3280408
1086691,MOT_200506_A_357.doc,37888,doc,https://data.riksdagen.se/fil/75E48C5E-E4D0-4555-8577-A9FF95BB1696,1086690
1492145,mot_201314_fã¶_227.pdf,123139,pdf,https://data.riksdagen.se/fil/BF95CE61-AFE4-482E-B9EA-19AC6A480246,1492143
860262,201718AU1_20171206114935_Publicering.pdf,642858,pdf,https://data.riksdagen.se/fil/50C21909-0228-47E4-88F7-DF39993A81B3,860261
218311,mot_201516__1476.docx,48357,docx,https://data.riksdagen.se/fil/9940DB9E-E8C6-4C98-BE68-5875A52C897D,218309
695439,mot_201718__2127.pdf,77952,pdf,https://data.riksdagen.se/fil/BC7242BE-C086-44CF-80D5-65148CC3A422,695438
289838,skr_200304__53.pdf,168973,pdf,https://data.riksdagen.se/fil/B3289964-60F9-4A05-8C95-AA34C201BECD,289837
104038,mot_201718__171.docx,55268,docx,https://data.riksdagen.se/fil/B28BB121-299D-484E-A743-886527D06696,104036
94448,mot_201718__260.docx,56426,docx,https://data.riksdagen.se/fil/2462410B-0AB7-4494-B7E2-A3C0869769B9,94446
1719716,prop_200809__154.pdf,649022,pdf,https://data.riksdagen.se/fil/676951E3-7AA3-409E-9775-E3DA07D6174A,1719715
1042959,bet_200203_ku_3.pdf,161966,pdf,https://data.riksdagen.se/fil/BB1EFE03-3172-4928-85E9-FB517FFFE13A,1042957
2176569,mot_201819__2069.docx,72205,docx,https://data.riksdagen.se/fil/C5DDE996-7DC6-4194-A05F-838F35DCFF0F,2176567
1374247,mot_201819__1220.pdf,81602,pdf,https://data.riksdagen.se/fil/F689A49B-FC26-4941-B524-CE625CC9D7C5,1374246
2012999,MOT_201314_So_508.doc,57856,doc,https://data.riksdagen.se/fil/C1EAFF96-D3D4-441A-ADAA-E940C62CF4C8,2012998
654621,MOT_201112_N_244.doc,53248,doc,https://data.riksdagen.se/fil/FB38074D-9C12-4487-AF15-29FD71007833,654620
1788629,MOT_201213_MJ_431.doc,56832,doc,https://data.riksdagen.se/fil/762E0BD8-D802-45FD-AFE9-583D29496284,1788627
694990,mot_202324__2385.docx,1123220,docx,https://data.riksdagen.se/fil/7493E184-5825-4DDF-9163-F0F7AC957866,694988
1770695,mot_201415__1351.docx,46590,docx,https://data.riksdagen.se/fil/BEDB2CCA-8B0B-4A83-820A-193A6C211512,1770693
1869964,mot_200910_u_336.pdf,235934,pdf,https://data.riksdagen.se/fil/E3A51A22-E8D2-4D8F-8BB4-237C5FF327C2,1869962
1131000,MOT_200506_So_306.doc,54784,doc,https://data.riksdagen.se/fil/B6651932-CA41-4BF4-9638-9798C1F7EAD8,1130999
965143,mot_201920__1603.pdf,77891,pdf,https://data.riksdagen.se/fil/5B4526B2-ED6B-4E74-B3D6-EEBD5D19C82A,965142
652614,mot_201718__2597.pdf,76768,pdf,https://data.riksdagen.se/fil/824ABF77-EB7A-4E65-8F28-4EC77BD633D0,652613
1421782,MOT_201011_Ub_458.doc,49664,doc,https://data.riksdagen.se/fil/FF72BA45-B69F-497A-8432-6A3FFBB785C1,1421781
255183,prop_202122__189.pdf,2192473,pdf,https://data.riksdagen.se/fil/DF15C43A-7BF7-48DC-892F-9A9D349CE3D9,255182
2247725,mot_202223__2387.pdf,91606,pdf,https://data.riksdagen.se/fil/19FD7504-D4C6-4451-82BF-9C5F022BB9F5,2247724
3355853,mot_202223__1929.pdf,80744,pdf,https://data.riksdagen.se/fil/2FD868BD-708C-46DA-979C-1DA9CE51F3B7,3355852
1829445,prop_200405__84.pdf,469944,pdf,https://data.riksdagen.se/fil/C1C881E1-6A57-465E-AF1A-673580168721,1829444
2008380,mot_202425__1681.docx,71494,docx,https://data.riksdagen.se/fil/086FB45E-3479-49A0-87DA-BBB70FF9143A,2008378
767484,MOT_201112_Ju_295.doc,54784,doc,https://data.riksdagen.se/fil/7E04CAF7-9137-4FAF-B586-2C7DDEC57EE5,767483
2207127,mot_202425__710.docx,73010,docx,https://data.riksdagen.se/fil/280F7AC3-C740-46BA-A4F9-698953DC21F8,2207125
199913,MOT_200809_Ub_562.doc,40960,doc,https://data.riksdagen.se/fil/EEF16BE9-0456-4FD4-97D4-47CE45BD563D,199912
1014864,Proposition_124_202526.pdf,6021332,pdf,https://data.riksdagen.se/fil/16BD6903-D0DB-4F36-8D1D-00B608C3B0B2,1014863
2029239,mot_202021__450.docx,75884,docx,https://data.riksdagen.se/fil/CE44E049-B275-4122-9A96-31ADDF3B3B39,2029237
1282199,mot_201920__819.docx,86079,docx,https://data.riksdagen.se/fil/1D21D604-58DF-4A19-930B-D6A0DE9374FA,1282197
473272,mot_201112_n_380.pdf,130831,pdf,https://data.riksdagen.se/fil/7C59117A-9D27-477F-B838-11671846D5D0,473270
84007,mot_201011_so_204.pdf,145538,pdf,https://data.riksdagen.se/fil/5F5899E0-902B-424C-8FFD-BCE0B2D04A58,84005
749030,mot_201718__2608.pdf,98021,pdf,https://data.riksdagen.se/fil/13FD1080-3EED-4D7F-B684-1DC9E4C05ED2,749029
1649368,mot_201617__1867.pdf,62254,pdf,https://data.riksdagen.se/fil/24CCDB09-ABAD-4560-94F1-2FCAE1795AE2,1649367
1702238,mot_200506_l_336.pdf,125186,pdf,https://data.riksdagen.se/fil/4FC1A80C-C6DC-49B8-A59E-35E89917E2CB,1702236
71002,MOT_201213_Ub_221.doc,58880,doc,https://data.riksdagen.se/fil/AF676DDA-D8C6-4AA9-8D8C-2122A5D26545,71001
800106,mot_201920__2864.pdf,82449,pdf,https://data.riksdagen.se/fil/EBAB1737-868E-4C60-9972-709509D9AD0F,800105
1907961,mot_201819__2839.pdf,94775,pdf,https://data.riksdagen.se/fil/3EF1B64A-9B68-4BBC-BB90-CBA8871D5EC0,1907960
513695,mot_200506_fi_258.pdf,181454,pdf,https://data.riksdagen.se/fil/F3A22D91-562B-4F5E-8CD9-19EF5E1AB900,513693
1401801,mot_200607_n_313.pdf,184682,pdf,https://data.riksdagen.se/fil/4CEB1757-C6F7-4E49-828A-17F9511DB54D,1401799
130122,mot_201516__1203.docx,49818,docx,https://data.riksdagen.se/fil/7D447992-A6AF-4AE6-8A07-B9BA7903F346,130120
3269007,MOT_200910_Kr_228.doc,39936,doc,https://data.riksdagen.se/fil/A5D31D94-870F-440B-973B-773590234CA0,3269006
100368,MOT_200809_Ub_575.doc,38912,doc,https://data.riksdagen.se/fil/1B64E30E-8C84-4AB1-87B9-9BA2F880E42B,100367
104754,mot_201718__416.docx,57881,docx,https://data.riksdagen.se/fil/18BCB3F2-1389-4462-93F1-5720AA43E6EC,104752
764571,mot_202324__2895.docx,71822,docx,https://data.riksdagen.se/fil/487AD31B-A126-4D7B-99E3-8424993B8A6E,764569
2157025,mot_202223__2007.pdf,71640,pdf,https://data.riksdagen.se/fil/4A0506C0-A7AC-4E82-BB72-03DD11C86269,2157023
2076996,mot_201314_sf_349.pdf,155036,pdf,https://data.riksdagen.se/fil/AFC0C1A2-6ED9-4A4A-90F7-622F39C18640,2076994
2171704,mot_201112_ub_463.pdf,128707,pdf,https://data.riksdagen.se/fil/FDE56735-9F4E-4E2C-8F3F-A5B05E264606,2171702
1143400,mot_202324__1823.docx,70041,docx,https://data.riksdagen.se/fil/5AF76360-F710-4974-979D-EAC5389675DC,1143398
1003355,MOT_201011_T_442.doc,86016,doc,https://data.riksdagen.se/fil/C375F8AA-80B2-4F86-A1FA-067BDB32B6A3,1003354
1239216,mot_200708_ub_249.pdf,128658,pdf,https://data.riksdagen.se/fil/B83E4EE6-58A0-43D0-97E6-C5EBC031FF01,1239214
223640,mot_201718__799.docx,57478,docx,https://data.riksdagen.se/fil/B47F061C-CF31-4D7C-BF71-74A5FED32E2E,223638
345778,MOT_200708_Sf_300.doc,39424,doc,https://data.riksdagen.se/fil/5473636D-4F39-4AF6-AE59-956989A1FF19,345777
1379274,mot_200708_n_14.pdf,194363,pdf,https://data.riksdagen.se/fil/7CDD55DA-ACA4-44B5-A9E6-D1C7ED6596A3,1379272
1183008,mot_200708_ub_472.pdf,138157,pdf,https://data.riksdagen.se/fil/96512ABC-289F-4616-93B1-F403589A8B55,1183006
234779,mot_201718__800.docx,57183,docx,https://data.riksdagen.se/fil/A8523FED-16E2-4A41-8F27-E2D322276C61,234777
1558935,mot_202223__1326.docx,72807,docx,https://data.riksdagen.se/fil/E98E4DA0-29E4-4733-BC15-BE3512E6104E,1558933
336510,2013_14_SoU15.pdf,80066,pdf,https://data.riksdagen.se/fil/51088781-1D45-448D-938A-9BC53E751A1B,336509
95074,mot_201516__1060.pdf,66855,pdf,https://data.riksdagen.se/fil/5C3DAD0B-472D-4E52-890C-E5EFFA1265E0,95073
1866383,mot_202122__4717.pdf,89826,pdf,https://data.riksdagen.se/fil/9F1DD77A-CDDF-412C-A267-E18565845172,1866382
3209911,mot_200506_l_362.pdf,127570,pdf,https://data.riksdagen.se/fil/3C4E08B7-1D46-42FC-BB0F-6143618334BD,3209909
494332,mot_201718__1789.pdf,73750,pdf,https://data.riksdagen.se/fil/50E5C80C-6E13-4038-B46F-8CA6A8AE9680,494331
1402131,mot_201415__2607.docx,47504,docx,https://data.riksdagen.se/fil/1F05A10E-ABAF-41B0-A216-FA1C9927C54D,1402129
322289,mot_201516__1354.docx,49997,docx,https://data.riksdagen.se/fil/1F4CB4AB-22CC-4CFE-9025-B4213A172FCE,322287
1752818,mot_201415__1494.docx,45641,docx,https://data.riksdagen.se/fil/4461C80F-1790-4AF2-94E5-A5CAB7F2E554,1752816
918396,mot_201718__3528.docx,58051,docx,https://data.riksdagen.se/fil/8902F6A4-01A9-4FEE-8964-3218C4BD1D23,918394
1508169,mot_201314_k_372.pdf,128247,pdf,https://data.riksdagen.se/fil/D3BEA696-CD93-460D-9C32-90A22EF3D264,1508167
1636280,mot_201314_t_380.pdf,161111,pdf,https://data.riksdagen.se/fil/923F8E26-E8D6-4DEB-803E-FF814A42F884,1636278
336460,2008_09_KrU8.pdf,242302,pdf,https://data.riksdagen.se/fil/C0E8A42B-4F7D-4AEC-996E-A25EF524D198,336459
1454321,mot_202122__2830.docx,71457,docx,https://data.riksdagen.se/fil/82BE577B-7597-4749-9ABD-54675E448F83,1454319
196179,mot_202021__3841.pdf,82058,pdf,https://data.riksdagen.se/fil/39B5C8BA-FE4D-45E1-AC55-32F11F91253A,196178
438245,mot_201718__1250.docx,59082,docx,https://data.riksdagen.se/fil/0D80EF6A-F86C-460B-BA75-5C6C955E2CE1,438243
1887386,MOT_201314_So_429.doc,55296,doc,https://data.riksdagen.se/fil/5FF10F54-526C-4BF9-979D-DD2E46D8A467,1887385
2058432,mot_201819__1966.pdf,69174,pdf,https://data.riksdagen.se/fil/CF5964AF-7207-4B46-9CCE-7D15449EA496,2058431
2125527,mot_201819__1871.docx,69738,docx,https://data.riksdagen.se/fil/F562ABDF-4D98-47DB-8135-8BAE9A16B777,2125525
92352,mot_201718__270.pdf,63074,pdf,https://data.riksdagen.se/fil/AF602550-D56F-474C-98E0-4CDA23BE11A0,92350
855954,MOT_201314_MJ_326.doc,57856,doc,https://data.riksdagen.se/fil/A534DEB2-1C9C-472B-91C2-921413EEFC39,855953
1481704,mot_201617__2015.pdf,68587,pdf,https://data.riksdagen.se/fil/72A196AC-5B45-4C5D-A564-28063740015C,1481703
685632,mot_202324__2269.docx,78587,docx,https://data.riksdagen.se/fil/C13BFEE6-4ED8-4A50-8D3D-34DC109A7C0A,685630
150516,mot_201112_a_7.pdf,136871,pdf,https://data.riksdagen.se/fil/0BE14C5B-6DE7-4671-B67F-7B89CCE9C8FD,150514
1225951,mot_201011_fã¶_249.pdf,163770,pdf,https://data.riksdagen.se/fil/E9D91DD3-2CDA-4732-A620-A9360A80A229,1225949
559604,mot_201819__914.pdf,69475,pdf,https://data.riksdagen.se/fil/701EF9AD-98EC-45F6-921D-C8C8FD11EC94,559603
833952,mot_201819__444.docx,72289,docx,https://data.riksdagen.se/fil/7E03B14F-87B9-4593-ADE0-47897614A062,833950
415171,mot_200910_mj_300.pdf,126665,pdf,https://data.riksdagen.se/fil/363A1B42-06C2-4843-9F22-88BC9B681CAB,415169
483309,mot_202122__593.docx,71650,docx,https://data.riksdagen.se/fil/5A07239D-CCF2-4EFB-9368-238F6D2F5B36,483307
2255022,mot_202021__2322.docx,70339,docx,https://data.riksdagen.se/fil/6B028EC4-9A7A-409C-B061-64DC1021FD2D,2255020
2064206,mot_201819__2603.pdf,74559,pdf,https://data.riksdagen.se/fil/5C508EA0-6CD1-4B43-A51E-9AD4D55BAB69,2064205
2001871,prop_200203__1_d4.pdf,261149,pdf,https://data.riksdagen.se/fil/2B22888E-F0D6-4587-8592-56AA32F27CAB,2001867
1028714,mot_202223__37.docx,74112,docx,https://data.riksdagen.se/fil/BCC89578-4C40-486E-B28E-CABDA4330DC8,1028712
2071826,mot_201516__107.pdf,60439,pdf,https://data.riksdagen.se/fil/2167815E-76A1-4290-A566-A2D8C27F5D46,2071825
126975,mot_201718__829.pdf,56544,pdf,https://data.riksdagen.se/fil/0E488349-D7AF-4E87-99F9-9E7402B92BF6,126974
888581,MOT_200910_Sk_389.doc,37376,doc,https://data.riksdagen.se/fil/21DBFD1A-967D-4479-85C4-D7F2AE867672,888580
497599,MOT_201011_Kr_290.doc,49664,doc,https://data.riksdagen.se/fil/25492F89-6A3D-47F0-AABF-93360CB65424,497598
889856,mot_202526__1876.docx,81834,docx,https://data.riksdagen.se/fil/0C29AFE9-5C95-4C42-A81A-5917597BD49C,889854
256380,mot_202021__3256.pdf,95363,pdf,https://data.riksdagen.se/fil/941BE9E9-B801-42A4-949E-884343C00254,256379
1947809,mot_201617__2687.pdf,66390,pdf,https://data.riksdagen.se/fil/C47DE9BB-E0A1-4AE6-8A07-87763B8825F1,1947807
1735961,bet_200001_mju_3.pdf,862471,pdf,https://data.riksdagen.se/fil/40E738C9-76E3-4A17-A257-E5BBAE3B0B41,1735959
463666,mot_202122__989.pdf,78021,pdf,https://data.riksdagen.se/fil/E0FA0346-D710-4583-A393-F5D8E4F970F4,463665
3313871,mot_202122__4323.pdf,78525,pdf,https://data.riksdagen.se/fil/6478E06E-0BF6-49D2-A06F-A23801A7C321,3313870
1199137,mot_201920__913.pdf,66838,pdf,https://data.riksdagen.se/fil/C2D1E866-0DFC-42C2-B589-728F9748BD23,1199135
1675674,mot_202526__3333.pdf,80191,pdf,https://data.riksdagen.se/fil/E224778D-B98A-423E-9F87-EE8B04D5E200,1675673
1157567,MOT_201213_Ub_422.doc,56320,doc,https://data.riksdagen.se/fil/D541F7B6-2064-4122-AA8B-81677A43B857,1157566
369050,mot_200910_a_8.pdf,187000,pdf,https://data.riksdagen.se/fil/DDB75208-DE50-484E-AAF7-2B4D6E03FB97,369048
1254245,MOT_200910_So_222.doc,45568,doc,https://data.riksdagen.se/fil/1C170B93-1979-4C60-928D-4740B903CFA6,1254244
3244341,mot_202425__2455.docx,71706,docx,https://data.riksdagen.se/fil/558D9D12-9204-40A3-9781-15C2F6A3ED9D,3244339
65799,242512800webb.pdf,332769,pdf,https://data.riksdagen.se/fil/0F819BFD-2A6D-4842-8228-EC8868AFB67A,65798
824782,mot_201819__583.pdf,69351,pdf,https://data.riksdagen.se/fil/9816AC05-16DF-4F6B-AB4F-BDE150F9A3B9,824781
277026,mot_200607_a_222.pdf,132685,pdf,https://data.riksdagen.se/fil/40E12473-46B5-45F4-AF56-1D0D219A804C,277024
568950,mot_201516__2455.pdf,114003,pdf,https://data.riksdagen.se/fil/6B345105-21A4-41AC-9BC0-F632DA937FF9,568949
553870,mot_200809_sk_15.pdf,170304,pdf,https://data.riksdagen.se/fil/6C3A446A-59C0-411F-B8A5-BA33F3EF7A04,553868
1457127,mot_201920__234.docx,70784,docx,https://data.riksdagen.se/fil/C1D21ADC-0372-4498-BA60-EFADFB88D62F,1457125
1178163,mot_201112_mj_275.pdf,119680,pdf,https://data.riksdagen.se/fil/0401CECB-4858-4010-856C-8D2D354B3A9B,1178161
2248003,mot_202223__2374.docx,73873,docx,https://data.riksdagen.se/fil/E7ED3AC6-1515-4D3D-95D6-5D976C150988,2248001
1316616,mot_201415__3013.docx,45686,docx,https://data.riksdagen.se/fil/53D8A150-8D0F-4E3C-876E-E08B0B55EF44,1316614
1084684,BET_200001_BoU_6.doc,130560,doc,https://data.riksdagen.se/fil/09FDAF6B-7F02-4E5F-9897-DD985644C780,1084683
2052649,mot_201819__1909.pdf,79805,pdf,https://data.riksdagen.se/fil/E6A84753-E129-4EC8-814F-857AE6E6A49E,2052648
3278664,mot_202425__2453.pdf,79661,pdf,https://data.riksdagen.se/fil/5B1B18E2-B920-4CB2-9B8F-E1D6D1A0F87E,3278663
1395599,mot_201920__674.pdf,78478,pdf,https://data.riksdagen.se/fil/B80E44DD-37E9-493E-9FFF-0C87F95B3EB5,1395598
330240,2020_21_KrU4_20210322100619_Publicering.pdf,426268,pdf,https://data.riksdagen.se/fil/1F60290B-C99B-4E1E-9CCD-22D536A30EE0,330239
1238311,MOT_201314_Ub_318.doc,64512,doc,https://data.riksdagen.se/fil/CCB404FC-F8D2-4964-9EDF-2201DCE53919,1238310
1336035,MOT_200607_N_281.doc,74752,doc,https://data.riksdagen.se/fil/F37E24A4-FAB2-4F2F-8B82-C18A6F1FCCEE,1336034
217839,prop_200405__1_d31.pdf,621753,pdf,https://data.riksdagen.se/fil/B821DDAF-DB6E-4BAD-BA73-E95422AE86AE,217838
1731386,prop_200809__180_d1.pdf,1436339,pdf,https://data.riksdagen.se/fil/E1E582F8-E884-49A9-9485-23D1E233183B,1731385
1573857,mot_202526__3361.docx,84234,docx,https://data.riksdagen.se/fil/33A5786A-0E47-45A4-AB4A-D9E62A61292E,1573855
1834275,mot_201920__3159.docx,69255,docx,https://data.riksdagen.se/fil/246334E7-64D1-4B8E-997F-C9D5260A8CBD,1834273
733847,MOT_201213_N_220.doc,57344,doc,https://data.riksdagen.se/fil/736E9C00-E75F-4318-AE21-5A49F54127C1,733846
200740,mot_201718__976.pdf,65420,pdf,https://data.riksdagen.se/fil/E16B0457-92C8-42BA-80D8-0C3CF0712EAF,200739
1201298,MOT_201314_U_277.doc,58368,doc,https://data.riksdagen.se/fil/398FDB07-DAAB-4670-A5F4-7D61C191E1FD,1201297
1581234,mot_201617__2441.pdf,64279,pdf,https://data.riksdagen.se/fil/E75F12FB-D760-4225-AD07-054F2388D7CA,1581233
741663,mot_202324__2512.pdf,72165,pdf,https://data.riksdagen.se/fil/21065204-8597-49E9-9646-D931A2C8719F,741662
1832033,mot_201617__3699.pdf,78822,pdf,https://data.riksdagen.se/fil/BBFBFDFE-CB8D-4752-868C-A57D3555FDC9,1832032
1961210,mot_201617__2825.docx,59441,docx,https://data.riksdagen.se/fil/9FB2D5FF-3639-44B5-B5BC-D6F7F8C3F06E,1961208
481516,mot_201516__2716.docx,51146,docx,https://data.riksdagen.se/fil/63D93231-AFFC-4D2B-A285-A5F7A95AC95F,481514
1923105,mot_202021__913.pdf,78215,pdf,https://data.riksdagen.se/fil/9185FDD1-985B-4301-8AF1-54E41B202E26,1923104
219292,mot_201718__705.docx,55296,docx,https://data.riksdagen.se/fil/B56EF17E-17E7-49DC-90E0-9F4E2F17E403,219290
1555369,mot_202122__2841.pdf,78465,pdf,https://data.riksdagen.se/fil/D617B381-2468-4DB8-BD73-39FC5454AF6B,1555368
1463790,mot_202526__3560.docx,86736,docx,https://data.riksdagen.se/fil/4E93D176-E115-49A9-B38F-0165EE35BF9C,1463788
1128733,MOT_200506_Sf_337.doc,61440,doc,https://data.riksdagen.se/fil/3BCF9F68-E1C1-47B0-8D86-0F0937BA188A,1128732
1118224,mot_200506_a_283.pdf,125571,pdf,https://data.riksdagen.se/fil/F0A10FE3-57F4-43F0-9E0E-33CFAC74E986,1118222
1988815,mot_202021__962.pdf,74986,pdf,https://data.riksdagen.se/fil/155E3196-C8A2-419F-9CD0-467A3E1B73BF,1988814
704141,mot_201718__2908.docx,59124,docx,https://data.riksdagen.se/fil/58CB88FE-C0B5-4091-A250-A51D2ABE3DB7,704139
1336358,mot_201617__1149.pdf,59547,pdf,https://data.riksdagen.se/fil/3EE33CD9-3D98-4E1D-95C5-42708BDC627C,1336357
989177,MOT_200910_Sk_294.doc,38400,doc,https://data.riksdagen.se/fil/D15D275D-759D-42C5-B98C-C27D2FCB1721,989176
1455672,mot_201011_ub_295.pdf,140593,pdf,https://data.riksdagen.se/fil/3FBCBC59-E07C-4BD0-9795-B5B4B7DB779A,1455669
435476,mot_202122__628.pdf,80462,pdf,https://data.riksdagen.se/fil/5C56D310-679A-4A87-BB36-F98E1DC2A2AF,435475
553267,BET_200102_UU_7.doc,98816,doc,https://data.riksdagen.se/fil/A4A451FB-56CA-4FB4-A459-3FDA4955738D,553266
1915639,mot_202425__1520.docx,71338,docx,https://data.riksdagen.se/fil/5FBB9246-5D48-4A86-B296-DEF4CDF06D27,1915637
2078243,mot_201314_ju_439.pdf,133517,pdf,https://data.riksdagen.se/fil/0CDB7C7C-603D-4402-856A-3D1B786654F3,2078241
940147,mot_201718__3499.docx,58891,docx,https://data.riksdagen.se/fil/7A850E88-66BE-4344-A6EC-C3125959074D,940145
1417469,mot_201314_ub_523.pdf,135184,pdf,https://data.riksdagen.se/fil/D82C7A4D-E33E-4410-94EA-336666B8A63C,1417467
1087432,mot_200708_ub_512.pdf,179151,pdf,https://data.riksdagen.se/fil/8A75E538-2F97-4275-B470-884D6A3CDE00,1087430
784912,MOT_200607_Ju_4.doc,46080,doc,https://data.riksdagen.se/fil/BED09030-066F-4766-B6D9-A042B66CAA8F,784911
2201985,mot_202021__2892.docx,69984,docx,https://data.riksdagen.se/fil/B794F7C2-B8D6-4CB7-8CEC-A588DF820A26,2201983
621116,MOT_201011_A_417.doc,58880,doc,https://data.riksdagen.se/fil/9E28CED7-0217-4CE6-A413-AE7CFF209FB0,621115
1159817,MOT_201213_Ub_431.doc,57344,doc,https://data.riksdagen.se/fil/91F87A92-D6C5-453C-9E65-C082A0C07DD1,1159816
1536487,201516_JuU12.pdf,237655,pdf,https://data.riksdagen.se/fil/E2833125-C608-4948-B7A6-C103F4428722,1536485
104850,2008_09_SkU10.pdf,97497,pdf,https://data.riksdagen.se/fil/45C2A6EE-5446-4E27-B389-B95977F8A33A,104849
864395,mot_202526__1012.pdf,68721,pdf,https://data.riksdagen.se/fil/EEF21FB8-7B69-44B0-A293-42A32376DBA5,864393
1843102,mot_202122__4512.docx,78276,docx,https://data.riksdagen.se/fil/4DEB9563-06B7-4823-B5EC-06E49AB17F7D,1843100
1884457,mot_201011_n_367.pdf,139484,pdf,https://data.riksdagen.se/fil/28A92C48-54D8-4159-91FE-AC655B8E43DA,1884455
1701846,BET_200304_NU_10.doc,513024,doc,https://data.riksdagen.se/fil/7B74E4FA-986F-41A4-978B-4BFED4404A60,1701845
2250979,mot_202425__833.docx,73750,docx,https://data.riksdagen.se/fil/5E2BDDDB-FF99-4BB6-A000-ED13F5BD11D0,2250977
2128518,mot_201112_k_350.pdf,117293,pdf,https://data.riksdagen.se/fil/CA78C715-307A-423C-A025-EB7D9ECC6EB2,2128516
2156792,mot_202223__2023.pdf,86886,pdf,https://data.riksdagen.se/fil/C4B27A6F-3233-482E-BDBA-5AA4A190EB1E,2156790
2152230,BET_200405_KU_28.pdf,487881,pdf,https://data.riksdagen.se/fil/B331F473-9B91-4B56-9093-F05036930A9B,2152229
1471540,mot_201213_ju_326.pdf,151865,pdf,https://data.riksdagen.se/fil/3CD1D2F2-A690-495B-930D-CC051BB5567E,1471538
1885824,mot_201617__140.docx,50948,docx,https://data.riksdagen.se/fil/E0343E85-65D8-4814-963B-336B261F3406,1885822
2095546,mot_202021__853.docx,73384,docx,https://data.riksdagen.se/fil/666D93E8-862B-4224-92BF-149C66FC21E5,2095544
2137635,mot_202425__305.docx,73116,docx,https://data.riksdagen.se/fil/DA09BBA2-0BB9-4DFB-8F62-7636D7947955,2137633
445931,mot_202122__739.pdf,87540,pdf,https://data.riksdagen.se/fil/F0E5948B-B28A-43CA-9383-CA18DC522979,445930
1809959,mot_202425__2006.pdf,88852,pdf,https://data.riksdagen.se/fil/9E686753-2C49-45F4-9683-FC917E6C2F6A,1809958
878604,mot_202526__1765.docx,78159,docx,https://data.riksdagen.se/fil/E5493512-8462-4AC2-B43B-7A24246B255E,878602
714830,mot_201516__3072.docx,66491,docx,https://data.riksdagen.se/fil/857E54D3-6C53-4D7C-AF44-14AC99E67977,714828
1222725,mot_202223__789.docx,71866,docx,https://data.riksdagen.se/fil/A399DAF9-1F67-4BD5-9C34-EF2927E3BF33,1222723
1281244,MOT_200708_Sk_222.doc,41472,doc,https://data.riksdagen.se/fil/253E3FA2-5A2A-4580-AB0E-199454283789,1281243
1166269,mot_202526__2412.docx,82408,docx,https://data.riksdagen.se/fil/7B9C76EA-2CBF-4229-8F7A-BB963CD2A29B,1166267
1622737,mot_202526__3565.pdf,86260,pdf,https://data.riksdagen.se/fil/B3A47378-6706-4019-AE7B-31B3BC8F2484,1622736
662921,mot_201920__2460.pdf,74299,pdf,https://data.riksdagen.se/fil/BCE85133-D409-468B-954A-B3EC26B4E968,662920
610041,mot_201920__2306.pdf,78217,pdf,https://data.riksdagen.se/fil/8967CDF9-E32D-48B5-94F7-DC5F3F3E8DE6,610040
1705612,201415_UU16.pdf,194755,pdf,https://data.riksdagen.se/fil/249FD22F-94BB-47EA-AC55-85259D5753C1,1705611
3117763,prop_202021__180.pdf,1198834,pdf,https://data.riksdagen.se/fil/6AD9E2DE-AF34-440D-B6EA-7716DFDC9FB9,3117762
843270,MOT_201314_MJ_475.doc,57856,doc,https://data.riksdagen.se/fil/500ABA45-8E5B-45A6-B4EA-7288977E43CB,843269
1731754,prop_202425__1_d12.pdf,460085,pdf,https://data.riksdagen.se/fil/3D3F232B-0E5D-4530-8115-A76C906C5177,1731753
465435,mot_202425__3400.docx,75584,docx,https://data.riksdagen.se/fil/BFA2B9FA-8F86-40FD-B7EA-5B2C9B652237,465433
949367,mot_202122__1077.docx,72715,docx,https://data.riksdagen.se/fil/3DFF6F94-362B-454B-B7F9-C0FD2E15AD20,949365
830212,MOT_200910_Ub_572.doc,41984,doc,https://data.riksdagen.se/fil/ACC23B9F-497B-4CDF-9806-3410F3F2F207,830211
621806,mot_202324__2297.docx,71563,docx,https://data.riksdagen.se/fil/B4AB7B38-2E48-4599-8539-0BB925D94E59,621804
1787717,MOT_200506_Kr_403.doc,38400,doc,https://data.riksdagen.se/fil/A93650D0-E9DA-468B-8C53-04083E6241BB,1787716
539233,mot_201112_n_330.pdf,176537,pdf,https://data.riksdagen.se/fil/0114B13B-5135-4CF2-8358-7AB34080C4BB,539231
533030,MOT_201314_A_387.doc,58368,doc,https://data.riksdagen.se/fil/3D04C82D-B641-4BE0-825E-32A7C08E7627,533029
2116589,mot_202425__638.pdf,78913,pdf,https://data.riksdagen.se/fil/6821E49F-2330-4C8E-8D01-9A7319C790D3,2116588
830833,MOT_201314_MJ_294.doc,56832,doc,https://data.riksdagen.se/fil/667EB82F-89A2-4B04-809D-54B6E6511255,830832
59783,mot_201718__498.docx,58117,docx,https://data.riksdagen.se/fil/12032F12-E360-444E-9EFE-B8EBE8DA75DE,59781
1799382,MOT_201314_T_362.doc,56320,doc,https://data.riksdagen.se/fil/840FEB39-6FE6-4301-B0BC-2A19F76773D6,1799381
341383,mot_202526__165.pdf,86495,pdf,https://data.riksdagen.se/fil/6ECFCC2D-9AE1-4411-BC2A-2880F3CA03BC,341382
907968,mot_202122__1883.docx,72396,docx,https://data.riksdagen.se/fil/195E050E-73D5-4C7F-86BE-24D03054E3C6,907966
1439173,mot_201920__383.docx,70077,docx,https://data.riksdagen.se/fil/039A5ABE-83BB-450A-8FEF-1DAD88E1F88A,1439171
119095,mot_201718__795.pdf,67413,pdf,https://data.riksdagen.se/fil/776A7E7E-70EC-49E1-BC98-2034DE04B330,119094
104145,MOT_201213_U_296.doc,68608,doc,https://data.riksdagen.se/fil/4D28876C-A64D-4383-9E3A-BEFEBA3C310E,104142
2030308,MOT_201011_Ju_386.doc,57856,doc,https://data.riksdagen.se/fil/57D10A37-9B6E-4A06-9160-7713A3DE10DB,2030307
3337817,mot_202526__52.docx,71772,docx,https://data.riksdagen.se/fil/699C6936-EB30-4BD9-B3DD-660454783415,3337815
190214,MOT_201112_U_297.doc,55296,doc,https://data.riksdagen.se/fil/8DAF864E-E171-4B95-8E0E-938D8A762F08,190213
215971,prop_202122__1_d25.pdf,2256108,pdf,https://data.riksdagen.se/fil/353B6CCA-AB03-4CEC-B1AF-67FD96168676,215945
466458,mot_202122__312.docx,79905,docx,https://data.riksdagen.se/fil/B96E579E-C009-4DF7-922F-7D3652F35216,466456
1155034,MOT_200506_So_508.doc,61952,doc,https://data.riksdagen.se/fil/B6FBD5D5-8837-4D4C-ACBE-619FAB89F2BE,1155033
1308424,mot_200506_so_333.pdf,130775,pdf,https://data.riksdagen.se/fil/525E5EA7-4155-4723-874F-2A2CA1267CFD,1308422
617469,mot_201718__2888.docx,56887,docx,https://data.riksdagen.se/fil/42C450F3-DDBB-4A5B-8D7C-849BC8325747,617467
263978,mot_201516__1582.pdf,65725,pdf,https://data.riksdagen.se/fil/C7CB0030-4EE6-4A18-836E-5D16BA8F535B,263977
1248497,MOT_200910_Ju_382.doc,38400,doc,https://data.riksdagen.se/fil/78394827-47E1-4A8D-BA05-48A41C7F933D,1248496
170421,mot_200506_sk_513.pdf,125551,pdf,https://data.riksdagen.se/fil/AB209848-5AAB-4F44-9773-12220B6622DE,170419
1649255,skr_200304__143.pdf,706550,pdf,https://data.riksdagen.se/fil/4FE816D4-373B-4FDF-8369-125D9433BBFE,1649254
1678959,mot_200506_t_562.pdf,235632,pdf,https://data.riksdagen.se/fil/23E63EF2-1D68-4EE5-AA2A-3818974D1B71,1678957
1248658,mot_201011_fi_232.pdf,131328,pdf,https://data.riksdagen.se/fil/1E1E6197-A092-486A-B5CC-744E7B67CFAE,1248656
1499280,mot_202223__1634.docx,71731,docx,https://data.riksdagen.se/fil/92549E37-A2B8-43A1-AB90-3925B120F423,1499278
1857946,MOT_201112_A_330.doc,50176,doc,https://data.riksdagen.se/fil/6172ED91-3873-4F0C-9A46-E5285D991269,1857945
1832926,mot_201920__3308.pdf,89350,pdf,https://data.riksdagen.se/fil/4DD66183-B526-4A57-A1CB-DE973A60A958,1832925
1352633,mot_201415__2461.pdf,107718,pdf,https://data.riksdagen.se/fil/36FB661C-37C5-4D88-9AAE-A875EC638B9B,1352632
1662548,mot_202526__3265.pdf,84467,pdf,https://data.riksdagen.se/fil/0251FE77-E454-405E-9719-63E2BD21B521,1662547
254180,prop_202122__172.pdf,2111776,pdf,https://data.riksdagen.se/fil/16076CB6-966B-497D-8549-5231C6AEAC06,254179
788911,mot_202324__2338.docx,72667,docx,https://data.riksdagen.se/fil/9798B4D2-6E46-4DF3-958E-DEDC6DD7D784,788908
983152,mot_200607_sk_287.pdf,131855,pdf,https://data.riksdagen.se/fil/085D6992-692F-4C17-9F1B-88367257FBD5,983150
2035374,mot_201415__61.pdf,77665,pdf,https://data.riksdagen.se/fil/FC3BDB68-B1EE-45D8-9029-84C930AEC42A,2035373
711451,2013_14_UU10.pdf,2219112,pdf,https://data.riksdagen.se/fil/362B8C19-1300-46A4-B47A-66136AA3B4AB,711450
681951,MOT_200809_C_342.doc,40960,doc,https://data.riksdagen.se/fil/CFCC53D7-2FFB-4973-99FB-B9603C727BDC,681950
1189055,mot_200708_ub_536.pdf,137427,pdf,https://data.riksdagen.se/fil/FB13DBAE-371B-4270-89B7-18206245076D,1189053
1953897,mot_202425__1270.pdf,81397,pdf,https://data.riksdagen.se/fil/9F3C4396-28AB-4168-A549-EBC0D00C07F8,1953896
1869595,mot_200910_u_335.pdf,131805,pdf,https://data.riksdagen.se/fil/513128D9-DC14-4491-98EE-21B3E9C75C4E,1869593
1251980,prop_200708__1_d15.pdf,370276,pdf,https://data.riksdagen.se/fil/9518B0BB-A0C8-47E3-8AA6-E986BA940A96,1251952
799955,mot_202324__2053.docx,70496,docx,https://data.riksdagen.se/fil/54E74489-A9A8-4BCB-B3B5-D4AB540E4629,799953
1888391,mot_201617__3327.pdf,59348,pdf,https://data.riksdagen.se/fil/2FEB9789-2B8D-4BF4-BB06-EB0D7FB8E9A8,1888390
954494,mot_200607_fã¶_229.pdf,129659,pdf,https://data.riksdagen.se/fil/738B5026-655A-42B3-9C0C-A2FF4D3953D9,954492
1898005,mot_202425__1152.docx,72419,docx,https://data.riksdagen.se/fil/C1D79B18-5580-4E29-9078-DDC70CCD611B,1898003
1733553,mot_201011_n_241.pdf,187088,pdf,https://data.riksdagen.se/fil/145D3D1A-078D-496E-9F35-ECEA71D89CC8,1733551
994587,mot_200910_sk_449.pdf,120877,pdf,https://data.riksdagen.se/fil/AD39B9ED-22DE-43FB-BA6C-9096DC071C49,994585
1770376,mot_202122__3506.docx,71654,docx,https://data.riksdagen.se/fil/4BACA67A-3B71-43E1-93C5-D4A215B35401,1770374
946357,prop_201718__183.pdf,1552479,pdf,https://data.riksdagen.se/fil/F5607195-DFCC-46E2-B93B-46BFD53DA8A2,946356
721878,mot_202324__2739.docx,129740,docx,https://data.riksdagen.se/fil/1496511B-2E2D-427B-A5DE-98520EB66357,721876
3276559,MOT_201314_N_232.doc,55296,doc,https://data.riksdagen.se/fil/2B741079-A54F-495E-AC1E-769A08016534,3276558
3342479,MOT_200910_T_522.doc,44032,doc,https://data.riksdagen.se/fil/CA758E34-96AE-40F8-8DEC-F98631A77947,3342478
1763593,mot_201617__1819.pdf,72912,pdf,https://data.riksdagen.se/fil/6BCBACF1-E539-4BD9-8F07-35FA64711349,1763592
726247,mot_201011_mj_215.pdf,127770,pdf,https://data.riksdagen.se/fil/5220A4AD-C961-4F1C-B540-113FEBBCF765,726245
1118588,mot_202324__1203.pdf,79070,pdf,https://data.riksdagen.se/fil/507AD7BB-0C92-4748-B67E-36EC85B814B3,1118587
1892774,mot_201617__3261.pdf,58168,pdf,https://data.riksdagen.se/fil/F4E2D712-F8B4-458A-92A7-4E8E8FB8CA8D,1892773
220577,mot_200506_ub_510.pdf,165941,pdf,https://data.riksdagen.se/fil/2EF57610-D525-4083-B409-9B458D53271B,220575
2052929,mot_201819__1910.pdf,79559,pdf,https://data.riksdagen.se/fil/375705D9-F39B-46C4-B6F2-C372E2B93CC9,2052928
1783614,prop_202324__1_rättelseblad-UO27-sidor-2-7och12-13.pdf,204784,pdf,https://data.riksdagen.se/fil/792A1226-257D-4699-9E2E-AE79B6E44CAF,1783611
496183,2011_12_AU2.pdf,730489,pdf,https://data.riksdagen.se/fil/1D662EAC-0D31-44FF-95BC-271C61A03176,496182
721382,mot_202122__40.docx,74077,docx,https://data.riksdagen.se/fil/04559076-C914-4F97-9D8E-75B19FBB0E18,721380
1704560,mot_201314_t_442.pdf,127685,pdf,https://data.riksdagen.se/fil/FB79878B-B481-437E-AA72-ABCB2298E732,1704558
1332000,MOT_200910_Ju_224.doc,37888,doc,https://data.riksdagen.se/fil/BAE69FF0-1FA6-4C14-AFAF-B9C452291C9B,1331999
1959690,mot_201819__1900.docx,70314,docx,https://data.riksdagen.se/fil/280C1CBF-44F7-40C1-8FAD-650001B4D937,1959688
720214,mot_201819__655.docx,63337,docx,https://data.riksdagen.se/fil/08021BDE-608E-47B2-A675-F0AC9B2141F4,720212
1964285,mot_201617__2795.pdf,64389,pdf,https://data.riksdagen.se/fil/DA3719DE-7AEC-4681-A51C-A03C46FE7D35,1964284
2004974,mot_202425__1724.docx,73126,docx,https://data.riksdagen.se/fil/25BF55A0-A02D-49AB-81F6-5869C86E63DC,2004972
460753,mot_201617__828.pdf,61354,pdf,https://data.riksdagen.se/fil/734E3BE3-5E95-431B-8BE6-8C57BF09C088,460752
1798840,mot_201617__1877.pdf,60353,pdf,https://data.riksdagen.se/fil/02AB93E0-D0EE-4F50-B53E-31EBCED50B43,1798839
2192926,MOT_200708_C_408.doc,40448,doc,https://data.riksdagen.se/fil/BBA2717E-8D09-47F9-9108-591CF3987324,2192925
1509490,MOT_200506_K_279.doc,69632,doc,https://data.riksdagen.se/fil/D65600D3-940B-4489-A84F-34DF30C19DFE,1509489
1762375,MOT_201213_MJ_250.doc,55296,doc,https://data.riksdagen.se/fil/0C58FF06-25C5-45F0-BD06-E3FA3032149F,1762373
2069197,mot_202223__2200.pdf,112107,pdf,https://data.riksdagen.se/fil/AAF5889A-F4C6-4173-816D-C828ECAFB9F7,2069196
1788090,mot_201617__1900.pdf,62572,pdf,https://data.riksdagen.se/fil/77E07865-098A-48C1-9661-02DE59A9F3F4,1788089
1990724,MOT_200506_N_236.doc,55808,doc,https://data.riksdagen.se/fil/56EAD5A7-3DD1-41A4-914C-06E69D3C795D,1990723
326887,2007_08_JuU18.pdf,4428457,pdf,https://data.riksdagen.se/fil/5754621B-074F-4BF9-85B6-D7F38109324F,326886
1218676,MOT_200506_Sf_243.doc,40960,doc,https://data.riksdagen.se/fil/B3D4BC71-425B-46DD-8DEE-730CC166B1B5,1218675
1683372,MOT_200506_T_601.doc,41472,doc,https://data.riksdagen.se/fil/1DC77641-77D4-442A-8DE5-CDEE9F4301C4,1683371
54259,mot_201213_ub_320.pdf,119413,pdf,https://data.riksdagen.se/fil/33185D6B-18E6-4FE3-9A60-70769989A53E,54257
964237,mot_201920__1636.pdf,69807,pdf,https://data.riksdagen.se/fil/5A34A0D8-6C82-4916-BB57-91F9EF43E8CF,964236
812664,mot_201011_k_343.pdf,182800,pdf,https://data.riksdagen.se/fil/9FC33580-D2A5-4D2E-A590-AE89DD5197B1,812662
605677,prop_202223__32.pdf,377917,pdf,https://data.riksdagen.se/fil/D062AF77-CFA6-436E-8F31-8E7E86B5B470,605676
789930,mot_202324__1915.docx,70464,docx,https://data.riksdagen.se/fil/6D5977B6-2EC0-4FE6-9B1C-D9B983D66317,789928
1236400,MOT_200910_So_570.doc,38400,doc,https://data.riksdagen.se/fil/B54FF3E3-EF74-4257-B61A-AB3246D3CD82,1236399
561326,mot_201617__700.pdf,58598,pdf,https://data.riksdagen.se/fil/0B83F330-C0F2-4C38-9B58-40CF142F16B5,561325
1474145,mot_202122__2610.pdf,103311,pdf,https://data.riksdagen.se/fil/B4227BFA-B615-4969-8719-A715D18DC6B7,1474144
1449469,mot_201415__2369.docx,46865,docx,https://data.riksdagen.se/fil/F6A96F7E-9DEE-4289-9DA4-E5078C627229,1449467
3112196,mot_202122__3230.pdf,86394,pdf,https://data.riksdagen.se/fil/EE1F8F31-19A6-49A6-B31B-D3EA0ADF0B8F,3112195
1117760,mot_202122__1091.pdf,69002,pdf,https://data.riksdagen.se/fil/2C07F944-88A4-44C4-8B83-FFC039642F8C,1117759
2001889,prop_200203__1_d22.pdf,660112,pdf,https://data.riksdagen.se/fil/E62BF12D-7A94-412E-BF28-B29BEDAED7B9,2001867
1659117,mot_201617__2274.docx,59074,docx,https://data.riksdagen.se/fil/BA88E19E-EC03-409D-BF13-1274E5ACB2AA,1659115
2064833,mot_202425__1178.pdf,75157,pdf,https://data.riksdagen.se/fil/D42D2521-D430-429C-BD39-EA25241AFB8F,2064832
532002,mot_201718__1461.pdf,72968,pdf,https://data.riksdagen.se/fil/740245A8-01B4-4C5E-A9F0-1FC6491BF480,532001
799993,mot_201920__2879.pdf,73826,pdf,https://data.riksdagen.se/fil/1F13AC24-E446-4CF2-98B4-2E02912A0D98,799992
1236350,mot_201112_mj_434.pdf,133948,pdf,https://data.riksdagen.se/fil/CFC8F3E8-D3D3-4577-B5CB-3528BBE6C232,1236348
1671134,mot_202526__3383.docx,79244,docx,https://data.riksdagen.se/fil/3F501D3D-E1AA-4116-AE81-3E6EC7224230,1671132
2249119,mot_202021__2215.pdf,79244,pdf,https://data.riksdagen.se/fil/34F5A01F-9D25-4316-AD4B-1B468ADFAD0E,2249117
3312264,mot_202425__1898.pdf,77243,pdf,https://data.riksdagen.se/fil/02107C2E-C642-43AB-ABA1-8348DFB70FF0,3312263
2159806,MOT_200809_Sk_369.doc,39424,doc,https://data.riksdagen.se/fil/F54A9800-3290-4D70-A265-498D5B927D9B,2159805
1238676,MOT_201112_MJ_406.doc,49152,doc,https://data.riksdagen.se/fil/ACC0B142-71CF-410C-872E-345C237A0804,1238675
1815327,mot_200506_l_237.pdf,193127,pdf,https://data.riksdagen.se/fil/6DA3A70A-2E96-4E11-AD41-ACBB79BAF942,1815325
1470066,mot_202122__2694.pdf,86039,pdf,https://data.riksdagen.se/fil/14B365EC-D414-47F5-87C3-B33AD2CF2C1C,1470065
290897,MOT_200506_Ub_526.doc,38400,doc,https://data.riksdagen.se/fil/1A514D87-40A6-44BD-81CE-5936FAFB26F7,290896
763268,mot_201112_ju_280.pdf,127180,pdf,https://data.riksdagen.se/fil/3FB81D65-6458-4378-8C4F-B8F7E7726F46,763266
1216737,mot_200506_ju_297.pdf,134772,pdf,https://data.riksdagen.se/fil/D9FA0819-816A-4DCA-AD97-78DC0940CDDF,1216735
677715,MOT_201213_N_307.doc,57344,doc,https://data.riksdagen.se/fil/3993F4C4-8F1F-49CA-9AC5-F214F672E129,677714
1453092,mot_201011_ub_260.pdf,129047,pdf,https://data.riksdagen.se/fil/01AFD19C-1C74-4F33-BA52-193040C5E0DA,1453090
1029992,mot_201920__1152.docx,69378,docx,https://data.riksdagen.se/fil/AAA5925A-4289-4ED5-85D5-65F7BA54B311,1029990
665157,mot_201718__2253.docx,57595,docx,https://data.riksdagen.se/fil/74009CF8-92B1-47C7-970D-CBA845D4FF42,665155
3344745,mot_201314_so_316.pdf,123717,pdf,https://data.riksdagen.se/fil/21BFB3EE-A811-4309-915D-53782CBA8F65,3344743
817239,mot_202526__1265.docx,71260,docx,https://data.riksdagen.se/fil/FCF8CA8B-5D3A-4E5D-8AB9-88C7FADCF5C2,817237
3267261,mot_202122__4276.pdf,77647,pdf,https://data.riksdagen.se/fil/04C7A50A-BDB8-4FAD-BE9D-63D818C37335,3267260
2071086,mot_202223__2215.docx,77349,docx,https://data.riksdagen.se/fil/5A458A79-D6C1-4501-94FE-BE57FD04921A,2071084
2220183,mot_202021__2602.docx,70427,docx,https://data.riksdagen.se/fil/9EDDE853-5F3A-4C5C-B0F8-046A8269C609,2220181
1491250,mot_202223__1612.pdf,78826,pdf,https://data.riksdagen.se/fil/13625621-872E-4F18-909D-B13E8C455BFF,1491249
628474,MOT_200809_U_222.doc,41984,doc,https://data.riksdagen.se/fil/E08D9558-800A-4F5D-86E8-3351A2FDD180,628473
1408435,mot_200506_t_268.pdf,120537,pdf,https://data.riksdagen.se/fil/F60CD1FF-37B5-4076-921A-0A89800AABD9,1408433
1923741,skr_201819__19.pdf,537433,pdf,https://data.riksdagen.se/fil/430817C6-955B-44F7-B7DE-BA4159713515,1923740
971350,mot_201920__1946.pdf,73333,pdf,https://data.riksdagen.se/fil/375C697E-A207-4E89-AE00-2D293BB61F05,971349
2084180,prop_201617__49.pdf,352903,pdf,https://data.riksdagen.se/fil/2130B51A-F486-4284-A184-A2A5711D70E1,2084179
1244640,mot_200506_ju_549.pdf,129418,pdf,https://data.riksdagen.se/fil/97A8D3C2-AA3B-4426-B835-C0F62D0291B8,1244638
1436043,prop_202223__9.pdf,217836,pdf,https://data.riksdagen.se/fil/68496B91-5848-49EE-B790-2D6986A8B9ED,1436042
288994,prop_200304__65.pdf,493614,pdf,https://data.riksdagen.se/fil/E6743A91-1247-460F-9408-4EEF5D42B490,288993
2200944,mot_200506_n_469.pdf,142811,pdf,https://data.riksdagen.se/fil/6B42814E-FDBE-4EF3-9ECD-9E0E41A98E50,2200942
428126,MOT_201314_Kr_230.doc,61952,doc,https://data.riksdagen.se/fil/4CD681CD-7532-4B9D-8DF4-B4CB943C1C44,428125
2079440,mot_201314_ju_426.pdf,142171,pdf,https://data.riksdagen.se/fil/D631B314-DC06-4A81-BF6E-16FD6BE4B6C9,2079438
1998861,mot_201213_k_366.pdf,132743,pdf,https://data.riksdagen.se/fil/45BBB4F6-097E-4D8A-AD56-0884FDA5BC88,1998859
1165349,mot_202223__341.docx,74008,docx,https://data.riksdagen.se/fil/9F636E6D-5B3A-41FF-8A1B-EEC6D8A56843,1165347
1747713,mot_201617__1413.docx,53344,docx,https://data.riksdagen.se/fil/35AB8972-1895-4A5E-857F-370D00CBAA55,1747711
1346271,mot_201415__2480.pdf,63381,pdf,https://data.riksdagen.se/fil/92CBFEC0-CAC1-4024-AF40-97DAEF5E7321,1346270
2223592,mot_202425__438.docx,73060,docx,https://data.riksdagen.se/fil/7056AF6F-19DC-47BE-A13C-4CC4C90A1DC7,2223590
3357191,prop_201415__55.pdf,309119,pdf,https://data.riksdagen.se/fil/FC8A915C-C268-4042-A3B2-DE684AF5FA17,3357190
840096,prop_201718__133.pdf,1867610,pdf,https://data.riksdagen.se/fil/217883CB-D508-4B56-BA1E-FD075021FDE8,840095
907779,MOT_201112_Kr_303.doc,47104,doc,https://data.riksdagen.se/fil/473271D7-4914-4347-9D06-077C079D2BF0,907778
2013936,mot_202425__1541.docx,71099,docx,https://data.riksdagen.se/fil/6D14B883-F50D-4203-BF7F-E486F6E690BE,2013934
769962,MOT_200910_Sk_470.doc,38912,doc,https://data.riksdagen.se/fil/E5C77854-6E36-4B48-9E92-00635B514002,769961
3135128,mot_202425__2261.pdf,79581,pdf,https://data.riksdagen.se/fil/D8C99BFC-F99F-4AA6-9830-E9EE16E9EB66,3135127
821653,mot_200910_sk_288.pdf,158032,pdf,https://data.riksdagen.se/fil/DC476DD2-B7FC-4AE3-9CA8-C7262292FF4D,821651
1327470,MOT_201314_C_406.doc,57856,doc,https://data.riksdagen.se/fil/1D8B8C37-16E0-494E-9A08-FFE036088980,1327469
285998,BET_200506_SkU_17.pdf,633278,pdf,https://data.riksdagen.se/fil/95DABEB2-4C10-4896-80F1-84175876F508,285997
1934300,mot_201617__3604.docx,61092,docx,https://data.riksdagen.se/fil/379F4B86-13F4-42A0-975E-A522366286D3,1934298
3284264,mot_202021__1611.docx,91054,docx,https://data.riksdagen.se/fil/CC229DF9-2A96-4AEE-B2EB-F042D07CD36E,3284262
1702237,MOT_200506_L_336.doc,39424,doc,https://data.riksdagen.se/fil/38752691-1C23-47CB-9B81-C755ED06E70F,1702236
1868549,MOT_200506_Ju_32.doc,41984,doc,https://data.riksdagen.se/fil/9E56E4AA-B994-4C7D-BCD5-FBCFDC0BBB9A,1868548
79274,mot_201718__583.docx,58686,docx,https://data.riksdagen.se/fil/EED14CEA-5D34-4A73-815F-1239FED1F52E,79272
2087657,mot_201314_sf_266.pdf,190094,pdf,https://data.riksdagen.se/fil/14BE7C7F-012F-493A-A76C-E122561F242A,2087655
2184009,mot_201112_ub_313.pdf,122694,pdf,https://data.riksdagen.se/fil/D8294EE5-CE87-49B3-B66C-31081F22B26F,2184007
126476,mot_201516__1284.pdf,67325,pdf,https://data.riksdagen.se/fil/5497EE2B-EB62-4A4A-8573-3945FE430FC3,126475
333729,mot_201516__2098.docx,48346,docx,https://data.riksdagen.se/fil/BB6C5D8B-B9AD-478F-BC08-314E1D9E71B1,333727
3343795,MOT_201314_So_387.doc,66048,doc,https://data.riksdagen.se/fil/C6E11233-C4F7-4335-9210-3D2DC9A27727,3343794
2203598,MOT_200506_N_467.doc,52224,doc,https://data.riksdagen.se/fil/8432897E-2396-4258-B928-AD0F6630402D,2203597
3127785,mot_201314_n_205.pdf,176417,pdf,https://data.riksdagen.se/fil/FD9CF3FC-7430-4217-8356-F34D39A15E2F,3127783
1043763,MOT_200607_Ub_385.doc,39936,doc,https://data.riksdagen.se/fil/271810AE-64DA-4F27-BA5C-940F9BD7231D,1043762
1282320,mot_201314_fã¶_226.pdf,167375,pdf,https://data.riksdagen.se/fil/3A92C17A-73C4-4E34-98D8-326BA7B27151,1282318
1028409,mot_202223__46.docx,73787,docx,https://data.riksdagen.se/fil/7534B55D-34C6-45C0-A683-484824DB5185,1028407
2202461,mot_202021__2877.docx,72514,docx,https://data.riksdagen.se/fil/18690B4A-F253-4EB3-B7DE-1B073F1BB673,2202459
334474,mot_201516__1460.pdf,65501,pdf,https://data.riksdagen.se/fil/1704952D-8322-44F0-AADB-B51A2D19D77C,334473
295037,mot_202021__3154.docx,70617,docx,https://data.riksdagen.se/fil/5D31AA9E-2D84-4683-991F-C24C465C9309,295035
89988,mot_201112_u_259.pdf,119755,pdf,https://data.riksdagen.se/fil/7C1DB418-C5E7-483F-A7F0-04BD4A15E7F7,89986
3355106,MOT_200607_Kr_218.doc,46080,doc,https://data.riksdagen.se/fil/48E2314D-78D2-4C6C-A230-27B1D9549C5E,3355105
922793,mot_200708_kr_251.pdf,131552,pdf,https://data.riksdagen.se/fil/A4818CCA-1D3B-4E2A-B34C-FA8954D85A08,922791
657185,mot_201112_ju_360.pdf,133781,pdf,https://data.riksdagen.se/fil/51358684-482E-4571-9085-D265C8032B2B,657183
1784812,mot_201617__1636.pdf,70664,pdf,https://data.riksdagen.se/fil/006202AB-DD34-4425-BE4D-51E84E0AD41B,1784811
2144450,mot_201819__2511.pdf,76543,pdf,https://data.riksdagen.se/fil/CB88011D-ADCD-4555-A432-258E12208F71,2144449
1167809,mot_202223__305.pdf,68965,pdf,https://data.riksdagen.se/fil/010E374B-2E90-42F8-BDDD-B54787F58494,1167808
194738,2012_13_KU5.pdf,91780,pdf,https://data.riksdagen.se/fil/C7D7DAD2-065A-44D6-9A32-27E6B043EEF5,194737
1342757,mot_202122__2037.pdf,67072,pdf,https://data.riksdagen.se/fil/D6D41F54-FAAD-4C0C-8F9D-1392E3DA23F7,1342756
3305874,mot_201617__3730.docx,665057,docx,https://data.riksdagen.se/fil/6FCECDE3-92D5-4A50-A0E8-5977979161F3,3305872
2221257,mot_202021__2648.docx,70479,docx,https://data.riksdagen.se/fil/65E7D827-5256-407D-B195-B286ED2FD3BC,2221255
452460,mot_201718__1892.pdf,68358,pdf,https://data.riksdagen.se/fil/10F669EC-F0E6-41C5-B04B-44A5D2C98681,452459
1890273,mot_202425__2247.pdf,78659,pdf,https://data.riksdagen.se/fil/D58884DA-E000-46E3-A8A4-E7C71ED216BD,1890272
193234,mot_201516__1021.pdf,66475,pdf,https://data.riksdagen.se/fil/1420B440-2A94-436F-9FB0-7B950E3C3FDB,193233
1376634,MOT_200910_So_397.doc,40448,doc,https://data.riksdagen.se/fil/D690C620-A039-4CBB-BE51-D45A83073E80,1376633
1774943,mot_200506_u_303.pdf,130886,pdf,https://data.riksdagen.se/fil/957D44CB-5726-4230-8F70-31C8F945B4D0,1774939
386598,mot_201213_t_369.pdf,131085,pdf,https://data.riksdagen.se/fil/00690D20-8FCD-4129-8442-13555894EB93,386596
2011862,MOT_201314_So_543.doc,56832,doc,https://data.riksdagen.se/fil/5BEAEC66-BD46-4C57-9C6C-C2E6EDC60E80,2011861
130105,mot_200910_n_398.pdf,128453,pdf,https://data.riksdagen.se/fil/87C59E4F-77A3-497A-875C-4CE148838EC8,130103
802164,mot_202324__2084.docx,71009,docx,https://data.riksdagen.se/fil/25FF7DC4-1267-44C5-8110-595BC26D179B,802162
935519,mot_202526__1605.docx,70279,docx,https://data.riksdagen.se/fil/32E9CD7A-B0A6-49F6-AA9E-C965482000C6,935517
151460,mot_200910_ub_8.pdf,179083,pdf,https://data.riksdagen.se/fil/D2B3DADD-267F-4D3C-AFD8-626B6D318BFD,151458
1576633,mot_200506_t_329.pdf,203525,pdf,https://data.riksdagen.se/fil/C2D796D6-5D66-4935-BFF1-3588E2A53341,1576631
1520074,mot_202223__1779.pdf,87075,pdf,https://data.riksdagen.se/fil/74C62D78-AB68-4D55-8359-19171E8EC1E2,1520073
706036,mot_201920__2721.docx,74537,docx,https://data.riksdagen.se/fil/0D8054B7-96AC-482A-A4F2-2E67C7CC424F,706034
1076073,mot_201718__3235.docx,58117,docx,https://data.riksdagen.se/fil/6835D9FF-4E56-4617-9FE5-7CA484B7B77C,1076071
1448568,mot_201011_ub_207.pdf,131973,pdf,https://data.riksdagen.se/fil/DA703FEB-3DBB-4D3C-A189-6312A9975504,1448566
551067,mot_201718__1085.docx,57974,docx,https://data.riksdagen.se/fil/726DCBF3-35DE-4B42-A37A-08C6445722DD,551065
3123272,mot_201415__1857.docx,46579,docx,https://data.riksdagen.se/fil/1B7BDC5F-9928-4897-924E-F10BD461AE69,3123270
3120579,MOT_201213_MJ_335.doc,58880,doc,https://data.riksdagen.se/fil/5F684E43-3BB5-45A5-B70F-EDDD97DD2938,3120578
1609575,MOT_200506_K_344.doc,57344,doc,https://data.riksdagen.se/fil/8E73488F-4427-4130-BEAF-7E0CB865B973,1609574
3313296,201415_CU13.pdf,852981,pdf,https://data.riksdagen.se/fil/61D839A0-F8B0-4A18-A9EE-7A2F7DCA963E,3313295
1680501,mot_201617__2317.pdf,56445,pdf,https://data.riksdagen.se/fil/F44971FD-1FAE-47FE-A9F6-20F32B3060E1,1680500
302906,mot_201516__1830.docx,48838,docx,https://data.riksdagen.se/fil/7AD28B7D-E973-44AB-A7E9-A4EC90DF7BD1,302902
422399,mot_202526__239.pdf,81224,pdf,https://data.riksdagen.se/fil/13FFB267-F32A-4546-8FD9-4884CDB69D1B,422398
2131635,mot_202021__2041.pdf,91948,pdf,https://data.riksdagen.se/fil/FA026455-19CB-4B59-B9DD-09207378E06A,2131632
1258031,mot_201920__564.docx,69712,docx,https://data.riksdagen.se/fil/E29FBE59-3751-4601-A759-4665B57353E7,1258029
1646036,mot_200809_mj_343.pdf,141879,pdf,https://data.riksdagen.se/fil/88DE727F-08E7-4CC3-84A9-B7D5EC5B3DB3,1646034
729644,mot_201819__592.docx,69158,docx,https://data.riksdagen.se/fil/D29975FB-8C6F-43EB-83E5-097371D41F2D,729642
477498,2022_23_SoU14_20230424102202_Publicering.pdf,675786,pdf,https://data.riksdagen.se/fil/86DC9072-DDD5-4FD2-B29E-CDFE65D99761,477497
385005,mot_202021__3667.pdf,74962,pdf,https://data.riksdagen.se/fil/6CB4E011-C02C-4C3D-BA5C-E7FF6D4F90FB,385004
1399419,mot_201718__4086.pdf,69566,pdf,https://data.riksdagen.se/fil/AA5BA807-4AF2-4554-9D42-EB82E98B6C9A,1399418
620324,mot_201718__2853.pdf,65928,pdf,https://data.riksdagen.se/fil/2F8341B1-DA83-421B-997A-85CB18EF78C9,620323
774225,BET_200405_JuU_32.pdf,1966251,pdf,https://data.riksdagen.se/fil/9352FF76-1DFB-4A6D-A449-811DB5D36A8C,774224
374376,mot_201718__1218.pdf,78558,pdf,https://data.riksdagen.se/fil/5C1420DF-050E-407A-B97B-FF9702327F6F,374375
664505,mot_201819__742.pdf,73954,pdf,https://data.riksdagen.se/fil/D3787F94-F70E-41D9-9E3C-6C31B2F51E90,664504
510678,MOT_200708_Ju_397.doc,49152,doc,https://data.riksdagen.se/fil/F418FEF1-14E7-4B22-A189-749D38F23724,510677
1953060,mot_202021__1822.docx,69717,docx,https://data.riksdagen.se/fil/4C8B66EE-0BFB-40A8-A0F6-18C36B516C43,1953058
1546585,mot_201617__1218.pdf,65607,pdf,https://data.riksdagen.se/fil/D9CCFF3A-322E-498E-A55F-72E596CFFB33,1546584
2213556,mot_201516__308.docx,49739,docx,https://data.riksdagen.se/fil/277B86F9-8285-4260-9C21-DC45C7200E75,2213554
3119300,MOT_200910_U_251.doc,47104,doc,https://data.riksdagen.se/fil/66B631EB-7926-4D69-B1D1-78AC0BF77052,3119299
1089743,mot_202526__4163.docx,86098,docx,https://data.riksdagen.se/fil/6E6588BC-FF46-4240-9A64-0863672D5418,1089741
291815,BET_200102_SoU_8.doc,254464,doc,https://data.riksdagen.se/fil/016055A2-104E-41A6-8D84-CFF14F3902B2,291814
335520,MOT_200708_Sf_254.doc,38912,doc,https://data.riksdagen.se/fil/FD315AE3-022B-45A7-AB22-78981E7CD23B,335519
207861,MOT_200910_MJ_2.doc,73216,doc,https://data.riksdagen.se/fil/1094E9C0-DD08-4EC3-BD26-62E63D04CCDD,207860
1498870,mot_201415__232.docx,45563,docx,https://data.riksdagen.se/fil/2BD811B1-3A8E-4305-B513-3E20BADD4299,1498868
635720,MOT_201314_A_336.doc,56320,doc,https://data.riksdagen.se/fil/D31E7564-C88F-4159-A26E-BD973B244992,635719
599094,mot_201314_kr_277.pdf,128092,pdf,https://data.riksdagen.se/fil/ADB0E709-FE11-40CB-AC5F-32E499A1D6FB,599092
3117786,mot_202425__2779.pdf,70572,pdf,https://data.riksdagen.se/fil/C8CF4C98-E031-4B80-AA9B-E2A91A56A4E9,3117785
1822207,MOT_200708_A_372.doc,40960,doc,https://data.riksdagen.se/fil/F12F2E5A-4FC0-4647-BFE1-4E21FD723232,1822206
1518372,mot_202223__1729.docx,71671,docx,https://data.riksdagen.se/fil/56CCFEC6-1F50-46B0-B4F9-FE08390FA006,1518370
95880,mot_201213_ju_22.pdf,171681,pdf,https://data.riksdagen.se/fil/D10FBEB2-87D6-4D2A-91FE-0636474D13E8,95878
3322395,MOT_200910_T_415.doc,47616,doc,https://data.riksdagen.se/fil/E61F34EB-D3CA-4F8C-8CDB-B88B1CEEAE4F,3322394
675619,mot_201920__2310.pdf,79237,pdf,https://data.riksdagen.se/fil/8B1E4DB9-B378-48E5-A8AC-AAD3F48BB46F,675617
779691,mot_200708_mj_371.pdf,129931,pdf,https://data.riksdagen.se/fil/2ADBF43D-68F1-4AA2-9B5F-862E21E4A82A,779689
1197001,mot_201314_u_204.pdf,185430,pdf,https://data.riksdagen.se/fil/191CB73F-1077-4D25-8082-A7A99E22CFD0,1196999
1263888,mot_201415__2984.docx,49485,docx,https://data.riksdagen.se/fil/BB6F21A9-7717-4FD2-8BD4-B4470DD14C0D,1263886
870324,mot_201920__1961.pdf,116895,pdf,https://data.riksdagen.se/fil/5E83FBFD-098D-4EEA-9AB7-3118BDBB4DEB,870323
465077,mot_201516__2373.docx,49377,docx,https://data.riksdagen.se/fil/E64F0FA7-FA6E-459B-975A-4153DACE4C9B,465075
852884,mot_201718__3587.pdf,94125,pdf,https://data.riksdagen.se/fil/BDE1BEC4-9FC3-4DDE-B12F-D36D9BC9332D,852883
1925251,mot_202425__1875.pdf,86002,pdf,https://data.riksdagen.se/fil/94132C3E-5D73-475D-97DF-41053FFAA2C8,1925250
1886551,mot_201617__3320.docx,508973,docx,https://data.riksdagen.se/fil/598E87A4-7206-42C1-B6BA-C7055753A989,1886549
2249941,mot_202425__783.docx,73644,docx,https://data.riksdagen.se/fil/3E56A8E8-82D7-48A3-9F3D-85F901C00128,2249939
1612823,mot_201920__3429.pdf,87438,pdf,https://data.riksdagen.se/fil/5A70A13B-1DCC-47C2-9A40-8087D1BF968C,1612822
1133030,mot_201112_mj_448.pdf,125997,pdf,https://data.riksdagen.se/fil/EE4DA4EF-FD93-40FF-B277-CC4128E61324,1133028
2189540,MOT_200708_Sf_21.doc,44032,doc,https://data.riksdagen.se/fil/3790E0AE-F230-4748-8B62-C495533196E2,2189539
1331122,mot_200506_so_510.pdf,139910,pdf,https://data.riksdagen.se/fil/81B15A50-7BC0-45B2-B3C1-B23A73C5473E,1331120
789093,mot_201718__2156.docx,57639,docx,https://data.riksdagen.se/fil/D26CE244-5F26-4AB6-B3F5-FCE87345B825,789091
1186089,mot_200910_a_386.pdf,125606,pdf,https://data.riksdagen.se/fil/6B0208DF-B6D9-4B6C-B4D4-E3C5EB4659AF,1186087
3300622,mot_202021__1213.pdf,66427,pdf,https://data.riksdagen.se/fil/98E0BA28-2DE0-4E8D-9442-0BFF48B7D178,3300621
1338094,mot_201617__1126.docx,47418,docx,https://data.riksdagen.se/fil/0D3C5690-F6B5-4734-A819-B78E149C79F3,1338092
1490428,mot_202223__1688.pdf,78493,pdf,https://data.riksdagen.se/fil/97DA2204-305B-42D0-B369-089D6CE7A74C,1490427
1580977,mot_202526__3338.pdf,75343,pdf,https://data.riksdagen.se/fil/C0741362-883E-49C1-A9C8-1344D274D28B,1580976
1733417,mot_201617__1551.pdf,60096,pdf,https://data.riksdagen.se/fil/83CA6B97-C371-446D-8208-62B52DF293F5,1733416
121729,mot_201516__1884.pdf,65973,pdf,https://data.riksdagen.se/fil/CAA8925E-C9E9-4532-BED2-7DDDCFBDAF96,121728
1598576,mot_201617__1388.pdf,64006,pdf,https://data.riksdagen.se/fil/80E7C7E5-B680-4443-8A53-97CF7618AD1C,1598574
338388,MOT_200506_Sk_300.doc,56832,doc,https://data.riksdagen.se/fil/CC7585DC-2586-4E7A-BCCF-9A0C6CF3CA32,338387
1564408,mot_202526__3297.pdf,77215,pdf,https://data.riksdagen.se/fil/497A7487-3DDA-45F6-8BB1-6047AC1DAC2E,1564407
1212908,MOT_201314_Ub_401.doc,57344,doc,https://data.riksdagen.se/fil/463E9B7D-676B-48A9-86E3-78A0527B768F,1212907
1865312,mot_201617__2990.docx,51517,docx,https://data.riksdagen.se/fil/F6561FF5-89B2-4DBA-B5AE-37D20F65A941,1865310
1105602,mot_202526__2818.docx,153930,docx,https://data.riksdagen.se/fil/791001DD-612A-4833-912F-9DB13139B8EF,1105600
338210,bet_201516_SkU_21.pdf,6540824,pdf,https://data.riksdagen.se/fil/42D80AB9-A457-47DE-BA9D-38818DEDEA6E,338209
1856586,mot_200809_fi_25.pdf,1435154,pdf,https://data.riksdagen.se/fil/CB55C163-4587-4B9B-873C-BF53CCFD6575,1856584
3229795,mot_201617__3023.pdf,64713,pdf,https://data.riksdagen.se/fil/FE2D7966-FA26-49CB-9406-E978EFBD6D49,3229794
873457,mot_201920__1324.docx,69187,docx,https://data.riksdagen.se/fil/8DE9335E-BE74-415F-8821-7427C860BF71,873455
1603560,mot_201415__415.pdf,64138,pdf,https://data.riksdagen.se/fil/7F6D4FC8-4046-47A5-98C4-E55DDAE32B6B,1603559
1824965,prop_200809__223.pdf,639122,pdf,https://data.riksdagen.se/fil/EC35B197-C5F5-4710-B8A6-4FE8041AEB24,1824964
3241711,mot_202425__2410.pdf,74024,pdf,https://data.riksdagen.se/fil/A7086873-F21C-45C7-9C88-3320B38BA9EF,3241710
1332957,mot_202122__2124.pdf,79437,pdf,https://data.riksdagen.se/fil/E029E126-A88D-4458-B97F-A36BAC88D6DF,1332956
2171622,mot_201011_ju_221.pdf,128513,pdf,https://data.riksdagen.se/fil/58D90045-29F0-4EDF-98E6-CE03E632C3D5,2171620
1839291,MOT_201314_So_604.doc,55808,doc,https://data.riksdagen.se/fil/010E0D5A-6F5F-47F5-ABA3-2FD270AD61DE,1839290
979008,mot_202122__1380.docx,73713,docx,https://data.riksdagen.se/fil/47908348-B7DF-43AA-A88B-6A707AA94A24,979006
1730266,mot_201617__398.docx,51623,docx,https://data.riksdagen.se/fil/A13329F7-5264-493D-8E6E-085AAB7588E1,1730264
207929,2010_11_SkU6.pdf,30475,pdf,https://data.riksdagen.se/fil/5CBEEB59-14E1-4D83-9C18-1381106CA9FD,207928
1429846,mot_202223__1027.docx,73047,docx,https://data.riksdagen.se/fil/A7A6237C-11D6-4F55-96F5-ED1FC54C7244,1429844
3118532,mot_202425__2376.docx,73195,docx,https://data.riksdagen.se/fil/42C74C73-34F6-4B5B-AA73-65673BBE3CF9,3118530
1417904,mot_201415__2503.pdf,65688,pdf,https://data.riksdagen.se/fil/B721F628-E98F-495E-A3D4-990EC3A0AD39,1417903
1300479,MOT_200910_So_501.doc,38400,doc,https://data.riksdagen.se/fil/F075C688-BB38-44CE-99CA-F07BA1D983EB,1300478
3300100,mot_202526__26.docx,70402,docx,https://data.riksdagen.se/fil/947FEAF8-11EE-4CA6-9DEA-F85184316EC8,3300098
1471140,MOT_200506_T_234.doc,58880,doc,https://data.riksdagen.se/fil/239780A3-703C-4075-8941-CA4CDFFC0FFC,1471138
2201810,mot_202021__2895.docx,69657,docx,https://data.riksdagen.se/fil/B0499BDE-F343-44ED-B125-43F082EB2A7E,2201805
1489881,mot_202122__4076.docx,74248,docx,https://data.riksdagen.se/fil/FE17814E-0EC4-4D91-8D4F-5697370FA546,1489879
1567762,mot_201415__903.docx,45384,docx,https://data.riksdagen.se/fil/F1DFBC80-8298-4524-A4F1-BEC080FB0807,1567760
1779959,mot_202122__3432.docx,89475,docx,https://data.riksdagen.se/fil/7351C956-1A49-479F-A771-074FB5009EB4,1779956
387934,mot_201718__1742.docx,53457,docx,https://data.riksdagen.se/fil/EBD780EF-2BF0-4109-83E5-484601CCD831,387932
1247697,MOT_200809_N_325.doc,41984,doc,https://data.riksdagen.se/fil/725BC51C-3A1B-4392-81FD-A79D4C73868C,1247696
1492726,mot_202223__1348.pdf,76449,pdf,https://data.riksdagen.se/fil/25704973-BA38-44C3-BAB6-6B816A341B27,1492725
1094407,MOT_201314_U_227.doc,55808,doc,https://data.riksdagen.se/fil/0D50A0B5-9B9C-4B86-A5C7-AB1C1D4B0D6E,1094406
213685,mot_200506_sk_275.pdf,132770,pdf,https://data.riksdagen.se/fil/367DCD98-489C-45FF-AE9F-59703CA67E49,213683
714236,mot_201516__3051.pdf,73467,pdf,https://data.riksdagen.se/fil/FBFEC723-F752-404B-9DA4-AA10A20A4AC5,714235
1075781,mot_200506_ju_511.pdf,137391,pdf,https://data.riksdagen.se/fil/95EF7905-63EA-4036-BB6E-658B9EB1D8CC,1075779
652634,mot_202324__2672.docx,70967,docx,https://data.riksdagen.se/fil/4E385343-5F46-4BD4-833E-F486E3522AEB,652632
1199314,mot_202526__2732.docx,84436,docx,https://data.riksdagen.se/fil/0363113B-4028-47F9-A1ED-F1A6157BB1BF,1199312
1050642,bet_200001_sku_2.pdf,185051,pdf,https://data.riksdagen.se/fil/00082DB3-313D-4F62-B6BD-96DCC12B0318,1050640
1146929,mot_201819__1267.pdf,69530,pdf,https://data.riksdagen.se/fil/49523E31-E4D6-418F-960D-8BE62A37E6F3,1146928
113858,MOT_201213_Fi_286.doc,56832,doc,https://data.riksdagen.se/fil/F8A8DCDF-CBFD-4C66-A3C9-1C454394285C,113857
985468,2018_19_MJU8_20190228144340_Publicering.pdf,721115,pdf,https://data.riksdagen.se/fil/9665E2A4-FA28-47E3-9057-72A666A0D966,985467
1818693,mot_201314_t_301.pdf,122129,pdf,https://data.riksdagen.se/fil/9D948F3C-34D8-43C6-BA02-684114EA4A4E,1818691
1031408,mot_201718__3576.docx,76651,docx,https://data.riksdagen.se/fil/D4E2BDAC-13F3-432F-9D17-C41AFBA0E2A6,1031406
603869,mot_201112_ju_298.pdf,126799,pdf,https://data.riksdagen.se/fil/5FEECE7B-B8A1-426D-B619-E63FA4CBFEF8,603867
231874,mot_201718__820.pdf,64827,pdf,https://data.riksdagen.se/fil/E259CEC0-F028-4B95-87FA-1F2D4555DC10,231873
790955,2018_19_SoU17_20190308095758_Publicering.pdf,448177,pdf,https://data.riksdagen.se/fil/690B1893-D144-4BCB-A6E7-285BCC1F19AF,790954
2242874,mot_202223__2250.pdf,83602,pdf,https://data.riksdagen.se/fil/E5A011AC-CA48-44DC-977F-03233E916DE0,2242873
1677992,mot_201617__2447.docx,64728,docx,https://data.riksdagen.se/fil/864E3C2F-EF6F-4E2F-B90B-506BD17D2BB9,1677990
1493704,mot_202223__1618.docx,72266,docx,https://data.riksdagen.se/fil/5071621D-0E86-4517-A647-52EB224C7395,1493702
333948,mot_200708_sf_237.pdf,115118,pdf,https://data.riksdagen.se/fil/31ED0181-EA48-4479-B2A2-4CB50EDFCADC,333946
1648239,mot_202122__3867.docx,72124,docx,https://data.riksdagen.se/fil/270E1027-FA00-4F87-96BF-F1EDA7954A63,1648237
1598369,mot_202324__230.docx,73364,docx,https://data.riksdagen.se/fil/139D62E8-C9C0-4293-A209-49D2E65017FC,1598367
1730949,mot_201920__3075.pdf,91531,pdf,https://data.riksdagen.se/fil/13B12166-EBF9-4544-B564-72C90908A6DD,1730948
863097,mot_202324__2825.pdf,92406,pdf,https://data.riksdagen.se/fil/CEB855E6-69C6-41E9-8B2F-85118CE49DB5,863096
368523,BET_200001_SfU_15.doc,271872,doc,https://data.riksdagen.se/fil/D3F04797-9133-43CE-8E99-5960309FC495,368522
1138390,bet_200001_föu_9.pdf,450907,pdf,https://data.riksdagen.se/fil/712AAEAD-BB3C-4695-AEB2-390B680D8871,1138388
670305,mot_201112_ju_299.pdf,133331,pdf,https://data.riksdagen.se/fil/216F25DC-3740-4926-82FF-D68E0333831B,670303
977122,MOT_200506_A_359.doc,38912,doc,https://data.riksdagen.se/fil/BD9FBD0A-4540-4F4A-867C-5BDFEE136717,977121
2135839,mot_200506_n_388.pdf,160087,pdf,https://data.riksdagen.se/fil/32F24D48-2417-43A1-990B-E0E1DE050F4D,2135837
591319,mot_202122__563.pdf,67154,pdf,https://data.riksdagen.se/fil/487820B0-A0F7-40F1-8BF3-0F3CA04A4531,591318
391933,mot_202526__425.pdf,75157,pdf,https://data.riksdagen.se/fil/06C1E6E4-A035-470F-B09F-82CE65C7937F,391932
2237887,mot_202223__2329.pdf,98561,pdf,https://data.riksdagen.se/fil/94FA987C-F1EE-4413-9AC7-37F93C26FA11,2237886
442784,mot_201617__972.docx,61832,docx,https://data.riksdagen.se/fil/C9C6BACB-6B65-4AED-ABAB-58390B15F856,442782
1908328,mot_202425__1691.pdf,79123,pdf,https://data.riksdagen.se/fil/8804E697-47EB-40E3-BE95-CD10725680AF,1908327
923559,mot_202526__1378.docx,71422,docx,https://data.riksdagen.se/fil/B6715309-C807-48A0-873A-594645E121AD,923557
1409103,mot_200506_t_243.pdf,171596,pdf,https://data.riksdagen.se/fil/A8CDEC49-D48C-4CB7-BA1A-5F5C62ABB1B1,1409101
1026092,mot_201920__1171.pdf,67018,pdf,https://data.riksdagen.se/fil/2173F162-0F29-4E23-9279-3710116AA97D,1026091
1994926,mot_202021__257.docx,70952,docx,https://data.riksdagen.se/fil/6118CAF1-28EE-494C-86CF-90E5DFDE734B,1994924
686455,mot_201314_mj_491.pdf,129812,pdf,https://data.riksdagen.se/fil/A3ADF49A-CE2B-42F8-93E8-5B711C7E631F,686453
834210,mot_201819__436.docx,69871,docx,https://data.riksdagen.se/fil/65B54FFF-ADD5-4247-9E87-47A1D0276600,834208
1937072,mot_200910_c_425.pdf,137490,pdf,https://data.riksdagen.se/fil/7C0F90D1-92BC-4AB6-95BE-9B65D776B243,1937070
2219376,201617JuU31_20170615133332_Publicering.pdf,331660,pdf,https://data.riksdagen.se/fil/53266710-C8BF-49BE-A681-3526DF73CAF0,2219375
1190278,BET_200203_SkU_9.doc,193024,doc,https://data.riksdagen.se/fil/BC6B374D-6A8C-4FA6-B6F1-4706C357D866,1190277
2208093,BET_200102_FiU_27.doc,142336,doc,https://data.riksdagen.se/fil/9D2600C4-7A7B-4135-95C4-7E9F2331330C,2208092
1186289,mot_202526__2573.docx,79517,docx,https://data.riksdagen.se/fil/73ECB632-B353-424A-98FC-3C13E303F878,1186287
1923050,mot_202021__949.docx,69724,docx,https://data.riksdagen.se/fil/47B7AB2C-E7D3-4A4E-A22E-3119CBBB839F,1923048
1308621,MOT_200809_Kr_212.doc,39424,doc,https://data.riksdagen.se/fil/BD878A79-FF5F-4B53-93E1-A9B29CCCA204,1308620
2075919,mot_201314_sf_353.pdf,136029,pdf,https://data.riksdagen.se/fil/5426E8DC-AEFB-4CDB-8A3E-0DAC195D7267,2075917
1232750,MOT_200506_Sf_328.doc,68608,doc,https://data.riksdagen.se/fil/60326BA5-3BC1-4864-A084-64324E3A6224,1232748
1719253,mot_201314_t_288.pdf,119121,pdf,https://data.riksdagen.se/fil/BFF7093E-472A-45F6-B640-74B7276270D5,1719251
1809426,mot_202021__1594.docx,70576,docx,https://data.riksdagen.se/fil/E8385EB3-CA25-4B72-A056-8DE7AF43226D,1809424
1512036,MOT_200910_Sf_256.doc,49152,doc,https://data.riksdagen.se/fil/E9470CDB-8533-46D8-AD24-C8F9B2AC72B4,1512035
110917,mot_202021__3191.docx,74596,docx,https://data.riksdagen.se/fil/4290DED7-C84E-45D3-B87F-7999C974C90A,110915
3277447,mot_200506_mj_225.pdf,136022,pdf,https://data.riksdagen.se/fil/315C1C41-038E-4399-8166-0DA30FCB59AE,3277445
1065976,mot_202324__1664.pdf,80887,pdf,https://data.riksdagen.se/fil/EDBAC190-D7BC-423A-91D4-D781DD8D1610,1065975
1705588,MOT_201314_T_435.doc,56832,doc,https://data.riksdagen.se/fil/36B9FE98-FC4F-48D4-8AAC-2732DB4C6D8D,1705587
2130823,mot_202021__2089.docx,70190,docx,https://data.riksdagen.se/fil/25B8364D-7E65-4977-8EFE-2CB56F359F7E,2130821
543442,mot_201718__1244.docx,57426,docx,https://data.riksdagen.se/fil/00FE1E6F-77E5-4ADE-AEFA-A8608E87BD71,543440
1494238,mot_202122__4023.pdf,103948,pdf,https://data.riksdagen.se/fil/04B21E59-845C-4280-8632-430E9398BC77,1494237
70712,mot_200910_n_297.pdf,136805,pdf,https://data.riksdagen.se/fil/C5916EC9-61BC-415D-85C7-FE6116BE9046,70710
1780265,mot_201415__1286.docx,44984,docx,https://data.riksdagen.se/fil/FDB216A8-13F2-4D56-AED7-876A37B16500,1780263
247691,mot_200910_mj_231.pdf,138166,pdf,https://data.riksdagen.se/fil/1C5B19F3-3215-44F6-BBF3-09FED89F5C53,247689
2170177,2021_22_FiU43_20220519163656_Publicering.pdf,1832868,pdf,https://data.riksdagen.se/fil/D9A75E5E-95E0-43E0-92CE-8588F45B7EC3,2170176
1216797,mot_201011_sk_244.pdf,128851,pdf,https://data.riksdagen.se/fil/760302C1-A322-47F2-A80A-0C270F1936D4,1216795
773289,mot_201718__2324.pdf,70006,pdf,https://data.riksdagen.se/fil/C74324EA-138E-4710-9E38-2F57756582E4,773288
529119,2022_23_KU20_20230607102354_Publicering.pdf,1004969,pdf,https://data.riksdagen.se/fil/A7ADEA2E-FDB8-4136-9484-809FE4C4BD2B,529118
341997,mot_200506_sk_357.pdf,125548,pdf,https://data.riksdagen.se/fil/C808702F-B5A1-4423-AB30-9CA387009DDE,341995
1761124,mot_202122__3599.docx,72299,docx,https://data.riksdagen.se/fil/74603521-A2B6-4B1B-9777-97737917ADDC,1761122
1719535,mot_202324__534.docx,70501,docx,https://data.riksdagen.se/fil/87F1605F-F92F-41F5-8F4E-AD1B6456722B,1719530
2003260,prop_200910__185.pdf,918145,pdf,https://data.riksdagen.se/fil/D2F02883-7F68-42E4-ABC7-50DE0EAFC9CD,2003259
1485708,mot_202122__2548.docx,91780,docx,https://data.riksdagen.se/fil/41AA6368-CBA1-4386-91D2-5A34CC8C3630,1485706
2216648,mot_202425__347.docx,73366,docx,https://data.riksdagen.se/fil/B3EBEAD4-DD5C-4F7E-9D2B-EB46B2DF27BD,2216646
1959428,mot_201617__2840.pdf,68345,pdf,https://data.riksdagen.se/fil/B4FF5C95-5D5F-4C88-8CC5-852E463F6C55,1959427
3318799,prop_201516__123.pdf,1188845,pdf,https://data.riksdagen.se/fil/4EFCF711-8779-4F40-BE5B-EE7728C2847F,3318798
2121403,mot_202021__2576.pdf,87639,pdf,https://data.riksdagen.se/fil/17A122CA-7FFE-49AD-B0AA-BD43D2F1CA82,2121402
612644,mot_200708_fi_12.pdf,220202,pdf,https://data.riksdagen.se/fil/70C38040-B0F0-4C93-B6FB-26C7FE76E79D,612642
576511,mot_202122__337.pdf,79450,pdf,https://data.riksdagen.se/fil/D9F03A75-F6B8-458D-9675-FA44715AE724,576510
906438,MOT_200809_So_208.doc,38400,doc,https://data.riksdagen.se/fil/BA741863-B01C-491E-8C46-83049C59CA1F,906437
233689,mot_200809_ub_461.pdf,121561,pdf,https://data.riksdagen.se/fil/8DE736FB-FDC9-44C1-A1BF-0EAC26F655B5,233687
281997,mot_201718__1886.docx,57883,docx,https://data.riksdagen.se/fil/CEA98AF0-F50F-4E9E-9806-118C343EA5F8,281995
58241,MOT_200809_A_320.doc,38912,doc,https://data.riksdagen.se/fil/7545C907-C64F-43F5-A33E-AF70FD5B7C3F,58240
3311852,MOT_200910_K_262.doc,37376,doc,https://data.riksdagen.se/fil/DB278037-DAF3-4BFA-8210-CD77F95C4BB4,3311851
1064966,mot_202324__1685.pdf,74021,pdf,https://data.riksdagen.se/fil/8D72401D-2AF2-43D7-81A5-9CAAA6B5AB07,1064965
419281,mot_202526__616.pdf,79372,pdf,https://data.riksdagen.se/fil/E4484068-E899-4A85-9BC7-89A57E026A97,419280
1472585,mot_201314_mj_8.pdf,214511,pdf,https://data.riksdagen.se/fil/7E668D41-A122-434C-ABC9-94E9ED7A9F86,1472583
1503390,mot_201415__927.docx,44636,docx,https://data.riksdagen.se/fil/5C36167F-12BF-4906-B357-5D70295638C9,1503388
1911055,2023_24_SkU23_20240522110953_Publicering.pdf,1608435,pdf,https://data.riksdagen.se/fil/E12A8A32-6714-47A1-92C8-489B84D79F6E,1911054
650935,mot_202324__2665.docx,71733,docx,https://data.riksdagen.se/fil/33A8EB1F-AE3B-4197-8C40-A0F4C3ADA2BA,650933
874702,mot_202526__1120.pdf,85295,pdf,https://data.riksdagen.se/fil/E5F14796-2569-48C9-A41F-DBF28253A6A7,874701
1835437,mot_201415__1814.docx,45676,docx,https://data.riksdagen.se/fil/37A74678-E862-4924-A5C8-D50FAD064D86,1835435
3133162,MOT_201011_N_398.doc,75264,doc,https://data.riksdagen.se/fil/360B100F-D632-40D2-97AC-2438A57AAC6E,3133161
1440835,201516_SfU14.pdf,644319,pdf,https://data.riksdagen.se/fil/8A7D6F70-BDF9-4C16-8D34-ADB4D87C7972,1440834
1536793,MOT_201314_Sk_423.doc,55296,doc,https://data.riksdagen.se/fil/D55C540E-C858-4700-ADB2-79A59B1C7522,1536792
1133577,mot_202122__1769.pdf,72831,pdf,https://data.riksdagen.se/fil/81724712-4037-4F1D-A4EA-F7FE7A426C70,1133576
103506,mot_201718__457.docx,59157,docx,https://data.riksdagen.se/fil/787DE4A6-C9CE-4C0A-BCE5-B3BC26208DA6,103504
1631391,2008_09_AU4.pdf,3518019,pdf,https://data.riksdagen.se/fil/2E18F59C-69CD-4259-BA08-B8BF877158D5,1631390
1856223,MOT_200708_U_371.doc,40448,doc,https://data.riksdagen.se/fil/66831E95-C834-4831-8361-7EB7FC5E8F36,1856222
2107291,mot_201819__1583.docx,69540,docx,https://data.riksdagen.se/fil/85D3E945-D3EE-4FB9-8376-7E00A5E454E7,2107289
1403990,2022_23_AU2_20221215133207_Publicering.pdf,599432,pdf,https://data.riksdagen.se/fil/97F0986A-D620-48FF-8F2C-8EB49D6ACA4B,1403989
796143,MOT_200910_Ub_295.doc,39424,doc,https://data.riksdagen.se/fil/8E281983-4F82-45CF-9261-08BF33269117,796142
136646,BET_200102_BoU_7.doc,194048,doc,https://data.riksdagen.se/fil/75EE550F-9C80-489A-A3D2-DD57A9600632,136645
230458,201415_FiU3.pdf,364526,pdf,https://data.riksdagen.se/fil/E6C7D648-83A9-48DB-AFD9-CE4F93D6BA5D,230457
2032844,mot_202021__1770.pdf,67634,pdf,https://data.riksdagen.se/fil/10F65E97-A1DD-40F8-AAC5-B44550150800,2032843
1395282,mot_201920__664.pdf,77409,pdf,https://data.riksdagen.se/fil/AB222134-DDF3-4C56-BAF0-70D6EF4E522E,1395281
417720,mot_202526__684.docx,70706,docx,https://data.riksdagen.se/fil/A00FCF34-A4A4-4B8D-AFFE-A908E5223B16,417718
1868310,mot_202425__2809.pdf,69036,pdf,https://data.riksdagen.se/fil/BD37194D-4F64-4CB6-9F6E-B2D0A0E04C00,1868309
1424712,MOT_200607_N_263.doc,38912,doc,https://data.riksdagen.se/fil/CCE7C66A-F6BC-403C-BB1F-305E1EA9308E,1424711
1074427,mot_201718__3280.pdf,69697,pdf,https://data.riksdagen.se/fil/44F4B3F7-5923-4181-9D80-00FB6DA2D7AB,1074426
773015,mot_200809_k_304.pdf,140529,pdf,https://data.riksdagen.se/fil/AEC4C243-5684-4DA7-9926-E039033B8A92,773013
662996,242505500webb.pdf,1503658,pdf,https://data.riksdagen.se/fil/7B178696-0F1E-4F96-A640-A4028BA4577C,662995
1553857,mot_200708_k_264.pdf,117611,pdf,https://data.riksdagen.se/fil/9ED22FF0-6DED-4D2F-B5D4-A9DB9DA930B4,1553855
836004,mot_202324__2544.docx,70646,docx,https://data.riksdagen.se/fil/619EA9C7-8FEC-4F60-A76B-91FEF2DEBF16,836002
3237891,mot_201617__3537.docx,61110,docx,https://data.riksdagen.se/fil/C58E7255-5E85-4F9D-8ADF-013D697E2E5B,3237889
742141,mot_201920__2278.docx,70875,docx,https://data.riksdagen.se/fil/DC220647-0108-4657-BAA0-DA6FFB6A0454,742139
171975,MOT_200910_Ub_10.doc,60416,doc,https://data.riksdagen.se/fil/EEC41C44-DC09-4EA1-8712-70EC3E03A5C3,171974
1000452,mot_201718__3001.docx,58464,docx,https://data.riksdagen.se/fil/C6AE22CB-B9A1-4E8A-90DF-8BCDCED905CB,1000450
1550453,mot_202122__2929.docx,72491,docx,https://data.riksdagen.se/fil/5EDBBAF1-B67B-4102-B022-D25EE06C4578,1550451
2251992,mot_201516__628.pdf,67061,pdf,https://data.riksdagen.se/fil/15AA3BB5-EDFC-40F0-B018-BF802071B865,2251991
1172904,mot_202223__645.docx,74146,docx,https://data.riksdagen.se/fil/2B4D1A18-8BC0-4040-903D-452C5D3F45BD,1172902
345199,mot_202526__115.pdf,74764,pdf,https://data.riksdagen.se/fil/B9B6E065-47DB-4525-9F53-71A8F396ABF8,345198
2220302,mot_202425__413.docx,73715,docx,https://data.riksdagen.se/fil/066E525F-A5E0-4D20-A32D-4941E0BECA7D,2220300
78336,242510700webb.pdf,291602,pdf,https://data.riksdagen.se/fil/F996D3C8-4D98-44DB-A1F0-A2B36399316E,78335
817108,mot_202526__1261.pdf,81165,pdf,https://data.riksdagen.se/fil/733C2558-91A7-49ED-ADA6-617CBFDAE0E0,817107
1624440,mot_202122__3256.docx,72577,docx,https://data.riksdagen.se/fil/04EBCC31-91DC-4D4E-8E16-AD540E30F13E,1624438
903588,mot_201718__3945.docx,60828,docx,https://data.riksdagen.se/fil/B1FC554A-7979-444F-A038-22BD99283CAA,903586
1854658,mot_200708_t_365.pdf,127571,pdf,https://data.riksdagen.se/fil/D82103E4-41BC-4278-8380-AABB568C03CD,1854656
1346131,mot_201415__2495.pdf,126973,pdf,https://data.riksdagen.se/fil/816B0420-FBAD-4852-8347-C01875F63B81,1346130
1817132,mot_200910_k_238.pdf,123492,pdf,https://data.riksdagen.se/fil/8617FE55-D518-401B-9E55-2B8A1F284DAA,1817130
1698184,mot_200809_ub_32.pdf,138396,pdf,https://data.riksdagen.se/fil/AAD97F7D-1330-4CEA-A83D-1BCB8EDA9FE4,1698182
3247719,mot_201011_n_249.pdf,123291,pdf,https://data.riksdagen.se/fil/306777F8-1991-4E6C-A65E-AE1841750869,3247717
1994011,mot_202021__293.docx,69852,docx,https://data.riksdagen.se/fil/C3E136AC-0F77-4384-BFDB-1BB160B0DCD8,1994009
1149579,mot_201516__24.docx,50285,docx,https://data.riksdagen.se/fil/856D0B0A-D3F7-45EA-A696-34736F99FDCD,1149577
1338740,MOT_200607_N_211.doc,38400,doc,https://data.riksdagen.se/fil/A76B7687-BAB7-4A97-A6C8-14D73680E282,1338739
275746,mot_200607_a_254.pdf,126138,pdf,https://data.riksdagen.se/fil/8730DA09-9302-4CFA-A674-ABE5B080C4C7,275744
1693554,mot_202324__242.docx,71282,docx,https://data.riksdagen.se/fil/62704D39-265B-4C95-809D-C2B49A8F730F,1693551
816999,MOT_200910_Ub_409.doc,41984,doc,https://data.riksdagen.se/fil/798D6067-BD75-4A33-AEE1-76A6D66F1C87,816998
1056119,mot_201920__1287.pdf,73621,pdf,https://data.riksdagen.se/fil/DA77859E-20F2-47AB-8A4E-7DBB178F6A8C,1056118
1769353,2023_24_FiU8_20231116130710_Publicering.pdf,317383,pdf,https://data.riksdagen.se/fil/64817158-D3B0-448B-AC40-9130C36242D8,1769351
343097,mot_201516__2160.docx,50321,docx,https://data.riksdagen.se/fil/BD5247FC-671D-447B-B810-1D14B231D34D,343095
1624238,mot_201415__2220.docx,47887,docx,https://data.riksdagen.se/fil/C6346DC4-4F64-4C4B-907E-2F2E9EF66199,1624233
378334,mot_202021__3822.docx,71762,docx,https://data.riksdagen.se/fil/8D59BA15-8DED-492E-AC23-64453150CE79,378332
741472,BET_200102_UU_11.doc,191488,doc,https://data.riksdagen.se/fil/522DA239-D3D5-4ED2-A5A0-BE067E828544,741471
2080911,MOT_201112_T_251.doc,50688,doc,https://data.riksdagen.se/fil/1C174AF5-4F4C-4F46-B800-EEE3F6075C6A,2080910
939703,prop_200708__4.pdf,239604,pdf,https://data.riksdagen.se/fil/90182A0B-3699-4270-9EB1-4D81B75E4B2E,939702
1172830,mot_202223__647.pdf,78538,pdf,https://data.riksdagen.se/fil/B9F687D4-D94E-4AEA-8FC9-DD95339BCA8A,1172829
857571,2011_12_NU2.pdf,594904,pdf,https://data.riksdagen.se/fil/26A8EB6D-E1BE-4FD6-9304-8325CC0CB600,857570
70169,mot_201718__608.pdf,71109,pdf,https://data.riksdagen.se/fil/C197D28F-7FA2-4D94-A0DC-E546A6DA4179,70168
1878320,MOT_201314_N_328.doc,64512,doc,https://data.riksdagen.se/fil/28461514-88EE-485D-B163-C6AB5359433D,1878319
2149913,MOT_201112_Ub_207.doc,47104,doc,https://data.riksdagen.se/fil/0FB28B9E-8DB6-4F28-9919-F9346BFB74B1,2149912
440066,MOT_200708_Sf_286.doc,71168,doc,https://data.riksdagen.se/fil/8404A37E-2E03-4C72-9426-4BB4BA496FCB,440065
1907190,mot_201819__2855.pdf,75954,pdf,https://data.riksdagen.se/fil/9930B076-1FBF-4CD5-B33E-7DA6A70785BB,1907189
1502562,mot_202122__2499.docx,84470,docx,https://data.riksdagen.se/fil/26497CAC-92E0-416C-8526-AC5192D00ED3,1502560
1551440,mot_202223__1243.docx,81915,docx,https://data.riksdagen.se/fil/3DB2BC93-72E1-4104-982A-176AF6F72FAC,1551438
1901725,mot_202021__171.pdf,89004,pdf,https://data.riksdagen.se/fil/4DC963D0-7DB4-4D99-B627-05CD7C26840B,1901724
975967,mot_202324__1311.pdf,71966,pdf,https://data.riksdagen.se/fil/91C02E5B-D602-4117-A94B-1BF1F954D417,975966
1298121,mot_202526__3081.docx,70735,docx,https://data.riksdagen.se/fil/E14ECC32-6FA1-4733-B248-AB181D112582,1298119
308908,mot_202021__3067.docx,71893,docx,https://data.riksdagen.se/fil/378E7C6E-F217-49D4-AED2-AEC415EEAB09,308906
2096221,mot_202021__865.docx,69924,docx,https://data.riksdagen.se/fil/2D8A8FB3-29C4-4C0D-8829-8B8A3B9E749A,2096219
1432338,mot_202122__2030.pdf,72879,pdf,https://data.riksdagen.se/fil/C03F9CBB-A2C2-4EB9-96B9-84DA9012D3A8,1432337
1377982,mot_201415__2822.pdf,75845,pdf,https://data.riksdagen.se/fil/DCCCDA04-F134-4AE5-915D-B4F5048C4AC9,1377981
999482,mot_201112_mj_8.pdf,175659,pdf,https://data.riksdagen.se/fil/145CAC43-C18A-4566-AE9C-E9241190F0E2,999480
1647522,MOT_200809_MJ_328.doc,41472,doc,https://data.riksdagen.se/fil/BBBD6A33-6C6B-419A-BA47-E9362BD202A4,1647521
2195383,mot_201011_ju_369.pdf,117694,pdf,https://data.riksdagen.se/fil/E80046EE-FD23-47E0-A9B4-E29382A856A5,2195381
856728,mot_201718__3726.docx,59658,docx,https://data.riksdagen.se/fil/C56522AA-394E-47B2-AD88-D7CD7E6AD6CF,856724
1896338,MOT_201213_K_371.doc,56832,doc,https://data.riksdagen.se/fil/11654D95-2A4B-46AC-92E7-9BDAAA6773E7,1896337
1639040,mot_201617__1438.docx,60688,docx,https://data.riksdagen.se/fil/8FF31951-A568-4DB4-9DFF-F467BFF484CA,1639038
365223,mot_201718__1972.pdf,66947,pdf,https://data.riksdagen.se/fil/BBF0E8A3-3946-4F19-B740-1C196BCE3314,365222
1408797,mot_200708_fi_220.pdf,133963,pdf,https://data.riksdagen.se/fil/75D5AFD2-94B8-4FCC-8368-A8DEF20764B4,1408795
1499387,mot_201314_ju_6.pdf,158154,pdf,https://data.riksdagen.se/fil/BDB3A288-0249-4D6A-B307-93E0EAC07C35,1499385
1035265,mot_201718__3739.pdf,112898,pdf,https://data.riksdagen.se/fil/9A690463-E65E-4E4D-8D83-6DA13059B420,1035264
2187848,mot_201011_sf_363.pdf,129510,pdf,https://data.riksdagen.se/fil/7DE5309D-3146-4B53-8F96-B3118A933805,2187846
1537079,mot_201314_sk_428.pdf,127006,pdf,https://data.riksdagen.se/fil/18BDF547-B0F1-42EF-AA5D-B0A44A4BF406,1537074
1345755,mot_202122__2813.pdf,74296,pdf,https://data.riksdagen.se/fil/40CAB3FD-F314-4285-A01A-F1F486DFBBF9,1345754
699790,mot_201920__2835.docx,73311,docx,https://data.riksdagen.se/fil/FC79B529-77C7-4721-9D23-BAA6088A1251,699788
399403,mot_202526__745.pdf,78934,pdf,https://data.riksdagen.se/fil/2CE26636-9DA6-483C-9FC9-01DBDE5BFB23,399402
1536659,mot_202526__3694.docx,80234,docx,https://data.riksdagen.se/fil/633D2DEF-EEEB-408B-B25C-10CFF2C08104,1536657
1318554,MOT_201011_Ub_347.doc,48128,doc,https://data.riksdagen.se/fil/58021DDC-02F1-48EF-8D01-A0333C05E958,1318553
161483,mot_200708_so_549.pdf,132604,pdf,https://data.riksdagen.se/fil/7F905963-9599-4226-9C7D-5E6AE084C8FC,161481
1364564,mot_201819__1182.pdf,75069,pdf,https://data.riksdagen.se/fil/EF3E707C-1822-4F81-9125-C03C7BA7043D,1364563
151556,mot_200506_sk_287.pdf,129184,pdf,https://data.riksdagen.se/fil/7D55A8E0-83F6-4D16-8C1A-BB6600ADDCD2,151554
2185531,2008_09_FiU24.pdf,565427,pdf,https://data.riksdagen.se/fil/967ABBEC-77D8-4385-B088-5341A6494558,2185530
389189,mot_202021__3643.pdf,74381,pdf,https://data.riksdagen.se/fil/E4A11DE5-5A6D-4072-8255-49A2B8BFD25C,389188
1247334,mot_202223__110.pdf,81004,pdf,https://data.riksdagen.se/fil/D1DBC567-B040-4EB2-A208-DA897586B419,1247333
1158263,MOT_200809_N_230.doc,41984,doc,https://data.riksdagen.se/fil/BBBEEC95-BAA1-4037-9AA6-CF2A4E0A3842,1158262
3348998,mot_202425__1847.pdf,77064,pdf,https://data.riksdagen.se/fil/50678758-CD50-4BC8-A567-C00F89BE7013,3348997
575833,MOT_200809_C_265.doc,38400,doc,https://data.riksdagen.se/fil/BB32DE93-CCAA-4051-81A4-8A1E5BD38652,575832
618667,mot_201718__2024.pdf,59702,pdf,https://data.riksdagen.se/fil/1F04E73E-4828-4F67-BFC5-1AED1BDE4C48,618666
1229900,mot_201617__1113.docx,60322,docx,https://data.riksdagen.se/fil/8877CE86-4EDD-4BF0-99E2-39AAAC2907D2,1229898
903950,mot_200910_ub_342.pdf,126894,pdf,https://data.riksdagen.se/fil/160FE84D-7433-449F-8A1C-6F6CC23AD4E1,903948
1555720,mot_201920__3432.pdf,88407,pdf,https://data.riksdagen.se/fil/503BD0D7-2488-4EFE-98B5-9E192D3A05A3,1555719
1265091,MOT_200809_N_247.doc,38400,doc,https://data.riksdagen.se/fil/9FE0E129-80D1-4F94-88DD-C03F0CC1C546,1265090
1467003,mot_202122__2775.pdf,67797,pdf,https://data.riksdagen.se/fil/F72ED1FB-804C-4CC8-8E92-45F643D36531,1467002
1349705,mot_201920__345.docx,69884,docx,https://data.riksdagen.se/fil/9FBC3818-C38E-4FE1-A9B2-2AAF49B3495E,1349703
906755,mot_202526__1156.docx,70632,docx,https://data.riksdagen.se/fil/ECF89283-0C11-4A2D-8AD4-D5BB629519AB,906753
1888649,prop_201415__87.pdf,202898,pdf,https://data.riksdagen.se/fil/328A92EF-C855-4FFD-977A-1B74E1C11B11,1888648
1655473,mot_202122__4040.docx,344438,docx,https://data.riksdagen.se/fil/1EAF75F1-FBDF-4392-83D1-7132FEA03B89,1655471
1700065,prop_201819__143.pdf,1585277,pdf,https://data.riksdagen.se/fil/DCFFDEC2-68A2-4C69-8498-ED0C06325585,1700064
1491843,2020_21_FiU41_20210226110505_Publicering.pdf,2469016,pdf,https://data.riksdagen.se/fil/1D30077E-CCB5-480D-B8B0-F4F768492B5A,1491842
3259140,mot_202425__2792.docx,71566,docx,https://data.riksdagen.se/fil/D9130D8A-D3FC-4F32-86A2-1C2F8D51E08B,3259138
1536710,mot_201314_sk_429.pdf,128466,pdf,https://data.riksdagen.se/fil/9EFD2104-490E-4A6E-849C-AA0446A76DFB,1536708
1077997,mot_201920__1448.pdf,72083,pdf,https://data.riksdagen.se/fil/38C8ED71-88E8-4B0C-9787-44B7214AE47F,1077996
502991,mot_202526__487.pdf,74773,pdf,https://data.riksdagen.se/fil/529E05E5-4033-4231-89F1-B15B109382E1,502990
94133,mot_201516__1040.docx,48909,docx,https://data.riksdagen.se/fil/09408B1E-C824-4F4F-A1AB-C8BB0000D1EB,94131
480260,mot_202122__540.docx,71493,docx,https://data.riksdagen.se/fil/395B8E54-8C0E-4622-B030-613659D860BB,480258
428207,MOT_200607_MJ_340.doc,41984,doc,https://data.riksdagen.se/fil/7B1EFF67-D9D7-43FB-AA64-A81835226CCF,428206
360255,2011_12_NU24.pdf,125291,pdf,https://data.riksdagen.se/fil/4CB8108B-F965-4302-9029-A0DA42859AF2,360254
1764272,mot_202324__726.pdf,74005,pdf,https://data.riksdagen.se/fil/E1E9CD13-7246-4BBF-A51D-E1FB611FE92C,1764271
1703379,2013_14_NU20.pdf,816050,pdf,https://data.riksdagen.se/fil/D8419AEA-1B0D-449F-9317-3F2C7A840C7A,1703378
297489,mot_202526__944.docx,71410,docx,https://data.riksdagen.se/fil/41D6698C-D48F-4020-A072-DC200EDB4887,297487
1064306,mot_202324__1075.pdf,76970,pdf,https://data.riksdagen.se/fil/703AC083-0211-4943-B943-5F289AEE862B,1064305
1833593,MOT_201112_Fi_204.doc,51200,doc,https://data.riksdagen.se/fil/E62C10FF-C300-4043-817F-3EDC9C0F38D9,1833592
524584,MOT_200809_U_252.doc,43008,doc,https://data.riksdagen.se/fil/1BF2D3F7-BDD7-4F53-BC2D-7EAF1B8B7E99,524583
2033283,mot_201516__548.pdf,64442,pdf,https://data.riksdagen.se/fil/BA8496C5-F8B9-4B66-8E8B-CF2F7F0F7F16,2033282
1526031,mot_201718__4116.pdf,128897,pdf,https://data.riksdagen.se/fil/C88438B8-043F-4D23-897F-354F6D197CC4,1526030
1396896,mot_201314_ub_304.pdf,129644,pdf,https://data.riksdagen.se/fil/638D59E7-0B41-4310-980B-B2AEFB6B5C52,1396894
2258005,mot_200506_n_441.pdf,322282,pdf,https://data.riksdagen.se/fil/C4FF9AD1-661F-4E25-B45E-43C3911273BA,2258003
603504,mot_201920__2404.docx,69124,docx,https://data.riksdagen.se/fil/AD5877ED-509D-4800-A162-AC080AC581AC,603502
1440340,mot_201314_sk_397.pdf,135588,pdf,https://data.riksdagen.se/fil/26B09913-5143-4A47-82E0-B89E51D21860,1440338
1352634,mot_201415__2461.docx,52443,docx,https://data.riksdagen.se/fil/37275F1E-BC3A-4F6A-BB3C-9A74E4D7FE29,1352632
1188329,mot_201819__1124.pdf,68222,pdf,https://data.riksdagen.se/fil/F128FBAC-206C-425F-AC53-8A887C8C4A77,1188328
598179,mot_200607_mj_361.pdf,216382,pdf,https://data.riksdagen.se/fil/C06E3F09-8D31-43BF-9426-334D0F02C95F,598177
1350754,2024_25_SoU30_20250610145510_Publicering.pdf,134145,pdf,https://data.riksdagen.se/fil/FACDC24D-99D3-4415-8853-7C22F6BE1D33,1350753
1300238,mot_201920__201.docx,69614,docx,https://data.riksdagen.se/fil/5C86A766-8B52-485C-BAB1-C86334BE3B40,1300236
549191,mot_201718__2681.docx,63232,docx,https://data.riksdagen.se/fil/E911538E-3501-4628-A725-52A60CDC85AA,549189
550417,mot_200607_fi_226.pdf,205183,pdf,https://data.riksdagen.se/fil/F226DE42-7EE2-48F8-A141-BB3EC380C143,550415
873402,MOT_200809_Ju_249.doc,37888,doc,https://data.riksdagen.se/fil/5996C6B2-6467-4D0F-ACFE-824DBF770FF8,873401
852309,prop_201718__200.pdf,2764117,pdf,https://data.riksdagen.se/fil/790A3232-AC7B-4A84-983D-93B272B91307,852308
684976,mot_201718__2011.docx,57434,docx,https://data.riksdagen.se/fil/9C1031A6-9849-40CA-B04C-6E6761AE958D,684974
74051,mot_201213_ub_248.pdf,122002,pdf,https://data.riksdagen.se/fil/7D093B54-0458-4ED7-AAC8-EED70432DC6D,74049
1157306,mot_202122__1540.docx,71339,docx,https://data.riksdagen.se/fil/E516A664-D4EE-43B0-A07F-A947CF65A52A,1157304
1271169,mot_202223__347.docx,73989,docx,https://data.riksdagen.se/fil/1D19BB88-801F-4E50-A687-F8E354D106B4,1271167
828931,mot_202324__2448.pdf,86818,pdf,https://data.riksdagen.se/fil/90DBEF3C-9AD0-44EC-8D21-F685BEB1765B,828930
3325001,mot_202021__1600.pdf,79883,pdf,https://data.riksdagen.se/fil/698B2890-BC81-415C-9097-E9C30BF72A02,3325000
1780474,MOT_201112_A_254.doc,50176,doc,https://data.riksdagen.se/fil/0BE49580-D07B-4AD2-AB3D-5FA62D6F1D3B,1780473
953295,prop_201718__211.pdf,689683,pdf,https://data.riksdagen.se/fil/138B7D84-B293-49B1-9B24-A39B1CB76AA0,953294
140153,MOT_200910_N_446.doc,39424,doc,https://data.riksdagen.se/fil/0E605B60-6F34-44B1-B771-1E762567B617,140152
632642,mot_201314_a_324.pdf,130783,pdf,https://data.riksdagen.se/fil/D8E932F0-EFA3-436C-86F3-3F7CE28CFDA5,632640
1708465,mot_202324__190.docx,69948,docx,https://data.riksdagen.se/fil/ED56089E-A177-4FED-A938-9DCFCA325DF1,1708463
1020935,prop_200203__138.pdf,156358,pdf,https://data.riksdagen.se/fil/6CD860B6-B8CF-4F89-B100-66F366580802,1020934
1665375,2011_12_TU10.pdf,200412,pdf,https://data.riksdagen.se/fil/4F29FFC6-55CA-402D-A1D8-9154CAFA9E1B,1665374
1676084,mot_201617__2464.pdf,59272,pdf,https://data.riksdagen.se/fil/692280BC-6C5C-41FA-8E58-3DE53455B753,1676083
808111,BET_200506_UbU_3.pdf,2723048,pdf,https://data.riksdagen.se/fil/7256CF98-260F-488D-A97A-5DB3EC2FBA9D,808110
1997283,mot_201213_k_342.pdf,135706,pdf,https://data.riksdagen.se/fil/FEF5415D-F915-448F-AC44-74CB1717958B,1997281
570237,mot_201516__2594.pdf,61634,pdf,https://data.riksdagen.se/fil/6109CF36-7E95-4BD2-A1A6-4F68C02D865D,570236
598393,mot_201920__2427.pdf,67538,pdf,https://data.riksdagen.se/fil/462F202C-0D2C-4CF8-BE81-F2696D6F4E37,598392
1702427,mot_202122__3948.docx,74534,docx,https://data.riksdagen.se/fil/0473F038-D3DD-47D8-B378-1473378262E8,1702425
3336983,prop_200405__163.pdf,658151,pdf,https://data.riksdagen.se/fil/E6F6662C-FA8C-44DF-80D5-DBC4DB4DD3C3,3336982
1446020,MOT_201213_Sf_361.doc,62976,doc,https://data.riksdagen.se/fil/CA880931-1835-48FD-BA66-6E94729F5DDE,1446019
1703942,mot_202122__3907.pdf,102607,pdf,https://data.riksdagen.se/fil/151F94E7-81CC-4B88-A137-770FE107392B,1703941
2093871,mot_200809_fã¶_222.pdf,121180,pdf,https://data.riksdagen.se/fil/1F94C697-A078-4C80-8A63-40804D66B7C5,2093869
1089720,mot_202526__4166.pdf,81403,pdf,https://data.riksdagen.se/fil/467102DF-1DB2-4452-A919-634CB461124F,1089719
221754,mot_200910_ju_5.pdf,173304,pdf,https://data.riksdagen.se/fil/1065D13B-828E-49C8-9754-67312662032F,221752
1415119,mot_201920__553.docx,92010,docx,https://data.riksdagen.se/fil/03A093B1-862D-4E99-A81A-5ACBB7559605,1415117
152075,MOT_201213_Sk_354.doc,58368,doc,https://data.riksdagen.se/fil/4D18D389-A29D-4A1F-B8F8-63E550243C52,152074
800273,mot_201920__2868.pdf,73759,pdf,https://data.riksdagen.se/fil/E8917184-B0EB-4F71-9B42-1F96CCA30911,800272
725952,MOT_201011_MJ_280.doc,53760,doc,https://data.riksdagen.se/fil/F68FA23B-5A88-4AC2-A8D7-4D658B4CD0C1,725951
316099,mot_201516__1317.docx,48432,docx,https://data.riksdagen.se/fil/0BADC8C7-D4EC-4611-B17A-264402B2E4CB,316097
1581888,MOT_200506_T_557.doc,57344,doc,https://data.riksdagen.se/fil/854FA907-AEA3-4E72-9094-E301AF2B8B27,1581887
662018,MOT_201112_Ju_344.doc,52224,doc,https://data.riksdagen.se/fil/F69F0BEB-4144-489D-B96C-3210E9734239,662017
1183607,MOT_200809_N_430.doc,83456,doc,https://data.riksdagen.se/fil/816A24D6-89B6-4C93-BCA1-777606F0C22E,1183606
1419086,mot_200910_ju_280.pdf,131216,pdf,https://data.riksdagen.se/fil/7E7EA4F9-C8EA-4482-9067-3FDDBFE458F2,1419084
2106408,MOT_201112_K_249.doc,50176,doc,https://data.riksdagen.se/fil/A4BF27DC-5A7F-46E2-B11D-68E6B1D35188,2106407
979129,prop_201314__49.pdf,315901,pdf,https://data.riksdagen.se/fil/E34FD535-12A0-4793-A0CF-0CDA10C7449F,979128
69805,mot_200910_n_242.pdf,130450,pdf,https://data.riksdagen.se/fil/A4ED38E1-6497-4BCF-9EE3-832D07AEA5C5,69803
1297997,MOT_201011_Ub_231.doc,48640,doc,https://data.riksdagen.se/fil/E579FA58-CCBC-410C-92BC-A63ADBE2F025,1297996
804833,mot_201920__2754.pdf,75388,pdf,https://data.riksdagen.se/fil/CA8BE57C-C72B-4C22-941A-F443986153D7,804832
2235447,mot_202021__2459.docx,70712,docx,https://data.riksdagen.se/fil/473AE16D-74ED-4626-A7A7-36739FFC1DF0,2235445
1364701,mot_201415__2302.pdf,74464,pdf,https://data.riksdagen.se/fil/9AB51512-5A92-4D8A-B275-4C65386BEE0E,1364700
591069,mot_201617__645.pdf,64608,pdf,https://data.riksdagen.se/fil/8CBC4E64-F6DF-4B7B-BEFD-622EBA24A169,591067
1692580,mot_201920__3576.docx,71379,docx,https://data.riksdagen.se/fil/21AD9CCA-4AE7-46BC-B7B6-332ABBEE28A3,1692578
1808598,MOT_200708_T_443.doc,40448,doc,https://data.riksdagen.se/fil/76BFA7D6-19BA-48DB-85D7-3B0C11421DC1,1808596
1236839,mot_202526__2967.pdf,75961,pdf,https://data.riksdagen.se/fil/BE021B97-7D84-4F25-9E07-67FA7456144E,1236838
195170,mot_201112_t_331.pdf,165919,pdf,https://data.riksdagen.se/fil/31B112F9-C69C-4E1D-BD2D-DB9C1F294CD2,195168
2214627,mot_201112_ub_321.pdf,129220,pdf,https://data.riksdagen.se/fil/BDFD7B12-C348-458D-ABB3-A056F106DD50,2214625
279154,mot_200506_ub_417.pdf,131737,pdf,https://data.riksdagen.se/fil/01CE0989-C0CC-4BE2-AB3D-89B97B6BE131,279152
253743,MOT_200506_Ub_205.doc,59904,doc,https://data.riksdagen.se/fil/3AD19B7F-CEEA-4E7A-A4F8-4893231E330C,253742
1038755,mot_200607_ub_347.pdf,122320,pdf,https://data.riksdagen.se/fil/24B457B1-D51C-4708-9048-12999BEC88B3,1038753
1766911,mot_201617__1792.docx,51564,docx,https://data.riksdagen.se/fil/23A8A530-A0A2-4FFD-ABB8-5AC0BBE256FF,1766909
1187939,MOT_200910_A_307.doc,164864,doc,https://data.riksdagen.se/fil/06349711-8321-4DF8-B540-F5987D2EF440,1187938
2250729,mot_201516__682.docx,51395,docx,https://data.riksdagen.se/fil/C921AC0E-F7A9-4F54-8114-181577B195CC,2250727
1354984,mot_201011_sk_404.pdf,149637,pdf,https://data.riksdagen.se/fil/EDEEED3F-47E0-4670-92E5-346FC438BB42,1354982
1301440,MOT_200506_So_248.doc,58880,doc,https://data.riksdagen.se/fil/FF4E4FB7-D788-48B6-9073-A33C3C2240FE,1301439
1939874,mot_201617__2713.pdf,66250,pdf,https://data.riksdagen.se/fil/8C22FC66-8951-4158-9770-52D83C7EA8B4,1939873
1673318,mot_202122__3430.docx,81960,docx,https://data.riksdagen.se/fil/185F5E8F-323D-4632-9066-58936FB16286,1673316
619557,mot_200607_u_286.pdf,157515,pdf,https://data.riksdagen.se/fil/B96A4E7C-F4DC-499D-A460-9BC08362E221,619555
3305311,mot_202021__1077.docx,69970,docx,https://data.riksdagen.se/fil/1B75DA07-CDCB-468E-BF39-6CB2C51E7B82,3305309
1623228,mot_201920__146.docx,69326,docx,https://data.riksdagen.se/fil/1C59959C-1FE9-4CC0-B1C8-5A1AFED76F4F,1623226
2082602,mot_201819__2282.docx,69720,docx,https://data.riksdagen.se/fil/9BD03960-25E8-4571-9795-5D1FE0849353,2082600
1249175,mot_201920__962.pdf,76919,pdf,https://data.riksdagen.se/fil/BA9AE096-3F66-492F-A2AB-087294AFF893,1249174
1171885,mot_202526__2998.docx,82187,docx,https://data.riksdagen.se/fil/F270380F-B9E1-4081-A4B7-B51649A59664,1171883
3350789,MOT_201314_So_477.doc,62464,doc,https://data.riksdagen.se/fil/3F0E24A0-949E-41E5-B863-D8350B755D5C,3350788
184553,mot_202021__3271.docx,112550,docx,https://data.riksdagen.se/fil/244E9470-7A27-4322-96BB-4E90922E5189,184551
1990768,MOT_200506_N_235.doc,54272,doc,https://data.riksdagen.se/fil/BEB99184-1E03-4F66-B59E-BA3D1F06B798,1990766
1458687,2023_24_UbU8_20240208115004_Publicering.pdf,280809,pdf,https://data.riksdagen.se/fil/E02F1BB6-39A2-4A99-879C-C657EB13B3EE,1458686
1424541,MOT_200607_N_264.doc,48128,doc,https://data.riksdagen.se/fil/F6E0E189-9084-467E-B7A8-46E7AE6AB9D0,1424540
683018,mot_201718__2058.pdf,73422,pdf,https://data.riksdagen.se/fil/FA28C1EC-358C-46FB-96D3-C25F7884CAE0,683017
510987,mot_201718__1397.pdf,74918,pdf,https://data.riksdagen.se/fil/A1E5A28E-4EC0-4474-B2C8-14422A5C49E4,510986
2206744,mot_201516__773.docx,50200,docx,https://data.riksdagen.se/fil/2DAF657A-F50C-4674-A044-559F32A14069,2206742
898303,skr_201718__69.pdf,1844774,pdf,https://data.riksdagen.se/fil/F7B75F75-4AEB-4E73-ADEE-3125A1485343,898302
1717892,mot_202324__547.docx,71495,docx,https://data.riksdagen.se/fil/408021E4-12ED-4D71-AB9B-CF50C41ABFCC,1717890
838683,mot_202324__2586.pdf,76247,pdf,https://data.riksdagen.se/fil/855061EF-C11D-4A0E-9047-5A23B5841B0C,838682
1097919,MOT_200506_A_413.doc,44032,doc,https://data.riksdagen.se/fil/7356DFE1-820B-4076-8947-B7FF3AA1371C,1097918
1009132,mot_200506_ju_499.pdf,154451,pdf,https://data.riksdagen.se/fil/56CDE485-9230-4C3D-9145-13E9983D2371,1009130
2145166,mot_202021__2826.pdf,82356,pdf,https://data.riksdagen.se/fil/84E48F98-C5E5-4D6D-9195-B7ADDEACEF88,2145165
3288965,MOT_200607_Sf_201.doc,37376,doc,https://data.riksdagen.se/fil/0896463F-A266-4A78-A6A7-7C04460152DB,3288964
733795,MOT_200708_MJ_348.doc,40448,doc,https://data.riksdagen.se/fil/8F542857-A2DD-4ABE-B11B-6C4167957776,733794
1773357,MOT_200506_U_321.doc,44032,doc,https://data.riksdagen.se/fil/6DEA3B9F-9E88-45E1-860D-808032BE8351,1773356
2132793,mot_202021__2075.docx,70049,docx,https://data.riksdagen.se/fil/BFA84A5A-D790-4306-A3E1-75BABB519A9F,2132791
270905,MOT_201213_T_287.doc,58880,doc,https://data.riksdagen.se/fil/0E286E25-2C85-45C4-8229-48780EF4DF26,270904
1337566,mot_201314_fã¶_216.pdf,164170,pdf,https://data.riksdagen.se/fil/BA2C531A-D221-4B7F-93C4-C3C1F568F64E,1337564
528373,MOT_200708_Ju_254.doc,38400,doc,https://data.riksdagen.se/fil/814D908C-B6F7-48FE-8F5D-73D71F38E41D,528372
1508954,MOT_200506_T_435.doc,40960,doc,https://data.riksdagen.se/fil/A069786B-62E1-4A59-B4EF-E3ED57094729,1508953
1509574,2024_25_SoU24_20250415153943_Publicering.pdf,1851803,pdf,https://data.riksdagen.se/fil/EC70EAA4-1773-4B6F-A67A-9DBC012C9A8B,1509573
76908,mot_201718__681.docx,56975,docx,https://data.riksdagen.se/fil/7C1EC9ED-CB3F-44BF-85C1-92B0523A4E04,76906
1739508,201516NU10_20160222131437_Publicering.pdf,910262,pdf,https://data.riksdagen.se/fil/87DD52BF-CBEA-4C61-B994-8B862B48696F,1739507
1555075,mot_202122__2851.docx,71446,docx,https://data.riksdagen.se/fil/A8363974-A3C1-427A-9B1D-1B12DC178765,1555073
2092997,mot_201819__2017.pdf,75163,pdf,https://data.riksdagen.se/fil/077E284F-FFBE-4F8F-B40F-2492177F0B57,2092996
1841691,mot_201617__2685.pdf,60395,pdf,https://data.riksdagen.se/fil/8835D17D-B506-41C6-BB33-3618863CC737,1841690
2228454,mot_202425__500.pdf,72790,pdf,https://data.riksdagen.se/fil/2E8C93F8-9228-40D1-A345-E3C354E38219,2228453
170499,MOT_201213_C_317.doc,57344,doc,https://data.riksdagen.se/fil/013AE623-4128-4FD8-AE32-BEB635D533DD,170498
2073444,mot_201819__2725.docx,72202,docx,https://data.riksdagen.se/fil/5EE0BC7D-1259-47E3-8B39-F73C741046D1,2073442
3104849,mot_201617__1911.docx,51575,docx,https://data.riksdagen.se/fil/0289E634-A6A3-40EE-B9E3-8B3B7B3EF9A6,3104847
1406072,skr_200001__101_d2.pdf,601890,pdf,https://data.riksdagen.se/fil/06C4C166-F3EC-42D1-8AA9-E8C0EE73E869,1406071
135922,mot_201718__206.docx,55208,docx,https://data.riksdagen.se/fil/82E94606-037F-4DC3-97D8-A683FAE01157,135920
107904,MOT_201213_U_225.doc,56832,doc,https://data.riksdagen.se/fil/2B4F9E3C-08A6-4629-9E2C-27BD2FA0BA47,107903
2188462,mot_201819__2219.docx,72908,docx,https://data.riksdagen.se/fil/70D48E86-A40F-4EC8-9FD7-EB7A8BE1816B,2188458
674618,mot_201920__2346.pdf,95500,pdf,https://data.riksdagen.se/fil/D4A8BAB4-9607-4F98-8DFD-806F85D02472,674617
821498,mot_201112_kr_215.pdf,134880,pdf,https://data.riksdagen.se/fil/5E4440A7-7CA6-44D7-B5FA-7EE15E64FAB1,821496
1524751,mot_202526__3541.pdf,93325,pdf,https://data.riksdagen.se/fil/D811AF3E-1EE2-46A0-9AFC-0F8FDDC75EB6,1524750
700265,MOT_200809_C_465.doc,37888,doc,https://data.riksdagen.se/fil/AF0B1170-AF33-489E-BAF9-4D60F9A1233C,700264
2220164,mot_202021__2650.docx,71707,docx,https://data.riksdagen.se/fil/371460A7-9088-4FB5-8B3B-6759DE14AC5E,2220162
1214031,MOT_200506_So_497.doc,57856,doc,https://data.riksdagen.se/fil/63BC2F36-FAE9-4F68-9AEB-1954FB3AAF93,1214030
1697803,mot_202324__214.pdf,83426,pdf,https://data.riksdagen.se/fil/D08E2588-5A66-40E0-A44B-13DFCD4B8E06,1697800
537922,mot_201718__1127.pdf,63537,pdf,https://data.riksdagen.se/fil/F79AD010-73BC-42C7-BC37-D2A8544971DD,537921
1712361,mot_201617__1291.docx,60077,docx,https://data.riksdagen.se/fil/8EE567AC-68EE-4804-848B-DA8D4533238B,1712359
128988,mot_201011_so_302.pdf,133642,pdf,https://data.riksdagen.se/fil/515FA54C-690F-434C-BC36-C22D918AEB47,128986
1208933,mot_202223__417.docx,74042,docx,https://data.riksdagen.se/fil/A6E0D03D-965F-49B3-8473-CA189E25ACCA,1208931
2199058,mot_202021__2825.docx,70525,docx,https://data.riksdagen.se/fil/A5118C5E-0C0E-4701-9A41-DF44EB29A9BD,2199056
2145148,mot_202425__958.pdf,78427,pdf,https://data.riksdagen.se/fil/39669183-E71A-4EC3-9591-239287727DE1,2145147
639516,mot_201920__2871.docx,69930,docx,https://data.riksdagen.se/fil/B67D6F71-0544-47F9-BB10-0FA36CFD0878,639514
1910102,mot_201617__3558.docx,61600,docx,https://data.riksdagen.se/fil/98D8B326-03B6-436F-9DBF-E4894191E9A6,1910100
990698,MOT_200910_Sk_369.doc,43520,doc,https://data.riksdagen.se/fil/BC8B617A-9C10-4944-B330-2FE8776D2FF3,990697
539621,mot_201718__1304.docx,59803,docx,https://data.riksdagen.se/fil/50014E14-A8BC-490D-8B1C-34082A94444D,539619
1641479,mot_201415__1467.pdf,65590,pdf,https://data.riksdagen.se/fil/47FA40A2-A412-4D82-8F5D-1CCDD5383CCC,1641478
831178,mot_202324__2496.docx,71346,docx,https://data.riksdagen.se/fil/53BE52EE-4655-4330-ABED-47DFC0AB70DF,831176
139482,mot_201011_so_293.pdf,119451,pdf,https://data.riksdagen.se/fil/21A77A2E-3076-4994-B73F-6EA86C8441ED,139480
546691,mot_201920__91.docx,70694,docx,https://data.riksdagen.se/fil/55EC2A48-3399-48BC-92A8-B76FB9BB8CA0,546689
115629,MOT_200809_Ub_322.doc,40960,doc,https://data.riksdagen.se/fil/DC5174CB-9485-4024-972E-C4F4EB90DBE3,115628
431171,mot_200607_t_261.pdf,147837,pdf,https://data.riksdagen.se/fil/71ED6868-9CD8-441C-BCA5-A7562D5EFA6C,431169
942580,mot_202526__1594.pdf,77469,pdf,https://data.riksdagen.se/fil/F691B0AA-A4E0-487F-ADE4-915AB909B0B5,942579
1294074,mot_201011_ub_357.pdf,161661,pdf,https://data.riksdagen.se/fil/61318D4A-EA84-4612-9FE4-CF231E9C3FA5,1294072
653019,mot_201718__2585.docx,56026,docx,https://data.riksdagen.se/fil/1CD9916E-E545-45C7-8BB7-9358125D4CE6,653017
3248199,mot_202425__2363.pdf,83271,pdf,https://data.riksdagen.se/fil/29A22E54-B092-4747-8ACA-50F9941A44A8,3248198
612719,mot_200708_fi_11.pdf,835716,pdf,https://data.riksdagen.se/fil/E4CA17E2-6DDC-46B6-BC28-659D7CDCA7A4,612717
1648198,mot_200506_kr_235.pdf,197502,pdf,https://data.riksdagen.se/fil/B08A87AC-CE75-47DB-A4C2-15157E81B527,1648196
2024557,mot_202021__510.pdf,70944,pdf,https://data.riksdagen.se/fil/CE1C2DDB-766A-41EE-8B3B-425E6CC74632,2024556
2040958,bet_200001_fiu_8.pdf,382410,pdf,https://data.riksdagen.se/fil/230AD3DE-C195-4D56-AF5C-8E4BC8BA169F,2040956
2068450,mot_202425__1076.pdf,76494,pdf,https://data.riksdagen.se/fil/C8368D45-7EB8-4E0A-85FC-B96F3C8114C5,2068449
288122,mot_200708_ju_203.pdf,116581,pdf,https://data.riksdagen.se/fil/E4525590-0D81-4866-A0A7-DDE6BED5A3A9,288120
1388790,MOT_201314_Ub_494.doc,57856,doc,https://data.riksdagen.se/fil/83DB69E5-896E-4158-874C-90A6B1E1CEAD,1388789
1005176,skr_201718__47.pdf,537964,pdf,https://data.riksdagen.se/fil/62A2B6A0-87F2-4548-9342-E9943467FBBF,1005175
1934478,mot_201819__67.docx,76628,docx,https://data.riksdagen.se/fil/090EF8B0-EAF8-4F7E-9A8B-C29DA3D67891,1934476
3310325,MOT_201314_So_394.doc,60928,doc,https://data.riksdagen.se/fil/3788C2AC-CC78-49A3-A499-5B77A3E03A15,3310324
988076,mot_200910_sk_247.pdf,133333,pdf,https://data.riksdagen.se/fil/9D2C3240-8FA8-425E-9CA7-9B3EFB214F19,988074
2155275,mot_202223__2092.pdf,86076,pdf,https://data.riksdagen.se/fil/F6B1A790-476B-430A-832F-ABE373B625EE,2155274
1384266,MOT_201213_So_363.doc,63488,doc,https://data.riksdagen.se/fil/59512D2B-7B34-45E6-960C-AD4E60D1E054,1384265
1199588,mot_201920__922.pdf,80908,pdf,https://data.riksdagen.se/fil/6F093E3B-FE73-4435-844A-E36E4528F45E,1199587
493972,mot_201718__1798.docx,57293,docx,https://data.riksdagen.se/fil/37BB842F-64BD-4BEE-9D0B-76E97892ACB5,493970
1382857,mot_201920__740.pdf,90469,pdf,https://data.riksdagen.se/fil/CFD6E5D8-5B4A-4562-8A6E-962457D142F9,1382856
991498,bet_201314_KU_37.pdf,448174,pdf,https://data.riksdagen.se/fil/4FFC9A54-236A-4AC3-A739-5EC590C3F94B,991497
2158813,mot_201516__153.pdf,65046,pdf,https://data.riksdagen.se/fil/9160C684-86E6-474A-A91D-584111962FAE,2158812
1192925,mot_201213_so_530.pdf,129151,pdf,https://data.riksdagen.se/fil/EADBEF4C-DB80-47E6-9D7C-F347778C27CA,1192923
1604379,MOT_201314_Kr_8.doc,74752,doc,https://data.riksdagen.se/fil/D6E04A59-71B0-416A-B45C-7E6BA26A953A,1604378
1691954,mot_201415__1035.pdf,63127,pdf,https://data.riksdagen.se/fil/0F24737A-8C20-4D05-89CB-1BBC7401F9CC,1691953
1262767,mot_201415__2991.pdf,64649,pdf,https://data.riksdagen.se/fil/8EA7A583-E63C-444A-83E0-AF776D5AE754,1262766
304366,mot_201516__1138.pdf,69821,pdf,https://data.riksdagen.se/fil/98B033DD-06D4-4A0F-A09C-8D98845EAB8F,304365
1318215,mot_200708_fi_217.pdf,149311,pdf,https://data.riksdagen.se/fil/9CF892A3-3858-4012-9CA8-0C4090C80F53,1318213
659589,mot_200607_fi_208.pdf,140130,pdf,https://data.riksdagen.se/fil/746C39E0-3367-48DD-97A5-5C30A81FCC5F,659587
2051771,mot_200506_n_298.pdf,125494,pdf,https://data.riksdagen.se/fil/8382EDE8-8540-4161-B3EA-87F545D48365,2051769
1836176,mot_202122__4462.docx,74877,docx,https://data.riksdagen.se/fil/8020D1F6-D016-4535-A0B0-B647DB149C79,1836174
3122047,MOT_200607_Sf_287.doc,48128,doc,https://data.riksdagen.se/fil/76FE19F3-3359-458B-BBB2-18C11EECA6BD,3122046
3218678,mot_201617__3182.pdf,65428,pdf,https://data.riksdagen.se/fil/837A08B5-7F70-40B2-A470-1B1B35E15B34,3218677
804776,mot_202324__2118.pdf,75833,pdf,https://data.riksdagen.se/fil/30A3396B-816A-402D-9E05-3C73E47A496F,804775
916311,MOT_201314_Fi_265.doc,56832,doc,https://data.riksdagen.se/fil/86FC3E70-EF7A-4C23-B6E9-358828F1281E,916310
2200596,mot_202425__621.pdf,77483,pdf,https://data.riksdagen.se/fil/B44C8B8D-9105-494F-AE2A-B6B7DB636203,2200595
1214087,mot_202526__2747.docx,84344,docx,https://data.riksdagen.se/fil/0BA2C4E6-5406-45D0-AD47-E5BCD22D9E74,1214085
1124148,mot_202122__1805.docx,71212,docx,https://data.riksdagen.se/fil/8E58797B-04C3-4F68-A8EC-6564BFDD1CBF,1124146
1580575,mot_201617__1475.pdf,62128,pdf,https://data.riksdagen.se/fil/AD25847E-9B43-4B18-B22A-9A264DF2C47C,1580574
994404,MOT_200910_Sk_445.doc,37888,doc,https://data.riksdagen.se/fil/D3116CCE-D758-4F44-A2A6-B4985C54AE1B,994403
2097749,mot_201314_ju_338.pdf,137598,pdf,https://data.riksdagen.se/fil/093F052A-BC7E-4937-855C-845EA901E8E7,2097747
308367,MOT_200910_MJ_353.doc,37376,doc,https://data.riksdagen.se/fil/43CEAAFA-A9C6-4F03-8835-F12D0F1515CB,308366
2203935,MOT_201011_Sf_229.doc,49664,doc,https://data.riksdagen.se/fil/33629951-BB1B-4CEF-B690-0B92A2AAA662,2203934
1057195,mot_201920__1220.docx,69155,docx,https://data.riksdagen.se/fil/E157B95A-AC11-4311-81BC-6A9F6954A738,1057193
878500,MOT_200809_So_310.doc,37888,doc,https://data.riksdagen.se/fil/249F718D-F06E-4A64-BC6F-BD22E6747A24,878499
1291494,mot_200910_so_479.pdf,126864,pdf,https://data.riksdagen.se/fil/16C04FB6-BFA5-4775-A61C-3CF555A83697,1291492
1703798,mot_202122__3913.docx,71030,docx,https://data.riksdagen.se/fil/99CEDA6A-B94B-42D7-BE04-9752C407130B,1703796
1232820,MOT_200506_Sf_326.doc,37888,doc,https://data.riksdagen.se/fil/F9A2ED93-367B-414E-A358-2493117384DF,1232819
2230847,mot_201617__76.pdf,56599,pdf,https://data.riksdagen.se/fil/351FCEC5-A339-4770-ADD2-A41A7E50609A,2230846
2180388,mot_200809_sk_485.pdf,124031,pdf,https://data.riksdagen.se/fil/ECD97DA2-A96C-4B68-AE3D-D7C5C05FAFCD,2180386
1908726,mot_202425__2092.pdf,76128,pdf,https://data.riksdagen.se/fil/A02D2344-21FF-4684-9703-18787A5D4096,1908725
2148603,mot_201819__2539.pdf,81763,pdf,https://data.riksdagen.se/fil/53CA0019-E0CB-4561-8822-36BE32354DD2,2148602
1081440,MOT_200809_T_529.doc,45568,doc,https://data.riksdagen.se/fil/DEB5F321-386E-46D2-ADB3-1FEA112A53C6,1081439
571290,mot_201617__823.docx,62988,docx,https://data.riksdagen.se/fil/3F85DB96-5A09-4DE4-A2BB-1B8D6787A038,571286
1576963,mot_200506_t_466.pdf,130225,pdf,https://data.riksdagen.se/fil/1B579069-0C9D-454D-A9A3-9E3DC123C8C1,1576961
1486155,MOT_201213_Ju_284.doc,57856,doc,https://data.riksdagen.se/fil/2BAD414B-29A9-4EB9-B052-A631CD337F86,1486154
116286,MOT_200809_Ub_339.doc,38912,doc,https://data.riksdagen.se/fil/08FA479E-7F2F-4FC1-B799-62687CC0A7D5,116285
2195650,mot_202223__2389.pdf,292930,pdf,https://data.riksdagen.se/fil/A57E2914-0332-42F9-AF3A-3597CE9A38DE,2195649
771797,mot_202526__1490.pdf,75445,pdf,https://data.riksdagen.se/fil/F25C8D9A-9C24-4D04-9C2B-88A15502693A,771796
998006,mot_201718__3868.docx,57820,docx,https://data.riksdagen.se/fil/98516337-AC0C-47FC-8A1F-60C057F66F11,998004
1561546,mot_201617__2258.docx,60106,docx,https://data.riksdagen.se/fil/3AD1AC34-B12E-4551-BCF6-0B6023087D24,1561544
907201,mot_201718__86.docx,55207,docx,https://data.riksdagen.se/fil/67FF62B3-06B7-4133-BC72-A88F454BCD80,907199
65086,mot_201718__821.pdf,58291,pdf,https://data.riksdagen.se/fil/49EC71FD-1C6B-4D4F-98B8-7EB3BAFED13C,65085
1317576,mot_202122__2665.docx,71760,docx,https://data.riksdagen.se/fil/BC18EB55-0C3B-44F8-8635-2CCD2BFA6A7D,1317574
1153477,mot_202324__1521.docx,75821,docx,https://data.riksdagen.se/fil/7CA645E4-7CC0-4A0F-B825-0DEC14C9A6C2,1153475
1901534,MOT_201011_N_410.doc,53760,doc,https://data.riksdagen.se/fil/793D7986-2AC7-4B0D-A88F-03D637809AC4,1901533
3338647,mot_202526__83.pdf,70237,pdf,https://data.riksdagen.se/fil/F2B6BA63-237F-4CCA-9E9A-05A11B38B146,3338646
1529024,mot_202223__1048.pdf,80657,pdf,https://data.riksdagen.se/fil/F93C1766-EAE0-4BC3-A619-76438EDF704A,1529023
592014,MOT_201011_Ju_2.doc,50688,doc,https://data.riksdagen.se/fil/AEE6B607-B5C9-4717-ACD1-2394782C359C,592013
220917,mot_201718__726.docx,57270,docx,https://data.riksdagen.se/fil/19874F37-81BD-4B11-9209-4D2CE7CF3552,220915
219486,mot_201718__700.docx,56475,docx,https://data.riksdagen.se/fil/BA0E3F2D-8BA7-4720-9810-5BDDA72C4545,219484
73214,mot_200708_c_2.pdf,255462,pdf,https://data.riksdagen.se/fil/5C556D9E-FC31-4A5F-BA67-19BD429EB3A3,73212
2197881,mot_202425__584.pdf,84589,pdf,https://data.riksdagen.se/fil/512C5AB1-9589-4469-AD01-C781BBE64AD6,2197880
378928,mot_202021__3590.docx,70299,docx,https://data.riksdagen.se/fil/8167A34C-93B1-4773-8225-878C3077405F,378926
420092,2022_23_JuU28_20230525134622_Publicering.pdf,671646,pdf,https://data.riksdagen.se/fil/82F64F63-4149-465D-AC34-C8EB686A5589,420091
1421928,mot_201920__3569.pdf,98236,pdf,https://data.riksdagen.se/fil/1C7B3DAE-7088-40DD-98DF-10E2415AB912,1421927
1932626,MOT_201112_Fi_215.doc,48640,doc,https://data.riksdagen.se/fil/30C2E4D8-BE16-4F90-874D-D0601D6B9660,1932625
1081464,MOT_200809_T_524.doc,38912,doc,https://data.riksdagen.se/fil/F9E399DE-51CA-4A59-A871-5A4C1AF01DD8,1081463
1639077,mot_201617__1436.docx,60463,docx,https://data.riksdagen.se/fil/7F725A05-FD9E-4E2F-B190-F1462AE66C93,1639075
851437,mot_200809_u_357.pdf,183666,pdf,https://data.riksdagen.se/fil/C3C7A3C6-B88F-47D4-AE9C-6F9B5F61B977,851435
3244388,mot_202425__2458.pdf,86476,pdf,https://data.riksdagen.se/fil/A418B4B4-6B23-4216-B5A3-8A6B6B6DEFB5,3244387
1751872,2011_12_FiU27.pdf,101485,pdf,https://data.riksdagen.se/fil/5CB9A25C-0CCD-4327-87FC-BF376BD01346,1751871
3316465,mot_202021__116.docx,70813,docx,https://data.riksdagen.se/fil/CF4BBC86-E1DD-48CA-AA66-CC1569014F9E,3316463
1695634,mot_201415__1603.docx,45528,docx,https://data.riksdagen.se/fil/18F975FC-886F-4715-BFB0-8E48A0685257,1695632
686058,2011_12_SfU11.pdf,702123,pdf,https://data.riksdagen.se/fil/9C8FD634-A378-40E9-85F9-C7EB1821DD63,686057
1882386,mot_202021__1562.pdf,79671,pdf,https://data.riksdagen.se/fil/F5D0AE99-E79A-4D7D-BE22-230E2B9E5706,1882385
528220,MOT_200708_Ju_257.doc,49664,doc,https://data.riksdagen.se/fil/BED6B192-379B-4749-9221-584ED0BE316D,528219
2091426,mot_200809_fã¶_231.pdf,125556,pdf,https://data.riksdagen.se/fil/8B4D75B2-BA49-4629-BA33-45FFFBCFC5EC,2091424
3307420,2021_22_SkU24_20220506101502_Publicering.pdf,888491,pdf,https://data.riksdagen.se/fil/B06C53B8-7B8A-430F-A1E1-6F1CC0398A9E,3307419
2120318,mot_202021__589.docx,71336,docx,https://data.riksdagen.se/fil/E79B1771-9D8B-4DEE-B598-B03FA9BDFB24,2120316
1934216,mot_201112_fi_236.pdf,130036,pdf,https://data.riksdagen.se/fil/8B97CC60-58D5-4638-8543-ADBB1E81095D,1934214
1623183,mot_201415__2235.pdf,61465,pdf,https://data.riksdagen.se/fil/2609501B-0257-4ACD-82CA-9F013DFCD804,1623182
2118002,mot_201213_n_4.pdf,169336,pdf,https://data.riksdagen.se/fil/A2D86C5E-2FCF-4DDC-97AC-44D9612F5B07,2118000
1333294,mot_201617__1179.docx,59298,docx,https://data.riksdagen.se/fil/43D267FC-DE68-4F1B-8B63-321505DA384B,1333292
1228923,mot_201415__2747.pdf,62609,pdf,https://data.riksdagen.se/fil/FF248CB0-3A94-4DF6-B87C-843FD30EEBCA,1228922
949175,mot_202526__1648.pdf,76856,pdf,https://data.riksdagen.se/fil/41EA4AE2-8BF8-416E-B123-80603BCD359C,949174
2036048,mot_202425__1335.pdf,80653,pdf,https://data.riksdagen.se/fil/63D4C54F-FF6E-4A6A-8488-346F30D88E44,2036047
1754845,MOT_200506_So_41.doc,87552,doc,https://data.riksdagen.se/fil/CB2AC17F-6550-490C-A1AF-9C040F9E093E,1754844
2073857,bet_200304_sfu_12.pdf,630374,pdf,https://data.riksdagen.se/fil/D0292DF1-5682-4327-9071-BBB05C508BAB,2073855
472286,mot_201516__2600.pdf,101122,pdf,https://data.riksdagen.se/fil/F9A9F61F-5CA4-468A-A36E-A06C64A239DF,472285
1950482,mot_202122__4372.pdf,86111,pdf,https://data.riksdagen.se/fil/7F010582-584A-4369-89CA-3C39F1BE6351,1950480
482948,mot_200506_l_5.pdf,153801,pdf,https://data.riksdagen.se/fil/5B4023E5-55A9-4B6E-B48A-6798013C4C22,482946
802922,MOT_200910_Ub_308.doc,39936,doc,https://data.riksdagen.se/fil/93682DFB-B612-484D-889D-098C70421BE0,802921
213133,mot_201213_fi_254.pdf,158355,pdf,https://data.riksdagen.se/fil/0B4E5253-5689-4E65-BBB2-67BED5A15513,213131
563034,mot_202122__271.docx,79726,docx,https://data.riksdagen.se/fil/078EC87D-8541-4CA0-B08E-ED061494A662,563032
1163601,mot_202324__1660.pdf,76388,pdf,https://data.riksdagen.se/fil/C9A689B3-4565-4E14-A1C7-60A2AA128050,1163600
538789,mot_201718__1108.docx,57202,docx,https://data.riksdagen.se/fil/7331804F-EEF7-47C4-ABF5-3F75FE5D76B9,538787
1724360,mot_202324__575.docx,70012,docx,https://data.riksdagen.se/fil/7CD266DA-1683-4D3E-ABAD-403789A30595,1724358
597655,mot_200607_mj_343.pdf,127675,pdf,https://data.riksdagen.se/fil/040158A5-C8BB-4E55-A93A-CA3C049E2262,597653
819834,mot_200708_mj_260.pdf,137428,pdf,https://data.riksdagen.se/fil/6EA1F2A1-E0A9-4509-BADC-796A562D38B7,819832
3280214,mot_200506_mj_306.pdf,130021,pdf,https://data.riksdagen.se/fil/21E97E34-9C6B-4072-B3BD-C5290BE48400,3280212
1985131,mot_200910_t_419.pdf,120306,pdf,https://data.riksdagen.se/fil/5DE292C6-22C3-42E9-9817-1B494DC3C124,1985129
2124943,mot_202021__462.pdf,71340,pdf,https://data.riksdagen.se/fil/4B3ECCE5-F575-44A3-AA90-170FDAFBCCA2,2124942
1022157,mot_200708_ub_506.pdf,124095,pdf,https://data.riksdagen.se/fil/1B162C43-6C23-409B-ACCC-F89AD80C9025,1022155
164471,MOT_200809_A_260.doc,42496,doc,https://data.riksdagen.se/fil/1F370A22-B551-4537-B680-87ECBA2FA7D2,164470
1448715,prop_202223__116.pdf,2121844,pdf,https://data.riksdagen.se/fil/3CCB08B7-AD03-44E0-9D5A-8A31AB1BB95E,1448714
1480878,mot_202223__1510.docx,71286,docx,https://data.riksdagen.se/fil/B61B629B-4B4F-458B-860F-9313EAA03D85,1480876
940457,mot_201718__3485.pdf,76114,pdf,https://data.riksdagen.se/fil/61679426-EAF3-48C6-BAEF-57647257B696,940456
1370541,mot_201920__870.pdf,73856,pdf,https://data.riksdagen.se/fil/5CF8B0CB-E8F1-4CD2-81FF-E2548F6308E9,1370540
72960,MOT_201112_T_310.doc,48640,doc,https://data.riksdagen.se/fil/5FA8B7A5-1FC7-4F30-8795-84729E6442E7,72959
1016348,mot_202324__1187.docx,70925,docx,https://data.riksdagen.se/fil/17CC0F39-C023-49B7-A999-A2D8312AE85C,1016346
2147006,MOT_201011_Sf_289.doc,49664,doc,https://data.riksdagen.se/fil/580C77F5-4501-4E9C-842A-47F07A6ACBC0,2147005
1161845,MOT_201011_C_359.doc,48128,doc,https://data.riksdagen.se/fil/15101AF2-5015-4B5E-BC3E-9A6E9601BEDE,1161844
473388,mot_200708_n_366.pdf,118852,pdf,https://data.riksdagen.se/fil/0383244F-4BFF-4E22-B57A-84F647FE970F,473386
1902975,mot_202021__118.docx,73922,docx,https://data.riksdagen.se/fil/4B97AD80-B149-47B4-99FB-5E2A4D854793,1902973
1250563,mot_201213_so_569.pdf,150831,pdf,https://data.riksdagen.se/fil/04CC690A-D3EF-46F6-B098-4D7CC52D1B04,1250561
632709,MOT_200607_C_286.doc,73216,doc,https://data.riksdagen.se/fil/C6627809-19EE-4DA9-99F3-65A3D048F533,632708
1060521,mot_201920__1239.docx,69769,docx,https://data.riksdagen.se/fil/43C311E5-AABD-4342-8728-94327277D6B9,1060519
1537530,mot_201314_sk_415.pdf,125654,pdf,https://data.riksdagen.se/fil/806EAB16-E5AD-475F-8F63-CCBA95466C01,1537528
721532,BET_200506_TU_11.doc,254976,doc,https://data.riksdagen.se/fil/9E98AD4E-9B1A-4DB4-90B8-40F8DED656B3,721531
957909,mot_201920__1702.docx,69193,docx,https://data.riksdagen.se/fil/F8226C3A-EED5-478D-9ADF-331DC6E7FB68,957907
1767476,mot_201617__1783.docx,52265,docx,https://data.riksdagen.se/fil/3E5D631D-495B-437E-BE91-3ABF33FD531E,1767474
699963,mot_201112_so_310.pdf,142247,pdf,https://data.riksdagen.se/fil/0ADF478E-B179-4707-A77C-7AE5E34413B7,699961
2065259,MOT_201213_Kr_311.doc,55296,doc,https://data.riksdagen.se/fil/CC278670-5B8B-4D4F-96C9-077008EF248E,2065258
1890965,mot_202021__282.pdf,78820,pdf,https://data.riksdagen.se/fil/1B1A0386-02F5-49EA-90AD-AFA572EADA58,1890964
2178504,MOT_200809_Fö_246.doc,37888,doc,https://data.riksdagen.se/fil/EFF9B9CF-FB7A-4326-BBF0-6C86E6EF3F4F,2178503
1910653,mot_202425__1625.pdf,75330,pdf,https://data.riksdagen.se/fil/BD1792CF-AA94-4335-B801-D6B5B9FADD27,1910652
412862,mot_200910_mj_384.pdf,130341,pdf,https://data.riksdagen.se/fil/09FBFC3B-AFBB-4356-BC57-AAFA88A6BF28,412860
1084067,mot_202223__876.pdf,80950,pdf,https://data.riksdagen.se/fil/83DFA558-F5CE-4E34-AB49-4023641AB5FB,1084066
813346,mot_200809_so_299.pdf,125812,pdf,https://data.riksdagen.se/fil/19567290-D7C4-4578-A87D-AA3697CE24CF,813344
3348678,201617KU25_20170531131412_Publicering.pdf,256122,pdf,https://data.riksdagen.se/fil/DDDA042E-630F-44AE-A6F7-CB1FCAB10FE7,3348677
1988440,mot_202021__322.pdf,79164,pdf,https://data.riksdagen.se/fil/A4486E4C-BE72-478C-AE6E-A24D496127E2,1988439
1392161,mot_200708_sk_208.pdf,117550,pdf,https://data.riksdagen.se/fil/FA390838-9F67-4953-8A04-EDE74C7AD3ED,1392159
2207977,mot_202021__2933.docx,70004,docx,https://data.riksdagen.se/fil/1AA38907-941E-4E83-85A1-9D878806D77E,2207973
1254021,MOT_201011_Ub_375.doc,48640,doc,https://data.riksdagen.se/fil/7B8F0A92-E2BF-4BF9-90FD-1B47F13255C2,1254020
1438425,Prop1-1718-UO22-rättelseblad.pdf,81543,pdf,https://data.riksdagen.se/fil/215D9FCE-248C-44DB-A064-9AB223C6DDC6,1438422
811742,mot_201819__800.docx,68983,docx,https://data.riksdagen.se/fil/D9E64E71-FAEB-4913-9597-0AEEAC93A532,811740
1597205,mot_201415__263.docx,45417,docx,https://data.riksdagen.se/fil/9E2BFF08-1237-4F22-BAEA-A1F53EFC7F39,1597203
1090763,bet_200203_sou_10.pdf,297037,pdf,https://data.riksdagen.se/fil/18B7B21C-5BF4-4D35-BB2C-D709C237D51E,1090761
1777069,mot_200506_kr_344.pdf,148911,pdf,https://data.riksdagen.se/fil/0D7C23DB-9E3D-4A29-9C8C-47092C0ECEBE,1777067
1806392,201718SkU18_20180507132706_Publicering.pdf,505151,pdf,https://data.riksdagen.se/fil/DCFD5F1F-FF08-42A7-92B7-6EECB56A8835,1806391
1235745,mot_202526__2956.pdf,75268,pdf,https://data.riksdagen.se/fil/3EA8B9A6-165A-49DB-B0D0-5BEAD9B57F68,1235744
1489724,mot_200708_sk_250.pdf,138235,pdf,https://data.riksdagen.se/fil/42BCBEC3-FE5C-4971-8DE9-0B5AA9190D1C,1489722
531802,mot_202526__234.docx,72376,docx,https://data.riksdagen.se/fil/79320BA2-CC06-496D-B7FB-3B97F13A77E0,531800
2205465,mot_200506_n_323.pdf,129712,pdf,https://data.riksdagen.se/fil/E918EA6F-693D-47BD-BDBA-BC0A2B6F95A9,2205463
1814556,mot_200708_a_233.pdf,141100,pdf,https://data.riksdagen.se/fil/88A339E0-D80A-42C1-9CD6-EB1AED02A638,1814554
1719806,mot_201415__1540.docx,45384,docx,https://data.riksdagen.se/fil/6831E251-BCA3-451C-A3F6-F171675B9B76,1719804
2055945,MOT_201314_Ju_213.doc,68096,doc,https://data.riksdagen.se/fil/690FA77A-6B75-4BF4-BFF6-328A12F34BB9,2055944
261131,201516_FiU26.pdf,503781,pdf,https://data.riksdagen.se/fil/498CB866-C5E5-4187-B207-F07AF434D0B2,261130
1977639,mot_202122__4598.pdf,80300,pdf,https://data.riksdagen.se/fil/3356BCFD-C393-40A7-80E4-4E212BB27E2B,1977638
1350040,mot_202122__2401.docx,72037,docx,https://data.riksdagen.se/fil/E913A49A-BF6E-4838-87C4-A97C1597DDCD,1350037
1248642,MOT_200809_N_311.doc,44032,doc,https://data.riksdagen.se/fil/0BA9FC67-7824-4BF8-BD53-40D3FD1B7C81,1248641
1617633,BET_200001_LU_10.doc,92672,doc,https://data.riksdagen.se/fil/05D4325F-5BB1-4A4B-9198-107BFD102DCD,1617632
3123671,MOT_200910_Kr_202.doc,61952,doc,https://data.riksdagen.se/fil/164C9C48-175A-4F88-B64A-94ABB53D12A3,3123670
2071199,mot_200708_c_308.pdf,142041,pdf,https://data.riksdagen.se/fil/2C9B6B5B-1C67-429D-8058-649C016A2443,2071197
2138710,mot_202223__2005.docx,72332,docx,https://data.riksdagen.se/fil/7D5957CE-DBA8-4D15-A5F5-9AA0D8C668B9,2138708
779853,mot_202526__1579.pdf,78929,pdf,https://data.riksdagen.se/fil/C32D5AC7-A372-4F6B-993B-F96ED7A32939,779852
1931133,mot_201819__2570.docx,69618,docx,https://data.riksdagen.se/fil/98FC4F56-4FFE-4922-9F7E-6853B5D3F888,1931131
1608649,mot_201415__456.docx,46425,docx,https://data.riksdagen.se/fil/EF6ADECF-C429-48D9-8D7B-B3DD5D2EED16,1608647
1349274,mot_200506_so_656.pdf,117599,pdf,https://data.riksdagen.se/fil/C1FBAE8C-1BD7-4559-8DE3-25A156F9201F,1349272
1468454,MOT_201213_Sf_254.doc,57856,doc,https://data.riksdagen.se/fil/062E3EF0-37E3-4B0D-A245-91EBE7A9C72D,1468453
2207579,mot_202021__2919.docx,81055,docx,https://data.riksdagen.se/fil/CE9B1208-A5A6-4EC1-85F8-1EFC8E22DDCD,2207577
1003065,bet_200001_sou_9.pdf,565380,pdf,https://data.riksdagen.se/fil/85DFC37B-CF5B-4573-AB31-966B144A5670,1003063
64207,2010_11_SoU4.pdf,4106407,pdf,https://data.riksdagen.se/fil/C040A8F2-E4A6-43B4-92DF-3FE113B3DDAB,64206
1999163,mot_202425__1785.docx,71353,docx,https://data.riksdagen.se/fil/C308444C-7B2C-47B0-B31F-E9C01440A413,1999161
891219,MOT_200910_Sk_458.doc,38912,doc,https://data.riksdagen.se/fil/BB91A182-4CE1-4AD6-AFCD-A34CCD050357,891218
1593561,mot_201617__1769.docx,78593,docx,https://data.riksdagen.se/fil/8A439F97-6957-4146-BE1E-36FC78926771,1593559
3262408,prop_202021__111.pdf,891042,pdf,https://data.riksdagen.se/fil/EECC18DA-8312-4E20-B90D-0A06180CC348,3262407
1257653,mot_201819__1103.pdf,70066,pdf,https://data.riksdagen.se/fil/9E03A2FD-118F-4255-9BC8-3270D429FB2A,1257652
823004,mot_201819__745.pdf,74352,pdf,https://data.riksdagen.se/fil/9BE0A5C8-D05A-4BAD-968C-48E3156CC7E4,823003
1923839,skr_201819__25.pdf,1523667,pdf,https://data.riksdagen.se/fil/983ACFBE-2292-49B8-9870-8176D9397C4A,1923838
410926,mot_202122__428.docx,70481,docx,https://data.riksdagen.se/fil/22162608-EC4D-4807-9184-1756A8E25322,410924
638476,mot_201718__2449.docx,58073,docx,https://data.riksdagen.se/fil/E597AC9C-77A4-426C-96D2-17B49F858F4D,638474
973297,mot_202324__1811.pdf,85713,pdf,https://data.riksdagen.se/fil/BB7F7174-7C03-4375-A268-EB675B61D6F3,973296
1380683,mot_201213_so_276.pdf,122425,pdf,https://data.riksdagen.se/fil/284B2F04-464C-4EF0-9C1B-0DA9040F7C44,1380681
601254,prop_200506__1_d20.pdf,879803,pdf,https://data.riksdagen.se/fil/BB927F56-8CDF-454A-8D61-173083997BBC,601234
568920,MOT_201011_K_236.doc,56320,doc,https://data.riksdagen.se/fil/6BB2139A-F0CE-4744-9E38-473E8ADA0611,568919
2031528,MOT_200607_Kr_243.doc,44544,doc,https://data.riksdagen.se/fil/2994B5BB-09FD-4853-ABE9-42B52E648D0E,2031527
1788102,mot_202122__3304.docx,70588,docx,https://data.riksdagen.se/fil/E914E81B-D69A-4FFA-AFE2-921D5744D9E6,1788098
1108261,mot_202526__3008.pdf,82736,pdf,https://data.riksdagen.se/fil/A750A063-E134-44FA-87A3-CAE35A431092,1108260
112886,mot_201213_fi_282.pdf,133486,pdf,https://data.riksdagen.se/fil/75DE0781-09BD-43FF-9DD1-AF0816D690F3,112884
496721,mot_201213_n_222.pdf,122435,pdf,https://data.riksdagen.se/fil/ABA86FA2-4461-4718-983E-FABEA8EB437A,496719
1440364,mot_201920__395.pdf,72380,pdf,https://data.riksdagen.se/fil/31A20BC6-D07E-413F-BD09-8F7E9BF08E29,1440362
229837,mot_200910_fi_297.pdf,213573,pdf,https://data.riksdagen.se/fil/8D4DDCEB-DE61-44FF-9546-F59A6CDAECAC,229835
664546,mot_201920__2484.pdf,71933,pdf,https://data.riksdagen.se/fil/1A603649-0253-4148-828E-14FB87E16FC5,664545
2247148,2009_10_MJU2.pdf,767062,pdf,https://data.riksdagen.se/fil/123F70E7-A493-4CA2-BA7F-2A5A5AA44D37,2247147
1038295,mot_202122__1787.pdf,75474,pdf,https://data.riksdagen.se/fil/35CA2C3C-01CB-4E20-BC5B-1F2AFD5A8207,1038294
1662763,mot_201617__2199.pdf,65769,pdf,https://data.riksdagen.se/fil/EEB6DF98-3E3D-4E4F-92F7-E031519762DA,1662762
3296711,Proposition_43_202526.pdf,664855,pdf,https://data.riksdagen.se/fil/B35A5556-FB06-4BEE-AF40-43963EC98F62,3296710
1807879,mot_202122__3766.pdf,70402,pdf,https://data.riksdagen.se/fil/CFCBD31B-A1A5-4799-97D8-2255E332AF38,1807878
1399987,mot_201718__4077.docx,60053,docx,https://data.riksdagen.se/fil/9022CF42-B199-428A-8EE7-73DBE8DBA3B7,1399985
865696,mot_201920__2004.docx,72597,docx,https://data.riksdagen.se/fil/3B6EDF04-A83B-4A07-91CF-6C308C5B1C10,865694
1888063,mot_200910_k_250.pdf,138754,pdf,https://data.riksdagen.se/fil/32E7A0DC-D06C-4C74-9EF0-71FA1146B786,1888061
2094651,MOT_201011_Sf_249.doc,49664,doc,https://data.riksdagen.se/fil/8847BB7F-427E-4FEA-9F47-8CFFBAE16B9A,2094650
1028331,mot_201920__1144.pdf,74708,pdf,https://data.riksdagen.se/fil/7DEE28D3-78C9-40FD-8113-E0687238028B,1028330
141647,MOT_201011_So_240.doc,47616,doc,https://data.riksdagen.se/fil/CF36EE87-F521-4572-8D51-42609885BC3C,141646
1910792,mot_201617__3542.pdf,64545,pdf,https://data.riksdagen.se/fil/C23039A7-8D5F-4A91-B65A-0C4B5499EAD6,1910791
1882284,mot_201617__454.pdf,59942,pdf,https://data.riksdagen.se/fil/91BF452C-6846-4314-99A4-DBA1313FB034,1882283
837607,mot_201718__3750.docx,326924,docx,https://data.riksdagen.se/fil/087CD957-9A30-4797-99DA-F4B66CAFBFDA,837605
3312457,prop_202425__1_d22.pdf,1786686,pdf,https://data.riksdagen.se/fil/D0E39516-FAF1-46F5-B151-DA5F9294CEA3,3312432
1020400,mot_200506_a_264.pdf,160098,pdf,https://data.riksdagen.se/fil/3C48A7E8-1E73-44AF-B40B-67B107C6CEA1,1020398
1924704,skr_201819__84.pdf,623210,pdf,https://data.riksdagen.se/fil/59D286A2-8DBC-4044-A04D-E12E63352852,1924703
330138,mot_201011_kr_232.pdf,124036,pdf,https://data.riksdagen.se/fil/1D5D35EE-2DB5-43B9-A126-B4BFDC070AD2,330136
1825032,mot_201617__3587.docx,59370,docx,https://data.riksdagen.se/fil/F14A3D4D-D0E7-4390-B828-2F4CC39821F6,1825030
183674,mot_200506_mj_42.pdf,173344,pdf,https://data.riksdagen.se/fil/882797C8-955B-4530-B84C-B119B887E57C,183672
1850212,MOT_200607_So_331.doc,38912,doc,https://data.riksdagen.se/fil/43AF6640-F5F2-49D3-8598-29CCFC94EC43,1850211
1423360,mot_201920__418.pdf,81279,pdf,https://data.riksdagen.se/fil/7F50EBC2-E7CC-4671-9BEA-A3091599D7A5,1423359
834271,mot_201819__427.pdf,98092,pdf,https://data.riksdagen.se/fil/D3BDF5E8-1636-4F68-8DDB-536C531675ED,834270
1344264,bet_200203_juu_9.pdf,490415,pdf,https://data.riksdagen.se/fil/0287623E-0C7D-484C-8BDB-1C0FCE136951,1344262
697276,MOT_201112_So_398.doc,48640,doc,https://data.riksdagen.se/fil/530C2FD2-57F3-4627-8DEC-18441FDEA6D9,697275
3264103,mot_201617__3608.pdf,77237,pdf,https://data.riksdagen.se/fil/C64EB1EF-CD4E-4F29-A5CC-263A17F62511,3264102
1216450,mot_202526__2794.docx,80264,docx,https://data.riksdagen.se/fil/DE9B43E6-182B-4278-BC62-D098DD77DC3B,1216448
1250528,mot_201920__989.docx,69805,docx,https://data.riksdagen.se/fil/020B32F8-273A-40EF-81B4-3B56151AB8E7,1250526
513589,mot_202122__478.docx,74701,docx,https://data.riksdagen.se/fil/E2169B19-5CFB-4F7E-961F-8DC5C6EB28EE,513587
1409801,MOT_201314_Sk_232.doc,55808,doc,https://data.riksdagen.se/fil/25F8BA04-57D4-44FB-970F-290BE4808EDF,1409800
1015027,mot_201718__13.pdf,58537,pdf,https://data.riksdagen.se/fil/B6BBC607-F00B-4750-8E30-FD1E0C62C233,1015026
427629,mot_200607_mj_353.pdf,135361,pdf,https://data.riksdagen.se/fil/C3D72471-3D1C-4C1F-A7AB-177840B58C82,427627
95332,mot_201516__1079.docx,50826,docx,https://data.riksdagen.se/fil/34578E46-2DAA-4379-A00E-B7717101D89B,95330
524299,mot_201314_a_214.pdf,116829,pdf,https://data.riksdagen.se/fil/C55F63BF-683F-4346-96DC-8C24E96DA0B5,524297
1711138,mot_202324__142.docx,71258,docx,https://data.riksdagen.se/fil/83BFA30F-16E4-4728-858B-5DB2A3BB26EE,1711136
1457962,mot_201920__243.pdf,75852,pdf,https://data.riksdagen.se/fil/B34775F9-B415-44A9-9753-3BE72E29EBE7,1457961
1881730,mot_202425__2397.pdf,75686,pdf,https://data.riksdagen.se/fil/CAFABBD8-8B6A-440F-8434-A336AC5BFF03,1881729
268171,mot_202021__3552.docx,69885,docx,https://data.riksdagen.se/fil/161F2217-F939-4386-BAD3-AF0C772AD650,268169
744849,mot_201920__2251.pdf,72299,pdf,https://data.riksdagen.se/fil/38ED8B74-6042-47DC-96D5-AAEACD4EDBC2,744848
756624,mot_201314_mj_377.pdf,131928,pdf,https://data.riksdagen.se/fil/F76F0148-6879-4C78-9A77-29DAFC0EAF93,756622
1120311,mot_200506_a_222.pdf,115701,pdf,https://data.riksdagen.se/fil/C2D9555D-024C-470F-83DA-06CF6021AD4F,1120309
57836,mot_201718__568.docx,67558,docx,https://data.riksdagen.se/fil/0D7F9E98-6725-48DD-8881-D15CF64F740F,57834
550724,mot_201718__1080.docx,59519,docx,https://data.riksdagen.se/fil/4B76140D-FD91-4836-BE15-4FCFF3BC93AE,550722
1650489,mot_202122__3788.docx,86398,docx,https://data.riksdagen.se/fil/36564797-4573-451B-8FCC-2BB3AB108DBD,1650486
917221,MOT_200910_Ub_460.doc,40960,doc,https://data.riksdagen.se/fil/0147C850-B7F0-4BC8-AB4F-44299931A660,917220
1516198,mot_202223__1742.docx,72871,docx,https://data.riksdagen.se/fil/FF9EC864-8CEC-41CF-AD57-4ED5D2BE8CDA,1516196
1309565,mot_202223__516.docx,74627,docx,https://data.riksdagen.se/fil/D65AC8C0-A117-4208-9492-62151B6FEC90,1309563
109516,mot_201213_u_243.pdf,209599,pdf,https://data.riksdagen.se/fil/A8134F08-5CF7-4A05-A5E8-992EFEE92CF0,109514
3229258,mot_202021__12.docx,70798,docx,https://data.riksdagen.se/fil/8818A8BB-15DB-420B-AB57-FF541757841E,3229256
151412,mot_200809_a_382.pdf,169567,pdf,https://data.riksdagen.se/fil/FEFF6A88-9378-429C-A15C-18613DBE6B21,151410
1510178,mot_200910_sf_224.pdf,117829,pdf,https://data.riksdagen.se/fil/81F00829-4C23-4FF7-8E73-AD8550E2815A,1510176
3321068,mot_202021__1959.pdf,75533,pdf,https://data.riksdagen.se/fil/BEB8EB04-FEF8-4DA9-B85E-E028DC26F588,3321067
3228802,mot_202425__2452.docx,71202,docx,https://data.riksdagen.se/fil/0ACE7A71-E080-4552-AB5A-5AFF12204971,3228800
266809,mot_202021__3531.pdf,76554,pdf,https://data.riksdagen.se/fil/D3BDBA05-D3D3-4D26-9613-90D1E9C68107,266808
1914272,mot_201819__2916.pdf,82441,pdf,https://data.riksdagen.se/fil/69ECC206-91DC-4206-B526-DF394E2F1915,1914271
1135854,mot_201011_u_312.pdf,156348,pdf,https://data.riksdagen.se/fil/07480537-511A-4F60-BEBE-D268DC752927,1135852
158797,mot_202021__3420.pdf,85398,pdf,https://data.riksdagen.se/fil/4DDD3F39-C29B-4FDA-A751-D59B14D736A0,158796
3279024,mot_201213_k_274.pdf,135440,pdf,https://data.riksdagen.se/fil/2DE4577B-7B9F-4D28-AC4B-B42D9876371C,3279022
1601949,mot_201617__2195.docx,60012,docx,https://data.riksdagen.se/fil/6D3F99BE-C2A3-4ADD-80DF-4583CB768B01,1601947
1062325,MOT_200809_T_283.doc,38912,doc,https://data.riksdagen.se/fil/6B3BF14D-389C-47F4-82E5-71661E231B02,1062324
1367824,mot_201920__929.pdf,77787,pdf,https://data.riksdagen.se/fil/BB364CE3-B2BC-4930-9746-6438CA90E3BC,1367823
1248936,mot_200506_bo_238.pdf,128541,pdf,https://data.riksdagen.se/fil/4680DD71-57B3-4214-AAD7-3946764AFB7F,1248934
1411246,mot_202122__2255.docx,71358,docx,https://data.riksdagen.se/fil/BEECE066-650D-48AC-92F5-F29DAEEC2493,1411244
540562,mot_201516__2901.docx,51518,docx,https://data.riksdagen.se/fil/7378925C-CB1D-438F-9ED7-43803DC50BC1,540560
832910,mot_201819__649.pdf,81490,pdf,https://data.riksdagen.se/fil/7E83889B-7AA5-4465-9A79-90DEBAEA700D,832909
840370,prop_201516__1_d16.pdf,827823,pdf,https://data.riksdagen.se/fil/132FF2D2-FE6F-44DF-B10F-E058FE71E722,840354
338107,mot_202122__673.pdf,72233,pdf,https://data.riksdagen.se/fil/D93EBD75-9DDB-4331-A6CA-4A548D8292AB,338106
1660120,mot_201415__1342.pdf,65394,pdf,https://data.riksdagen.se/fil/CB810CEA-28BB-48EA-970F-4B73DE56FFCB,1660119
1236007,mot_200506_so_636.pdf,179527,pdf,https://data.riksdagen.se/fil/18DCFD8B-8B91-4534-846D-57F6FACEC2B6,1236005
133019,MOT_201112_C_256.doc,49152,doc,https://data.riksdagen.se/fil/CF55C3A1-F0E4-45C0-80A8-26D508CD5AF0,133018
1623322,mot_201415__2233.pdf,61465,pdf,https://data.riksdagen.se/fil/462030F5-C1FC-4834-8393-361EAC7F6CA2,1623321
1763674,mot_201617__1816.docx,78494,docx,https://data.riksdagen.se/fil/4A84469C-411D-4D45-BD08-01916DE70BB8,1763670
448263,mot_200708_sf_326.pdf,133005,pdf,https://data.riksdagen.se/fil/B84B1CE6-1B34-4BFB-90A8-C5C578328FD8,448261
2026270,mot_202425__1450.pdf,111334,pdf,https://data.riksdagen.se/fil/DD75B6EB-1468-4DDF-8032-C48B05D5AD79,2026269
131597,MOT_201112_C_234.doc,49664,doc,https://data.riksdagen.se/fil/FD7FCAE6-B315-405B-8DDE-5951365AC741,131596
2093485,mot_202425__478.docx,73162,docx,https://data.riksdagen.se/fil/12E14425-6390-40E1-997B-AA3A16DEC37F,2093483
1041020,MOT_200607_Ub_300.doc,39424,doc,https://data.riksdagen.se/fil/E9A2DF9A-D5CD-4067-A3BC-0EC7A6715136,1041019
1361546,mot_200910_so_265.pdf,128285,pdf,https://data.riksdagen.se/fil/6B5426DD-E2F0-4AF1-8F4E-D39898192D67,1361544
444104,mot_202122__196.docx,71115,docx,https://data.riksdagen.se/fil/81754054-CE7C-4676-8CBD-B489928C7AD1,444102
2034977,mot_201415__83.docx,48290,docx,https://data.riksdagen.se/fil/D24FABD3-DC06-435C-B5FD-5E6FD36E3845,2034975
1363066,MOT_201011_Ub_292.doc,48128,doc,https://data.riksdagen.se/fil/5A8949E4-94FA-429A-94DB-49A56FC49FCE,1363065
152629,MOT_201213_Sk_366.doc,58880,doc,https://data.riksdagen.se/fil/449A3223-6D46-47A6-8509-4B748E690378,152628
957250,2018_19_JuU29_20190611162454_Publicering.pdf,691001,pdf,https://data.riksdagen.se/fil/752B6E04-3AD6-4ACB-B403-6947CBFFC714,957249
1782079,mot_202324__596.docx,70051,docx,https://data.riksdagen.se/fil/8FC79E07-F2AA-4E35-890B-C632080089B1,1782074
2216097,mot_202425__359.pdf,86844,pdf,https://data.riksdagen.se/fil/4E7CD4FB-B673-4B9D-B76A-70D21165F946,2216095
3277431,mot_201314_n_256.pdf,133018,pdf,https://data.riksdagen.se/fil/6D37E525-D3E0-48C2-AD82-5E5DE4F245BB,3277429
771468,mot_201920__2371.docx,71796,docx,https://data.riksdagen.se/fil/0F7871E2-7499-4C04-8FD3-E3E159C0976E,771466
1158362,mot_202526__2351.docx,77766,docx,https://data.riksdagen.se/fil/DD388552-FBEB-4A32-9710-0CE89CAE9439,1158360
1657143,mot_202122__3523.docx,70951,docx,https://data.riksdagen.se/fil/9AB39D2D-9A84-407B-B3A6-120461FDA586,1657141
1002348,2012_13_UbU15.pdf,340463,pdf,https://data.riksdagen.se/fil/939B9FF4-A970-42FB-A53B-439A963801FF,1002347
390090,MOT_201213_T_304.doc,56832,doc,https://data.riksdagen.se/fil/3C6FA4FE-46CF-4707-B8A9-8384A6F2DBA5,390089
1521236,prop_201011__12.pdf,332483,pdf,https://data.riksdagen.se/fil/2E238AD9-364D-4E5F-90CB-E6BF20B5F0D2,1521235
145618,mot_201213_sk_313.pdf,160737,pdf,https://data.riksdagen.se/fil/0C5DE784-2B5F-4936-BA9A-8383F0A12887,145616
851842,mot_201718__3591.docx,67412,docx,https://data.riksdagen.se/fil/FB3AB045-16C7-4CC2-86E3-1EFCA568D6A1,851840
686266,MOT_200809_C_266.doc,38400,doc,https://data.riksdagen.se/fil/7BCE53B8-F2BC-4498-AF45-35E05AC57253,686265
1214260,MOT_200506_So_493.doc,41984,doc,https://data.riksdagen.se/fil/AAB9D198-F1B0-46D5-92BA-4CE26E7B57B1,1214259
380335,mot_200506_ub_327.pdf,126193,pdf,https://data.riksdagen.se/fil/2621481D-E9D4-49B4-A138-5FB38482FD43,380333
1174170,MOT_200708_Ub_321.doc,38912,doc,https://data.riksdagen.se/fil/3652AF23-D4CF-4904-A393-82250DB8D8A0,1174169
1605196,mot_201415__403.pdf,63829,pdf,https://data.riksdagen.se/fil/9883639C-7A76-4C82-B336-1586CB4D98CF,1605195
68149,mot_201718__611.docx,60368,docx,https://data.riksdagen.se/fil/2338EA8F-FC89-4C57-A909-A43D19735FE7,68147
398520,mot_202526__776.docx,72049,docx,https://data.riksdagen.se/fil/3633BCC4-1053-4D43-9698-293B2076969B,398518
1367691,mot_201920__914.docx,69950,docx,https://data.riksdagen.se/fil/70EDBF64-0F33-47CD-A5CE-4C5EFE40BE90,1367689
303265,mot_201516__1849.pdf,74427,pdf,https://data.riksdagen.se/fil/559A96E5-301E-4610-B6D8-53054536E2AB,303264
793564,MOT_200910_Ub_241.doc,40448,doc,https://data.riksdagen.se/fil/260DAD09-7BB8-4178-8924-41C2D4ECC9A0,793563
2221867,prop_201617__86.pdf,486234,pdf,https://data.riksdagen.se/fil/C6681BDA-BBAB-43C1-899D-77347674F18C,2221866
1619166,prop_200809__169.pdf,491623,pdf,https://data.riksdagen.se/fil/483121BB-78BB-4163-BE1F-0C2E6E6B2D6B,1619164
1254284,mot_202526__2249.pdf,71106,pdf,https://data.riksdagen.se/fil/2EDD8B22-C4C9-40CF-91BC-6DA1862E9C87,1254283
1830954,mot_201617__3671.docx,64005,docx,https://data.riksdagen.se/fil/68664470-0B95-4199-839D-278AE790C824,1830952
667938,mot_202425__85.docx,73769,docx,https://data.riksdagen.se/fil/CF2724F2-CF39-4FD8-89B6-CD8DB17BAE06,667936
3313832,mot_202021__270.pdf,79484,pdf,https://data.riksdagen.se/fil/16276B67-BA8F-433A-B457-488D7076C65F,3313831
2100028,MOT_200708_C_399.doc,47104,doc,https://data.riksdagen.se/fil/9C20D4C1-1CBE-46B3-A3BE-56333F96E7AC,2100027
260217,MOT_200506_Ub_277.doc,55296,doc,https://data.riksdagen.se/fil/6799D345-241D-4860-AA10-37A46F9E8EF1,260216
3308673,mot_201617__3646.docx,61641,docx,https://data.riksdagen.se/fil/D051075D-3B06-4CCE-ADD3-0D7CE4BF47E2,3308671
620787,mot_201718__2842.pdf,66884,pdf,https://data.riksdagen.se/fil/2536530A-B696-44C1-99C0-1641B77EC44A,620786
1753286,mot_201213_mj_391.pdf,126786,pdf,https://data.riksdagen.se/fil/9EC99875-AFB5-41BA-A25D-E44C51473588,1753284
1727405,MOT_201314_T_320.doc,56320,doc,https://data.riksdagen.se/fil/894F1A9E-5183-4AAA-86EC-B5169EAE7896,1727404
1041232,mot_200607_ub_319.pdf,124929,pdf,https://data.riksdagen.se/fil/D8242531-3EB8-42E4-A069-027AFD6B5187,1041230
939985,mot_201920__1950.docx,68941,docx,https://data.riksdagen.se/fil/4271B253-11AA-4657-BDA2-FD12F5F10A52,939983
470702,BET_19992000_LU_15.DOC,169984,DOC,https://data.riksdagen.se/fil/A37A6B14-AA22-4718-9CCC-BB62BCBF9F1B,470701
1613233,mot_201415__335.docx,45202,docx,https://data.riksdagen.se/fil/D2A6C6FB-CFB6-4DA6-BDDB-D3BF1354C8F5,1613231
506468,MOT_201112_So_613.doc,48640,doc,https://data.riksdagen.se/fil/DA474156-B1BE-4DA9-B190-012F3C69385E,506467
2254175,mot_202021__2363.docx,71017,docx,https://data.riksdagen.se/fil/6CE77F63-CC84-433A-BE60-D7DE9D219CC5,2254173
73590,mot_201213_ub_241.pdf,177905,pdf,https://data.riksdagen.se/fil/8CD15B4C-6344-44EF-A27E-7227F4898887,73586
755984,mot_201718__2578.docx,57840,docx,https://data.riksdagen.se/fil/95970926-8247-4993-9D29-1D4B0B3D68BD,755982
439363,mot_200708_sf_240.pdf,123370,pdf,https://data.riksdagen.se/fil/42C44D98-A650-4F80-B221-A5B19F88B183,439361
1863815,201617SkU1_20161130101009_Publicering.pdf,537456,pdf,https://data.riksdagen.se/fil/E9A6438C-65B7-4C03-ABE9-CCC74ED23084,1863814
395608,mot_201011_kr_207.pdf,130862,pdf,https://data.riksdagen.se/fil/FB1A756E-EAAE-4264-B376-10842C6D5742,395606
1486529,MOT_201213_Ju_223.doc,55808,doc,https://data.riksdagen.se/fil/FBFC3AA2-EC9A-40D3-89AB-94F761BAA074,1486528
3280103,mot_200506_mj_564.pdf,133458,pdf,https://data.riksdagen.se/fil/6AC2CEDE-B445-449C-8ED9-666EF57F47D1,3280101
3269022,MOT_200910_Kr_226.doc,40448,doc,https://data.riksdagen.se/fil/6B2F18F2-A4B8-4603-A3CF-1C469F928D9D,3269021
996214,MOT_200910_Sk_529.doc,38400,doc,https://data.riksdagen.se/fil/44608806-1548-4CDD-9A0F-DE0AE9EB5893,996213
1777758,MOT_201112_A_320.doc,49152,doc,https://data.riksdagen.se/fil/E1FCA99D-29A7-42A5-BA24-E787C537213C,1777757
1632280,mot_201415__959.docx,46079,docx,https://data.riksdagen.se/fil/C3E0C79E-DD95-4AAE-89E3-77DC95551FB7,1632278
885231,mot_202526__1912.docx,83062,docx,https://data.riksdagen.se/fil/AD8D5EF9-66C8-4016-BB36-02B129631B11,885229
1237035,mot_202223__665.docx,73341,docx,https://data.riksdagen.se/fil/62E056F6-998F-4B5F-AEDC-384B6B492A3F,1237033
2190583,mot_200506_n_306.pdf,175047,pdf,https://data.riksdagen.se/fil/BBFA2435-D043-4F3C-9DCA-E9349C72490B,2190581
638730,MOT_201314_A_379.doc,56320,doc,https://data.riksdagen.se/fil/CC1A2546-DDF4-4DE5-BDB2-35C40CCC4E52,638729
494735,mot_201718__1771.pdf,71754,pdf,https://data.riksdagen.se/fil/BF42D7BC-C16E-4D7F-B35B-8C8AE0C56355,494734
1835800,mot_201617__2705.docx,51884,docx,https://data.riksdagen.se/fil/BDD326A6-C078-4A93-8127-DDEEE06E8E22,1835798
1586323,mot_201415__877.docx,48132,docx,https://data.riksdagen.se/fil/EAAA34E6-A903-493F-896D-D46CDB1EB1ED,1586321
433147,mot_201718__1328.docx,56757,docx,https://data.riksdagen.se/fil/A386F9D8-B6A4-47B7-BE41-B8DF3A57384E,433145
2208547,mot_202021__2951.pdf,144571,pdf,https://data.riksdagen.se/fil/48483831-DEB8-47DA-B4F2-476CB603C753,2208546
2078305,MOT_201314_Ju_437.doc,53248,doc,https://data.riksdagen.se/fil/83B16302-D827-433D-81C8-EEDE6136B59B,2078304
345709,MOT_200506_Sk_491.doc,55296,doc,https://data.riksdagen.se/fil/FE5B2C3F-D5C7-4923-8EE7-0B41C81FEA89,345708
392481,mot_202526__842.pdf,72131,pdf,https://data.riksdagen.se/fil/A92A794A-1380-4502-AC2A-83B4583788FD,392480
1656840,mot_202122__4098.docx,72591,docx,https://data.riksdagen.se/fil/0366ABF8-0282-41EB-B2E3-240A4595FF9D,1656838
1943011,mot_200910_k_414.pdf,124794,pdf,https://data.riksdagen.se/fil/9E8B5469-FF05-4343-A77A-5FDF1883D8AA,1943009
1335388,mot_201920__369.docx,71490,docx,https://data.riksdagen.se/fil/2A422A16-6672-42E8-981D-046F3E29AC32,1335386
2182640,mot_202223__2386.docx,76001,docx,https://data.riksdagen.se/fil/1C2C8C54-589E-448B-95B8-EE0E5EB8C80F,2182638
561889,mot_201819__986.pdf,79025,pdf,https://data.riksdagen.se/fil/23A162CB-43AE-48F6-84AB-E1B799E608CC,561888
547018,mot_201920__35.docx,69307,docx,https://data.riksdagen.se/fil/F15920F8-416C-4A29-B8DA-7B9013D72AF5,547016
978774,mot_200506_a_336.pdf,118880,pdf,https://data.riksdagen.se/fil/0CB6803F-540F-4DF2-B893-F62C599A38D5,978772
1050758,mot_201920__1339.docx,71352,docx,https://data.riksdagen.se/fil/77DA286C-3515-41FD-8831-C25861DC0786,1050756
1084769,mot_202526__4185.pdf,85965,pdf,https://data.riksdagen.se/fil/9F3A39E3-1738-4FDB-A9BC-C36B745381C6,1084768
77574,mot_201011_so_484.pdf,146440,pdf,https://data.riksdagen.se/fil/AE716F08-8B09-4CCC-9AFE-5804CD8A16C9,77572
1163852,mot_201011_fã¶_208.pdf,115624,pdf,https://data.riksdagen.se/fil/383D9CEA-300A-4237-BF83-4B8A32DD0A23,1163850
398519,mot_202526__776.pdf,75569,pdf,https://data.riksdagen.se/fil/19D0625A-EC75-4842-A3A5-C8C1809F0F3F,398518
78513,mot_201718__654.docx,59869,docx,https://data.riksdagen.se/fil/BA6E3C0D-8CE1-4A31-9F42-AF0319203DB0,78511
1937474,mot_200910_c_453.pdf,212135,pdf,https://data.riksdagen.se/fil/EBA01A42-D643-49C2-ACC4-AC7008B902DA,1937472
1814078,prop_201011__1_d12.pdf,692958,pdf,https://data.riksdagen.se/fil/55875E28-37BD-4BE1-B04A-98AE2719234C,1814064
1254176,mot_201314_ub_201.pdf,136230,pdf,https://data.riksdagen.se/fil/97DDC38A-C3E9-4801-82CA-99EAB66BEC81,1254174
169579,skr_201213__101_d7.pdf,49841,pdf,https://data.riksdagen.se/fil/377A5D9B-E3A2-49B7-AE39-FB5E91110ECE,169578
585822,mot_201516__2693.pdf,66379,pdf,https://data.riksdagen.se/fil/84F94A8F-5CB4-44B0-9CBA-16068045EA06,585821
2136794,mot_201819__2443.pdf,74778,pdf,https://data.riksdagen.se/fil/DCBFF891-8A7C-4831-8964-36199D363B94,2136793
3304498,BET_200405_LU_18.pdf,896130,pdf,https://data.riksdagen.se/fil/7ACE5D39-3594-4FEB-A9C9-26E5952EA937,3304497
1921554,mot_202223__1879.pdf,176032,pdf,https://data.riksdagen.se/fil/23D88B8A-3349-4047-9E33-FD0BFA3F2B21,1921553
2139571,MOT_200809_Ub_255.doc,39424,doc,https://data.riksdagen.se/fil/B6CF256B-06F7-4E0F-95A2-7EF584B9BC05,2139570
2016970,mot_200708_t_348.pdf,148925,pdf,https://data.riksdagen.se/fil/C442FBE0-78BB-4C02-8B4D-455EC71F4620,2016968
1487183,mot_202122__2580.docx,73142,docx,https://data.riksdagen.se/fil/30A493C3-48DE-4EE0-98BD-75A29027E1E7,1487181
2001880,prop_200203__1_d13.pdf,296331,pdf,https://data.riksdagen.se/fil/D9914FC0-7CC7-4166-92CB-9BAABBDBFCFE,2001867
1026441,mot_202122__1848.pdf,79535,pdf,https://data.riksdagen.se/fil/AB1543C8-5BB7-4DB9-83AE-B7224066A10B,1026440
1596696,BET_200102_MJU_19.doc,84480,doc,https://data.riksdagen.se/fil/2765DB01-8F70-4D32-A701-540A65786ECA,1596695
239654,mot_202021__3927.docx,71602,docx,https://data.riksdagen.se/fil/C0CBAEE0-697B-4B51-8320-29B2423F3961,239652
735707,mot_201213_n_218.pdf,128355,pdf,https://data.riksdagen.se/fil/E7E12AC4-6797-46BC-B961-6BE527DCA024,735705
1178698,mot_201112_mj_228.pdf,157633,pdf,https://data.riksdagen.se/fil/85763809-611A-4D4D-BA83-03ED34525D17,1178696
1617655,mot_202324__521.pdf,69887,pdf,https://data.riksdagen.se/fil/18E7CE36-768C-4918-967B-1152FD39561B,1617654
619630,mot_201516__3225.pdf,111637,pdf,https://data.riksdagen.se/fil/53714722-16CA-4BBD-94E9-C03611256384,619629
2148211,mot_201819__2522.pdf,101355,pdf,https://data.riksdagen.se/fil/C0C973A7-3C82-4FFD-AB67-5E531FC26F76,2148210
1553653,MOT_200708_Fö_210.doc,41472,doc,https://data.riksdagen.se/fil/A4242C8E-719A-47CE-AA96-29515970F62B,1553652
1048383,mot_201718__3381.pdf,71480,pdf,https://data.riksdagen.se/fil/3AE9A53F-A53B-4B03-BD98-DE8B0BD89C1D,1048382
295399,mot_201516__1701.pdf,73460,pdf,https://data.riksdagen.se/fil/409666CC-76DF-42FE-A2B3-25F6518067BB,295398
3355491,MOT_200607_Kr_255.doc,36864,doc,https://data.riksdagen.se/fil/CF0F1C0E-1F63-42B5-B0A8-6155A572FAB6,3355490
3301019,mot_201617__3461.pdf,85721,pdf,https://data.riksdagen.se/fil/F1E86A5B-F909-4B18-A253-C609D394FADA,3301017
831056,mot_201819__603.pdf,75729,pdf,https://data.riksdagen.se/fil/7C0DCEA5-4A9B-4CB4-BF98-4931EC3BB2E7,831055
124297,mot_201011_so_353.pdf,147651,pdf,https://data.riksdagen.se/fil/D34EE98F-8204-45E5-A01B-966E028E9EDD,124295
672189,mot_202324__2429.docx,70525,docx,https://data.riksdagen.se/fil/25C58935-16E7-4E20-817A-157762C03B11,672187
3298016,MOT_200607_So_247.doc,54784,doc,https://data.riksdagen.se/fil/04AC6E80-9934-450E-A56E-CAB1B7483B71,3298015
780250,MOT_201112_So_237.doc,48128,doc,https://data.riksdagen.se/fil/83E4148E-34AB-40D7-8977-16B99BB96368,780249
537251,mot_201718__1158.docx,56841,docx,https://data.riksdagen.se/fil/C4C1C0C5-003C-4D9C-AB12-AB413F81E401,537249
1049951,mot_202526__3953.docx,95854,docx,https://data.riksdagen.se/fil/55E3FAC0-5975-4B7E-95F0-1215B95F6EF7,1049949
867773,mot_202526__1190.docx,72395,docx,https://data.riksdagen.se/fil/D6E3F24F-8213-4359-A782-B23F9BF79C54,867771
463631,mot_202122__988.docx,76589,docx,https://data.riksdagen.se/fil/7FEFAE4B-A06E-4A40-9628-62C423EA95EC,463629
387089,mot_201718__1766.pdf,76527,pdf,https://data.riksdagen.se/fil/2D137080-F6E2-4A20-8858-422ACCDD6694,387088
874955,mot_202526__1155.pdf,76332,pdf,https://data.riksdagen.se/fil/1AFA6EDE-0BD8-444E-A7B0-1C50DE1E3FD9,874954
1920671,mot_202223__1895.docx,75275,docx,https://data.riksdagen.se/fil/876073CC-68D8-45F8-B2D2-93C1C3F7A372,1920669
1092257,MOT_200607_Sk_259.doc,41472,doc,https://data.riksdagen.se/fil/84945D4A-B780-4DD4-BC49-B7BCE472518F,1092256
577831,MOT_201112_Sf_343.doc,48128,doc,https://data.riksdagen.se/fil/20BB9BF7-BC0B-40E3-AC97-473C046E64DB,577830
514698,MOT_200708_Ju_341.doc,38912,doc,https://data.riksdagen.se/fil/2FB8288E-407F-4112-B129-DEBD9DF070F2,514697
3128849,mot_201314_so_336.pdf,133504,pdf,https://data.riksdagen.se/fil/C84A1FF8-D6C1-4C7B-80FB-E9521AD3CD1B,3128845
634482,MOT_201011_MJ_447.doc,62464,doc,https://data.riksdagen.se/fil/7E258CE9-48EA-45C1-B9D5-9F9DD8767E03,634481
1908127,MOT_201314_So_433.doc,56832,doc,https://data.riksdagen.se/fil/3B3382D8-25D1-46E0-BFE3-8302B0189B07,1908126
1070445,mot_202526__2990.docx,78930,docx,https://data.riksdagen.se/fil/BB946FBD-6A80-47E5-A0D4-BD7011C8D7A2,1070443
1467787,mot_202122__2746.docx,70865,docx,https://data.riksdagen.se/fil/06989F35-F2A7-48F9-8FD0-9C00BE3FF49F,1467785
646632,mot_201112_n_341.pdf,131950,pdf,https://data.riksdagen.se/fil/34F00591-64C6-4BE2-AB9D-BED3EEAA9415,646630
1258496,mot_201314_c_340.pdf,138575,pdf,https://data.riksdagen.se/fil/81DA79D1-4F52-4DDC-848C-970543A12761,1258494
3237794,MOT_200910_Kr_214.doc,41984,doc,https://data.riksdagen.se/fil/83E02B1D-B79C-4990-A412-79D64A6D8E32,3237793
1631596,mot_202526__3696.docx,78712,docx,https://data.riksdagen.se/fil/2F2EAF5A-DB27-42E0-BAB8-2B7EC7EC1BF5,1631594
1884978,MOT_201011_N_347.doc,48640,doc,https://data.riksdagen.se/fil/24CB56E2-6FAF-49B7-BC2F-933AF2E8FA98,1884977
278086,mot_200506_ub_436.pdf,152068,pdf,https://data.riksdagen.se/fil/61A042DC-DF5C-494F-850B-637C52912B6F,278084
2125010,mot_202526__9.docx,72231,docx,https://data.riksdagen.se/fil/4531E660-327C-470B-A6FE-2941704F4916,2125008
1162341,mot_202122__1486.docx,72683,docx,https://data.riksdagen.se/fil/8BB0C00C-C10B-4460-ACBC-9340FA38DDCC,1162339
1305329,mot_200910_so_581.pdf,138896,pdf,https://data.riksdagen.se/fil/A0613998-4D8A-4BE0-9D2E-00C97639AA4A,1305327
2256337,mot_201516__535.docx,48318,docx,https://data.riksdagen.se/fil/F498B75E-53AD-4BEF-8460-21D568460544,2256335
793316,mot_201718__2105.docx,56778,docx,https://data.riksdagen.se/fil/E6D5F52E-7231-49E8-B6CB-A7608F71F1DF,793314
1564484,mot_201617__1559.pdf,62047,pdf,https://data.riksdagen.se/fil/5B502909-33B3-4E6F-B1BF-E675ED3D1C5F,1564483
489747,MOT_200607_MJ_238.doc,41472,doc,https://data.riksdagen.se/fil/A97B71F2-3206-401D-8DCD-46DDA7A23F36,489746
1826472,mot_201415__1962.docx,47148,docx,https://data.riksdagen.se/fil/471738A3-456D-4BF1-8C09-D419846DD2B3,1826470
177748,mot_202021__3099.pdf,97129,pdf,https://data.riksdagen.se/fil/17E33D7E-BD66-485D-83CE-386FF865F898,177747
561206,prop_200506__72.pdf,550407,pdf,https://data.riksdagen.se/fil/A0089FB1-158D-4B7A-948B-A859F87026CA,561205
1379292,MOT_201314_Ub_402.doc,56320,doc,https://data.riksdagen.se/fil/DB6E1761-2174-436F-AA06-D67966190755,1379291
2082073,mot_202021__960.pdf,80114,pdf,https://data.riksdagen.se/fil/85989FAF-4583-4E56-8FBC-80639DE18883,2082072
1740932,mot_201213_a_294.pdf,128083,pdf,https://data.riksdagen.se/fil/C2C69B0E-1114-4F8D-BFA1-10BB1C084636,1740930
832058,mot_202324__2471.pdf,80713,pdf,https://data.riksdagen.se/fil/B1075296-5094-481E-BFB7-ABA3FF5554F5,832057
3114417,mot_201112_a_309.pdf,201687,pdf,https://data.riksdagen.se/fil/A20D1998-8118-4C01-BB8C-428EE18CDB98,3114415
1287738,MOT_201213_So_378.doc,57344,doc,https://data.riksdagen.se/fil/DAEA0D31-8213-4273-A2E1-1836A965E010,1287737
1453163,mot_202122__2850.docx,71204,docx,https://data.riksdagen.se/fil/81C12395-B302-40B4-B14D-73B87C73042C,1453161
2159712,mot_201516__189.pdf,75751,pdf,https://data.riksdagen.se/fil/40A9E046-4FB4-4F17-A3D8-58A82495416A,2159711
1923049,mot_202021__949.pdf,68431,pdf,https://data.riksdagen.se/fil/BB294292-8268-4859-9545-E1D00343561E,1923048
1127359,prop_201516__30.pdf,238556,pdf,https://data.riksdagen.se/fil/086141BE-81A6-4743-B7A4-14918AD73173,1127358
1588572,mot_201617__2320.pdf,70009,pdf,https://data.riksdagen.se/fil/83B91568-019F-4251-9939-EBFD201E6EAB,1588571
1296495,mot_200809_n_410.pdf,129935,pdf,https://data.riksdagen.se/fil/87D7C023-C4EC-408E-A72D-7F77DAF13414,1296493
2003479,mot_202425__1731.docx,72152,docx,https://data.riksdagen.se/fil/9AA5A19D-B175-4E40-88B1-EC4A0BE8D3E7,2003477
627308,mot_201314_mj_414.pdf,126067,pdf,https://data.riksdagen.se/fil/CA4139BE-8CEC-480F-A1A2-AA5791FA15F7,627306
451394,mot_202122__876.docx,73127,docx,https://data.riksdagen.se/fil/5C06A640-4DFF-4D2A-82F7-26A83DF68416,451392
871303,mot_201920__1907.pdf,70946,pdf,https://data.riksdagen.se/fil/857A4781-EF7B-4D79-949C-4792A59FCD8A,871302
1022376,mot_201718__3873.docx,59171,docx,https://data.riksdagen.se/fil/E4B81A1A-C9F8-400B-A2DA-F32EACC01487,1022374
328032,201718SfU13_20180202093431_Publicering.pdf,300713,pdf,https://data.riksdagen.se/fil/ACA3AA73-95B9-4EA2-93EA-0E07F64A6E44,328031
617557,mot_201718__2884.pdf,69987,pdf,https://data.riksdagen.se/fil/038B5A20-1078-4323-9E51-C6BDB343137E,617556
2220047,mot_202021__2665.docx,71748,docx,https://data.riksdagen.se/fil/6841B466-9FBD-46F1-88F5-9F6EAB465BF9,2220045
1404441,mot_202122__2269.pdf,78789,pdf,https://data.riksdagen.se/fil/886CA5A9-1151-4BB2-97ED-5158599552C4,1404440
308140,mot_200910_mj_393.pdf,115304,pdf,https://data.riksdagen.se/fil/DD40AF70-870D-4DC7-AE3D-F57A277467DC,308138
1758734,mot_201112_sk_306.pdf,113538,pdf,https://data.riksdagen.se/fil/6CE8B844-D375-4B59-B324-E906F0DBA5EE,1758729
3331549,mot_202021__1477.docx,71088,docx,https://data.riksdagen.se/fil/52BECD49-9DEA-4414-81BE-7350FDE6E94E,3331547
442962,mot_202122__689.docx,73789,docx,https://data.riksdagen.se/fil/65A30D13-9E34-4F2F-BF37-6CB7E101A58A,442960
1968168,mot_202425__1189.docx,71138,docx,https://data.riksdagen.se/fil/653D1C12-80A7-4F05-9547-F0D5FC5F3062,1968166
66363,MOT_201213_C_279.doc,55296,doc,https://data.riksdagen.se/fil/CB4F3E2D-0E0E-4193-88FF-A3C26B00FCEA,66362
1570958,mot_201415__636.pdf,67715,pdf,https://data.riksdagen.se/fil/342BE0EF-CB8F-4BF5-9A1C-F97FBC739EBE,1570957
1871233,mot_200607_ju_280.pdf,164132,pdf,https://data.riksdagen.se/fil/DD382A84-41DE-4DF5-A9EB-99F9A2BF0036,1871231
1344650,mot_200506_so_625.pdf,131732,pdf,https://data.riksdagen.se/fil/7B24703E-2D1C-4949-A110-BDB712DE591C,1344648
2255860,mot_200809_fi_213.pdf,130747,pdf,https://data.riksdagen.se/fil/14231617-B78D-4B6F-859A-FECEFC6962B8,2255858
3270066,mot_202425__2528.docx,71675,docx,https://data.riksdagen.se/fil/1B07CBA9-873F-411C-87CD-ABE962750B50,3270064
3241508,MOT_200910_C_280.doc,44032,doc,https://data.riksdagen.se/fil/535FA392-D1F8-4D25-AA4E-CA8744482ABF,3241507
1321286,mot_202122__2656.docx,71132,docx,https://data.riksdagen.se/fil/44289453-606C-41D3-84F2-574E926636B3,1321284
986917,MOT_200809_So_557.doc,41984,doc,https://data.riksdagen.se/fil/E6DC2C59-2A4E-4BA6-B3CC-1CBA91ABB90E,986915
780211,mot_201718__2025.docx,57931,docx,https://data.riksdagen.se/fil/CD2B6FE9-7A2B-4D90-B094-15782E8A211E,780209
187727,mot_201112_u_215.pdf,132269,pdf,https://data.riksdagen.se/fil/BE43DB84-FFB8-46C2-AF9D-411BC128984F,187725
1817495,mot_200506_sf_20.pdf,169290,pdf,https://data.riksdagen.se/fil/577C30A5-D184-446C-886D-F17D581ED993,1817493
2056099,prop_200910__204.pdf,1904268,pdf,https://data.riksdagen.se/fil/9797D329-85C6-4614-B820-7C38EBEB0F2B,2056098
819605,mot_201819__728.docx,70760,docx,https://data.riksdagen.se/fil/FD66D508-6A11-4116-97C7-E464FA791E36,819603
786688,mot_200607_c_229.pdf,124149,pdf,https://data.riksdagen.se/fil/B5FC4F4D-70E4-4305-A1B7-2EC4BB0E4017,786686
1576058,MOT_200708_U_15.doc,122880,doc,https://data.riksdagen.se/fil/C91EA2B8-4718-454A-96BA-DF90BCC187A1,1576057
846327,mot_201718__3600.pdf,170568,pdf,https://data.riksdagen.se/fil/C1ABBDE0-E716-4B2C-B56C-4D4CFB1AC98C,846326
995492,mot_201718__3062.docx,60032,docx,https://data.riksdagen.se/fil/2328293C-DCDA-4370-8934-800194D922E9,995490
1451438,MOT_200506_K_392.doc,40448,doc,https://data.riksdagen.se/fil/1DB91EB2-9318-45C8-A109-3BD4657AEED9,1451437
1628381,mot_201617__1520.pdf,71649,pdf,https://data.riksdagen.se/fil/311F38CD-F2F3-473D-87A2-D4FB89531B78,1628376
1135901,MOT_200506_Sf_409.doc,55808,doc,https://data.riksdagen.se/fil/7F642151-2BB0-4DDB-BE5B-9439FBB56803,1135898
1264103,mot_202526__2310.docx,83166,docx,https://data.riksdagen.se/fil/A7C41DA7-2669-49EB-BB4B-95129211CF96,1264101
580674,mot_201516__2624.pdf,68358,pdf,https://data.riksdagen.se/fil/BA621A41-CA0A-4335-911B-276974CE2F64,580673
1653731,mot_200506_kr_295.pdf,138596,pdf,https://data.riksdagen.se/fil/8CA8F1B8-ED32-41CE-BDC2-59A5C0C1B706,1653729
2230538,mot_201011_sf_222.pdf,123661,pdf,https://data.riksdagen.se/fil/41B866F7-1606-4711-87AF-6696D5DAE8FC,2230536
953647,mot_201718__3121.docx,64388,docx,https://data.riksdagen.se/fil/5A40B75F-B29C-4D9A-9E37-48AADE61B563,953645
3288746,mot_202021__1384.docx,69981,docx,https://data.riksdagen.se/fil/53C31E98-4732-4E6D-8AA3-182EAEBC0000,3288744
179298,MOT_200910_N_343.doc,37888,doc,https://data.riksdagen.se/fil/704B9086-1668-40A4-8A1B-D30260357C5F,179297
1317344,mot_201415__3033.docx,46669,docx,https://data.riksdagen.se/fil/C0082C14-A3FB-4D0D-9313-A87B40709D08,1317342
1303198,mot_201920__662.pdf,75595,pdf,https://data.riksdagen.se/fil/3045D134-6323-4E4A-9255-576B6E0FB4D6,1303197
1348534,mot_202526__2121.pdf,70873,pdf,https://data.riksdagen.se/fil/3CE3E537-297A-4B3F-A497-3AF1D6B3C5D9,1348533
1062289,MOT_200809_T_280.doc,38912,doc,https://data.riksdagen.se/fil/F84CA915-F0D3-4527-AE12-652B5005C31A,1062288
1026137,mot_201920__1170.docx,70337,docx,https://data.riksdagen.se/fil/482CCC59-73BA-4CEC-A20E-E25A0C5E9164,1026135
282065,mot_202021__3612.pdf,85232,pdf,https://data.riksdagen.se/fil/BC6DE205-E5F8-4510-B19E-D6BC9B56B739,282064
1778585,mot_202122__3477.docx,71062,docx,https://data.riksdagen.se/fil/DFC9839A-235B-452D-B498-34403B54485E,1778583
76812,mot_201718__685.pdf,78818,pdf,https://data.riksdagen.se/fil/42D0F995-3129-453A-BA25-A1F592554460,76811
1183330,bet_200001_bou_4.pdf,351946,pdf,https://data.riksdagen.se/fil/0D02BF3D-1865-401D-A874-84F043817BC7,1183328
312495,MOT_201112_T_390.doc,50688,doc,https://data.riksdagen.se/fil/B31875A9-6BFE-46D6-B412-36D9CA71F114,312494
1966967,2022_23_JuU6_20230207143621_Publicering.pdf,217404,pdf,https://data.riksdagen.se/fil/F8EB1153-0E58-4C72-83B9-EAACF218AAE8,1966966
984654,mot_200506_ju_220.pdf,116726,pdf,https://data.riksdagen.se/fil/DC4C3E17-23CA-4A83-BEE9-A24CC07E8703,984652
1705565,mot_202122__3966.docx,75957,docx,https://data.riksdagen.se/fil/28455614-E441-45D5-88C5-F86CA3F07536,1705563
1138120,mot_202526__2293.pdf,84575,pdf,https://data.riksdagen.se/fil/2372DB7D-B598-48D5-B3CA-226336AA5CF6,1138119
936927,BET_200405_JuU_35.pdf,15763472,pdf,https://data.riksdagen.se/fil/69EA4C4F-E818-4916-A354-7D30787FABC5,936926
1122691,prop_201617__1_d24.pdf,1665136,pdf,https://data.riksdagen.se/fil/05534D35-F099-4936-988E-E8D40AB26BD5,1122667
742806,mot_201920__2262.pdf,76849,pdf,https://data.riksdagen.se/fil/5DDE6B14-6A21-4229-9292-0A2A212377B6,742803
908740,mot_201718__3887.pdf,104636,pdf,https://data.riksdagen.se/fil/C1E2F2B2-202E-4EDA-8C51-EEC8224C8389,908739
1932154,mot_201617__3644.docx,63728,docx,https://data.riksdagen.se/fil/D2AF6A68-9D22-48D5-9551-6E9DC79C35E2,1932152
3325886,mot_202021__1684.docx,72141,docx,https://data.riksdagen.se/fil/6B97A05A-FD7B-4FB7-BEEA-31655BE94C2A,3325884
1376270,2012_13_JuU16.pdf,82351,pdf,https://data.riksdagen.se/fil/66219929-9649-4E71-B6FD-D37065F45ED7,1376269
1001963,prop_201718__22.pdf,619106,pdf,https://data.riksdagen.se/fil/56F699EC-F27D-47B7-9DE9-20FD9CB5F159,1001962
1357234,MOT_201213_So_590.doc,56320,doc,https://data.riksdagen.se/fil/EAFBF442-0203-451F-BBC8-470A87C36628,1357233
1203433,mot_201920__871.pdf,67618,pdf,https://data.riksdagen.se/fil/C93B4800-E377-4ECC-90C3-BDD25873B5C8,1203432
1038814,MOT_200607_Ub_343.doc,42496,doc,https://data.riksdagen.se/fil/EA7E74B4-8F8E-4379-91FE-8F131286FBCA,1038813
916058,MOT_200910_Ub_446.doc,41984,doc,https://data.riksdagen.se/fil/18516E35-71DA-4A31-94D4-7CE3592C6150,916057
2227906,mot_201617__54.pdf,92975,pdf,https://data.riksdagen.se/fil/4CB9A200-CD4D-4456-BD99-70BAE1E3026C,2227905
2100863,mot_201314_ju_383.pdf,159304,pdf,https://data.riksdagen.se/fil/A6B31084-3B7D-48D0-84D4-3D8F97268A31,2100861
188736,mot_201112_t_412.pdf,172215,pdf,https://data.riksdagen.se/fil/BFEE28F3-DDE4-4D4D-9904-627FCFC5D9D8,188734
1955595,mot_202122__4239.docx,75776,docx,https://data.riksdagen.se/fil/870B78DE-6AD9-4471-A6F4-945F4D8F840A,1955593
308619,mot_200910_mj_365.pdf,150804,pdf,https://data.riksdagen.se/fil/00C089CD-3BD8-4DE1-9D34-02B4ED511568,308617
1696793,BET_200405_MJU_13.pdf,164937,pdf,https://data.riksdagen.se/fil/99DCCE8E-7C72-40A7-A4E7-3CD582AD6D4B,1696792
654287,MOT_201112_N_224.doc,48128,doc,https://data.riksdagen.se/fil/D56A93F9-77F6-43A5-97D3-BE95F9567703,654286
459298,MOT_200506_N_21.doc,47616,doc,https://data.riksdagen.se/fil/3150287B-53DB-42A8-9D7F-95070EB10C94,459297
1180927,mot_200910_a_429.pdf,123961,pdf,https://data.riksdagen.se/fil/57BF754A-7FCB-4D32-9627-058699CDB8A4,1180925
1420987,MOT_201011_Ub_444.doc,50176,doc,https://data.riksdagen.se/fil/13F8183D-1F99-48B9-9436-0CA63409B017,1420986
162141,mot_200506_ub_540.pdf,133324,pdf,https://data.riksdagen.se/fil/A92597B6-0D6F-4040-B578-D19D6ADCB6DD,162139
1264688,MOT_201213_So_396.doc,55296,doc,https://data.riksdagen.se/fil/5B11B5BF-94A1-4B2B-8570-B7685C6434A3,1264687
1437710,mot_202122__4097.docx,72732,docx,https://data.riksdagen.se/fil/2D1D883E-8DDA-4766-9FC6-9935B7D1506C,1437708
495852,mot_201718__1746.pdf,85852,pdf,https://data.riksdagen.se/fil/1D092013-F084-4697-A3D0-D8C0F22F8E2D,495851
1008349,prop_201718__83.pdf,594913,pdf,https://data.riksdagen.se/fil/693F2D62-15E2-4FF4-8A74-75BFFBFBC15A,1008348
1467338,mot_202122__2751.pdf,69058,pdf,https://data.riksdagen.se/fil/EF923E27-48B5-408C-875D-A613A15AEC6D,1467337
750229,mot_201920__2078.pdf,70681,pdf,https://data.riksdagen.se/fil/913A07A7-7C15-451E-8538-25EB6CDF385F,750228
339089,MOT_200506_Sk_389.doc,43008,doc,https://data.riksdagen.se/fil/B373DAB9-40F0-40A4-9E28-A717CE1F10B5,339088
824704,mot_200809_ju_431.pdf,116024,pdf,https://data.riksdagen.se/fil/4076642E-8074-4B09-BAC3-E4520E8BEF41,824702
996252,mot_201213_ju_2.pdf,194745,pdf,https://data.riksdagen.se/fil/9CE8B326-CB81-472D-A2CF-CBB4AB3C655E,996250
2167071,mot_200809_sk_307.pdf,118901,pdf,https://data.riksdagen.se/fil/8EDDD0E6-FA03-41C2-A6E4-864F573F79D4,2167069
1214813,mot_200506_so_499.pdf,211947,pdf,https://data.riksdagen.se/fil/0D11BA44-2D7F-4411-AE6E-83DBFB2B65E9,1214811
652551,mot_202324__2675.pdf,105301,pdf,https://data.riksdagen.se/fil/22CEC6A6-A000-4B98-B16B-BCF05E539E1D,652550
1490678,mot_201415__704.pdf,73813,pdf,https://data.riksdagen.se/fil/0C400D89-ECD8-41AF-8E5A-366EC5F906C1,1490677
3324313,MOT_200506_MJ_487.doc,75776,doc,https://data.riksdagen.se/fil/23C5A816-2745-4B7C-9B59-9338AC8F2875,3324312
1718061,mot_202324__543.docx,70740,docx,https://data.riksdagen.se/fil/2866E102-64A1-4924-8725-1D67C951EDDD,1718059
1891089,mot_202425__2255.pdf,77493,pdf,https://data.riksdagen.se/fil/046FD818-FD36-4C87-A195-0C8A952105F0,1891088
1607716,MOT_200506_K_246.doc,59392,doc,https://data.riksdagen.se/fil/3554F83A-AD15-418E-B20C-959FEAF2B682,1607715
1661132,BET_200304_TU_2.pdf,891896,pdf,https://data.riksdagen.se/fil/CDE4F026-4676-4543-AF78-442983D00463,1661131
1063395,mot_202324__1067.pdf,75763,pdf,https://data.riksdagen.se/fil/F26B0228-94FA-40A1-A62A-566FE74BAB24,1063394
153252,MOT_201213_Sk_379.doc,57856,doc,https://data.riksdagen.se/fil/AAC08961-92AE-465B-AC74-BADE752E7CC5,153251
1382329,mot_201819__1304.pdf,76243,pdf,https://data.riksdagen.se/fil/12545C56-FA8D-454B-91DF-0C33E391E5F5,1382328
1516075,skr_201011__39.pdf,142589,pdf,https://data.riksdagen.se/fil/F61DD89E-B6BB-4B7F-9339-9ABA9FD52116,1516074
1654239,mot_202526__3122.pdf,76162,pdf,https://data.riksdagen.se/fil/9D0A33F3-C78F-480D-98D7-9E6898140959,1654238
391186,prop_200304__21_d2.pdf,10685,pdf,https://data.riksdagen.se/fil/088C7D56-A15B-4E5F-9524-674BADE49251,391185
1482509,mot_202223__1548.pdf,77581,pdf,https://data.riksdagen.se/fil/BE576657-FF04-4F73-A7F4-821A3655C14E,1482508
756200,mot_201718__2564.docx,57820,docx,https://data.riksdagen.se/fil/6970E220-21A6-457E-82BD-686EFE8C3BD7,756198
751369,mot_201920__2097.pdf,70376,pdf,https://data.riksdagen.se/fil/B5856A5E-3043-477F-931C-BB25307486DF,751368
1529963,MOT_200910_Sf_339.doc,39424,doc,https://data.riksdagen.se/fil/93A2003F-092C-44D3-B65E-040D60258DE1,1529962
155236,MOT_200809_A_309.doc,40960,doc,https://data.riksdagen.se/fil/298D0050-9C5D-426D-AF89-8971D87271CC,155235
1715596,mot_202425__2918.docx,71525,docx,https://data.riksdagen.se/fil/025C48E9-D8BE-4CEE-86A3-DBA44D81114A,1715594
279387,bet_200102_lu_24.pdf,172608,pdf,https://data.riksdagen.se/fil/E340FA41-8AB3-4C54-9924-CC48FD0F44A4,279385
246754,BET_200506_LU_6.pdf,137559,pdf,https://data.riksdagen.se/fil/4E9939D0-6CC7-4677-9975-D6DB82417D5D,246753
746304,mot_201112_kr_323.pdf,129348,pdf,https://data.riksdagen.se/fil/CB71E1EE-BA23-4D24-A8EC-2FBBB2502D75,746302
1940405,2009_10_SoU25.pdf,536577,pdf,https://data.riksdagen.se/fil/BD30C4AA-0364-4597-940B-4292DAFBBA28,1940404
3247115,MOT_201314_N_325.doc,55296,doc,https://data.riksdagen.se/fil/C26C4A74-BEA6-4737-ACB6-BBDF6515274A,3247114
579221,BET_200304_SkU_5.pdf,179610,pdf,https://data.riksdagen.se/fil/54F1D48D-E3A3-4CB4-99E8-7481BA24A375,579220
2065132,mot_202223__2040.pdf,78729,pdf,https://data.riksdagen.se/fil/65C5F524-6729-40F3-BC21-8B5C69B8065F,2065131
1390299,mot_202526__3052.docx,81571,docx,https://data.riksdagen.se/fil/6EAD886E-5221-46A9-916B-3A8ABCC35686,1390297
875159,mot_202324__1585.docx,72506,docx,https://data.riksdagen.se/fil/09498C71-A9C4-455A-AC60-837D43DC5966,875157
1567085,mot_201415__941.pdf,76456,pdf,https://data.riksdagen.se/fil/1C469C24-AECA-47DA-A608-CC5652D13118,1567084
365105,mot_201516__1979.pdf,64190,pdf,https://data.riksdagen.se/fil/8FCCBB13-9408-4E80-8A3A-C98D62DAF53B,365104
1427040,mot_201415__2548.pdf,67347,pdf,https://data.riksdagen.se/fil/EA35151B-CA64-4E6D-A611-D66E1CB08C99,1427039
1742838,mot_202425__2297.docx,72620,docx,https://data.riksdagen.se/fil/9CF44EA1-2370-4E26-850C-9BBAA25617BA,1742836
1579836,MOT_201314_K_270.doc,56320,doc,https://data.riksdagen.se/fil/EC5625EA-3979-4290-AD7E-42C62EE01471,1579835
55388,2010_11_JuU8.pdf,431023,pdf,https://data.riksdagen.se/fil/DD68AE2B-5D5C-420A-8315-B3AC7A8754F1,55387
1789194,mot_202324__935.pdf,76517,pdf,https://data.riksdagen.se/fil/EE6F1382-B759-4FF2-BFDB-1533A8CFF43A,1789193
459540,MOT_200506_N_27.doc,48128,doc,https://data.riksdagen.se/fil/F9A7B9CB-8A60-4219-8D72-329F2830C0F0,459539
913222,MOT_200910_Fö_233.doc,44032,doc,https://data.riksdagen.se/fil/908CFDED-4DCE-4136-88BF-5D45F5D52657,913221
1589780,mot_201415__792.pdf,63272,pdf,https://data.riksdagen.se/fil/5A183E6C-DF5A-4195-B4C5-B575E555481E,1589779
1416160,mot_201415__2665.pdf,71662,pdf,https://data.riksdagen.se/fil/A1D0A74E-6684-4DD4-8F63-8706C4B0C5BF,1416159
1864502,mot_201112_a_230.pdf,128035,pdf,https://data.riksdagen.se/fil/8476F168-8F0B-4711-B9BA-8A01C734ACA8,1864500
3330310,mot_202021__1334.docx,69104,docx,https://data.riksdagen.se/fil/2504C132-ED73-4B49-AE53-DD9C6B241073,3330308
1403864,mot_202122__2434.pdf,102660,pdf,https://data.riksdagen.se/fil/DAD83632-C580-45FA-AA78-6C30F8E33C26,1403863
526059,mot_200708_ju_293.pdf,133118,pdf,https://data.riksdagen.se/fil/A43EBD5C-3A57-4F1A-96B0-5EAC17BEE9B7,526057
611045,bet_200102_nu_7.pdf,312524,pdf,https://data.riksdagen.se/fil/8CD8E987-E105-473A-A287-05190B8A2054,611043
1898912,mot_201617__3233.pdf,77302,pdf,https://data.riksdagen.se/fil/83681D1E-ADC7-4530-96CF-6203191BDCCA,1898911
1064444,mot_202324__1614.pdf,75259,pdf,https://data.riksdagen.se/fil/3E5EEC75-1F5C-447E-A2C2-615BA6C0FABA,1064443
1590825,mot_201415__719.docx,45800,docx,https://data.riksdagen.se/fil/4FB44C7F-21EA-4E92-A2D2-69472B0AB213,1590823
3227924,prop_202324__17.pdf,1638810,pdf,https://data.riksdagen.se/fil/9AF0CCF0-2CFD-44BA-85FE-78BF42220B1C,3227923
2101168,mot_202223__2310.pdf,77040,pdf,https://data.riksdagen.se/fil/EEDC0C57-BE66-463D-B9D1-F4C10FAA994B,2101167
1052512,MOT_200809_T_303.doc,38912,doc,https://data.riksdagen.se/fil/8258D66C-EECA-4F5B-B902-BCB29CE77083,1052511
1594698,BET_200304_KU_8.doc,79872,doc,https://data.riksdagen.se/fil/D05F41BE-7643-4794-8A8B-5072574C5484,1594697
1540422,mot_201617__2054.docx,51431,docx,https://data.riksdagen.se/fil/B3FA9AE9-14F8-4809-ABB4-53D9C2C6CA10,1540420
2105506,mot_202021__719.docx,70873,docx,https://data.riksdagen.se/fil/95145EA6-EA73-4E4B-A5F6-E6282201FE0D,2105504
979215,mot_201920__1874.docx,69590,docx,https://data.riksdagen.se/fil/FBA836A2-CBE1-49E9-BB3F-E0ACE0E9569D,979213
702121,mot_201718__2984.pdf,68668,pdf,https://data.riksdagen.se/fil/42B142EE-F11C-4EE5-AFEC-75DC91F900FC,702120
1389084,MOT_201314_Ub_499.doc,61440,doc,https://data.riksdagen.se/fil/A40A4783-80E5-4EDB-B791-CA02A29EA104,1389083
1030926,mot_201718__3575.docx,58374,docx,https://data.riksdagen.se/fil/89DE1790-2F58-4A48-B8B8-ED0144A763D4,1030924
2020821,MOT_200708_T_255.doc,37888,doc,https://data.riksdagen.se/fil/BA6CE677-4C9B-4F79-BEF5-E42D4696E52C,2020820
763451,mot_201920__2420.docx,68904,docx,https://data.riksdagen.se/fil/EBC738BF-EFB9-4110-9A19-FDAF5892E401,763449
626169,BET_200102_TU_5.doc,96768,doc,https://data.riksdagen.se/fil/FA073113-CFA1-4360-B682-8E506554A24C,626168
1887147,MOT_200910_K_266.doc,39936,doc,https://data.riksdagen.se/fil/25FDAD2A-4AB4-4496-8B9B-683B5A123AF1,1887146
1064238,mot_201718__3403.pdf,73599,pdf,https://data.riksdagen.se/fil/E1FE91D4-D3F7-406B-8F9D-C59DE4390A16,1064237
952592,mot_202526__1691.docx,79439,docx,https://data.riksdagen.se/fil/44262ADC-8EFC-495C-995F-3014C6A137CE,952590
1269757,mot_201011_c_330.pdf,180582,pdf,https://data.riksdagen.se/fil/A06E7C84-6F53-4648-A4D7-1D49235E1A2B,1269755
2227443,2012_13_MJU8.pdf,237021,pdf,https://data.riksdagen.se/fil/62C24A49-605B-4ABB-A324-D0247BE2B7E3,2227442
1158460,mot_202526__2323.pdf,72532,pdf,https://data.riksdagen.se/fil/5B0F03CB-C8AC-45C3-B471-37D4D8C139AD,1158459
1905453,mot_201617__3501.pdf,67005,pdf,https://data.riksdagen.se/fil/DE802757-36AB-4B1D-A1C5-8EDB8ED12C9E,1905452
243684,MOT_200809_Ub_531.doc,40448,doc,https://data.riksdagen.se/fil/69543880-F094-4F00-943A-82805A5A2611,243683
1359965,mot_201314_ub_217.pdf,131278,pdf,https://data.riksdagen.se/fil/ACB17304-FD93-4641-89BE-D4529D4CE4D5,1359963
933528,MOT_200809_Ju_328.doc,38912,doc,https://data.riksdagen.se/fil/0CA9E14C-7E09-4DF9-A1A3-9F03C5FFC084,933527
1928922,2021_22_SkU22_20220426145536_Publicering.pdf,274884,pdf,https://data.riksdagen.se/fil/29BCC613-0FA9-4AFA-B8EC-B8188B481AC8,1928921
193369,mot_201516__1032.docx,48585,docx,https://data.riksdagen.se/fil/FB261C8A-F2AB-43AF-B576-0EE7FBA966C3,193367
1552231,prop_200304__150_d3.pdf,1455120,pdf,https://data.riksdagen.se/fil/814A3E51-79E6-4ED3-B17D-D83D1D363FD1,1552228
926461,mot_201718__3095.docx,72028,docx,https://data.riksdagen.se/fil/1D2630DD-E621-49A9-A56F-C42F943CC47E,926459
414778,mot_202526__574.docx,70273,docx,https://data.riksdagen.se/fil/50A6BAE3-6D66-48CA-8C1D-B4565F56699A,414776
2043803,MOT_200809_Ub_215.doc,39424,doc,https://data.riksdagen.se/fil/BBB87C28-67DE-478C-B271-BA9357E4077B,2043802
2253256,mot_201011_sf_337.pdf,151755,pdf,https://data.riksdagen.se/fil/A0150FA9-B13A-4E96-9B86-0F2DAD37F604,2253254
736879,mot_201011_a_253.pdf,242334,pdf,https://data.riksdagen.se/fil/87F39151-8CA7-4505-B748-17303A58E9B9,736877
3340577,MOT_200910_T_540.doc,39936,doc,https://data.riksdagen.se/fil/F23BF959-54CD-4C6C-93FA-B19A173CE778,3340576
1175872,2012_13_SoU26.pdf,1617943,pdf,https://data.riksdagen.se/fil/15547A52-72B5-4F1A-A387-26381893CE82,1175871
623127,MOT_201213_N_227.doc,66048,doc,https://data.riksdagen.se/fil/0CBD703E-3D4C-4749-99A4-9DDD9D9C118A,623126
1983762,MOT_200506_Mj_360.doc,40960,doc,https://data.riksdagen.se/fil/C3114D14-34EB-4AF1-A594-189131FB4444,1983761
3241770,mot_201617__283.docx,51719,docx,https://data.riksdagen.se/fil/ADDA790F-19BA-4571-AC26-4D744535C426,3241768
1751349,mot_201617__1498.pdf,57693,pdf,https://data.riksdagen.se/fil/11E9EF47-28C7-44D6-B01A-111D27656A8C,1751348
998256,mot_201718__3852.pdf,71405,pdf,https://data.riksdagen.se/fil/CBA5B0EE-7781-47AB-BEE3-201FD8C9A289,998254
1399096,MOT_201011_U_6.doc,60928,doc,https://data.riksdagen.se/fil/A29F69E3-D0B7-46C6-8DA0-62E5BF4074E5,1399095
1382917,mot_201213_so_330.pdf,168345,pdf,https://data.riksdagen.se/fil/1482DE7C-F509-4676-A913-82B2CF113C34,1382915
618429,MOT_201112_So_240.doc,47616,doc,https://data.riksdagen.se/fil/9A72BF46-3059-41A4-A23E-6E272FFA455D,618428
2251277,mot_200506_n_337.pdf,161433,pdf,https://data.riksdagen.se/fil/E1621C9A-2E5E-4A4A-887E-28C9A987899F,2251275
1958781,mot_202021__574.pdf,79258,pdf,https://data.riksdagen.se/fil/F156D450-FABE-4F35-898C-68CD60F6DC4A,1958780
1085803,mot_202526__4135.pdf,90272,pdf,https://data.riksdagen.se/fil/01F0A7DE-01A5-4653-82FD-2235DF352A01,1085802
68828,MOT_200910_N_266.doc,40448,doc,https://data.riksdagen.se/fil/DBC44BFB-3981-4232-A8B8-291F3BFC6198,68827
140805,mot_201011_so_261.pdf,132867,pdf,https://data.riksdagen.se/fil/6F9E308D-8392-4643-A643-55A1822A62A0,140803
383107,mot_202021__3509.pdf,72954,pdf,https://data.riksdagen.se/fil/4A4CC6FE-22F0-40C2-9378-AD3DC5BADC8F,383106
3269105,mot_201213_mj_227.pdf,131200,pdf,https://data.riksdagen.se/fil/C6F2846F-7F46-49A8-96B8-B8492C2CC1CA,3269103
3240450,mot_200607_ju_364.pdf,152702,pdf,https://data.riksdagen.se/fil/B947F08A-2446-441D-9CF7-4F2107853B89,3240448
78708,mot_201718__642.docx,65665,docx,https://data.riksdagen.se/fil/207307BF-358D-497A-B629-55C7855B5FF4,78706
499471,mot_202425__3278.docx,70914,docx,https://data.riksdagen.se/fil/93A1CD42-412F-4C27-8E0D-6C7F4F10C545,499469
1750305,mot_201415__1463.pdf,71199,pdf,https://data.riksdagen.se/fil/FFC442EE-021B-4439-BF09-6065C8959B72,1750302
1001104,MOT_200607_Sk_304.doc,39424,doc,https://data.riksdagen.se/fil/40237B19-61BF-44B2-8119-9A2E6AA9D0A7,1001103
226807,mot_200607_t_302.pdf,207655,pdf,https://data.riksdagen.se/fil/C700D945-A213-4878-924C-84B13B9F73FE,226805
2059933,MOT_201314_Ju_240.doc,55808,doc,https://data.riksdagen.se/fil/4C5B508F-EB47-44FD-99D1-BCA7979E5DC0,2059932
143109,mot_201112_n_7.pdf,147007,pdf,https://data.riksdagen.se/fil/B54E7B38-5A5A-46C9-9D3D-5032AA8A8846,143107
942291,MOT_200809_Sf_357.doc,60928,doc,https://data.riksdagen.se/fil/BECCD0E8-3221-4FD6-93FD-C8F5328115A9,942290
1870895,mot_200708_t_444.pdf,139472,pdf,https://data.riksdagen.se/fil/60261BFE-4304-43D0-9FD0-CAB2F51A15D5,1870893
209451,mot_201516__1384.pdf,64894,pdf,https://data.riksdagen.se/fil/189860F2-CA0D-4D7F-B887-F140F1F53EAC,209450
1235253,MOT_200506_Ju_426.doc,38912,doc,https://data.riksdagen.se/fil/F0AB4032-D70C-46E7-B69B-B9608A6FAB9C,1235252
1493662,mot_202223__1621.pdf,69970,pdf,https://data.riksdagen.se/fil/4C9AB304-31D0-4299-9B1F-47183BEB4575,1493661
1029736,mot_202223__14.pdf,84326,pdf,https://data.riksdagen.se/fil/D9C4F0D6-432F-431C-A115-BFAC79E29B1E,1029735
1949336,mot_202122__4392.pdf,92084,pdf,https://data.riksdagen.se/fil/F1B400B7-DA6B-43A6-8422-60C5895983B2,1949335
1492181,mot_200708_sk_287.pdf,116352,pdf,https://data.riksdagen.se/fil/0194D112-E9FF-4EAE-A5CE-BC2F323EFBF9,1492179
194894,MOT_201112_T_317.doc,49152,doc,https://data.riksdagen.se/fil/D8DF548F-A2CB-4F2C-9C80-12E031921B2D,194893
2198042,mot_201516__822.pdf,65948,pdf,https://data.riksdagen.se/fil/593E03EA-D888-49A0-9489-24EE8E8BF4F4,2198041
2230684,mot_201617__74.pdf,66573,pdf,https://data.riksdagen.se/fil/DA9451DB-9482-48D3-AD22-C4CDFEDF4DA3,2230683
813109,mot_200809_k_383.pdf,131225,pdf,https://data.riksdagen.se/fil/3FF62B0D-C55F-4CE2-93C0-C386161840DA,813107
1388227,mot_201819__1344.docx,70072,docx,https://data.riksdagen.se/fil/E5B8E475-7D54-41E9-B662-210244A9766A,1388225
1060296,bet_19992000_sku_14.pdf,313354,pdf,https://data.riksdagen.se/fil/76CCFFA6-D333-462A-A51B-35161CEA448D,1060294
2237661,mot_201516__426.docx,48697,docx,https://data.riksdagen.se/fil/8C5C4EF0-595E-46EB-906C-AF82194E8DCF,2237659
1584226,mot_201415__593.pdf,63039,pdf,https://data.riksdagen.se/fil/6A9AF401-2A26-4FA7-A0CD-7BAFE308B5D8,1584225
3118049,mot_200506_u_247.pdf,183580,pdf,https://data.riksdagen.se/fil/3B64A37B-B0CA-4E49-B8E1-F09BD3B693C8,3118047
585320,MOT_200708_N_345.doc,41984,doc,https://data.riksdagen.se/fil/D64B4CBD-B2AD-4B3F-9C61-0CF758EFB672,585319
129810,mot_201718__814.pdf,77670,pdf,https://data.riksdagen.se/fil/1B7804BB-0B08-4442-ABDB-1AF1BECD2319,129809
256729,mot_202425__3328.pdf,83773,pdf,https://data.riksdagen.se/fil/D9E935AA-6D60-4753-BC90-FAF314954DAE,256728
2094199,MOT_200809_Fö_214.doc,38912,doc,https://data.riksdagen.se/fil/96228821-F9E7-46F5-BBDE-44FF7639C99F,2094198
2049999,mot_202425__1284.docx,71819,docx,https://data.riksdagen.se/fil/BB4F693B-054E-47DD-B46D-28E7B1333F77,2049997
191124,mot_201516__1286.pdf,61229,pdf,https://data.riksdagen.se/fil/DD162F79-A2A2-458F-8757-1E09C1647E1B,191123
826822,mot_201314_mj_212.pdf,127433,pdf,https://data.riksdagen.se/fil/47EB30A8-DCF6-4F06-90DF-6D79D80C61C5,826820
270793,MOT_200506_Ub_303.doc,41472,doc,https://data.riksdagen.se/fil/E2B902B1-4C64-4FD2-B6B3-1CA11986E4AC,270792
2164929,mot_201819__2793.docx,77779,docx,https://data.riksdagen.se/fil/513D9BC2-5101-4BA9-A6CE-558E8D0C074C,2164927
1892658,mot_201617__3265.pdf,98611,pdf,https://data.riksdagen.se/fil/B1A9FB3D-5472-454B-9366-878573D7EEC4,1892657
1452876,mot_202223__1192.docx,72841,docx,https://data.riksdagen.se/fil/44B8DFF7-DE03-406D-A427-098C0340250E,1452874
725746,MOT_201011_MJ_278.doc,62464,doc,https://data.riksdagen.se/fil/15BF907E-F648-451E-9425-7D21BC571D09,725745
1899217,mot_201617__253.pdf,58082,pdf,https://data.riksdagen.se/fil/A3BCBA16-149A-4EC2-853D-9B21AA2BC2DB,1899216
803661,mot_202324__2137.docx,71299,docx,https://data.riksdagen.se/fil/AA2F2772-4DB3-4F37-9452-FB15638D223A,803659
1970585,prop_201516__128.pdf,943692,pdf,https://data.riksdagen.se/fil/C50B1C25-BD46-4F22-8BA1-6C8E7185A483,1970584
1960306,mot_202021__559.docx,71572,docx,https://data.riksdagen.se/fil/4BB6ED85-3349-4ADC-A68E-10F1571F58AC,1960304
347214,mot_200506_sk_460.pdf,253607,pdf,https://data.riksdagen.se/fil/B2548420-7E19-4186-87A4-B6C4BD728DBE,347212
217356,mot_202526__821.pdf,75134,pdf,https://data.riksdagen.se/fil/545B7DEF-80BF-4D0E-A385-F304B760512A,217355
142312,mot_200708_so_411.pdf,129277,pdf,https://data.riksdagen.se/fil/124C4AFB-50EB-46FD-A0AC-29A9A405565A,142310
1991703,mot_202425__1873.docx,73113,docx,https://data.riksdagen.se/fil/734E6D7F-B901-4F0F-A10F-D027375B05DF,1991701
2205385,mot_202425__678.pdf,81148,pdf,https://data.riksdagen.se/fil/CFA68C4C-1B15-4A4A-9365-699F0C27967B,2205384
1775691,MOT_200506_Kr_324.doc,39936,doc,https://data.riksdagen.se/fil/F27EB059-FAB5-4DB1-BD6F-31151BBE2587,1775690
979165,mot_201920__1872.pdf,68807,pdf,https://data.riksdagen.se/fil/655D7485-5CBF-48C5-960B-EA1F7B244482,979164
1716401,mot_202122__3745.docx,71870,docx,https://data.riksdagen.se/fil/D26E8074-B481-4AA6-A935-29A0E5BA66EB,1716399
922170,mot_202526__1368.docx,70095,docx,https://data.riksdagen.se/fil/5590C789-BBDE-410E-AC09-326C3A822D0D,922168
1368188,MOT_201011_Sk_322.doc,51712,doc,https://data.riksdagen.se/fil/521A582B-3899-4E4F-8B03-D2EF5983CBF4,1368187
383303,mot_201213_t_211.pdf,148731,pdf,https://data.riksdagen.se/fil/6B08CB41-648E-4A1D-86F2-851571D28BDD,383301
1540613,mot_202223__1144.docx,73434,docx,https://data.riksdagen.se/fil/4DA2B8CF-F1DA-4ACD-9ED2-899396CA3C7D,1540611
924464,MOT_200809_Ju_410.doc,39936,doc,https://data.riksdagen.se/fil/C09F0DB4-D825-4529-9016-7CA2D3F0CE23,924463
125426,mot_201213_fi_209.pdf,141881,pdf,https://data.riksdagen.se/fil/BD5A5732-51EE-4754-8E1D-34B2AA99800E,125424
71530,MOT_200910_A_4.doc,46080,doc,https://data.riksdagen.se/fil/E4775298-6E30-4549-85B4-CCE491B15345,71529
2031149,mot_200708_t_449.pdf,143708,pdf,https://data.riksdagen.se/fil/F9C8EAB0-D3BA-4C03-B9BD-23E3782EA2F1,2031147
2029326,mot_200607_kr_215.pdf,145124,pdf,https://data.riksdagen.se/fil/BA473406-EB09-4CB3-930A-2C12C935B96E,2029324
3288262,mot_202021__1377.pdf,66108,pdf,https://data.riksdagen.se/fil/44C398A0-C0EE-41E2-A280-DA82F91933A3,3288261
1070290,mot_202526__4018.docx,76905,docx,https://data.riksdagen.se/fil/CDBC72B9-1699-4C79-A0D9-9BC895FFD0E3,1070288
109732,MOT_201112_C_317.doc,58880,doc,https://data.riksdagen.se/fil/37EA945A-0A2B-4DA6-B38E-35C8189D59A0,109731
511289,MOT_200708_Ju_376.doc,38400,doc,https://data.riksdagen.se/fil/B3034D1A-B5F0-48BF-8E02-675B76C8007D,511288
3278871,mot_201617__349.pdf,63199,pdf,https://data.riksdagen.se/fil/5FA56F37-63F5-443A-88A8-F36788BD0613,3278870
1409819,MOT_201011_Ub_345.doc,53248,doc,https://data.riksdagen.se/fil/81F5BCA0-6856-4E8E-B0DF-EAC1B077F219,1409818
3230080,mot_201112_a_217.pdf,117848,pdf,https://data.riksdagen.se/fil/29ADF842-6676-4073-BDC0-0991BCE9A6D7,3230078
325224,mot_200607_t_251.pdf,131465,pdf,https://data.riksdagen.se/fil/C9167A96-443F-4FCE-BDF2-1F7366E04E64,325222
418440,mot_201617__616.docx,51533,docx,https://data.riksdagen.se/fil/C035E55F-1F28-46C8-A13D-DA5E79E5EDDB,418438
2257469,mot_201011_ju_333.pdf,141784,pdf,https://data.riksdagen.se/fil/124ED254-170E-4791-9541-FDE3AE4E4AE4,2257467
368618,mot_201718__1911.pdf,116051,pdf,https://data.riksdagen.se/fil/61F1AA8D-45D6-4AF5-80C5-61DF2C2412D6,368617
1291310,mot_202526__2500.pdf,82997,pdf,https://data.riksdagen.se/fil/764B4C06-DC19-4A45-AC9C-C0FAF7A41B9A,1291309
1182771,mot_202526__2560.docx,70313,docx,https://data.riksdagen.se/fil/7B97AA0F-B22F-455B-9DB5-11EA7D42A175,1182769
122264,MOT_201011_So_395.doc,49152,doc,https://data.riksdagen.se/fil/8F491176-5E2C-4729-9AD7-FACD5B1D4C2D,122263
952367,mot_202526__1687.pdf,69469,pdf,https://data.riksdagen.se/fil/57CF5E64-B01B-4886-B04C-61F3E1E28C61,952366
605846,mot_201112_ju_230.pdf,118522,pdf,https://data.riksdagen.se/fil/1EB9733E-5A5D-46E1-A8F1-656A8145173C,605844
1676306,mot_202122__3380.pdf,131822,pdf,https://data.riksdagen.se/fil/8F6C5717-1610-4305-9921-4F872A3A19E5,1676305
3108923,mot_202425__2768.pdf,72979,pdf,https://data.riksdagen.se/fil/6DDCB2C8-64A5-4F47-9217-2DD0F0392A1A,3108922
1673503,mot_201617__2426.docx,60033,docx,https://data.riksdagen.se/fil/3C771B66-403A-4C7F-9615-F98608EF6C0D,1673501
1296215,mot_202526__2580.docx,81639,docx,https://data.riksdagen.se/fil/E1CDE09E-9FCA-4223-B667-A1ACF782074D,1296213
3288701,mot_200607_sf_239.pdf,119080,pdf,https://data.riksdagen.se/fil/8CC9DA5C-548A-4671-9B4E-53A132D2BA16,3288699
72723,mot_201213_c_310.pdf,117969,pdf,https://data.riksdagen.se/fil/3FC3BC0D-8981-4C1B-BEA4-B94BE610A815,72721
988375,mot_200910_sk_273.pdf,120388,pdf,https://data.riksdagen.se/fil/57884F83-087D-49A0-8C5F-AAA65D0C634A,988373
1945806,2006_07_CU18.pdf,264102,pdf,https://data.riksdagen.se/fil/623859C2-F9D6-4BCE-AD3C-27DF6BCD8B96,1945804
287632,MOT_200708_Ju_310.doc,39936,doc,https://data.riksdagen.se/fil/D0A31F0F-E55D-4D5B-BB03-D63110FD55BE,287631
722908,mot_201516__3132.pdf,71963,pdf,https://data.riksdagen.se/fil/4909F2CA-4299-4761-A082-F94A7147E2EE,722907
983107,201718SkU4_20171123140722_Publicering.pdf,448243,pdf,https://data.riksdagen.se/fil/DF442AF4-2EDA-4F55-9F9F-FE7E2E4D055B,983106
118757,mot_201516__1900.pdf,65987,pdf,https://data.riksdagen.se/fil/1BF6DB32-5EB9-4F6A-A136-C95B60961E59,118756
2102993,mot_202021__2443.pdf,77263,pdf,https://data.riksdagen.se/fil/63CF94D9-0393-407B-8930-CD6B84CA6774,2102992
1700142,mot_200506_l_379.pdf,127684,pdf,https://data.riksdagen.se/fil/75E2F51B-7527-4739-8B46-93F1EC197DFD,1700140
1609915,mot_201617__2442.pdf,72048,pdf,https://data.riksdagen.se/fil/39D93508-AC8B-4B44-B2C8-57D2C78D4495,1609914
1714788,mot_202122__3776.pdf,162573,pdf,https://data.riksdagen.se/fil/1D7E8E5C-18BB-4BBE-B695-49D15C96EFD8,1714787
127134,MOT_201011_So_316.doc,50176,doc,https://data.riksdagen.se/fil/E415F071-6500-433E-B4B0-4037B006F47E,127133
1463789,mot_202526__3560.pdf,138044,pdf,https://data.riksdagen.se/fil/39BFDFEE-1606-48AD-93B3-CDD0CD49B988,1463788
1700316,mot_202122__3019.pdf,72179,pdf,https://data.riksdagen.se/fil/6C8F8005-80DC-4066-8CE5-F3983E40E088,1700315
654766,mot_201718__2542.docx,58500,docx,https://data.riksdagen.se/fil/B5FFADAD-FE7D-4BE0-86EF-A36F1213B758,654764
3334486,mot_202425__1204.docx,71420,docx,https://data.riksdagen.se/fil/F1C3F8C9-9897-4470-8589-B9F7872D7987,3334484
1083404,mot_200708_ub_481.pdf,124620,pdf,https://data.riksdagen.se/fil/E5D09C1C-13A2-4E78-82ED-5C145BCF36A7,1083402
1442306,MOT_201314_Sk_369.doc,55808,doc,https://data.riksdagen.se/fil/E9716F88-E194-432B-A291-0A775DD5EAEC,1442305
684934,mot_202324__2253.docx,71678,docx,https://data.riksdagen.se/fil/7648F44D-2845-4388-9A84-D408279B52B4,684931
2148128,mot_200506_n_454.pdf,123054,pdf,https://data.riksdagen.se/fil/08C17690-124E-4B92-BC17-899EBDEBFF7B,2148126
1548318,mot_201920__3461.pdf,74391,pdf,https://data.riksdagen.se/fil/4484F17E-73DE-4291-8A83-34358759B931,1548317
1607320,mot_202122__3039.pdf,76457,pdf,https://data.riksdagen.se/fil/F0843C15-9BE4-45B7-A9DD-646E5532D061,1607319
977542,mot_202324__1358.pdf,91487,pdf,https://data.riksdagen.se/fil/B5E0D79A-BBD6-400A-B826-D899B899CDC1,977541
752753,mot_201920__2162.docx,70642,docx,https://data.riksdagen.se/fil/135F603C-25B0-4F48-B738-68DFF97D2975,752751
911373,mot_200910_fã¶_241.pdf,131421,pdf,https://data.riksdagen.se/fil/65CE7EF2-8868-4790-9785-729713027931,911371
1594551,mot_201920__3565.docx,70972,docx,https://data.riksdagen.se/fil/26D8D0E5-EBF2-430B-B239-91070E711CF2,1594549
1665202,mot_202324__694.pdf,73581,pdf,https://data.riksdagen.se/fil/0CFD406C-59C8-4AFA-9FC4-2F7AACE3C41B,1665201
67283,mot_201011_so_474.pdf,129075,pdf,https://data.riksdagen.se/fil/812B73FB-7903-474A-A6EB-07F99EF813DB,67281
1824555,mot_200910_c_368.pdf,172480,pdf,https://data.riksdagen.se/fil/4B949B82-013D-4742-9344-A807F130C39F,1824553
2190042,mot_201516__635.pdf,68515,pdf,https://data.riksdagen.se/fil/161B88E7-D2E7-4BB0-BE23-D229CBB70F3B,2190041
770675,mot_201920__2397.docx,69498,docx,https://data.riksdagen.se/fil/6271A738-3E67-4DAA-9381-6AE1F2A5BAE6,770673
2214038,201617SfU14_20170412140811_Publicering.pdf,264829,pdf,https://data.riksdagen.se/fil/14433CC7-59B0-4EF0-8E41-48D18C3027A0,2214037
3117099,mot_201314_n_384.pdf,125159,pdf,https://data.riksdagen.se/fil/393AFCAC-AE10-42D5-9DE3-AE0DCAFDDA19,3117094
1486137,mot_201415__816.pdf,64241,pdf,https://data.riksdagen.se/fil/20720785-BFB4-4BD2-A594-76090533DE14,1486136
1842912,mot_202122__4517.pdf,85441,pdf,https://data.riksdagen.se/fil/61550951-4290-4501-B6BD-654E9E0C2E10,1842911
1346473,mot_201718__4006.docx,70162,docx,https://data.riksdagen.se/fil/DDC0F6DA-F6CF-48F2-A30B-3D2280764659,1346471
1035102,mot_201718__3749.pdf,123938,pdf,https://data.riksdagen.se/fil/120B5651-4F4E-4B84-8355-A19F0082C527,1035101
3354911,mot_200607_kr_207.pdf,121823,pdf,https://data.riksdagen.se/fil/9D808117-3269-4BD9-A28D-1E0B1B147689,3354909
2143698,mot_202425__412.docx,73639,docx,https://data.riksdagen.se/fil/FFC8B634-4E9F-49A7-A725-5C08B7FFFDBE,2143696
2243951,mot_202223__2297.pdf,77969,pdf,https://data.riksdagen.se/fil/7E6F15E7-D175-44DB-A8C5-5390F785FDE8,2243950
1457567,mot_202223__1320.docx,72057,docx,https://data.riksdagen.se/fil/43AC8F2C-3816-4BEC-9282-FF3B2D8958DB,1457565
1952949,mot_200910_k_334.pdf,130004,pdf,https://data.riksdagen.se/fil/1FB632DB-F132-484D-8A8A-1ED76575E611,1952947
843204,MOT_201314_MJ_478.doc,56320,doc,https://data.riksdagen.se/fil/7F5FFE9A-167F-4448-81C5-56683CABBC03,843203
1505456,mot_201617__2142.docx,59165,docx,https://data.riksdagen.se/fil/1C7728BF-F2D5-418C-A269-9BED6C18148D,1505454
1122669,prop_201617__1_d2.pdf,1132222,pdf,https://data.riksdagen.se/fil/D22B0CB5-36FC-44E8-A4A9-36FDC4DFEAD2,1122667
1549502,mot_202223__1200.docx,72284,docx,https://data.riksdagen.se/fil/73AB947F-411C-49DB-B651-D80E6FADB012,1549500
1521162,mot_201617__2080.docx,50244,docx,https://data.riksdagen.se/fil/509D4303-1CF7-41C4-AB13-4885BF9795E2,1521160
555149,mot_202122__126.pdf,78053,pdf,https://data.riksdagen.se/fil/5A19B532-D755-4611-8B7A-E34E0D488705,555148
884740,mot_200910_sk_236.pdf,132144,pdf,https://data.riksdagen.se/fil/CBF52092-6220-49BE-A13F-5AD7418DFEC6,884738
1477454,mot_201415__508.pdf,66990,pdf,https://data.riksdagen.se/fil/A08AE0CB-C211-43F4-8DE3-6B77F0806676,1477453
884883,MOT_200910_Sk_230.doc,39936,doc,https://data.riksdagen.se/fil/DB568F32-6A2E-4406-B14B-21761C13ED2B,884882
1860500,mot_202021__10.pdf,77670,pdf,https://data.riksdagen.se/fil/E8FE56CC-3F80-4D13-A9A3-691329467027,1860499
1925743,BET_200102_SkU_28.doc,81920,doc,https://data.riksdagen.se/fil/4BAE07CD-1AFE-49C1-A685-4CB672E0B4A9,1925742
1457349,mot_202223__1331.docx,71370,docx,https://data.riksdagen.se/fil/B9A4E5BA-FC3E-46EB-96B0-9C13B126DBCF,1457347
921571,MOT_200809_Ju_423.doc,40448,doc,https://data.riksdagen.se/fil/441E48EB-C7F8-41A6-873E-E3F8BD783C98,921570
329971,mot_202122__645.pdf,70986,pdf,https://data.riksdagen.se/fil/47E9B05D-B33D-4BB2-B15B-37ECF0E83F6E,329970
127423,mot_201112_c_226.pdf,127581,pdf,https://data.riksdagen.se/fil/02D1A526-AF09-4632-8680-3C274D56D4D8,127421
813552,MOT_200910_Fö_240.doc,43008,doc,https://data.riksdagen.se/fil/50AD2DC4-7C99-49B9-A81B-2D03008D5081,813551
3320319,mot_202223__1840.pdf,72321,pdf,https://data.riksdagen.se/fil/360546BC-310F-4115-8F27-FD582EA65DE8,3320318
2219324,2023_24_FiU31_20240514170622_Publicering.pdf,981910,pdf,https://data.riksdagen.se/fil/31BAD1D6-D601-4FFF-816D-0F79625803A9,2219323
2075375,mot_202223__2167.docx,78760,docx,https://data.riksdagen.se/fil/32BAD419-76A2-46F2-BA41-210625860633,2075373
154213,MOT_201011_So_584.doc,52736,doc,https://data.riksdagen.se/fil/B50BD963-78BC-42DF-82C8-B79D82A69C57,154212
300691,mot_201718__1936.docx,57805,docx,https://data.riksdagen.se/fil/E1E32BF5-8A69-4B61-B6A7-0CF55FF5CDF6,300689
1377323,mot_201213_ju_390.pdf,143853,pdf,https://data.riksdagen.se/fil/D5816066-7CD6-42FB-B9E8-0D5694593F35,1377321
415478,mot_201516__2709.pdf,74586,pdf,https://data.riksdagen.se/fil/D4EEF19A-A208-4310-A69F-10E115DC4DD7,415477
1739752,mot_202122__3443.docx,71547,docx,https://data.riksdagen.se/fil/75B4C51B-C6E5-405E-9DC9-D97BB6CDB325,1739750
1799684,MOT_200506_L_314.doc,59392,doc,https://data.riksdagen.se/fil/9FC41B2C-41D4-4954-B884-9A585456D6BB,1799683
272516,MOT_201213_T_263.doc,56832,doc,https://data.riksdagen.se/fil/B23C05BD-7423-49F7-A935-FB0DFBB336C1,272515
535682,mot_201718__2477.docx,59253,docx,https://data.riksdagen.se/fil/30436260-B9A0-4885-9F5B-47432F9A1F94,535680
1945346,prop_201415__68.pdf,231827,pdf,https://data.riksdagen.se/fil/A90C5DC4-5011-4F21-A75E-9C131FAF05C0,1945345
472834,mot_201516__2623.pdf,91488,pdf,https://data.riksdagen.se/fil/33DE272C-868F-4CC2-B404-E8E6E96C9AAD,472833
484554,skr_201617__194.pdf,1361090,pdf,https://data.riksdagen.se/fil/AFF99545-332C-427B-AF97-7D74DFF0DA09,484553
2022229,mot_202021__587.pdf,71806,pdf,https://data.riksdagen.se/fil/410363DF-1A5C-4214-BA7B-3A1E409A8B51,2022228
1377231,mot_201213_ju_393.pdf,118859,pdf,https://data.riksdagen.se/fil/8C463983-550D-4B44-A39E-0551A00D17A1,1377229
306145,mot_202425__3429.docx,74803,docx,https://data.riksdagen.se/fil/C1041C61-C0C9-4163-B3F0-0AAEE3B8E993,306143
1369795,mot_202223__1439.pdf,75561,pdf,https://data.riksdagen.se/fil/8275C02F-4E48-4A43-AB4E-ADC9655A6344,1369794
1787446,MOT_201112_A_210.doc,50688,doc,https://data.riksdagen.se/fil/8A3F36F7-89AE-4EDB-8DDA-F5217BA23138,1787445
3248682,mot_202425__2369.docx,70507,docx,https://data.riksdagen.se/fil/2F3D5CE7-4965-4CD2-842C-A64344869043,3248680
260943,2018_19_UbU15_20190301115429_Publicering.pdf,472320,pdf,https://data.riksdagen.se/fil/77C6E053-454A-48D5-9BD0-5600BC4103D9,260942
2140451,mot_202021__2221.pdf,79395,pdf,https://data.riksdagen.se/fil/D05F7A46-1E81-4E03-91E0-64360D8EFF72,2140450
390455,mot_202526__442.pdf,77207,pdf,https://data.riksdagen.se/fil/5CFA0419-E5BC-49CD-BEB4-5008AA150F75,390454
969161,mot_202526__1020.pdf,90739,pdf,https://data.riksdagen.se/fil/FB952683-F13E-460F-BB84-58F8328B31B5,969160
839070,mot_202324__2554.docx,71811,docx,https://data.riksdagen.se/fil/435F933A-88DB-48CD-BC9E-9588589BCDC9,839068
1360540,mot_201011_ub_246.pdf,153184,pdf,https://data.riksdagen.se/fil/BDF72591-DA93-4BE8-AF6A-5FC083AE19D3,1360538
261177,MOT_200506_Ub_295.doc,43520,doc,https://data.riksdagen.se/fil/6C7949A6-EB93-4A8C-8C86-FDACBF9CB015,261176
2154997,mot_201819__2619.pdf,89710,pdf,https://data.riksdagen.se/fil/04E19F16-3F2D-4FC6-852D-E32427D4ED8E,2154996
1896242,mot_202425__2188.pdf,80450,pdf,https://data.riksdagen.se/fil/39291F0E-F77C-42AD-A1BE-77434D2084AA,1896241
1312696,2019_20_KU9_20200403100710_Publicering.pdf,241254,pdf,https://data.riksdagen.se/fil/B8F72660-7949-4746-B927-72CD213533B7,1312695
1761901,mot_202425__2773.pdf,70712,pdf,https://data.riksdagen.se/fil/F8A9D9C9-2E78-4DA3-903F-EE805DFF18E2,1761900
3246295,mot_202021__1655.docx,69868,docx,https://data.riksdagen.se/fil/4598BA95-F274-4F92-A3FD-52DC3250EFF1,3246293
1605234,mot_201314_k_338.pdf,138017,pdf,https://data.riksdagen.se/fil/175D7D20-07F6-47A3-9919-5E6FE2485781,1605232
2200074,mot_201516__874.docx,50656,docx,https://data.riksdagen.se/fil/7420C6A0-6778-4342-956F-EDECCDD7158C,2200072
1514577,MOT_200910_Sf_295.doc,37888,doc,https://data.riksdagen.se/fil/5E0D1E28-3504-4BC6-83B1-89910F4A775E,1514576
168149,MOT_201011_So_456.doc,50176,doc,https://data.riksdagen.se/fil/FDEA52B1-9FCB-4ED8-9775-9D72617D6672,168148
1446295,mot_200506_k_262.pdf,120172,pdf,https://data.riksdagen.se/fil/BB459FDA-AD96-449D-AA0F-C2E649B82854,1446293
2228314,mot_201516__996.docx,48633,docx,https://data.riksdagen.se/fil/1B5F0A3B-CF6F-4B4D-B703-46A6801D73D1,2228312
472070,mot_201617__597.pdf,64919,pdf,https://data.riksdagen.se/fil/5E2378BA-6FAC-4F56-B933-908372DFA163,472069
388836,2020_21_KU33_20210604103232_Publicering.pdf,1068679,pdf,https://data.riksdagen.se/fil/FB551742-860B-4CE6-A4C2-2F341A34ACEF,388835
1293526,mot_202526__2561.pdf,80728,pdf,https://data.riksdagen.se/fil/D4B5AAA9-EC95-4E35-A2BB-F60A457C3E6B,1293525
1235374,MOT_201112_MJ_413.doc,49152,doc,https://data.riksdagen.se/fil/FE84D6DF-EB65-4779-B11A-26D78E0948A8,1235373
1775692,mot_200506_kr_324.pdf,118744,pdf,https://data.riksdagen.se/fil/5AE91797-CEF2-4D1A-BD9C-E3F260E0CDC2,1775690
1646035,MOT_200809_MJ_343.doc,40448,doc,https://data.riksdagen.se/fil/8CE2170B-2AE3-420B-8277-9FDCE9017379,1646034
1738556,mot_202324__476.pdf,145953,pdf,https://data.riksdagen.se/fil/D28C93CF-8E0F-44E3-87F1-0578C991A5E2,1738555
2092106,mot_201617__14.pdf,70169,pdf,https://data.riksdagen.se/fil/7422C665-38C9-41A7-BD76-E5D10309CF8E,2092104
2107964,mot_201112_k_261.pdf,198151,pdf,https://data.riksdagen.se/fil/437564C6-7C16-4F57-8003-59A320AD6A3E,2107962
2039235,mot_202021__1701.pdf,74451,pdf,https://data.riksdagen.se/fil/195A00C0-BC9B-4B06-9B64-9ED4EB4BDE26,2039234
3328621,mot_202425__1480.pdf,71910,pdf,https://data.riksdagen.se/fil/B86C46FE-204A-4893-ADA8-D95B235A9A46,3328620
1157364,mot_202122__1536.docx,72140,docx,https://data.riksdagen.se/fil/E507CAA8-9374-40B3-80CC-9A41354B30F0,1157362
188920,mot_201112_t_441.pdf,135057,pdf,https://data.riksdagen.se/fil/766C21FF-E04D-48C6-9BB3-EE00B2A8EE1B,188913
560725,mot_201819__957.pdf,78438,pdf,https://data.riksdagen.se/fil/364B4E9F-6C2B-406E-B3C1-CA499DBEAEA8,560724
1428978,mot_201415__2597.docx,49843,docx,https://data.riksdagen.se/fil/D6FF7FE3-2FF6-4FBA-BF84-042FBA0249EF,1428976
170192,MOT_201213_C_324.doc,60416,doc,https://data.riksdagen.se/fil/6FF277E7-3C3E-4F2C-9718-B212E5545EF7,170191
2139556,MOT_200809_Ub_254.doc,39424,doc,https://data.riksdagen.se/fil/A96143A1-06D9-4996-BE9F-6D1C83F236A3,2139555
151736,mot_201516__1466.docx,48134,docx,https://data.riksdagen.se/fil/FDD23EE8-A08C-4E2F-ABBE-0FF6EFE27B5A,151734
1453510,mot_201011_ub_277.pdf,177475,pdf,https://data.riksdagen.se/fil/019A20F7-C18F-4D42-93BD-27497BF73645,1453508
1734879,mot_201617__1523.pdf,60188,pdf,https://data.riksdagen.se/fil/2AB499E5-5E9F-40BA-A960-41ED5D646601,1734878
1968686,MOT_201314_Ju_284.doc,54784,doc,https://data.riksdagen.se/fil/2F5D1EB7-8D27-4705-8BED-0174330D584E,1968685
1895613,MOT_200607_Sf_294.doc,38912,doc,https://data.riksdagen.se/fil/454CEC75-F26F-43AC-B3E6-A0002685C589,1895612
657783,mot_201920__31.pdf,82147,pdf,https://data.riksdagen.se/fil/B78E2185-1526-4311-A071-EDAC2770B6D0,657782
802313,mot_201920__1680.docx,69287,docx,https://data.riksdagen.se/fil/F6537D31-97E6-4738-910B-D1C447339D21,802311
938869,mot_201920__1295.pdf,78764,pdf,https://data.riksdagen.se/fil/124EC9F6-DEDF-45E7-ACBA-12C254A54BD8,938868
595754,BET_200506_SoU_1.pdf,1642834,pdf,https://data.riksdagen.se/fil/4525ABA6-AB9B-4316-8154-9EE212A2177B,595753
1762889,mot_201617__1826.docx,50972,docx,https://data.riksdagen.se/fil/A89B83D7-423A-4E4F-8BB3-6FEF08A4417A,1762887
279386,BET_200102_LU_24.doc,75264,doc,https://data.riksdagen.se/fil/6C50D6C5-0ED2-4A57-B5B0-2EE4A9C70D80,279385
1839493,mot_202425__1659.pdf,78091,pdf,https://data.riksdagen.se/fil/B0C1C4FE-0540-4A21-BE6B-A60D5D5AC5E8,1839490
157480,2024_25_UU7_20250423123302_Publicering.pdf,454288,pdf,https://data.riksdagen.se/fil/55884A1D-3813-44ED-996D-D223EB7F9C3F,157479
122774,mot_201011_so_382.pdf,151572,pdf,https://data.riksdagen.se/fil/BC2EEA43-2F98-4D34-B12C-450D3550E717,122772
1066389,mot_201718__3190.pdf,88411,pdf,https://data.riksdagen.se/fil/68BD0304-517D-4FF7-8DAC-E76370F4F8F7,1066388
3217051,mot_200910_kr_203.pdf,134824,pdf,https://data.riksdagen.se/fil/DF7B76D5-9EA0-42B8-B715-7FE0F81AFB42,3217049
1002508,MOT_201011_T_455.doc,48640,doc,https://data.riksdagen.se/fil/52756DB1-CDDE-4B56-9A62-32CC365D7EC3,1002507
2048229,mot_202425__1278.docx,71197,docx,https://data.riksdagen.se/fil/44D5BEF0-FA79-4985-821D-43EFF28368D0,2048227
2098935,mot_202021__2730.pdf,90195,pdf,https://data.riksdagen.se/fil/BFAF6120-F792-4A2B-AE7F-0DC2E1B589DB,2098934
591500,mot_202122__572.docx,71210,docx,https://data.riksdagen.se/fil/CAA6DFDC-01C3-474C-9066-B4EC40F93D2C,591498
1707655,mot_201112_a_315.pdf,134175,pdf,https://data.riksdagen.se/fil/3CC83554-D16B-447A-A5BB-627AB20BC622,1707653
374359,mot_201516__2331.docx,49597,docx,https://data.riksdagen.se/fil/DDE68CEB-5248-4C8A-9AB4-AE7319817E1D,374357
1848012,skr_202021__75.pdf,8549878,pdf,https://data.riksdagen.se/fil/28D28546-11AB-431F-8A7F-96EE2301C9AC,1848011
1014537,mot_201718__3923.pdf,84318,pdf,https://data.riksdagen.se/fil/3CEBC25C-AE8A-491C-935D-6677EE1D7B4E,1014536
541649,mot_201516__2962.pdf,64484,pdf,https://data.riksdagen.se/fil/F268FF82-FB50-4279-9D33-2D957CCF35F8,541648
1129371,mot_202324__1799.pdf,78204,pdf,https://data.riksdagen.se/fil/07DA41B6-8CBB-4DEA-B01B-1308AAAA395D,1129370
106238,MOT_201213_U_269.doc,59904,doc,https://data.riksdagen.se/fil/45AAD43B-34FB-480D-885C-ED3D582DB742,106237
2179468,mot_202425__715.pdf,68763,pdf,https://data.riksdagen.se/fil/0F0E6D02-4879-4E86-80E6-AD67623366C6,2179467
3265391,mot_201213_mj_368.pdf,128422,pdf,https://data.riksdagen.se/fil/F83E7D05-B7A5-4A95-AEA3-9E1A3645C018,3265389
3315718,2013_14_JuU27.pdf,126858,pdf,https://data.riksdagen.se/fil/2B13AF98-B512-462D-B857-16AEF1C4B63C,3315717
1062023,mot_201213_ub_453.pdf,121616,pdf,https://data.riksdagen.se/fil/FC191318-1883-4DA9-921A-8A50CA1171BA,1062021
211816,prop_202122__1_d11.pdf,2245114,pdf,https://data.riksdagen.se/fil/C1154DA6-CCC8-4DEF-969F-E7817D3D6059,211815
206047,mot_201718__984.pdf,78391,pdf,https://data.riksdagen.se/fil/191DE6F9-6424-419E-8B97-8304A5836950,206046
3257671,mot_200506_so_40.pdf,270097,pdf,https://data.riksdagen.se/fil/A10B7523-5A01-4458-835D-B572708D9738,3257669
2114514,mot_202021__651.pdf,90811,pdf,https://data.riksdagen.se/fil/25D843D2-8D15-4E1C-9280-4E36B673F5D8,2114513
1097158,mot_201314_u_294.pdf,133218,pdf,https://data.riksdagen.se/fil/7DA989C9-31C8-472C-98DE-D4ED2499CBCF,1097156
1321029,mot_202526__2026.docx,81430,docx,https://data.riksdagen.se/fil/46DBE2A7-8322-482B-961A-797AF31AB300,1321027
2020643,201516MJU23_20160915105031_Publicering.pdf,2332347,pdf,https://data.riksdagen.se/fil/533CCBEB-DA2B-4267-9FA5-1AA4ADE96650,2020642
1608630,mot_201415__455.docx,45731,docx,https://data.riksdagen.se/fil/D89049B1-9377-43F3-87BC-A34CF4C234F3,1608628
628409,MOT_200809_U_228.doc,48640,doc,https://data.riksdagen.se/fil/C1613CA7-B765-485C-8965-97E7531FEB83,628408
1797206,mot_201415__1039.pdf,61928,pdf,https://data.riksdagen.se/fil/296379F2-6725-41B9-926E-604B752988D6,1797205
1273152,mot_202223__335.pdf,96221,pdf,https://data.riksdagen.se/fil/67A55E46-C452-4DC2-9851-35317DABABBC,1273151
1838788,mot_201314_so_622.pdf,146036,pdf,https://data.riksdagen.se/fil/559C0B94-5838-46CD-A546-927D69FEA8AD,1838786
2257257,mot_202425__952.docx,112208,docx,https://data.riksdagen.se/fil/1B76C760-123A-485A-A4B1-3F573728F209,2257254
807058,mot_201819__793.docx,69626,docx,https://data.riksdagen.se/fil/0A026043-0E55-4D8C-AAF5-AC48D3C7D87D,807056
3333415,mot_202021__1160.pdf,68729,pdf,https://data.riksdagen.se/fil/A13B02D8-F387-4994-B955-842954BA068B,3333414
800316,mot_201920__2867.docx,71297,docx,https://data.riksdagen.se/fil/89449F0B-2EF8-4061-86EA-2836C4B96739,800314
1885823,mot_201617__140.pdf,62940,pdf,https://data.riksdagen.se/fil/C55AAFB4-B995-4A8B-9FD0-E47113BAC947,1885822
964156,mot_202526__1090.pdf,81062,pdf,https://data.riksdagen.se/fil/93031CB4-E0FB-46C8-884C-EC0DBB57A2FF,964155
481018,mot_201617__698.docx,50070,docx,https://data.riksdagen.se/fil/74CE4805-7A89-4E15-998E-2FBFDBEBEE2F,481016
1830789,mot_202425__1786.pdf,81827,pdf,https://data.riksdagen.se/fil/1D688EA0-0158-4FD4-9A0D-BBFDE897ABD1,1830787
1484265,mot_202122__2571.docx,78311,docx,https://data.riksdagen.se/fil/30AF0C5C-72BD-4705-B45E-7650092E0E73,1484263
1914562,mot_202425__147.pdf,76595,pdf,https://data.riksdagen.se/fil/0565C1CF-515A-4563-9744-19669CD7F514,1914561
2206761,mot_201516__772.pdf,63356,pdf,https://data.riksdagen.se/fil/59948B74-AFD3-4045-A837-A79D79573AF7,2206760
150139,MOT_201112_A_2.doc,65024,doc,https://data.riksdagen.se/fil/ED6D2674-4838-46AB-B9AB-332440AEF792,150138
517746,mot_201011_a_405.pdf,150645,pdf,https://data.riksdagen.se/fil/0E2D142D-6FEF-49B8-BB0D-063C53D56D88,517744
1997930,MOT_201314_Ju_321.doc,59392,doc,https://data.riksdagen.se/fil/A08A1BC2-C83D-41F9-8026-82261B5B02D2,1997929
577986,mot_202021__4042.docx,116938,docx,https://data.riksdagen.se/fil/774C2E07-63B1-465A-8912-828037243CAD,577984
1271135,mot_202223__346.pdf,72665,pdf,https://data.riksdagen.se/fil/5EBB631F-C7AD-47F1-ACBB-A1FB834BD4B1,1271134
1075104,mot_201718__3279.pdf,66193,pdf,https://data.riksdagen.se/fil/9E7638FD-1C0B-486F-819E-E72E8D01ECD3,1075103
1760330,MOT_200708_So_18.doc,68608,doc,https://data.riksdagen.se/fil/B017B3ED-E019-4477-8599-6F47F18327E9,1760329
3311520,MOT_200607_Kr_275.doc,42496,doc,https://data.riksdagen.se/fil/C6194EB0-E371-4D00-996B-611E4B4F4F50,3311519
1486237,mot_201415__811.pdf,81247,pdf,https://data.riksdagen.se/fil/B0E3CAD1-ACDD-40E8-87C8-AE92C61BFACB,1486236
2102452,mot_201819__2236.pdf,77557,pdf,https://data.riksdagen.se/fil/70DA62F5-F172-40DE-BD83-7143C7F6EF88,2102451
1656570,mot_202122__3540.pdf,74743,pdf,https://data.riksdagen.se/fil/36548E10-7A38-4827-84DE-E1408C42DCD2,1656569
1354551,MOT_200809_Kr_369.doc,96256,doc,https://data.riksdagen.se/fil/3F090F97-DB69-431E-A1BB-728B84C87CAA,1354550
753876,mot_201920__2132.docx,70291,docx,https://data.riksdagen.se/fil/EA510C6E-19F2-48C4-865F-862D930C2D1D,753874
530813,mot_202425__3001.docx,73436,docx,https://data.riksdagen.se/fil/EBFEF1D1-7088-4B1B-8E54-7F74B082E680,530811
876315,mot_200809_k_339.pdf,143697,pdf,https://data.riksdagen.se/fil/1E215C09-C12B-456D-8398-2FCE6CFC831A,876313
1310376,mot_201415__2608.pdf,77445,pdf,https://data.riksdagen.se/fil/111FEC10-0316-486E-B486-7E82399C8D12,1310375
1096703,mot_201314_u_238.pdf,128641,pdf,https://data.riksdagen.se/fil/124A7435-0D56-48F7-B5E8-518148C164F0,1096701
317380,mot_200910_mj_242.pdf,129689,pdf,https://data.riksdagen.se/fil/EFF4B6AA-1F11-45AC-9D9B-8ABC80848CD1,317378
1619515,mot_201415__1020.pdf,62458,pdf,https://data.riksdagen.se/fil/0647F4A1-0B25-4CCF-8A97-132ACB2B5DA5,1619514
868474,MOT_201314_T_2.doc,56320,doc,https://data.riksdagen.se/fil/8E546F86-3F67-4970-A21D-0216DBAF9635,868473
583557,mot_202122__426.pdf,73295,pdf,https://data.riksdagen.se/fil/EAA872E0-61A7-457C-A40D-97871CE46F10,583556
1803259,MOT_201314_T_488.doc,54784,doc,https://data.riksdagen.se/fil/70991EEC-94CD-449D-8C3E-2B36F5DB9FBE,1803258
610395,mot_201516__3140.docx,49684,docx,https://data.riksdagen.se/fil/3D641C85-3595-49CC-8427-E7C64DAF93D1,610393
1729344,MOT_201314_T_303.doc,56320,doc,https://data.riksdagen.se/fil/D7856BC8-A6C4-450D-BAFF-66C26DACA147,1729343
2157757,mot_202223__2063.pdf,88851,pdf,https://data.riksdagen.se/fil/DB88FD98-DA22-4214-B2B4-FBDADE378D62,2157756
518335,prop_200910__72_d2.pdf,104643,pdf,https://data.riksdagen.se/fil/DE1E241B-CA26-432A-9A62-BF09A6FC8E9A,518334
1388772,MOT_201314_Ub_493.doc,57344,doc,https://data.riksdagen.se/fil/37C0AD31-5F4C-4912-8A5D-7EC8C896C7C8,1388771
1647102,mot_200809_mj_330.pdf,133369,pdf,https://data.riksdagen.se/fil/4A85496B-591E-4BDB-8379-6E6EF1F38B20,1647100
1889460,mot_202425__2282.pdf,83410,pdf,https://data.riksdagen.se/fil/DBB97A22-192C-4963-897E-BD5C328FA6E0,1889459
1613906,mot_201415__363.pdf,63835,pdf,https://data.riksdagen.se/fil/9E9769F4-51B3-4D51-B955-6A87373AD91B,1613905
1386523,mot_201314_ub_453.pdf,125027,pdf,https://data.riksdagen.se/fil/CBA352A4-DFD3-4258-9E4B-A957A22EB078,1386521
524489,skr_200102__87.pdf,98460,pdf,https://data.riksdagen.se/fil/CC47986B-900B-4104-925A-C6BF87B7D862,524488
1215894,mot_201011_u_267.pdf,125832,pdf,https://data.riksdagen.se/fil/B2E531EE-6C03-4F72-9A47-94A50B40E59A,1215892
164491,mot_200809_a_261.pdf,134214,pdf,https://data.riksdagen.se/fil/1E81A6BD-CB53-4250-A1AF-4A1686DE2208,164489
455733,mot_201718__1851.docx,61685,docx,https://data.riksdagen.se/fil/2B3F5593-B521-41FE-8A25-5424F40269E6,455731
2009280,MOT_200708_T_224.doc,38400,doc,https://data.riksdagen.se/fil/EE15A4B2-C3C9-473E-9367-AAA7A9EA1B54,2009279
897362,mot_202526__1977.docx,77576,docx,https://data.riksdagen.se/fil/CB8AE135-D056-4277-86B8-41B18F75F7A0,897360
813226,mot_201920__1811.docx,71849,docx,https://data.riksdagen.se/fil/9488A3C8-E9B3-444D-9450-498F2F5E2E11,813223
621302,mot_200607_u_251.pdf,138685,pdf,https://data.riksdagen.se/fil/6733BA2D-E63A-4101-9086-1ECC74BA4FA4,621300
1746779,mot_201617__1449.pdf,59887,pdf,https://data.riksdagen.se/fil/CAABD6AF-E33C-481E-AD19-5FD63DC381EE,1746778
809786,mot_201112_kr_308.pdf,136561,pdf,https://data.riksdagen.se/fil/DF3DF3CB-FFB4-4DFD-B762-910C5C4FEF2D,809784
269905,MOT_200607_A_308.doc,40960,doc,https://data.riksdagen.se/fil/C0193EF2-FACB-4557-8150-E394E84E57EA,269904
1486256,mot_201213_ju_209.pdf,159248,pdf,https://data.riksdagen.se/fil/C5A8A412-46A5-471D-B324-4F505E28C1B3,1486254
823933,BET_200001_MJU_14.doc,75264,doc,https://data.riksdagen.se/fil/52937CA3-1604-44B1-9830-56C13C29166C,823932
1840966,2011_12_UU16.pdf,49624,pdf,https://data.riksdagen.se/fil/17D34910-488F-4FB7-B158-D327C6504A13,1840965
675496,mot_201718__2386.pdf,74507,pdf,https://data.riksdagen.se/fil/5C2F6820-4814-4CC8-89E4-D9020A7FBCA1,675494
3263796,MOT_200506_U_290.doc,179712,doc,https://data.riksdagen.se/fil/284E5368-6573-4D16-9DEE-2CF5883C3F4C,3263795
1288695,bet_200102_fiu_4.pdf,259378,pdf,https://data.riksdagen.se/fil/3DC43ECD-59D3-4934-88D5-3ED5DC656E07,1288691
2223819,mot_201011_sf_370.pdf,129031,pdf,https://data.riksdagen.se/fil/0B88B84B-D096-41CA-93CA-EA0D3B62568E,2223817
3122089,MOT_201213_MJ_388.doc,56832,doc,https://data.riksdagen.se/fil/43D239F1-2FEA-42BA-B7CF-623F7AF15072,3122088
888394,MOT_200809_So_438.doc,39424,doc,https://data.riksdagen.se/fil/C212C8F4-D774-4169-AD08-15CE895357BC,888393
2205439,mot_201112_ub_435.pdf,148679,pdf,https://data.riksdagen.se/fil/6201CC98-E393-4186-9DFD-67F282A3175E,2205437
1952241,mot_202021__1801.pdf,79025,pdf,https://data.riksdagen.se/fil/2136C028-ECBD-4FEE-860D-0D5D32913C91,1952240
805302,mot_202324__2185.docx,70178,docx,https://data.riksdagen.se/fil/2172D0AF-F086-4483-AEC4-45D4A336D735,805300
1891670,mot_201617__3290.docx,58803,docx,https://data.riksdagen.se/fil/7D5FC161-04AC-49F0-A062-B1B0505EF3DB,1891668
652291,MOT_201011_MJ_318.doc,47104,doc,https://data.riksdagen.se/fil/06F1BFED-20E1-4D1B-878A-714F81A405C6,652290
2126106,mot_202021__2.docx,72319,docx,https://data.riksdagen.se/fil/80301573-FB12-43E8-AC25-AC23F1BB62BC,2126104
693876,MOT_201112_So_409.doc,104448,doc,https://data.riksdagen.se/fil/87FEC610-2EDE-4CC0-A1EB-1A1C3EDE9E65,693875
284654,mot_202122__850.docx,73500,docx,https://data.riksdagen.se/fil/D231F305-9635-4653-933B-E361AC83C58F,284647
1398503,mot_201314_ub_324.pdf,117836,pdf,https://data.riksdagen.se/fil/16CFECA9-24E3-43A3-97BA-E8EB3742FFA6,1398501
1138193,mot_202526__2297.pdf,79651,pdf,https://data.riksdagen.se/fil/B5038FE3-94E3-46B3-AAB4-A110742CE2B6,1138192
1728385,MOT_200506_L_293.doc,57856,doc,https://data.riksdagen.se/fil/12F3CCCB-8AE0-4B40-97A2-A6247DF77887,1728384
314642,mot_201516__1397.docx,48704,docx,https://data.riksdagen.se/fil/713B0489-52D5-438A-BA18-3BF7343B55B4,314640
756747,mot_201314_mj_308.pdf,126877,pdf,https://data.riksdagen.se/fil/8572D93D-23CB-4950-8063-F31F592733AD,756745
874317,MOT_200607_A_19.doc,48640,doc,https://data.riksdagen.se/fil/6FEC4D64-1F0A-42C8-BBCF-1D8AD5B32D21,874316
251212,mot_202021__3381.pdf,80541,pdf,https://data.riksdagen.se/fil/42C591E5-6B82-46DD-9568-B7EF20EB35C0,251211
365859,MOT_201314_Kr_322.doc,58880,doc,https://data.riksdagen.se/fil/C90D9BA1-BB41-44CD-B494-97420D3D2CD7,365858
2107810,MOT_201112_K_272.doc,47616,doc,https://data.riksdagen.se/fil/B47A9D55-4102-45B8-A540-37C78848122E,2107809
1954480,MOT_200910_K_379.doc,39936,doc,https://data.riksdagen.se/fil/4B4F6E90-13B6-4ECF-B4D6-AA443CAA1989,1954479
2254983,mot_202021__2324.pdf,70131,pdf,https://data.riksdagen.se/fil/3A7D7E1E-9B10-41E2-8F8F-A7B933780E41,2254982
130178,mot_201718__803.pdf,71311,pdf,https://data.riksdagen.se/fil/B0CF0E43-268C-4AC0-9F10-640BE7FAF26B,130177
1043250,MOT_200607_Ub_365.doc,42496,doc,https://data.riksdagen.se/fil/9C301903-4973-4C25-93E2-73CBEB82E2C8,1043249
1814090,prop_201011__1_d24.pdf,858036,pdf,https://data.riksdagen.se/fil/79081ADB-0DB3-47B5-B5AF-F7C87C5E4765,1814064
952609,mot_201718__3151.docx,57826,docx,https://data.riksdagen.se/fil/5D78C8E1-2F2A-4B4C-A5F6-6BA1976FE1F1,952607
1326267,mot_200607_n_202.pdf,205284,pdf,https://data.riksdagen.se/fil/8970F124-91D7-40EF-8829-5F9D5D54E655,1326262
1754944,MOT_200506_So_48.doc,43008,doc,https://data.riksdagen.se/fil/839843ED-246A-4195-AEA2-07438532CB96,1754943
1629032,bet_200203_kru_6.pdf,403681,pdf,https://data.riksdagen.se/fil/C326D103-A106-4249-99AF-E5C7EB9B0A2F,1629030
255490,MOT_200607_T_241.doc,47104,doc,https://data.riksdagen.se/fil/F0F631D0-AA0E-4FF8-835E-04E3AE7D105A,255489
1889176,mot_202021__1899.pdf,82787,pdf,https://data.riksdagen.se/fil/DB4F85A2-17F7-488E-BDB7-911237A4FCB2,1889175
386493,2017_18_SoU31_20180605125614_Publicering.pdf,1486561,pdf,https://data.riksdagen.se/fil/171D7DE1-FC1B-48C8-9B90-1D0364EDA84C,386492
677116,mot_201819__479.pdf,74498,pdf,https://data.riksdagen.se/fil/18462C76-DDC3-4DC3-966E-552BD1C86E35,677115
1590788,mot_201415__701.docx,44889,docx,https://data.riksdagen.se/fil/B9510596-8DE5-4B1E-B8AD-E039B65991BE,1590786
1392941,2010_11_SkU26.pdf,84001,pdf,https://data.riksdagen.se/fil/3D495B30-6FFF-4A03-925B-4B63F7FE5D03,1392940
112718,MOT_201112_C_346.doc,57344,doc,https://data.riksdagen.se/fil/9F7DF392-3889-485F-8F8D-F2DC0B5C8942,112717
1239921,mot_200708_ub_227.pdf,135246,pdf,https://data.riksdagen.se/fil/C01CE2A8-2196-499E-8940-88D9F7F1076A,1239919
478700,prop_200102__78.pdf,955904,pdf,https://data.riksdagen.se/fil/03E3999B-F075-43DC-A88A-AB336BF4DBC8,478699
1468756,mot_201415__617.docx,45140,docx,https://data.riksdagen.se/fil/F8315362-E950-413A-B3D5-DD0D90040602,1468754
349753,mot_200910_fi_262.pdf,2121141,pdf,https://data.riksdagen.se/fil/29AA71E0-97AE-44F0-855F-CAB321CD29E1,349751
1382091,MOT_201213_So_309.doc,58880,doc,https://data.riksdagen.se/fil/BA0A5488-19EF-4465-B963-10C3690F85D3,1382090
1786314,mot_202324__592.docx,71220,docx,https://data.riksdagen.se/fil/BEF05FEA-0F16-46D7-AC72-CA4841397585,1786312
1480434,mot_200506_t_381.pdf,167140,pdf,https://data.riksdagen.se/fil/3B2DA122-104F-4104-9F58-671FF6338EA1,1480432
722055,mot_201718__2757.pdf,79573,pdf,https://data.riksdagen.se/fil/7CBAD8C3-DC11-47FC-9FC9-3BB6EAE4EA8C,722054
2157974,2011_12_UbU11.pdf,106737,pdf,https://data.riksdagen.se/fil/F2508B06-0857-4D18-8EAB-874BD5C1053E,2157973
2075286,mot_202223__2368.docx,83237,docx,https://data.riksdagen.se/fil/3F011C91-CD74-4F2A-A6FE-75CE7A3D9365,2075284
791428,mot_202324__1957.docx,71928,docx,https://data.riksdagen.se/fil/C6FD55F7-3AF9-4D35-9142-A1AF9D86B052,791426
535215,mot_201516__3070.docx,50766,docx,https://data.riksdagen.se/fil/A9652957-D305-4D41-B5A8-285C7E2C3F13,535213
447797,mot_202122__180.docx,71709,docx,https://data.riksdagen.se/fil/EE9F05A5-77B4-40F7-9D34-8793F8A33566,447795
702613,mot_201718__2960.pdf,76602,pdf,https://data.riksdagen.se/fil/51CC42FC-8273-43F6-B857-CC80AD254700,702612
62900,MOT_201213_Sk_232.doc,56320,doc,https://data.riksdagen.se/fil/66E4DAAF-4DCD-4AC4-BF96-01C3D96777BE,62899
1202320,BET_200304_UbU_10.doc,154624,doc,https://data.riksdagen.se/fil/29689E78-2E68-4948-800F-D6B93F34E9FE,1202319
1343209,skr_201011__101_d8.pdf,42558,pdf,https://data.riksdagen.se/fil/109670BA-C680-47AB-8F04-D84F128EED11,1343208
1948765,201516_NU7.pdf,560856,pdf,https://data.riksdagen.se/fil/B10FFAB1-DDE6-4F09-B078-43338AB8DBB4,1948764
2151815,mot_201516__237.pdf,64956,pdf,https://data.riksdagen.se/fil/A83485D0-2472-4020-896D-640417AB790B,2151814
1342188,mot_201617__1085.pdf,73234,pdf,https://data.riksdagen.se/fil/67BC30F5-2E13-4DB8-8540-D46DDA272FF2,1342187
881077,mot_202526__1158.docx,71307,docx,https://data.riksdagen.se/fil/6019C80F-9AB7-4C6D-BA29-3DE593BFA55D,881075
1747255,mot_201617__1434.pdf,70131,pdf,https://data.riksdagen.se/fil/19616940-F8AF-4633-A68B-6B443A16304F,1747254
1599372,mot_202324__282.pdf,71632,pdf,https://data.riksdagen.se/fil/459CB5AD-3C5A-4026-96A2-B64A84DBCFE5,1599371
1466369,mot_202223__1296.docx,72778,docx,https://data.riksdagen.se/fil/D277603B-32D1-4A60-8062-FBFE298E0F8E,1466367
1862665,mot_202425__1429.pdf,89821,pdf,https://data.riksdagen.se/fil/9470C478-8AA1-4253-A9D7-F28340716139,1862664
2176126,MOT_200809_Fö_285.doc,43008,doc,https://data.riksdagen.se/fil/4C1C705E-C953-4D08-A898-50994F2D22A5,2176125
759753,mot_201112_sf_296.pdf,127457,pdf,https://data.riksdagen.se/fil/37BBB941-BEBA-4768-9923-DFD5B2B8A954,759751
333539,mot_200506_sk_282.pdf,134943,pdf,https://data.riksdagen.se/fil/54E874F6-3702-408C-A1A8-327DF44ABEB2,333537
1900082,mot_202425__2103.docx,71095,docx,https://data.riksdagen.se/fil/CEFC0BBC-EB7C-43D2-B9D9-E230B7AA4FCE,1900080
1048779,Proposition_201_202526.pdf,1383799,pdf,https://data.riksdagen.se/fil/B8D91AE9-91FB-4EA9-9B64-19E2FAEDCDDA,1048778
876332,mot_201920__1852.docx,69687,docx,https://data.riksdagen.se/fil/88E1A039-C6AE-42C3-AFD3-658C71D996EA,876330
228904,mot_201213_fi_224.pdf,129555,pdf,https://data.riksdagen.se/fil/7B6C84C2-2067-4AC9-AC26-C4AC6E907106,228902
2103725,MOT_200708_C_324.doc,38912,doc,https://data.riksdagen.se/fil/FF09D897-D9F9-449E-BCF0-9831A39E49E4,2103724
1302943,mot_201415__3055.pdf,70613,pdf,https://data.riksdagen.se/fil/EFF49A76-8ECD-49CA-8B05-48215A16D28E,1302942
1877738,mot_202021__1721.docx,70424,docx,https://data.riksdagen.se/fil/A93C40B0-79CD-49F1-8964-E0AB898726BD,1877736
385087,mot_202021__3674.docx,69950,docx,https://data.riksdagen.se/fil/5EFF8F97-F37D-456C-807B-8EA42C0AE351,385085
2216580,mot_202425__368.docx,73827,docx,https://data.riksdagen.se/fil/1DDE4A7E-DBBC-468B-BC33-0E91D5E9E7FD,2216576
399660,mot_202526__734.pdf,71361,pdf,https://data.riksdagen.se/fil/0043BF37-28D4-4DCD-AE47-6683D2E3580C,399659
1211404,mot_202526__2715.docx,79399,docx,https://data.riksdagen.se/fil/875C1B37-1CF7-44F4-89D9-3FDE8F64109D,1211402
790038,mot_202324__2379.docx,70070,docx,https://data.riksdagen.se/fil/D3211C5A-83D2-489C-90E1-B6BFE9C3331C,790036
1210579,mot_201011_u_203.pdf,133256,pdf,https://data.riksdagen.se/fil/18CF8A30-EE93-436F-AC4A-1A9B4EBC5997,1210577
3240901,mot_201617__3163.docx,60313,docx,https://data.riksdagen.se/fil/3020C3FA-D28B-492C-9261-D995786FEFF1,3240899
647188,MOT_201112_N_368.doc,49152,doc,https://data.riksdagen.se/fil/8844060E-44D4-4424-AF7D-6595FCBE0F90,647187
89555,mot_201112_u_232.pdf,180196,pdf,https://data.riksdagen.se/fil/6466CEC3-7844-4801-A705-6DCB35D4CF6E,89553
498407,mot_201011_kr_254.pdf,134430,pdf,https://data.riksdagen.se/fil/B9329480-FA04-4D2E-B5A2-F584B0144072,498405
509968,mot_201112_so_596.pdf,132866,pdf,https://data.riksdagen.se/fil/3B300A4E-FF54-4189-8819-199B717602E4,509966
281278,mot_201718__1399.pdf,74497,pdf,https://data.riksdagen.se/fil/A68355AA-2D47-4E39-A49C-BAB974BA72F7,281277
1220912,MOT_200809_N_6.doc,51200,doc,https://data.riksdagen.se/fil/8E4653C4-512F-46AA-9EA8-63C57FF0D3D8,1220911
811993,mot_202324__2689.pdf,942806,pdf,https://data.riksdagen.se/fil/F1808EC8-0B73-4343-88DB-ACF3EAA9CAAD,811992
319156,mot_200607_t_439.pdf,134989,pdf,https://data.riksdagen.se/fil/92E7F80F-C947-4FEB-A1AC-82618E12D037,319154
3294579,mot_202021__1418.pdf,70692,pdf,https://data.riksdagen.se/fil/9380A544-D1B8-4B61-8A15-BCA4CF3D9072,3294578
1891754,mot_201617__196.pdf,69171,pdf,https://data.riksdagen.se/fil/76D5DFA2-4F07-4D4F-8693-8F437E7358BF,1891753
1200345,prop_200708__141.pdf,538870,pdf,https://data.riksdagen.se/fil/475CA96D-0B75-4419-9943-9922698C3AA9,1200344
1631559,mot_201415__1591.docx,46710,docx,https://data.riksdagen.se/fil/1E1F9E93-9F73-402B-BB59-BB577CF999A3,1631557
703415,mot_201718__2913.docx,58882,docx,https://data.riksdagen.se/fil/D2829134-5C69-43CA-B201-37FD87E1DB46,703413
223286,MOT_200506_K_30.doc,46592,doc,https://data.riksdagen.se/fil/36500798-7E60-4A98-8957-BD9ED4A4BFF3,223285
3293871,2018_19_FöU8_20190404162726_Publicering.pdf,519766,pdf,https://data.riksdagen.se/fil/933E51BF-A728-4F3C-84FF-80F5A1586190,3293870
3268567,mot_201617__2858.docx,59068,docx,https://data.riksdagen.se/fil/2B707EDC-2D7A-41CD-8501-22973C4B5081,3268565
654604,MOT_201112_N_249.doc,54272,doc,https://data.riksdagen.se/fil/8C131AA7-7F0E-4D81-BBB7-5C167FEF52FB,654603
817477,mot_202324__2712.docx,72320,docx,https://data.riksdagen.se/fil/9C7A6690-16C9-459D-ABD4-EE0841C05ACB,817475
848386,prop_201112__116.pdf,372583,pdf,https://data.riksdagen.se/fil/CEF02ABB-5835-4837-9897-DFAA3047C17D,848385
1841400,mot_201112_sk_245.pdf,131042,pdf,https://data.riksdagen.se/fil/55CB6989-ABD7-4F35-AE1F-B94DEE755B89,1841398
1391021,mot_201213_ju_228.pdf,129363,pdf,https://data.riksdagen.se/fil/B36734A3-7CF7-4CEB-8505-66340623992C,1391019
1721043,prop_200809__109.pdf,426609,pdf,https://data.riksdagen.se/fil/347365C4-89C7-4070-A933-3F4F0737E0CD,1721042
76415,MOT_201213_C_302.doc,61440,doc,https://data.riksdagen.se/fil/99956676-9D49-4382-AA9E-E5C032452872,76414
769084,mot_202324__2902.pdf,85231,pdf,https://data.riksdagen.se/fil/F0F45AE8-AE71-497B-B0D7-4069ECF90CFE,769083
1671799,mot_200506_t_492.pdf,144336,pdf,https://data.riksdagen.se/fil/792F1AAC-7DDD-4FA9-975D-1AC7B509C892,1671797
1722698,mot_200708_a_248.pdf,125267,pdf,https://data.riksdagen.se/fil/018E64A4-71A1-401E-8E18-51B3F6A2EF4B,1722696
394011,MOT_201011_Kr_222.doc,51200,doc,https://data.riksdagen.se/fil/BE3E39AE-2EC1-40BD-B72B-0338C5BB1AAC,394010
1579482,mot_200506_t_392.pdf,123364,pdf,https://data.riksdagen.se/fil/2B1A4AF4-A470-4937-931F-4985D4D2C9C1,1579480
1738623,mot_202324__474.pdf,96087,pdf,https://data.riksdagen.se/fil/9C65628D-04DE-4CF0-B8FB-350D716438AA,1738622
1626126,mot_201415__2083.docx,45034,docx,https://data.riksdagen.se/fil/1D50B496-5408-40E8-A330-6DFB8CF1D8F8,1626124
307954,mot_201516__1250.pdf,65669,pdf,https://data.riksdagen.se/fil/5EE12582-D527-4418-93B8-CB1DD2372937,307952
745812,MOT_201011_MJ_408.doc,49152,doc,https://data.riksdagen.se/fil/87EC4A7E-E4DF-475C-B8E8-E3287E0F8485,745811
1003191,MOT_201011_T_435.doc,51712,doc,https://data.riksdagen.se/fil/B725DB63-2ABA-468D-B2DB-94DDDF420592,1003190
3119319,MOT_200506_U_280.doc,64000,doc,https://data.riksdagen.se/fil/9E186933-6316-4C3C-81A8-5F002B527D7E,3119318
1534660,mot_202526__3615.docx,79578,docx,https://data.riksdagen.se/fil/0A9C789E-32C8-48C4-B03D-F54FC95330E9,1534658
366436,mot_201516__2850.docx,50392,docx,https://data.riksdagen.se/fil/283451BA-731B-4A31-B682-113636156C95,366434
2071328,mot_201516__178.docx,49708,docx,https://data.riksdagen.se/fil/85C18D39-7B22-4D45-9B45-9CD91417B62A,2071326
2199146,MOT_200809_Fi_239.doc,43008,doc,https://data.riksdagen.se/fil/C4F0A959-0E4C-4D87-B8EF-18B9966E8877,2199145
1126251,BET_200203_SoU_7.DOC,326656,DOC,https://data.riksdagen.se/fil/B5047A8D-3DEB-4B30-BBE0-C435C97F5138,1126250
399422,mot_200708_ju_429.pdf,188464,pdf,https://data.riksdagen.se/fil/32E710EE-523D-4111-8A68-C17A41B94CD6,399420
1470738,mot_200506_t_257.pdf,198410,pdf,https://data.riksdagen.se/fil/77F0A6DB-08A0-40C9-AD7A-8C9C2821D62A,1470736
1827773,mot_201213_k_327.pdf,118791,pdf,https://data.riksdagen.se/fil/9C90A326-E19F-4D71-93CE-9F88739764CC,1827771
1740106,prop_200607__34.pdf,412272,pdf,https://data.riksdagen.se/fil/A6D963E8-C850-4C5D-BC24-994F205344DB,1740105
2033754,mot_200809_sk_481.pdf,132384,pdf,https://data.riksdagen.se/fil/E09B6ABB-1E40-48ED-B542-F13ECDA449B7,2033750
956472,mot_201920__1749.docx,69807,docx,https://data.riksdagen.se/fil/8E4D7D12-DC8A-4790-998D-B6B2F3E81B1F,956470
3226660,mot_202425__2589.docx,71293,docx,https://data.riksdagen.se/fil/E33EF7D9-B738-486E-99B0-D4A9EF379956,3226658
1307252,prop_200102__1_d20.pdf,449309,pdf,https://data.riksdagen.se/fil/B72C02BE-F012-4311-BC57-6A89056E9762,1307251
1397638,MOT_201314_Fö_251.doc,70656,doc,https://data.riksdagen.se/fil/39C98910-64BE-4FBD-8A0C-B7302C4C1F7C,1397637
1096079,mot_201314_u_243.pdf,173713,pdf,https://data.riksdagen.se/fil/A6E443C7-86DB-44B1-A0FA-5D96A797A46B,1096077
858654,MOT_200809_U_281.doc,40448,doc,https://data.riksdagen.se/fil/73CEF5B0-F5A5-4B7E-A6FF-A1BDB749A389,858653
1764256,MOT_200708_U_331.doc,53760,doc,https://data.riksdagen.se/fil/34FDABF4-4057-4CAB-8C9A-8873A1EC0426,1764255
3312450,prop_202425__1_d15.pdf,1024125,pdf,https://data.riksdagen.se/fil/F0BE2FCF-C50C-40C6-A379-3410840468DC,3312432
314601,mot_202526__648.pdf,82363,pdf,https://data.riksdagen.se/fil/BCB7A16E-0FC6-49B3-AA19-0403608BC5CA,314600
1573478,MOT_201314_MJ_2.doc,81920,doc,https://data.riksdagen.se/fil/6F673AE8-1D08-47E5-83F7-139294ED7A39,1573476
658114,mot_201920__51.docx,69917,docx,https://data.riksdagen.se/fil/BFE59375-7DF5-4214-AB27-8A02CAA5961C,658112
1449539,mot_201011_ub_215.pdf,129296,pdf,https://data.riksdagen.se/fil/1E41BA78-65AD-462C-BF6B-EE57D0A02664,1449537
83431,mot_201213_c_443.pdf,149596,pdf,https://data.riksdagen.se/fil/A7210274-D140-4D5B-AB9E-E3026D45E692,83429
1025173,Skrivelse_121_202526.pdf,2287587,pdf,https://data.riksdagen.se/fil/0B935C2D-1DE6-40FE-ACF0-441C90373C6F,1025172
169528,skr_201213__101_d5.pdf,49806,pdf,https://data.riksdagen.se/fil/A543493E-C1A2-4CB7-A124-555242D1F0F1,169527
1235795,mot_202526__2954.docx,79852,docx,https://data.riksdagen.se/fil/69DE209D-80F2-45DD-87BF-7298DA25BB85,1235793
1375526,mot_202223__1404.pdf,76086,pdf,https://data.riksdagen.se/fil/B9A71FEF-A6D1-47C6-ACF4-8B6AFAFF77DD,1375525
915917,MOT_200910_Ub_443.doc,47104,doc,https://data.riksdagen.se/fil/109B09F3-133A-4410-97E7-1272B97A50C5,915916
1791045,mot_202324__967.pdf,77360,pdf,https://data.riksdagen.se/fil/F4D58AA7-FA73-4DA0-92B4-BCEB0B3DEAB1,1791044
1150512,mot_201516__82.pdf,90300,pdf,https://data.riksdagen.se/fil/36C7CE2C-9D4D-45A9-8BBE-254A911BE3E3,1150511
1876443,mot_200607_ju_202.pdf,116641,pdf,https://data.riksdagen.se/fil/3D320B2A-EFD6-433C-860E-32033166A862,1876441
1747648,mot_201617__1424.pdf,75535,pdf,https://data.riksdagen.se/fil/65601D02-CC31-410C-943A-0B291F75623A,1747647
1222575,MOT_200809_K_6.doc,43520,doc,https://data.riksdagen.se/fil/700B0361-DBF0-48D7-B0B2-725B19D96834,1222574
1932682,bet_200102_föu_10.pdf,906477,pdf,https://data.riksdagen.se/fil/3C63AC14-3AA9-4249-A397-0889F8D88C4A,1932680
1833111,mot_200910_c_468.pdf,168467,pdf,https://data.riksdagen.se/fil/D54CD70D-D6CA-436D-AF58-3DEF609998FC,1833109
1753493,mot_202425__2171.docx,71719,docx,https://data.riksdagen.se/fil/14EBACEE-C7B7-4DA7-9904-69DA537D5BFC,1753491
498759,MOT_200607_K_275.doc,37888,doc,https://data.riksdagen.se/fil/58B041C3-2B43-4212-96CC-E5D240C08526,498758
615886,MOT_201011_A_388.doc,51200,doc,https://data.riksdagen.se/fil/5B4087F1-6682-4E3E-ABC2-FDB4D7E8290E,615885
1652411,mot_202122__3597.pdf,70137,pdf,https://data.riksdagen.se/fil/B78B177A-53BC-46A4-9930-C9F929AED98A,1652410
2235865,mot_202021__2554.pdf,137396,pdf,https://data.riksdagen.se/fil/9EBFFAFA-EDCF-4F15-AAB1-556EE279EA29,2235864
692050,MOT_200809_U_325.doc,48128,doc,https://data.riksdagen.se/fil/18B2908F-0EFB-4DE8-87D0-7E58AA6A9BD9,692049
1305694,mot_202223__587.pdf,78545,pdf,https://data.riksdagen.se/fil/EF8718D3-ECBC-47BD-B236-895CDA113585,1305693
1077624,mot_201920__1422.docx,69578,docx,https://data.riksdagen.se/fil/D7BE0EF8-8DC2-40C0-B628-729203F8331A,1077622
1055893,mot_202122__1592.pdf,78991,pdf,https://data.riksdagen.se/fil/33A4848F-9165-476C-AB77-6496DF84AEBE,1055892
1034765,mot_200607_ub_279.pdf,136179,pdf,https://data.riksdagen.se/fil/FAB5D8A6-8398-4752-BB6C-802757CB2DCD,1034763
814925,mot_200910_fã¶_267.pdf,144276,pdf,https://data.riksdagen.se/fil/F3C39E55-33A8-448E-AC75-8047C1B928F5,814923
1370986,bet_200001_fiu_13.pdf,224191,pdf,https://data.riksdagen.se/fil/1734DAEC-1D39-43B1-9337-B9F6ECCCECDA,1370984
1397712,MOT_201314_Fö_256.doc,62464,doc,https://data.riksdagen.se/fil/9775F941-88C3-4939-AE34-F78B51DDB6AB,1397711
1088824,mot_202324__1347.pdf,72463,pdf,https://data.riksdagen.se/fil/B6BDA714-9721-448F-889C-95F4561CC297,1088823
1199367,MOT_201011_Sk_330.doc,48640,doc,https://data.riksdagen.se/fil/D1DBD80C-923C-4725-B05C-24B590CE2B7A,1199366
1437796,MOT_201314_Sk_336.doc,56320,doc,https://data.riksdagen.se/fil/92F9C530-4254-45C1-9A6A-E4A88D5FCDC4,1437795
3307188,mot_200708_t_256.pdf,123416,pdf,https://data.riksdagen.se/fil/ACC4346E-85EF-445B-8E8B-216AE3FB904C,3307186
772152,mot_201718__2379.docx,58101,docx,https://data.riksdagen.se/fil/989F1891-27EB-4DB3-87F3-BBF5AC6981FC,772150
1090697,BET_200203_SoU_12.doc,198656,doc,https://data.riksdagen.se/fil/22495DAB-FCB1-43A3-980D-67FC65016A53,1090696
348730,mot_202122__799.docx,70969,docx,https://data.riksdagen.se/fil/3C85C152-1659-420F-BCDB-86A8A9A2ABB5,348726
843592,MOT_201314_MJ_488.doc,58880,doc,https://data.riksdagen.se/fil/E6A11B5B-C055-49D2-A6A5-C0EBF0400AB8,843591
1197423,mot_202223__527.docx,76235,docx,https://data.riksdagen.se/fil/0D367569-C37D-4B3B-9266-174C2BAF8E73,1197421
1416971,MOT_201314_Ub_503.doc,62976,doc,https://data.riksdagen.se/fil/076D6C34-95D6-4570-AA3B-0E5FC2FB5BE2,1416970
1417080,mot_200809_kr_302.pdf,163278,pdf,https://data.riksdagen.se/fil/A5D50FDD-CD96-4D2D-BACF-AAD6C430C556,1417078
2185504,mot_201819__2163.pdf,69978,pdf,https://data.riksdagen.se/fil/DBC4C74A-8D01-4D12-B2AF-8229A41865B4,2185503
2180259,mot_201819__2014.pdf,71179,pdf,https://data.riksdagen.se/fil/DFCEE3B7-6181-4008-99F4-A47A7BCB68EE,2180258
738209,mot_201819__610.pdf,72468,pdf,https://data.riksdagen.se/fil/1CE77200-86B5-436B-8042-E4A7F922C056,738208
2073529,mot_201213_kr_263.pdf,133478,pdf,https://data.riksdagen.se/fil/EEE12F37-F0EF-475D-A942-2EA805FC4EA5,2073527
601863,2019_20_MJU15_20200429164139_Publicering.pdf,907562,pdf,https://data.riksdagen.se/fil/9E0ECDD8-7A6D-4FC5-8EBE-B856A7EA0095,601862
880391,mot_200809_k_298.pdf,125939,pdf,https://data.riksdagen.se/fil/6D341F82-B1CD-4042-AB99-F147DAB2415E,880389
1251976,prop_200708__1_d13.pdf,249496,pdf,https://data.riksdagen.se/fil/FF22C465-6231-4532-A5C6-D666D111B684,1251952
1436777,mot_201718__2.pdf,70225,pdf,https://data.riksdagen.se/fil/554A0B87-CF99-46C6-8E8A-2CC911FF2FE5,1436776
2046611,201617TU10_20170309122620_Publicering.pdf,500876,pdf,https://data.riksdagen.se/fil/B7804A08-9A02-49E2-B45E-F9AB8A7AABA7,2046610
1020540,mot_201011_t_481.pdf,142133,pdf,https://data.riksdagen.se/fil/7018EC43-36FE-48FB-BFA7-1083E8D70AED,1020538
3114093,mot_200809_mj_389.pdf,144995,pdf,https://data.riksdagen.se/fil/F5DD4AF0-9F90-48D9-A463-E97FA4210BD4,3114091
1407660,mot_200910_ju_318.pdf,121904,pdf,https://data.riksdagen.se/fil/3936C388-8E7E-4474-8488-3A09C1747DDE,1407658
313985,mot_201516__1380.docx,49301,docx,https://data.riksdagen.se/fil/F8A97D35-4B92-431B-84EB-55F8AF1BE6C5,313983
246943,mot_201516__1966.docx,48890,docx,https://data.riksdagen.se/fil/65C6F292-CE6E-44F5-96AD-4DDC98E8A48E,246941
1688040,mot_201415__1752.pdf,69941,pdf,https://data.riksdagen.se/fil/B0D71E35-268B-4467-90C0-29FAE956A8E6,1688039
966482,mot_201920__1483.docx,69354,docx,https://data.riksdagen.se/fil/D5997C68-5EB6-4DAC-8E3B-AB176B624E24,966480
2049526,mot_202021__1885.docx,71071,docx,https://data.riksdagen.se/fil/C39705BB-21C6-43A0-AE62-F90EE9072F9B,2049524
241899,mot_200607_k_340.pdf,135281,pdf,https://data.riksdagen.se/fil/8C057CC4-93BC-40D0-9FB4-85EBBC90A3C5,241895
3126306,mot_200607_ju_343.pdf,239683,pdf,https://data.riksdagen.se/fil/210766E8-E729-474F-A577-ACD37954F57D,3126304
990433,mot_200910_sk_346.pdf,129741,pdf,https://data.riksdagen.se/fil/4974AD75-E2DB-46CD-88EE-83766BB36B28,990431
1203683,prop_200708__165.pdf,658620,pdf,https://data.riksdagen.se/fil/F759B6EE-43FF-4BD0-B0BE-D5800B467627,1203682
1079583,MOT_201011_T_249.doc,48640,doc,https://data.riksdagen.se/fil/D22F4668-E218-4301-AC84-D9D4D7FBCDEE,1079582
772002,mot_201718__2376.docx,58958,docx,https://data.riksdagen.se/fil/6C8A2D35-D0BD-4E34-84B5-AD2194323F91,772000
1801927,MOT_201314_T_452.doc,99840,doc,https://data.riksdagen.se/fil/C6F50778-24E6-450D-BEB7-6D5A57294A70,1801926
146022,mot_201213_sk_329.pdf,126134,pdf,https://data.riksdagen.se/fil/8759FBC7-2D12-4A03-9EB1-D4FF9F6156C2,146020
1842122,bet_201516_NU_3.pdf,405589,pdf,https://data.riksdagen.se/fil/1FD7622C-2547-4080-A9A3-86B181DD07B4,1842121
281091,mot_201718__1897.pdf,83791,pdf,https://data.riksdagen.se/fil/5F65F0A6-EC91-4154-B69D-85936EEACC4C,281090
425344,MOT_200607_T_400.doc,38912,doc,https://data.riksdagen.se/fil/1B498C00-FD9F-4C5C-BC7C-BD33C54405BF,425343
1225968,mot_202526__3032.pdf,77075,pdf,https://data.riksdagen.se/fil/879EA94E-BC0E-464D-AF9A-BEA7C98D18A4,1225967
1271084,mot_201213_so_490.pdf,142933,pdf,https://data.riksdagen.se/fil/736CF4A6-2600-4C89-81AD-6203FFEC642B,1271082
3264231,MOT_201213_A_215.doc,56832,doc,https://data.riksdagen.se/fil/A2C1FF3B-64A6-4158-9C6C-9BFA397F4E54,3264230
1471029,mot_201415__603.pdf,67027,pdf,https://data.riksdagen.se/fil/CF5B0A8A-E843-4F9D-ACC4-9D40B8827133,1471028
832688,mot_202324__2481.docx,110842,docx,https://data.riksdagen.se/fil/82106E59-867C-4103-91AB-26174B076CEC,832686
1618230,mot_201415__2249.pdf,63781,pdf,https://data.riksdagen.se/fil/926FF483-07E7-4C1B-9A87-544946796695,1618229
1066539,mot_202526__3970.pdf,83716,pdf,https://data.riksdagen.se/fil/64BAB724-1D9F-4BBE-B709-661A38FACC1E,1066538
1319685,mot_201920__515.pdf,72667,pdf,https://data.riksdagen.se/fil/7C559FDC-19C1-4024-884C-966327295626,1319684
1548959,mot_202223__1213.pdf,120786,pdf,https://data.riksdagen.se/fil/D898A6CC-63DD-40C7-A93C-66BF7384269F,1548958
740618,mot_201718__2518.pdf,63776,pdf,https://data.riksdagen.se/fil/3A970F55-9D88-4B62-A0FF-E516E9ACF7EE,740617
932395,MOT_200809_Ju_310.doc,38912,doc,https://data.riksdagen.se/fil/080532D3-E10D-44E9-9767-A96285BBAC09,932394
123743,MOT_201011_So_366.doc,49152,doc,https://data.riksdagen.se/fil/9BD50AFB-92AC-4934-A504-84172D08B1BA,123742
667555,mot_201920__2442.docx,68938,docx,https://data.riksdagen.se/fil/4391C082-AC0F-4030-B602-86A9A936B6D5,667553
1537458,mot_201617__1369.pdf,60192,pdf,https://data.riksdagen.se/fil/D2D6D79E-45C2-4A62-BD90-6A22ECAB3C1F,1537457
461218,MOT_201011_A_11.doc,61952,doc,https://data.riksdagen.se/fil/AFD634A9-C01B-4F9A-A911-11243A09D560,461217
1384063,MOT_201213_So_359.docx,48436,docx,https://data.riksdagen.se/fil/3DE306A1-9D7C-4F2B-97F0-23C8A78BC67C,1384061
791287,mot_200607_c_261.pdf,119196,pdf,https://data.riksdagen.se/fil/60727834-AA4C-4815-9BD7-67324A698C2E,791285
2079507,mot_202425__345.docx,73857,docx,https://data.riksdagen.se/fil/E62132CE-5FC9-4619-BEFD-13ACC4A377B5,2079505
3294563,MOT_200910_T_311.doc,41472,doc,https://data.riksdagen.se/fil/1BF3AA84-0F5D-435D-A2BF-777046937F6F,3294562
130591,MOT_201213_Sk_416.doc,58368,doc,https://data.riksdagen.se/fil/706ECC0E-A366-4F4C-BA9C-E2623C2AB8B6,130590
511951,mot_202425__3118.pdf,73102,pdf,https://data.riksdagen.se/fil/6EFE28EE-5112-42B0-98E6-EC72C86EFB2A,511950
1752043,mot_201920__3627.pdf,91919,pdf,https://data.riksdagen.se/fil/E7FFBAEB-E2A8-405B-B569-EFF6CE156CEB,1752042
3236167,2011_12_FiU39.pdf,122320,pdf,https://data.riksdagen.se/fil/AA1A57C8-F289-4771-B255-218E92281FC8,3236166
1688952,mot_202324__854.pdf,71859,pdf,https://data.riksdagen.se/fil/1B7221DE-D722-47DD-AD7C-A309E9019FCD,1688951
1134597,mot_202122__1750.docx,73327,docx,https://data.riksdagen.se/fil/8FE806EA-960E-4790-BA5C-D9FB01F5143B,1134595
763681,mot_202324__2855.docx,77898,docx,https://data.riksdagen.se/fil/B9FF20EE-FFF7-40A8-8BEF-1E21E025E588,763679
1484945,MOT_201213_Ju_258.doc,53760,doc,https://data.riksdagen.se/fil/785879DD-EC16-4448-947C-8A35689BA019,1484944
467901,mot_202122__336.docx,72194,docx,https://data.riksdagen.se/fil/F914B34F-7B11-49BE-8C8C-9DD57EE5E332,467896
2256381,mot_201516__532.docx,49889,docx,https://data.riksdagen.se/fil/E810756B-A0FB-4718-84A6-DBBBB122B95A,2256379
2252499,mot_200506_n_302.pdf,260950,pdf,https://data.riksdagen.se/fil/41E6D3ED-0920-4DE6-B050-3804DDDA85CC,2252497
3254002,mot_200708_u_354.pdf,246563,pdf,https://data.riksdagen.se/fil/E5D0BC6E-7528-46DE-825F-2FC0C636F95D,3254000
733007,mot_201516__3269.pdf,65517,pdf,https://data.riksdagen.se/fil/FC495AF5-4191-4672-8D1A-BD2BDBF599BC,733006
1593824,mot_200506_k_462.pdf,118935,pdf,https://data.riksdagen.se/fil/48801098-D0DB-4133-A94F-6D3D604FB521,1593822
540880,mot_201516__2919.pdf,61589,pdf,https://data.riksdagen.se/fil/63A37DF8-BC09-4016-8EBB-462C751A0DC3,540879
983568,mot_202526__1212.pdf,72277,pdf,https://data.riksdagen.se/fil/D0D9B4E1-7DF0-41A2-B1D9-B3C555368194,983567
707135,MOT_201314_MJ_520.doc,57344,doc,https://data.riksdagen.se/fil/892ACDCA-4732-4D26-8D59-9D07C2720D54,707134
618262,mot_201516__3216.docx,50468,docx,https://data.riksdagen.se/fil/0B93E55B-3214-4C9E-BCCB-929A30408F26,618260
1630873,mot_202526__3633.pdf,73670,pdf,https://data.riksdagen.se/fil/6C03CAA0-C3B4-420D-818E-6A9CA30B7CFE,1630872
567763,mot_201617__784.pdf,58865,pdf,https://data.riksdagen.se/fil/5E399484-4745-432D-A11E-437324B97DA4,567762
1214450,mot_201920__473.pdf,71763,pdf,https://data.riksdagen.se/fil/17DCA72D-D861-4B09-977B-26426B099291,1214449
3251024,MOT_200607_Sf_219.doc,45056,doc,https://data.riksdagen.se/fil/2A71057B-9383-4DEC-A627-76C06F7D3754,3251023
1949434,bet_200203_uu_10.pdf,1232553,pdf,https://data.riksdagen.se/fil/246A8AF0-A2FF-4A68-8722-F133D93D0A5D,1949432
3231397,mot_201011_n_338.pdf,120350,pdf,https://data.riksdagen.se/fil/B19422DB-7FC4-42DC-A662-32CE69ADE7DD,3231395
66794,mot_201718__849.docx,57201,docx,https://data.riksdagen.se/fil/31EEC49D-A80B-407B-8703-BE56FC86A366,66791
1003274,mot_201112_mj_334.pdf,121071,pdf,https://data.riksdagen.se/fil/BB6A872E-0170-44CE-A195-33798AB9E9DA,1003272
398878,mot_202526__761.pdf,82340,pdf,https://data.riksdagen.se/fil/C387B264-ECB4-410F-8C48-219F804187CF,398877
1432837,mot_202122__2020.pdf,76811,pdf,https://data.riksdagen.se/fil/BAF21F28-2B5A-47BC-998B-AC47F78CE730,1432836
1973256,mot_202425__1021.docx,72348,docx,https://data.riksdagen.se/fil/40DC6E1A-B69F-42C5-8DE3-71BEF8550C6A,1973254
1946405,2009_10_NU10.pdf,93533,pdf,https://data.riksdagen.se/fil/A81D59FF-F4D8-47CD-9FE1-779D0365C896,1946404
522606,mot_200809_u_218.pdf,132023,pdf,https://data.riksdagen.se/fil/26022D18-15B8-4566-98B7-C5AFACEF6B71,522604
123629,MOT_201011_So_364.doc,48640,doc,https://data.riksdagen.se/fil/DB8D42AA-CDFB-4918-AE75-118D8E5F3FD1,123628
834406,mot_201819__486.pdf,73461,pdf,https://data.riksdagen.se/fil/8781F2E5-29E4-46DE-B31E-873E4F7D6B96,834405
1745484,mot_201920__3277.pdf,98525,pdf,https://data.riksdagen.se/fil/B90FF592-8833-4DAC-897B-452EAD13AE05,1745483
438766,mot_201516__2088.pdf,65778,pdf,https://data.riksdagen.se/fil/CBE5574E-5B9A-4489-BF6A-5A498DFD0868,438765
1647754,MOT_201314_T_513.doc,55808,doc,https://data.riksdagen.se/fil/0EA65390-F2BB-4746-BB04-BA6392BCEA36,1647753
3226700,mot_202425__2592.docx,71510,docx,https://data.riksdagen.se/fil/9B60BB27-2180-4A64-B6ED-6FF2FC904CFA,3226698
2146069,MOT_200506_N_272.doc,54272,doc,https://data.riksdagen.se/fil/828FA53A-E20F-4052-A4BF-2B27C7D5531B,2146068
1625070,prop_200304__1_d5.pdf,839349,pdf,https://data.riksdagen.se/fil/5061C061-94A2-4777-A543-91FE0ABDFF63,1625069
470159,bet_200001_sfu_14.pdf,159447,pdf,https://data.riksdagen.se/fil/5F5FA1BD-82C2-4759-90D7-5F3393A6107A,470157
2006636,mot_202425__1636.docx,75739,docx,https://data.riksdagen.se/fil/003C973E-E66F-48C8-BB1A-0E7185D9B831,2006634
2170918,mot_201819__2119.pdf,67662,pdf,https://data.riksdagen.se/fil/B7F40085-25D3-41A8-927F-26F05F29303E,2170917
1843590,MOT_200708_U_337.doc,42496,doc,https://data.riksdagen.se/fil/FE83A949-EABA-4046-B97A-AD83B9C97867,1843587
1193032,BET_200506_KrU_31.pdf,103549,pdf,https://data.riksdagen.se/fil/E8193F85-9E5F-4632-96CD-4B59674CD384,1193031
914037,MOT_201011_K_419.doc,54272,doc,https://data.riksdagen.se/fil/DEFF8E36-EB48-494B-BE3E-561F9B2FD71F,914036
1984948,MOT_200910_T_437.doc,38400,doc,https://data.riksdagen.se/fil/726AF9C9-F92F-498A-B296-5AFA9F52E703,1984947
681144,mot_201718__2094.docx,56712,docx,https://data.riksdagen.se/fil/CF8C6312-0B05-4BDB-99A2-E65E4DD32B96,681142
1096548,MOT_201314_U_239.doc,59904,doc,https://data.riksdagen.se/fil/EE577681-8AC3-4F8B-A302-0EE6882507A6,1096547
2219684,prop_201617__44.pdf,1306417,pdf,https://data.riksdagen.se/fil/FF87A2F8-DF83-4567-8F5D-7FB821D74729,2219683
2144838,MOT_200506_N_207.doc,56320,doc,https://data.riksdagen.se/fil/F431F601-DD6C-4C3A-BC66-81B15DDC3AAE,2144837
1563299,mot_202526__3100.pdf,93593,pdf,https://data.riksdagen.se/fil/C4E32095-5356-4993-8E3C-20C89C1E7F65,1563298
510869,mot_202526__163.pdf,76646,pdf,https://data.riksdagen.se/fil/4A8BB0BE-D167-46A4-A1B9-FA7A8C1E3DF4,510868
1698419,MOT_200506_L_324.doc,44032,doc,https://data.riksdagen.se/fil/988FA2B7-E656-49C5-9C39-FDDAC118A484,1698418
840730,MOT_200809_Sf_310.doc,38400,doc,https://data.riksdagen.se/fil/F7298DC5-1BF8-437F-9673-3AA34B358EB8,840729
329956,MOT_200708_So_392.doc,41984,doc,https://data.riksdagen.se/fil/CD298A57-93E6-41ED-BB06-0E1266DD789F,329955
1619591,prop_200809__173.pdf,346614,pdf,https://data.riksdagen.se/fil/EF7EB334-D7C2-4DF3-A22F-D6FD2CAAB671,1619590
2003781,mot_202021__671.pdf,89744,pdf,https://data.riksdagen.se/fil/E094B29E-1510-476E-973D-CDF330C2E73A,2003780
484891,mot_201617__631.pdf,75579,pdf,https://data.riksdagen.se/fil/7F42E384-E24E-43D6-8ECB-B1EB90176DF4,484890
1076588,mot_202223__999.docx,79269,docx,https://data.riksdagen.se/fil/16A5E416-185B-4CCC-8473-AE97158BEA8C,1076586
588387,mot_202021__4090.pdf,82942,pdf,https://data.riksdagen.se/fil/335E3903-C12C-46E4-8C53-1DFCB6AD84BE,588386
644047,prop_201314__105.pdf,395637,pdf,https://data.riksdagen.se/fil/0ED34B2D-0B64-483C-B4A1-387E27F6EAAB,644046
1842843,mot_202223__2160.pdf,78511,pdf,https://data.riksdagen.se/fil/6CBAFC53-D14C-49DA-B143-E70ABD50945C,1842842
128615,MOT_201213_Sk_409.doc,59904,doc,https://data.riksdagen.se/fil/DE701A54-792C-43AC-8719-37893825EE18,128614
1333312,mot_202122__2114.pdf,75314,pdf,https://data.riksdagen.se/fil/DDE38F1C-A8DA-41E8-A37F-E7364746CA52,1333311
145393,MOT_201213_Sk_310.doc,60928,doc,https://data.riksdagen.se/fil/54D60386-99CD-44CC-9F01-DE75C0E6EBDE,145392
2145167,mot_202021__2826.docx,70579,docx,https://data.riksdagen.se/fil/E4858203-1FE2-4C64-BBA0-95000826249F,2145165
2144586,MOT_200809_Fi_220.doc,37376,doc,https://data.riksdagen.se/fil/5E8148D0-B525-46D2-8F46-E2D5FAC03F55,2144585
1097981,MOT_200708_Kr_229.doc,42496,doc,https://data.riksdagen.se/fil/A374C060-AC76-4457-9C34-439802B2F43E,1097980
1850060,mot_202122__4228.pdf,83887,pdf,https://data.riksdagen.se/fil/379DC3AC-57F7-4E2E-BA82-C359EE654685,1850059
2239319,mot_201516__433.pdf,75254,pdf,https://data.riksdagen.se/fil/11C8B24B-1A6F-40DA-9935-C3A49A9DDEDE,2239318
208842,mot_200910_u_4.pdf,177432,pdf,https://data.riksdagen.se/fil/8815ABCE-E930-4F85-B941-6D404DCD8644,208840
1624482,prop_200809__179.pdf,1467265,pdf,https://data.riksdagen.se/fil/C5319EF1-E2C6-45FB-9BEF-E14F656D78B2,1624481
263959,mot_201516__1581.docx,49205,docx,https://data.riksdagen.se/fil/D58D808E-F50C-4D13-B0CC-C2104046B658,263957
2068432,mot_202425__1070.docx,72104,docx,https://data.riksdagen.se/fil/D58E9B67-EF0B-40BC-8B87-FC33D3C38D10,2068430
1418345,mot_201314_ub_534.pdf,139606,pdf,https://data.riksdagen.se/fil/3AAF43B5-CE6A-46BB-8AAE-E331E3AFF12E,1418343
1457291,mot_201920__252.docx,69757,docx,https://data.riksdagen.se/fil/78785C6C-89B6-45CB-A980-AAA222A69E3D,1457289
649264,MOT_201112_N_395.doc,55808,doc,https://data.riksdagen.se/fil/60BB9397-63C9-422F-8B9B-D3866EFEE065,649263
1359485,prop_201011__56.pdf,335098,pdf,https://data.riksdagen.se/fil/8481C983-1E7D-4D45-A7A2-2930A688CB38,1359484
1773058,mot_202324__654.docx,71247,docx,https://data.riksdagen.se/fil/99EEE423-F36E-4B07-9963-B9CD8BD9F720,1773056
1405375,2020_21_SkU19_20210331153558_Publicering.pdf,515484,pdf,https://data.riksdagen.se/fil/93A0293B-2BEE-4353-B5DE-074B6DB4C509,1405374
867793,prop_201112__100.pdf,2378583,pdf,https://data.riksdagen.se/fil/7E299BD2-33DB-4650-B7C7-4869C923B6D6,867792
808643,MOT_201112_Kr_327.doc,51200,doc,https://data.riksdagen.se/fil/EE952DDB-DDEC-4CAA-9BD9-E7B66EE6F777,808642
1486375,mot_201213_ju_212.pdf,195035,pdf,https://data.riksdagen.se/fil/F2855D0D-42BA-47CE-9C41-51271A939951,1486373
1789010,mot_201617__3181.docx,60204,docx,https://data.riksdagen.se/fil/5ED77F77-8707-4ED8-888F-C181F9CA24CD,1789008
1604284,mot_201415__440.docx,45406,docx,https://data.riksdagen.se/fil/75DD6159-6CA2-497A-A474-00CB053CE7F3,1604282
157808,MOT_200809_A_342.doc,38400,doc,https://data.riksdagen.se/fil/74DA3855-91FE-4398-8333-F2D6A834494A,157807
1489294,MOT_200708_Sk_245.doc,45056,doc,https://data.riksdagen.se/fil/5AD331B2-1029-40FC-AFD8-B29B5B4AF362,1489293
1227274,MOT_200506_Ju_363.doc,38400,doc,https://data.riksdagen.se/fil/F06CE585-B121-4BBF-BCE6-D142C09D29EF,1227273
521408,MOT_201112_So_328.doc,48640,doc,https://data.riksdagen.se/fil/CFAAEA60-0EE4-413D-8D0E-A705886E126E,521407
497003,mot_201718__1714.pdf,82891,pdf,https://data.riksdagen.se/fil/C2D7223E-54C5-47C7-8BF6-C06019DD92AA,497002
1808399,mot_202425__240.docx,74376,docx,https://data.riksdagen.se/fil/F9AC6B5D-637F-41C3-BA91-B65F2CA496FB,1808396
1574074,MOT_200708_Ub_2.doc,44032,doc,https://data.riksdagen.se/fil/9D2CC004-75EB-45DF-97F7-1D147DE4BEC5,1574073
1645337,BET_200506_SoU_16.pdf,1404629,pdf,https://data.riksdagen.se/fil/BFD734FF-9C88-4BBB-987C-9258904AE002,1645336
1277052,mot_202526__2492.docx,78441,docx,https://data.riksdagen.se/fil/5F3436C5-7DA7-4174-882B-BDFAD947E167,1277050
1464898,MOT_200809_Kr_205.doc,73216,doc,https://data.riksdagen.se/fil/2E3D2965-A6A4-4891-974C-1BE53C6A0648,1464897
282691,skr_202122__265.pdf,1999328,pdf,https://data.riksdagen.se/fil/69A20ECB-2803-4BB3-A9A0-8DDDD616AFFA,282690
536957,mot_201718__1154.pdf,62147,pdf,https://data.riksdagen.se/fil/FA889BD7-9E2B-4FA0-9E0A-0A510B57D808,536956
288917,mot_201718__1800.pdf,72079,pdf,https://data.riksdagen.se/fil/5FFDDB3A-F43E-4F6F-9774-BDAE7AF8C3B5,288916
1036191,mot_202526__2689.pdf,72194,pdf,https://data.riksdagen.se/fil/1B4063E5-CF36-4BC8-BBC9-919B41372CE6,1036190
1797613,mot_201617__272.pdf,59264,pdf,https://data.riksdagen.se/fil/26D6BA51-4D51-4896-81A2-F5EB514BB9D2,1797612
1960883,mot_201617__2835.pdf,60253,pdf,https://data.riksdagen.se/fil/296596C0-AE72-4D57-B889-53CDB4E54089,1960882
1302204,mot_200910_so_536.pdf,115068,pdf,https://data.riksdagen.se/fil/D2C82E82-F50B-44B0-9E2A-6FD3316F2C8C,1302202
363785,mot_201516__1952.pdf,69887,pdf,https://data.riksdagen.se/fil/A1A2A49B-D563-4A94-9C5A-D4FE1562F056,363784
1611372,mot_201415__1683.pdf,66515,pdf,https://data.riksdagen.se/fil/235808F9-21E5-4B6A-B33F-8E4EDFC38A5F,1611371
1183269,bet_200001_bou_5.pdf,336045,pdf,https://data.riksdagen.se/fil/64ED259C-FA84-43A8-90FE-FFB0E566DE71,1183267
846615,prop_201112__161.pdf,2007649,pdf,https://data.riksdagen.se/fil/F77018F2-525A-4262-BD4E-D14407890AA2,846613
347939,BET_200304_BoU_7.pdf,2100240,pdf,https://data.riksdagen.se/fil/BC00E006-C265-4137-8B2B-766AC2C09CDE,347938
972531,MOT_200809_Ju_288.doc,38400,doc,https://data.riksdagen.se/fil/CB9DF7E4-B55B-49DA-8962-08FC47701120,972530
193006,mot_201516__1017.docx,48703,docx,https://data.riksdagen.se/fil/F1A11E49-9812-41FD-868E-2FC11C498BD0,193004
1240486,mot_202526__2104.docx,78203,docx,https://data.riksdagen.se/fil/41540893-B2D4-4066-846E-E9FB1C0E735E,1240484
583913,mot_201516__2678.docx,51803,docx,https://data.riksdagen.se/fil/E7D13244-87DD-4D28-9E47-68CE6770B073,583911
1147569,MOT_200910_A_312.doc,39936,doc,https://data.riksdagen.se/fil/56BAC3C8-7E26-4250-AC08-562EF98C57C0,1147568
655436,mot_201112_n_254.pdf,140156,pdf,https://data.riksdagen.se/fil/7F200C59-BDD1-4232-94CD-BC67695C194F,655434
2064064,mot_201314_ju_280.pdf,134114,pdf,https://data.riksdagen.se/fil/7A9D9EE2-46A0-4C05-B507-DB7262AE68C4,2064062
3120943,mot_201617__3267.pdf,69999,pdf,https://data.riksdagen.se/fil/0362DE47-3F9A-44C8-B0D5-322DF5754970,3120942
144901,mot_200708_so_310.pdf,128270,pdf,https://data.riksdagen.se/fil/9212F4BB-2AC2-4D23-BE4C-EBF5C4BB6D56,144899
2182206,mot_202223__2399.docx,75471,docx,https://data.riksdagen.se/fil/0FB9FCE2-C761-4EBF-B5E7-CE9DFE4951AA,2182204
1520464,mot_201415__2247.docx,46888,docx,https://data.riksdagen.se/fil/A30BAFE9-ED31-4E8E-94F3-DB4D9120B22D,1520462
2242311,mot_202223__2289.docx,73724,docx,https://data.riksdagen.se/fil/30265690-3BE5-44FB-AACD-95885F4FEDD6,2242309
713199,mot_201516__3024.docx,49026,docx,https://data.riksdagen.se/fil/C0A5F88F-C499-434C-9AEF-816818D16C12,713197
1529581,mot_201415__2086.docx,45012,docx,https://data.riksdagen.se/fil/7923164C-FE52-4559-AF4C-1BF44D6998F3,1529579
1899507,MOT_201314_So_574.doc,55808,doc,https://data.riksdagen.se/fil/0D6ECDB8-23B4-4DBE-89E8-E9CA15018327,1899506
1166286,mot_202122__1428.pdf,80698,pdf,https://data.riksdagen.se/fil/22B4675C-40EC-44D7-BFF6-6D5D18E360D2,1166285
163807,BET_200001_LU_1.doc,79872,doc,https://data.riksdagen.se/fil/BFF5777C-A0DE-4EA0-A5DD-BA5F1101E1CC,163806
577904,mot_202021__4049.pdf,79233,pdf,https://data.riksdagen.se/fil/A8D604CA-07A0-47CC-9DE0-54C31ED829FE,577902
1752181,mot_201920__3152.docx,69987,docx,https://data.riksdagen.se/fil/9B5D0983-A082-4C84-A08C-63A5313CD068,1752179
1446588,mot_201415__997.doc,52352,doc,https://data.riksdagen.se/fil/A7D140D0-5863-4A35-B79A-4780CC4CDCE8,1446586
1875701,mot_202425__2307.docx,71076,docx,https://data.riksdagen.se/fil/DA376781-A20B-4DF3-AE90-491D9941588A,1875699
1811621,MOT_200607_So_221.doc,38400,doc,https://data.riksdagen.se/fil/F9E589EE-7EF0-43BC-86F3-0F1F14A966CD,1811620
364458,mot_201718__1988.pdf,69860,pdf,https://data.riksdagen.se/fil/AAA9CEBF-2E84-41C3-BC8A-C6F2E4AEF386,364457
1642843,mot_201415__1479.pdf,63906,pdf,https://data.riksdagen.se/fil/DA162120-376F-473B-8AAF-48A6AD65D528,1642842
2192614,MOT_200809_Sk_295.doc,37888,doc,https://data.riksdagen.se/fil/92FEB900-9E72-4C3D-B4E5-6FD62C347677,2192613
1942366,mot_201617__2664.docx,60081,docx,https://data.riksdagen.se/fil/B2B7A8E8-3ACA-4B55-824A-694923A44956,1942364
3286442,mot_201819__3046.pdf,83341,pdf,https://data.riksdagen.se/fil/EE2813B0-014C-484E-BAB8-178D42428921,3286441
618148,mot_201718__2030.docx,60018,docx,https://data.riksdagen.se/fil/1B5DF1FC-90FD-4DF1-9BDF-5D3E2E87D906,618146
2022636,mot_202223__1800.pdf,74748,pdf,https://data.riksdagen.se/fil/D76B44B3-EBCE-46F8-99AA-30B78ADF18AF,2022635
730728,MOT_201314_MJ_222.doc,58880,doc,https://data.riksdagen.se/fil/A7BDE5EB-D4D8-42A8-B60A-84966F2093D9,730727
3256254,mot_200910_c_395.pdf,118631,pdf,https://data.riksdagen.se/fil/30E3CED1-A181-4F24-93BA-C1DBA95C520F,3256250
1168519,mot_202223__928.docx,79705,docx,https://data.riksdagen.se/fil/08545E22-0D69-4BB5-B7CA-D103A48505AA,1168517
1272783,mot_201920__493.pdf,76271,pdf,https://data.riksdagen.se/fil/3EB1264E-B946-4F7D-9141-C63301581C93,1272782
3344163,MOT_201314_So_358.doc,57856,doc,https://data.riksdagen.se/fil/4E421C44-C16D-48DB-9941-E201EEF68222,3344162
1540585,mot_202223__1143.docx,88437,docx,https://data.riksdagen.se/fil/071BE593-6806-4F7A-BBB4-5DB750FE9955,1540583
2133077,mot_202021__2988.docx,70045,docx,https://data.riksdagen.se/fil/281366C0-B7B0-4BAB-9095-E66F27A175EE,2133075
888647,MOT_200910_Sk_391.doc,37888,doc,https://data.riksdagen.se/fil/29065FE8-DF92-4634-93AA-EFB1E5308FF2,888646
2164424,mot_202223__2128.pdf,136997,pdf,https://data.riksdagen.se/fil/00B150A3-FB1D-4D7D-A8AA-127EF82B65EB,2164423
313929,mot_202526__675.docx,70998,docx,https://data.riksdagen.se/fil/C76B3F63-0924-4C43-B41E-241C8FFF65E1,313927
2157786,mot_202223__2061.docx,176867,docx,https://data.riksdagen.se/fil/BC20B9A7-AB6B-4C70-83C0-C8E14BBF1814,2157784
233723,MOT_200809_Ub_464.doc,53760,doc,https://data.riksdagen.se/fil/085DB7C6-2711-4E0F-8A4A-EB24368B51CC,233722
1155206,mot_202122__1599.docx,72538,docx,https://data.riksdagen.se/fil/11288744-8B6D-4A17-85F8-3D711B0639EB,1155204
1309079,mot_200506_so_344.pdf,134565,pdf,https://data.riksdagen.se/fil/AF04876A-351C-47D4-AC82-2EE957702622,1309077
1244656,mot_201819__1057.docx,69826,docx,https://data.riksdagen.se/fil/27EFF4F4-7B1D-4EC6-897D-572ECFE6DFE9,1244654
3125710,mot_200910_c_256.pdf,131665,pdf,https://data.riksdagen.se/fil/97570DB8-1AD2-4F2C-B6E0-7F8D42976394,3125708
399165,mot_202526__752.pdf,71243,pdf,https://data.riksdagen.se/fil/AE3FC63A-828B-4C3E-9317-F8A5FD4C396D,399164
777369,MOT_200809_So_332.doc,39424,doc,https://data.riksdagen.se/fil/44FBD2FA-DD97-4ECC-862C-51AE21A7337A,777368
1906740,MOT_201314_So_476.doc,55808,doc,https://data.riksdagen.se/fil/43DC2166-2B6B-492D-A49C-66A172EA6ACC,1906739
1265845,mot_200809_n_233.pdf,118640,pdf,https://data.riksdagen.se/fil/CA9A6B16-B513-43E7-86E6-2F783C03AB61,1265843
891810,mot_201718__3769.docx,70287,docx,https://data.riksdagen.se/fil/6A8268E7-9ABC-4C2F-81C2-F42408B378B5,891808
1620396,mot_201415__1547.docx,45430,docx,https://data.riksdagen.se/fil/17AE50C0-C7FB-4F76-A844-7B446BFC2EFA,1620394
1330524,MOT_201314_C_456.doc,59392,doc,https://data.riksdagen.se/fil/FE02349B-DABB-44E3-B35D-A8B52D6556EB,1330523
764484,mot_201718__2238.docx,57429,docx,https://data.riksdagen.se/fil/E464FE43-4606-46D5-9782-47D31D20A2F4,764482
758680,MOT_201112_Ju_368.doc,48128,doc,https://data.riksdagen.se/fil/7E1045FF-3659-4832-8B19-CFEBBDF711D2,758679
902309,mot_202122__1947.docx,72749,docx,https://data.riksdagen.se/fil/F6274931-96A1-4C21-BCD0-36C17837C99F,902307
1236415,MOT_201112_MJ_432.doc,48128,doc,https://data.riksdagen.se/fil/D33001F5-32FB-4C3F-BB95-B83B58E64B90,1236414
1262838,mot_202122__2149.docx,70455,docx,https://data.riksdagen.se/fil/319BE1D3-4726-4AD7-9836-AA6B74961500,1262836
1106817,MOT_201011_T_444.doc,48128,doc,https://data.riksdagen.se/fil/649CF98E-04A7-4DF8-AD14-20FBDC94D26E,1106816
748152,mot_201819__379.docx,74929,docx,https://data.riksdagen.se/fil/20461773-2DC2-4918-B9C7-2B72ADE9ED25,748150
1156852,mot_202122__1520.pdf,78401,pdf,https://data.riksdagen.se/fil/F7C89889-7720-43DE-8CD6-9575DB1F5FBB,1156851
2000913,MOT_201314_So_586.doc,158208,doc,https://data.riksdagen.se/fil/5D6F9C24-30A2-4650-B957-C262D53319BD,2000912
781250,mot_202324__2249.pdf,70144,pdf,https://data.riksdagen.se/fil/3E55AF02-C135-49FF-93DF-4242CE8B9E16,781249
1732370,mot_201920__3063.pdf,115768,pdf,https://data.riksdagen.se/fil/23B8E925-BC96-43E3-9C3D-A49683AE6408,1732369
826935,MOT_200809_Ju_415.doc,38912,doc,https://data.riksdagen.se/fil/F3530197-0A8D-4A1F-84DB-D2B448BDDD68,826934
1058369,mot_202122__1513.docx,73836,docx,https://data.riksdagen.se/fil/ECFFE2E0-90AD-4309-8A5E-38FF186DA931,1058367
3348319,mot_202425__1874.pdf,84827,pdf,https://data.riksdagen.se/fil/0475776A-719F-4817-8710-CFD5AB26BD1E,3348318
1186634,MOT_200506_So_237.doc,54272,doc,https://data.riksdagen.se/fil/33D4BE0F-6AE1-40D2-B9E0-1B719DE9EF14,1186633
2096726,mot_201314_ju_347.pdf,130256,pdf,https://data.riksdagen.se/fil/82CD64D0-B530-4941-9092-D5838F86A70C,2096724
1860929,mot_202425__2901.docx,72713,docx,https://data.riksdagen.se/fil/A83A6E43-A062-4C80-8F2B-FD2FB741784C,1860927
2109015,mot_202021__692.docx,78405,docx,https://data.riksdagen.se/fil/7651D9CF-253C-4760-BD0D-2BDC598E19BE,2109011
641461,mot_201718__2627.docx,57407,docx,https://data.riksdagen.se/fil/58EA274B-6E0E-4913-85D9-10210F245CFC,641459
911912,mot_201011_k_387.pdf,133062,pdf,https://data.riksdagen.se/fil/7AFC755D-F332-4283-8E6C-56467DDC85A1,911910
2048388,mot_200910_k_360.pdf,120769,pdf,https://data.riksdagen.se/fil/F9A7BDAC-1A9D-4428-9EB0-71EF9F7EAA0F,2048386
1124905,2021_22_JuU32_20220512154055_Publicering.pdf,262883,pdf,https://data.riksdagen.se/fil/B477E3C4-315D-4048-9B95-D09A6FDE5BEE,1124904
1579481,MOT_200506_T_392.doc,54784,doc,https://data.riksdagen.se/fil/B38AADC9-D15A-44F4-97EB-1D1BE64AE700,1579480
581098,mot_201516__2636.pdf,91175,pdf,https://data.riksdagen.se/fil/2BD65844-BAA3-4A4C-A055-E1D6ABDC25DC,581097
414312,mot_202122__539.pdf,69937,pdf,https://data.riksdagen.se/fil/1A539548-8381-43E1-8B3B-D24CE223B37B,414310
1895893,mot_202425__2177.pdf,73518,pdf,https://data.riksdagen.se/fil/07B571E2-15EB-4088-B400-2717482944E9,1895892
1228797,mot_201617__1120.docx,59907,docx,https://data.riksdagen.se/fil/05B954D2-3002-49D0-9E5B-EE1775DD5E17,1228795
426040,MOT_201314_Kr_210.doc,56832,doc,https://data.riksdagen.se/fil/6861498E-8DE2-41F6-B197-B091B03B1A71,426039
1188443,mot_200506_so_291.pdf,133632,pdf,https://data.riksdagen.se/fil/4A3FE96B-28A4-435D-9B3C-6A84B1ECCA31,1188441
2251228,mot_200506_n_331.pdf,153189,pdf,https://data.riksdagen.se/fil/281D8D91-FE21-4472-AA6F-A0424A1B1BD0,2251226
499497,mot_202425__3279.docx,73627,docx,https://data.riksdagen.se/fil/5F397B52-F087-4543-A63B-4720DDEAD2EA,499495
3298780,mot_202526__60.pdf,69209,pdf,https://data.riksdagen.se/fil/35237B83-35D4-40F1-9FB6-BFA6D5362668,3298779
857069,mot_201920__1700.docx,69170,docx,https://data.riksdagen.se/fil/507AE174-17C4-4845-AEA5-AD615312080F,857067
3297121,mot_201617__3573.pdf,65257,pdf,https://data.riksdagen.se/fil/BB9D5C84-4D15-47A2-B62E-5371C4624341,3297120
718084,mot_201819__875.docx,68907,docx,https://data.riksdagen.se/fil/B0E19B25-28F4-44DD-9A11-574F5796A72A,718082
1760606,mot_201617__1848.docx,51177,docx,https://data.riksdagen.se/fil/B39404F1-9DFA-4E3F-ADE0-823F573834F0,1760604
433602,2017_18_SfU31_20180611111605_Publicering.pdf,266255,pdf,https://data.riksdagen.se/fil/1C963DE8-4062-45A7-9939-7DB2218E6641,433601
639396,MOT_201213_Ub_6.doc,232448,doc,https://data.riksdagen.se/fil/979E7F94-DC77-4836-83D3-55125322B7B2,639395
1179007,mot_202223__247.docx,91712,docx,https://data.riksdagen.se/fil/16D13350-9061-49F4-B947-1D43AD96FBDD,1179005
3268946,mot_200910_kr_232.pdf,127329,pdf,https://data.riksdagen.se/fil/65CFB3F9-317D-4967-8DAE-D5FF80313732,3268944
572050,mot_201516__2503.pdf,96573,pdf,https://data.riksdagen.se/fil/BF382B90-110A-424F-9949-32294CB5FD29,572049
1319435,mot_200506_so_437.pdf,138136,pdf,https://data.riksdagen.se/fil/B72F2AC8-083E-4C6E-90B8-2EA676C7C026,1319433
957316,mot_201920__1766.pdf,81226,pdf,https://data.riksdagen.se/fil/19469E7D-17E1-4EF4-A1B9-68CA236AE149,957315
3347920,mot_202021__318.pdf,72594,pdf,https://data.riksdagen.se/fil/F766C226-E6CA-4DE1-BDBB-A782E9D4361F,3347919
263441,mot_202122__611.pdf,65155,pdf,https://data.riksdagen.se/fil/856CEFB3-1600-45EA-8174-3C6ACD996538,263440
537846,mot_201718__1137.pdf,58430,pdf,https://data.riksdagen.se/fil/215F3B91-AF31-4E81-8BC4-AB40BCD3D5E5,537845
3298901,mot_202021__1100.docx,73826,docx,https://data.riksdagen.se/fil/D1B0D4D6-7268-4B60-9E60-05710C474005,3298899
399015,mot_202526__758.docx,71966,docx,https://data.riksdagen.se/fil/C9A5D4DF-2DB5-465F-8137-D9A1A939BA20,399013
966077,MOT_200809_Sf_206.doc,38912,doc,https://data.riksdagen.se/fil/4515C17C-18B4-4C94-8138-F3DFC08F5560,966076
1059750,mot_202324__1017.pdf,74430,pdf,https://data.riksdagen.se/fil/1EFCEE85-DD61-41F0-9935-1D692DADD336,1059749
635699,MOT_201314_A_337.doc,55296,doc,https://data.riksdagen.se/fil/4D0C2E8A-5389-462D-9BA9-4941C45A4879,635698
1152155,MOT_200809_T_389.doc,39936,doc,https://data.riksdagen.se/fil/E0F4F694-9C27-462F-B5C9-B85621FA35BE,1152154
1632420,mot_201617__1886.pdf,58396,pdf,https://data.riksdagen.se/fil/533D314E-5343-4D26-9C15-859081AD9F13,1632419
1095419,MOT_200708_Kr_284.doc,38400,doc,https://data.riksdagen.se/fil/8A205620-0902-413E-A8EF-DD5DA3C02492,1095418
1009943,BET_200506_UU_16.pdf,97598,pdf,https://data.riksdagen.se/fil/19543325-CA1B-4E68-9653-227FAE7B626C,1009942
1156339,mot_201011_c_281.pdf,123959,pdf,https://data.riksdagen.se/fil/77A02E71-AC74-4F9F-BDA7-4695CE5E9AD4,1156337
1497565,bet_200001_föu_10.pdf,304645,pdf,https://data.riksdagen.se/fil/56EBEB6D-9B37-4470-89E8-13FC9024A6F8,1497563
704264,2011_12_SoU26.pdf,125526,pdf,https://data.riksdagen.se/fil/8FB7DFE4-C417-4E6E-81BD-6FFE21ECD635,704263
126582,mot_200910_n_388.pdf,323584,pdf,https://data.riksdagen.se/fil/4C3B5043-9A3D-40E2-94D2-DF0EF058A28F,126580
1602988,mot_202324__203.docx,71495,docx,https://data.riksdagen.se/fil/8ACD4427-EEC9-4762-8062-6B286875E621,1602986
1931195,mot_202021__955.docx,69742,docx,https://data.riksdagen.se/fil/6E553619-8256-4484-A4EA-EA2374438FAB,1931193
916628,MOT_200910_Ub_438.doc,45568,doc,https://data.riksdagen.se/fil/2D55B0E5-34EB-457D-8EF3-E7EE556871C7,916627
1191758,2023_24_CU21_20240516155023_Publicering.pdf,2954916,pdf,https://data.riksdagen.se/fil/FCC4E3A6-9B50-48D8-B8A4-867AA23B2568,1191757
2231173,mot_201617__66.docx,60286,docx,https://data.riksdagen.se/fil/AA9A8D15-9F4B-423E-B064-44E963CC4252,2231171
547705,mot_201617__983.docx,59741,docx,https://data.riksdagen.se/fil/F8F74915-5CFA-4A3C-9D3B-66BC24302201,547703
1502713,mot_201415__142.docx,46857,docx,https://data.riksdagen.se/fil/45484461-818A-443B-86AF-2F4722B22AB6,1502711
1579649,mot_201617__2465.pdf,67393,pdf,https://data.riksdagen.se/fil/D6ECB9AA-CC6B-40C6-9FFA-3FB16BEF0FAE,1579648
1865372,MOT_200506_Ju_26.doc,46080,doc,https://data.riksdagen.se/fil/2C7076FE-C205-4CA6-8F3E-443D68B1F422,1865371
1063311,mot_201718__3413.docx,59434,docx,https://data.riksdagen.se/fil/D2ACD77D-54F8-4547-9419-0F6EE0358A48,1063309
1609744,mot_200506_k_355.pdf,130141,pdf,https://data.riksdagen.se/fil/6657B577-52BA-4234-BA62-7177450B4B66,1609742
1603330,mot_201415__1664.docx,45721,docx,https://data.riksdagen.se/fil/6BE91078-8FB7-4E6A-97E5-8D155C489051,1603328
1787447,mot_201112_a_210.pdf,144422,pdf,https://data.riksdagen.se/fil/88B5E025-F119-411C-930C-C7D2EA8B2E9A,1787445
1085159,mot_202122__1359.pdf,69459,pdf,https://data.riksdagen.se/fil/740E8461-B9BB-4AC8-A5C1-04C167951799,1085158
341868,2007_08_SoU19.pdf,708077,pdf,https://data.riksdagen.se/fil/66B70FED-8676-40B3-AA99-6DDCA2D8FA3A,341867
616519,mot_201011_a_391.pdf,125489,pdf,https://data.riksdagen.se/fil/FFD72B82-C7DE-45C0-84B7-56C8189AEDD4,616517
1735912,mot_201415__1566.pdf,65724,pdf,https://data.riksdagen.se/fil/112243EE-9359-4086-A302-4D66C8E8008E,1735909
1818037,MOT_200910_Sf_11.doc,46592,doc,https://data.riksdagen.se/fil/1C82AB4D-A128-4498-90FD-238AC35C944F,1818036
1085435,mot_202526__4000.pdf,85576,pdf,https://data.riksdagen.se/fil/9125222C-35FC-4DBC-AD2B-5D318476E140,1085434
1683505,mot_200506_t_605.pdf,133485,pdf,https://data.riksdagen.se/fil/77ED73C9-B1DC-4E05-98D6-82D86176A50B,1683503
437349,BET_200506_SkU_2.pdf,325366,pdf,https://data.riksdagen.se/fil/AAF72BDF-AB18-496B-8A60-5F67B443F4AA,437348
1650599,mot_201617__1855.pdf,58283,pdf,https://data.riksdagen.se/fil/152ABBE0-38BF-4432-9998-B1EEF4BB5BFA,1650598
547247,mot_201617__962.pdf,58409,pdf,https://data.riksdagen.se/fil/DF95E84E-4B26-4AE2-B4D1-F05D8F6A8563,547246
243879,mot_202021__3368.pdf,191689,pdf,https://data.riksdagen.se/fil/E5052FF1-0C63-4ADA-9B98-6A7645D982EF,243878
1471258,mot_202122__2663.pdf,68464,pdf,https://data.riksdagen.se/fil/96914BBC-144C-4F98-B138-0685B1D45EDC,1471257
514152,prop_201415__1_d24.pdf,2320287,pdf,https://data.riksdagen.se/fil/60C06C59-6B36-4422-8C91-006FB59735A1,514128
777352,mot_201718__2068.pdf,1809139,pdf,https://data.riksdagen.se/fil/736E1247-C934-4160-AD89-D0602C8CA0EA,777351
95449,mot_201516__1084.docx,50136,docx,https://data.riksdagen.se/fil/795F91CA-6E69-4D3F-8294-C973041ECAE4,95447
2049998,mot_202425__1284.pdf,81430,pdf,https://data.riksdagen.se/fil/C1A4686A-75DB-4C1D-913E-69DDCDA60A49,2049997
84094,MOT_200910_Fi_5.doc,38912,doc,https://data.riksdagen.se/fil/BBC0027A-98F6-4D29-B46D-1EC93952764A,84093
431951,2008_09_TU14.pdf,193098,pdf,https://data.riksdagen.se/fil/59764E44-5CC0-44F6-907E-6FF811AB07C1,431950
1042173,2019_20_FiU39_20200414131835_Publicering.pdf,158560,pdf,https://data.riksdagen.se/fil/3091139C-0899-4EBA-A160-3E3427D91FA8,1042172
504667,mot_200708_ju_439.pdf,161098,pdf,https://data.riksdagen.se/fil/A8034FC3-0206-48A6-9BBE-78FAC80D12AE,504665
154563,MOT_201011_So_576.doc,52224,doc,https://data.riksdagen.se/fil/23C4DE1D-4580-44A9-BB7A-138AD1C9D8FF,154562
2096623,mot_200708_c_242.pdf,117442,pdf,https://data.riksdagen.se/fil/C498218A-B307-41F2-B494-DB7B2127003D,2096621
1618189,mot_201415__2256.docx,46007,docx,https://data.riksdagen.se/fil/13C0F55D-AB4A-4D21-A0C2-A2980170076C,1618187
1978675,MOT_200506_MJ_265.doc,56832,doc,https://data.riksdagen.se/fil/A6073A01-673B-4C4E-81DA-F11BF8E28B78,1978674
1332350,mot_201819__1090.docx,70095,docx,https://data.riksdagen.se/fil/C5397809-A451-49A0-8C4B-3FFB75DF54AB,1332348
1799618,MOT_200506_L_319.doc,73728,doc,https://data.riksdagen.se/fil/57298F20-2977-4CE6-B283-935D11B45A0E,1799617
690809,mot_201920__2595.pdf,80645,pdf,https://data.riksdagen.se/fil/70F6F7DA-E2E6-48E0-A151-F1C8FB949469,690808
1215861,mot_200506_ju_275.pdf,179421,pdf,https://data.riksdagen.se/fil/065427F5-6353-48F0-B64B-B8857365F2EB,1215859
1694884,mot_202324__288.pdf,78222,pdf,https://data.riksdagen.se/fil/1BB2130D-0B2C-4221-ACF9-9E4738300838,1694883
1750045,mot_202324__360.docx,79460,docx,https://data.riksdagen.se/fil/F87083F7-B32F-444C-8DD6-16651CCD0F14,1750043
115481,mot_201213_fi_307.pdf,127574,pdf,https://data.riksdagen.se/fil/02CE44CE-AD44-4E71-93BD-99FB6B99A36D,115479
1066614,mot_202526__3958.pdf,83419,pdf,https://data.riksdagen.se/fil/C9D01FAB-CDCA-4AB8-85E3-5E5F6431EC6F,1066613
591184,mot_201617__648.pdf,58425,pdf,https://data.riksdagen.se/fil/371CC43F-7546-4E83-B8CC-78A7DC5C7211,591183
1413090,MOT_200910_Sf_267.doc,37888,doc,https://data.riksdagen.se/fil/5658C3C3-FF84-4C7B-B163-E4E30C170FE4,1413089
814680,mot_202122__1892.pdf,67641,pdf,https://data.riksdagen.se/fil/73CC6CE8-EA55-4791-8DCF-EC4FDF8BA8A3,814678
3233807,mot_201617__1949.docx,52197,docx,https://data.riksdagen.se/fil/F554139E-1A3F-4371-8F4A-F467C675175D,3233805
834707,MOT_201213_A_17.doc,78336,doc,https://data.riksdagen.se/fil/A973DB7D-21BF-4ECD-9E82-8A1D118711C7,834706
2101118,mot_201011_ju_267.pdf,126390,pdf,https://data.riksdagen.se/fil/91F7F6C3-D451-4DEB-9F93-FDC9A38B9481,2101116
435985,mot_201516__2009.pdf,68560,pdf,https://data.riksdagen.se/fil/42AB4CCA-12EE-45FE-8583-A5579198036B,435984
1785617,MOT_200607_Ju_223.doc,38400,doc,https://data.riksdagen.se/fil/BDE8DAD8-BD18-4A77-968F-34250F1A9FE0,1785616
610209,prop_200102__109.pdf,52009,pdf,https://data.riksdagen.se/fil/30DAE08F-63F8-48C8-9CFF-C80255111C59,610208
1612303,mot_201920__3421.pdf,81915,pdf,https://data.riksdagen.se/fil/D507EEFC-FE26-48E6-A70E-1A82B5DC5F5C,1612302
1536983,mot_201314_sk_422.pdf,139145,pdf,https://data.riksdagen.se/fil/455369A0-9055-438B-BB7D-957E39D428F4,1536981
1750927,mot_201920__3603.docx,126961,docx,https://data.riksdagen.se/fil/9F88C90E-F61F-46FB-AABC-DFE1CD2568E0,1750925
59591,mot_201718__468.pdf,63181,pdf,https://data.riksdagen.se/fil/23D753A1-7852-438F-BD0C-22C77CE73FBB,59590
424330,mot_201718__1451.docx,62994,docx,https://data.riksdagen.se/fil/A49E13D6-C2C2-426D-9DF9-1025ED59D5C3,424328
678022,2020_21_MJU4_20201119181429_Publicering.pdf,3723552,pdf,https://data.riksdagen.se/fil/535DC1F7-3548-4C72-AF58-B8F4095E7894,678021
739014,mot_201819__490.pdf,71165,pdf,https://data.riksdagen.se/fil/3A6A26BC-6966-4FF8-B0FB-9C2A41BE842C,739013
2107356,mot_201819__1581.pdf,78297,pdf,https://data.riksdagen.se/fil/9E484941-357C-4578-B29B-50FB55386FF7,2107355
3262853,mot_200506_u_219.pdf,144735,pdf,https://data.riksdagen.se/fil/599D02AB-A980-4283-A722-DB2C04AAC327,3262851
137761,mot_201718__178.docx,57085,docx,https://data.riksdagen.se/fil/215C0F27-2BAC-419D-BFD6-723C19F9E796,137759
1361444,mot_201213_so_516.pdf,124136,pdf,https://data.riksdagen.se/fil/1A5678FF-185C-459E-A569-91F40CA53D35,1361442
1342354,mot_201617__1080.pdf,102167,pdf,https://data.riksdagen.se/fil/91285FF6-B19F-4747-B318-AB62DAF9EFFD,1342353
1647609,skr_200304__168.pdf,339387,pdf,https://data.riksdagen.se/fil/C5DDB1B9-FED3-4D14-8A75-B3518FF1680A,1647608
1788367,mot_201617__3010.pdf,57896,pdf,https://data.riksdagen.se/fil/BF1BEC22-5741-40F1-A8A3-4C739FB06500,1788365
1692304,mot_201920__3558.pdf,87029,pdf,https://data.riksdagen.se/fil/981A9B06-1AFF-429F-87D4-9FEAAC5E585D,1692303
1086018,MOT_200506_A_385.doc,40960,doc,https://data.riksdagen.se/fil/142C77FA-93DC-4ED9-BBAE-0B5852B2F0C8,1086017
1084575,mot_202526__4108.pdf,540263,pdf,https://data.riksdagen.se/fil/27135910-17C8-4218-A262-BE04B0692B8F,1084574
1176152,mot_202223__821.pdf,75053,pdf,https://data.riksdagen.se/fil/A6657C4A-2C51-4650-9649-CE255F8A4BD8,1176151
671750,mot_201819__981.docx,78289,docx,https://data.riksdagen.se/fil/3F51566D-AD32-4A72-8856-07B1E4896B36,671748
2138933,mot_202425__325.pdf,73441,pdf,https://data.riksdagen.se/fil/B3304EDE-BFD2-4408-8EF2-4596F78887F7,2138931
1968823,MOT_201112_K_308.doc,48128,doc,https://data.riksdagen.se/fil/6CDDEF3B-9A9C-43C5-B19D-A19F26D7F5DA,1968822
1176627,mot_202223__835.pdf,83477,pdf,https://data.riksdagen.se/fil/9443169E-63EB-4AA0-9F1D-C3D7735A9232,1176626
1279045,mot_201819__1275.docx,70126,docx,https://data.riksdagen.se/fil/99C6079B-7490-4920-ACD3-9C2796460212,1279043
1181719,mot_200708_ub_440.pdf,139551,pdf,https://data.riksdagen.se/fil/213072BC-71FA-453C-989C-027F013A06D0,1181717
2001382,mot_202021__834.pdf,79333,pdf,https://data.riksdagen.se/fil/C269192C-1E9E-49C9-8650-93DBEC441D33,2001381
1169990,MOT_201011_C_312.doc,52736,doc,https://data.riksdagen.se/fil/BB085BB6-957B-499C-9DCE-2CB25BFB63BA,1169989
1675890,mot_202526__3332.docx,79399,docx,https://data.riksdagen.se/fil/85CDE5E5-8A2A-49FB-B676-A2799975198B,1675888
1286513,mot_201415__2438.pdf,64676,pdf,https://data.riksdagen.se/fil/3C35A6D3-D277-4125-A9F6-B68146CD23D2,1286512
897550,mot_202526__1981.pdf,71098,pdf,https://data.riksdagen.se/fil/A6769AB8-27F2-4ED0-820C-DB2057FB7714,897549
824836,mot_201819__585.pdf,71147,pdf,https://data.riksdagen.se/fil/DB3FCB2F-A7FE-4D7C-9E3C-B6BE6A935FF3,824835
3249775,mot_201617__148.docx,51119,docx,https://data.riksdagen.se/fil/A4190460-8B38-46D3-88A1-3CD5A91BD08C,3249773
451206,mot_201516__2661.pdf,64333,pdf,https://data.riksdagen.se/fil/E2690B3A-0EC6-45A4-9D86-7F0B6394D37C,451205
1984354,mot_201314_sf_318.pdf,179205,pdf,https://data.riksdagen.se/fil/2B86FAEC-A1C2-4E21-A8BA-99EB4B5C23D0,1984352
1249881,mot_201920__975.pdf,73743,pdf,https://data.riksdagen.se/fil/E0A6C616-6D14-4778-A67D-53ED7A3D6154,1249880
571288,mot_201617__823.pdf,77266,pdf,https://data.riksdagen.se/fil/8207C3EC-8927-4F99-8159-8A439492CF1D,571286
764076,mot_201920__2452.pdf,73074,pdf,https://data.riksdagen.se/fil/F18C62D1-67DC-4780-ABD4-31BF2F57E47C,764075
988038,mot_200910_sk_245.pdf,174453,pdf,https://data.riksdagen.se/fil/8AD5DD11-A9EB-4FB2-83CD-1540BC30CA2C,988036
305905,mot_202425__3421.docx,73050,docx,https://data.riksdagen.se/fil/7B98365C-F305-4B4F-B27E-3519AC09F091,305903
139530,MOT_201011_So_296.doc,51712,doc,https://data.riksdagen.se/fil/8FA8845C-45EE-47A4-BA80-0A0407C8FA68,139529
1405262,MOT_200708_Fi_252.doc,46080,doc,https://data.riksdagen.se/fil/611B00B8-D561-4E8B-B1D3-2506C5620AA1,1405261
1791532,MOT_201314_N_381.doc,54784,doc,https://data.riksdagen.se/fil/87300D69-030D-4000-8A3E-685A1E930883,1791531
328959,mot_200506_sk_241.pdf,128318,pdf,https://data.riksdagen.se/fil/855F891C-A5A4-428C-B257-BCB86432700B,328957
1618760,mot_202122__3310.docx,69995,docx,https://data.riksdagen.se/fil/11751DEB-7D97-48D5-B028-A4C45773CA2F,1618758
2102414,MOT_200708_C_372.doc,39936,doc,https://data.riksdagen.se/fil/1D6F34E8-7AC0-43ED-8E4E-C57BCD5DB15A,2102413
1558800,mot_202223__1332.docx,72671,docx,https://data.riksdagen.se/fil/99100D83-6AD0-44BC-8E1B-CEB3BDCB44FA,1558798
424486,mot_201718__1459.pdf,77013,pdf,https://data.riksdagen.se/fil/55DA72FA-A470-4EB3-83D3-10E6316D53D7,424485
3343467,MOT_200809_So_4.doc,50688,doc,https://data.riksdagen.se/fil/8BF5FDBC-DA47-43B7-B409-32F9432CA1BC,3343466
220560,mot_200506_sk_305.pdf,140876,pdf,https://data.riksdagen.se/fil/D8F5A47C-F3C4-4715-B6E2-4C4DFDBC51F1,220558
162214,mot_200506_ub_542.pdf,142778,pdf,https://data.riksdagen.se/fil/CE871363-D513-4B00-8915-499475D7BB87,162210
3349796,mot_202425__1706.pdf,81280,pdf,https://data.riksdagen.se/fil/E23E4FC7-4789-4B31-AC2D-A585EF47D2F9,3349795
1534867,2009_10_JuU25.pdf,622382,pdf,https://data.riksdagen.se/fil/889C0ECC-B845-4D64-BCB3-3117DAEA7B10,1534866
1234908,mot_201920__669.pdf,94953,pdf,https://data.riksdagen.se/fil/531564CB-585B-42A8-9728-3D92FE2258D9,1234907
563765,mot_201516__3359.docx,54769,docx,https://data.riksdagen.se/fil/F3B3A01D-AD4D-42E1-83F0-9210ACFA6AF7,563763
338596,mot_200506_sk_363.pdf,120346,pdf,https://data.riksdagen.se/fil/A981D32B-7522-42E8-B65F-7C7595298806,338594
2035039,mot_201415__99.docx,46699,docx,https://data.riksdagen.se/fil/EF6C7B9B-7789-455A-BB23-2EAF6975248F,2035037
1587058,mot_201415__834.pdf,66793,pdf,https://data.riksdagen.se/fil/22803A25-62CF-4643-9E02-9F131488713B,1587057
1308235,mot_202223__558.pdf,76196,pdf,https://data.riksdagen.se/fil/FD35D53F-8E3E-4324-ABED-3BD52D093A33,1308234
3320220,mot_202223__1856.docx,71123,docx,https://data.riksdagen.se/fil/F096D961-964A-415D-A680-71D104397ED0,3320218
3351170,mot_202425__1694.pdf,77244,pdf,https://data.riksdagen.se/fil/F16E1650-B783-4671-8DA4-4B9D48881C92,3351169
189176,MOT_201112_T_434.doc,49152,doc,https://data.riksdagen.se/fil/AC510A97-0767-4EE1-9494-709866C4544C,189175
336752,MOT_201213_T_503.doc,210432,doc,https://data.riksdagen.se/fil/4E433C51-F3D5-4F42-A7FC-A0D4DE245640,336751
1613137,mot_201415__338.docx,47564,docx,https://data.riksdagen.se/fil/6AA91C8F-4D5A-4ECD-90C4-036F085EA7BF,1613135
409942,mot_201516__2658.docx,49231,docx,https://data.riksdagen.se/fil/7DDE7CDD-9B16-43E1-B16D-E4F14FFEC8E9,409940
2248969,mot_202021__2206.pdf,80190,pdf,https://data.riksdagen.se/fil/3B1605E1-425E-4C64-8CBD-986AE44445D4,2248968
984186,mot_202526__1259.docx,70326,docx,https://data.riksdagen.se/fil/50BF60B2-EB8D-4C88-BC23-DB647825D43C,984184
1276940,mot_201011_c_308.pdf,128894,pdf,https://data.riksdagen.se/fil/6FA19B44-5D60-4ED1-98B9-60F6B4B5B740,1276938
1970451,mot_202122__4701.docx,73602,docx,https://data.riksdagen.se/fil/6AAB9E45-8440-458E-BD17-876A9B2BE5C5,1970449
879028,mot_201920__1801.pdf,73367,pdf,https://data.riksdagen.se/fil/E43F4BDB-FF98-4E0A-8D84-074FF6ED39ED,879027
96461,mot_201516__1091.pdf,58685,pdf,https://data.riksdagen.se/fil/D2CE7174-8EE7-4881-8A4E-DCA51D7670A7,96460
886821,MOT_200910_Sk_303.doc,38912,doc,https://data.riksdagen.se/fil/39E0A7DD-8454-47AD-83EF-F23854577C4C,886820
2098987,mot_201516__912.docx,49059,docx,https://data.riksdagen.se/fil/269012CF-80DD-427B-AD2F-9E3979293DEE,2098985
953048,mot_201718__3141.docx,54062,docx,https://data.riksdagen.se/fil/E1051614-631F-4E06-BB5F-C793E30EE628,953046
345099,MOT_200506_Sk_482.doc,65024,doc,https://data.riksdagen.se/fil/E1F4F88A-6D0B-41EC-A81A-C71C400826B7,345098
2082989,mot_202021__932.docx,70248,docx,https://data.riksdagen.se/fil/B4CABF9C-B560-4FF2-B2FD-FA2D00CC86EB,2082987
1747024,mot_201920__3295.pdf,96946,pdf,https://data.riksdagen.se/fil/68324A80-A916-49FA-8182-6E0A368348F6,1747023
292787,MOT_200607_T_257.doc,36864,doc,https://data.riksdagen.se/fil/064A11EE-141D-4C3E-9905-A71A462F696A,292786
240171,mot_200910_mj_323.pdf,133458,pdf,https://data.riksdagen.se/fil/8632B104-B0F5-4D09-BDC9-3BDC72507FF3,240167
1042488,mot_201718__3687.docx,63686,docx,https://data.riksdagen.se/fil/008069F0-470E-40BC-965F-54B8CD54EB25,1042486
183978,MOT_200506_MJ_56.doc,69632,doc,https://data.riksdagen.se/fil/B4FF44C0-9424-4080-BD9F-FD723E943DFF,183974
1305506,mot_202223__1793.docx,71702,docx,https://data.riksdagen.se/fil/5DCACE9A-9D07-4C38-9CFC-01564404E2E8,1305504
1348189,mot_202526__2115.docx,79560,docx,https://data.riksdagen.se/fil/A66DB18A-450E-4A92-836A-DADBC8BCCAB7,1348187
2065547,2023_24_UbU10_20240424103403_Publicering.pdf,642012,pdf,https://data.riksdagen.se/fil/EDC99B5C-6988-4B6D-B871-909BF6A87A7E,2065546
1684685,mot_201617__2348.docx,60354,docx,https://data.riksdagen.se/fil/E574A8D5-99D6-47C7-AFE4-16BE17D2D370,1684683
1954634,MOT_200910_K_377.doc,39424,doc,https://data.riksdagen.se/fil/514E9825-2A05-4C97-AD6B-A5A26BD29107,1954633
685266,mot_201718__2915.pdf,73873,pdf,https://data.riksdagen.se/fil/14928D16-02ED-42A5-AFE5-8EC3139A7A89,685265
1755869,mot_201920__3225.pdf,92877,pdf,https://data.riksdagen.se/fil/AE708023-8AEC-4014-9072-D63DB8F6E7F8,1755868
3230524,mot_201617__2644.docx,59589,docx,https://data.riksdagen.se/fil/972F2B87-5C01-4DC7-8EDE-811A0906002E,3230522
561168,mot_201819__940.pdf,71491,pdf,https://data.riksdagen.se/fil/0BD148E1-FE6F-4504-8892-5634952989BB,561167
1231585,MOT_200506_Sf_353.doc,38912,doc,https://data.riksdagen.se/fil/0F06EC3C-C11D-4C0E-9B94-1C2308494EA4,1231584
995352,mot_200910_sk_473.pdf,160677,pdf,https://data.riksdagen.se/fil/A3EBDA29-D7C7-4BDD-B994-C6B1664EC87D,995350
296520,mot_202425__3096.docx,72675,docx,https://data.riksdagen.se/fil/7BD1F123-3013-4F13-9512-FDABE78CF6D8,296518
600959,2019_20_FiU7_20191008155730_Publicering.pdf,138193,pdf,https://data.riksdagen.se/fil/ACFD480A-F2D8-48CF-A109-37EFE9F60086,600958
1189230,mot_200506_so_263.pdf,127529,pdf,https://data.riksdagen.se/fil/CD3476E7-102D-4930-8C80-790CE9966BF5,1189228
1827962,mot_201112_fi_228.pdf,132821,pdf,https://data.riksdagen.se/fil/2A299278-90F8-45A4-AB06-97576C88D7B9,1827958
1349905,mot_202526__2142.pdf,73202,pdf,https://data.riksdagen.se/fil/004E70F3-0288-4F01-BDE6-6C15E686502A,1349904
1313221,BET_200506_MJU_4.pdf,556899,pdf,https://data.riksdagen.se/fil/C7583E5D-2160-4FCE-AA24-D1BA583E3E85,1313220
1232434,mot_201819__1346.pdf,75888,pdf,https://data.riksdagen.se/fil/2B818DCC-74DD-4493-8D95-8FDC801B69AD,1232433
412701,mot_200910_mj_379.pdf,123322,pdf,https://data.riksdagen.se/fil/DDBE35DA-3CF1-46D2-8CD3-08B46AEEEF64,412699
1861938,mot_201617__2744.pdf,56953,pdf,https://data.riksdagen.se/fil/A6A732C9-6215-4533-8C77-0EF32D8665F8,1861936
1899712,mot_201617__242.docx,51119,docx,https://data.riksdagen.se/fil/8550E612-F069-45D0-8D64-6E49BD189069,1899710
212190,MOT_200708_So_345.doc,39936,doc,https://data.riksdagen.se/fil/0EF36B6E-FF32-4698-A750-4817387EDD7D,212189
1019633,mot_200708_ub_492.pdf,183450,pdf,https://data.riksdagen.se/fil/8B8BFC8E-BCF2-4487-A8DA-68A87E78A3B9,1019631
2097472,mot_201617__87.pdf,68453,pdf,https://data.riksdagen.se/fil/BB6716A8-7F33-43ED-A935-0C2081255C66,2097471
558956,prop_200506__67.pdf,133717,pdf,https://data.riksdagen.se/fil/4AA326ED-7ECD-4BFB-A1C0-365AF7BFA0C7,558955
1180672,mot_202223__235.docx,72704,docx,https://data.riksdagen.se/fil/0563949A-3D73-4C32-BB66-9A1132BBA82D,1180669
1116646,mot_202122__1086.pdf,69384,pdf,https://data.riksdagen.se/fil/6867EAAC-FC42-4F0A-80A4-640ABAD04A18,1116645
1636243,mot_201314_t_387.pdf,131631,pdf,https://data.riksdagen.se/fil/B2D7D0D3-3538-4128-B454-1E69107D4122,1636241
130425,mot_201516__1216.docx,49005,docx,https://data.riksdagen.se/fil/A4595901-A9E9-43F3-B877-B90C7A880D0D,130422
622189,MOT_200607_C_348.doc,38400,doc,https://data.riksdagen.se/fil/2051A4D7-3151-4168-BC89-C1AE4DFE65AD,622188
1512464,mot_200910_sf_264.pdf,120800,pdf,https://data.riksdagen.se/fil/C7BA05E5-95CC-42EB-B7D7-6F9ADFAAC479,1512462
2183054,mot_202425__516.docx,73257,docx,https://data.riksdagen.se/fil/4364DC2C-317B-4EFA-823C-BFFA032A1B62,2183052
1346776,mot_202223__666.pdf,75254,pdf,https://data.riksdagen.se/fil/E23CD310-8929-423D-8CDD-FD2DCDFB3AC5,1346775
115401,mot_201516__1778.docx,48429,docx,https://data.riksdagen.se/fil/A40CE9B6-A32A-4CE8-AB43-7DD72ADBF5A8,115399
1782076,mot_202324__596.pdf,72459,pdf,https://data.riksdagen.se/fil/39F24F30-FFCD-4F1D-B985-EC4967739255,1782074
1252858,mot_202526__3041.pdf,82929,pdf,https://data.riksdagen.se/fil/92DDF467-FB9E-4BF7-B795-08406C69226C,1252857
1717735,MOT_201314_T_256.doc,56832,doc,https://data.riksdagen.se/fil/BEF385A3-035E-4B19-918C-0C7E0FBC917F,1717734
2105203,MOT_201112_K_233.doc,48128,doc,https://data.riksdagen.se/fil/DED6B496-3C0E-4CD1-BDBB-0F71D631740A,2105202
1384515,mot_202223__1207.pdf,72665,pdf,https://data.riksdagen.se/fil/9C1223EE-3695-4708-AC96-79433F8683D0,1384514
1086895,MOT_200506_A_364.doc,79360,doc,https://data.riksdagen.se/fil/D8338D50-2E7B-4C77-9A33-D0EF2CCB990D,1086894
1882893,mot_201617__449.docx,51270,docx,https://data.riksdagen.se/fil/72B9E8AA-2188-444D-8689-E3D8E23ABCC6,1882891
324473,mot_200506_fã¶_246.pdf,160104,pdf,https://data.riksdagen.se/fil/3321B8E9-5102-42EC-8E17-A4F58BBF2F40,324471
2165808,mot_201819__2763.docx,88115,docx,https://data.riksdagen.se/fil/7328D89B-E307-42F9-8B7A-9C232ED16408,2165806
1266337,mot_202526__2355.docx,81752,docx,https://data.riksdagen.se/fil/D73EFD8E-80FF-44A6-8ADF-1C1548EDB37A,1266335
1132680,2007_08_JuU2.pdf,178311,pdf,https://data.riksdagen.se/fil/5E390B03-83E0-45FD-B295-A2A2DA7585BD,1132679
2066920,MOT_201213_Kr_238.doc,56832,doc,https://data.riksdagen.se/fil/99AE5A0C-6D95-4A33-A46B-DC93EC5EDC4D,2066919
853909,mot_202526__1698.docx,81429,docx,https://data.riksdagen.se/fil/D06D1B4B-D1D9-43C2-ACD4-6D0411021E4D,853907
560916,mot_201819__950.pdf,73917,pdf,https://data.riksdagen.se/fil/03C29909-EF83-40F9-9814-81981B12B6DB,560915
2243752,mot_202223__2293.docx,79101,docx,https://data.riksdagen.se/fil/E78A6A7B-1BB1-420A-A33E-5DBE6A1B8D73,2243750
57028,mot_201718__541.pdf,62572,pdf,https://data.riksdagen.se/fil/8E01AE76-599F-4D02-AB13-2D72320EEE59,57027
490519,mot_202425__3364.docx,80946,docx,https://data.riksdagen.se/fil/2C738C2D-857C-437F-9363-E7CC0E8B080E,490517
3315629,mot_202122__4207.pdf,83759,pdf,https://data.riksdagen.se/fil/1686FE56-582A-4316-9C42-991E3DEE7DAD,3315628
1437448,mot_201314_sk_331.pdf,129877,pdf,https://data.riksdagen.se/fil/40AB2E6E-2E9A-4312-B87A-26616C8B8D72,1437446
1692579,mot_201920__3576.pdf,80408,pdf,https://data.riksdagen.se/fil/0EF51F38-AA6C-4BDB-8A4A-AA6F994ED2C7,1692578
525402,MOT_201314_A_268.doc,57856,doc,https://data.riksdagen.se/fil/EE2CA1D2-B84B-41C4-82F2-DB590348C732,525401
275464,MOT_200607_A_240.doc,46080,doc,https://data.riksdagen.se/fil/52441288-812A-435D-BC78-28260DEB4513,275463
788560,mot_201920__2589.docx,71086,docx,https://data.riksdagen.se/fil/38F3FFE2-F2BE-4BC6-B6A1-E5C4855EC6C5,788558
3333488,mot_202021__1176.pdf,80618,pdf,https://data.riksdagen.se/fil/1DAAAF66-8733-47D8-A67A-3C739CBFD476,3333487
150053,prop_202425__1_d2.pdf,1064778,pdf,https://data.riksdagen.se/fil/A4AAED18-6685-46AB-BA5B-2D19815C6CE7,150052
1937593,mot_201617__3676.docx,61906,docx,https://data.riksdagen.se/fil/3FD004F3-74B2-42F7-A58C-8EC0792E677E,1937591
1169908,mot_201011_c_314.pdf,158299,pdf,https://data.riksdagen.se/fil/F110748E-D65F-4382-BCE3-BE44310E6FD3,1169906
1733719,mot_201617__1547.docx,62579,docx,https://data.riksdagen.se/fil/75A02E76-F9C1-4F79-912F-330F538D07FA,1733717
1626842,mot_201617__1572.pdf,60123,pdf,https://data.riksdagen.se/fil/B1614245-57B1-4491-AA0B-2037CF1A54B7,1626841
1182281,mot_202223__217.pdf,75881,pdf,https://data.riksdagen.se/fil/27BB9248-86D2-4435-BDB7-51F2CA04BE4D,1182280
1151028,mot_201516__94.pdf,71728,pdf,https://data.riksdagen.se/fil/AAE0D17A-1E58-48AE-88DA-FE698483F261,1151027
765275,mot_201718__2221.docx,60206,docx,https://data.riksdagen.se/fil/EEB94CC9-B4AA-4DD4-8D6B-931AEBDED89C,765273
1338032,mot_202223__715.docx,73072,docx,https://data.riksdagen.se/fil/9CB3214E-CC22-49A9-82CE-D9D06BC90470,1338030
1292692,mot_202223__218.docx,74164,docx,https://data.riksdagen.se/fil/7FFC998E-0741-4F4C-991E-013F7B8D9D23,1292690
308714,mot_201516__1295.pdf,72595,pdf,https://data.riksdagen.se/fil/259E6322-F3D8-4FC6-8C8F-27F27E900222,308713
1299050,MOT_201011_Ub_263.doc,49152,doc,https://data.riksdagen.se/fil/6A35F85B-4824-4EB4-891C-27B30241D2DA,1299049
3245513,mot_200607_ju_277.pdf,127373,pdf,https://data.riksdagen.se/fil/2AF72D47-921D-4C97-820D-FFED76275752,3245511
953388,mot_202526__1697.docx,83576,docx,https://data.riksdagen.se/fil/5C252601-B003-44A2-8A09-A65A8115E18E,953386
1382453,MOT_201213_So_321.doc,56832,doc,https://data.riksdagen.se/fil/6320038A-20CF-4691-A305-D58FD2638B43,1382452
808526,prop_202122__55.pdf,1102120,pdf,https://data.riksdagen.se/fil/BFE732EF-C59C-4B97-B779-41726C6B1C36,808525
57161,mot_201718__580.docx,57520,docx,https://data.riksdagen.se/fil/80778ACE-C58F-434C-9B79-888D1D668CD0,57159
2047815,mot_200910_k_382.pdf,116252,pdf,https://data.riksdagen.se/fil/5B6E2208-1689-48D4-8DF1-C87697BE0533,2047813
1001519,mot_202122__1254.docx,72364,docx,https://data.riksdagen.se/fil/19477185-99B6-4FAA-B6AD-E7F04A7DC61C,1001517
1247735,mot_201011_fi_218.pdf,183803,pdf,https://data.riksdagen.se/fil/8608819B-4C5C-402D-86FF-8007FB2A821E,1247733
732508,MOT_200708_MJ_313.doc,39424,doc,https://data.riksdagen.se/fil/633DABA9-7341-41B4-94DC-6B712CE824DC,732507
1608610,mot_201415__458.pdf,62863,pdf,https://data.riksdagen.se/fil/B3472569-C727-4C55-8935-D2D7E288F8EA,1608609
348976,mot_201718__1537.docx,56964,docx,https://data.riksdagen.se/fil/B774F4EB-9BFF-4A83-AB5A-DB3D43F5528D,348974
1538076,bet_202223_CU_3.pdf,22098306,pdf,https://data.riksdagen.se/fil/00CE0B36-1B2A-4DBF-B057-0C6237FAFDA4,1538075
121090,mot_200809_ub_395.pdf,138395,pdf,https://data.riksdagen.se/fil/30AB85F3-CED7-48E9-B34F-2C6D860A91ED,121088
1845895,mot_202021__503.docx,70122,docx,https://data.riksdagen.se/fil/AAC70EDE-F869-4067-92A1-20DE95A3C6F5,1845893
1231650,MOT_200506_Sf_368.doc,55296,doc,https://data.riksdagen.se/fil/D21CE02F-B699-4152-A0A2-3C00532B5B7A,1231649
3224531,mot_201415__1894.pdf,62416,pdf,https://data.riksdagen.se/fil/7B812360-0505-4C8A-9E4E-2AB612601DA8,3224530
1781723,mot_202425__2972.docx,72189,docx,https://data.riksdagen.se/fil/AE402228-3242-4311-A7FD-91FC70C951C5,1781721
830865,MOT_201314_MJ_295.doc,56832,doc,https://data.riksdagen.se/fil/B351F054-8871-41F1-B0CB-16220579DC45,830864
737927,mot_201011_k_295.pdf,121669,pdf,https://data.riksdagen.se/fil/78C78B70-5E37-419C-89DE-2D8D1B3E28F1,737925
308869,mot_202021__3055.pdf,138234,pdf,https://data.riksdagen.se/fil/A09AB135-B7BE-42F4-B54D-AE15044EFC0E,308868
2050129,mot_201819__2517.pdf,72878,pdf,https://data.riksdagen.se/fil/D8A1ED9F-F4F3-42E7-A400-21976C2A2A13,2050128
895260,2008_09_JuU11.pdf,2628830,pdf,https://data.riksdagen.se/fil/9815B563-E964-47D0-BDDF-F7FC0AB3DE79,895259
539984,BET_200102_KUU_1.doc,250880,doc,https://data.riksdagen.se/fil/1DC4C6DB-6705-4FC2-BCFC-5C85E599B0E6,539983
1552431,mot_200708_fã¶_244.pdf,170537,pdf,https://data.riksdagen.se/fil/C5BE6058-5755-4ABD-9C7B-ED26CEAE3DB1,1552429
1523061,mot_202526__3518.pdf,131125,pdf,https://data.riksdagen.se/fil/FED1B4B2-EB6C-4837-88C0-AA4B0E66A074,1523060
1437383,mot_201314_sk_344.pdf,123973,pdf,https://data.riksdagen.se/fil/2222063E-E234-441E-8A07-527452CF87D0,1437381
361543,mot_202122__982.docx,73641,docx,https://data.riksdagen.se/fil/693BE4FD-7835-4F97-837E-E49866B0324F,361541
1552169,mot_202324__186.docx,69672,docx,https://data.riksdagen.se/fil/537690FB-E7CE-447F-A61B-EAD324277BEE,1552167
1075138,mot_202526__4074.docx,94682,docx,https://data.riksdagen.se/fil/47805ED5-206F-40A1-9B36-4A7203972432,1075136
1369272,mot_201415__2908.docx,45463,docx,https://data.riksdagen.se/fil/04B3591A-0C8D-429F-95D3-F5D055D58D63,1369270
413125,mot_200910_mj_354.pdf,124041,pdf,https://data.riksdagen.se/fil/85777926-173F-45C8-8012-9DF918A98A1C,413123
105115,mot_201718__406.docx,57484,docx,https://data.riksdagen.se/fil/629ED4E5-808F-42F4-A999-ED181F9975E4,105113
346638,mot_200506_sk_448.pdf,137784,pdf,https://data.riksdagen.se/fil/1FB2ADA7-959D-4D05-855A-2B392239EB80,346636
1355556,MOT_201213_Sf_349.doc,55808,doc,https://data.riksdagen.se/fil/25C892E6-5AB9-4897-A122-D0708AF4A4B9,1355555
1849224,mot_202425__154.pdf,82667,pdf,https://data.riksdagen.se/fil/84386489-44CB-46C7-AE3C-23B9977CE599,1849223
1183130,mot_200708_ub_469.pdf,118787,pdf,https://data.riksdagen.se/fil/53D81B86-1980-49E4-9B06-2B35C5A01AFD,1183128
1377322,MOT_201213_Ju_390.doc,60416,doc,https://data.riksdagen.se/fil/B86DFA65-36FA-45D2-8E97-E7D6ADEA7BB8,1377321
1826413,mot_201415__1965.pdf,64935,pdf,https://data.riksdagen.se/fil/F202DF40-FBAE-4D42-91A7-FA0AE1E4DB7E,1826412
89591,MOT_201112_U_233.doc,53760,doc,https://data.riksdagen.se/fil/20ABC6D8-F7F6-415C-A5DA-59EE77DD5037,89590
2123256,MOT_201112_Ub_432.doc,47616,doc,https://data.riksdagen.se/fil/FE332F71-A0C3-4204-B645-8A15CA017F33,2123255
212641,MOT_201213_Fi_271.doc,55808,doc,https://data.riksdagen.se/fil/ECFC61B5-1BAA-4135-9356-FF8B22B3A4D0,212639
505153,MOT_200708_Ju_448.doc,41472,doc,https://data.riksdagen.se/fil/33A5612D-543A-4612-B7E9-B59FFFDAC3A8,505152
1210414,mot_201011_u_208.pdf,136028,pdf,https://data.riksdagen.se/fil/02AF0A98-A156-472C-9023-5EAC538A5DE1,1210412
3312331,mot_201314_so_256.pdf,131846,pdf,https://data.riksdagen.se/fil/2E76FB16-1296-4202-BD79-0387807E2C36,3312329
579551,mot_201617__570.docx,51252,docx,https://data.riksdagen.se/fil/8470781C-18DB-4DDC-A646-7976F309E24A,579549
1687374,mot_201617__1967.pdf,59543,pdf,https://data.riksdagen.se/fil/DBF8C020-A6BD-4AC0-BE6F-5A338E6C78A1,1687373
2183338,mot_200708_c_272.pdf,124753,pdf,https://data.riksdagen.se/fil/C1239AC8-8826-4ADD-A7BA-AC26896E66EA,2183336
1298514,MOT_200506_Bo_294.doc,55296,doc,https://data.riksdagen.se/fil/B35BE0D8-8C9E-4BB7-A1A2-50AE78550750,1298513
1511982,mot_200708_sk_349.pdf,131031,pdf,https://data.riksdagen.se/fil/BA1E4801-8E46-4144-B9DD-13566E2D58E4,1511980
2025728,mot_202425__1441.docx,73662,docx,https://data.riksdagen.se/fil/8F6C3997-1186-4288-A6FC-CFF0736E0C28,2025726
748231,mot_201718__2636.docx,57235,docx,https://data.riksdagen.se/fil/4B1D092C-B449-4E5A-889B-625EB85548A8,748229
999585,mot_202223__940.docx,77210,docx,https://data.riksdagen.se/fil/9D73A50B-0711-4FB0-BB69-98EE34350AC1,999583
1858494,mot_202425__2989.pdf,98259,pdf,https://data.riksdagen.se/fil/FE645E0B-DBC9-4577-A41D-0CFB9132DE5C,1858493
1821553,mot_201920__3119.docx,83253,docx,https://data.riksdagen.se/fil/F4DD8DA7-6B84-4005-BE00-067697350506,1821551
1318606,mot_202223__409.pdf,70013,pdf,https://data.riksdagen.se/fil/9ACEEECF-F597-4D5A-9F70-384DB614EF5F,1318605
1237646,mot_200506_ju_482.pdf,174207,pdf,https://data.riksdagen.se/fil/BE222098-C1FB-4157-AF1A-1F27F959F155,1237642
2221481,mot_202021__2666.docx,71123,docx,https://data.riksdagen.se/fil/4DC34A3B-92D7-4E0D-8C24-4F8AB5FB990C,2221479
1563945,mot_202122__2797.docx,69294,docx,https://data.riksdagen.se/fil/E8F6968B-1AF1-4485-845C-ACF443D602BC,1563943
2244094,mot_201516__385.pdf,74810,pdf,https://data.riksdagen.se/fil/2F890C2F-B28A-49F1-BB78-D5D80F327C6A,2244093
3223917,MOT_201213_MJ_350.doc,56320,doc,https://data.riksdagen.se/fil/2798E135-7E40-4797-BE8D-82CF89FDE47A,3223916
1262287,mot_201011_sk_398.pdf,158464,pdf,https://data.riksdagen.se/fil/50B33BA8-E551-4C9E-B51E-9EC8CECF066B,1262285
1136750,mot_202122__1798.pdf,76270,pdf,https://data.riksdagen.se/fil/2A85C8A7-3A81-4A7E-AD80-AE8AAEE4B891,1136749
447829,mot_202122__102.pdf,80211,pdf,https://data.riksdagen.se/fil/D9FA6E38-D80A-42E2-B484-BEAF30183DB1,447828
561020,MOT_201011_A_265.doc,47616,doc,https://data.riksdagen.se/fil/78AFC182-5D00-475B-A154-23ABDC11901C,561019
2213177,mot_201112_ub_357.pdf,128793,pdf,https://data.riksdagen.se/fil/79E2D169-7097-4762-B2C1-9FAEB9554EB1,2213175
1368693,mot_201920__948.docx,70394,docx,https://data.riksdagen.se/fil/90EC859F-DE73-446F-9812-627F484F78BB,1368691
2058901,mot_202223__2104.pdf,113184,pdf,https://data.riksdagen.se/fil/E929D2D3-D0C9-4A5E-9048-0A030F6C90C8,2058900
1577377,mot_201314_k_244.pdf,159083,pdf,https://data.riksdagen.se/fil/97176165-40F0-47C1-8677-5F5B18E3DC01,1577375
1014070,2023_24_JuU21_20240409152238_Publicering.pdf,326272,pdf,https://data.riksdagen.se/fil/69CC9A0B-2655-4139-8558-A206349E755A,1014069
1027580,mot_201920__1193.pdf,87125,pdf,https://data.riksdagen.se/fil/18FE70F3-FC1F-4E17-8A24-B95DD6F82BBE,1027579
1721179,mot_202122__3652.docx,72857,docx,https://data.riksdagen.se/fil/39BEFA03-B2D8-44A9-B6EA-FBB5098AB20A,1721177
578361,MOT_201112_So_383.doc,49664,doc,https://data.riksdagen.se/fil/AF9E380B-3E5E-4533-9E52-72FEAD70696B,578360
913544,MOT_200910_Fö_224.doc,42496,doc,https://data.riksdagen.se/fil/90EF546E-0F8D-46AE-BC08-F00B288A67F9,913543
59857,mot_201718__499.pdf,72636,pdf,https://data.riksdagen.se/fil/0B14F435-CB47-4ACB-9029-89EE43EE0F2A,59856
1035027,mot_202122__1762.pdf,93272,pdf,https://data.riksdagen.se/fil/5D7B5292-3737-4ADD-8308-3603507C1EAC,1035026
406571,mot_200910_mj_475.pdf,144966,pdf,https://data.riksdagen.se/fil/AB366A70-7517-45E6-84E7-B8CEAB912B4A,406569
3265333,mot_201213_mj_364.pdf,136449,pdf,https://data.riksdagen.se/fil/9DA56D53-CB31-4DB0-BBD5-892FB66EDB27,3265331
1154943,mot_202324__1575.pdf,73748,pdf,https://data.riksdagen.se/fil/618B5F91-8D65-4D48-9F13-756A16C6D5C3,1154942
1164129,mot_202324__1657.docx,73849,docx,https://data.riksdagen.se/fil/87D422D1-BB78-48E3-BADD-28D40D73E862,1164127
1790397,mot_201314_n_327.pdf,156594,pdf,https://data.riksdagen.se/fil/6CA68599-452F-45C5-B1CB-BAFE4C506ACB,1790390
3214813,2012_13_UU15.pdf,341842,pdf,https://data.riksdagen.se/fil/B1EDCD3E-E7E9-4B95-BAAF-932F26D820E0,3214812
1103249,mot_202324__1427.docx,71062,docx,https://data.riksdagen.se/fil/F892A915-0266-4D75-8F82-D4D710711AF4,1103247
796329,mot_201920__2852.docx,81005,docx,https://data.riksdagen.se/fil/FFCA9893-9B14-44C8-B110-776C7B96BA24,796327
1369832,MOT_200809_Kr_243.doc,38912,doc,https://data.riksdagen.se/fil/17245C37-5916-40F5-A4C4-AC10AF2527DB,1369831
1764526,mot_201617__1800.docx,55892,docx,https://data.riksdagen.se/fil/33B3CAD6-AEDA-48A5-8F79-E1BDB56A4B54,1764524
942254,MOT_200809_Sf_322.doc,37888,doc,https://data.riksdagen.se/fil/447FC904-B237-4E15-AC77-A8A7B672A7CC,942253
3209422,mot_201415__1029.docx,45735,docx,https://data.riksdagen.se/fil/459CF756-C44A-4B8D-A9FB-0CCB0C7AF0E2,3209420
1345161,mot_202223__683.pdf,70171,pdf,https://data.riksdagen.se/fil/5B8B0775-7258-4338-A3CE-1DB9D1CF39A5,1345159
1117615,mot_202526__2900.docx,82674,docx,https://data.riksdagen.se/fil/9C697A63-841B-4B2D-A8D2-9C4458249E9E,1117613
431391,mot_201718__1120.docx,57181,docx,https://data.riksdagen.se/fil/97241C09-CC14-4891-BC75-B1167B1BD0E5,431389
3331512,mot_202021__1478.pdf,81064,pdf,https://data.riksdagen.se/fil/6B929EF1-52DF-4F86-BD67-B0FBF32FEEA6,3331511
1063433,mot_201920__1201.pdf,75156,pdf,https://data.riksdagen.se/fil/B3F0E46D-61E7-464A-AAF1-EC374456C0C9,1063432
942427,mot_201718__3452.pdf,67348,pdf,https://data.riksdagen.se/fil/5E039BEC-CF22-4024-AE68-43A968842AF6,942426
2091920,MOT_200809_Fö_269.doc,47616,doc,https://data.riksdagen.se/fil/A723D3A4-F9E5-4253-A5DD-A130044B8D49,2091919
1653551,MOT_200506_Kr_290.doc,56320,doc,https://data.riksdagen.se/fil/78745E8B-FA4D-4CB5-8A06-61C84F54AC6F,1653550
2066434,mot_201819__2691.pdf,70922,pdf,https://data.riksdagen.se/fil/F0A95947-562E-48AE-8160-202AC1351996,2066433
1566378,mot_200708_k_345.pdf,129956,pdf,https://data.riksdagen.se/fil/EDEEF45B-ADF9-4303-B2A9-DFD6668EB21E,1566376
1356919,MOT_201213_So_582.doc,57856,doc,https://data.riksdagen.se/fil/026AF99C-7F01-4076-9436-E8CAE4CD96F7,1356918
1778060,mot_201617__1729.docx,51945,docx,https://data.riksdagen.se/fil/BC5FF565-6A1F-4020-9D74-CF0022A29BD2,1778058
1091189,2023_24_CU12_20240312141011_Publicering.pdf,129683,pdf,https://data.riksdagen.se/fil/627381EA-F18D-4055-9F07-CEE2073C3443,1091188
1478727,mot_201415__517.docx,44804,docx,https://data.riksdagen.se/fil/72C23918-0500-47B7-AC24-0A99D2FC13D7,1478725
285451,mot_202021__3606.docx,70913,docx,https://data.riksdagen.se/fil/9387D421-57BA-405D-B7BE-F3B640EA6575,285449
306501,mot_202526__538.docx,72238,docx,https://data.riksdagen.se/fil/9FF2E125-D1D1-4495-81D9-BF2F2B02D134,306497
237648,MOT_201213_C_241.doc,56320,doc,https://data.riksdagen.se/fil/D830DD95-EC6F-4C78-AF29-0EE11EF1CA89,237647
704044,mot_201718__2906.docx,57815,docx,https://data.riksdagen.se/fil/31068804-81F6-41A4-9943-7E7DBFD589F7,704042
1023095,mot_202324__1217.docx,70884,docx,https://data.riksdagen.se/fil/49B0B417-091F-4EA4-9907-74DFB3334B3D,1023093
1250737,mot_202526__2204.docx,82919,docx,https://data.riksdagen.se/fil/6CDF75B8-BABE-47DD-BB23-74453812BE15,1250735
1575119,mot_200708_u_27.pdf,261703,pdf,https://data.riksdagen.se/fil/B4910263-BCB5-4DF1-80FE-1359E1ABB4A9,1575117
1956478,mot_201415__32.pdf,66571,pdf,https://data.riksdagen.se/fil/95E3F15A-B7AE-4616-AF40-9825DB461E9E,1956477
780303,mot_201112_so_233.pdf,122413,pdf,https://data.riksdagen.se/fil/9FD5A227-E340-40A6-9D49-753D27192B9F,780301
667826,mot_202425__84.docx,74678,docx,https://data.riksdagen.se/fil/CA761CA2-4C90-449A-B84E-2B0F1755F41E,667824
2075789,mot_202223__2139.pdf,155330,pdf,https://data.riksdagen.se/fil/8D26C7CF-DD05-4B01-879D-E138796E2B06,2075788
1590990,mot_201415__1781.pdf,66017,pdf,https://data.riksdagen.se/fil/81547001-0983-49C3-B131-8A0C055772F9,1590989
1549472,mot_202223__1202.docx,71232,docx,https://data.riksdagen.se/fil/31CA80FF-CE29-43A5-BC57-2E9F0AD0ED93,1549470
141433,mot_202021__3365.pdf,174419,pdf,https://data.riksdagen.se/fil/69DD7772-6E8D-4D77-8451-9B33A81E687C,141432
1185939,MOT_200910_A_375.doc,36864,doc,https://data.riksdagen.se/fil/CA3B8D00-A050-45A1-A937-246CAB086E12,1185938
59072,mot_201718__524.docx,55974,docx,https://data.riksdagen.se/fil/8AC0D226-9CE8-4EAA-AC9B-BC1508E93D7A,59070
735075,mot_202324__2442.pdf,75790,pdf,https://data.riksdagen.se/fil/218744FB-F1E7-4AF7-9185-9A6C87AF895F,735074
1510410,mot_201314_sk_235.pdf,159976,pdf,https://data.riksdagen.se/fil/C5AA2244-3A0B-4A1C-A121-23DCF611D8F0,1510408
1699174,mot_200506_l_396.pdf,163119,pdf,https://data.riksdagen.se/fil/9C0C3335-B733-4866-9567-7AC84CEFF928,1699172
468572,prop_201314__160.pdf,581162,pdf,https://data.riksdagen.se/fil/86D3AF52-1331-420D-9F4C-F69A13231251,468571
1258323,MOT_200910_So_266.doc,37376,doc,https://data.riksdagen.se/fil/0BBF52A8-544C-4F2D-88BC-59CC35BD31BA,1258322
1813921,MOT_200506_L_281.doc,45056,doc,https://data.riksdagen.se/fil/3CD859DB-3219-4B72-8699-820AE89B9B4A,1813920
1565768,mot_200708_k_337.pdf,130474,pdf,https://data.riksdagen.se/fil/DA9A5454-DC94-4435-9ECA-6F3ED5A41151,1565766
3277538,MOT_201314_N_249.doc,56320,doc,https://data.riksdagen.se/fil/21B64852-1157-4A0A-A4E8-86BFE076BDA3,3277537
636213,mot_201011_mj_406.pdf,112271,pdf,https://data.riksdagen.se/fil/C6BE7E52-3189-4DDD-99F6-E16F20746653,636211
3283213,mot_200506_mj_475.pdf,161041,pdf,https://data.riksdagen.se/fil/3A785D63-A64C-4FED-8E53-D97A87F4C57D,3283211
1875720,mot_202425__2306.pdf,74570,pdf,https://data.riksdagen.se/fil/7117F33C-97F4-4D34-B5D6-C2B0263B568D,1875719
1465237,mot_201415__2226.docx,47006,docx,https://data.riksdagen.se/fil/4F672960-19D0-4B77-A105-3CDFAECF2719,1465235
1167382,mot_200708_ub_279.pdf,124083,pdf,https://data.riksdagen.se/fil/E86723CA-78AC-4EF9-8508-9DC3CCD5664F,1167379
275151,mot_200607_a_251.pdf,124228,pdf,https://data.riksdagen.se/fil/F1948BED-9658-41CA-89E8-78811316E760,275149
875456,mot_200809_k_312.pdf,132092,pdf,https://data.riksdagen.se/fil/EFB559CE-2C2E-4E12-8B05-F5D213A1778D,875454
1671856,MOT_200506_T_496.doc,41984,doc,https://data.riksdagen.se/fil/29C572A7-F1C1-4D3D-97CC-414263D4EEF7,1671855
743486,mot_200607_sf_24.pdf,199962,pdf,https://data.riksdagen.se/fil/0CA73FB8-1D07-4B70-A96A-38DBB5D78FE9,743484
1967229,2023_24_UU5_20231201104112_Publicering.pdf,1298223,pdf,https://data.riksdagen.se/fil/DED80D2A-81F4-48B6-9908-9609658F947C,1967228
812061,mot_202324__2687.pdf,287036,pdf,https://data.riksdagen.se/fil/10F1A0D3-738C-495D-8C90-080382BA9BBF,812060
1502042,mot_201415__938.docx,45149,docx,https://data.riksdagen.se/fil/0A22B1DC-C41A-4D6E-B405-FE4A29B8FAFE,1502040
1507548,mot_200708_sk_322.pdf,132189,pdf,https://data.riksdagen.se/fil/B579BE24-87C8-4A27-AC5A-1901BE4A8830,1507546
203612,mot_200910_so_7.pdf,161322,pdf,https://data.riksdagen.se/fil/E66F6784-D3D6-4636-AA17-243BC3718CF8,203610
389160,mot_202021__3642.docx,85652,docx,https://data.riksdagen.se/fil/B66BC434-78E8-4305-90F1-5FC4E08F42A0,389158
940820,mot_202526__1571.pdf,84547,pdf,https://data.riksdagen.se/fil/5B0CFD25-C19C-49AA-88B8-9BDB08135D16,940819
1389137,mot_202526__3006.pdf,77722,pdf,https://data.riksdagen.se/fil/F1AE1764-7600-4182-B171-BAFD2A13F1BC,1389136
1659333,mot_202122__3553.docx,70882,docx,https://data.riksdagen.se/fil/80903E62-535F-4A08-9E33-74054C439E43,1659331
661825,MOT_200708_MJ_251.doc,44032,doc,https://data.riksdagen.se/fil/B4D480C2-DBFD-4D08-B3BF-84B7387027CF,661822
944409,skr_201213__101_d5.pdf,49806,pdf,https://data.riksdagen.se/fil/A543493E-C1A2-4CB7-A124-555242D1F0F1,944404
3259486,bet_200203_mju_12.pdf,221291,pdf,https://data.riksdagen.se/fil/B8ECF205-98DD-401A-B247-6200C6329443,3259484
545353,2010_11_CU24.pdf,316412,pdf,https://data.riksdagen.se/fil/73EA3C5E-312F-4BEE-9B72-280560DDA71F,545352
1628690,MOT_201112_Sk_372.doc,48128,doc,https://data.riksdagen.se/fil/BB6B08D8-91BB-4D70-A819-E5F01BD9E08A,1628689
1500949,mot_201718__4029.docx,59808,docx,https://data.riksdagen.se/fil/2DE266A8-F66C-4E1F-B3D0-BFFBF7EDEEF7,1500947
958516,201415_JuU11.pdf,422794,pdf,https://data.riksdagen.se/fil/C298F6D4-C715-446F-98A3-70EFDFA94B20,958515
513206,mot_201718__1356.pdf,65210,pdf,https://data.riksdagen.se/fil/F4CAB993-05C3-4653-A471-F3AFD78A52CA,513205
1132997,mot_201112_mj_441.pdf,115528,pdf,https://data.riksdagen.se/fil/58D235B5-200E-4675-B0D2-467549B58CF6,1132995
126925,mot_201011_so_326.pdf,130899,pdf,https://data.riksdagen.se/fil/1F15A0D3-F055-4327-87E1-386C68AB4105,126923
1254642,mot_201011_fi_250.pdf,129212,pdf,https://data.riksdagen.se/fil/1D007664-B06D-4014-AC9F-E7DE97E7AD2C,1254640
411766,mot_202526__544.pdf,86459,pdf,https://data.riksdagen.se/fil/7EDEF066-2593-4ED9-B591-C095170CA0C7,411765
264023,mot_201112_c_3.pdf,135699,pdf,https://data.riksdagen.se/fil/5A14F4C7-3923-44B6-B0D8-2BDD269CBABE,264021
1095737,mot_201314_u_252.pdf,163046,pdf,https://data.riksdagen.se/fil/AB457635-465F-491A-80F3-76D3A9D10791,1095735
98341,MOT_200708_N_6.doc,56320,doc,https://data.riksdagen.se/fil/A08A4EFF-F937-4F35-BE43-A440E11807BF,98340
1659602,mot_201415__1329.pdf,66635,pdf,https://data.riksdagen.se/fil/D4D5FE23-A7C5-4DE2-B445-9078229A83F7,1659601
779854,mot_202526__1579.docx,82699,docx,https://data.riksdagen.se/fil/11895299-1ECC-46BE-BCCE-CA8D18912FCC,779852
1247116,mot_202223__114.pdf,70402,pdf,https://data.riksdagen.se/fil/2AAC5182-0FC7-4AB7-B9EE-DBA0B7CC9133,1247115
893078,201415_JuU17.pdf,383004,pdf,https://data.riksdagen.se/fil/4D08A6C5-B7E6-454A-ABB4-EAE535D7124B,893077
1031257,mot_202324__1753.docx,73295,docx,https://data.riksdagen.se/fil/572F5F7C-E6C1-47A4-8FA1-6E0F110B3B3A,1031255
1530703,2021_22_KU44_20220609133106_Publicering.pdf,100243,pdf,https://data.riksdagen.se/fil/99408DA1-91CE-4A87-B89C-9822964D69CC,1530702
2058074,mot_202223__2126.docx,72954,docx,https://data.riksdagen.se/fil/6254D88B-EBC9-4FE4-AEEC-ED602A44A5DE,2058072
1934014,mot_201617__3615.pdf,124850,pdf,https://data.riksdagen.se/fil/A9C3C7A5-3015-44CD-91E5-33B19E1F2B19,1934013
157413,mot_200809_a_344.pdf,126241,pdf,https://data.riksdagen.se/fil/D6E57A17-466A-450A-AF89-D963436405A7,157411
1804434,MOT_201112_Sk_354.doc,48640,doc,https://data.riksdagen.se/fil/975915A2-9F6C-48AE-BC0A-4C2F15E7C4DB,1804432
184267,MOT_200506_MJ_59.doc,48128,doc,https://data.riksdagen.se/fil/B66B2664-3372-44D3-B9C3-DF13A111BA9D,184266
2153010,2009_10_TU9.pdf,1002974,pdf,https://data.riksdagen.se/fil/F340236B-CB09-4C44-9F16-4018A468D385,2153009
1961209,mot_201617__2825.pdf,99362,pdf,https://data.riksdagen.se/fil/51E425B6-1475-41A3-92F4-B70606DDDF90,1961208
3223141,MOT_201213_A_218.doc,56320,doc,https://data.riksdagen.se/fil/B09CD0EE-5A67-4ED0-A6A2-3377FBC6480A,3223140
484983,mot_201516__2787.pdf,87113,pdf,https://data.riksdagen.se/fil/9E937C08-1BDA-41E4-8116-814E91E7220E,484982
2197266,mot_201516__845.pdf,65510,pdf,https://data.riksdagen.se/fil/FF93F065-7E72-4CD5-8BD4-0C5ABACF340F,2197265
611792,mot_201314_a_405.pdf,206046,pdf,https://data.riksdagen.se/fil/95CB1E1B-0F08-4E28-AF99-9C2FCB6BE2FC,611790
2166669,mot_202223__2177.pdf,96727,pdf,https://data.riksdagen.se/fil/4DA43F50-5642-45A7-94CA-50B81C7A64DF,2166668
443943,mot_201516__2118.docx,48109,docx,https://data.riksdagen.se/fil/EAC011FF-594D-46CE-A586-D057D6F0C70C,443941
59264,mot_201718__477.pdf,64060,pdf,https://data.riksdagen.se/fil/A6F6B1C3-5783-4F08-A272-60BEBEBFBE56,59263
1056452,prop_200708__1_d20.pdf,786468,pdf,https://data.riksdagen.se/fil/AFA4BF41-AC39-4509-B82B-FB62183BA203,1056414
2039883,prop_201415__32.pdf,2045166,pdf,https://data.riksdagen.se/fil/4E571F91-ED8B-4536-B2B8-108CB21A3D21,2039882
888480,MOT_200910_Sk_376.doc,38400,doc,https://data.riksdagen.se/fil/4A3B8DDD-B436-4286-A617-3CC324297714,888479
274021,mot_202021__3517.pdf,71964,pdf,https://data.riksdagen.se/fil/2F19BAC6-0401-46B8-88E9-22BFEB9B55CC,274020
191004,mot_202021__3006.pdf,80088,pdf,https://data.riksdagen.se/fil/3876CA72-7D41-486D-A49C-B57E618C6DA9,191003
1368220,mot_202223__1469.pdf,82883,pdf,https://data.riksdagen.se/fil/B491E87A-9654-4FC0-809E-33E910AEE572,1368219
507428,mot_201920__2934.docx,69428,docx,https://data.riksdagen.se/fil/E3D64FCB-9F0F-4EDF-934C-B98671A80536,507426
2118065,mot_202021__2882.docx,70906,docx,https://data.riksdagen.se/fil/FBD548ED-2A0E-4D38-9858-2FF0A0EE6AC3,2118063
760154,MOT_201112_Sf_254.doc,48128,doc,https://data.riksdagen.se/fil/35E1AC91-6BC9-4206-BBA4-650E2A4F6A89,760153
1243603,MOT_200506_Ju_535.doc,68096,doc,https://data.riksdagen.se/fil/56B16DD5-D4C5-4B92-BD43-4F32E9FF5CFF,1243602
474820,MOT_200708_N_383.doc,39424,doc,https://data.riksdagen.se/fil/5ACEA481-F053-49F2-B093-6743AA9F24B9,474819
1563354,mot_202526__3249.docx,78334,docx,https://data.riksdagen.se/fil/1193ECEE-049D-4C46-A88B-C473A0197A27,1563352
1730496,mot_202425__2749.pdf,72683,pdf,https://data.riksdagen.se/fil/71A3D709-4FA4-4956-BDD7-7CA0B05EC445,1730495
401630,mot_202526__955.pdf,78757,pdf,https://data.riksdagen.se/fil/03E700B6-34F2-4E34-8C3C-F67E5E597351,401629
1892159,mot_201617__185.docx,51118,docx,https://data.riksdagen.se/fil/6BDB6F19-3949-4EA3-8D6B-1A106BA6160F,1892157
1916110,mot_201819__2998.docx,72830,docx,https://data.riksdagen.se/fil/17D0D1CB-A4D8-4FFD-BED3-B4CC82A2DE47,1916108
1370915,MOT_201213_So_473.doc,56832,doc,https://data.riksdagen.se/fil/169CF5AC-55D4-4E5C-820D-68CB90376046,1370914
3279429,MOT_200809_Ju_6.doc,45568,doc,https://data.riksdagen.se/fil/50B3959C-D520-4689-A09A-ECC0BAE9483D,3279428
1899135,mot_201011_n_402.pdf,126337,pdf,https://data.riksdagen.se/fil/F2AF7185-4C6F-4602-A1F2-F1A1AC076542,1899133
1195672,mot_200910_a_259.pdf,128762,pdf,https://data.riksdagen.se/fil/A0A26BD6-4F95-460E-9512-7D2B62B55CEE,1195670
560814,MOT_201011_A_262.doc,52736,doc,https://data.riksdagen.se/fil/4345EC8C-BFBA-4128-92B7-AE226C6DE351,560813
1057265,mot_201920__1223.pdf,68647,pdf,https://data.riksdagen.se/fil/8D3680B1-DFB2-49CD-AA2F-27587E946CE5,1057264
1664942,mot_201415__963.docx,45074,docx,https://data.riksdagen.se/fil/5D18FF03-8610-407F-866E-537C8EB4E756,1664940
1563102,mot_201617__2205.docx,60629,docx,https://data.riksdagen.se/fil/3E70CA6E-D84F-44E3-848F-BD63F69ECAF1,1563100
571421,mot_201112_so_658.pdf,288186,pdf,https://data.riksdagen.se/fil/5B5BB095-9BC9-49C1-A7EA-D171D1B50594,571419
3262882,MOT_201213_A_298.doc,56320,doc,https://data.riksdagen.se/fil/83C5FCB5-0D22-46EF-8A1C-03CB04B76424,3262881
866738,mot_202526__1057.pdf,74380,pdf,https://data.riksdagen.se/fil/B45ADA03-66E9-442F-812B-AD2AC1A5B8E7,866737
705591,mot_201920__2732.docx,79812,docx,https://data.riksdagen.se/fil/9E8B6C44-3397-433C-A48F-A8C7419178E9,705589
510262,mot_202425__3187.docx,70897,docx,https://data.riksdagen.se/fil/3782F809-CAC9-4AC3-A75B-840E2FAAD84D,510260
1143622,MOT_200607_T_1.doc,38400,doc,https://data.riksdagen.se/fil/126E35CE-7CD7-4077-9426-E5FADFA01619,1143621
1690021,mot_202122__3283.docx,69586,docx,https://data.riksdagen.se/fil/D0B16AEF-4310-424C-9D5B-4C60185D65DA,1690019
757385,mot_200910_ub_482.pdf,117237,pdf,https://data.riksdagen.se/fil/2A9406F0-A44D-46A3-A234-AD114E93EC96,757383
1017653,MOT_200708_Ub_483.doc,41472,doc,https://data.riksdagen.se/fil/31A0DA0F-997D-41EB-8A09-0C7E011D4326,1017652
3327019,mot_201819__3047.pdf,85145,pdf,https://data.riksdagen.se/fil/B9D35FBF-5840-44FC-8F9F-5DAD340DF785,3327018
1397253,MOT_200910_So_573.doc,44032,doc,https://data.riksdagen.se/fil/DB88F9E7-9A3E-4107-A95E-B5E46AC25164,1397252
1327693,mot_202122__2170.pdf,74465,pdf,https://data.riksdagen.se/fil/46DE0286-2B43-491D-AFCB-7E55063C2ECE,1327692
829432,mot_202324__2432.docx,72015,docx,https://data.riksdagen.se/fil/112BD4DB-4824-4F91-84B7-FC7EA424BEA5,829430
54336,mot_201213_ub_325.pdf,139991,pdf,https://data.riksdagen.se/fil/B921F0F5-E479-490E-9AC0-EC22358D2F34,54334
1060969,MOT_200809_T_238.doc,46592,doc,https://data.riksdagen.se/fil/4F2B263E-38AC-4131-8AF5-292303642A73,1060968
877011,mot_201920__1886.pdf,89111,pdf,https://data.riksdagen.se/fil/089EB245-BE55-4D9B-A8C5-C963D6CCBBC5,877010
1665123,MOT_200809_MJ_205.doc,41984,doc,https://data.riksdagen.se/fil/5F0BAD58-EE51-4132-83AE-95196FADC695,1665122
145989,MOT_200708_So_358.doc,38912,doc,https://data.riksdagen.se/fil/EB6222E1-A04F-4793-8C88-7846D2DF9AA0,145988
3297778,mot_200910_t_244.pdf,132794,pdf,https://data.riksdagen.se/fil/2689BF16-27B3-4AF4-8E61-5F2F90EC4B9B,3297776
699116,2013_14_UU9.pdf,105852,pdf,https://data.riksdagen.se/fil/5B45E0F4-2CC4-478A-894C-49C502324D8D,699115
333876,MOT_200708_Sf_204.doc,40960,doc,https://data.riksdagen.se/fil/966664F6-517B-4C9A-B92D-4F7918673FD9,333875
2210670,mot_202021__2916.docx,70266,docx,https://data.riksdagen.se/fil/4A9B917A-8DB4-40A6-A5AB-C5827698E5FA,2210668
1829515,mot_201819__78.pdf,97934,pdf,https://data.riksdagen.se/fil/FCAE8369-59E1-4129-9000-C42EC2D7AAFD,1829514
958967,mot_202122__1800.docx,71644,docx,https://data.riksdagen.se/fil/8F642892-E765-44EC-8860-E9752FFEEAB1,958965
3110680,MOT_201112_Sk_378.doc,49152,doc,https://data.riksdagen.se/fil/FCE53A94-4499-4B8B-A4F4-C558DBFF8AF4,3110679
1094309,MOT_201314_U_228.doc,57856,doc,https://data.riksdagen.se/fil/86151616-C2B6-4607-A37A-3ED53C12886F,1094308
2131843,mot_202021__2057.docx,70227,docx,https://data.riksdagen.se/fil/1E869255-768A-4B37-9EED-3F589960EE24,2131841
659651,MOT_200607_Fi_207.doc,40960,doc,https://data.riksdagen.se/fil/2680A059-CEAD-4808-9332-866A1825E735,659650
995405,mot_200910_sk_475.pdf,119727,pdf,https://data.riksdagen.se/fil/C333419B-06EF-4755-8084-F9DBF736F214,995403
1058708,mot_202122__1565.docx,75980,docx,https://data.riksdagen.se/fil/873E0F90-E594-4176-8FD9-53D4360EC650,1058706
1900731,mot_201617__216.pdf,65523,pdf,https://data.riksdagen.se/fil/C6555A85-CA26-4F92-A2AE-D091E9EE986E,1900730
167582,mot_201011_so_465.pdf,124935,pdf,https://data.riksdagen.se/fil/FDA09637-D621-4D63-A57A-1D003C4058CB,167580
752341,mot_201920__2170.docx,69980,docx,https://data.riksdagen.se/fil/2372AA64-E33C-4C88-8B94-03DE55092FA4,752339
1053342,MOT_200809_So_522.doc,100864,doc,https://data.riksdagen.se/fil/C84C54C1-2F0A-4200-ABFE-B6F06907684B,1053341
1857676,MOT_200607_So_404.doc,40960,doc,https://data.riksdagen.se/fil/0AE063A8-5A71-498E-8637-98FAEC8264C9,1857675
1948587,MOT_200809_MJ_1.doc,43520,doc,https://data.riksdagen.se/fil/735F7D03-80AF-4D00-A69B-1BFBD9A37676,1948585
1719875,mot_202324__558.pdf,70726,pdf,https://data.riksdagen.se/fil/D937D822-61DC-4450-8A42-F66A39824F52,1719874
902462,mot_201718__3970.pdf,68263,pdf,https://data.riksdagen.se/fil/842AD957-0797-4120-AF08-3686F9E1F9DD,902461
3326986,mot_200506_mj_513.pdf,175780,pdf,https://data.riksdagen.se/fil/7CD529CC-FEA3-4D92-8A06-3667CF9E01B7,3326984
812736,mot_202122__1858.docx,72982,docx,https://data.riksdagen.se/fil/F3904332-0E2F-4183-B36F-5F0F5819A5DC,812734
666985,prop_200304__19_d3.pdf,24662,pdf,https://data.riksdagen.se/fil/5D8D543D-3FAD-4E43-9926-C6E0B10F0813,666984
1284044,2012_13_SoU11.pdf,384687,pdf,https://data.riksdagen.se/fil/87BB9464-E8B8-4D23-9436-DAD8D2156818,1284043
393537,MOT_201011_Kr_213.doc,48640,doc,https://data.riksdagen.se/fil/6EFEB615-32B7-495F-9A5D-9A459A17ACD4,393536
1127681,MOT_200506_Sf_387.doc,70144,doc,https://data.riksdagen.se/fil/D679708D-8485-4DDB-8542-97CFD4273E9E,1127680
314253,mot_201516__1392.docx,48568,docx,https://data.riksdagen.se/fil/638754CD-0FF8-4201-96C1-CD58E5F81950,314251
2097115,skr_200910__166.pdf,677014,pdf,https://data.riksdagen.se/fil/021FE81A-1182-4892-8631-F4BC569EB2EC,2097114
777353,mot_201718__2068.docx,1965069,docx,https://data.riksdagen.se/fil/FA74ED0C-13D3-48CD-B84F-4CD4EE450195,777351
1385980,mot_200910_so_454.pdf,159946,pdf,https://data.riksdagen.se/fil/A77B8595-0AEB-4E69-83B1-08116E520CCB,1385978
1335154,mot_202223__761.docx,77828,docx,https://data.riksdagen.se/fil/730E9534-3A58-4A91-B976-91938E01B2C4,1335152
981315,mot_202122__1662.docx,77776,docx,https://data.riksdagen.se/fil/165B6261-CCFE-4AEA-ADBB-0330B411574B,981313
3330327,mot_202425__1346.pdf,89690,pdf,https://data.riksdagen.se/fil/75878272-656E-4854-B48A-B61F9576EEED,3330326
1244100,2025_26_JuU1_20251128102325_Publicering.pdf,1290177,pdf,https://data.riksdagen.se/fil/AB72E91F-EC6E-4617-8EDD-8D23234DC801,1244099
1257957,mot_201314_c_355.pdf,127966,pdf,https://data.riksdagen.se/fil/7104B748-563D-4CD6-990C-D4606436B219,1257955
713156,mot_201516__3025.pdf,63359,pdf,https://data.riksdagen.se/fil/6609B119-EF7B-4AA0-A541-4BA50D0ABFBB,713155
2009328,2023_24_SkU15_20240327111238_Publicering.pdf,638838,pdf,https://data.riksdagen.se/fil/FEADA28B-74CF-4B7E-B6B4-5676D890B939,2009327
2088880,MOT_201314_Sf_243.doc,57344,doc,https://data.riksdagen.se/fil/2E560FC4-6201-4C8E-B6E7-D5D7A7226724,2088879
1210526,mot_202223__700.pdf,81670,pdf,https://data.riksdagen.se/fil/E990691A-9331-47C8-A415-214D293F62B0,1210525
665631,MOT_201112_Ju_286.doc,49664,doc,https://data.riksdagen.se/fil/E1BCB601-1F07-468C-AB28-AB77B112328C,665630
498280,mot_202425__3281.pdf,81017,pdf,https://data.riksdagen.se/fil/FFDF1F3A-D4CD-4AFF-BDEF-689AB766DE8A,498279
157653,2007_08_SoU18.pdf,327205,pdf,https://data.riksdagen.se/fil/7AD34354-DF3F-4D85-BBCE-25059268AE23,157652
1362406,mot_201415__2932.docx,46083,docx,https://data.riksdagen.se/fil/14C35083-AC69-41B6-BF36-04ADBBED207E,1362404
1932445,mot_201617__3635.pdf,79602,pdf,https://data.riksdagen.se/fil/643751B3-FB62-406D-BA24-362257461DAF,1932444
1881749,MOT_200910_T_454.doc,38400,doc,https://data.riksdagen.se/fil/4F6D4DCA-4B7E-4DED-BEAB-09572121AB32,1881748
989301,BET_200405_SoU_20.pdf,198104,pdf,https://data.riksdagen.se/fil/F9A89308-53B1-473A-94EE-40566E811396,989300
561151,mot_201819__949.docx,69504,docx,https://data.riksdagen.se/fil/37CAAEF1-95A2-4086-9964-FF000B05D1BA,561149
1817939,mot_200910_c_492.pdf,235555,pdf,https://data.riksdagen.se/fil/37E4AE86-B868-4312-B42A-B1B24E3D5187,1817937
1445279,MOT_200506_K_211.doc,54272,doc,https://data.riksdagen.se/fil/00004573-6253-4617-B84A-4C97602146C7,1445278
436131,mot_201516__2016.pdf,81718,pdf,https://data.riksdagen.se/fil/FBAAFA40-D16D-4D02-A33F-EE0802D68AB4,436130
2069444,mot_201516__157.docx,51559,docx,https://data.riksdagen.se/fil/566758CA-989F-441C-ABB3-8A6AC247603B,2069442
995891,mot_202324__1451.pdf,72534,pdf,https://data.riksdagen.se/fil/493E6706-8FC6-4729-8E89-E48D17677CFF,995890
3354071,mot_202425__297.docx,73631,docx,https://data.riksdagen.se/fil/6DCD0688-F796-4B10-844D-95AE25236294,3354069
968743,mot_202122__1710.pdf,74692,pdf,https://data.riksdagen.se/fil/A36E027B-BB99-40DF-87C5-679640F38B79,968742
753472,mot_201112_sf_321.pdf,182139,pdf,https://data.riksdagen.se/fil/16F01385-8096-45DB-B5B0-271A551A56C4,753470
579047,mot_202021__4019.pdf,564678,pdf,https://data.riksdagen.se/fil/403B6302-4A58-44A4-B55A-BA55EF2D2EBA,579046
555038,mot_202122__125.pdf,67810,pdf,https://data.riksdagen.se/fil/348035AB-CC1D-4B33-9F12-3E53C019DA30,555037
137505,mot_201718__183.docx,123098,docx,https://data.riksdagen.se/fil/A10CAB33-1C3A-466E-925C-4F4A54D6CFD4,137503
555567,mot_201718__1015.docx,60976,docx,https://data.riksdagen.se/fil/A26FB954-69E4-4617-AFC2-688F7BFA6337,555565
1121176,MOT_200506_So_259.doc,57344,doc,https://data.riksdagen.se/fil/117F0B0D-C885-473A-8333-D57A47E07F6D,1121175
537478,mot_201718__1142.pdf,148733,pdf,https://data.riksdagen.se/fil/E4DDD20F-A30C-4163-87DE-46E8CB1CEC4A,537477
1456581,mot_202122__2863.pdf,74135,pdf,https://data.riksdagen.se/fil/86DAA4E1-7F51-4261-AC43-7137F14A81B7,1456580
1672072,mot_202122__3449.pdf,80604,pdf,https://data.riksdagen.se/fil/F075DA7C-FCB8-4C4A-82C3-5E58EB398EE2,1672071
1089742,mot_202526__4163.pdf,81506,pdf,https://data.riksdagen.se/fil/F5976ED2-C801-4C39-BCE1-EBB6E74ED985,1089741
1389060,MOT_201213_Ju_249.doc,128000,doc,https://data.riksdagen.se/fil/4032BFA3-B1BD-4281-B658-CAFA87BAE256,1389059
1126746,MOT_200506_Sf_354.doc,55808,doc,https://data.riksdagen.se/fil/E140E943-4D5D-418E-9FF9-D92130DA8511,1126745
334846,mot_201516__1465.docx,48807,docx,https://data.riksdagen.se/fil/F0300DFB-15C5-406D-87B3-B9118AC1C7B7,334844
1113798,mot_202122__1166.pdf,68451,pdf,https://data.riksdagen.se/fil/04AC19CC-D043-4FB8-94F2-1F3F278C9A15,1113797
604802,mot_201213_u_305.pdf,130537,pdf,https://data.riksdagen.se/fil/8314F53A-B9C0-4208-BCFE-8164AE3765EC,604800
640962,mot_201213_ub_7.pdf,147924,pdf,https://data.riksdagen.se/fil/C7F77261-839E-492C-8B81-B19BCD12BAAB,640960
1723005,mot_200910_c_340.pdf,127636,pdf,https://data.riksdagen.se/fil/0A4A5F74-B89C-416E-BC08-AF8A3186A025,1723003
666239,mot_201920__2428.docx,69670,docx,https://data.riksdagen.se/fil/EF6EDA4F-6357-4832-B6E3-4D1B8308EAF5,666237
227825,mot_200506_sk_421.pdf,136756,pdf,https://data.riksdagen.se/fil/D18FA946-0BE7-4C73-BE7F-2D4B278C7F0C,227823
1246553,MOT_200708_Fi_262.doc,59392,doc,https://data.riksdagen.se/fil/BE69FC26-A950-42A7-B054-C625ECC93067,1246552
1349334,2021_22_SkU9_20220223104117_Publicering.pdf,35150804,pdf,https://data.riksdagen.se/fil/4456AED1-EFB9-44CA-90A0-ECD3E3EFD856,1349333
1964759,mot_201617__2772.pdf,67301,pdf,https://data.riksdagen.se/fil/58B89A23-F9D5-4636-B536-9326B9AD7D3D,1964758
1710863,mot_202021__25.pdf,88001,pdf,https://data.riksdagen.se/fil/A31561B4-DE33-4317-AC39-2AD689DA5C76,1710861
1433416,mot_200910_sf_409.pdf,136080,pdf,https://data.riksdagen.se/fil/5B8742F6-1161-4F63-AA42-FF07BAB64546,1433414
188876,mot_201112_t_419.pdf,221744,pdf,https://data.riksdagen.se/fil/DCE8C9D6-DF7C-416A-BB19-2C5A44A0A982,188872
1618817,mot_201617__1996.pdf,66291,pdf,https://data.riksdagen.se/fil/E3E2B4EF-C4A3-4DC5-8C5C-4593538995D6,1618816
1047930,mot_201718__3391.docx,58298,docx,https://data.riksdagen.se/fil/734999BA-FCFE-4A37-8E6D-C1F0735D8D0A,1047926
1796985,mot_201617__1919.pdf,65829,pdf,https://data.riksdagen.se/fil/EF54BE22-960C-4967-8C7A-30B8861FC65A,1796984
