year,is_election_year,total_ballots,active_politicians,avg_attendance_rate,total_votes,avg_win_rate,avg_rebel_rate,total_documents,active_document_authors,total_proposals,total_motions,total_new_assignments,politicians_with_new_roles,leadership_appointments,active_parties,avg_party_win_rate,avg_party_absence_rate,party_documents_total,ma_party_win_rate,high_performing_parties,baseline_ballots,stddev_ballots,baseline_documents,baseline_assignments,ballot_deviation_from_baseline,document_deviation_from_baseline,assignment_deviation_from_baseline,ballot_percent_change_from_baseline,document_percent_change_from_baseline,baseline_attendance,stddev_attendance,attendance_deviation_from_baseline,ballot_z_score,document_z_score,q4_activity_classification,prev_year_ballots,yoy_ballot_change_pct,rank_by_q4_activity
2024,f,20940,354,84.42,7308060,60.67,0.12,2344,355,59,2153,32,0,0,9,56.84,15.14,6180,57.74,0,16518.666666666667,4738.229873416161,2748.6666666666666667,35.0000000000000000,4421.333333333333,-404.6666666666666667,-3.0000000000000000,26.77,-14.72,84.9566666666666667,0.69370983367207166420,-0.5366666666666667,0.93,-0.66,NORMAL_ACTIVITY,11517,81.82,1
2025,f,17099,358,85.74,5967551,63.61,0.17,3451,348,65,3241,51,0,0,9,59.46,14.26,7238,59.55,0,16518.666666666667,4738.229873416161,2748.6666666666666667,35.0000000000000000,580.333333333333,702.3333333333333333,16.0000000000000000,3.51,25.55,84.9566666666666667,0.69370983367207166420,0.7833333333333333,0.12,1.15,NORMAL_ACTIVITY,20940,-18.34,2
2023,f,11517,350,84.71,4019433,60.63,0.02,2451,354,44,2307,22,0,0,9,56.99,15.20,5772,61.97,0,16518.666666666667,4738.229873416161,2748.6666666666666667,35.0000000000000000,-5001.666666666667,-297.6666666666666667,-13.0000000000000000,-30.28,-10.83,84.9566666666666667,0.69370983367207166420,-0.2466666666666667,-1.06,-0.49,REDUCED_ACTIVITY,,,3
