userid,dbid,toplevel,queryid,query,plans,total_plan_time,min_plan_time,max_plan_time,mean_plan_time,stddev_plan_time,calls,total_exec_time,min_exec_time,max_exec_time,mean_exec_time,stddev_exec_time,rows,shared_blks_hit,shared_blks_read,shared_blks_dirtied,shared_blks_written,local_blks_hit,local_blks_read,local_blks_dirtied,local_blks_written,temp_blks_read,temp_blks_written,shared_blk_read_time,shared_blk_write_time,local_blk_read_time,local_blk_write_time,temp_blk_read_time,temp_blk_write_time,wal_records,wal_fpi,wal_bytes,wal_buffers_full,jit_functions,jit_generation_time,jit_inlining_count,jit_inlining_time,jit_optimization_count,jit_optimization_time,jit_emission_count,jit_emission_time,jit_deform_count,jit_deform_time,parallel_workers_to_launch,parallel_workers_launched,stats_since,minmax_stats_since
10,18192,f,-3478672811793423677,duration,2,0.001245,0.000598,0.000647,0.0006225,2.45e-05,0,0,0,0,0,0,0,0,0,0,0,0,0,0,0,0,0,0,0,0,0,0,0,0,0,0,0,0,0,0,0,0,0,0,0,0,0,0,0,2026-08-15 13:41:34.406987+02,2026-08-15 13:41:34.406987+02
10,18192,f,5123697194375494160,"SELECT COUNT(*)                       FROM pg_tables 
    WHERE schemaname = $1",1,0.091655,0.091655,0.091655,0.091655,0,1,0.118394,0.118394,0.118394,0.118394,0,1,45,0,0,0,0,0,0,0,0,0,0,0,0,0,0,0,0,0,0,0,0,0,0,0,0,0,0,0,0,0,0,0,2026-08-30 00:11:54.266516+02,2026-08-30 00:11:54.266516+02
10,18192,t,-6269037946951327868,"COPY  ( WITH temporal_buckets AS ( SELECT *, DATE_TRUNC ( 'month' , period_end ) AS time_bucket, ROW_NUMBER ( ) OVER ( PARTITION BY DATE_TRUNC ( 'month' , period_end ) ORDER BY random ( ) ) AS rn FROM public.view_party_effectiveness_trends ) SELECT * FROM temporal_buckets WHERE rn = 1 ORDER BY time_bucket DESC LIMIT 108 ) TO STDOUT WITH CSV HEADER",0,0,0,0,0,0,1,74.346564,74.346564,74.346564,74.346564,0,12,8450,17,0,0,0,0,0,0,0,0,0.046524,0,0,0,0,0,0,0,0,0,0,0,0,0,0,0,0,0,0,0,0,0,2026-08-30 00:16:07.320366+02,2026-08-30 00:16:07.320366+02
10,18192,f,-6869510523563686490,"COPY  ( SELECT winner AS value, COUNT ( * ) AS count FROM committee_proposal_data WHERE winner IS NOT NULL GROUP BY winner ORDER BY count DESC, winner LIMIT $1 ) TO STDOUT WITH CSV HEADER",2,0.15373,0.071854,0.081876,0.076865,0.0050110000000000016,2,28.669176999999998,13.963208,14.705969,14.334588499999999,0.37138050000000034,114,5838,0,0,0,0,0,0,0,0,0,0,0,0,0,0,0,0,0,0,0,0,0,0,0,0,0,0,0,0,0,6,6,2026-08-15 13:41:16.757176+02,2026-08-15 13:41:16.757176+02
10,18192,t,6802907486483333484,COPY  ( SELECT * FROM public.person_container_data ORDER BY random ( ) LIMIT 0 ) TO STDOUT CSV HEADER,0,0,0,0,0,0,1,0.032103,0.032103,0.032103,0.032103,0,0,2,1,0,0,0,0,0,0,0,0,0.002884,0,0,0,0,0,0,0,0,0,0,0,0,0,0,0,0,0,0,0,0,0,2026-08-30 00:12:14.335353+02,2026-08-30 00:12:14.335353+02
10,18192,f,-4383389286557588046,"COPY  ( SELECT role_code AS value, COUNT ( * ) AS count FROM assignment_data WHERE role_code IS NOT NULL GROUP BY role_code ORDER BY count DESC, role_code LIMIT $1 ) TO STDOUT WITH CSV HEADER",2,0.086139,0.038213,0.047926,0.0430695,0.0048565000000000014,2,25.010156000000002,12.269998000000001,12.740158,12.505078000000001,0.23507999999999862,152,284,720,0,0,0,0,0,0,0,0,2.99912,0,0,0,0,0,0,0,0,0,0,0,0,0,0,0,0,0,0,0,2,2,2026-08-15 13:41:16.110502+02,2026-08-15 13:41:16.110502+02
10,18192,t,4561043771660150381,COPY  ( SELECT * FROM public.against_proposal_container ORDER BY random ( ) LIMIT 5741 ) TO STDOUT CSV HEADER,0,0,0,0,0,0,1,2.735557,2.735557,2.735557,2.735557,0,5741,133,34,0,0,0,0,0,0,0,0,1.301491,0,0,0,0,0,1,0,72,0,0,0,0,0,0,0,0,0,0,0,0,0,2026-08-30 00:11:54.272815+02,2026-08-30 00:11:54.272815+02
16384,18192,t,-7515765752644152542,update document_activity_data set document_activities_document_0=$1 where hjid=$2,16,0.084157,0.003039,0.012038,0.005259812499999999,0.002515213664352146,16,0.32714800000000005,0.0095,0.054695,0.02044675,0.012925071312665938,16,224,0,0,0,0,0,0,0,0,0,0,0,0,0,0,0,17,0,1396,0,0,0,0,0,0,0,0,0,0,0,0,0,2026-08-29 14:13:31.827725+02,2026-08-29 14:13:31.827725+02
10,18192,f,8261092798718296768,"COPY  ( SELECT detail_type AS value, COUNT ( * ) AS count FROM detail_data WHERE detail_type IS NOT NULL GROUP BY detail_type ORDER BY count DESC, detail_type LIMIT $1 ) TO STDOUT WITH CSV HEADER",2,0.15041100000000002,0.07011,0.080301,0.07520550000000001,0.005095499999999992,2,21.679197,9.996376,11.682820999999999,10.8395985,0.8432224999999995,12,1094,0,0,0,0,0,0,0,0,0,0,0,0,0,0,0,0,0,0,0,0,0,0,0,0,0,0,0,0,0,2,2,2026-08-15 13:41:17.044682+02,2026-08-15 13:41:17.044682+02
10,18192,t,8146283250547583053,COPY  ( SELECT * FROM public.view_riksdagen_party_momentum_analysis ORDER BY random ( ) LIMIT 459 ) TO STDOUT WITH CSV HEADER,0,0,0,0,0,0,1,2251.61352,2251.61352,2251.61352,2251.61352,0,459,95002,0,0,0,0,0,0,0,5427,5428,0,0,0,0,4.724294,9.559033,0,0,0,0,0,0,0,0,0,0,0,0,0,0,0,0,2026-08-30 00:16:32.52056+02,2026-08-30 00:16:32.52056+02
10,18192,t,-2890564913806118180,"COPY  ( SELECT document_committee_proposal__0 AS value, COUNT ( * ) AS count FROM committee_proposal_component_0 WHERE document_committee_proposal__0 IS NOT NULL GROUP BY document_committee_proposal__0 ORDER BY count DESC, document_committee_proposal__0 LIMIT 1000 ) TO STDOUT WITH CSV HEADER",0,0,0,0,0,0,2,11.722097999999999,5.794884,5.927214,5.8610489999999995,0.06616500000000047,2000,108,162,0,0,0,0,0,0,0,0,3.297018,0,0,0,0,0,0,0,0,0,0,0,0,0,0,0,0,0,0,0,0,0,2026-08-15 13:41:17.084538+02,2026-08-15 13:41:17.084538+02
16384,18192,t,5285406707244717092,"SELECT JOB_NAME, JOB_GROUP FROM QRTZ_JOB_DETAILS WHERE SCHED_NAME = $2 AND JOB_GROUP = $1",12,0.6608729999999999,0.013946,0.363329,0.055072750000000004,0.09410060529749087,12,0.05935,0.00301,0.009256,0.004945833333333333,0.0016310598718488405,48,83,1,0,0,0,0,0,0,0,0,0.265,0,0,0,0,0,0,0,0,0,0,0,0,0,0,0,0,0,0,0,0,0,2026-08-17 22:41:35.713882+02,2026-08-17 22:41:35.713882+02
10,18192,f,4579406388237428536,COPY  ( SELECT * FROM public.sweden_election_type_contain_0 ORDER BY random ( ) LIMIT $1 ) TO STDOUT CSV HEADER,1,0.146361,0.146361,0.146361,0.146361,0,1,0.000307,0.000307,0.000307,0.000307,0,0,19,1,0,0,0,0,0,0,0,0,0.115241,0,0,0,0,0,0,0,0,0,0,0,0,0,0,0,0,0,0,0,0,0,2026-08-30 00:12:14.361921+02,2026-08-30 00:12:14.361921+02
16384,18192,t,6839472335404445508,"select viewriksda0_.name_id as name_id1_116_, viewriksda0_.active as active2_116_, viewriksda0_.activity_level as activity3_116_, viewriksda0_.avg_documents_per_member as avg_docu4_116_, viewriksda0_.current_member_size as current_5_116_, viewriksda0_.documents_last_year as document6_116_, viewriksda0_.first_assignment_date as first_as7_116_, viewriksda0_.last_assignment_date as last_ass8_116_, viewriksda0_.total_assignments as total_as9_116_, viewriksda0_.total_days_served as total_d10_116_, viewriksda0_.total_documents as total_d11_116_, viewriksda0_.total_government_bills as total_g12_116_, viewriksda0_.total_propositions as total_p13_116_ from view_riksdagen_goverment viewriksda0_",11,4.114184,0.316195,0.706991,0.3740167272727273,0.10772739165141117,11,2533.269628,219.09743,243.04281799999998,230.29723890909094,6.57836559380964,220,32597,375,0,0,0,0,0,0,0,0,131.72780699999998,0,0,0,0,0,0,0,0,0,297,18.475185,11,169.61448099999998,11,1299.328081,11,856.5008810000002,11,7.822217,0,0,2026-08-17 22:31:53.790918+02,2026-08-17 22:31:53.790918+02
16384,16385,t,8468383851662294647,SELECT LOCKED FROM public.databasechangeloglock WHERE ID=$1,1,0.050116,0.050116,0.050116,0.050116,0,1,0.009055,0.009055,0.009055,0.009055,0,1,4,0,0,0,0,0,0,0,0,0,0,0,0,0,0,0,0,0,0,0,0,0,0,0,0,0,0,0,0,0,0,0,2026-08-29 13:36:59.280851+02,2026-08-29 13:36:59.280851+02
10,18192,f,-6175058329417984921,"COPY  ( WITH temporal_buckets AS ( SELECT *, DATE_TRUNC ( $1 , period_end ) AS time_bucket, ROW_NUMBER ( ) OVER ( PARTITION BY DATE_TRUNC ( 'month' , period_end ) ORDER BY random ( ) ) AS rn FROM public.view_party_effectiveness_trends ) SELECT * FROM temporal_buckets WHERE rn = $2 ORDER BY time_bucket DESC LIMIT $3 ) TO STDOUT WITH CSV HEADER",1,0.604807,0.604807,0.604807,0.604807,0,1,73.552711,73.552711,73.552711,73.552711,0,12,8450,17,0,0,0,0,0,0,0,0,0.046524,0,0,0,0,0,0,0,0,0,0,0,0,0,0,0,0,0,0,0,6,6,2026-08-30 00:16:07.246044+02,2026-08-30 00:16:07.246044+02
10,18192,t,-1416746478699383377,COPY  ( SELECT * FROM public.indicators_element ORDER BY random ( ) LIMIT 0 ) TO STDOUT CSV HEADER,0,0,0,0,0,0,1,0.470648,0.470648,0.470648,0.470648,0,0,46,1,0,0,0,0,0,0,0,0,0.252557,0,0,0,0,0,0,0,0,0,0,0,0,0,0,0,0,0,0,0,0,0,2026-08-30 00:11:56.75137+02,2026-08-30 00:11:56.75137+02
16384,18192,t,-5254164577614693194,select count(swedenpoli0_.hjid) as col_0_0_ from sweden_political_party swedenpoli0_,3,0.543964,0.089486,0.34012,0.1813213333333333,0.1127457804009632,3,0.14808900000000003,0.012289,0.122991,0.049363000000000004,0.05206329089355251,3,86,4,0,0,0,0,0,0,0,0,0.363923,0,0,0,0,0,1,0,56,0,0,0,0,0,0,0,0,0,0,0,0,0,2026-08-17 22:31:32.888501+02,2026-08-17 22:31:32.888501+02
10,18192,f,-3524887661084301573,COPY  ( SELECT * FROM public.jv_commit ORDER BY random ( ) LIMIT $1 ) TO STDOUT CSV HEADER,1,0.615757,0.615757,0.615757,0.615757,0,1,921.042064,921.042064,921.042064,921.042064,0,5000,64,69644,55,0,0,0,0,0,0,0,257.271847,0,0,0,0,0,56,54,91614,0,3,0.226798,1,1.95257,1,8.855041,1,5.588749,1,0.09835,0,0,2026-08-30 00:11:56.751864+02,2026-08-30 00:11:56.751864+02
10,18192,t,1118601638405551409,SET statement_timeout = $1,0,0,0,0,0,0,2,0.146146,0.008521,0.137625,0.073073,0.064552,0,0,0,0,0,0,0,0,0,0,0,0,0,0,0,0,0,0,0,0,0,0,0,0,0,0,0,0,0,0,0,0,0,2026-08-15 13:40:34.220103+02,2026-08-15 13:40:34.220103+02
10,18192,t,-6791767779852006242,DROP TABLE IF EXISTS cia_view_row_counts,0,0,0,0,0,0,1,0.300494,0.300494,0.300494,0.300494,0,0,38,9,0,9,0,0,0,0,0,0,0.027668,0.033184,0,0,0,0,0,0,0,0,0,0,0,0,0,0,0,0,0,0,0,0,2026-08-30 00:12:15.725983+02,2026-08-30 00:12:15.725983+02
10,18192,f,2180718679579330111,REFRESH MATERIALIZED VIEW public.view_riksdagen_vote_data_ballot_summary,0,0,0,0,0,0,2,949.8422989999999,459.950542,489.891757,474.92114949999996,14.970607499999986,21738,188333,128107,542,642,0,0,0,0,308,296,383.95066099999997,0.236383,0,0,0.28193500000000005,0.65632,22214,278,5515493,0,0,0,0,0,0,0,0,0,0,0,0,0,2026-08-15 13:41:15.778074+02,2026-08-15 13:41:15.778074+02
10,18192,t,6079436329436464213,COPY  ( SELECT * FROM public.encrypted_value ORDER BY random ( ) LIMIT 2 ) TO STDOUT CSV HEADER,0,0,0,0,0,0,1,0.545178,0.545178,0.545178,0.545178,0,2,29,1,0,0,0,0,0,0,0,0,0.394461,0,0,0,0,0,0,0,0,0,0,0,0,0,0,0,0,0,0,0,0,0,2026-08-30 00:11:56.733778+02,2026-08-30 00:11:56.733778+02
10,18192,f,3366473495698640268,SELECT COUNT(*) FROM public.view_riksdagen_party_decision_flow,1,0.641925,0.641925,0.641925,0.641925,0,1,257.287798,257.287798,257.287798,257.287798,0,1,558786,19,0,0,0,0,0,0,0,0,0.104682,0,0,0,0,0,0,0,0,0,0,0,0,0,0,0,0,0,0,0,3,3,2026-08-30 00:14:19.91798+02,2026-08-30 00:14:19.91798+02
16384,18192,t,-6385637713210167841,insert into document_activity_container (hjid) values ($1),10,0.04387799999999999,0.002491,0.009046,0.0043878,0.0018155516957663312,10,0.8039590000000001,0.006234,0.351186,0.0803959,0.12572432888224142,10,42,3,6,0,0,0,0,0,0,0,0.509317,0,0,0,0,0,20,6,17839,0,0,0,0,0,0,0,0,0,0,0,0,0,2026-08-29 14:13:31.813992+02,2026-08-29 14:13:31.813992+02
10,18192,f,-3629632344942369552,COPY  ( SELECT * FROM public.sweden_county_data ORDER BY random ( ) LIMIT $1 ) TO STDOUT CSV HEADER,1,0.174628,0.174628,0.174628,0.174628,0,1,0.000424,0.000424,0.000424,0.000424,0,0,25,1,0,0,0,0,0,0,0,0,0.121544,0,0,0,0,0,0,0,0,0,0,0,0,0,0,0,0,0,0,0,0,0,2026-08-30 00:12:14.359993+02,2026-08-30 00:12:14.359993+02
10,18192,t,-1584856692231852914,"SELECT format(
    $1 || $2 ||
    $3 || $4,
    col, col, col, col, col, col
)
FROM unnest(ARRAY[$5 /*, ... */]) AS col
WHERE EXISTS (SELECT $6 FROM information_schema.columns WHERE table_schema = $7 AND table_name = $8 AND column_name = col)",16,26.525872999999994,1.287302,4.532075,1.6578670624999998,0.8861518717173618,16,4.643238,0.051946,1.224571,0.29020237499999996,0.2860305942412182,72,7471,196,16,0,0,0,0,0,0,0,5.868803000000001,0,0,0,0,0,43,16,24251,0,0,0,0,0,0,0,0,0,0,0,0,0,2026-08-15 13:41:16.02964+02,2026-08-15 13:41:16.02964+02
16384,18192,f,9026280307180427205,SELECT * FROM pg_catalog.unnest($1) WITH ORDINALITY,9,0.04134499999999999,0.001887,0.008017,0.004593888888888889,0.0022945721191273425,9,0.018319000000000002,0.0005390000000000001,0.004685,0.0020354444444444443,0.0015415132616369116,9,0,0,0,0,0,0,0,0,0,0,0,0,0,0,0,0,0,0,0,0,0,0,0,0,0,0,0,0,0,0,0,0,2026-08-17 22:31:35.027073+02,2026-08-17 22:31:35.027073+02
10,18192,f,39423319368426161,"SELECT pg_catalog.upper(object_type),
       object_identity
  FROM pg_catalog.pg_event_trigger_dropped_objects()
 WHERE pg_catalog.lower(object_type) operator(pg_catalog.<>) $1
   AND schema_name operator(pg_catalog.<>) $2",4,0.042485999999999996,0.008239,0.014144,0.010621499999999999,0.0022853378853027397,4,0.028641,0.005163,0.011080000000000001,0.00716025,0.0023342825851854353,4,0,0,0,0,0,0,0,0,0,0,0,0,0,0,0,0,0,0,0,0,0,0,0,0,0,0,0,0,0,0,0,0,2026-08-30 00:10:46.830496+02,2026-08-30 00:10:46.830496+02
10,18192,t,-3168790196937129913,COPY  ( SELECT * FROM public.vote_data ORDER BY random ( ) LIMIT 3000 ) TO STDOUT CSV HEADER,0,0,0,0,0,0,1,1227.872565,1227.872565,1227.872565,1227.872565,0,3000,15387,79492,0,0,0,0,0,0,0,0,1.833939,0,0,0,0,0,4,0,234,0,0,0,0,0,0,0,0,0,0,0,0,0,2026-08-30 00:12:15.60326+02,2026-08-30 00:12:15.60326+02
10,18192,t,4344441478989898780,"COPY  ( WITH temporal_strata AS ( SELECT *, ROW_NUMBER ( ) OVER ( PARTITION BY DATE ( embedded_id_created_date ) ORDER BY random ( ) ) AS rn FROM public.view_application_action_event_page_modes_daily_summary WHERE embedded_id_created_date >= CURRENT_DATE - INTERVAL '30 days' ) SELECT * FROM temporal_strata WHERE rn <= 2 LIMIT 368 ) TO STDOUT WITH CSV HEADER",0,0,0,0,0,0,1,0.2854,0.2854,0.2854,0.2854,0,8,39,0,0,0,0,0,0,0,0,0,0,0,0,0,0,0,0,0,0,0,0,0,0,0,0,0,0,0,0,0,0,0,2026-08-30 00:15:40.760194+02,2026-08-30 00:15:40.760194+02
10,18192,f,-7966438171775848780,ANALYZE public.view_riksdagen_committee_ballot_decision_party_summary,0,0,0,0,0,0,2,778.281657,385.217787,393.06387,389.1408285,3.9230415000000107,0,1894,4317,135,0,0,0,0,0,0,0,10.30608,0,0,0,0,0,576,114,707119,0,0,0,0,0,0,0,0,0,0,0,0,0,2026-08-15 13:41:18.510558+02,2026-08-15 13:41:18.510558+02
16384,16385,t,-3688696628780506391,select $1,11,1.548298,0.008164,1.371729,0.14075436363636365,0.38928804622757934,11,0.213298,0.002771,0.165727,0.01939072727272727,0.046287628855963645,11,0,0,0,0,0,0,0,0,0,0,0,0,0,0,0,0,0,0,0,0,0,0,0,0,0,0,0,0,0,0,0,0,2026-08-29 13:36:57.927462+02,2026-08-29 13:36:57.927462+02
10,18192,t,-9057007111427554144,"COPY  ( WITH temporal_buckets AS ( SELECT *, DATE_TRUNC ( 'month' , decision_day ) AS time_bucket, ROW_NUMBER ( ) OVER ( PARTITION BY DATE_TRUNC ( 'month' , decision_day ) ORDER BY random ( ) ) AS rn FROM public.view_decision_temporal_trends ) SELECT * FROM temporal_buckets WHERE rn = 1 ORDER BY time_bucket DESC LIMIT 2830 ) TO STDOUT WITH CSV HEADER",0,0,0,0,0,0,1,111.79899,111.79899,111.79899,111.79899,0,280,374678,0,0,0,0,0,0,0,0,0,0,0,0,0,0,0,0,0,0,0,0,0,0,0,0,0,0,0,0,0,0,0,2026-08-30 00:15:41.972129+02,2026-08-30 00:15:41.972129+02
10,18192,f,-4953990917950447166,"COPY  ( SELECT status AS value, COUNT ( * ) AS count FROM document_activity_data WHERE status IS NOT NULL GROUP BY status ORDER BY count DESC, status LIMIT $1 ) TO STDOUT WITH CSV HEADER",2,0.158955,0.072813,0.086142,0.0794775,0.006664499999999993,2,36.495289,17.713557,18.781731999999998,18.2476445,0.5340874999999983,4,9244,0,0,0,0,0,0,0,0,0,0,0,0,0,0,0,0,0,0,0,0,0,0,0,0,0,0,0,0,0,6,6,2026-08-15 13:41:17.20056+02,2026-08-15 13:41:17.20056+02
16384,18192,t,8927094299761399389,select current_catalog,3,0.034023,0.00952,0.013966,0.011341,0.001902023659158844,3,0.015392000000000001,0.003144,0.008906,0.005130666666666667,0.002670787316296244,3,0,0,0,0,0,0,0,0,0,0,0,0,0,0,0,0,0,0,0,0,0,0,0,0,0,0,0,0,0,0,0,0,2026-08-17 22:31:29.016198+02,2026-08-17 22:31:29.016198+02
10,18192,f,-6694108866900703566,"COPY  ( SELECT assignment_type AS value, COUNT ( * ) AS count FROM assignment_element WHERE assignment_type IS NOT NULL GROUP BY assignment_type ORDER BY count DESC, assignment_type LIMIT $1 ) TO STDOUT WITH CSV HEADER",2,0.491587,0.227496,0.264091,0.2457935,0.018297500000000015,2,0.012288,0.005663,0.006625,0.006144,0.0004809999999999999,0,48,2,0,0,0,0,0,0,0,0,0.30869599999999997,0,0,0,0,0,0,0,0,0,0,0,0,0,0,0,0,0,0,0,0,0,2026-08-15 13:41:17.078136+02,2026-08-15 13:41:17.078136+02
10,18192,t,-7317965720720311119,COPY  ( SELECT * FROM public.sweden_parliament_electoral__0 ORDER BY random ( ) LIMIT 0 ) TO STDOUT CSV HEADER,0,0,0,0,0,0,1,0.162869,0.162869,0.162869,0.162869,0,0,38,1,0,0,0,0,0,0,0,0,0.113642,0,0,0,0,0,0,0,0,0,0,0,0,0,0,0,0,0,0,0,0,0,2026-08-30 00:12:14.362805+02,2026-08-30 00:12:14.362805+02
10,18192,f,-8407437728660044132,COPY  ( SELECT * FROM public.user_account ORDER BY random ( ) LIMIT $1 ) TO STDOUT CSV HEADER,1,1.401045,1.401045,1.401045,1.401045,0,1,0.285943,0.285943,0.285943,0.285943,0,21,59,2,0,0,0,0,0,0,0,0,1.561083,0,0,0,0,0,0,0,0,0,0,0,0,0,0,0,0,0,0,0,0,0,2026-08-30 00:12:14.37308+02,2026-08-30 00:12:14.37308+02
10,18192,f,1833495303134496000,ANALYZE public.mv_decision_temporal_trends,0,0,0,0,0,0,2,20.570746,10.126872,10.443874,10.285373,0.15850099999999934,0,738,170,61,0,0,0,0,0,0,0,0.771701,0,0,0,0,0,127,58,201097,0,0,0,0,0,0,0,0,0,0,0,0,0,2026-08-15 13:41:18.077463+02,2026-08-15 13:41:18.077463+02
10,18192,t,4596559772720731294,COPY  ( SELECT * FROM public.performance_indicator_content ORDER BY random ( ) LIMIT 0 ) TO STDOUT CSV HEADER,0,0,0,0,0,0,1,1.869963,1.869963,1.869963,1.869963,0,0,42,1,0,0,0,0,0,0,0,0,1.750544,0,0,0,0,0,0,0,0,0,0,0,0,0,0,0,0,0,0,0,0,0,2026-08-30 00:12:14.32596+02,2026-08-30 00:12:14.32596+02
10,18192,f,-894814110490069612,SELECT COUNT(*) FROM public.view_riksdagen_party_signatures_document_summary,1,0.046281,0.046281,0.046281,0.046281,0,1,25.157114,25.157114,25.157114,25.157114,0,1,221,239,0,0,0,0,0,0,0,0,0.608886,0,0,0,0,0,0,0,0,0,0,0,0,0,0,0,0,0,0,0,2,2,2026-08-30 00:14:24.658735+02,2026-08-30 00:14:24.658735+02
16384,18192,t,-86323926068950410,select version(),6,0.07235399999999999,0.006732,0.016819,0.012059,0.00326514415199901,6,0.017113999999999997,0.0013939999999999998,0.00388,0.002852333333333333,0.0008277382168026047,6,0,0,0,0,0,0,0,0,0,0,0,0,0,0,0,0,0,0,0,0,0,0,0,0,0,0,0,0,0,0,0,0,2026-08-17 22:31:29.002828+02,2026-08-17 22:31:29.002828+02
10,18192,t,-634878265280178772,COPY  ( SELECT * FROM public.view_riksdagen_vote_data_ballot_summary_monthly ORDER BY random ( ) LIMIT 225 ) TO STDOUT WITH CSV HEADER,0,0,0,0,0,0,1,0.632944,0.632944,0.632944,0.632944,0,225,62,9,0,0,0,0,0,0,0,0,0.050071,0,0,0,0,0,0,0,0,0,0,0,0,0,0,0,0,0,0,0,0,0,2026-08-30 00:15:41.699921+02,2026-08-30 00:15:41.699921+02
16384,18192,t,-2322203934093005138,"select address0_.hjid as hjid1_67_0_, address0_.hjvalue as hjvalue2_67_0_, address0_.hjindex as hjindex3_0_ from user_account_address address0_ where address0_.hjid=$1",1,0.292634,0.292634,0.292634,0.292634,0,1,0.005121,0.005121,0.005121,0.005121,0,0,26,1,0,0,0,0,0,0,0,0,0.196559,0,0,0,0,0,0,0,0,0,0,0,0,0,0,0,0,0,0,0,0,0,2026-08-29 13:42:12.378678+02,2026-08-29 13:42:12.378678+02
10,18192,t,1075540345709289057,"COPY  ( SELECT parties AS value, COUNT ( * ) AS count FROM against_proposal_data WHERE parties IS NOT NULL GROUP BY parties ORDER BY count DESC, parties LIMIT 1000 ) TO STDOUT WITH CSV HEADER",0,0,0,0,0,0,2,25.051257,11.706833,13.344424,12.5256285,0.8187955000000002,442,114,1378,0,0,0,0,0,0,0,0,11.094927,0,0,0,0,0,1,0,108,0,0,0,0,0,0,0,0,0,0,0,0,0,2026-08-15 13:41:17.066649+02,2026-08-15 13:41:17.066649+02
16384,18192,t,-3416521050381052769,SELECT MAX(commit_id) FROM jv_commit WHERE $1 = $2,72,6.214390999999998,0.020063,0.593349,0.08631098611111108,0.10752431669207219,160660,2124.754394999958,0.0021,1.160553,0.013225161178887038,0.007834014883088746,160660,804097,47,8,0,0,0,0,0,0,0,7.203728,0,0,0,0,0,8,8,5235,0,0,0,0,0,0,0,0,0,0,0,0,0,2026-08-17 22:31:36.969971+02,2026-08-17 22:31:36.969971+02
16384,18192,t,-2518472610440748251,"select documentda0_.id as id1_23_0_, documentda0_.committee_report_url_xml as committe2_23_0_, documentda0_.document_status_url_www as document3_23_0_, documentda0_.document_status_url_xml as document4_23_0_, documentda0_.document_type as document5_23_0_, documentda0_.document_url_html as document6_23_0_, documentda0_.document_url_text as document7_23_0_, documentda0_.final_number as final_nu8_23_0_, documentda0_.hangar_id as hangar_i9_23_0_, documentda0_.label as label10_23_0_, documentda0_.made_public_date as made_pu11_23_0_, documentda0_.number_value as number_12_23_0_, documentda0_.org as org13_23_0_, documentda0_.rm as rm14_23_0_, documentda0_.status as status15_23_0_, documentda0_.sub_title as sub_tit16_23_0_, documentda0_.sub_type as sub_typ17_23_0_, documentda0_.temp_label as temp_la18_23_0_, documentda0_.title as title19_23_0_ from document_data documentda0_ where documentda0_.id in ($1 /*, ... */)",22,2.292668999999999,0.040961,0.714107,0.10421222727272728,0.13653498451377077,178,48.07551700000001,0.19542400000000001,0.464026,0.27008717415730316,0.058131678259801936,17786,24972,2,0,0,0,0,0,0,0,0,0.348898,0,0,0,0,0,0,0,0,0,0,0,0,0,0,0,0,0,0,0,0,0,2026-08-29 13:39:20.497349+02,2026-08-29 13:39:20.497349+02
10,18192,f,-245573893411310073,"COPY  ( SELECT committee_report AS value, COUNT ( * ) AS count FROM committee_proposal_data WHERE committee_report IS NOT NULL GROUP BY committee_report ORDER BY count DESC, committee_report LIMIT $1 ) TO STDOUT WITH CSV HEADER",2,0.162353,0.079405,0.082948,0.0811765,0.0017714999999999953,2,28.038376,13.613307,14.425069,14.019188,0.4058810000000004,1674,5802,0,0,0,0,0,0,0,0,0,0,0,0,0,0,0,0,0,0,0,0,0,0,0,0,0,0,0,0,0,6,6,2026-08-15 13:41:16.771462+02,2026-08-15 13:41:16.771462+02
10,18192,f,3285414898971625364,COPY  ( SELECT * FROM public.detail_element ORDER BY random ( ) LIMIT $1 ) TO STDOUT CSV HEADER,1,0.042407,0.042407,0.042407,0.042407,0,1,0.000859,0.000859,0.000859,0.000859,0,0,7,0,0,0,0,0,0,0,0,0,0,0,0,0,0,0,0,0,0,0,0,0,0,0,0,0,0,0,0,0,0,0,2026-08-30 00:11:54.429146+02,2026-08-30 00:11:54.429146+02
10,18192,t,-2518569926953510447,COPY  ( SELECT * FROM public.view_riksdagen_vote_data_ballot_summary_annual ORDER BY random ( ) LIMIT 25 ) TO STDOUT WITH CSV HEADER,0,0,0,0,0,0,1,0.621233,0.621233,0.621233,0.621233,0,25,62,2,0,0,0,0,0,0,0,0,0.359858,0,0,0,0,0,0,0,0,0,0,0,0,0,0,0,0,0,0,0,0,0,2026-08-30 00:15:41.859991+02,2026-08-30 00:15:41.859991+02
10,18192,f,-3999376540792719450,"COPY  ( WITH temporal_strata AS ( SELECT *, ROW_NUMBER ( ) OVER ( PARTITION BY DATE_TRUNC ( $1 , embedded_id_created_date ) ORDER BY random ( ) ) AS rn FROM public.view_application_action_event_page_modes_annual_summary ) SELECT * FROM temporal_strata WHERE rn <= $2 LIMIT $3 ) TO STDOUT WITH CSV HEADER",1,0.108601,0.108601,0.108601,0.108601,0,1,0.522207,0.522207,0.522207,0.522207,0,2,39,0,0,0,0,0,0,0,0,0,0,0,0,0,0,0,0,0,0,0,0,0,0,0,0,0,0,0,0,0,0,0,2026-08-30 00:15:41.701714+02,2026-08-30 00:15:41.701714+02
10,18192,f,-5447523629857712414,REFRESH MATERIALIZED VIEW public.view_worldbank_indicator_data_country_summary,0,0,0,0,0,0,2,293.873606,143.926762,149.946844,146.936803,3.010041000000001,8204,3827,23873,923,1026,0,0,0,0,0,0,174.528291,0.25430200000000003,0,0,0,0,8573,7,7247520,0,0,0,0,0,0,0,0,0,0,0,0,0,2026-08-15 13:41:15.947319+02,2026-08-15 13:41:15.947319+02
16384,18192,t,-8997665129023946053,REFRESH MATERIALIZED VIEW public.view_riksdagen_org_document_daily_summary,0,0,0,0,0,0,11,1433.301727,123.23459,144.651881,130.30015699999998,5.4196754432297904,982872,521460,2,7315,7756,0,0,0,0,0,0,0.180977,1.7262089999999999,0,0,0,0,984698,21,86090124,0,0,0,0,0,0,0,0,0,0,0,0,0,2026-08-17 22:31:41.892508+02,2026-08-17 22:31:41.892508+02
10,18192,t,-9160453075135790555,COPY  ( SELECT * FROM public.qrtz_job_details ORDER BY random ( ) LIMIT 4 ) TO STDOUT CSV HEADER,0,0,0,0,0,0,1,0.0994,0.0994,0.0994,0.0994,0,4,72,3,0,0,0,0,0,0,0,0,0.012081,0,0,0,0,0,0,0,0,0,0,0,0,0,0,0,0,0,0,0,0,0,2026-08-30 00:12:14.345972+02,2026-08-30 00:12:14.345972+02
10,18192,t,3725764008596230520,COPY  ( SELECT * FROM public.document_activity_container ORDER BY random ( ) LIMIT 3000 ) TO STDOUT CSV HEADER,0,0,0,0,0,0,1,13.573946,13.573946,13.573946,13.573946,0,3000,42,496,1,0,0,0,0,0,0,0,4.904203,0,0,0,0,0,1,1,2677,0,0,0,0,0,0,0,0,0,0,0,0,0,2026-08-30 00:11:54.442904+02,2026-08-30 00:11:54.442904+02
10,18192,t,2841153655362356097,COPY  ( SELECT * FROM public.operational_information_cont_0 ORDER BY random ( ) LIMIT 0 ) TO STDOUT CSV HEADER,0,0,0,0,0,0,1,1.627073,1.627073,1.627073,1.627073,0,0,42,1,0,0,0,0,0,0,0,0,1.471077,0,0,0,0,0,0,0,0,0,0,0,0,0,0,0,0,0,0,0,0,0,2026-08-30 00:12:14.323906+02,2026-08-30 00:12:14.323906+02
16384,18192,t,-6195977298231392913,update document_person_reference_da_0 set party_short_code=$1 where party_short_code=$2 or party_short_code=$3,11,2.369935,0.030798,0.67541,0.21544863636363637,0.24516131265659377,11,6.124626999999999,0.024572,0.810883,0.5567842727272728,0.19861280571965823,0,239,67,0,0,0,0,0,0,0,0,7.3863900000000005,0,0,0,0,0,0,0,0,0,0,0,0,0,0,0,0,0,0,0,0,0,2026-08-17 22:31:37.645539+02,2026-08-17 22:31:37.645539+02
10,18192,t,-3338223487075062181,COPY  ( SELECT * FROM public.qrtz_calendars ORDER BY random ( ) LIMIT 0 ) TO STDOUT CSV HEADER,0,0,0,0,0,0,1,0.206076,0.206076,0.206076,0.206076,0,0,42,1,0,0,0,0,0,0,0,0,0.143268,0,0,0,0,0,0,0,0,0,0,0,0,0,0,0,0,0,0,0,0,0,2026-08-30 00:12:14.344226+02,2026-08-30 00:12:14.344226+02
10,18192,f,3446253728778910686,SELECT COUNT(*) FROM public.pg_stat_statements,1,0.034116,0.034116,0.034116,0.034116,0,1,1.89656,1.89656,1.89656,1.89656,0,1,6,0,0,0,0,0,0,0,0,0,0,0,0,0,0,0,0,0,0,0,0,0,0,0,0,0,0,0,0,0,0,0,2026-08-30 00:12:15.733286+02,2026-08-30 00:12:15.733286+02
16384,18192,t,-8586406049113947552,"select topics0_.hjid as hjid1_65_0_ from topics topics0_ where topics0_.hjid in ($1 /*, ... */)",11,0.8577960000000001,0.020317,0.499461,0.07798145454545453,0.13354143637181656,307,11.000750000000002,0.016482,0.524311,0.03583306188925083,0.06001155911516255,30661,2005,91,0,0,0,0,0,0,0,0,4.033331000000001,0,0,0,0,0,0,0,0,0,0,0,0,0,0,0,0,0,0,0,0,0,2026-08-29 13:39:27.776629+02,2026-08-29 13:39:27.776629+02
10,18192,t,7100724624445107928,"COPY  ( SELECT election_region AS value, COUNT ( * ) AS count FROM person_data WHERE election_region IS NOT NULL GROUP BY election_region ORDER BY count DESC, election_region LIMIT 2000 ) TO STDOUT WITH CSV HEADER",0,0,0,0,0,0,2,0.6197189999999999,0.2985,0.321219,0.30985949999999995,0.01135949999999998,126,364,2,0,0,0,0,0,0,0,0,0.005508000000000001,0,0,0,0,0,0,0,0,0,0,0,0,0,0,0,0,0,0,0,0,0,2026-08-15 13:41:16.180272+02,2026-08-15 13:41:16.180272+02
10,18192,f,-4059885982731358442,COPY  ( SELECT * FROM public.countries_element ORDER BY random ( ) LIMIT $1 ) TO STDOUT CSV HEADER,1,0.496406,0.496406,0.496406,0.496406,0,1,0.0014160000000000002,0.0014160000000000002,0.0014160000000000002,0.0014160000000000002,0,0,27,1,0,0,0,0,0,0,0,0,0.383873,0,0,0,0,0,0,0,0,0,0,0,0,0,0,0,0,0,0,0,0,0,2026-08-30 00:11:54.399032+02,2026-08-30 00:11:54.399032+02
10,18192,f,-6352422197580228180,"COPY  ( SELECT code AS value, COUNT ( * ) AS count FROM document_activity_data WHERE code IS NOT NULL GROUP BY code ORDER BY count DESC, code LIMIT $1 ) TO STDOUT WITH CSV HEADER",2,0.393341,0.195816,0.197525,0.1966705,0.000854500000000008,2,136.17342000000002,66.823671,69.349749,68.08671000000001,1.2630389999999956,66,98,9192,0,0,0,0,0,0,0,0,387.578116,0,0,0,0,0,0,0,0,0,0,0,0,0,0,0,0,0,0,0,6,6,2026-08-15 13:41:17.115279+02,2026-08-15 13:41:17.115279+02
10,18192,t,-8984179780955832051,COPY  ( SELECT * FROM public.document_reference_container ORDER BY random ( ) LIMIT 3000 ) TO STDOUT CSV HEADER,0,0,0,0,0,0,1,7.653006,7.653006,7.653006,7.653006,0,3000,43,258,2,0,0,0,0,0,0,0,2.014158,0,0,0,0,0,3,2,3279,0,0,0,0,0,0,0,0,0,0,0,0,0,2026-08-30 00:11:56.677177+02,2026-08-30 00:11:56.677177+02
10,18192,f,-7787720180778826777,SELECT COUNT(*) FROM public.view_riksdagen_election_year_behavioral_patterns,1,0.170854,0.170854,0.170854,0.170854,0,1,0.030843999999999996,0.030843999999999996,0.030843999999999996,0.030843999999999996,0,1,17,0,0,0,0,0,0,0,0,0,0,0,0,0,0,0,0,0,0,0,0,0,0,0,0,0,0,0,0,0,0,0,2026-08-30 00:14:19.509367+02,2026-08-30 00:14:19.509367+02
16384,18192,t,-997393841297264865,REFRESH MATERIALIZED VIEW public.view_riksdagen_vote_data_ballot_party_summary_weekly,0,0,0,0,0,0,10,374.63083400000005,35.80486,45.602116,37.4630834,2.8102270656313593,56350,19357,9,1624,1930,0,0,0,0,0,0,1.709451,0.8688849999999999,0,0,0,0,59063,282,14466571,0,0,0,0,0,0,0,0,0,0,0,0,0,2026-08-17 22:32:23.76708+02,2026-08-17 22:32:23.76708+02
10,18192,f,6900183813250401408,REFRESH MATERIALIZED VIEW public.mv_ministry_decision_impact,0,0,0,0,0,0,2,56.309996,25.639429,30.670567,28.154998,2.5155689999999993,2656,55079,742,60,66,0,0,0,0,0,0,15.471475,0.128052,0,0,0,0,3088,22,537219,0,0,0,0,0,0,0,0,0,0,0,0,0,2026-08-15 13:40:38.077508+02,2026-08-15 13:40:38.077508+02
10,18192,f,-7021382753961975616,"explain_query := $8 || 
                            quote_ident(view_record.schemaname) || $9 || 
                            quote_ident(view_record.object_name) || $10",1,0.006335,0.006335,0.006335,0.006335,0,0,0,0,0,0,0,0,0,0,0,0,0,0,0,0,0,0,0,0,0,0,0,0,0,0,0,0,0,0,0,0,0,0,0,0,0,0,0,0,2026-08-30 00:11:54.265003+02,2026-08-30 00:11:54.265003+02
16384,18192,t,-2290035323296675440,"UPDATE QRTZ_FIRED_TRIGGERS SET INSTANCE_NAME = $1, FIRED_TIME = $2, SCHED_TIME = $3, STATE = $4, JOB_NAME = $5, JOB_GROUP = $6, IS_NONCONCURRENT = $7, REQUESTS_RECOVERY = $8 WHERE SCHED_NAME = $10 AND ENTRY_ID = $9",44,2.4292489999999995,0.02486,0.114986,0.055210204545454555,0.02225488249144805,44,1.6151699999999998,0.021106,0.062523,0.03670840909090909,0.007680513711861931,44,704,0,0,0,0,0,0,0,0,0,0,0,0,0,0,0,353,0,35388,0,0,0,0,0,0,0,0,0,0,0,0,0,2026-08-17 22:31:35.504878+02,2026-08-17 22:31:35.504878+02
10,18192,t,-8530276173678912509,"COPY  ( SELECT document_document_status_con_0 AS value, COUNT ( * ) AS count FROM document_status_container WHERE document_document_status_con_0 IS NOT NULL GROUP BY document_document_status_con_0 ORDER BY count DESC, document_document_status_con_0 LIMIT 1000 ) TO STDOUT WITH CSV HEADER",0,0,0,0,0,0,2,65.94868199999999,32.555651,33.393031,32.974340999999995,0.41869000000000334,2000,2764,0,0,0,0,0,0,0,0,0,0,0,0,0,0,0,0,0,0,0,0,0,0,0,0,0,0,0,0,0,0,0,2026-08-15 13:41:17.728325+02,2026-08-15 13:41:17.728325+02
10,18192,t,-6726042482006281657,DROP FUNCTION IF EXISTS cia_classify_temporal_view(text),0,0,0,0,0,0,2,0.178599,0.055096,0.123503,0.0892995,0.0342035,0,53,0,0,0,0,0,0,0,0,0,0,0,0,0,0,0,4,0,218,0,0,0,0,0,0,0,0,0,0,0,0,0,2026-08-15 13:40:34.252324+02,2026-08-15 13:40:34.252324+02
10,18192,f,-3815424081481337741,ANALYZE public.view_riksdagen_vote_data_ballot_summary_annual,0,0,0,0,0,0,2,0.7015929999999999,0.33901,0.362583,0.35079649999999996,0.01178650000000002,0,475,0,3,0,0,0,0,0,0,0,0,0,0,0,0,0,88,3,16784,0,0,0,0,0,0,0,0,0,0,0,0,0,2026-08-15 13:41:34.380591+02,2026-08-15 13:41:34.380591+02
16384,18192,t,-8666400583704944871,"insert into application_action_event (action_name, application_message, application_operation, created_date, element_id, error_message, event_group, model_object_id, model_object_version, page, page_mode, session_id, user_id, hjid) values ($1, $2, $3, $4, $5, $6, $7, $8, $9, $10, $11, $12, $13, $14)",13,0.16285299999999997,0.006754,0.021432,0.012527153846153846,0.004194933424724381,13,5.392952999999999,0.052503,1.871659,0.4148425384615385,0.5039778429935213,13,190,57,50,3,0,0,0,0,0,0,2.9830400000000004,0.047587000000000004,0,0,0,0,143,47,127922,0,0,0,0,0,0,0,0,0,0,0,0,0,2026-08-17 22:31:37.095571+02,2026-08-17 22:31:37.095571+02
16384,18192,t,-1424883315660534520,"select applicatio0_.hjid as hjid1_3_, applicatio0_.action_name as action_n2_3_, applicatio0_.application_message as applicat3_3_, applicatio0_.application_operation as applicat4_3_, applicatio0_.created_date as created_5_3_, applicatio0_.element_id as element_6_3_, applicatio0_.error_message as error_me7_3_, applicatio0_.event_group as event_gr8_3_, applicatio0_.model_object_id as model_ob9_3_, applicatio0_.model_object_version as model_o10_3_, applicatio0_.page as page11_3_, applicatio0_.page_mode as page_mo12_3_, applicatio0_.session_id as session13_3_, applicatio0_.user_id as user_id14_3_ from application_action_event applicatio0_ where applicatio0_.application_operation=$1 and upper(applicatio0_.application_message)=$2",11,23.920493999999998,0.053204,10.320932,2.174590363636364,3.8656822470456684,11,68.72435,0.11225500000000001,10.979298,6.247668181818182,4.465090953694811,132,711,338,0,0,0,0,0,0,0,0,88.621268,0,0,0,0,0,0,0,0,0,0,0,0,0,0,0,0,0,0,0,0,0,2026-08-17 22:31:55.049765+02,2026-08-17 22:31:55.049765+02
10,18192,f,-618478608432109827,SELECT COUNT(*) FROM public.view_riksdagen_party,1,0.294089,0.294089,0.294089,0.294089,0,1,1.3447310000000001,1.3447310000000001,1.3447310000000001,1.3447310000000001,0,1,200,48,0,0,0,0,0,0,0,0,0.144999,0,0,0,0,0,0,0,0,0,0,0,0,0,0,0,0,0,0,0,0,0,2026-08-30 00:14:19.770266+02,2026-08-30 00:14:19.770266+02
10,18192,t,-4592543848848900891,"COPY  ( SELECT status AS value, COUNT ( * ) AS count FROM person_data WHERE status IS NOT NULL GROUP BY status ORDER BY count DESC, status LIMIT 2000 ) TO STDOUT WITH CSV HEADER",0,0,0,0,0,0,2,1.274397,0.532014,0.742383,0.6371985,0.10518450000000001,500,367,5,0,0,0,0,0,0,0,0,0.202181,0,0,0,0,0,0,0,0,0,0,0,0,0,0,0,0,0,0,0,0,0,2026-08-15 13:41:16.179439+02,2026-08-15 13:41:16.179439+02
16384,18192,t,5868894519726054772,update document_data set org=$1 where org=$2 or org=$3,11,3.8115759999999996,0.058214,1.711999,0.3465069090909091,0.491441739327804,11,4.355391,0.01978,0.685317,0.3959446363636363,0.19264161029759275,0,619,51,0,0,0,0,0,0,0,0,6.306291,0,0,0,0,0,0,0,0,0,0,0,0,0,0,0,0,0,0,0,0,0,2026-08-17 22:31:37.643853+02,2026-08-17 22:31:37.643853+02
10,18192,f,-6736278409384731247,"COPY  ( SELECT assignment_type AS value, COUNT ( * ) AS count FROM assignment_data WHERE assignment_type IS NOT NULL GROUP BY assignment_type ORDER BY count DESC, assignment_type LIMIT $1 ) TO STDOUT WITH CSV HEADER",2,0.199432,0.097097,0.102335,0.099716,0.0026189999999999963,2,36.181520000000006,17.866195,18.315325,18.090760000000003,0.224565000000001,14,11327,374,0,0,0,0,0,0,0,0,11.607706,0,0,0,0,0,0,0,0,0,0,0,0,0,0,0,0,0,0,0,4,4,2026-08-15 13:41:16.145843+02,2026-08-15 13:41:16.145843+02
16384,16385,t,-5755798639126696234,"SELECT * FROM (SELECT current_database() AS current_database, n.nspname,c.relname,a.attname,a.atttypid,a.attnotnull  OR (t.typtype = $1 AND t.typnotnull) AS attnotnull,a.atttypmod,a.attlen,t.typtypmod,row_number() OVER (PARTITION BY a.attrelid ORDER BY a.attnum) AS attnum, nullif(a.attidentity, $2) as attidentity,nullif(a.attgenerated, $3) as attgenerated,pg_catalog.pg_get_expr(def.adbin, def.adrelid) AS adsrc,dsc.description,t.typbasetype,t.typtype  FROM pg_catalog.pg_namespace n  JOIN pg_catalog.pg_class c ON (c.relnamespace = n.oid)  JOIN pg_catalog.pg_attribute a ON (a.attrelid=c.oid)  JOIN pg_catalog.pg_type t ON (a.atttypid = t.oid)  LEFT JOIN pg_catalog.pg_attrdef def ON (a.attrelid=def.adrelid AND a.attnum = def.adnum)  LEFT JOIN pg_catalog.pg_description dsc ON (c.oid=dsc.objoid AND a.attnum = dsc.objsubid)  LEFT JOIN pg_catalog.pg_class dc ON (dc.oid=dsc.classoid AND dc.relname=$4)  LEFT JOIN pg_catalog.pg_namespace dn ON (dc.relnamespace=dn.oid AND dn.nspname=$5)  WHERE c.relkind in ($6 /*, ... */) and a.attnum > $7 AND NOT a.attisdropped  AND n.nspname LIKE $8 AND c.relname LIKE $9) c WHERE $10  AND attname LIKE $11 ORDER BY nspname,c.relname,attnum",1,3.398972,3.398972,3.398972,3.398972,0,1,0.983048,0.983048,0.983048,0.983048,0,14,391,22,0,0,0,0,0,0,0,0,2.9510799999999997,0,0,0,0,0,0,0,0,0,0,0,0,0,0,0,0,0,0,0,0,0,2026-08-29 13:36:58.638572+02,2026-08-29 13:36:58.638572+02
10,18192,f,1759784361907306370,"COPY  ( SELECT gender AS value, COUNT ( * ) AS count FROM person_data WHERE gender IS NOT NULL GROUP BY gender ORDER BY count DESC, gender LIMIT $1 ) TO STDOUT WITH CSV HEADER",2,0.058807,0.02779,0.031017,0.0294035,0.0016135000000000004,2,0.493652,0.246348,0.247304,0.246826,0.0004779999999999854,8,364,2,0,0,0,0,0,0,0,0,0.005804,0,0,0,0,0,0,0,0,0,0,0,0,0,0,0,0,0,0,0,0,0,2026-08-15 13:41:16.179563+02,2026-08-15 13:41:16.179563+02
10,18192,f,-2230040744368405824,COPY  ( SELECT * FROM public.view_riksdagen_vote_data_ballot_politician_summary_annual ORDER BY random ( ) LIMIT $1 ) TO STDOUT WITH CSV HEADER,1,0.335476,0.335476,0.335476,0.335476,0,1,25.968963000000002,25.968963000000002,25.968963000000002,25.968963000000002,0,10017,728,0,0,0,0,0,0,0,0,0,0,0,0,0,0,0,0,0,0,0,0,0,0,0,0,0,0,0,0,0,0,0,2026-08-30 00:15:41.832472+02,2026-08-30 00:15:41.832472+02
10,18192,f,-3813571513141403340,"COPY  ( SELECT lang AS value, COUNT ( * ) AS count FROM document_element WHERE lang IS NOT NULL GROUP BY lang ORDER BY count DESC, lang LIMIT $1 ) TO STDOUT WITH CSV HEADER",2,0.166026,0.077579,0.088447,0.083013,0.005434000000000005,2,61.496345,28.792865,32.70348,30.7481725,1.9553075,54,91075,1,0,0,0,0,0,0,0,0,0.005696,0,0,0,0,0,0,0,0,0,0,0,0,0,0,0,0,0,0,0,8,8,2026-08-15 13:41:17.480519+02,2026-08-15 13:41:17.480519+02
10,18192,t,7204365044867841716,"COPY  ( WITH temporal_buckets AS ( SELECT *, DATE_TRUNC ( 'month' , election_date ) AS time_bucket, ROW_NUMBER ( ) OVER ( PARTITION BY DATE_TRUNC ( 'month' , election_date ) ORDER BY random ( ) ) AS rn FROM public.view_riksdagen_election_proximity_trends ) SELECT * FROM temporal_buckets WHERE rn = 1 ORDER BY time_bucket DESC LIMIT 9113 ) TO STDOUT WITH CSV HEADER",0,0,0,0,0,0,1,22788.16848,22788.16848,22788.16848,22788.16848,0,1,63446891,225,0,0,0,0,0,0,279537,279598,0.464368,0,0,0,224.253859,497.998196,0,0,0,0,0,0,0,0,0,0,0,0,0,0,0,0,2026-08-30 00:16:30.204415+02,2026-08-30 00:16:30.204415+02
16384,18192,t,-2773020151294287346,select documentat0_.hjid as hjid1_20_0_ from document_attachment_container documentat0_ where documentat0_.hjid=$1,70,1.025989,0.005943,0.070436,0.014656985714285718,0.013340733773450459,87224,360.33617699999434,0.0017209999999999999,8.281169,0.004131158591671954,0.028270060142819853,87224,262030,223,0,0,0,0,0,0,0,0,13.534306000000004,0,0,0,0,0,0,0,0,0,0,0,0,0,0,0,0,0,0,0,0,0,2026-08-29 13:42:50.840022+02,2026-08-29 13:42:50.840022+02
16384,18192,t,-7904897279787146051,REFRESH MATERIALIZED VIEW public.view_riksdagen_vote_data_ballot_politician_summary_annual,0,0,0,0,0,0,10,4643.529850000001,443.417749,481.226832,464.352985,15.025992924588175,100170,259744,52,4365,4490,0,0,0,0,660,620,5.70379,1.797391,0,0,0.551299,1.4310029999999998,103494,344,37664886,0,0,0,0,0,0,0,0,0,0,0,0,0,2026-08-17 22:32:31.446129+02,2026-08-17 22:32:31.446129+02
16384,18192,t,5155954857374739154,"select viewriksda0_.party as party1_135_, viewriksda0_.active as active2_135_, viewriksda0_.active_committee as active_c3_135_, viewriksda0_.active_eu as active_e4_135_, viewriksda0_.active_government as active_g5_135_, viewriksda0_.active_parliament as active_p6_135_, viewriksda0_.active_party as active_p7_135_, viewriksda0_.active_speaker as active_s8_135_, viewriksda0_.avg_collaboration_percentage as avg_coll9_135_, viewriksda0_.avg_documents_last_year as avg_doc10_135_, viewriksda0_.avg_documents_per_member as avg_doc11_135_, viewriksda0_.committee_focused_members as committ12_135_, viewriksda0_.current_assignments as current13_135_, viewriksda0_.current_committee_assignments as current14_135_, viewriksda0_.current_committee_leadership_assignments as current15_135_, viewriksda0_.current_committee_substitute_assignments as current16_135_, viewriksda0_.current_ministry_assignments as current17_135_, viewriksda0_.current_party_assignments as current18_135_, viewriksda0_.current_speaker_assignments as current19_135_, viewriksda0_.currently_active_members as current20_135_, viewriksda0_.first_assignment_date as first_a21_135_, viewriksda0_.first_party_document as first_p22_135_, viewriksda0_.high_activity_members as high_ac23_135_, viewriksda0_.highly_collaborative_members as highly_24_135_, viewriksda0_.individual_focused_members as individ25_135_, viewriksda0_.last_assignment_date as last_as26_135_, viewriksda0_.last_party_document as last_pa27_135_, viewriksda0_.low_activity_members as low_act28_135_, viewriksda0_.medium_activity_members as medium_29_135_, viewriksda0_.party_focused_members as party_f30_135_, viewriksda0_.total_active_committee as total_a31_135_, viewriksda0_.total_active_eu as total_a32_135_, viewriksda0_.total_active_government as total_a33_135_, viewriksda0_.total_active_parliament as total_a34_135_, viewriksda0_.total_assignments as total_a35_135_, viewriksda0_.total_collaborative_motions as total_c36_135_, viewriksda0_.total_committee_assignments as total_c37_135_, viewriksda0_.total_committee_leadership_assignments as total_c38_135_, viewriksda0_.total_committee_motions as total_c39_135_, viewriksda0_.total_committee_substitute_assignments as total_c40_135_, viewriksda0_.total_days_served as total_d41_135_, viewriksda0_.total_days_served_committee as total_d42_135_, viewriksda0_.total_days_served_committee_leadership as total_d43_135_, viewriksda0_.total_days_served_committee_substitute as total_d44_135_, viewriksda0_.total_days_served_eu as total_d45_135_, viewriksda0_.total_days_served_government as total_d46_135_, viewriksda0_.total_days_served_parliament as total_d47_135_, viewriksda0_.total_days_served_party as total_d48_135_, viewriksda0_.total_days_served_speaker as total_d49_135_, viewriksda0_.total_documents as total_d50_135_, viewriksda0_.total_documents_last_year as total_d51_135_, viewriksda0_.total_follow_up_motions as total_f52_135_, viewriksda0_.total_individual_motions as total_i53_135_, viewriksda0_.total_ministry_assignments as total_m54_135_, viewriksda0_.total_party_assignments as total_p55_135_, viewriksda0_.total_party_motions as total_p56_135_, viewriksda0_.total_speaker_assignments as total_s57_135_, viewriksda0_.very_high_activity_members as very_hi58_135_ from view_riksdagen_party_summary viewriksda0_",11,33.313070999999994,1.550082,10.275164,3.028460999999999,2.4681192487355443,11,19624.827709,1718.465198,2037.401788,1784.075246272727,84.30926386125996,132,65042,46633,0,0,0,0,0,0,0,0,218.87127,0,0,0,0,0,4,0,326,0,1463,81.855234,11,346.30315400000006,11,5488.978111,11,4563.367432999999,11,26.838004999999995,0,0,2026-08-17 22:31:44.911359+02,2026-08-17 22:31:44.911359+02
10,18192,f,5239415541983065510,REFRESH MATERIALIZED VIEW public.view_riksdagen_vote_data_ballot_party_summary,0,0,0,0,0,0,2,2687.406063,1311.616352,1375.789711,1343.7030315,32.086679499999946,180422,352876,187198,6199,8964,0,0,0,0,3331,3291,747.843687,5.52206,0,0,2.6087,5.999922,181040,1002,56479446,0,0,0,0,0,0,0,0,0,0,0,0,0,2026-08-15 13:40:45.33206+02,2026-08-15 13:40:45.33206+02
10,18192,f,4708059006762958735,REFRESH MATERIALIZED VIEW public.view_riksdagen_politician_document_daily_summary,0,0,0,0,0,0,2,128.624535,62.874782,65.749753,64.3122675,1.4374854999999958,149287,19360,3,1092,1154,0,0,0,0,0,0,0.010110000000000001,0.26258499999999996,0,0,0,0,149617,4,12926800,0,0,0,0,0,0,0,0,0,0,0,0,0,2026-08-15 13:40:43.866865+02,2026-08-15 13:40:43.866865+02
10,18192,f,9080630706093766685,"views_refreshed_this_pass = $12
           AND (total_mvs - success_count - error_count) = $13",2,0.006025,0.002746,0.003279,0.0030125,0.0002664999999999998,0,0,0,0,0,0,0,0,0,0,0,0,0,0,0,0,0,0,0,0,0,0,0,0,0,0,0,0,0,0,0,0,0,0,0,0,0,0,0,2026-08-15 13:41:15.947682+02,2026-08-15 13:41:15.947682+02
10,18192,t,-6977324589630043110,"COPY  ( SELECT processed_in AS value, COUNT ( * ) AS count FROM document_proposal_data WHERE processed_in IS NOT NULL GROUP BY processed_in ORDER BY count DESC, processed_in LIMIT 1000 ) TO STDOUT WITH CSV HEADER",0,0,0,0,0,0,2,27.963070000000002,13.90572,14.05735,13.981535000000001,0.07581499999999908,2000,6749,3,0,0,0,0,0,0,0,0,0.009466,0,0,0,0,0,0,0,0,0,0,0,0,0,0,0,0,0,0,0,0,0,2026-08-15 13:41:17.642707+02,2026-08-15 13:41:17.642707+02
10,18192,f,3830667352491224961,SELECT COUNT(*) FROM public.view_riksdagen_committee_parliament_member_proposal,1,0.267675,0.267675,0.267675,0.267675,0,1,219.05237499999998,219.05237499999998,219.05237499999998,219.05237499999998,0,1,65273,96,0,0,0,0,0,0,0,0,0.256606,0,0,0,0,0,0,0,0,0,28,1.678107,0,0,1,0.665682,1,8.505892,1,0.759877,4,4,2026-08-30 00:14:16.228045+02,2026-08-30 00:14:16.228045+02
10,18192,f,-1758743046914141234,SELECT EXISTS(SELECT $1 FROM public.view_riksdagen_committee_decisions LIMIT $2),2,0.11288999999999999,0.055982,0.056908,0.056444999999999995,0.00046300000000000334,2,0.010433999999999999,0.004876,0.005558,0.005216999999999999,0.00034099999999999994,2,14,4,0,0,0,0,0,0,0,0,0.026749000000000002,0,0,0,0,0,0,0,0,0,0,0,0,0,0,0,0,0,0,0,0,0,2026-08-15 13:40:42.089823+02,2026-08-15 13:40:42.089823+02
10,18192,t,965889387280377191,COPY  ( SELECT * FROM public.detail_data ORDER BY random ( ) LIMIT 17485 ) TO STDOUT CSV HEADER,0,0,0,0,0,0,1,13.659277,13.659277,13.659277,13.659277,0,17485,564,10,0,0,0,0,0,0,0,0,0.861252,0,0,0,0,0,2,0,128,0,0,0,0,0,0,0,0,0,0,0,0,0,2026-08-30 00:11:54.427882+02,2026-08-30 00:11:54.427882+02
10,18192,f,5675699266559859207,"COPY  ( SELECT document_category AS value, COUNT ( * ) AS count FROM document_status_container WHERE document_category IS NOT NULL GROUP BY document_category ORDER BY count DESC, document_category LIMIT $1 ) TO STDOUT WITH CSV HEADER",2,0.20515699999999998,0.101612,0.103545,0.10257849999999999,0.0009665000000000055,2,31.587262000000003,10.726006,20.861256,15.793631000000001,5.0676250000000005,0,62,2746,0,0,0,0,0,0,0,0,16.835734,0,0,0,0,0,0,0,0,0,0,0,0,0,0,0,0,0,0,0,4,4,2026-08-15 13:41:16.798419+02,2026-08-15 13:41:16.798419+02
10,18192,t,-8167204505245855416,COPY  ( SELECT * FROM public.sweden_county_data_container ORDER BY random ( ) LIMIT 0 ) TO STDOUT CSV HEADER,0,0,0,0,0,0,1,0.18811,0.18811,0.18811,0.18811,0,0,38,1,0,0,0,0,0,0,0,0,0.116186,0,0,0,0,0,0,0,0,0,0,0,0,0,0,0,0,0,0,0,0,0,2026-08-30 00:12:14.360476+02,2026-08-30 00:12:14.360476+02
16384,18192,t,-7094795080124691599,"insert into document_attachment (file_name, file_size, file_type, file_url, hjid) values ($1, $2, $3, $4, $5)",7,0.028834,0.002878,0.005678,0.004119142857142857,0.0009826387838833947,7,1.914875,0.002576,0.881577,0.27355357142857145,0.3816362609021682,7,53,12,8,0,0,0,0,0,0,0,1.590881,0,0,0,0,0,14,8,20416,0,0,0,0,0,0,0,0,0,0,0,0,0,2026-08-29 14:13:31.816518+02,2026-08-29 14:13:31.816518+02
10,18192,t,9095539026484359328,"COPY  ( SELECT org_number AS value, COUNT ( * ) AS count FROM government_body_data WHERE org_number IS NOT NULL GROUP BY org_number ORDER BY count DESC, org_number LIMIT 1000 ) TO STDOUT WITH CSV HEADER",0,0,0,0,0,0,2,1.8816410000000001,0.826164,1.055477,0.9408205000000001,0.11465650000000002,734,6,18,0,0,0,0,0,0,0,0,0.841903,0,0,0,0,0,0,0,0,0,0,0,0,0,0,0,0,0,0,0,0,0,2026-08-15 13:41:17.731057+02,2026-08-15 13:41:17.731057+02
10,18192,f,5064766879544431488,COPY  ( SELECT * FROM public.vote_data ORDER BY random ( ) LIMIT $1 ) TO STDOUT CSV HEADER,1,0.13586,0.13586,0.13586,0.13586,0,1,1227.274556,1227.274556,1227.274556,1227.274556,0,3000,15387,79492,0,0,0,0,0,0,0,0,1.8339390000000002,0,0,0,0,0,4,0,234,0,3,0.338973,1,1.031043,1,21.984879,1,13.594564,1,0.206418,0,0,2026-08-30 00:12:14.37538+02,2026-08-30 00:12:14.37538+02
10,18192,t,-8039516005753248648,"COPY  ( WITH temporal_strata AS ( SELECT *, ROW_NUMBER ( ) OVER ( PARTITION BY DATE_TRUNC ( 'year' , embedded_id_created_date ) ORDER BY random ( ) ) AS rn FROM public.view_application_action_event_page_modes_annual_summary ) SELECT * FROM temporal_strata WHERE rn <= 2 LIMIT 118 ) TO STDOUT WITH CSV HEADER",0,0,0,0,0,0,1,0.693577,0.693577,0.693577,0.693577,0,2,39,0,0,0,0,0,0,0,0,0,0,0,0,0,0,0,0,0,0,0,0,0,0,0,0,0,0,0,0,0,0,0,2026-08-30 00:15:41.702386+02,2026-08-30 00:15:41.702386+02
10,18192,f,-8849965633531304054,SELECT COUNT(*) FROM public.view_politician_behavioral_trends,1,0.168191,0.168191,0.168191,0.168191,0,1,18.585179,18.585179,18.585179,18.585179,0,1,2402,0,0,0,0,0,0,0,0,0,0,0,0,0,0,0,0,0,0,0,0,0,0,0,0,0,0,0,0,0,0,0,2026-08-30 00:14:15.415468+02,2026-08-30 00:14:15.415468+02
16384,18192,t,4073870541943116872,"select applicatio0_.hjid as hjid1_4_, applicatio0_.component as componen2_4_, applicatio0_.component_description as componen3_4_, applicatio0_.component_title as componen4_4_, applicatio0_.config_description as config_d5_4_, applicatio0_.config_title as config_t6_4_, applicatio0_.configuration_group as configur7_4_, applicatio0_.created_date as created_8_4_, applicatio0_.model_object_id as model_ob9_4_, applicatio0_.model_object_version as model_o10_4_, applicatio0_.property_id as propert11_4_, applicatio0_.property_value as propert12_4_, applicatio0_.updated_date as updated13_4_ from application_configuration applicatio0_ order by applicatio0_.configuration_group desc limit $1",1,0.052634,0.052634,0.052634,0.052634,0,1,0.027036,0.027036,0.027036,0.027036,0,16,6,0,0,0,0,0,0,0,0,0,0,0,0,0,0,0,0,0,0,0,0,0,0,0,0,0,0,0,0,0,0,0,2026-08-29 13:42:22.545993+02,2026-08-29 13:42:22.545993+02
10,18192,t,4330593230883134815,"COPY  ( SELECT detail_type AS value, COUNT ( * ) AS count FROM detail_element WHERE detail_type IS NOT NULL GROUP BY detail_type ORDER BY count DESC, detail_type LIMIT 1000 ) TO STDOUT WITH CSV HEADER",0,0,0,0,0,0,2,0.06351499999999999,0.031622,0.031893,0.031757499999999994,0.00013549999999999847,0,6,0,0,0,0,0,0,0,0,0,0,0,0,0,0,0,0,0,0,0,0,0,0,0,0,0,0,0,0,0,0,0,2026-08-15 13:41:17.115219+02,2026-08-15 13:41:17.115219+02
10,18192,t,4976970214598605767,"WITH view_counts AS (
    SELECT schemaname,
           viewname,
           row_count
    FROM cia_view_row_counts
    WHERE viewname != $1
      AND viewname != $2
      AND viewname NOT LIKE $3
      -- Skip views that timed out or had errors during Phase 1
      -- row_count: -1 = timeout, -2 = error, 0+ = success
      AND row_count >= $4
),
-- ============================================================================
-- TEMPORAL VIEW CLASSIFICATION
-- ============================================================================
-- Identify views by temporal granularity based on naming patterns
-- This enables stratified sampling across time periods
-- Uses reusable cia_classify_temporal_view() function
-- ============================================================================
view_temporal_classification AS (
    SELECT 
        vc.schemaname,
        vc.viewname,
        vc.row_count,
        c.temporal_granularity,
        c.samples_per_bucket
    FROM view_counts vc
    CROSS JOIN LATERAL cia_classify_temporal_view(vc.viewname) AS c
    -- CHANGED: Include ALL views, even empty ones (for header-only CSV files)
    -- WHERE vc.row_count > 0  -- REMOVED: No longer skip empty views
),
-- ============================================================================
-- TEMPORAL COLUMN DETECTION
-- ============================================================================
-- Automatically detect temporal columns in each view
-- ============================================================================
view_temporal_columns AS (
    SELECT 
        c.table_schema AS schemaname,
        c.table_name AS viewname,
        c.column_name AS temporal_column,
        c.data_type,
        -- Prioritize common temporal column names
        CASE 
            WHEN c.column_name IN ($5 /*, ... */) THEN $6
            WHEN c.column_name IN ($7 /*, ... */) THEN $8
            WHEN c.column_name IN ($9 /*, ... */) THEN $10
            WHEN c.column_name LIKE $11 THEN $12
            ELSE $13
        END AS priority
    FROM information_schema.columns c
    WHERE c.table_schema = $14
      AND c.data_type IN ($15 /*, ... */)
      AND c.column_name NOT IN ($16 /*, ... */) -- Exclude technical columns
),
view_primary_temporal_column AS (
    SELECT DISTINCT ON (schemaname, viewname)
        schemaname,
        viewname,
        temporal_column
    FROM view_temporal_columns
    ORDER BY schemaname, viewname, priority
),
-- ============================================================================
-- GENERATE STRATIFIED SAMPLING QUERIES
-- ============================================================================
view_extract AS (
    SELECT 
        vtc.schemaname,
        vtc.viewname,
        vtc.row_count,
        vtc.temporal_granularity,
        vtc.samples_per_bucket,
        vptc.temporal_column,
        -- Smart sample size calculation:
        -- 1. Complete extraction for small views (< threshold)
        -- 2. Extended samples for analytical trend views (election proximity, seasonal activity, career trajectory)
        -- 3. Extended samples for party/committee/person views
        -- 4. Extended samples for document/voting/worldbank views
        -- 5. Default sample size for others
        CASE 
            -- Complete extraction for small views
            WHEN vtc.row_count <= $17::int THEN vtc.row_count
            -- Extended samples for analytical trend views (500 rows for better temporal coverage)
            WHEN vtc.viewname IN ($18 /*, ... */) THEN
                LEAST($19::int, vtc.row_count)
            -- Extended samples for party-related views
            WHEN vtc.viewname ILIKE $20 OR vtc.viewname ILIKE $21 THEN 
                LEAST($22::int, vtc.row_count)
            -- Extended samples for committee-related views
            WHEN vtc.viewname ILIKE $23 OR vtc.viewname ILIKE $24 THEN 
                LEAST($25::int, vtc.row_count)
            -- Extended samples for person/politician views
            WHEN vtc.viewname ILIKE $26 OR vtc.viewname ILIKE $27 
                OR vtc.viewname ILIKE $28 THEN 
                LEAST($29::int, vtc.row_count)
            -- Extended samples for document-related views
            WHEN vtc.viewname ILIKE $30 OR vtc.viewname ILIKE $31 THEN 
                LEAST($32::int, vtc.row_count)
            -- Extended samples for voting-related views
            WHEN vtc.viewname ILIKE $33 OR vtc.viewname ILIKE $34 THEN 
                LEAST($35::int, vtc.row_count)
            -- Extended samples for worldbank data
            WHEN vtc.viewname ILIKE $36 OR vtc.viewname ILIKE $37 
                OR vtc.viewname ILIKE $38 THEN 
                LEAST($39::int, vtc.row_count)
            -- Default sample size
            ELSE LEAST($40::int, vtc.row_count)
        END AS sample_rows,
        -- Extraction type for logging
        CASE 
            WHEN vtc.row_count <= $41::int THEN $42
            WHEN vtc.viewname IN ($43 /*, ... */) THEN $44
            WHEN vtc.viewname ILIKE $45 OR vtc.viewname ILIKE $46 THEN $47
            WHEN vtc.viewname ILIKE $48 OR vtc.viewname ILIKE $49 THEN $50
            WHEN vtc.viewname ILIKE $51 OR vtc.viewname ILIKE $52 
                OR vtc.viewname ILIKE $53 THEN $54
            WHEN vtc.viewname ILIKE $55 OR vtc.viewname ILIKE $56 THEN $57
            WHEN vtc.viewname ILIKE $58 OR vtc.viewname ILIKE $59 THEN $60
            WHEN vtc.viewname ILIKE $61 OR vtc.viewname ILIKE $62 
                OR vtc.viewname ILIKE $63 THEN $64
            ELSE $65
        END AS extraction_type,
        CASE WHEN vtc.viewname LIKE $66 THEN vtc.viewname ELSE $67 || vtc.viewname END AS file_prefix
    FROM view_temporal_classification vtc
    LEFT JOIN view_primary_temporal_column vptc 
        ON vtc.schemaname = vptc.schemaname 
        AND vtc.viewname = vptc.viewname
)
-- ============================================================================
-- GENERATE EXTRACTION COMMANDS WITH TEMPORAL STRATIFICATION
-- ============================================================================
SELECT 
    CASE 
        -- =====================================================================
        -- DAILY VIEWS: Stratified sampling by day
        -- =====================================================================
        WHEN temporal_granularity = $68 AND temporal_column IS NOT NULL THEN
            format(
                $69 || $70 ||
                $71 ||
                $72 ||
                $73 ||
                $74 ||
                $75 ||
                $76 ||
                $77 ||
                $78 ||
                $79 || $80 ||
                $81 || $82 || $83 || $84 ||
                CASE 
                    WHEN row_count = $85 THEN $86 || $87
                    ELSE $88 || $89
                END,
                viewname,
                samples_per_bucket,
                temporal_column, schemaname, viewname, temporal_column,
                samples_per_bucket, sample_rows,
                file_prefix,
                viewname, row_count, row_count,
                file_prefix, file_prefix
            )
        
        -- =====================================================================
        -- WEEKLY VIEWS: Stratified sampling by week
        -- =====================================================================
        WHEN temporal_granularity = $90 AND temporal_column IS NOT NULL THEN
            format(
                $91 || $92 ||
                $93 ||
                $94 ||
                $95 ||
                $96 ||
                $97 ||
                $98 ||
                $99 ||
                $100 ||
                $101 || $102 ||
                $103 || $104 || $105 || $106 ||
                CASE 
                    WHEN row_count = $107 THEN $108 || $109
                    ELSE $110 || $111
                END,
                viewname,
                samples_per_bucket,
                temporal_column, schemaname, viewname, temporal_column,
                samples_per_bucket, sample_rows,
                file_prefix,
                viewname, row_count, row_count,
                file_prefix, file_prefix
            )
        
        -- =====================================================================
        -- MONTHLY VIEWS: Stratified sampling by month
        -- =====================================================================
        WHEN temporal_granularity = $112 AND temporal_column IS NOT NULL THEN
            format(
                $113 || $114 ||
                $115 ||
                $116 ||
                $117 ||
                $118 ||
                $119 ||
                $120 ||
                $121 ||
                $122 ||
                $123 || $124 ||
                $125 || $126 || $127 || $128 ||
                CASE 
                    WHEN row_count = $129 THEN $130 || $131
                    ELSE $132 || $133
                END,
                viewname,
                samples_per_bucket,
                temporal_column, schemaname, viewname, temporal_column,
                samples_per_bucket, sample_rows,
                file_prefix,
                viewname, row_count, row_count,
                file_prefix, file_prefix
            )
        
        -- =====================================================================
        -- ANNUAL VIEWS: Stratified sampling by year
        -- =====================================================================
        WHEN temporal_granularity = $134 AND temporal_column IS NOT NULL THEN
            format(
                $135 || $136 ||
                $137 ||
                $138 ||
                $139 ||
                $140 ||
                $141 ||
                $142 ||
                $143 ||
                $144 || $145 ||
                $146 || $147 || $148 || $149 ||
                CASE 
                    WHEN row_count = $150 THEN $151 || $152
                    ELSE $153 || $154
                END,
                viewname,
                samples_per_bucket,
                temporal_column, schemaname, viewname,
                samples_per_bucket, sample_rows,
                file_prefix,
                viewname, row_count, row_count,
                file_prefix, file_prefix
            )
        
        -- =====================================================================
        -- TEMPORAL TREND VIEWS: Sample across all time periods
        -- =====================================================================
        WHEN temporal_granularity = $155 AND temporal_column IS NOT NULL THEN
            format(
                $156 || $157 ||
                $158 ||
                $159 ||
                $160 ||
                $161 ||
                $162 ||
                $163 ||
                $164 ||
                $165 ||
                $166 || $167 ||
                $168 || $169 || $170 || $171 ||
                CASE 
                    WHEN row_count = $172 THEN $173 || $174
                    ELSE $175 || $176
                END,
                viewname,
                temporal_column, temporal_column, schemaname, viewname,
                sample_rows,
                file_prefix,
                viewname, row_count, row_count,
                file_prefix, file_prefix
            )
        
        -- =====================================================================
        -- NON-TEMPORAL VIEWS: Use random sampling with smart sample sizes
        -- =====================================================================
        ELSE
            format(
                $177 || $178 ||
                $179 || $180 ||
                $181 || $182 || $183 || $184 ||
                CASE 
                    WHEN row_count = $185 THEN $186 || $187
                    ELSE $188 || $189
                END,
                extraction_type,
                viewname,
                sample_rows,
                row_count,
                schemaname,
                viewname,
                sample_rows,
                file_prefix,
                viewname, row_count, row_count,
                file_prefix,
                file_prefix
            )
    END AS extraction_command
FROM view_extract
ORDER BY 
    CASE temporal_granularity
        WHEN $190 THEN $191
        WHEN $192 THEN $193
        WHEN $194 THEN $195
        WHEN $196 THEN $197
        WHEN $198 THEN $199
        ELSE $200
    END,
    viewname",1,2.044085,2.044085,2.044085,2.044085,0,1,4.710107,4.710107,4.710107,4.710107,0,106,1337,60,0,0,2,0,0,0,0,0,2.2404930000000003,0,0,0,0,0,0,0,0,0,0,0,0,0,0,0,0,0,0,0,0,0,2026-08-30 00:15:40.751654+02,2026-08-30 00:15:40.751654+02
10,18192,t,-2927832135442417990,"COPY  ( SELECT detail_type AS value, COUNT ( * ) AS count FROM detail_data WHERE detail_type IS NOT NULL GROUP BY detail_type ORDER BY count DESC, detail_type LIMIT 2000 ) TO STDOUT WITH CSV HEADER",0,0,0,0,0,0,2,21.958804,10.126214,11.83259,10.979402,0.8531879999999998,12,1094,0,0,0,0,0,0,0,0,0,0,0,0,0,0,0,0,0,0,0,0,0,0,0,0,0,0,0,0,0,0,0,2026-08-15 13:41:17.054783+02,2026-08-15 13:41:17.054783+02
10,18192,f,2381306046434144946,COPY  ( SELECT * FROM public.document_detail_data ORDER BY random ( ) LIMIT $1 ) TO STDOUT CSV HEADER,1,0.107565,0.107565,0.107565,0.107565,0,1,57.768797,57.768797,57.768797,57.768797,0,3000,27,6118,0,0,0,0,0,0,0,0,0.168519,0,0,0,0,0,1,0,56,0,0,0,0,0,0,0,0,0,0,0,0,0,2026-08-30 00:11:56.231974+02,2026-08-30 00:11:56.231974+02
10,18192,t,-9071300498508110657,"COPY  ( WITH temporal_strata AS ( SELECT *, ROW_NUMBER ( ) OVER ( PARTITION BY DATE_TRUNC ( 'week' , embedded_id_created_date ) ORDER BY random ( ) ) AS rn FROM public.view_application_action_event_page_element_weekly_summary WHERE embedded_id_created_date >= CURRENT_DATE - INTERVAL '6 months' ) SELECT * FROM temporal_strata WHERE rn <= 2 LIMIT 190 ) TO STDOUT WITH CSV HEADER",0,0,0,0,0,0,1,0.872994,0.872994,0.872994,0.872994,0,21,44,1,0,0,0,0,0,0,0,0,0.291087,0,0,0,0,0,0,0,0,0,0,0,0,0,0,0,0,0,0,0,0,0,2026-08-30 00:15:41.271322+02,2026-08-30 00:15:41.271322+02
10,18192,f,4116612203687877412,ANALYZE public.mv_annual_document_metrics,0,0,0,0,0,0,2,1.88184,0.844951,1.036889,0.94092,0.09596899999999997,0,189,14,13,0,0,0,0,0,0,0,0.7037909999999999,0,0,0,0,0,11,12,37249,0,0,0,0,0,0,0,0,0,0,0,0,0,2026-08-15 13:41:18.066757+02,2026-08-15 13:41:18.066757+02
10,18192,f,5892597514915249879,SELECT COUNT(*) FROM public.view_riksdagen_party_member,1,0.211806,0.211806,0.211806,0.211806,0,1,0.759392,0.759392,0.759392,0.759392,0,1,232,0,0,0,0,0,0,0,0,0,0,0,0,0,0,0,0,0,0,0,0,0,0,0,0,0,0,0,0,0,0,0,2026-08-30 00:14:23.053808+02,2026-08-30 00:14:23.053808+02
10,18192,f,6864839696168398053,"COPY  ( SELECT m_code AS value, COUNT ( * ) AS count FROM government_body_data WHERE m_code IS NOT NULL GROUP BY m_code ORDER BY count DESC, m_code LIMIT $1 ) TO STDOUT WITH CSV HEADER",2,1.531055,0.161618,1.369437,0.7655275,0.6039095,2,4.6823950000000005,1.021524,3.660871,2.3411975,1.3196735000000002,800,151,277,0,0,0,0,0,0,0,0,3.970899,0,0,0,0,0,0,0,0,0,0,0,0,0,0,0,0,0,0,0,0,0,2026-08-15 13:41:17.728585+02,2026-08-15 13:41:17.728585+02
16384,18192,t,-2349610781093925447,insert into document_attachment_container (hjid) values ($1),5,0.007583000000000001,0.001373,0.001783,0.0015166000000000001,0.00014670460115483766,5,1.037549,0.031756,0.46013899999999996,0.20750980000000002,0.20037255128824408,5,23,7,8,0,0,0,0,0,0,0,0.7570410000000001,0,0,0,0,0,10,8,17464,0,0,0,0,0,0,0,0,0,0,0,0,0,2026-08-29 14:13:31.815889+02,2026-08-29 14:13:31.815889+02
10,18192,f,-6622935963520172593,"COPY  ( SELECT decision_type AS value, COUNT ( * ) AS count FROM committee_proposal_data WHERE decision_type IS NOT NULL GROUP BY decision_type ORDER BY count DESC, decision_type LIMIT $1 ) TO STDOUT WITH CSV HEADER",2,0.10408400000000001,0.050943,0.053141,0.052042000000000005,0.0010989999999999975,2,23.749223999999998,11.058656,12.690567999999999,11.874611999999999,0.8159559999999999,14,98,5786,0,0,0,0,0,0,0,0,0.317208,0,0,0,0,0,0,0,0,0,0,0,0,0,0,0,0,0,0,0,6,6,2026-08-15 13:41:16.745802+02,2026-08-15 13:41:16.745802+02
10,18192,t,783727059397392240,"COPY  ( SELECT gender AS value, COUNT ( * ) AS count FROM person_data WHERE gender IS NOT NULL GROUP BY gender ORDER BY count DESC, gender LIMIT 2000 ) TO STDOUT WITH CSV HEADER",0,0,0,0,0,0,2,0.607432,0.301829,0.305603,0.303716,0.001886999999999986,8,364,2,0,0,0,0,0,0,0,0,0.005804,0,0,0,0,0,0,0,0,0,0,0,0,0,0,0,0,0,0,0,0,0,2026-08-15 13:41:16.179857+02,2026-08-15 13:41:16.179857+02
16384,18192,t,-430967382695319690,"WITH RECURSIVE
view_deps AS (
    SELECT DISTINCT
        dependent_view.relname AS view_name,
        source_table.relname AS depends_on,
        CASE WHEN source_table.relkind = $1 THEN $2 ELSE $3 END AS depends_on_matview
    FROM pg_depend
    JOIN pg_rewrite ON pg_depend.objid = pg_rewrite.oid
    JOIN pg_class AS dependent_view ON pg_rewrite.ev_class = dependent_view.oid
    JOIN pg_class AS source_table ON pg_depend.refobjid = source_table.oid
    JOIN pg_namespace dependent_ns ON dependent_ns.oid = dependent_view.relnamespace
    JOIN pg_namespace source_ns ON source_ns.oid = source_table.relnamespace
    WHERE dependent_view.relkind = $4
      AND source_table.relkind IN ($5 /*, ... */)
      AND pg_depend.deptype = $6
      AND dependent_ns.nspname = $7
      AND source_ns.nspname = $8
),
mv_dependencies AS (
    SELECT view_name, depends_on FROM view_deps WHERE depends_on_matview = $9
),
all_mvs AS (
    SELECT schemaname, matviewname FROM pg_matviews WHERE schemaname = $10
),
dependency_depth AS (
    SELECT am.schemaname, am.matviewname AS view_name, $11 AS depth, ARRAY[am.matviewname] AS path
    FROM all_mvs am
    WHERE NOT EXISTS (SELECT $12 FROM mv_dependencies md WHERE md.view_name = am.matviewname)
    UNION ALL
    SELECT am.schemaname, md.view_name, dd.depth + $13, dd.path || md.view_name
    FROM mv_dependencies md
    JOIN dependency_depth dd ON md.depends_on = dd.view_name
    JOIN all_mvs am ON am.matviewname = md.view_name
    WHERE NOT (md.view_name = ANY(dd.path))
),
max_depths AS (
    SELECT schemaname, view_name, MAX(depth) as max_depth
    FROM dependency_depth
    GROUP BY schemaname, view_name
)
SELECT format($14, schemaname, view_name) AS refresh_stmt
FROM max_depths
ORDER BY max_depth, schemaname, view_name",11,28.847398000000002,1.52288,4.571907,2.6224907272727274,0.9160975177806318,11,35.972485999999996,1.52241,5.425654000000001,3.270226,1.2067389786888842,363,46008,341,58,0,0,0,0,0,0,0,32.990198,0,0,0,0,0,63,58,75762,0,0,0,0,0,0,0,0,0,0,0,0,0,2026-08-17 22:31:37.657015+02,2026-08-17 22:31:37.657015+02
10,18192,t,3668662263137424971,COPY  ( SELECT * FROM public.topic ORDER BY random ( ) LIMIT 5848 ) TO STDOUT CSV HEADER,0,0,0,0,0,0,1,2.171288,2.171288,2.171288,2.171288,0,5848,54,53,0,0,0,0,0,0,0,0,0.05,0,0,0,0,0,0,0,0,0,0,0,0,0,0,0,0,0,0,0,0,0,2026-08-30 00:12:14.365859+02,2026-08-30 00:12:14.365859+02
10,18192,f,505136020053048777,COPY  ( SELECT * FROM public.person_data ORDER BY random ( ) LIMIT $1 ) TO STDOUT CSV HEADER,1,0.239163,0.239163,0.239163,0.239163,0,1,3.431848,3.431848,3.431848,3.431848,0,2500,251,11,1,0,0,0,0,0,0,0,0.12621,0,0,0,0,0,6,0,350,0,0,0,0,0,0,0,0,0,0,0,0,0,2026-08-30 00:12:14.335677+02,2026-08-30 00:12:14.335677+02
16384,18192,t,6224739682822714759,"SELECT TRIGGER_NAME, TRIGGER_GROUP FROM QRTZ_TRIGGERS WHERE SCHED_NAME = $3 AND JOB_NAME = $1 AND JOB_GROUP = $2",46,2.3171969999999997,0.021075,0.306961,0.05037384782608696,0.04747521506967216,48,0.21511799999999998,0.001781,0.013338,0.0044816249999999995,0.0030947531311412116,48,76,2,0,0,0,0,0,0,0,0,0.209853,0,0,0,0,0,0,0,0,0,0,0,0,0,0,0,0,0,0,0,0,0,2026-08-17 22:41:35.715638+02,2026-08-17 22:41:35.715638+02
10,18192,f,8160963359923781269,ANALYZE public.view_riksdagen_vote_data_ballot_summary_monthly,0,0,0,0,0,0,2,2.144701,1.051768,1.092933,1.0723505,0.020582499999999948,0,568,5,5,0,0,0,0,0,0,0,0.011594,0,0,0,0,0,108,0,49070,0,0,0,0,0,0,0,0,0,0,0,0,0,2026-08-15 13:41:34.388497+02,2026-08-15 13:41:34.388497+02
16384,18192,t,2975983093790217086,"INSERT INTO QRTZ_SCHEDULER_STATE (SCHED_NAME, INSTANCE_NAME, LAST_CHECKIN_TIME, CHECKIN_INTERVAL) VALUES($4, $1, $2, $3)",3,0.0278,0.008013,0.011107,0.009266666666666666,0.001329496730178588,3,8.835412,0.035357,8.757222,2.9451373333333337,4.109765613918498,3,7,8,3,0,0,0,0,0,0,0,8.710946,0,0,0,0,0,6,2,764,0,0,0,0,0,0,0,0,0,0,0,0,0,2026-08-17 22:31:35.097663+02,2026-08-17 22:31:35.097663+02
10,18192,f,3956378113023462316,"COPY  ( SELECT sub_type AS value, COUNT ( * ) AS count FROM document_element WHERE sub_type IS NOT NULL GROUP BY sub_type ORDER BY count DESC, sub_type LIMIT $1 ) TO STDOUT WITH CSV HEADER",2,0.153042,0.073987,0.079055,0.076521,0.002534000000000005,2,60.898967,28.659077,32.23989,30.4494835,1.7904065000000022,212,91076,0,0,0,0,0,0,0,0,0,0,0,0,0,0,0,0,0,0,0,0,0,0,0,0,0,0,0,0,0,8,8,2026-08-15 13:41:16.937543+02,2026-08-15 13:41:16.937543+02
10,18192,f,6580692989035729547,"COPY  ( SELECT status AS value, COUNT ( * ) AS count FROM document_data WHERE status IS NOT NULL GROUP BY status ORDER BY count DESC, status LIMIT $1 ) TO STDOUT WITH CSV HEADER",2,0.176185,0.081559,0.094626,0.0880925,0.006533499999999998,2,27.455547,12.890013,14.565534,13.7277735,0.8377604999999999,268,9333,1,0,0,0,0,0,0,0,0,0.00529,0,0,0,0,0,0,0,0,0,0,0,0,0,0,0,0,0,0,0,6,6,2026-08-15 13:41:16.682318+02,2026-08-15 13:41:16.682318+02
16384,18192,t,-7622110731215107546,SELECT * FROM QRTZ_TRIGGERS WHERE SCHED_NAME = $3 AND TRIGGER_NAME = $1 AND TRIGGER_GROUP = $2,98,9.775521999999997,0.024074,2.417725,0.09975022448979592,0.24870166721926792,231,1.7982900000000004,0.002291,0.050119,0.007784805194805196,0.005154695318624741,231,1553,40,8,0,0,0,0,0,0,0,2.3887519999999998,0,0,0,0,0,16,8,29091,0,0,0,0,0,0,0,0,0,0,0,0,0,2026-08-17 22:31:34.522412+02,2026-08-17 22:31:34.522412+02
10,18192,t,2474785246345951883,COPY  ( SELECT * FROM public.vote_meta_data ORDER BY random ( ) LIMIT 0 ) TO STDOUT CSV HEADER,0,0,0,0,0,0,1,0.089429,0.089429,0.089429,0.089429,0,0,3,0,0,0,0,0,0,0,0,0,0,0,0,0,0,0,0,0,0,0,0,0,0,0,0,0,0,0,0,0,0,0,2026-08-30 00:12:15.603731+02,2026-08-30 00:12:15.603731+02
16384,18192,t,4854991825702068830,BEGIN,0,0,0,0,0,0,184324335,35895.373583349065,2.8e-05,0.438314,0.0001947402852639993,0.0002973636184913859,0,0,0,0,0,0,0,0,0,0,0,0,0,0,0,0,0,0,0,0,0,0,0,0,0,0,0,0,0,0,0,0,0,2026-08-17 22:31:29.007537+02,2026-08-17 22:31:29.007537+02
10,18192,f,-5246710140352053297,SELECT COUNT(*) FROM public.view_riksdagen_member_proposals,1,0.060027,0.060027,0.060027,0.060027,0,1,30.925721,30.925721,30.925721,30.925721,0,1,45518,0,0,0,0,0,0,0,0,0,0,0,0,0,0,0,0,0,0,0,0,0,0,0,0,0,0,0,0,0,4,4,2026-08-30 00:14:19.738508+02,2026-08-30 00:14:19.738508+02
10,18192,f,3612643954161087481,COPY  ( SELECT * FROM public.view_riksdagen_vote_data_ballot_politician_summary_daily ORDER BY random ( ) LIMIT $1 ) TO STDOUT WITH CSV HEADER,1,0.304223,0.304223,0.304223,0.304223,0,1,427.898782,427.898782,427.898782,427.898782,0,50000,2355,20638,0,0,0,0,0,0,0,0,0.537676,0,0,0,0,0,0,0,0,0,3,0.941889,0,0,1,0.405007,1,3.342219,1,0.689663,0,0,2026-08-30 00:15:40.827632+02,2026-08-30 00:15:40.827632+02
10,18192,f,3361801673664199461,COPY  ( SELECT * FROM public.document_activity_container ORDER BY random ( ) LIMIT $1 ) TO STDOUT CSV HEADER,1,0.246938,0.246938,0.246938,0.246938,0,1,13.274586999999999,13.274586999999999,13.274586999999999,13.274586999999999,0,3000,22,496,1,0,0,0,0,0,0,0,4.904203,0,0,0,0,0,1,1,2677,0,0,0,0,0,0,0,0,0,0,0,0,0,2026-08-30 00:11:54.429364+02,2026-08-30 00:11:54.429364+02
10,18192,f,7061527114676954251,COPY  ( SELECT * FROM public.rule_violation ORDER BY random ( ) LIMIT $1 ) TO STDOUT CSV HEADER,1,0.667638,0.667638,0.667638,0.667638,0,1,4.4442580000000005,4.4442580000000005,4.4442580000000005,4.4442580000000005,0,2298,99,130,0,0,0,0,0,0,0,0,3.126295,0,0,0,0,0,1,0,60,0,0,0,0,0,0,0,0,0,0,0,0,0,2026-08-30 00:12:14.354619+02,2026-08-30 00:12:14.354619+02
16384,18192,t,4249421108614723388,"INSERT INTO jv_snapshot ( type, global_id_fk, commit_fk, version, state, changed_properties, managed_type, snapshot_pk ) VALUES  ( $1,$2,$3,$4,$5,$6,$7,nextval($8) * $9 )",139,3.8516300000000006,0.003002,0.863596,0.027709568345323746,0.1018895655061023,50929,1458.5325520000074,0.009032,73.15163700000001,0.028638546839718098,0.5596984768301726,50929,945826,2964,9160,5320,0,0,0,0,0,0,255.07013600000033,41.629409999999964,0,0,0,0,265514,3819,58556641,0,0,0,0,0,0,0,0,0,0,0,0,0,2026-08-17 22:31:36.990728+02,2026-08-17 22:31:36.990728+02
10,18192,f,1878340132749517417,SELECT COUNT(*) FROM public.view_committee_productivity,1,0.776355,0.776355,0.776355,0.776355,0,1,234.078517,234.078517,234.078517,234.078517,0,1,28883,2655,0,1039,0,0,0,0,0,0,0.285627,1.311048,0,0,0,0,3,0,182,0,58,2.711634,0,0,1,0.922684,1,16.168981,1,0.967847,6,6,2026-08-30 00:12:15.855769+02,2026-08-30 00:12:15.855769+02
10,18192,t,8146756853509934695,COPY  ( SELECT * FROM public.jv_commit ORDER BY random ( ) LIMIT 5000 ) TO STDOUT CSV HEADER,0,0,0,0,0,0,1,922.062444,922.062444,922.062444,922.062444,0,5000,86,69644,55,0,0,0,0,0,0,0,257.271847,0,0,0,0,0,56,54,91614,0,0,0,0,0,0,0,0,0,0,0,0,0,2026-08-30 00:11:57.673881+02,2026-08-30 00:11:57.673881+02
16384,18192,t,-3788073843100985073,"select documentel0_.id as id1_26_, documentel0_.committee_report_url_xml as committe2_26_, documentel0_.created_date as created_3_26_, documentel0_.database_source as database4_26_, documentel0_.debate_name as debate_n5_26_, documentel0_.doc_type as doc_type6_26_, documentel0_.document_format as document7_26_, documentel0_.document_name as document8_26_, documentel0_.document_status_url_xml as document9_26_, documentel0_.document_type as documen10_26_, documentel0_.document_url_html as documen11_26_, documentel0_.document_url_text as documen12_26_, documentel0_.domain_org as domain_13_26_, documentel0_.hit as hit14_26_, documentel0_.kall_id as kall_id15_26_, documentel0_.label as label16_26_, documentel0_.lang as lang17_26_, documentel0_.made_public_date as made_pu18_26_, documentel0_.note as note19_26_, documentel0_.note_title as note_ti20_26_, documentel0_.number_value as number_21_26_, documentel0_.org as org22_26_, documentel0_.origin as origin23_26_, documentel0_.related_id as related24_26_, documentel0_.rm as rm25_26_, documentel0_.status as status26_26_, documentel0_.sub_title as sub_tit27_26_, documentel0_.sub_type as sub_typ28_26_, documentel0_.summary as summary29_26_, documentel0_.system_date as system_30_26_, documentel0_.temp_label as temp_la31_26_, documentel0_.title as title32_26_ from document_element documentel0_ order by documentel0_.created_date desc limit $1",1,8.698647,8.698647,8.698647,8.698647,0,1,60.892014,60.892014,60.892014,60.892014,0,250,45983,7,0,0,0,0,0,0,0,0,9.660744999999999,0,0,0,0,0,0,0,0,0,0,0,0,0,0,0,0,0,0,0,4,4,2026-08-17 22:34:43.409871+02,2026-08-17 22:34:43.409871+02
10,18192,t,7032533678882808702,"COPY  ( SELECT ballot_type AS value, COUNT ( * ) AS count FROM vote_meta_data WHERE ballot_type IS NOT NULL GROUP BY ballot_type ORDER BY count DESC, ballot_type LIMIT 1000 ) TO STDOUT WITH CSV HEADER",0,0,0,0,0,0,2,11.745235,3.072564,8.672671,5.8726175,2.8000534999999998,0,86,2,0,0,0,0,0,0,0,0,11.244845999999999,0,0,0,0,0,0,0,0,0,0,0,0,0,0,0,0,0,0,0,0,0,2026-08-15 13:41:17.971343+02,2026-08-15 13:41:17.971343+02
10,18192,f,8007760957015546918,"COPY  ( SELECT code AS value, COUNT ( * ) AS count FROM detail_element WHERE code IS NOT NULL GROUP BY code ORDER BY count DESC, code LIMIT $1 ) TO STDOUT WITH CSV HEADER",2,0.39333399999999996,0.159317,0.234017,0.19666699999999998,0.037350000000000015,2,0.007196,0.003582,0.003614,0.003598,1.5999999999999955e-05,0,46,2,0,0,0,0,0,0,0,0,0.302035,0,0,0,0,0,0,0,0,0,0,0,0,0,0,0,0,0,0,0,0,0,2026-08-15 13:41:17.11497+02,2026-08-15 13:41:17.11497+02
10,18192,f,-6789235062391444320,SELECT EXISTS(SELECT $1 FROM public.view_riksdagen_vote_data_ballot_party_summary_daily LIMIT $2),2,0.102487,0.048261,0.054226,0.0512435,0.0029825000000000008,2,0.010343999999999999,0.004993,0.005351,0.0051719999999999995,0.0001789999999999997,2,14,4,0,0,0,0,0,0,0,0,0.021938,0,0,0,0,0,0,0,0,0,0,0,0,0,0,0,0,0,0,0,0,0,2026-08-15 13:40:45.492082+02,2026-08-15 13:40:45.492082+02
10,18192,f,-2375565302269105697,COPY  ( SELECT * FROM public.jv_commit_property ORDER BY random ( ) LIMIT $1 ) TO STDOUT CSV HEADER,1,0.687099,0.687099,0.687099,0.687099,0,1,475.880653,475.880653,475.880653,475.880653,0,5000,60,30631,8,2926,0,0,0,0,0,0,45.64726,3.639127,0,0,0,0,8,8,2984,0,3,0.200644,1,0.699693,1,5.306821,1,3.215042,1,0.07182,0,0,2026-08-30 00:11:57.674526+02,2026-08-30 00:11:57.674526+02
10,18192,t,-7346731641686465515,COPY  ( SELECT * FROM public.view_riksdagen_vote_data_ballot_summary_weekly ORDER BY random ( ) LIMIT 688 ) TO STDOUT WITH CSV HEADER,0,0,0,0,0,0,1,4.336186,4.336186,4.336186,4.336186,0,688,91,15,0,0,0,0,0,0,0,0,3.243679,0,0,0,0,0,0,0,0,0,0,0,0,0,0,0,0,0,0,0,0,0,2026-08-30 00:15:41.54556+02,2026-08-30 00:15:41.54556+02
10,18192,f,-3994633221045967052,SELECT EXISTS(SELECT $1 FROM public.view_riksdagen_committee_decision_type_summary LIMIT $2),2,0.078974,0.038035,0.040939,0.039487,0.001452000000000002,2,0.0073100000000000005,0.0033859999999999997,0.003924,0.0036550000000000003,0.00026900000000000047,2,14,2,0,0,0,0,0,0,0,0,0.012925,0,0,0,0,0,0,0,0,0,0,0,0,0,0,0,0,0,0,0,0,0,2026-08-15 13:40:41.953997+02,2026-08-15 13:40:41.953997+02
10,18192,t,-3456488370934301646,"COPY  ( WITH temporal_strata AS ( SELECT *, ROW_NUMBER ( ) OVER ( PARTITION BY DATE_TRUNC ( 'week' , embedded_id_created_date ) ORDER BY random ( ) ) AS rn FROM public.view_application_action_event_page_modes_weekly_summary WHERE embedded_id_created_date >= CURRENT_DATE - INTERVAL '6 months' ) SELECT * FROM temporal_strata WHERE rn <= 2 LIMIT 326 ) TO STDOUT WITH CSV HEADER",0,0,0,0,0,0,1,0.514226,0.514226,0.514226,0.514226,0,24,39,0,0,0,0,0,0,0,0,0,0,0,0,0,0,0,0,0,0,0,0,0,0,0,0,0,0,0,0,0,0,0,2026-08-30 00:15:41.271972+02,2026-08-30 00:15:41.271972+02
10,18192,f,-731796369461404184,"COPY  ( SELECT lending_type_value AS value, COUNT ( * ) AS count FROM country_element WHERE lending_type_value IS NOT NULL GROUP BY lending_type_value ORDER BY count DESC, lending_type_value LIMIT $1 ) TO STDOUT WITH CSV HEADER",2,0.032124,0.014917,0.017207,0.016062,0.0011450000000000002,2,0.037906,0.018487,0.019419000000000002,0.018953,0.00046600000000000114,2,14,0,0,0,0,0,0,0,0,0,0,0,0,0,0,0,0,0,0,0,0,0,0,0,0,0,0,0,0,0,0,0,2026-08-15 13:41:17.114859+02,2026-08-15 13:41:17.114859+02
10,18192,f,6468961029145925799,SELECT COUNT(*) FROM public.view_riksdagen_politician_longevity_analysis,1,0.624678,0.624678,0.624678,0.624678,0,1,9698.843848999999,9698.843848999999,9698.843848999999,9698.843848999999,0,1,100818,0,0,0,0,0,0,0,0,0,0,0,0,0,0,0,0,0,0,0,30,1.776639,1,14.453907,1,130.626766,1,82.93267,1,1.007906,0,0,2026-08-30 00:15:06.856548+02,2026-08-30 00:15:06.856548+02
10,18192,f,-8369322949576234156,ANALYZE public.view_riksdagen_vote_data_ballot_politician_summary_daily,0,0,0,0,0,0,2,7357.298826,3611.367481,3745.931345,3678.649413,67.28193199999987,0,48087,42,49,0,0,0,0,0,0,0,0.739242,0,0,0,0,0,629,25,418922,0,0,0,0,0,0,0,0,0,0,0,0,0,2026-08-15 13:41:31.017255+02,2026-08-15 13:41:31.017255+02
10,18192,f,-3689228599708935233,"COPY  ( SELECT document_type AS value, COUNT ( * ) AS count FROM document_element WHERE document_type IS NOT NULL GROUP BY document_type ORDER BY count DESC, document_type LIMIT $1 ) TO STDOUT WITH CSV HEADER",2,0.22431,0.104956,0.119354,0.112155,0.0071990000000000075,2,84.987551,40.126269,44.861282,42.4937755,2.367506500000003,86,113,91009,0,0,0,0,0,0,0,0,19.944679,0,0,0,0,0,0,0,0,0,0,0,0,0,0,0,0,0,0,0,8,8,2026-08-15 13:41:16.809585+02,2026-08-15 13:41:16.809585+02
10,18192,f,-7497430287109430079,COPY  ( SELECT * FROM public.sweden_municipality_election_0 ORDER BY random ( ) LIMIT $1 ) TO STDOUT CSV HEADER,1,0.158321,0.158321,0.158321,0.158321,0,1,0.000266,0.000266,0.000266,0.000266,0,0,35,1,0,0,0,0,0,0,0,0,0.11503,0,0,0,0,0,0,0,0,0,0,0,0,0,0,0,0,0,0,0,0,0,2026-08-30 00:12:14.362412+02,2026-08-30 00:12:14.362412+02
10,18192,f,7178536351599869402,COPY  ( SELECT * FROM public.topics ORDER BY random ( ) LIMIT $1 ) TO STDOUT CSV HEADER,1,0.198202,0.198202,0.198202,0.198202,0,1,6.548213,6.548213,6.548213,6.548213,0,5000,23,145,0,0,0,0,0,0,0,0,2.598338,0,0,0,0,0,0,0,0,0,0,0,0,0,0,0,0,0,0,0,0,0,2026-08-30 00:12:14.366015+02,2026-08-30 00:12:14.366015+02
10,18192,f,-9005826679269338103,COPY  ( SELECT * FROM public.view_riksdagen_document_type_daily_summary ORDER BY random ( ) LIMIT $1 ) TO STDOUT WITH CSV HEADER,1,0.035323,0.035323,0.035323,0.035323,0,1,6.364064,6.364064,6.364064,6.364064,0,3000,20,298,0,0,0,0,0,0,0,0,0.093488,0,0,0,0,0,0,0,0,0,0,0,0,0,0,0,0,0,0,0,0,0,2026-08-30 00:15:40.760373+02,2026-08-30 00:15:40.760373+02
10,18192,f,-6838469647040172174,ANALYZE public.view_riksdagen_committee_decision_type_summary,0,0,0,0,0,0,2,5.992183000000001,2.980064,3.012119,2.9960915000000004,0.016027500000000194,0,238,133,7,0,0,0,0,0,0,0,0.4555,0,0,0,0,0,40,5,32492,0,0,0,0,0,0,0,0,0,0,0,0,0,2026-08-15 13:41:22.005996+02,2026-08-15 13:41:22.005996+02
10,18192,t,-6427891160466746494,"DROP FUNCTION IF EXISTS cia_percentile_sample(text, text, text)",0,0,0,0,0,0,2,0.178406,0.043506,0.1349,0.089203,0.04569699999999999,0,54,0,0,0,0,0,0,0,0,0,0,0,0,0,0,0,5,0,272,0,0,0,0,0,0,0,0,0,0,0,0,0,2026-08-15 13:40:34.254814+02,2026-08-15 13:40:34.254814+02
10,18192,f,9043821753138957163,view_record.viewname,2,0.001166,0.000564,0.000602,0.000583,1.9e-05,0,0,0,0,0,0,0,0,0,0,0,0,0,0,0,0,0,0,0,0,0,0,0,0,0,0,0,0,0,0,0,0,0,0,0,0,0,0,0,2026-08-15 13:41:18.065877+02,2026-08-15 13:41:18.065877+02
16384,18192,t,3510462705053523232,"select substring(documentel0_.created_date, $1, $2) as col_0_0_ from document_element documentel0_ group by substring(documentel0_.created_date, 0, 5) order by substring(documentel0_.created_date, 0, 5) asc",2,0.54253,0.098785,0.443745,0.271265,0.17247999999999997,2,1080.21708,61.073153,1019.143927,540.10854,479.03538699999996,54,45610,45506,0,0,0,0,0,0,0,0,27.596771,0,0,0,0,0,0,0,0,0,0,0,0,0,0,0,0,0,0,0,0,0,2026-08-29 13:39:11.276703+02,2026-08-29 13:39:11.276703+02
10,18192,t,6790545298037812171,COPY  ( SELECT * FROM public.qrtz_scheduler_state ORDER BY random ( ) LIMIT 1 ) TO STDOUT CSV HEADER,0,0,0,0,0,0,1,1.606769,1.606769,1.606769,1.606769,0,1,48,2,0,0,0,0,0,0,0,0,1.51366,0,0,0,0,0,0,0,0,0,0,0,0,0,0,0,0,0,0,0,0,0,2026-08-30 00:12:14.3498+02,2026-08-30 00:12:14.3498+02
10,18192,t,3608393498199917192,"COPY  ( SELECT chamber AS value, COUNT ( * ) AS count FROM document_proposal_data WHERE chamber IS NOT NULL GROUP BY chamber ORDER BY count DESC, chamber LIMIT 1000 ) TO STDOUT WITH CSV HEADER",0,0,0,0,0,0,2,36.731273,13.163342,23.567931,18.3656365,5.202294500000001,52,730,6202,0,0,0,0,0,0,0,0,30.442745000000002,0,0,0,0,0,0,0,0,0,0,0,0,0,0,0,0,0,0,0,0,0,2026-08-15 13:41:17.593289+02,2026-08-15 13:41:17.593289+02
10,18192,f,-6069743549945421443,COPY  ( SELECT * FROM public.document_container_element ORDER BY random ( ) LIMIT $1 ) TO STDOUT CSV HEADER,1,0.298748,0.298748,0.298748,0.298748,0,1,0.001002,0.001002,0.001002,0.001002,0,0,41,1,0,0,0,0,0,0,0,0,0.20835,0,0,0,0,0,0,0,0,0,0,0,0,0,0,0,0,0,0,0,0,0,2026-08-30 00:11:54.543621+02,2026-08-30 00:11:54.543621+02
10,18192,f,-4432671287487609783,ANALYZE public.view_riksdagen_committee_ballot_decision_politician_summary,0,0,0,0,0,0,2,6841.232639,3397.134493,3444.098146,3420.6163195,23.481826499999897,0,2150,210311,145,406,0,0,0,0,0,0,5.650176999999999,0.784125,0,0,0,0,648,118,770410,0,0,0,0,0,0,0,0,0,0,0,0,0,2026-08-15 13:41:21.954733+02,2026-08-15 13:41:21.954733+02
10,18192,f,-5644834265863792595,"COPY  ( SELECT ballot_summary_item AS value, COUNT ( * ) AS count FROM committee_proposal_data WHERE ballot_summary_item IS NOT NULL GROUP BY ballot_summary_item ORDER BY count DESC, ballot_summary_item LIMIT $1 ) TO STDOUT WITH CSV HEADER",2,0.176787,0.085299,0.091488,0.0883935,0.0030945,2,35.841525000000004,17.414742,18.426783,17.920762500000002,0.5060204999999991,2000,5792,4,0,0,0,0,0,0,0,0,0.019236999999999997,0,0,0,0,0,0,0,0,0,0,0,0,0,0,0,0,0,0,0,0,0,2026-08-15 13:41:17.096047+02,2026-08-15 13:41:17.096047+02
10,18192,f,4739706690336328479,"COPY  ( SELECT document_type AS value, COUNT ( * ) AS count FROM document_data WHERE document_type IS NOT NULL GROUP BY document_type ORDER BY count DESC, document_type LIMIT $1 ) TO STDOUT WITH CSV HEADER",2,0.37824,0.179939,0.198301,0.18912,0.009181000000000002,2,51.891084,12.73722,39.153864,25.945542,13.208321999999999,8,4749,4765,0,0,0,0,0,0,0,0,91.539153,0,0,0,0,0,0,0,0,0,0,0,0,0,0,0,0,0,0,0,6,6,2026-08-15 13:41:16.669101+02,2026-08-15 13:41:16.669101+02
16384,18192,t,4128863323929076317,update document_element set org=$1 where org=$2 or org=$3,11,1.350025,0.022241,0.445141,0.12272954545454547,0.14899406320348574,11,5297.539486,49.177457000000004,721.120752,481.5944987272727,259.48722841677915,0,145614,355094,1,0,0,0,0,0,0,0,3784.028301,0,0,0,0,0,2,1,4144,0,33,3.51694,0,0,11,1.7199200000000001,11,19.575185,11,1.7701440000000002,0,0,2026-08-17 22:31:37.57988+02,2026-08-17 22:31:37.57988+02
16384,18192,t,8353959249366975936,"select viewriksda0_.role_id as role_id1_118_, viewriksda0_.active as active2_118_, viewriksda0_.activity_level as activity3_118_, viewriksda0_.detail as detail4_118_, viewriksda0_.documents_last_year as document5_118_, viewriksda0_.first_name as first_na6_118_, viewriksda0_.from_date as from_dat7_118_, viewriksda0_.last_name as last_nam8_118_, viewriksda0_.party as party9_118_, viewriksda0_.person_id as person_10_118_, viewriksda0_.role_code as role_co11_118_, viewriksda0_.role_type as role_ty12_118_, viewriksda0_.to_date as to_date13_118_, viewriksda0_.total_days_served as total_d14_118_, viewriksda0_.total_documents as total_d15_118_, viewriksda0_.total_government_bills as total_g16_118_, viewriksda0_.total_propositions as total_p17_118_ from view_riksdagen_goverment_role_member viewriksda0_ where viewriksda0_.active=$1",1,0.94252,0.94252,0.94252,0.94252,0,1,19.351826,19.351826,19.351826,19.351826,0,24,8588,5,0,0,0,0,0,0,0,0,0.943252,0,0,0,0,0,0,0,0,0,0,0,0,0,0,0,0,0,0,0,5,5,2026-08-17 22:32:02.8278+02,2026-08-17 22:32:02.8278+02
10,18192,t,-5978061779249843003,DROP TABLE IF EXISTS cia_extraction_tracking,0,0,0,0,0,0,2,9.785021,3.131298,6.653723,4.8925105,1.7612125,0,79,27,0,0,0,0,0,0,0,0,3.095154,0,0,0,0,0,0,0,0,0,0,0,0,0,0,0,0,0,0,0,0,0,2026-08-15 13:40:34.233427+02,2026-08-15 13:40:34.233427+02
10,18192,t,2507970810162332716,"COPY  ( SELECT status AS value, COUNT ( * ) AS count FROM document_data WHERE status IS NOT NULL GROUP BY status ORDER BY count DESC, status LIMIT 2000 ) TO STDOUT WITH CSV HEADER",0,0,0,0,0,0,2,27.780983,13.042099,14.738884,13.8904915,0.8483925000000005,268,9333,1,0,0,0,0,0,0,0,0,0.00529,0,0,0,0,0,0,0,0,0,0,0,0,0,0,0,0,0,0,0,0,0,2026-08-15 13:41:16.695338+02,2026-08-15 13:41:16.695338+02
10,18192,t,-4714080691543813765,COPY  ( SELECT * FROM public.document_person_reference_da_0 ORDER BY random ( ) LIMIT 50000 ) TO STDOUT CSV HEADER,0,0,0,0,0,0,1,78.119911,78.119911,78.119911,78.119911,0,50000,65,3213,0,0,0,0,0,0,0,0,0.208087,0,0,0,0,0,1,0,68,0,0,0,0,0,0,0,0,0,0,0,0,0,2026-08-30 00:11:56.63499+02,2026-08-30 00:11:56.63499+02
10,18192,f,-649484804077758124,COPY  ( SELECT * FROM public.jv_snapshot ORDER BY random ( ) LIMIT $1 ) TO STDOUT CSV HEADER,1,1.903634,1.903634,1.903634,1.903634,0,1,13351.912688,13351.912688,13351.912688,13351.912688,0,5000,308,1062128,1375,0,0,0,0,0,0,0,9335.567163,0,0,0,0,0,1381,1375,2026438,0,3,0.313269,1,1.079474,1,10.558027,1,6.713695,1,0.155848,0,0,2026-08-30 00:12:00.963285+02,2026-08-30 00:12:00.963285+02
16384,18192,t,7876105982916088080,"select viewriksda0_.embedded_id_detail as embedded1_101_, viewriksda0_.embedded_id_org_code as embedded2_101_, viewriksda0_.active as active3_101_, viewriksda0_.activity_level as activity4_101_, viewriksda0_.avg_documents_per_member as avg_docu5_101_, viewriksda0_.current_leadership_positions as current_6_101_, viewriksda0_.current_member_size as current_7_101_, viewriksda0_.current_regular_members as current_8_101_, viewriksda0_.current_substitute_positions as current_9_101_, viewriksda0_.documents_last_year as documen10_101_, viewriksda0_.first_assignment_date as first_a11_101_, viewriksda0_.last_assignment_date as last_as12_101_, viewriksda0_.total_assignments as total_a13_101_, viewriksda0_.total_committee_motions as total_c14_101_, viewriksda0_.total_days_served as total_d15_101_, viewriksda0_.total_documents as total_d16_101_, viewriksda0_.total_follow_up_motions as total_f17_101_, viewriksda0_.total_leadership_positions as total_l18_101_, viewriksda0_.total_substitute_positions as total_s19_101_ from view_riksdagen_committee viewriksda0_",11,32.098849,0.302924,10.413224,2.918077181818182,3.833229280631572,11,3067.211155,268.925327,303.715315,278.8373777272727,8.884603621185104,352,94737,239,0,0,0,0,0,0,0,0,143.36789299999998,0,0,0,0,0,0,0,0,0,0,0,0,0,0,0,0,0,0,0,0,0,2026-08-17 22:31:52.472808+02,2026-08-17 22:31:52.472808+02
10,18192,t,8668231921748032641,"DO $$
DECLARE
    view_record RECORD;
    view_count INTEGER := 0;
    success_count INTEGER := 0;
    error_count INTEGER := 0;
    start_time TIMESTAMP;
    end_time TIMESTAMP;
    duration INTERVAL;
    total_mat_views INTEGER;
    total_reg_views INTEGER;
BEGIN
    start_time := clock_timestamp();
    
    -- Get counts for reporting
    SELECT COUNT(*) INTO total_mat_views FROM pg_matviews WHERE schemaname = 'public';
    SELECT COUNT(*) INTO total_reg_views FROM pg_views WHERE schemaname = 'public';
    
    RAISE NOTICE '================================================';
    RAISE NOTICE 'ANALYZE Phase: Only analyzing MATERIALIZED views';
    RAISE NOTICE '  - Materialized views to analyze: %', total_mat_views;
    RAISE NOTICE '  - Regular views (skipped - cannot be analyzed): %', total_reg_views;
    RAISE NOTICE '================================================';
    RAISE NOTICE '';
    RAISE NOTICE 'Note: Regular views cannot be ANALYZEd in PostgreSQL.';
    RAISE NOTICE '      They are virtual tables computed from their underlying query.';
    RAISE NOTICE '';
    
    -- Only analyze materialized views (regular views cannot be analyzed)
    RAISE NOTICE '--- Analyzing Materialized Views ---';
    RAISE NOTICE '';
    
    FOR view_record IN 
        SELECT schemaname, matviewname AS viewname
        FROM pg_matviews
        WHERE schemaname = 'public'
        ORDER BY matviewname
    LOOP
        BEGIN
            view_count := view_count + 1;
            RAISE NOTICE 'ANALYZE [%/%]: %.%', view_count, total_mat_views,
                view_record.schemaname, view_record.viewname;
            
            EXECUTE format('ANALYZE %I.%I', view_record.schemaname, view_record.viewname);
            success_count := success_count + 1;
            RAISE NOTICE '  ✓ Analyzed successfully';
            RAISE NOTICE '';
            
        EXCEPTION WHEN OTHERS THEN
            error_count := error_count + 1;
            RAISE NOTICE '  ✗ ERROR: %', SQLERRM;
            RAISE NOTICE '';
        END;
    END LOOP;
    
    end_time := clock_timestamp();
    duration := end_time - start_time;
    
    RAISE NOTICE '';
    RAISE NOTICE '================================================';
    RAISE NOTICE 'View analysis summary:';
    RAISE NOTICE '  Materialized views analyzed: %', view_count;
    RAISE NOTICE '  Successfully analyzed: %', success_count;
    RAISE NOTICE '  Errors: %', error_count;
    RAISE NOTICE '  Duration: %', duration;
    RAISE NOTICE '  Regular views skipped: % (cannot be analyzed)', total_reg_views;
    RAISE NOTICE '================================================';
    RAISE NOTICE '';
END $$",0,0,0,0,0,0,2,33995.464615000004,16342.885575,17652.57904,16997.732307500002,654.8467324999992,0,141250,516001,1184,433,0,0,0,0,0,0,40.020335,0.9153659999999999,0,0,0,0,8584,858,7280033,0,0,0,0,0,0,0,0,0,0,0,0,0,2026-08-15 13:41:34.407032+02,2026-08-15 13:41:34.407032+02
10,18192,f,-689827936885363317,"COPY  ( WITH temporal_buckets AS ( SELECT *, DATE_TRUNC ( $1 , period_end ) AS time_bucket, ROW_NUMBER ( ) OVER ( PARTITION BY DATE_TRUNC ( 'month' , period_end ) ORDER BY random ( ) ) AS rn FROM public.view_ministry_effectiveness_trends ) SELECT * FROM temporal_buckets WHERE rn = $2 ORDER BY time_bucket DESC LIMIT $3 ) TO STDOUT WITH CSV HEADER",1,0.775958,0.775958,0.775958,0.775958,0,1,67.414033,67.414033,67.414033,67.414033,0,12,8827,0,0,0,0,0,0,0,0,0,0,0,0,0,0,0,0,0,0,0,95,4.881787,0,0,1,2.123209,1,26.597383,1,2.749673,3,3,2026-08-30 00:16:07.143769+02,2026-08-30 00:16:07.143769+02
10,18192,t,-7109845068015003245,COPY  ( SELECT * FROM public.document_person_reference_co_0 ORDER BY random ( ) LIMIT 50000 ) TO STDOUT CSV HEADER,0,0,0,0,0,0,1,20.772103,20.772103,20.772103,20.772103,0,50000,43,437,0,0,0,0,0,0,0,0,0.208823,0,0,0,0,0,0,0,0,0,0,0,0,0,0,0,0,0,0,0,0,0,2026-08-30 00:11:56.556459+02,2026-08-30 00:11:56.556459+02
10,18192,f,5033420091493827513,COPY  ( SELECT * FROM public.committee_proposal_container ORDER BY random ( ) LIMIT $1 ) TO STDOUT CSV HEADER,1,0.36256,0.36256,0.36256,0.36256,0,1,3.0359100000000003,3.0359100000000003,3.0359100000000003,3.0359100000000003,0,8538,23,45,0,0,0,0,0,0,0,0,1.385176,0,0,0,0,0,0,0,0,0,0,0,0,0,0,0,0,0,0,0,0,0,2026-08-30 00:11:54.31852+02,2026-08-30 00:11:54.31852+02
10,18192,f,-1172090716379250553,success_count := success_count + $4,7,0.013325,0.000736,0.002755,0.0019035714285714285,0.0006489710222768826,0,0,0,0,0,0,0,0,0,0,0,0,0,0,0,0,0,0,0,0,0,0,0,0,0,0,0,0,0,0,0,0,0,0,0,0,0,0,0,2026-08-15 13:40:34.315009+02,2026-08-15 13:40:34.315009+02
10,18192,f,-7904897279787146051,REFRESH MATERIALIZED VIEW public.view_riksdagen_vote_data_ballot_politician_summary_annual,0,0,0,0,0,0,2,1049.0845319999999,431.365853,617.718679,524.5422659999999,93.176413,20034,7135,45578,908,899,0,0,0,0,132,124,266.16474999999997,0.46957099999999996,0,0,0.090751,0.278553,20692,104,7563736,0,0,0,0,0,0,0,0,0,0,0,0,0,2026-08-15 13:41:03.853381+02,2026-08-15 13:41:03.853381+02
16384,18192,t,8650486805494685909,"select portals0_.portals_agency_hjid as portals_8_49_1_, portals0_.hjid as hjid1_49_1_, portals0_.hjid as hjid1_49_0_, portals0_.description as descript2_49_0_, portals0_.google_map_api_key as google_m3_49_0_, portals0_.model_object_id as model_ob4_49_0_, portals0_.model_object_version as model_ob5_49_0_, portals0_.portal_name as portal_n6_49_0_, portals0_.portal_type as portal_t7_49_0_, portals0_1_.domain_name as domain_n1_34_0_, case when portals0_1_.hjid is not null then $2 when portals0_.hjid is not null then $3 end as clazz_0_ from portal portals0_ left outer join domain_portal portals0_1_ on portals0_.hjid=portals0_1_.hjid where portals0_.portals_agency_hjid=$1",2,0.962393,0.277208,0.685185,0.4811965,0.20398850000000002,2,0.361958,0.086822,0.275136,0.180979,0.09415699999999999,4,156,6,0,0,0,0,0,0,0,0,0.743483,0,0,0,0,0,0,0,0,0,0,0,0,0,0,0,0,0,0,0,0,0,2026-08-17 22:31:36.079485+02,2026-08-17 22:31:36.079485+02
10,18192,t,-4533646424110797197,"COPY  ( WITH temporal_strata AS ( SELECT *, ROW_NUMBER ( ) OVER ( PARTITION BY DATE_TRUNC ( 'week' , embedded_id_created_date ) ORDER BY random ( ) ) AS rn FROM public.view_application_action_event_page_weekly_summary WHERE embedded_id_created_date >= CURRENT_DATE - INTERVAL '6 months' ) SELECT * FROM temporal_strata WHERE rn <= 2 LIMIT 160 ) TO STDOUT WITH CSV HEADER",0,0,0,0,0,0,1,0.396194,0.396194,0.396194,0.396194,0,24,39,0,0,0,0,0,0,0,0,0,0,0,0,0,0,0,0,0,0,0,0,0,0,0,0,0,0,0,0,0,0,0,2026-08-30 00:15:41.272533+02,2026-08-30 00:15:41.272533+02
10,18192,f,-2920730117125885460,SELECT COUNT(*) FROM public.view_riksdagen_party_defector_analysis,1,0.796361,0.796361,0.796361,0.796361,0,1,2812.09378,2812.09378,2812.09378,2812.09378,0,1,1955186,41325,0,0,0,0,0,0,7905,7905,654.90763,0,0,0,7.048809,17.560787,0,0,0,0,178,5.559129,1,24.656751,1,524.691326,1,361.072777,1,2.713443,5,5,2026-08-30 00:14:20.17683+02,2026-08-30 00:14:20.17683+02
16384,18192,t,8576977707689246625,"select documentda0_.id as id1_23_0_, documentda0_.committee_report_url_xml as committe2_23_0_, documentda0_.document_status_url_www as document3_23_0_, documentda0_.document_status_url_xml as document4_23_0_, documentda0_.document_type as document5_23_0_, documentda0_.document_url_html as document6_23_0_, documentda0_.document_url_text as document7_23_0_, documentda0_.final_number as final_nu8_23_0_, documentda0_.hangar_id as hangar_i9_23_0_, documentda0_.label as label10_23_0_, documentda0_.made_public_date as made_pu11_23_0_, documentda0_.number_value as number_12_23_0_, documentda0_.org as org13_23_0_, documentda0_.rm as rm14_23_0_, documentda0_.status as status15_23_0_, documentda0_.sub_title as sub_tit16_23_0_, documentda0_.sub_type as sub_typ17_23_0_, documentda0_.temp_label as temp_la18_23_0_, documentda0_.title as title19_23_0_ from document_data documentda0_ where documentda0_.id=$1",70,3.6389849999999995,0.024798,0.26239,0.051985500000000004,0.042808497571577,107834,1489.3207709999726,0.004381,8.725294,0.013811235519409588,0.10720795403380085,107834,430796,2408,0,0,0,0,0,0,0,0,431.90550399999915,0,0,0,0,0,0,0,0,0,0,0,0,0,0,0,0,0,0,0,0,0,2026-08-29 13:42:50.838945+02,2026-08-29 13:42:50.838945+02
10,18192,t,4809735573446988529,COPY  ( SELECT * FROM public.qrtz_fired_triggers ORDER BY random ( ) LIMIT 1 ) TO STDOUT CSV HEADER,0,0,0,0,0,0,1,1.349902,1.349902,1.349902,1.349902,0,0,175,8,1,0,0,0,0,0,0,0,1.174509,0,0,0,0,0,1,1,794,0,0,0,0,0,0,0,0,0,0,0,0,0,2026-08-30 00:12:14.345795+02,2026-08-30 00:12:14.345795+02
10,18192,f,-2290250258436678948,"COPY  ( SELECT sub_type AS value, COUNT ( * ) AS count FROM document_data WHERE sub_type IS NOT NULL GROUP BY sub_type ORDER BY count DESC, sub_type LIMIT $1 ) TO STDOUT WITH CSV HEADER",2,0.155195,0.073828,0.081367,0.0775975,0.003769499999999995,2,28.689567,14.006213,14.683354,14.3447835,0.33857049999999944,32,9334,0,0,0,0,0,0,0,0,0,0,0,0,0,0,0,0,0,0,0,0,0,0,0,0,0,0,0,0,0,6,6,2026-08-15 13:41:16.726245+02,2026-08-15 13:41:16.726245+02
10,18192,t,4959235518634797930,COPY  ( SELECT * FROM public.world_bank_data ORDER BY random ( ) LIMIT 5000 ) TO STDOUT CSV HEADER,0,0,0,0,0,0,1,119.888598,119.888598,119.888598,119.888598,0,5000,27,10354,0,3989,0,0,0,0,0,0,0.265988,4.599189,0,0,0,0,1,0,56,0,0,0,0,0,0,0,0,0,0,0,0,0,2026-08-30 00:12:15.723726+02,2026-08-30 00:12:15.723726+02
10,18192,f,3175927099806112487,"COPY  ( SELECT document_format AS value, COUNT ( * ) AS count FROM document_element WHERE document_format IS NOT NULL GROUP BY document_format ORDER BY count DESC, document_format LIMIT $1 ) TO STDOUT WITH CSV HEADER",2,0.165054,0.080169,0.084885,0.082527,0.002357999999999999,2,52.339565,24.995137,27.344428,26.1697825,1.1746455000000005,2,91075,1,0,0,0,0,0,0,0,0,0.005859,0,0,0,0,0,0,0,0,0,0,0,0,0,0,0,0,0,0,0,8,8,2026-08-15 13:41:17.390867+02,2026-08-15 13:41:17.390867+02
10,18192,f,332232609321972980,"COPY  ( SELECT rm AS value, COUNT ( * ) AS count FROM committee_document_data WHERE rm IS NOT NULL GROUP BY rm ORDER BY count DESC, rm LIMIT $1 ) TO STDOUT WITH CSV HEADER",2,0.043961,0.019401,0.02456,0.0219805,0.0025794999999999985,2,2.0387459999999997,1.0082389999999999,1.030507,1.0193729999999999,0.011134000000000144,56,824,0,0,0,0,0,0,0,0,0,0,0,0,0,0,0,0,0,0,0,0,0,0,0,0,0,0,0,0,0,0,0,2026-08-15 13:41:16.743511+02,2026-08-15 13:41:16.743511+02
16384,18192,t,-7936722866121947578,"select viewriksda0_.person_id as person_i1_137_, viewriksda0_.active as active2_137_, viewriksda0_.active_committee as active_c3_137_, viewriksda0_.active_eu as active_e4_137_, viewriksda0_.active_government as active_g5_137_, viewriksda0_.active_parliament as active_p6_137_, viewriksda0_.active_party as active_p7_137_, viewriksda0_.active_speaker as active_s8_137_, viewriksda0_.average_docs_per_year as average_9_137_, viewriksda0_.born_year as born_ye10_137_, viewriksda0_.collaboration_percentage as collabo11_137_, viewriksda0_.committee_motions as committ12_137_, viewriksda0_.current_assignments as current13_137_, viewriksda0_.current_committee_assignments as current14_137_, viewriksda0_.current_committee_chair_assignments as current15_137_, viewriksda0_.current_committee_leadership_assignments as current16_137_, viewriksda0_.current_committee_substitute_assignments as current17_137_, viewriksda0_.current_committee_vice_chair_all_assignments as current18_137_, viewriksda0_.current_ministry_assignments as current19_137_, viewriksda0_.current_party_assignments as current20_137_, viewriksda0_.current_party_leader_assignments as current21_137_, viewriksda0_.current_party_secretary_assignments as current22_137_, viewriksda0_.current_speaker_assignments as current23_137_, viewriksda0_.current_statsminister_assignments as current24_137_, viewriksda0_.current_suppleant_assignments as current25_137_, viewriksda0_.doc_activity_level as doc_act26_137_, viewriksda0_.doc_activity_profile as doc_act27_137_, viewriksda0_.document_types as documen28_137_, viewriksda0_.document_years_active as documen29_137_, viewriksda0_.documents_last_year as documen30_137_, viewriksda0_.first_assignment_date as first_a31_137_, viewriksda0_.first_document_date as first_d32_137_, viewriksda0_.first_name as first_n33_137_, viewriksda0_.follow_up_motions as follow_34_137_, viewriksda0_.gender as gender35_137_, viewriksda0_.individual_motions as individ36_137_, viewriksda0_.last_assignment_date as last_as37_137_, viewriksda0_.last_document_date as last_do38_137_, viewriksda0_.last_name as last_na39_137_, viewriksda0_.multi_party_motions as multi_p40_137_, viewriksda0_.party as party41_137_, viewriksda0_.party_motions as party_m42_137_, viewriksda0_.total_assignments as total_a43_137_, viewriksda0_.total_committee_assignments as total_c44_137_, viewriksda0_.total_committee_chair_assignments as total_c45_137_, viewriksda0_.total_committee_leadership_assignments as total_c46_137_, viewriksda0_.total_committee_substitute_assignments as total_c47_137_, viewriksda0_.total_committee_vice_chair_all_assignments as total_c48_137_, viewriksda0_.total_days_served as total_d49_137_, viewriksda0_.total_days_served_committee as total_d50_137_, viewriksda0_.total_days_served_committee_leadership as total_d51_137_, viewriksda0_.total_days_served_committee_substitute as total_d52_137_, viewriksda0_.total_days_served_eu as total_d53_137_, viewriksda0_.total_days_served_government as total_d54_137_, viewriksda0_.total_days_served_parliament as total_d55_137_, viewriksda0_.total_days_served_party as total_d56_137_, viewriksda0_.total_days_served_speaker as total_d57_137_, viewriksda0_.total_documents as total_d58_137_, viewriksda0_.total_ministry_assignments as total_m59_137_, viewriksda0_.total_party_assignments as total_p60_137_, viewriksda0_.total_party_leader_assignments as total_p61_137_, viewriksda0_.total_party_secretary_assignments as total_p62_137_, viewriksda0_.total_speaker_assignments as total_s63_137_, viewriksda0_.total_statsminister_assignments as total_s64_137_, viewriksda0_.total_suppleant_assignments as total_s65_137_ from view_riksdagen_politician viewriksda0_ where viewriksda0_.active=$1",2,4.677740999999999,2.180281,2.49746,2.3388704999999996,0.15858950000000005,2,97.701108,48.467026000000004,49.234082,48.850554,0.3835279999999983,824,2739,248,0,0,0,0,0,0,0,0,5.933617,0,0,0,0,0,0,0,0,0,0,0,0,0,0,0,0,0,0,0,2,2,2026-08-17 22:31:50.059626+02,2026-08-17 22:31:50.059626+02
10,18192,f,-8256268635023959251,"COPY  ( WITH temporal_strata AS ( SELECT *, ROW_NUMBER ( ) OVER ( PARTITION BY DATE_TRUNC ( $1 , embedded_id_created_date ) ORDER BY random ( ) ) AS rn FROM public.view_application_action_event_page_element_weekly_summary WHERE embedded_id_created_date >= CURRENT_DATE - INTERVAL $2 ) SELECT * FROM temporal_strata WHERE rn <= $3 LIMIT $4 ) TO STDOUT WITH CSV HEADER",1,0.122815,0.122815,0.122815,0.122815,0,1,0.312295,0.312295,0.312295,0.312295,0,21,39,0,0,0,0,0,0,0,0,0,0,0,0,0,0,0,0,0,0,0,0,0,0,0,0,0,0,0,0,0,0,0,2026-08-30 00:15:41.270842+02,2026-08-30 00:15:41.270842+02
10,18192,f,-949288909788824695,SELECT COUNT(*) FROM public.view_ministry_decision_impact,1,0.413801,0.413801,0.413801,0.413801,0,1,23.892298,23.892298,23.892298,23.892298,0,1,26419,476,0,0,0,0,0,0,0,0,8.721773,0,0,0,0,0,0,0,0,0,0,0,0,0,0,0,0,0,0,0,2,2,2026-08-30 00:14:15.218116+02,2026-08-30 00:14:15.218116+02
10,18192,t,7205021512611081133,"COPY  ( SELECT role_code AS value, COUNT ( * ) AS count FROM assignment_element WHERE role_code IS NOT NULL GROUP BY role_code ORDER BY count DESC, role_code LIMIT 1000 ) TO STDOUT WITH CSV HEADER",0,0,0,0,0,0,2,0.054900000000000004,0.025361,0.029539,0.027450000000000002,0.0020889999999999997,0,6,0,0,0,0,0,0,0,0,0,0,0,0,0,0,0,0,0,0,0,0,0,0,0,0,0,0,0,0,0,0,0,2026-08-15 13:41:17.078618+02,2026-08-15 13:41:17.078618+02
10,18192,t,-4579801681202434053,COPY  ( SELECT * FROM public.document_data ORDER BY random ( ) LIMIT 3000 ) TO STDOUT CSV HEADER,0,0,0,0,0,0,1,86.064646,86.064646,86.064646,86.064646,0,3000,4732,8,0,0,0,0,0,0,0,0,0.024752,0,0,0,0,0,1,0,74,0,0,0,0,0,0,0,0,0,0,0,0,0,2026-08-30 00:11:56.20425+02,2026-08-30 00:11:56.20425+02
16384,18192,t,9020234431032816777,"select documentat0_.hjid as hjid1_20_0_ from document_attachment_container documentat0_ where documentat0_.hjid in ($1 /*, ... */)",22,0.9892660000000001,0.020287,0.307248,0.044966636363636354,0.058498582453334586,170,12.668960000000002,0.024847,1.031806,0.07452329411764706,0.13134341128796886,16980,1720,254,0,0,0,0,0,0,0,0,5.945096,0,0,0,0,0,0,0,0,0,0,0,0,0,0,0,0,0,0,0,0,0,2026-08-29 13:39:20.510041+02,2026-08-29 13:39:20.510041+02
10,18192,f,5057904084291122009,COPY  ( SELECT * FROM public.against_proposal_data ORDER BY random ( ) LIMIT $1 ) TO STDOUT CSV HEADER,1,0.089927,0.089927,0.089927,0.089927,0,1,10.043545,10.043545,10.043545,10.043545,0,3000,718,3,0,0,0,0,0,0,0,0,0.024577,0,0,0,0,0,3,0,202,0,0,0,0,0,0,0,0,0,0,0,0,0,2026-08-30 00:11:54.27639+02,2026-08-30 00:11:54.27639+02
10,18192,f,2948940598555018145,"COPY  ( SELECT origin AS value, COUNT ( * ) AS count FROM document_element WHERE origin IS NOT NULL GROUP BY origin ORDER BY count DESC, origin LIMIT $1 ) TO STDOUT WITH CSV HEADER",2,0.149111,0.072087,0.077024,0.0745555,0.0024684999999999985,2,63.070715,29.203767,33.866948,31.5353575,2.331590500000001,76,91076,0,0,0,0,0,0,0,0,0,0,0,0,0,0,0,0,0,0,0,0,0,0,0,0,0,0,0,0,0,8,8,2026-08-15 13:41:17.509691+02,2026-08-15 13:41:17.509691+02
16384,18192,t,2952858318360288056,update person_data set party=$1 where party=$2,11,1.232983,0.023511,0.439721,0.11208936363636364,0.1479194531046436,11,3.467924,0.255147,0.360418,0.3152658181818182,0.031139651763739142,0,2140,4,0,0,0,0,0,0,0,0,0.646014,0,0,0,0,0,0,0,0,0,0,0,0,0,0,0,0,0,0,0,0,0,2026-08-17 22:31:37.579239+02,2026-08-17 22:31:37.579239+02
10,18192,f,2620928410123248062,view_record.schemaname,2,0.001214,0.000606,0.000608,0.000607,1.0000000000000243e-06,0,0,0,0,0,0,0,0,0,0,0,0,0,0,0,0,0,0,0,0,0,0,0,0,0,0,0,0,0,0,0,0,0,0,0,0,0,0,0,2026-08-15 13:41:18.065866+02,2026-08-15 13:41:18.065866+02
10,18192,f,-8731472608132907173,COPY  ( SELECT * FROM public.qrtz_cron_triggers ORDER BY random ( ) LIMIT $1 ) TO STDOUT CSV HEADER,1,0.035048,0.035048,0.035048,0.035048,0,1,0.018265,0.018265,0.018265,0.018265,0,4,38,2,0,0,0,0,0,0,0,0,0.009917,0,0,0,0,0,0,0,0,0,0,0,0,0,0,0,0,0,0,0,0,0,2026-08-30 00:12:14.344319+02,2026-08-30 00:12:14.344319+02
10,18192,t,-1376898542841676567,"COPY  ( WITH temporal_buckets AS ( SELECT *, DATE_TRUNC ( 'month' , period_end ) AS time_bucket, ROW_NUMBER ( ) OVER ( PARTITION BY DATE_TRUNC ( 'month' , period_end ) ORDER BY random ( ) ) AS rn FROM public.view_ministry_effectiveness_trends ) SELECT * FROM temporal_buckets WHERE rn = 1 ORDER BY time_bucket DESC LIMIT 12 ) TO STDOUT WITH CSV HEADER",0,0,0,0,0,0,1,73.430398,73.430398,73.430398,73.430398,0,12,8827,0,0,0,0,0,0,0,0,0,0,0,0,0,0,0,0,0,0,0,0,0,0,0,0,0,0,0,0,0,0,0,2026-08-30 00:16:07.21714+02,2026-08-30 00:16:07.21714+02
10,18192,f,3632810561109196922,ANALYZE public.view_riksdagen_org_document_daily_summary,0,0,0,0,0,0,2,209.449445,104.107905,105.34154,104.7247225,0.6168174999999962,0,239,1414,3,0,0,0,0,0,0,0,0.72531,0,0,0,0,0,47,3,36852,0,0,0,0,0,0,0,0,0,0,0,0,0,2026-08-15 13:41:22.425855+02,2026-08-15 13:41:22.425855+02
10,18192,f,-6531603275835479314,"COPY  ( WITH temporal_buckets AS ( SELECT *, DATE_TRUNC ( $1 , election_date ) AS time_bucket, ROW_NUMBER ( ) OVER ( PARTITION BY DATE_TRUNC ( 'month' , election_date ) ORDER BY random ( ) ) AS rn FROM public.view_riksdagen_election_proximity_trends ) SELECT * FROM temporal_buckets WHERE rn = $2 ORDER BY time_bucket DESC LIMIT $3 ) TO STDOUT WITH CSV HEADER",1,4.987367,4.987367,4.987367,4.987367,0,1,22738.645532,22738.645532,22738.645532,22738.645532,0,1,63446891,225,0,0,0,0,0,0,279537,279598,0.464368,0,0,0,224.253859,497.998196,0,0,0,0,388,13.966569,1,22.240572,1,1708.263068,1,1223.969176,1,7.121524,15,15,2026-08-30 00:16:07.416269+02,2026-08-30 00:16:07.416269+02
10,18192,f,-967012216799943671,SELECT EXISTS(SELECT $1 FROM public.view_riksdagen_vote_data_ballot_summary_monthly LIMIT $2),2,0.061873,0.028023,0.03385,0.0309365,0.0029134999999999994,2,0.006796,0.003365,0.003431,0.003398,3.300000000000004e-05,2,14,2,0,0,0,0,0,0,0,0,0.010241,0,0,0,0,0,0,0,0,0,0,0,0,0,0,0,0,0,0,0,0,0,2026-08-15 13:41:15.792712+02,2026-08-15 13:41:15.792712+02
10,18192,f,-4827468049313886024,REFRESH MATERIALIZED VIEW public.mv_annual_voting_metrics,0,0,0,0,0,0,2,7144.719947,3534.932039,3609.787908,3572.3599735,37.42793449999999,50,37572,154472,26,4,0,0,0,0,66206,66216,59.204764,0.052951,0,0,59.431093,123.466257,435,29,59139,0,0,0,0,0,0,0,0,0,0,0,0,0,2026-08-15 13:40:37.924887+02,2026-08-15 13:40:37.924887+02
10,18192,f,-7912741906916110708,COPY  ( SELECT * FROM public.indicators_element ORDER BY random ( ) LIMIT $1 ) TO STDOUT CSV HEADER,1,0.37508,0.37508,0.37508,0.37508,0,1,0.0008870000000000001,0.0008870000000000001,0.0008870000000000001,0.0008870000000000001,0,0,27,1,0,0,0,0,0,0,0,0,0.252557,0,0,0,0,0,0,0,0,0,0,0,0,0,0,0,0,0,0,0,0,0,2026-08-30 00:11:56.750959+02,2026-08-30 00:11:56.750959+02
10,18192,f,-5783395233495292192,COPY  ( SELECT * FROM public.sweden_parliament_electoral__1 ORDER BY random ( ) LIMIT $1 ) TO STDOUT CSV HEADER,1,0.149959,0.149959,0.149959,0.149959,0,1,0.000282,0.000282,0.000282,0.000282,0,0,33,1,0,0,0,0,0,0,0,0,0.115282,0,0,0,0,0,0,0,0,0,0,0,0,0,0,0,0,0,0,0,0,0,2026-08-30 00:12:14.362996+02,2026-08-30 00:12:14.362996+02
10,18192,f,-8315969249588938190,max_passes,8,0.0059370000000000004,0.000563,0.001016,0.000742125,0.0001534555615642522,0,0,0,0,0,0,0,0,0,0,0,0,0,0,0,0,0,0,0,0,0,0,0,0,0,0,0,0,0,0,0,0,0,0,0,0,0,0,0,2026-08-15 13:40:34.26712+02,2026-08-15 13:40:34.26712+02
10,18192,f,-8200300352006893633,extract_count,1,0.011244,0.011244,0.011244,0.011244,0,0,0,0,0,0,0,0,0,0,0,0,0,0,0,0,0,0,0,0,0,0,0,0,0,0,0,0,0,0,0,0,0,0,0,0,0,0,0,0,2026-08-30 00:15:40.736714+02,2026-08-30 00:15:40.736714+02
10,18192,t,-5587201532269990076,COPY  ( SELECT * FROM public.person_assignment_element ORDER BY random ( ) LIMIT 0 ) TO STDOUT CSV HEADER,0,0,0,0,0,0,1,0.229228,0.229228,0.229228,0.229228,0,0,39,1,0,0,0,0,0,0,0,0,0.121362,0,0,0,0,0,0,0,0,0,0,0,0,0,0,0,0,0,0,0,0,0,2026-08-30 00:12:14.335234+02,2026-08-30 00:12:14.335234+02
10,18192,f,634885081370980802,COPY  ( SELECT * FROM public.person_detail_element ORDER BY random ( ) LIMIT $1 ) TO STDOUT CSV HEADER,1,0.192942,0.192942,0.192942,0.192942,0,1,0.000427,0.000427,0.000427,0.000427,0,0,21,1,0,0,0,0,0,0,0,0,0.152782,0,0,0,0,0,0,0,0,0,0,0,0,0,0,0,0,0,0,0,0,0,2026-08-30 00:12:14.342769+02,2026-08-30 00:12:14.342769+02
10,18192,f,-3318400180306477043,ANALYZE public.view_riksdagen_vote_data_ballot_politician_summary,0,0,0,0,0,0,2,6740.882995,2916.425513,3824.457482,3370.4414975,454.01598449999983,0,26707,275126,57,0,0,0,0,0,0,0,5.912991,0,0,0,0,0,454,40,360411,0,0,0,0,0,0,0,0,0,0,0,0,0,2026-08-15 13:41:27.141522+02,2026-08-15 13:41:27.141522+02
16384,18192,t,4862683025097355567,"insert into document_activity_data (activity_name, code, created_date, order_number, process, status, hjid) values ($1, $2, $3, $4, $5, $6, $7)",28,0.139722,0.002844,0.018286,0.004990071428571428,0.0031178562452952394,30,1.8143149999999997,0.001923,0.911067,0.06047716666666668,0.20088801135078277,30,162,8,5,0,0,0,0,0,0,0,1.425846,0,0,0,0,0,60,5,16574,0,0,0,0,0,0,0,0,0,0,0,0,0,2026-08-29 14:13:31.814748+02,2026-08-29 14:13:31.814748+02
10,18192,f,99674154865918995,REFRESH MATERIALIZED VIEW public.view_riksdagen_committee_decision_type_summary,0,0,0,0,0,0,2,37.912607,18.134606,19.778001,18.9563035,0.8216974999999991,9512,5595,6,87,131,0,0,0,0,0,0,0.066742,0.156401,0,0,0,0,9864,36,983544,0,0,0,0,0,0,0,0,0,0,0,0,0,2026-08-15 13:40:41.953947+02,2026-08-15 13:40:41.953947+02
10,18192,f,-2322859854223391127,ANALYZE public.view_riksdagen_politician_document_daily_summary,0,0,0,0,0,0,2,127.034999,62.07485,64.960149,63.5174995,1.4426495000000017,0,908,587,11,0,0,0,0,0,0,0,0.353114,0,0,0,0,0,80,6,60160,0,0,0,0,0,0,0,0,0,0,0,0,0,2026-08-15 13:41:23.489754+02,2026-08-15 13:41:23.489754+02
16384,18192,t,3586246801537097817,delete from rule_violation where id=$1,41,0.6851440000000001,0.004409,0.049626,0.01671082926829268,0.016071341255518738,25278,2357.306688000001,0.06983299999999999,1.153619,0.09325526892950367,0.016994853346363817,25278,3210955,0,608,0,0,0,0,0,0,0,0,0,0,0,0,0,25278,608,2512376,0,0,0,0,0,0,0,0,0,0,0,0,0,2026-08-17 22:31:59.394336+02,2026-08-17 22:31:59.394336+02
10,18192,f,-4325814347042557122,ANALYZE public.view_riksdagen_vote_data_ballot_party_summary_daily,0,0,0,0,0,0,2,167.94329499999998,82.706195,85.2371,83.97164749999999,1.2654525000000056,0,2487,42,44,0,0,0,0,0,0,0,0.119253,0,0,0,0,0,387,30,288294,0,0,0,0,0,0,0,0,0,0,0,0,0,2026-08-15 13:41:24.164693+02,2026-08-15 13:41:24.164693+02
16384,18192,t,-1450248187242999225,REFRESH MATERIALIZED VIEW public.view_riksdagen_committee_decision_type_org_summary,0,0,0,0,0,0,11,332.223245,28.210384,33.144247,30.20211318181818,1.3308356509297463,111606,32553,21,1074,1419,0,0,0,0,0,0,2.879801,0.910728,0,0,0,0,113619,159,11967157,0,0,0,0,0,0,0,0,0,0,0,0,0,2026-08-17 22:31:43.403269+02,2026-08-17 22:31:43.403269+02
10,18192,f,4927850161621531639,COPY  ( SELECT * FROM public.view_riksdagen_vote_data_ballot_party_summary_monthly ORDER BY random ( ) LIMIT $1 ) TO STDOUT WITH CSV HEADER,1,0.10385,0.10385,0.10385,0.10385,0,1,2.82898,2.82898,2.82898,2.82898,0,1850,160,0,0,0,0,0,0,0,0,0,0,0,0,0,0,0,0,0,0,0,0,0,0,0,0,0,0,0,0,0,0,0,2026-08-30 00:15:41.545783+02,2026-08-30 00:15:41.545783+02
10,18192,t,3321489961920522768,COPY  ( SELECT * FROM public.document_element ORDER BY random ( ) LIMIT 3000 ) TO STDOUT CSV HEADER,0,0,0,0,0,0,1,243.945999,243.945999,243.945999,243.945999,0,3000,45749,89,0,0,0,0,0,0,0,0,17.188307,0,0,0,0,0,11,0,740,0,0,0,0,0,0,0,0,0,0,0,0,0,2026-08-30 00:11:56.534303+02,2026-08-30 00:11:56.534303+02
10,18192,t,4616388647040773372,COPY  ( SELECT * FROM public.document_detail_container ORDER BY random ( ) LIMIT 3000 ) TO STDOUT CSV HEADER,0,0,0,0,0,0,1,26.175343,26.175343,26.175343,26.175343,0,3000,43,489,1,0,0,0,0,0,0,0,17.704522,0,0,0,0,0,1,1,1469,0,0,0,0,0,0,0,0,0,0,0,0,0,2026-08-30 00:11:56.230774+02,2026-08-30 00:11:56.230774+02
10,18192,f,-5304297927152709639,COPY  ( SELECT * FROM public.qrtz_calendars ORDER BY random ( ) LIMIT $1 ) TO STDOUT CSV HEADER,1,0.181853,0.181853,0.181853,0.181853,0,1,0.000346,0.000346,0.000346,0.000346,0,0,26,1,0,0,0,0,0,0,0,0,0.143268,0,0,0,0,0,0,0,0,0,0,0,0,0,0,0,0,0,0,0,0,0,2026-08-30 00:12:14.344035+02,2026-08-30 00:12:14.344035+02
16384,18192,t,-6349966377797094098,"select documentpr0_.hjid as hjid1_29_0_, documentpr0_.proposal_document_proposal_c_0 as proposal2_29_0_, documentpr1_.hjid as hjid1_30_1_, documentpr1_.chamber as chamber2_30_1_, documentpr1_.committee as committe3_30_1_, documentpr1_.decision_type as decision4_30_1_, documentpr1_.designation as designat5_30_1_, documentpr1_.processed_in as processe6_30_1_, documentpr1_.proposal_number as proposal7_30_1_, documentpr1_.wording as wording8_30_1_, documentpr1_.wording_2 as wording_9_30_1_, documentpr1_.wording_3 as wording10_30_1_, documentpr1_.wording_4 as wording11_30_1_ from document_proposal_container documentpr0_ left outer join document_proposal_data documentpr1_ on documentpr0_.proposal_document_proposal_c_0=documentpr1_.hjid where documentpr0_.hjid=$1",70,17.358428,0.080859,8.908497,0.2479775428571428,1.0446744695216876,98514,1545.4556239999852,0.004815,9.174624,0.015687675091865014,0.13080786532880934,98514,588962,4043,0,0,0,0,0,0,0,0,547.0920870000012,0,0,0,0,0,0,0,0,0,0,0,0,0,0,0,0,0,0,0,0,0,2026-08-29 13:42:50.844483+02,2026-08-29 13:42:50.844483+02
10,18192,t,2683732982539562132,COPY  ( SELECT * FROM public.country_element ORDER BY random ( ) LIMIT 211 ) TO STDOUT CSV HEADER,0,0,0,0,0,0,1,0.378805,0.378805,0.378805,0.378805,0,211,49,0,0,0,0,0,0,0,0,0,0,0,0,0,0,0,2,0,148,0,0,0,0,0,0,0,0,0,0,0,0,0,2026-08-30 00:11:54.400116+02,2026-08-30 00:11:54.400116+02
10,18192,f,638138883170518636,ANALYZE public.view_riksdagen_vote_data_ballot_party_summary,0,0,0,0,0,0,2,1740.5794,582.014538,1158.564862,870.2897,288.2751619999999,0,7720,35,37,0,0,0,0,0,0,0,0.104975,0,0,0,0,0,344,25,251979,0,0,0,0,0,0,0,0,0,0,0,0,0,2026-08-15 13:41:24.079499+02,2026-08-15 13:41:24.079499+02
10,18192,f,8231965081115200614,ANALYZE public.view_riksdagen_vote_data_ballot_summary,0,0,0,0,0,0,2,68.597872,34.231615,34.366257,34.298936,0.06732099999999974,0,1355,6,10,4,0,0,0,0,0,0,0.017815,0.02202,0,0,0,0,197,1,100324,0,0,0,0,0,0,0,0,0,0,0,0,0,2026-08-15 13:41:34.380205+02,2026-08-15 13:41:34.380205+02
16384,18192,t,-6219339502671697466,"select useraccoun0_.hjid as hjid1_66_, useraccoun0_.country as country2_66_, useraccoun0_.created_date as created_3_66_, useraccoun0_.email as email4_66_, useraccoun0_.model_object_id as model_ob5_66_, useraccoun0_.model_object_version as model_ob6_66_, useraccoun0_.number_of_visits as number_o7_66_, useraccoun0_.user_email_status as user_ema8_66_, useraccoun0_.user_id as user_id9_66_, useraccoun0_.user_lock_status as user_lo10_66_, useraccoun0_.user_role as user_ro11_66_, useraccoun0_.user_type as user_ty12_66_, useraccoun0_.username as usernam13_66_, useraccoun0_.userpassword as userpas14_66_ from user_account useraccoun0_ where upper(useraccoun0_.user_id)=$1",1,0.038611,0.038611,0.038611,0.038611,0,1,0.023351,0.023351,0.023351,0.023351,0,1,1,0,0,0,0,0,0,0,0,0,0,0,0,0,0,0,0,0,0,0,0,0,0,0,0,0,0,0,0,0,0,0,2026-08-29 13:42:12.423553+02,2026-08-29 13:42:12.423553+02
10,18192,f,3990065804884109583,REFRESH MATERIALIZED VIEW public.view_riksdagen_party_document_daily_summary,0,0,0,0,0,0,2,603.165842,191.241522,411.92432,301.582921,110.34139900000002,22566,203322,16669,191,258,0,0,0,0,0,0,732.260621,0.29505000000000003,0,0,0,0,22907,8,2144356,0,0,0,0,0,0,0,0,0,0,0,0,0,2026-08-15 13:40:43.051384+02,2026-08-15 13:40:43.051384+02
10,18192,f,-7011255871764033633,COPY  ( SELECT * FROM public.sweden_county_electoral_regi_0 ORDER BY random ( ) LIMIT $1 ) TO STDOUT CSV HEADER,1,0.159679,0.159679,0.159679,0.159679,0,1,0.00039499999999999995,0.00039499999999999995,0.00039499999999999995,0.00039499999999999995,0,0,19,1,0,0,0,0,0,0,0,0,0.116783,0,0,0,0,0,0,0,0,0,0,0,0,0,0,0,0,0,0,0,0,0,2026-08-30 00:12:14.361035+02,2026-08-30 00:12:14.361035+02
10,18192,f,2070499267537659219,SELECT COUNT(*) FROM public.view_riksdagen_committee,1,0.194045,0.194045,0.194045,0.194045,0,1,154.28900000000002,154.28900000000002,154.28900000000002,154.28900000000002,0,1,8681,0,0,0,0,0,0,0,0,0,0,0,0,0,0,0,0,0,0,0,0,0,0,0,0,0,0,0,0,0,4,4,2026-08-30 00:14:16.072383+02,2026-08-30 00:14:16.072383+02
10,18192,f,4218568936895238527,SELECT EXISTS(SELECT $1 FROM public.view_riksdagen_party_document_daily_summary LIMIT $2),2,0.413608,0.062523,0.351085,0.206804,0.144281,2,0.01109,0.004516,0.006574,0.005545,0.0010290000000000002,2,50,6,0,0,0,0,0,0,0,0,0.300582,0,0,0,0,0,0,0,0,0,0,0,0,0,0,0,0,0,0,0,0,0,2026-08-15 13:40:43.051436+02,2026-08-15 13:40:43.051436+02
10,18192,f,-4530242483611000359,COPY  ( SELECT * FROM public.assignment_data ORDER BY random ( ) LIMIT $1 ) TO STDOUT CSV HEADER,1,0.04459,0.04459,0.04459,0.04459,0,1,9.949598,9.949598,9.949598,9.949598,0,5000,514,1,0,0,0,0,0,0,0,0,0.002757,0,0,0,0,0,1,0,70,0,0,0,0,0,0,0,0,0,0,0,0,0,2026-08-30 00:11:54.291804+02,2026-08-30 00:11:54.291804+02
10,18192,f,3103369507437493549,view_record.object_name,1,0.000617,0.000617,0.000617,0.000617,0,0,0,0,0,0,0,0,0,0,0,0,0,0,0,0,0,0,0,0,0,0,0,0,0,0,0,0,0,0,0,0,0,0,0,0,0,0,0,0,2026-08-30 00:12:15.732797+02,2026-08-30 00:12:15.732797+02
10,18192,t,4425287932110277284,"COPY  ( SELECT document_type AS value, COUNT ( * ) AS count FROM document_element WHERE document_type IS NOT NULL GROUP BY document_type ORDER BY count DESC, document_type LIMIT 2000 ) TO STDOUT WITH CSV HEADER",0,0,0,0,0,0,2,85.472102,40.37078,45.101322,42.736051,2.365271,86,163,91009,0,0,0,0,0,0,0,0,19.944679,0,0,0,0,0,0,0,0,0,0,0,0,0,0,0,0,0,0,0,0,0,2026-08-15 13:41:16.84989+02,2026-08-15 13:41:16.84989+02
10,18192,t,-7062174497188064451,"COPY  ( SELECT org AS value, COUNT ( * ) AS count FROM document_element WHERE org IS NOT NULL GROUP BY org ORDER BY count DESC, org LIMIT 2000 ) TO STDOUT WITH CSV HEADER",0,0,0,0,0,0,2,59.727536,28.069345,31.658191,29.863768,1.7944229999999992,656,91080,2,0,0,0,0,0,0,0,0,0.017516,0,0,0,0,0,0,0,0,0,0,0,0,0,0,0,0,0,0,0,0,0,2026-08-15 13:41:16.907271+02,2026-08-15 13:41:16.907271+02
16384,18192,t,-5927018377200101556,"SELECT ns.nspname AS TABLE_SCHEM,        c.relname AS TABLE_NAME,        pg_get_partkeydef(c.oid) AS PARTITION_BY FROM pg_class c JOIN pg_namespace ns ON ns.oid = c.relnamespace JOIN pg_partitioned_table pt ON pt.partrelid = c.oid WHERE c.relkind = $1 AND ns.nspname = $2 AND c.relname = $3",2,0.728513,0.156801,0.571712,0.3642565,0.20745550000000001,2,0.016651,0.006495,0.010156,0.0083255,0.0018304999999999999,0,54,2,0,0,0,0,0,0,0,0,0.297839,0,0,0,0,0,0,0,0,0,0,0,0,0,0,0,0,0,0,0,0,0,2026-08-29 13:39:04.091851+02,2026-08-29 13:39:04.091851+02
10,18192,t,-2021918417162166648,COPY  ( SELECT * FROM public.sweden_municipality_election_0 ORDER BY random ( ) LIMIT 0 ) TO STDOUT CSV HEADER,0,0,0,0,0,0,1,0.185714,0.185714,0.185714,0.185714,0,0,55,1,0,0,0,0,0,0,0,0,0.11503,0,0,0,0,0,0,0,0,0,0,0,0,0,0,0,0,0,0,0,0,0,2026-08-30 00:12:14.36258+02,2026-08-30 00:12:14.36258+02
16384,18192,t,-933973210253447730,REFRESH MATERIALIZED VIEW public.view_riksdagen_document_type_daily_summary,0,0,0,0,0,0,11,1111.710019,94.740751,119.384236,101.06454718181818,6.111190044315603,481129,513517,15,3311,3531,0,0,0,0,0,0,4.447348,1.189715,0,0,0,0,482928,44,39812056,0,0,0,0,0,0,0,0,0,0,0,0,0,2026-08-17 22:31:41.745723+02,2026-08-17 22:31:41.745723+02
10,18192,f,873798334947877759,COPY  ( SELECT * FROM public.view_riksdagen_vote_data_ballot_party_summary_weekly ORDER BY random ( ) LIMIT $1 ) TO STDOUT WITH CSV HEADER,1,0.238252,0.238252,0.238252,0.238252,0,1,10.493578,10.493578,10.493578,10.493578,0,5635,186,153,0,0,0,0,0,0,0,0,0.094148,0,0,0,0,0,0,0,0,0,0,0,0,0,0,0,0,0,0,0,0,0,2026-08-30 00:15:41.272954+02,2026-08-30 00:15:41.272954+02
16384,16385,t,-4511808443748019319,"SELECT * FROM public.databasechangelog ORDER BY DATEEXECUTED ASC, ORDEREXECUTED ASC",2,0.615883,0.023303,0.59258,0.3079415,0.28463849999999996,2,1.448744,0.687811,0.760933,0.724372,0.03656099999999998,1024,104,9,0,0,0,0,0,0,0,0,0.457322,0,0,0,0,0,0,0,0,0,0,0,0,0,0,0,0,0,0,0,0,0,2026-08-29 13:36:58.658226+02,2026-08-29 13:36:58.658226+02
16384,18192,t,6066060454291135851,"insert into document_status_container (document_document_status_con_0, document_activity_container__0, document_attachment_containe_0, document_category, document_detail_container_do_0, document_person_reference_co_1, document_proposal_document_s_0, document_reference_container_0, hjid) values ($1, $2, $3, $4, $5, $6, $7, $8, $9)",5,0.020789000000000002,0.002764,0.006459,0.0041578000000000006,0.0014216721703684014,5,3.536481,0.06823800000000001,1.869013,0.7072962,0.6935654154005663,5,271,16,7,0,0,0,0,0,0,0,2.303734,0,0,0,0,0,40,6,14213,0,0,0,0,0,0,0,0,0,0,0,0,0,2026-08-29 14:13:31.826365+02,2026-08-29 14:13:31.826365+02
10,18192,f,-7614056006862198343,total_mat_views,4,0.00703,0.000635,0.003023,0.0017575,0.001122858962648471,0,0,0,0,0,0,0,0,0,0,0,0,0,0,0,0,0,0,0,0,0,0,0,0,0,0,0,0,0,0,0,0,0,0,0,0,0,0,0,2026-08-15 13:41:18.065565+02,2026-08-15 13:41:18.065565+02
10,18192,f,4998013886629496532,COPY  ( SELECT * FROM public.language_content_data ORDER BY random ( ) LIMIT $1 ) TO STDOUT CSV HEADER,1,0.782186,0.782186,0.782186,0.782186,0,1,0.001312,0.001312,0.001312,0.001312,0,0,47,1,0,0,0,0,0,0,0,0,0.644423,0,0,0,0,0,0,0,0,0,0,0,0,0,0,0,0,0,0,0,0,0,2026-08-30 00:12:14.318623+02,2026-08-30 00:12:14.318623+02
10,18192,f,7557554129842430620,SELECT COUNT(*) FROM public.view_riksdagen_party_momentum_analysis,1,0.16183,0.16183,0.16183,0.16183,0,1,1599.603053,1599.603053,1599.603053,1599.603053,0,1,94993,0,0,0,0,0,0,0,0,0,0,0,0,0,0,0,0,0,0,0,13,0.962389,1,10.706166,1,57.591639,1,37.824012,1,0.431667,4,4,2026-08-30 00:14:23.055048+02,2026-08-30 00:14:23.055048+02
10,18192,t,816478868265007326,COPY  ( SELECT * FROM public.view_riksdagen_party_coalation_against_annual_summary ORDER BY random ( ) LIMIT 353 ) TO STDOUT WITH CSV HEADER,0,0,0,0,0,0,1,12.062742,12.062742,12.062742,12.062742,0,353,3015,0,0,0,0,0,0,0,0,0,0,0,0,0,0,0,0,0,0,0,0,0,0,0,0,0,0,0,0,0,0,0,2026-08-30 00:15:41.830704+02,2026-08-30 00:15:41.830704+02
16384,18192,t,-4827468049313886024,REFRESH MATERIALIZED VIEW public.mv_annual_voting_metrics,0,0,0,0,0,0,11,36352.84251300001,3236.48585,3428.590215,3304.803864818182,52.05864315353052,275,434628,618870,216,22,0,0,0,0,364126,364181,75.186245,0.276296,0,0,346.19000400000004,721.19337,2449,235,418308,0,0,0,0,0,0,0,0,0,0,0,0,0,2026-08-17 22:31:41.01576+02,2026-08-17 22:31:41.01576+02
10,18192,f,-6223185956890606188,"COPY  ( SELECT status AS value, COUNT ( * ) AS count FROM assignment_data WHERE status IS NOT NULL GROUP BY status ORDER BY count DESC, status LIMIT $1 ) TO STDOUT WITH CSV HEADER",2,0.17341299999999998,0.084693,0.08872,0.08670649999999999,0.002013499999999998,2,23.748344000000003,11.857361000000001,11.890983,11.874172000000002,0.01681100000000013,12,1002,2,0,0,0,0,0,0,0,0,0.00879,0,0,0,0,0,0,0,0,0,0,0,0,0,0,0,0,0,0,0,2,2,2026-08-15 13:41:16.123106+02,2026-08-15 13:41:16.123106+02
16384,18192,t,-5306184763740876831,update vote_data set party=$1 where party=$2,11,0.719563,0.048725,0.1047,0.06541481818181819,0.015637778997253486,11,72.883187,0.020652,9.399772,6.625744272727273,3.8193535440274347,0,17,34,0,0,0,0,0,0,0,0,72.301486,0,0,0,0,0,0,0,0,0,0,0,0,0,0,0,0,0,0,0,0,0,2026-08-17 22:31:37.578906+02,2026-08-17 22:31:37.578906+02
10,18192,f,-4001231023604960593,view_index,4,0.005065,0.001105,0.001374,0.00126625,9.922291821953228e-05,0,0,0,0,0,0,0,0,0,0,0,0,0,0,0,0,0,0,0,0,0,0,0,0,0,0,0,0,0,0,0,0,0,0,0,0,0,0,0,2026-08-15 13:40:34.267754+02,2026-08-15 13:40:34.267754+02
10,18192,f,1082794271387964741,SELECT COUNT(*) FROM public.view_riksdagen_politician_ballot_summary,1,0.261061,0.261061,0.261061,0.261061,0,1,1.882463,1.882463,1.882463,1.882463,0,1,235,0,0,0,0,0,0,0,0,0,0,0,0,0,0,0,0,0,0,0,0,0,0,0,0,0,0,0,0,0,0,0,2026-08-30 00:14:25.25402+02,2026-08-30 00:14:25.25402+02
16384,18192,t,8587605315569323859,DELETE FROM QRTZ_SCHEDULER_STATE WHERE SCHED_NAME = $2 AND INSTANCE_NAME = $1,3,0.027368999999999997,0.006935,0.010733,0.009123,0.0016034886965613445,3,0.015434,0.004464999999999999,0.006217,0.005144666666666666,0.0007672532538579134,3,6,0,0,0,0,0,0,0,0,0,0,0,0,0,0,0,3,0,162,0,0,0,0,0,0,0,0,0,0,0,0,0,2026-08-17 22:31:35.098906+02,2026-08-17 22:31:35.098906+02
10,18192,f,-2284890238616269275,SELECT COUNT(*) FROM public.view_riksdagen_committee_role_member,1,0.378517,0.378517,0.378517,0.378517,0,1,23.622918,23.622918,23.622918,23.622918,0,1,700,1,0,0,0,0,0,0,0,0,0.003417,0,0,0,0,0,0,0,0,0,0,0,0,0,0,0,0,0,0,0,1,1,2026-08-30 00:14:16.458194+02,2026-08-30 00:14:16.458194+02
10,18192,t,-55975096207536272,"COPY  ( SELECT gender AS value, COUNT ( * ) AS count FROM vote_data WHERE gender IS NOT NULL GROUP BY gender ORDER BY count DESC, gender LIMIT 2000 ) TO STDOUT WITH CSV HEADER",0,0,0,0,0,0,2,232.544354,112.410662,120.133692,116.272177,3.861514999999997,4,189650,2,0,0,0,0,0,0,0,0,0.010962,0,0,0,0,0,0,0,0,0,0,0,0,0,0,0,0,0,0,0,0,0,2026-08-15 13:41:16.668629+02,2026-08-15 13:41:16.668629+02
10,18192,t,-6817780569028218580,"COPY  ( SELECT document_type AS value, COUNT ( * ) AS count FROM document_data WHERE document_type IS NOT NULL GROUP BY document_type ORDER BY count DESC, document_type LIMIT 2000 ) TO STDOUT WITH CSV HEADER",0,0,0,0,0,0,2,52.593251,13.087922,39.505329,26.296625500000005,13.2087035,8,4795,4765,0,0,0,0,0,0,0,0,91.539153,0,0,0,0,0,0,0,0,0,0,0,0,0,0,0,0,0,0,0,0,0,2026-08-15 13:41:16.682088+02,2026-08-15 13:41:16.682088+02
10,18192,t,5698977264726293378,"SELECT $1 ||
       $2 ||
       $3",4,0.048701,0.00613,0.0179,0.01217525,0.005696801355804851,4,0.0045190000000000004,0.000863,0.001607,0.00112975,0.0002901476994566733,4,0,0,0,0,0,0,0,0,0,0,0,0,0,0,0,0,0,0,0,0,0,0,0,0,0,0,0,0,0,0,0,0,2026-08-15 13:41:16.04779+02,2026-08-15 13:41:16.04779+02
10,18192,f,2350706968057640706,COPY  ( SELECT * FROM public.target_profile_content ORDER BY random ( ) LIMIT $1 ) TO STDOUT CSV HEADER,1,0.15003,0.15003,0.15003,0.15003,0,1,0.000298,0.000298,0.000298,0.000298,0,0,23,1,0,0,0,0,0,0,0,0,0.11729,0,0,0,0,0,0,0,0,0,0,0,0,0,0,0,0,0,0,0,0,0,2026-08-30 00:12:14.363449+02,2026-08-30 00:12:14.363449+02
10,18192,t,-1957810646665771376,"COPY  ( WITH temporal_strata AS ( SELECT *, ROW_NUMBER ( ) OVER ( PARTITION BY DATE_TRUNC ( 'year' , embedded_id_created_date ) ORDER BY random ( ) ) AS rn FROM public.view_application_action_event_page_annual_summary ) SELECT * FROM temporal_strata WHERE rn <= 2 LIMIT 37 ) TO STDOUT WITH CSV HEADER",0,0,0,0,0,0,1,0.559446,0.559446,0.559446,0.559446,0,2,39,0,0,0,0,0,0,0,0,0,0,0,0,0,0,0,0,0,0,0,0,0,0,0,0,0,0,0,0,0,0,0,2026-08-30 00:15:41.700674+02,2026-08-30 00:15:41.700674+02
10,18192,f,-379174175367011340,"COPY  ( SELECT rm AS value, COUNT ( * ) AS count FROM document_data WHERE rm IS NOT NULL GROUP BY rm ORDER BY count DESC, rm LIMIT $1 ) TO STDOUT WITH CSV HEADER",2,0.160998,0.076938,0.08406,0.080499,0.0035609999999999947,2,26.639785000000003,12.437800000000001,14.201985,13.319892500000002,0.8820924999999993,58,9334,0,0,0,0,0,0,0,0,0,0,0,0,0,0,0,0,0,0,0,0,0,0,0,0,0,0,0,0,0,6,6,2026-08-15 13:41:16.713455+02,2026-08-15 13:41:16.713455+02
10,18192,f,5119833134284780138,"COPY  ( SELECT document_document_status_con_0 AS value, COUNT ( * ) AS count FROM document_status_container WHERE document_document_status_con_0 IS NOT NULL GROUP BY document_document_status_con_0 ORDER BY count DESC LIMIT $1 ) TO STDOUT WITH CSV HEADER",2,0.120258,0.056978,0.06328,0.060129,0.003151000000000001,2,55.032391000000004,27.073346,27.959045,27.516195500000002,0.44284950000000034,1000,2752,0,0,0,0,0,0,0,0,0,0,0,0,0,0,0,0,0,0,0,0,0,0,0,0,0,0,0,0,0,0,0,2026-08-15 13:41:18.029401+02,2026-08-15 13:41:18.029401+02
10,18192,t,-3622920250310389983,COPY  ( SELECT * FROM public.against_proposal_data ORDER BY random ( ) LIMIT 3000 ) TO STDOUT CSV HEADER,0,0,0,0,0,0,1,10.160983,10.160983,10.160983,10.160983,0,3000,718,3,0,0,0,0,0,0,0,0,0.024577,0,0,0,0,0,3,0,202,0,0,0,0,0,0,0,0,0,0,0,0,0,2026-08-30 00:11:54.286541+02,2026-08-30 00:11:54.286541+02
10,18192,t,474255205999864224,"SELECT $1 || $2 ||
       $3 || $4
WHERE EXISTS (SELECT $5 FROM information_schema.tables WHERE table_schema = $6 AND table_name = $7)",2,0.438463,0.207305,0.231158,0.2192315,0.011926500000000007,2,0.025337,0.012349,0.012988,0.0126685,0.00031949999999999904,2,48,0,0,0,0,0,0,0,0,0,0,0,0,0,0,0,0,0,0,0,0,0,0,0,0,0,0,0,0,0,0,0,2026-08-15 13:41:16.105123+02,2026-08-15 13:41:16.105123+02
10,18192,t,8161940544431270302,"COPY  ( SELECT sub_type AS value, COUNT ( * ) AS count FROM committee_document_data WHERE sub_type IS NOT NULL GROUP BY sub_type ORDER BY count DESC, sub_type LIMIT 2000 ) TO STDOUT WITH CSV HEADER",0,0,0,0,0,0,2,2.017607,1.007161,1.010446,1.0088035,0.0016424999999999912,8,824,0,0,0,0,0,0,0,0,0,0,0,0,0,0,0,0,0,0,0,0,0,0,0,0,0,0,0,0,0,0,0,2026-08-15 13:41:16.74567+02,2026-08-15 13:41:16.74567+02
16384,18192,t,6761073312572618531,"insert into document_proposal_container (proposal_document_proposal_c_0, hjid) values ($1, $2)",4,0.011671999999999998,0.002365,0.003592,0.002918,0.000483184747275822,4,1.370304,0.10173700000000001,0.660121,0.342576,0.23907602667143352,4,49,7,7,0,0,0,0,0,0,0,0.856198,0,0,0,0,0,12,7,15625,0,0,0,0,0,0,0,0,0,0,0,0,0,2026-08-29 14:13:31.823681+02,2026-08-29 14:13:31.823681+02
16384,18192,t,-7985455483849343239,"insert into document_person_reference_da_0 (order_number, party_short_code, person_reference_id, reference_name, role_description, hjid) values ($1, $2, $3, $4, $5, $6)",14,0.05515199999999999,0.00293,0.005392,0.003939428571428572,0.0008565393589727141,16,6.850339000000001,0.027762,1.851246,0.42814618749999994,0.5393087463498087,16,168,38,25,0,0,0,0,0,0,0,5.753512000000001,0,0,0,0,0,64,25,86971,0,0,0,0,0,0,0,0,0,0,0,0,0,2026-08-29 14:13:31.819624+02,2026-08-29 14:13:31.819624+02
10,18192,f,-4343081639783453581,COPY  ( SELECT * FROM public.topic ORDER BY random ( ) LIMIT $1 ) TO STDOUT CSV HEADER,1,0.051276,0.051276,0.051276,0.051276,0,1,2.092563,2.092563,2.092563,2.092563,0,5848,34,53,0,0,0,0,0,0,0,0,0.049999999999999996,0,0,0,0,0,0,0,0,0,0,0,0,0,0,0,0,0,0,0,0,0,2026-08-30 00:12:14.363699+02,2026-08-30 00:12:14.363699+02
10,18192,f,-5662031937319660925,SELECT EXISTS(SELECT $1 FROM public.view_riksdagen_vote_data_ballot_politician_summary LIMIT $2),2,0.138246,0.06889,0.069356,0.069123,0.0002329999999999971,2,0.36554200000000003,0.112012,0.25353000000000003,0.18277100000000002,0.07075900000000002,2,10,12,0,0,0,0,0,0,0,0,0.36525599999999997,0,0,0,0,0,0,0,0,0,0,0,0,0,0,0,0,0,0,0,0,0,2026-08-15 13:41:03.421532+02,2026-08-15 13:41:03.421532+02
10,18192,f,-5784506006676816706,REFRESH MATERIALIZED VIEW public.mv_party_decision_flow,0,0,0,0,0,0,2,701.0906620000001,342.502455,358.588207,350.54533100000003,8.042876000000021,32588,1119267,3687,552,642,0,0,0,0,262,250,27.067546,0.30855299999999997,0,0,0.17823899999999998,0.5335160000000001,33043,240,5604561,0,0,0,0,0,0,0,0,0,0,0,0,0,2026-08-15 13:40:38.43629+02,2026-08-15 13:40:38.43629+02
10,18192,t,-5138839918455806662,COPY  ( SELECT * FROM public.portal ORDER BY random ( ) LIMIT 2 ) TO STDOUT CSV HEADER,0,0,0,0,0,0,1,0.481952,0.481952,0.481952,0.481952,0,2,62,2,0,0,0,0,0,0,0,0,0.398985,0,0,0,0,0,0,0,0,0,0,0,0,0,0,0,0,0,0,0,0,0,2026-08-30 00:12:14.343648+02,2026-08-30 00:12:14.343648+02
10,18192,f,-8542635551895674481,SELECT EXISTS(SELECT $1 FROM public.view_riksdagen_vote_data_ballot_politician_summary_weekly LIMIT $2),2,0.12565700000000002,0.06254,0.063117,0.06282850000000001,0.0002885000000000075,2,0.010951,0.00545,0.005501000000000001,0.0054755,2.550000000000035e-05,2,14,6,0,0,0,0,0,0,0,0,0.018661999999999998,0,0,0,0,0,0,0,0,0,0,0,0,0,0,0,0,0,0,0,0,0,2026-08-15 13:41:15.288018+02,2026-08-15 13:41:15.288018+02
10,18192,f,-4768439501408492537,ANALYZE public.view_riksdagen_vote_data_ballot_summary_weekly,0,0,0,0,0,0,2,6.569015,3.2374,3.331615,3.2845075,0.04710750000000008,0,801,7,8,1,0,0,0,0,0,0,0.017169,0.006297,0,0,0,0,169,2,82308,0,0,0,0,0,0,0,0,0,0,0,0,0,2026-08-15 13:41:34.391758+02,2026-08-15 13:41:34.391758+02
10,18192,f,-1450248187242999225,REFRESH MATERIALIZED VIEW public.view_riksdagen_committee_decision_type_org_summary,0,0,0,0,0,0,2,59.848366,29.562422,30.285944,29.924183,0.36176100000000044,20292,5998,6,197,259,0,0,0,0,0,0,0.311737,0.17623,0,0,0,0,20653,30,2177943,0,0,0,0,0,0,0,0,0,0,0,0,0,2026-08-15 13:40:41.933998+02,2026-08-15 13:40:41.933998+02
10,18192,f,5778509203928186588,"COPY  ( SELECT document_name AS value, COUNT ( * ) AS count FROM document_element WHERE document_name IS NOT NULL GROUP BY document_name ORDER BY count DESC, document_name LIMIT $1 ) TO STDOUT WITH CSV HEADER",2,0.158471,0.07767,0.080801,0.0792355,0.0015654999999999974,2,70.895491,33.26906,37.626431000000004,35.4477455,2.1786855000000003,202,91075,1,0,0,0,0,0,0,0,0,0.006171,0,0,0,0,0,0,0,0,0,0,0,0,0,0,0,0,0,0,0,8,8,2026-08-15 13:41:17.41626+02,2026-08-15 13:41:17.41626+02
10,18192,t,-4199963900494779327,"COPY  ( SELECT document_format AS value, COUNT ( * ) AS count FROM document_element WHERE document_format IS NOT NULL GROUP BY document_format ORDER BY count DESC, document_format LIMIT 1000 ) TO STDOUT WITH CSV HEADER",0,0,0,0,0,0,2,52.664569,25.152999,27.51157,26.3322845,1.1792854999999989,2,91075,1,0,0,0,0,0,0,0,0,0.005859,0,0,0,0,0,0,0,0,0,0,0,0,0,0,0,0,0,0,0,0,0,2026-08-15 13:41:17.415999+02,2026-08-15 13:41:17.415999+02
16384,18192,t,-5447523629857712414,REFRESH MATERIALIZED VIEW public.view_worldbank_indicator_data_country_summary,0,0,0,0,0,0,11,1601.313456,63.194467,215.501532,145.57395054545455,37.35683223074298,45122,21067,130869,5092,15679,0,0,0,0,0,0,906.6933550000001,24.070970000000003,0,0,0,0,47191,63,39878768,0,0,0,0,0,0,0,0,0,0,0,0,0,2026-08-17 22:31:43.330423+02,2026-08-17 22:31:43.330423+02
10,18192,f,-1494199240960550341,ANALYZE public.view_riksdagen_politician_document_summary,0,0,0,0,0,0,2,14.571798000000001,6.948123,7.623675,7.285899000000001,0.3377760000000005,0,862,75,14,0,0,0,0,0,0,0,0.531732,0,0,0,0,0,130,11,87083,0,0,0,0,0,0,0,0,0,0,0,0,0,2026-08-15 13:41:23.497439+02,2026-08-15 13:41:23.497439+02
16384,18192,t,-1653563064011678339,UPDATE QRTZ_SCHEDULER_STATE SET LAST_CHECKIN_TIME = $1 WHERE SCHED_NAME = $3 AND INSTANCE_NAME = $2,7688,140.47997700000042,0.012581,0.105452,0.018272629682622225,0.005410301636600242,100840,1690.8765229999954,0.004264,0.188295,0.016767914746132567,0.004085282575725134,100837,306109,0,28,0,0,0,0,0,0,0,0,0,0,0,0,0,100840,66,7307260,0,0,0,0,0,0,0,0,0,0,0,0,0,2026-08-17 22:31:35.097255+02,2026-08-17 22:31:35.097255+02
10,18192,t,2445579630009403308,COPY  ( SELECT * FROM public.view_riksdagen_vote_data_ballot_politician_summary_weekly ORDER BY random ( ) LIMIT 50000 ) TO STDOUT WITH CSV HEADER,0,0,0,0,0,0,1,255.602514,255.602514,255.602514,255.602514,0,50000,283,9352,0,0,0,0,0,0,0,0,0.382072,0,0,0,0,0,0,0,0,0,0,0,0,0,0,0,0,0,0,0,0,0,2026-08-30 00:15:41.53983+02,2026-08-30 00:15:41.53983+02
10,18192,t,2757855479464075699,COPY  ( SELECT * FROM public.qrtz_locks ORDER BY random ( ) LIMIT 2 ) TO STDOUT CSV HEADER,0,0,0,0,0,0,1,0.330751,0.330751,0.330751,0.330751,0,2,42,2,0,0,0,0,0,0,0,0,0.266293,0,0,0,0,0,0,0,0,0,0,0,0,0,0,0,0,0,0,0,0,0,2026-08-30 00:12:14.34637+02,2026-08-30 00:12:14.34637+02
10,18192,f,6426781877465189182,COPY  ( SELECT * FROM public.domain_portal ORDER BY random ( ) LIMIT $1 ) TO STDOUT CSV HEADER,1,0.265313,0.265313,0.265313,0.265313,0,1,0.000608,0.000608,0.000608,0.000608,0,0,21,1,0,0,0,0,0,0,0,0,0.214471,0,0,0,0,0,0,0,0,0,0,0,0,0,0,0,0,0,0,0,0,0,2026-08-30 00:11:56.732666+02,2026-08-30 00:11:56.732666+02
10,18192,f,-1063402516114883717,SELECT COUNT(*) FROM public.view_risk_score_evolution,1,1.440518,1.440518,1.440518,1.440518,0,1,814.534549,814.534549,814.534549,814.534549,0,1,41432,1,0,0,0,0,0,0,5376,5377,0.285279,0,0,0,4.84639,9.237971,0,0,0,0,88,7.383475,0,0,1,1.545566,1,23.455519,1,2.284252,11,11,2026-08-30 00:15:39.909989+02,2026-08-30 00:15:39.909989+02
10,18192,t,-1526698481954040115,"COPY  ( SELECT domain_org AS value, COUNT ( * ) AS count FROM document_element WHERE domain_org IS NOT NULL GROUP BY domain_org ORDER BY count DESC, domain_org LIMIT 1000 ) TO STDOUT WITH CSV HEADER",0,0,0,0,0,0,2,65.083662,30.254663,34.828999,32.541831,2.287168000000001,2,91074,2,0,0,0,0,0,0,0,0,0.012199999999999999,0,0,0,0,0,0,0,0,0,0,0,0,0,0,0,0,0,0,0,0,0,2026-08-15 13:41:17.48021+02,2026-08-15 13:41:17.48021+02
10,18192,f,4538082970437673859,SELECT EXISTS(SELECT $1 FROM public.view_riksdagen_org_document_daily_summary LIMIT $2),2,0.12357099999999999,0.058674,0.064897,0.06178549999999999,0.0031115000000000014,2,0.010180999999999999,0.004743,0.005438,0.0050904999999999995,0.00034750000000000037,2,47,3,0,0,0,0,0,0,0,0,0.020982,0,0,0,0,0,0,0,0,0,0,0,0,0,0,0,0,0,0,0,0,0,2026-08-15 13:40:42.859991+02,2026-08-15 13:40:42.859991+02
10,18192,f,3995439945356535378,REFRESH MATERIALIZED VIEW public.view_riksdagen_committee_ballot_decision_summary,0,0,0,0,0,0,2,69.650984,30.57736,39.073624,34.825492,4.248132000000004,10364,7837,641,467,514,0,0,0,0,32,28,9.787562,0.258253,0,0,0.028896,0.09601799999999999,10896,41,3868073,0,0,0,0,0,0,0,0,0,0,0,0,0,2026-08-15 13:40:41.904265+02,2026-08-15 13:40:41.904265+02
16384,18192,t,6097083398544187049,COMMIT,0,0,0,0,0,0,110,0.07327999999999998,9.8e-05,0.001575,0.0006661818181818179,0.0003154658656601285,0,0,0,0,0,0,0,0,0,0,0,0,0,0,0,0,0,0,0,0,0,0,0,0,0,0,0,0,0,0,0,0,0,2026-08-17 22:31:29.945416+02,2026-08-17 22:31:29.945416+02
10,18192,f,-2838071062864138914,"COPY  ( SELECT role_code AS value, COUNT ( * ) AS count FROM assignment_element WHERE role_code IS NOT NULL GROUP BY role_code ORDER BY count DESC, role_code LIMIT $1 ) TO STDOUT WITH CSV HEADER",2,0.023913,0.011882,0.012031,0.0119565,7.449999999999991e-05,2,0.003185,0.0015149999999999999,0.00167,0.0015925,7.75000000000001e-05,0,6,0,0,0,0,0,0,0,0,0,0,0,0,0,0,0,0,0,0,0,0,0,0,0,0,0,0,0,0,0,0,0,2026-08-15 13:41:17.078596+02,2026-08-15 13:41:17.078596+02
10,18192,f,6683313428159053284,REFRESH MATERIALIZED VIEW public.view_riksdagen_committee_decisions,0,0,0,0,0,0,2,299.55315,135.654411,163.898739,149.776575,14.122163999999998,124574,17190,6661,3816,3875,0,0,0,0,872,860,69.26127,2.729818,0,0,0.654253,1.632629,125043,799,35444870,0,0,0,0,0,0,0,0,0,0,0,0,0,2026-08-15 13:40:42.089771+02,2026-08-15 13:40:42.089771+02
10,18192,f,7848933003914242934,SELECT EXISTS(SELECT $1 FROM public.mv_ministry_decision_impact LIMIT $2),2,0.069931,0.033731,0.0362,0.0349655,0.0012345000000000047,2,0.007589,0.003043,0.0045460000000000006,0.0037945,0.0007515000000000003,2,14,2,0,0,0,0,0,0,0,0,0.012496,0,0,0,0,0,0,0,0,0,0,0,0,0,0,0,0,0,0,0,0,0,2026-08-15 13:40:38.077571+02,2026-08-15 13:40:38.077571+02
10,18192,t,-9073498519503759942,"INSERT INTO cia_extraction_tracking (object_type, object_name, status, row_count) VALUES ($1, $2, CASE WHEN $3 = $4 THEN $5 ELSE $6 END, $7)",133,1.7697660000000002,0.003013,0.048811,0.013306511278195491,0.010062030189184898,133,0.9570389999999996,0.001967,0.070333,0.007195781954887219,0.007259051896851139,133,0,0,0,0,133,0,2,5,0,0,0,0,0,0.032926,0,0,0,0,0,0,0,0,0,0,0,0,0,0,0,0,0,0,2026-08-30 00:11:54.272953+02,2026-08-30 00:11:54.272953+02
16384,18192,t,3995439945356535378,REFRESH MATERIALIZED VIEW public.view_riksdagen_committee_ballot_decision_summary,0,0,0,0,0,0,11,359.174328,30.37703,38.481645,32.652211636363646,2.247533916071012,57002,44951,265,2519,2827,0,0,0,0,176,154,18.25526,1.2117499999999999,0,0,0.162041,0.504162,59956,178,21248691,0,0,0,0,0,0,0,0,0,0,0,0,0,2026-08-17 22:31:43.369363+02,2026-08-17 22:31:43.369363+02
16384,18192,t,2683625239117505213,PREPARE TRANSACTION $1,0,0,0,0,0,0,114512,92.24954999999997,0.000153,0.036759,0.0008055884972753939,0.0004986813622421141,0,0,0,0,0,0,0,0,0,0,0,0,0,0,0,0,0,0,0,0,0,0,0,0,0,0,0,0,0,0,0,0,0,2026-08-29 13:39:12.327608+02,2026-08-29 13:39:12.327608+02
10,18192,f,4127797056575662912,table_count,1,0.002007,0.002007,0.002007,0.002007,0,0,0,0,0,0,0,0,0,0,0,0,0,0,0,0,0,0,0,0,0,0,0,0,0,0,0,0,0,0,0,0,0,0,0,0,0,0,0,0,2026-08-30 00:11:54.266787+02,2026-08-30 00:11:54.266787+02
16384,18192,t,2140982011019418606,"select languageda0_.hjid as hjid1_40_, languageda0_.auto_translation_enabled as auto_tra2_40_, languageda0_.created_date as created_3_40_, languageda0_.language_code as language4_40_, languageda0_.language_enabled as language5_40_, languageda0_.language_name as language6_40_, languageda0_.last_modified_date as last_mod7_40_, languageda0_.model_object_id as model_ob8_40_, languageda0_.model_object_version as model_ob9_40_, languageda0_.translation_status as transla10_40_ from language_data languageda0_",3,0.5448230000000001,0.060552,0.369709,0.18160766666666667,0.13482297956044273,3,0.6032150000000001,0.08564999999999999,0.40591,0.20107166666666668,0.14523113097939971,405,141,9,0,0,0,0,0,0,0,0,0.604131,0,0,0,0,0,1,0,56,0,0,0,0,0,0,0,0,0,0,0,0,0,2026-08-17 22:31:33.063841+02,2026-08-17 22:31:33.063841+02
10,18192,f,-1746109265518410142,SELECT EXISTS(SELECT $1 FROM public.view_riksdagen_vote_data_ballot_politician_summary_daily LIMIT $2),2,0.089916,0.043391,0.046525,0.044958,0.001566999999999999,2,0.011435,0.005592,0.005843,0.0057175,0.0001255000000000004,2,14,2,0,0,0,0,0,0,0,0,0.008059,0,0,0,0,0,0,0,0,0,0,0,0,0,0,0,0,0,0,0,0,0,2026-08-15 13:41:10.251029+02,2026-08-15 13:41:10.251029+02
16384,18192,t,-266871653277998239,insert into document_detail_container (hjid) values ($1),5,0.010463,0.001431,0.00353,0.0020926,0.0007418893718068754,5,0.5941909999999999,0.008395,0.278042,0.11883819999999999,0.11848349272265737,5,22,3,6,0,0,0,0,0,0,0,0.404193,0,0,0,0,0,10,6,13338,0,0,0,0,0,0,0,0,0,0,0,0,0,2026-08-29 14:13:31.817543+02,2026-08-29 14:13:31.817543+02
10,18192,f,6863319560213745390,COPY  ( SELECT * FROM public.sweden_political_party ORDER BY random ( ) LIMIT $1 ) TO STDOUT CSV HEADER,1,0.029475,0.029475,0.029475,0.029475,0,1,0.065747,0.065747,0.065747,0.065747,0,40,39,1,0,0,0,0,0,0,0,0,0.015552,0,0,0,0,0,0,0,0,0,0,0,0,0,0,0,0,0,0,0,0,0,2026-08-30 00:12:14.363238+02,2026-08-30 00:12:14.363238+02
10,18192,f,6904733373926713074,"COPY  ( SELECT against_proposal_parties AS value, COUNT ( * ) AS count FROM committee_proposal_data WHERE against_proposal_parties IS NOT NULL GROUP BY against_proposal_parties ORDER BY count DESC, against_proposal_parties LIMIT $1 ) TO STDOUT WITH CSV HEADER",2,0.071621,0.033195,0.038426,0.0358105,0.0026154999999999998,2,23.366105,11.097457,12.268648,11.6830525,0.5855955000000002,488,5838,0,0,0,0,0,0,0,0,0,0,0,0,0,0,0,0,0,0,0,0,0,0,0,0,0,0,0,0,0,6,6,2026-08-15 13:41:17.084662+02,2026-08-15 13:41:17.084662+02
10,18192,f,-6652930840241974370,SELECT COUNT(*)                      FROM pg_views WHERE schemaname = $1,2,0.158236,0.078903,0.079333,0.079118,0.00021499999999999644,2,0.196594,0.093366,0.103228,0.098297,0.004931000000000001,2,90,0,0,0,0,0,0,0,0,0,0,0,0,0,0,0,0,0,0,0,0,0,0,0,0,0,0,0,0,0,0,0,2026-08-15 13:41:18.065319+02,2026-08-15 13:41:18.065319+02
10,18192,f,4874051322297375902,SELECT EXISTS(SELECT $1 FROM public.view_riksdagen_committee_ballot_decision_summary LIMIT $2),2,0.088341,0.043778,0.044563,0.0441705,0.0003925000000000022,2,0.00953,0.004679,0.004850999999999999,0.004765,8.599999999999992e-05,2,14,2,0,0,0,0,0,0,0,0,0.015649,0,0,0,0,0,0,0,0,0,0,0,0,0,0,0,0,0,0,0,0,0,2026-08-15 13:40:41.904315+02,2026-08-15 13:40:41.904315+02
10,18192,f,1387726648349304349,COPY  ( SELECT * FROM public.country_element ORDER BY random ( ) LIMIT $1 ) TO STDOUT CSV HEADER,1,0.083283,0.083283,0.083283,0.083283,0,1,0.26279800000000003,0.26279800000000003,0.26279800000000003,0.26279800000000003,0,211,49,0,0,0,0,0,0,0,0,0,0,0,0,0,0,0,2,0,148,0,0,0,0,0,0,0,0,0,0,0,0,0,2026-08-30 00:11:54.39975+02,2026-08-30 00:11:54.39975+02
16384,18192,t,112087474792648064,SELECT DISTINCT(JOB_GROUP) FROM QRTZ_JOB_DETAILS WHERE SCHED_NAME = $1,12,1.233555,0.044048,0.371885,0.10279624999999999,0.0982566127181991,12,0.34797599999999995,0.009349,0.18354499999999999,0.028998,0.046773294962688554,12,119,3,0,0,0,0,0,0,0,0,0.542395,0,0,0,0,0,0,0,0,0,0,0,0,0,0,0,0,0,0,0,0,0,2026-08-17 22:41:35.712501+02,2026-08-17 22:41:35.712501+02
10,18192,f,-2838144281782972839,COPY  ( SELECT * FROM public.application_session ORDER BY random ( ) LIMIT $1 ) TO STDOUT CSV HEADER,1,0.491558,0.491558,0.491558,0.491558,0,1,0.434242,0.434242,0.434242,0.434242,0,373,92,20,1,0,0,0,0,0,0,0,0.44610299999999997,0,0,0,0,0,9,1,2234,0,0,0,0,0,0,0,0,0,0,0,0,0,2026-08-30 00:11:54.290477+02,2026-08-30 00:11:54.290477+02
16384,18192,t,-84542437186916351,update document_reference_data set document_reference_list_docu_0=$1 where hjid=$2,17,0.07025699999999999,0.002953,0.007307,0.004132764705882353,0.001271835474441739,17,0.26178500000000005,0.009169,0.031497,0.015399117647058824,0.007518403349603932,17,221,0,0,0,0,0,0,0,0,0,0,0,0,0,0,0,17,0,1344,0,0,0,0,0,0,0,0,0,0,0,0,0,2026-08-29 14:13:31.828611+02,2026-08-29 14:13:31.828611+02
10,18192,t,5715589131215223805,"COPY  ( SELECT vat AS value, COUNT ( * ) AS count FROM government_body_data WHERE vat IS NOT NULL GROUP BY vat ORDER BY count DESC, vat LIMIT 1000 ) TO STDOUT WITH CSV HEADER",0,0,0,0,0,0,2,1.321096,0.652389,0.668707,0.660548,0.008159000000000027,6,270,0,0,0,0,0,0,0,0,0,0,0,0,0,0,0,0,0,0,0,0,0,0,0,0,0,0,0,0,0,0,0,2026-08-15 13:41:17.731821+02,2026-08-15 13:41:17.731821+02
10,18192,f,982660262203971316,COPY  ( SELECT * FROM public.person_container_element ORDER BY random ( ) LIMIT $1 ) TO STDOUT CSV HEADER,1,0.151901,0.151901,0.151901,0.151901,0,1,0.000313,0.000313,0.000313,0.000313,0,0,19,1,0,0,0,0,0,0,0,0,0.11206,0,0,0,0,0,0,0,0,0,0,0,0,0,0,0,0,0,0,0,0,0,2026-08-30 00:12:14.335436+02,2026-08-30 00:12:14.335436+02
10,18192,t,-2661703800535199941,"COPY  ( SELECT vote AS value, COUNT ( * ) AS count FROM vote_data WHERE vote IS NOT NULL GROUP BY vote ORDER BY count DESC, vote LIMIT 2000 ) TO STDOUT WITH CSV HEADER",0,0,0,0,0,0,2,267.923253,130.621635,137.301618,133.9616265,3.3399914999999964,8,8386,6556,0,0,0,0,0,0,0,0,180.774567,0,0,0,0,0,0,0,0,0,0,0,0,0,0,0,0,0,0,0,0,0,2026-08-15 13:41:16.317676+02,2026-08-15 13:41:16.317676+02
16384,16385,t,-4332860477371375721,"SELECT current_database() AS ""TABLE_CAT"", n.nspname AS ""TABLE_SCHEM"", c.relname AS ""TABLE_NAME"",  CASE n.nspname ~ $3 OR n.nspname = $4  WHEN $5 THEN CASE  WHEN n.nspname = $6 OR n.nspname = $7 THEN CASE c.relkind   WHEN $8 THEN $9   WHEN $10 THEN $11   WHEN $12 THEN $13   ELSE $14   END  WHEN n.nspname = $15 THEN CASE c.relkind   WHEN $16 THEN $17   WHEN $18 THEN $19   ELSE $20   END  ELSE CASE c.relkind   WHEN $21 THEN $22   WHEN $23 THEN $24   WHEN $25 THEN $26   WHEN $27 THEN $28   WHEN $29 THEN $30   ELSE $31   END  END  WHEN $32 THEN CASE c.relkind  WHEN $33 THEN $34  WHEN $35 THEN $36  WHEN $37 THEN $38  WHEN $39 then $40  WHEN $41 THEN $42  WHEN $43 THEN $44  WHEN $45 THEN $46  WHEN $47 THEN $48  WHEN $49 THEN $50  ELSE $51  END  ELSE $52  END  AS ""TABLE_TYPE"", d.description AS ""REMARKS"",  $53 as ""TYPE_CAT"", $54 as ""TYPE_SCHEM"", $55 as ""TYPE_NAME"", $56 AS ""SELF_REFERENCING_COL_NAME"", $57 AS ""REF_GENERATION""  FROM pg_catalog.pg_namespace n, pg_catalog.pg_class c  LEFT JOIN pg_catalog.pg_description d ON (c.oid = d.objoid AND d.objsubid = $58  and d.classoid = $59::regclass)  WHERE c.relnamespace = n.oid  AND n.nspname LIKE $1 AND c.relname LIKE $2 AND ($60  OR ( c.relkind = $61 AND n.nspname !~ $62 AND n.nspname <> $63 )  OR ( c.relkind = $64 AND n.nspname !~ $65 AND n.nspname <> $66 ) )  ORDER BY ""TABLE_TYPE"",""TABLE_SCHEM"",""TABLE_NAME""",1,5.457227,5.457227,5.457227,5.457227,0,1,0.296163,0.296163,0.296163,0.296163,0,1,320,40,0,0,0,0,0,0,0,0,4.033322,0,0,0,0,0,0,0,0,0,0,0,0,0,0,0,0,0,0,0,0,0,2026-08-29 13:36:58.622786+02,2026-08-29 13:36:58.622786+02
10,18192,f,-3335581197264011502,SELECT COUNT(*) FROM public.view_riksdagen_politician_experience_summary,1,2.057831,2.057831,2.057831,2.057831,0,1,38.415119,38.415119,38.415119,38.415119,0,1,546,3,0,0,0,0,0,0,0,0,0.710645,0,0,0,0,0,0,0,0,0,0,0,0,0,0,0,0,0,0,0,1,1,2026-08-30 00:14:48.873722+02,2026-08-30 00:14:48.873722+02
16384,16385,t,1938571527526051137,"SET LOCAL SEARCH_PATH TO $1, ""$user"",""public""",0,0,0,0,0,0,8,0.039658000000000006,0.003553,0.008567,0.00495725,0.0015319631808565113,0,0,0,0,0,0,0,0,0,0,0,0,0,0,0,0,0,0,0,0,0,0,0,0,0,0,0,0,0,0,0,0,0,2026-08-29 13:36:59.073176+02,2026-08-29 13:36:59.073176+02
16384,16385,t,-5927018377200101556,"SELECT ns.nspname AS TABLE_SCHEM,        c.relname AS TABLE_NAME,        pg_get_partkeydef(c.oid) AS PARTITION_BY FROM pg_class c JOIN pg_namespace ns ON ns.oid = c.relnamespace JOIN pg_partitioned_table pt ON pt.partrelid = c.oid WHERE c.relkind = $1 AND ns.nspname = $2 AND c.relname = $3",1,0.444192,0.444192,0.444192,0.444192,0,1,0.006336,0.006336,0.006336,0.006336,0,0,25,2,0,0,0,0,0,0,0,0,0.276696,0,0,0,0,0,0,0,0,0,0,0,0,0,0,0,0,0,0,0,0,0,2026-08-29 13:36:58.633723+02,2026-08-29 13:36:58.633723+02
10,18192,t,6826689675210066673,COPY  ( SELECT * FROM public.committee_proposal_container ORDER BY random ( ) LIMIT 8538 ) TO STDOUT CSV HEADER,0,0,0,0,0,0,1,3.465325,3.465325,3.465325,3.465325,0,8538,43,45,0,0,0,0,0,0,0,0,1.385176,0,0,0,0,0,0,0,0,0,0,0,0,0,0,0,0,0,0,0,0,0,2026-08-30 00:11:54.32194+02,2026-08-30 00:11:54.32194+02
10,18192,t,-3460562192645457793,COPY  ( SELECT * FROM public.application_view ORDER BY random ( ) LIMIT 0 ) TO STDOUT CSV HEADER,0,0,0,0,0,0,1,0.205268,0.205268,0.205268,0.205268,0,0,57,1,0,0,0,0,0,0,0,0,0.114144,0,0,0,0,0,0,0,0,0,0,0,0,0,0,0,0,0,0,0,0,0,2026-08-30 00:11:54.291722+02,2026-08-30 00:11:54.291722+02
10,18192,f,1518305561847983926,COPY  ( SELECT * FROM public.sweden_county_electoral_area ORDER BY random ( ) LIMIT $1 ) TO STDOUT CSV HEADER,1,0.177925,0.177925,0.177925,0.177925,0,1,0.000664,0.000664,0.000664,0.000664,0,0,35,1,0,0,0,0,0,0,0,0,0.116778,0,0,0,0,0,0,0,0,0,0,0,0,0,0,0,0,0,0,0,0,0,2026-08-30 00:12:14.360632+02,2026-08-30 00:12:14.360632+02
10,18192,f,-4902586508410432616,SELECT COUNT(*) FROM public.view_application_action_event_page_modes_hourly_summary,1,0.050652,0.050652,0.050652,0.050652,0,1,0.265076,0.265076,0.265076,0.265076,0,1,34,0,0,0,0,0,0,0,0,0,0,0,0,0,0,0,0,0,0,0,0,0,0,0,0,0,0,0,0,0,0,0,2026-08-30 00:12:15.73912+02,2026-08-30 00:12:15.73912+02
10,18192,f,-6740297491295128004,SELECT COUNT(*) FROM public.view_application_action_event_page_weekly_summary,1,0.031401,0.031401,0.031401,0.031401,0,1,0.189329,0.189329,0.189329,0.189329,0,1,34,0,0,0,0,0,0,0,0,0,0,0,0,0,0,0,0,0,0,0,0,0,0,0,0,0,0,0,0,0,0,0,2026-08-30 00:12:15.739897+02,2026-08-30 00:12:15.739897+02
10,18192,t,-848105276403609819,"SELECT 
    m.schemaname || $1 || m.matviewname AS view_name,
    s.n_live_tup AS estimated_rows,
    pg_size_pretty(pg_total_relation_size(m.schemaname || $2 || m.matviewname)) AS total_size,
    s.last_analyze AS last_analyzed
FROM pg_matviews m
LEFT JOIN pg_stat_all_tables s ON s.schemaname = m.schemaname AND s.relname = m.matviewname
WHERE m.schemaname = $3
ORDER BY s.n_live_tup DESC NULLS LAST
LIMIT $4",2,0.446457,0.22292,0.223537,0.2232285,0.0003084999999999963,2,2.453337,1.2019389999999999,1.251398,1.2266685,0.02472950000000007,20,1395,0,0,0,0,0,0,0,0,0,0,0,0,0,0,0,0,0,0,0,0,0,0,0,0,0,0,0,0,0,0,0,2026-08-15 13:41:34.422367+02,2026-08-15 13:41:34.422367+02
10,18192,t,-1980784692852039263,"COPY  ( SELECT code AS value, COUNT ( * ) AS count FROM detail_data WHERE code IS NOT NULL GROUP BY code ORDER BY count DESC, code LIMIT 2000 ) TO STDOUT WITH CSV HEADER",0,0,0,0,0,0,2,27.758539,13.631464,14.127075,13.8792695,0.24780550000000012,34,115,1075,0,0,0,0,0,0,0,0,14.245894,0,0,0,0,0,0,0,0,0,0,0,0,0,0,0,0,0,0,0,0,0,2026-08-15 13:41:17.044457+02,2026-08-15 13:41:17.044457+02
10,18192,f,-8784543110409855926,error_count,8,0.007573,0.000579,0.00231,0.0009466249999999999,0.0005302496905939692,0,0,0,0,0,0,0,0,0,0,0,0,0,0,0,0,0,0,0,0,0,0,0,0,0,0,0,0,0,0,0,0,0,0,0,0,0,0,0,2026-08-15 13:41:15.948322+02,2026-08-15 13:41:15.948322+02
10,18192,f,-1686129537478579490,COPY  ( SELECT * FROM public.view_riksdagen_vote_data_ballot_summary_weekly ORDER BY random ( ) LIMIT $1 ) TO STDOUT WITH CSV HEADER,1,0.195114,0.195114,0.195114,0.195114,0,1,4.0643,4.0643,4.0643,4.0643,0,688,91,15,0,0,0,0,0,0,0,0,3.243679,0,0,0,0,0,0,0,0,0,0,0,0,0,0,0,0,0,0,0,0,0,2026-08-30 00:15:41.541264+02,2026-08-30 00:15:41.541264+02
10,18192,t,-2966512855401691347,"COPY  ( SELECT against_proposal_parties AS value, COUNT ( * ) AS count FROM committee_proposal_data WHERE against_proposal_parties IS NOT NULL GROUP BY against_proposal_parties ORDER BY count DESC, against_proposal_parties LIMIT 1000 ) TO STDOUT WITH CSV HEADER",0,0,0,0,0,0,2,23.532,11.186594,12.345406,11.766,0.5794060000000005,488,5838,0,0,0,0,0,0,0,0,0,0,0,0,0,0,0,0,0,0,0,0,0,0,0,0,0,0,0,0,0,0,0,2026-08-15 13:41:17.095833+02,2026-08-15 13:41:17.095833+02
10,18192,f,8573315933593448942,SELECT COUNT(*) FROM public.view_ministry_productivity_matrix,1,0.583443,0.583443,0.583443,0.583443,0,1,59.95232,59.95232,59.95232,59.95232,0,1,8257,1,0,0,0,0,0,0,0,0,0.003316,0,0,0,0,0,0,0,0,0,64,2.644731,0,0,1,1.249076,1,16.326216,1,1.51819,3,3,2026-08-30 00:14:15.293404+02,2026-08-30 00:14:15.293404+02
10,18192,f,-1331873582423736659,ANALYZE public.view_riksdagen_document_type_daily_summary,0,0,0,0,0,0,2,75.506706,37.729333,37.777373,37.753353,0.024020000000000152,0,191,649,6,0,0,0,0,0,0,0,0.783728,0,0,0,0,0,39,4,35557,0,0,0,0,0,0,0,0,0,0,0,0,0,2026-08-15 13:41:22.320457+02,2026-08-15 13:41:22.320457+02
10,18192,f,4951847078223556477,COPY  ( SELECT * FROM public.qrtz_job_details ORDER BY random ( ) LIMIT $1 ) TO STDOUT CSV HEADER,1,0.0412,0.0412,0.0412,0.0412,0,1,0.019972,0.019972,0.019972,0.019972,0,4,53,2,0,0,0,0,0,0,0,0,0.009186,0,0,0,0,0,0,0,0,0,0,0,0,0,0,0,0,0,0,0,0,0,2026-08-30 00:12:14.345901+02,2026-08-30 00:12:14.345901+02
10,18192,f,8893815563707113725,ANALYZE public.view_riksdagen_vote_data_ballot_party_summary_weekly,0,0,0,0,0,0,2,90.459465,44.864226,45.595239,45.2297325,0.3655065000000004,0,1355,418,41,0,0,0,0,0,0,0,0.678274,0,0,0,0,0,309,30,267799,0,0,0,0,0,0,0,0,0,0,0,0,0,2026-08-15 13:41:24.225051+02,2026-08-15 13:41:24.225051+02
10,18192,f,1869029839074859326,start_time := clock_timestamp(),8,0.062310000000000004,0.00142,0.038306,0.0077887500000000005,0.012127310900916987,0,0,0,0,0,0,0,0,0,0,0,0,0,0,0,0,0,0,0,0,0,0,0,0,0,0,0,0,0,0,0,0,0,0,0,0,0,0,0,2026-08-15 13:40:34.262919+02,2026-08-15 13:40:34.262919+02
16384,18192,t,2721952357221295395,"UPDATE QRTZ_CRON_TRIGGERS SET CRON_EXPRESSION = $1, TIME_ZONE_ID = $2 WHERE SCHED_NAME = $5 AND TRIGGER_NAME = $3 AND TRIGGER_GROUP = $4",72,1.6225490000000002,0.010353,0.095035,0.022535402777777783,0.014394242286086052,171,2.6900530000000007,0.004164,0.12176200000000001,0.01573130409356725,0.012075102456961744,171,699,1,14,0,0,0,0,0,0,0,0.014331,0,0,0,0,0,171,13,17625,0,0,0,0,0,0,0,0,0,0,0,0,0,2026-08-17 22:31:35.11226+02,2026-08-17 22:31:35.11226+02
16384,18192,t,6964271950686376671,"insert into rule_violation (detected_date, name, positive, reference_id, resource_type, rule_description, rule_group, rule_name, status, id) values ($1, $2, $3, $4, $5, $6, $7, $8, $9, $10)",41,0.508498,0.004305,0.029233,0.012402390243902441,0.008038963820737368,25278,181.62805900000018,0.0020940000000000004,9.338358,0.007185222683756658,0.12706365651785145,25278,127861,280,1053,0,0,0,0,0,0,0,74.140108,0,0,0,0,0,75959,412,10651852,0,0,0,0,0,0,0,0,0,0,0,0,0,2026-08-17 22:31:59.32917+02,2026-08-17 22:31:59.32917+02
10,18192,f,4231289357091861255,SELECT COUNT(*) FROM public.view_riksdagen_party_longitudinal_performance,1,0.715441,0.715441,0.715441,0.715441,0,1,27.013302,27.013302,27.013302,27.013302,0,1,529,431,0,0,0,0,0,0,0,0,0.371439,0,0,0,0,0,0,0,0,0,0,0,0,0,0,0,0,0,0,0,3,3,2026-08-30 00:14:23.026224+02,2026-08-30 00:14:23.026224+02
10,18192,f,4332024341160242865,"COPY  ( SELECT reference_type AS value, COUNT ( * ) AS count FROM document_reference_data WHERE reference_type IS NOT NULL GROUP BY reference_type ORDER BY count DESC, reference_type LIMIT $1 ) TO STDOUT WITH CSV HEADER",2,0.6669750000000001,0.331473,0.335502,0.33348750000000005,0.0020145000000000163,2,99.570677,47.328095,52.242582000000006,49.7853385,2.457243500000004,4,96,6460,0,0,0,0,0,0,0,0,258.72101100000003,0,0,0,0,0,0,0,0,0,0,0,0,0,0,0,0,0,0,0,6,6,2026-08-15 13:41:17.642917+02,2026-08-15 13:41:17.642917+02
10,18192,t,2207758143017942155,COPY  ( SELECT * FROM public.databasechangelog ORDER BY random ( ) LIMIT 654 ) TO STDOUT CSV HEADER,0,0,0,0,0,0,1,9.146309,9.146309,9.146309,9.146309,0,654,76,38,0,0,0,0,0,0,0,0,8.030979,0,0,0,0,0,4,0,266,0,0,0,0,0,0,0,0,0,0,0,0,0,2026-08-30 00:11:54.413112+02,2026-08-30 00:11:54.413112+02
10,18192,t,-8468646564405494487,COPY  ( SELECT * FROM public.person_assignment_data ORDER BY random ( ) LIMIT 2492 ) TO STDOUT CSV HEADER,0,0,0,0,0,0,1,8.665822,8.665822,8.665822,8.665822,0,2492,40,13,0,0,0,0,0,0,0,0,8.001915,0,0,0,0,0,0,0,0,0,0,0,0,0,0,0,0,0,0,0,0,0,2026-08-30 00:12:14.334795+02,2026-08-30 00:12:14.334795+02
16384,16385,t,-3434563810949349424,SHOW SEARCH_PATH,0,0,0,0,0,0,8,0.032670000000000005,0.003321,0.005405,0.004083750000000001,0.0007493758653039208,0,0,0,0,0,0,0,0,0,0,0,0,0,0,0,0,0,0,0,0,0,0,0,0,0,0,0,0,0,0,0,0,0,2026-08-29 13:36:59.072589+02,2026-08-29 13:36:59.072589+02
16384,18192,t,-2316974246697288153,"update user_account set country=$1, created_date=$2, email=$3, model_object_id=$4, model_object_version=$5, number_of_visits=$6, user_email_status=$7, user_id=$8, user_lock_status=$9, user_role=$10, user_type=$11, username=$12, userpassword=$13 where hjid=$14 and model_object_version=$15",1,0.025096,0.025096,0.025096,0.025096,0,1,0.06404,0.06404,0.06404,0.06404,0,1,7,0,1,0,0,0,0,0,0,0,0,0,0,0,0,0,1,1,2924,0,0,0,0,0,0,0,0,0,0,0,0,0,2026-08-29 13:42:12.402784+02,2026-08-29 13:42:12.402784+02
10,18192,f,4704956136007647701,view_record.schemaname,1,0.000691,0.000691,0.000691,0.000691,0,0,0,0,0,0,0,0,0,0,0,0,0,0,0,0,0,0,0,0,0,0,0,0,0,0,0,0,0,0,0,0,0,0,0,0,0,0,0,0,2026-08-30 00:11:54.260357+02,2026-08-30 00:11:54.260357+02
10,18192,t,6143176231557334057,COPY  ( SELECT * FROM public.qrtz_cron_triggers ORDER BY random ( ) LIMIT 4 ) TO STDOUT CSV HEADER,0,0,0,0,0,0,1,0.087891,0.087891,0.087891,0.087891,0,4,59,4,0,0,0,0,0,0,0,0,0.015267,0,0,0,0,0,0,0,0,0,0,0,0,0,0,0,0,0,0,0,0,0,2026-08-30 00:12:14.344381+02,2026-08-30 00:12:14.344381+02
10,18192,f,1781147467671250429,"SELECT t.tablename,
               COALESCE(c.reltuples, $1)::BIGINT AS row_count
        FROM pg_tables t
        JOIN pg_class c ON c.relname = t.tablename
        JOIN pg_namespace n ON n.oid = c.relnamespace AND n.nspname = t.schemaname
        WHERE t.schemaname = $2
        ORDER BY t.tablename",1,0.273395,0.273395,0.273395,0.273395,0,1,0.187441,0.187441,0.187441,0.187441,0,94,348,0,0,0,0,0,0,0,0,0,0,0,0,0,0,0,1,0,58,0,0,0,0,0,0,0,0,0,0,0,0,0,2026-08-30 00:11:54.26687+02,2026-08-30 00:11:54.26687+02
10,18192,t,-3191722974879644355,"COPY  ( SELECT lang AS value, COUNT ( * ) AS count FROM document_element WHERE lang IS NOT NULL GROUP BY lang ORDER BY count DESC, lang LIMIT 1000 ) TO STDOUT WITH CSV HEADER",0,0,0,0,0,0,2,61.831733,28.96359,32.868143,30.9158665,1.9522765000000026,54,91075,1,0,0,0,0,0,0,0,0,0.005696,0,0,0,0,0,0,0,0,0,0,0,0,0,0,0,0,0,0,0,0,0,2026-08-15 13:41:17.509462+02,2026-08-15 13:41:17.509462+02
10,18192,f,3314633431827709116,row_count > $6,1,0.001808,0.001808,0.001808,0.001808,0,0,0,0,0,0,0,0,0,0,0,0,0,0,0,0,0,0,0,0,0,0,0,0,0,0,0,0,0,0,0,0,0,0,0,0,0,0,0,0,2026-08-30 00:12:15.735325+02,2026-08-30 00:12:15.735325+02
10,18192,t,-2643140003453130605,COPY  ( SELECT * FROM public.jv_commit_property ORDER BY random ( ) LIMIT 5000 ) TO STDOUT CSV HEADER,0,0,0,0,0,0,1,476.946774,476.946774,476.946774,476.946774,0,5000,81,30631,8,2926,0,0,0,0,0,0,45.64726,3.639127,0,0,0,0,8,8,2984,0,0,0,0,0,0,0,0,0,0,0,0,0,2026-08-30 00:11:58.151382+02,2026-08-30 00:11:58.151382+02
16384,18192,t,-7336078244838021464,SELECT * FROM QRTZ_LOCKS WHERE SCHED_NAME = $2 AND LOCK_NAME = $1 FOR UPDATE,81,21.36565699999999,0.014355,8.78088,0.26377354320987645,1.326975792100767,135,3.898796999999999,0.005828,0.224584,0.028879977777777774,0.024390991812390465,135,633,8,48,0,0,0,0,0,0,0,17.542433,0,0,0,0,0,183,48,15675,0,0,0,0,0,0,0,0,0,0,0,0,0,2026-08-17 22:31:35.094758+02,2026-08-17 22:31:35.094758+02
10,18192,t,-796865984023402795,"DROP FUNCTION IF EXISTS cia_tmp_rowcount(text, text)",0,0,0,0,0,0,2,4.149345,0.402883,3.746462,2.0746725,1.6717895,0,148,29,5,0,0,0,0,0,0,0,3.315919,0,0,0,0,0,9,5,9727,0,0,0,0,0,0,0,0,0,0,0,0,0,2026-08-15 13:40:34.246122+02,2026-08-15 13:40:34.246122+02
10,18192,t,-948884883290698207,COPY  ( SELECT * FROM public.user_account ORDER BY random ( ) LIMIT 21 ) TO STDOUT CSV HEADER,0,0,0,0,0,0,1,1.760193,1.760193,1.760193,1.760193,0,21,79,2,0,0,0,0,0,0,0,0,1.561083,0,0,0,0,0,0,0,0,0,0,0,0,0,0,0,0,0,0,0,0,0,2026-08-30 00:12:14.374787+02,2026-08-30 00:12:14.374787+02
10,18192,t,-8780061393671853207,"COPY  ( SELECT code AS value, COUNT ( * ) AS count FROM document_detail_data WHERE code IS NOT NULL GROUP BY code ORDER BY count DESC, code LIMIT 1000 ) TO STDOUT WITH CSV HEADER",0,0,0,0,0,0,2,178.29996999999997,87.137605,91.162365,89.14998499999999,2.0123799999999967,32,145,12227,0,0,0,0,0,0,0,0,536.478113,0,0,0,0,0,0,0,0,0,0,0,0,0,0,0,0,0,0,0,0,0,2026-08-15 13:41:17.356694+02,2026-08-15 13:41:17.356694+02
10,18192,f,2039808169134817073,COPY  ( SELECT * FROM public.detail_data ORDER BY random ( ) LIMIT $1 ) TO STDOUT CSV HEADER,1,0.939964,0.939964,0.939964,0.939964,0,1,12.696541,12.696541,12.696541,12.696541,0,17485,564,10,0,0,0,0,0,0,0,0,0.861252,0,0,0,0,0,2,0,128,0,0,0,0,0,0,0,0,0,0,0,0,0,2026-08-30 00:11:54.414226+02,2026-08-30 00:11:54.414226+02
10,18192,f,-8166137586533716396,COPY  ( SELECT * FROM public.indicator_element ORDER BY random ( ) LIMIT $1 ) TO STDOUT CSV HEADER,1,0.193488,0.193488,0.193488,0.193488,0,1,10.704843,10.704843,10.704843,10.704843,0,3000,98,1514,0,0,0,0,0,0,0,0,0.458572,0,0,0,0,0,1,0,62,0,0,0,0,0,0,0,0,0,0,0,0,0,2026-08-30 00:11:56.739476+02,2026-08-30 00:11:56.739476+02
10,18192,t,2025419160972447309,COPY  ( SELECT * FROM public.rule_violation ORDER BY random ( ) LIMIT 2298 ) TO STDOUT CSV HEADER,0,0,0,0,0,0,1,5.145488,5.145488,5.145488,5.145488,0,2298,114,130,0,0,0,0,0,0,0,0,3.126295,0,0,0,0,0,1,0,60,0,0,0,0,0,0,0,0,0,0,0,0,0,2026-08-30 00:12:14.359752+02,2026-08-30 00:12:14.359752+02
10,18192,f,-5392851000177174374,ANALYZE public.view_worldbank_indicator_data_country_summary,0,0,0,0,0,0,2,29.53884,14.523055,15.015785,14.76942,0.2463650000000004,0,1712,11,22,11,0,0,0,0,0,0,0.023115,0.036036,0,0,0,0,320,0,197076,0,0,0,0,0,0,0,0,0,0,0,0,0,2026-08-15 13:41:34.406807+02,2026-08-15 13:41:34.406807+02
10,18192,f,8605678941991670153,SELECT COUNT(*) FROM public.view_riksdagen_seasonal_activity_patterns,1,0.481621,0.481621,0.481621,0.481621,0,1,3908.7373979999998,3908.7373979999998,3908.7373979999998,3908.7373979999998,0,1,99673,0,0,0,0,0,0,0,35885,35891,0,0,0,0,31.141222,64.628842,0,0,0,0,45,2.689571,1,12.367152,1,185.468295,1,127.604107,1,1.285311,7,7,2026-08-30 00:15:24.180673+02,2026-08-30 00:15:24.180673+02
10,18192,t,-1139367932485876895,COPY  ( SELECT * FROM public.jv_global_id ORDER BY random ( ) LIMIT 5000 ) TO STDOUT CSV HEADER,0,0,0,0,0,0,1,2811.044022,2811.044022,2811.044022,2811.044022,0,5000,85,178967,39,653,0,0,0,0,0,0,1352.474402,0.890918,0,0,0,0,40,39,35782,0,0,0,0,0,0,0,0,0,0,0,0,0,2026-08-30 00:12:00.962764+02,2026-08-30 00:12:00.962764+02
10,18192,f,7243896996197572138,"COPY  ( SELECT status AS value, COUNT ( * ) AS count FROM assignment_element WHERE status IS NOT NULL GROUP BY status ORDER BY count DESC, status LIMIT $1 ) TO STDOUT WITH CSV HEADER",2,0.02187,0.009549,0.012321,0.010935,0.001386,2,0.003425,0.001701,0.0017239999999999998,0.0017125,1.1499999999999954e-05,0,6,0,0,0,0,0,0,0,0,0,0,0,0,0,0,0,0,0,0,0,0,0,0,0,0,0,0,0,0,0,0,0,2026-08-15 13:41:17.07867+02,2026-08-15 13:41:17.07867+02
10,18192,t,629822592055616258,"COPY  ( SELECT status AS value, COUNT ( * ) AS count FROM committee_document_data WHERE status IS NOT NULL GROUP BY status ORDER BY count DESC, status LIMIT 2000 ) TO STDOUT WITH CSV HEADER",0,0,0,0,0,0,2,2.3464289999999997,1.154264,1.192165,1.1732144999999998,0.018950499999999926,230,823,1,0,0,0,0,0,0,0,0,0.005613,0,0,0,0,0,0,0,0,0,0,0,0,0,0,0,0,0,0,0,0,0,2026-08-15 13:41:16.743391+02,2026-08-15 13:41:16.743391+02
16384,16385,t,4854991825702068830,BEGIN,0,0,0,0,0,0,10,0.007928000000000001,0.000472,0.00125,0.0007928,0.0002714445799790447,0,0,0,0,0,0,0,0,0,0,0,0,0,0,0,0,0,0,0,0,0,0,0,0,0,0,0,0,0,0,0,0,0,2026-08-29 13:36:58.118531+02,2026-08-29 13:36:58.118531+02
16384,18192,t,3990065804884109583,REFRESH MATERIALIZED VIEW public.view_riksdagen_party_document_daily_summary,0,0,0,0,0,0,11,1706.938807,146.786675,163.180745,155.17625518181816,5.764338993865864,124113,1204158,4036,1036,1419,0,0,0,0,0,0,18.7377,1.7928810000000002,0,0,0,0,126001,35,11773248,0,0,0,0,0,0,0,0,0,0,0,0,0,2026-08-17 22:31:43.594871+02,2026-08-17 22:31:43.594871+02
10,18192,f,7444510038431496372,COPY  ( SELECT * FROM public.view_riksdagen_vote_data_ballot_party_summary_annual ORDER BY random ( ) LIMIT $1 ) TO STDOUT WITH CSV HEADER,1,0.128576,0.128576,0.128576,0.128576,0,1,0.593847,0.593847,0.593847,0.593847,0,210,74,0,0,0,0,0,0,0,0,0,0,0,0,0,0,0,0,0,0,0,0,0,0,0,0,0,0,0,0,0,0,0,2026-08-30 00:15:41.831281+02,2026-08-30 00:15:41.831281+02
10,18192,t,4136165579643548703,"COPY  ( SELECT origin AS value, COUNT ( * ) AS count FROM document_element WHERE origin IS NOT NULL GROUP BY origin ORDER BY count DESC, origin LIMIT 1000 ) TO STDOUT WITH CSV HEADER",0,0,0,0,0,0,2,63.38431800000001,29.360437,34.023881,31.692159000000004,2.331722,76,91076,0,0,0,0,0,0,0,0,0,0,0,0,0,0,0,0,0,0,0,0,0,0,0,0,0,0,0,0,0,0,0,2026-08-15 13:41:17.539029+02,2026-08-15 13:41:17.539029+02
10,18192,t,-3372327709389083833,COPY  ( SELECT * FROM public.view_riksdagen_party_electoral_trends ORDER BY random ( ) LIMIT 210 ) TO STDOUT WITH CSV HEADER,0,0,0,0,0,0,1,29.394576,29.394576,29.394576,29.394576,0,210,990,0,0,0,0,0,0,0,0,0,0,0,0,0,0,0,0,0,0,0,0,0,0,0,0,0,0,0,0,0,0,0,2026-08-30 00:16:30.268697+02,2026-08-30 00:16:30.268697+02
10,18192,f,905481752547096593,COPY  ( SELECT * FROM public.qrtz_locks ORDER BY random ( ) LIMIT $1 ) TO STDOUT CSV HEADER,1,0.179243,0.179243,0.179243,0.179243,0,1,0.12379399999999999,0.12379399999999999,0.12379399999999999,0.12379399999999999,0,2,26,2,0,0,0,0,0,0,0,0,0.266293,0,0,0,0,0,0,0,0,0,0,0,0,0,0,0,0,0,0,0,0,0,2026-08-30 00:12:14.346058+02,2026-08-30 00:12:14.346058+02
16384,18192,t,5613098237360513919,SELECT MAX(snapshot_pk) FROM jv_snapshot WHERE $2 = $3 AND global_id_fk = $1,142,8.680201,0.018897,0.990548,0.061128176056338066,0.12802748936763098,2376473,156288.03743999844,0.001138,28.121066,0.06576470148830078,0.4266414379080309,2376473,8882251,650311,443,0,0,0,0,0,0,0,149868.80575600246,0,0,0,0,0,442,442,637248,0,0,0,0,0,0,0,0,0,0,0,0,0,2026-08-17 22:31:37.080686+02,2026-08-17 22:31:37.080686+02
10,18192,f,-4968910823798697511,COPY  ( SELECT * FROM public.qrtz_paused_trigger_grps ORDER BY random ( ) LIMIT $1 ) TO STDOUT CSV HEADER,1,1.631707,1.631707,1.631707,1.631707,0,1,0.000412,0.000412,0.000412,0.000412,0,0,24,1,0,0,0,0,0,0,0,0,1.570304,0,0,0,0,0,0,0,0,0,0,0,0,0,0,0,0,0,0,0,0,0,2026-08-30 00:12:14.346454+02,2026-08-30 00:12:14.346454+02
10,18192,f,8527500702204680143,"COPY  ( WITH temporal_buckets AS ( SELECT *, DATE_TRUNC ( $1 , role_end ) AS time_bucket, ROW_NUMBER ( ) OVER ( PARTITION BY DATE_TRUNC ( 'month' , role_end ) ORDER BY random ( ) ) AS rn FROM public.view_riksdagen_politician_role_evolution ) SELECT * FROM temporal_buckets WHERE rn = $2 ORDER BY time_bucket DESC LIMIT $3 ) TO STDOUT WITH CSV HEADER",1,0.6472,0.6472,0.6472,0.6472,0,1,79.99555799999999,79.99555799999999,79.99555799999999,79.99555799999999,0,468,869,0,0,0,0,0,0,0,0,0,0,0,0,0,0,0,0,0,0,0,0,0,0,0,0,0,0,0,0,0,1,1,2026-08-30 00:16:32.521146+02,2026-08-30 00:16:32.521146+02
10,18192,t,-6786517203013575652,COPY  ( SELECT * FROM public.view_riksdagen_party_ballot_support_annual_summary ORDER BY random ( ) LIMIT 13504 ) TO STDOUT WITH CSV HEADER,0,0,0,0,0,0,1,115.717027,115.717027,115.717027,115.717027,0,13504,6301,0,0,0,0,0,0,0,0,0,0,0,0,0,0,0,0,0,0,0,0,0,0,0,0,0,0,0,0,0,0,0,2026-08-30 00:15:41.818293+02,2026-08-30 00:15:41.818293+02
10,18192,t,-1940166360847300728,COPY  ( SELECT * FROM public.sweden_county_electoral_regi_0 ORDER BY random ( ) LIMIT 0 ) TO STDOUT CSV HEADER,0,0,0,0,0,0,1,0.196188,0.196188,0.196188,0.196188,0,0,38,1,0,0,0,0,0,0,0,0,0.116783,0,0,0,0,0,0,0,0,0,0,0,0,0,0,0,0,0,0,0,0,0,2026-08-30 00:12:14.361205+02,2026-08-30 00:12:14.361205+02
10,18192,t,1375894918468345574,SET lock_timeout = $1,0,0,0,0,0,0,2,0.003031,0.000696,0.002335,0.0015155,0.0008194999999999999,0,0,0,0,0,0,0,0,0,0,0,0,0,0,0,0,0,0,0,0,0,0,0,0,0,0,0,0,0,0,0,0,0,2026-08-15 13:40:34.221322+02,2026-08-15 13:40:34.221322+02
10,18192,f,-7960016135124581623,SELECT COUNT(*) FROM public.view_application_action_event_page_daily_summary,1,0.058879,0.058879,0.058879,0.058879,0,1,0.33592,0.33592,0.33592,0.33592,0,1,34,0,0,0,0,0,0,0,0,0,0,0,0,0,0,0,0,0,0,0,0,0,0,0,0,0,0,0,0,0,0,0,2026-08-30 00:12:15.736118+02,2026-08-30 00:12:15.736118+02
10,18192,f,-6695868714806071273,COPY  ( SELECT * FROM public.government_body_data ORDER BY random ( ) LIMIT $1 ) TO STDOUT CSV HEADER,1,0.103284,0.103284,0.103284,0.103284,0,1,4.86154,4.86154,4.86154,4.86154,0,6520,183,1,0,0,0,0,0,0,0,0,0.005184,0,0,0,0,0,5,0,324,0,0,0,0,0,0,0,0,0,0,0,0,0,2026-08-30 00:11:56.734201+02,2026-08-30 00:11:56.734201+02
10,18192,t,-7318713246605434727,COPY  ( SELECT * FROM public.data_element ORDER BY random ( ) LIMIT 0 ) TO STDOUT CSV HEADER,0,0,0,0,0,0,1,0.320003,0.320003,0.320003,0.320003,0,0,46,1,0,0,0,0,0,0,0,0,0.180272,0,0,0,0,0,0,0,0,0,0,0,0,0,0,0,0,0,0,0,0,0,2026-08-30 00:11:54.400623+02,2026-08-30 00:11:54.400623+02
16384,18192,t,3394449223460681651,update document_detail_data set document_detail_list_documen_0=$1 where hjid=$2,13,0.062007999999999994,0.002988,0.009862,0.004769846153846154,0.001984189113433955,13,0.22569999999999998,0.009714,0.041994,0.017361538461538463,0.009232661684854605,13,182,0,0,0,0,0,0,0,0,0,0,0,0,0,0,0,13,0,1029,0,0,0,0,0,0,0,0,0,0,0,0,0,2026-08-29 14:13:31.828175+02,2026-08-29 14:13:31.828175+02
10,18192,f,274120586408493518,"COPY  ( SELECT party AS value, COUNT ( * ) AS count FROM person_data WHERE party IS NOT NULL GROUP BY party ORDER BY count DESC, party LIMIT $1 ) TO STDOUT WITH CSV HEADER",2,0.580189,0.117134,0.463055,0.2900945,0.1729605,2,5.944427,0.47367600000000004,5.470751,2.9722135,2.4985375,32,90,364,0,0,0,0,0,0,0,0,5.406408,0,0,0,0,0,0,0,0,0,0,0,0,0,0,0,0,0,0,0,0,0,2026-08-15 13:41:16.178195+02,2026-08-15 13:41:16.178195+02
10,18192,f,1574228004708246174,"COPY  ( SELECT document_committee_proposal__0 AS value, COUNT ( * ) AS count FROM committee_proposal_component_0 WHERE document_committee_proposal__0 IS NOT NULL GROUP BY document_committee_proposal__0 ORDER BY count DESC, document_committee_proposal__0 LIMIT $1 ) TO STDOUT WITH CSV HEADER",2,0.529477,0.209789,0.319688,0.2647385,0.054949500000000026,2,11.071255,5.520586,5.550669,5.5356275,0.01504149999999993,2000,54,162,0,0,0,0,0,0,0,0,3.297018,0,0,0,0,0,0,0,0,0,0,0,0,0,0,0,0,0,0,0,0,0,2026-08-15 13:41:17.07877+02,2026-08-15 13:41:17.07877+02
10,18192,t,6045367890385109797,"COPY  ( SELECT electoral_region AS value, COUNT ( * ) AS count FROM vote_data WHERE electoral_region IS NOT NULL GROUP BY electoral_region ORDER BY count DESC, electoral_region LIMIT 1000 ) TO STDOUT WITH CSV HEADER",0,0,0,0,0,0,2,229.57391,110.826622,118.747288,114.786955,3.960332999999995,60,189652,0,0,0,0,0,0,0,0,0,0,0,0,0,0,0,0,0,0,0,0,0,0,0,0,0,0,0,0,0,0,0,2026-08-15 13:41:17.844348+02,2026-08-15 13:41:17.844348+02
10,18192,f,-7800230190418339355,"COPY  ( SELECT sub_type AS value, COUNT ( * ) AS count FROM committee_document_data WHERE sub_type IS NOT NULL GROUP BY sub_type ORDER BY count DESC, sub_type LIMIT $1 ) TO STDOUT WITH CSV HEADER",2,0.038111,0.016713,0.021398,0.0190555,0.002342500000000001,2,1.935182,0.962495,0.972687,0.967591,0.005095999999999989,8,824,0,0,0,0,0,0,0,0,0,0,0,0,0,0,0,0,0,0,0,0,0,0,0,0,0,0,0,0,0,0,0,2026-08-15 13:41:16.744672+02,2026-08-15 13:41:16.744672+02
10,18192,t,729659596736519172,COPY  ( SELECT * FROM public.view_election_cycle_temporal_trends ORDER BY random ( ) LIMIT 74 ) TO STDOUT WITH CSV HEADER,0,0,0,0,0,0,1,25170.695494,25170.695494,25170.695494,25170.695494,0,74,817972,0,0,0,0,0,0,0,176769,176797,0,0,0,0,139.602823,280.866345,0,0,0,0,0,0,0,0,0,0,0,0,0,0,0,0,2026-08-30 00:16:07.143174+02,2026-08-30 00:16:07.143174+02
10,18192,f,-5387140353856276710,success_count,9,0.00859,0.000629,0.00124,0.0009544444444444445,0.0001839916127986461,0,0,0,0,0,0,0,0,0,0,0,0,0,0,0,0,0,0,0,0,0,0,0,0,0,0,0,0,0,0,0,0,0,0,0,0,0,0,0,2026-08-15 13:41:15.948312+02,2026-08-15 13:41:15.948312+02
10,18192,f,-1278704206801188986,"COPY  ( SELECT outcome AS value, COUNT ( * ) AS count FROM vote_meta_data WHERE outcome IS NOT NULL GROUP BY outcome ORDER BY count DESC, outcome LIMIT $1 ) TO STDOUT WITH CSV HEADER",2,0.021972,0.010605,0.011367,0.010986,0.0003810000000000007,2,0.003201,0.001499,0.001702,0.0016005,0.00010150000000000003,0,6,0,0,0,0,0,0,0,0,0,0,0,0,0,0,0,0,0,0,0,0,0,0,0,0,0,0,0,0,0,0,0,2026-08-15 13:41:17.971619+02,2026-08-15 13:41:17.971619+02
10,18192,t,-7157185801006570559,"COPY  ( SELECT proposal_type AS value, COUNT ( * ) AS count FROM against_proposal_data WHERE proposal_type IS NOT NULL GROUP BY proposal_type ORDER BY count DESC, proposal_type LIMIT 1000 ) TO STDOUT WITH CSV HEADER",0,0,0,0,0,0,2,25.422971,11.047382,14.375589,12.7114855,1.6641034999999995,2,1398,0,0,0,0,0,0,0,0,0,0,0,0,0,0,0,0,0,0,0,0,0,0,0,0,0,0,0,0,0,0,0,2026-08-15 13:41:17.077904+02,2026-08-15 13:41:17.077904+02
16384,18192,t,-8747388902641245684,"select government0_.id as id1_36_, government0_.annual_work_head_count as annual_w2_36_, government0_.comment as comment3_36_, government0_.consecutive_number as consecut4_36_, government0_.government_body_id as governme5_36_, government0_.head_count as head_cou6_36_, government0_.m_code as m_code7_36_, government0_.ministry as ministry8_36_, government0_.name as name9_36_, government0_.org_number as org_num10_36_, government0_.vat as vat11_36_, government0_.year as year12_36_ from government_body_data government0_",3,2.218523,0.227157,1.664525,0.7395076666666667,0.6553508094597545,3,20.507745999999997,5.3749899999999995,9.739965999999999,6.8359153333333325,2.053486777154949,19560,824,145,0,0,0,0,0,0,0,0,2.460465,0,0,0,0,0,0,0,0,0,0,0,0,0,0,0,0,0,0,0,0,0,2026-08-17 22:31:35.109376+02,2026-08-17 22:31:35.109376+02
10,18192,f,-568636380422390365,"COPY  ( WITH temporal_strata AS ( SELECT *, ROW_NUMBER ( ) OVER ( PARTITION BY DATE ( embedded_id_created_date ) ORDER BY random ( ) ) AS rn FROM public.view_application_action_event_page_daily_summary WHERE embedded_id_created_date >= CURRENT_DATE - INTERVAL $1 ) SELECT * FROM temporal_strata WHERE rn <= $2 LIMIT $3 ) TO STDOUT WITH CSV HEADER",1,0.111118,0.111118,0.111118,0.111118,0,1,0.149465,0.149465,0.149465,0.149465,0,8,45,0,0,0,0,0,0,0,0,0,0,0,0,0,0,0,0,0,0,0,0,0,0,0,0,0,0,0,0,0,0,0,2026-08-30 00:15:40.759019+02,2026-08-30 00:15:40.759019+02
10,18192,t,-7836406199965429717,"COPY  ( SELECT committee AS value, COUNT ( * ) AS count FROM document_proposal_data WHERE committee IS NOT NULL GROUP BY committee ORDER BY count DESC, committee LIMIT 1000 ) TO STDOUT WITH CSV HEADER",0,0,0,0,0,0,2,33.809611000000004,16.081962,17.727649,16.904805500000002,0.8228435000000003,144,734,175,1,0,0,0,0,0,0,0,2.414025,0,0,0,0,0,1,1,2806,0,0,0,0,0,0,0,0,0,0,0,0,0,2026-08-15 13:41:17.611242+02,2026-08-15 13:41:17.611242+02
10,18192,f,-3793407005639239138,SELECT COUNT(*) FROM public.view_application_action_event_page_annual_summary,1,0.095908,0.095908,0.095908,0.095908,0,1,0.274017,0.274017,0.274017,0.274017,0,1,58,2,0,2,0,0,0,0,0,0,0.004189,0.003125,0,0,0,0,0,0,0,0,0,0,0,0,0,0,0,0,0,0,0,0,2026-08-30 00:12:15.735639+02,2026-08-30 00:12:15.735639+02
10,18192,f,5348259627875601874,SELECT COUNT(*) FROM public.view_riksdagen_politician_influence_metrics,1,0.393918,0.393918,0.393918,0.393918,0,1,17919.593911,17919.593911,17919.593911,17919.593911,0,1,61798410,0,0,0,0,0,0,0,279539,279600,0,0,0,0,238.174089,506.394729,0,0,0,0,54,2.542232,0,0,1,1.027087,1,13.254779,1,1.503912,4,4,2026-08-30 00:14:48.912884+02,2026-08-30 00:14:48.912884+02
10,18192,f,6305072280629073729,COPY  ( SELECT * FROM public.document_element ORDER BY random ( ) LIMIT $1 ) TO STDOUT CSV HEADER,1,1.15211,1.15211,1.15211,1.15211,0,1,242.22971600000002,242.22971600000002,242.22971600000002,242.22971600000002,0,3000,45749,89,0,0,0,0,0,0,0,0,17.188307,0,0,0,0,0,11,0,740,0,3,0.471034,0,0,1,0.235327,1,2.483041,1,0.321046,0,0,2026-08-30 00:11:56.290377+02,2026-08-30 00:11:56.290377+02
16384,18192,t,-7264378377922768993,"select ruleviolat0_.id as id1_50_, ruleviolat0_.detected_date as detected2_50_, ruleviolat0_.name as name3_50_, ruleviolat0_.positive as positive4_50_, ruleviolat0_.reference_id as referenc5_50_, ruleviolat0_.resource_type as resource6_50_, ruleviolat0_.rule_description as rule_des7_50_, ruleviolat0_.rule_group as rule_gro8_50_, ruleviolat0_.rule_name as rule_nam9_50_, ruleviolat0_.status as status10_50_ from rule_violation ruleviolat0_",11,75.339063,0.701112,10.210129,6.849005727272727,3.639834015336591,11,41.39284,1.58073,5.966113,3.762985454545454,1.2207196395450413,25278,1076,1162,3,0,0,0,0,0,0,0,93.809333,0,0,0,0,0,3,3,7939,0,0,0,0,0,0,0,0,0,0,0,0,0,2026-08-17 22:31:56.201311+02,2026-08-17 22:31:56.201311+02
10,18192,f,-7302175178792657256,SELECT EXISTS(SELECT $1 FROM public.view_riksdagen_politician_document LIMIT $2),2,0.172371,0.084706,0.087665,0.0861855,0.0014794999999999982,2,0.010612,0.005232,0.00538,0.005306,7.400000000000028e-05,2,16,12,0,0,0,0,0,0,0,0,0.050616999999999995,0,0,0,0,0,0,0,0,0,0,0,0,0,0,0,0,0,0,0,0,0,2026-08-15 13:40:43.803807+02,2026-08-15 13:40:43.803807+02
10,18192,t,-1604121686057817396,COPY  ( SELECT * FROM public.committee_document_data ORDER BY random ( ) LIMIT 9158 ) TO STDOUT CSV HEADER,0,0,0,0,0,0,1,11.684746,11.684746,11.684746,11.684746,0,9158,490,6,0,0,0,0,0,0,0,0,0.14045,0,0,0,0,0,1,0,66,0,0,0,0,0,0,0,0,0,0,0,0,0,2026-08-30 00:11:54.313975+02,2026-08-30 00:11:54.313975+02
10,18192,f,6552517869551705202,SELECT EXISTS(SELECT $1 FROM public.view_riksdagen_politician_document_daily_summary LIMIT $2),2,1.539428,0.067099,1.472329,0.769714,0.702615,2,0.012546,0.00504,0.007506,0.006273,0.0012329999999999997,2,55,3,0,0,0,0,0,0,0,0,1.393659,0,0,0,0,0,0,0,0,0,0,0,0,0,0,0,0,0,0,0,0,0,2026-08-15 13:40:43.86692+02,2026-08-15 13:40:43.86692+02
10,18192,t,-2935607831582134716,"COPY  ( SELECT election_code AS value, COUNT ( * ) AS count FROM sweden_election_type WHERE election_code IS NOT NULL GROUP BY election_code ORDER BY count DESC, election_code LIMIT 1000 ) TO STDOUT WITH CSV HEADER",0,0,0,0,0,0,2,0.427105,0.197712,0.229393,0.2135525,0.015840500000000007,0,102,2,0,0,0,0,0,0,0,0,0.25835,0,0,0,0,0,0,0,0,0,0,0,0,0,0,0,0,0,0,0,0,0,2026-08-15 13:41:17.733233+02,2026-08-15 13:41:17.733233+02
16384,18192,t,653016003938692654,"select documentst0_.hjid as hjid1_33_, documentst0_.document_document_status_con_0 as document3_33_, documentst0_.document_activity_container__0 as document4_33_, documentst0_.document_attachment_containe_0 as document5_33_, documentst0_.document_category as document2_33_, documentst0_.document_detail_container_do_0 as document6_33_, documentst0_.document_person_reference_co_1 as document7_33_, documentst0_.document_proposal_document_s_0 as document8_33_, documentst0_.document_reference_container_0 as document9_33_ from document_status_container documentst0_ inner join document_data documentda1_ on documentst0_.document_document_status_con_0=documentda1_.id where documentda1_.document_type=$1",2,0.56502,0.270717,0.294303,0.28251,0.011792999999999998,2,41.212213,19.011824999999998,22.200388,20.6061065,1.594281500000001,17786,12239,1,0,0,0,0,0,0,0,0,0.011934,0,0,0,0,0,0,0,0,0,0,0,0,0,0,0,0,0,0,0,0,0,2026-08-29 13:39:20.406803+02,2026-08-29 13:39:20.406803+02
10,18192,f,-1001793890533113915,"COPY  ( SELECT ballot_type AS value, COUNT ( * ) AS count FROM vote_data WHERE ballot_type IS NOT NULL GROUP BY ballot_type ORDER BY count DESC, ballot_type LIMIT $1 ) TO STDOUT WITH CSV HEADER",2,0.16721,0.081312,0.085898,0.083605,0.0022930000000000034,2,204.62266699999998,98.091608,106.531059,102.31133349999999,4.219725500000006,2,189084,568,0,0,0,0,0,0,0,0,2.721898,0,0,0,0,0,0,0,0,0,28,1.090673,0,0,2,0.4063,2,6.646297000000001,2,0.432017,8,8,2026-08-15 13:41:16.317888+02,2026-08-15 13:41:16.317888+02
10,18192,f,-5954852480999562144,ANALYZE public.view_riksdagen_vote_data_ballot_politician_summary_annual,0,0,0,0,0,0,2,252.741421,123.095385,129.646036,126.3707105,3.275325500000008,0,2895,501,58,0,0,0,0,0,0,0,0.235536,0,0,0,0,0,598,32,419668,0,0,0,0,0,0,0,0,0,0,0,0,0,2026-08-15 13:41:27.27124+02,2026-08-15 13:41:27.27124+02
16384,18192,t,1415509324236943785,select commit_date_instant from jv_commit where $1<$2,3,0.020401,0.003986,0.010771,0.006800333333333333,0.0028881235353695575,3,0.001086,0.000184,0.000607,0.000362,0.00017906981878585798,0,0,0,0,0,0,0,0,0,0,0,0,0,0,0,0,0,0,0,0,0,0,0,0,0,0,0,0,0,0,0,0,0,2026-08-17 22:31:35.028715+02,2026-08-17 22:31:35.028715+02
16384,18192,t,4828678708334302290,"select documentel0_.id as id1_26_, documentel0_.committee_report_url_xml as committe2_26_, documentel0_.created_date as created_3_26_, documentel0_.database_source as database4_26_, documentel0_.debate_name as debate_n5_26_, documentel0_.doc_type as doc_type6_26_, documentel0_.document_format as document7_26_, documentel0_.document_name as document8_26_, documentel0_.document_status_url_xml as document9_26_, documentel0_.document_type as documen10_26_, documentel0_.document_url_html as documen11_26_, documentel0_.document_url_text as documen12_26_, documentel0_.domain_org as domain_13_26_, documentel0_.hit as hit14_26_, documentel0_.kall_id as kall_id15_26_, documentel0_.label as label16_26_, documentel0_.lang as lang17_26_, documentel0_.made_public_date as made_pu18_26_, documentel0_.note as note19_26_, documentel0_.note_title as note_ti20_26_, documentel0_.number_value as number_21_26_, documentel0_.org as org22_26_, documentel0_.origin as origin23_26_, documentel0_.related_id as related24_26_, documentel0_.rm as rm25_26_, documentel0_.status as status26_26_, documentel0_.sub_title as sub_tit27_26_, documentel0_.sub_type as sub_typ28_26_, documentel0_.summary as summary29_26_, documentel0_.system_date as system_30_26_, documentel0_.temp_label as temp_la31_26_, documentel0_.title as title32_26_ from document_element documentel0_",2,1.028871,0.359373,0.669498,0.5144355,0.15506250000000005,2,2474.3598739999998,1141.587785,1332.772089,1237.1799369999999,95.592152,639406,123044,838,1,0,0,0,0,0,0,0,9.993756,0,0,0,0,0,2,1,793,0,0,0,0,0,0,0,0,0,0,0,0,0,2026-08-29 13:39:12.587771+02,2026-08-29 13:39:12.587771+02
10,18192,t,-9143771273008338168,COPY  ( SELECT * FROM public.view_riksdagen_vote_data_ballot_politician_summary_annual ORDER BY random ( ) LIMIT 10017 ) TO STDOUT WITH CSV HEADER,0,0,0,0,0,0,1,26.378757,26.378757,26.378757,26.378757,0,10017,728,0,0,0,0,0,0,0,0,0,0,0,0,0,0,0,0,0,0,0,0,0,0,0,0,0,0,0,0,0,0,0,2026-08-30 00:15:41.858827+02,2026-08-30 00:15:41.858827+02
16384,18192,t,-2342180824207880930,"select applicatio0_.hjid as hjid1_3_, applicatio0_.action_name as action_n2_3_, applicatio0_.application_message as applicat3_3_, applicatio0_.application_operation as applicat4_3_, applicatio0_.created_date as created_5_3_, applicatio0_.element_id as element_6_3_, applicatio0_.error_message as error_me7_3_, applicatio0_.event_group as event_gr8_3_, applicatio0_.model_object_id as model_ob9_3_, applicatio0_.model_object_version as model_o10_3_, applicatio0_.page as page11_3_, applicatio0_.page_mode as page_mo12_3_, applicatio0_.session_id as session13_3_, applicatio0_.user_id as user_id14_3_ from application_action_event applicatio0_ where upper(applicatio0_.session_id)=$1 and applicatio0_.application_operation=$2 and upper(applicatio0_.application_message)=$3",1,0.053635,0.053635,0.053635,0.053635,0,1,0.175422,0.175422,0.175422,0.175422,0,0,31,0,0,0,0,0,0,0,0,0,0,0,0,0,0,0,0,0,0,0,0,0,0,0,0,0,0,0,0,0,0,0,2026-08-29 13:42:12.300735+02,2026-08-29 13:42:12.300735+02
10,18192,t,-1245575568271964479,"COPY  ( SELECT 'Summary of Distinct Value Extractions' AS info, COUNT ( * ) AS file_count FROM ( SELECT 1 ) x ) TO STDOUT WITH CSV HEADER",0,0,0,0,0,0,2,0.149867,0.066157,0.08371,0.0749335,0.008776500000000007,2,0,0,0,0,0,0,0,0,0,0,0,0,0,0,0,0,0,0,0,0,0,0,0,0,0,0,0,0,0,0,0,0,2026-08-15 13:41:18.059364+02,2026-08-15 13:41:18.059364+02
10,18192,f,-2249883271926580436,"COPY  ( WITH temporal_buckets AS ( SELECT *, DATE_TRUNC ( $1 , decision_day ) AS time_bucket, ROW_NUMBER ( ) OVER ( PARTITION BY DATE_TRUNC ( 'month' , decision_day ) ORDER BY random ( ) ) AS rn FROM public.view_decision_temporal_trends ) SELECT * FROM temporal_buckets WHERE rn = $2 ORDER BY time_bucket DESC LIMIT $3 ) TO STDOUT WITH CSV HEADER",1,0.496737,0.496737,0.496737,0.496737,0,1,111.115437,111.115437,111.115437,111.115437,0,280,374673,0,0,0,0,0,0,0,0,0,0,0,0,0,0,0,0,0,0,0,0,0,0,0,0,0,0,0,0,0,2,2,2026-08-30 00:15:41.86038+02,2026-08-30 00:15:41.86038+02
16384,18192,t,3740845797840881788,COMMIT PREPARED $1,0,0,0,0,0,0,114512,418351.8595569993,2.573252,30.718583,3.6533451477312298,1.4147282895003443,0,0,0,0,0,0,0,0,0,0,0,0,0,0,0,0,0,114512,0,4809504,0,0,0,0,0,0,0,0,0,0,0,0,0,2026-08-29 13:39:12.345928+02,2026-08-29 13:39:12.345928+02
16384,18192,t,-8668333607361425620,"select viewriksda0_.embedded_id_intressent_id as embedded1_154_, viewriksda0_.embedded_id_vote_date as embedded2_154_, viewriksda0_.absent_votes as absent_v3_154_, viewriksda0_.abstain_votes as abstain_4_154_, viewriksda0_.approved_percentage as approved5_154_, viewriksda0_.approved_total as approved6_154_, viewriksda0_.avg_born_year as avg_born7_154_, viewriksda0_.born_year as born_yea8_154_, viewriksda0_.first_name as first_na9_154_, viewriksda0_.gender as gender10_154_, viewriksda0_.last_name as last_na11_154_, viewriksda0_.no_votes as no_vote12_154_, viewriksda0_.number_ballots as number_13_154_, viewriksda0_.party as party14_154_, viewriksda0_.party_absent_votes as party_a15_154_, viewriksda0_.party_abstain_votes as party_a16_154_, viewriksda0_.party_avg_born_year as party_a17_154_, viewriksda0_.party_avg_percentage_male as party_a18_154_, viewriksda0_.party_no_votes as party_n19_154_, viewriksda0_.party_percentage_absent as party_p20_154_, viewriksda0_.party_percentage_abstain as party_p21_154_, viewriksda0_.party_percentage_no as party_p22_154_, viewriksda0_.party_percentage_yes as party_p23_154_, viewriksda0_.party_total_votes as party_t24_154_, viewriksda0_.party_won_percentage as party_w25_154_, viewriksda0_.party_won_total as party_w26_154_, viewriksda0_.party_yes_votes as party_y27_154_, viewriksda0_.percentage_absent as percent28_154_, viewriksda0_.percentage_abstain as percent29_154_, viewriksda0_.percentage_no as percent30_154_, viewriksda0_.percentage_yes as percent31_154_, viewriksda0_.politician_absent_votes as politic32_154_, viewriksda0_.politician_abstain_votes as politic33_154_, viewriksda0_.politician_no_votes as politic34_154_, viewriksda0_.politician_percentage_absent as politic35_154_, viewriksda0_.politician_percentage_abstain as politic36_154_, viewriksda0_.politician_percentage_no as politic37_154_, viewriksda0_.politician_percentage_yes as politic38_154_, viewriksda0_.politician_yes_votes as politic39_154_, viewriksda0_.rebel_percentage as rebel_p40_154_, viewriksda0_.rebel_total as rebel_t41_154_, viewriksda0_.total_votes as total_v42_154_, viewriksda0_.won_percentage as won_per43_154_, viewriksda0_.won_total as won_tot44_154_, viewriksda0_.yes_votes as yes_vot45_154_ from view_riksdagen_vote_data_ballot_politician_summary_annual viewriksda0_",22,8.261662,0.276077,0.540085,0.37553009090909095,0.09019668027800999,22,2230.4685820000004,20.582009,225.503215,101.38493554545454,76.00707532282848,980023,46509,54,2,0,0,0,0,0,0,0,0.16844900000000002,0,0,0,0,0,4,2,9185,0,0,0,0,0,0,0,0,0,0,0,0,0,2026-08-17 22:31:35.721746+02,2026-08-17 22:31:35.721746+02
10,18192,f,7215409199707015720,"COPY  ( SELECT debate_name AS value, COUNT ( * ) AS count FROM document_element WHERE debate_name IS NOT NULL GROUP BY debate_name ORDER BY count DESC, debate_name LIMIT $1 ) TO STDOUT WITH CSV HEADER",2,0.200045,0.086861,0.113184,0.1000225,0.013161500000000007,2,70.013996,33.351572000000004,36.662424,35.006998,1.6554259999999985,188,91074,2,0,0,0,0,0,0,0,0,0.011643,0,0,0,0,0,0,0,0,0,0,0,0,0,0,0,0,0,0,0,8,8,2026-08-15 13:41:17.357039+02,2026-08-15 13:41:17.357039+02
16384,18192,t,-2747916925879006975,select count(applicatio0_.hjid) as col_0_0_ from application_configuration applicatio0_,1,0.079645,0.079645,0.079645,0.079645,0,1,0.009139,0.009139,0.009139,0.009139,0,1,22,0,0,0,0,0,0,0,0,0,0,0,0,0,0,0,0,0,0,0,0,0,0,0,0,0,0,0,0,0,0,0,2026-08-29 13:42:22.54809+02,2026-08-29 13:42:22.54809+02
16384,18192,t,2534681496046397695,SELECT * FROM QRTZ_CRON_TRIGGERS WHERE SCHED_NAME = $3 AND TRIGGER_NAME = $1 AND TRIGGER_GROUP = $2,97,4.235451,0.00715,0.567043,0.04366444329896907,0.08387288556051227,231,3.340025,0.001672,0.234561,0.014458982683982689,0.03045083360724831,231,845,19,33,0,0,0,0,0,0,0,2.2335480000000003,0,0,0,0,0,36,33,18647,0,0,0,0,0,0,0,0,0,0,0,0,0,2026-08-17 22:31:34.523381+02,2026-08-17 22:31:34.523381+02
16384,18192,t,-1198300360396840007,"select distinct worldbankd0_.country_id as col_0_0_, worldbankd0_.country_value as col_0_1_, worldbankd0_.indicator_id as col_1_0_, worldbankd0_.indicator_value as col_1_1_ from world_bank_data worldbankd0_",1,0.546094,0.546094,0.546094,0.546094,0,1,114.806869,114.806869,114.806869,114.806869,0,9270,10388,2,0,0,0,0,0,0,0,0,0.364491,0,0,0,0,0,1,0,68,0,0,0,0,0,0,0,0,0,0,0,0,0,2026-08-29 13:39:21.706915+02,2026-08-29 13:39:21.706915+02
10,18192,t,3948611652963138963,COPY  ( SELECT * FROM public.document_status_container ORDER BY random ( ) LIMIT 3000 ) TO STDOUT CSV HEADER,0,0,0,0,0,0,1,17.835752,17.835752,17.835752,17.835752,0,3000,1415,3,0,0,0,0,0,0,0,0,0.008745,0,0,0,0,0,0,0,0,0,0,0,0,0,0,0,0,0,0,0,0,0,2026-08-30 00:11:56.732167+02,2026-08-30 00:11:56.732167+02
10,18192,f,2578270310760535572,"COPY  ( SELECT vat AS value, COUNT ( * ) AS count FROM government_body_data WHERE vat IS NOT NULL GROUP BY vat ORDER BY count DESC, vat LIMIT $1 ) TO STDOUT WITH CSV HEADER",2,0.056233000000000005,0.024954,0.031279,0.028116500000000003,0.0031624999999999995,2,1.215694,0.6028290000000001,0.612865,0.607847,0.005017999999999967,6,270,0,0,0,0,0,0,0,0,0,0,0,0,0,0,0,0,0,0,0,0,0,0,0,0,0,0,0,0,0,0,0,2026-08-15 13:41:17.731177+02,2026-08-15 13:41:17.731177+02
10,18192,t,-8464342971229381788,"COPY  ( SELECT winner AS value, COUNT ( * ) AS count FROM committee_proposal_data WHERE winner IS NOT NULL GROUP BY winner ORDER BY count DESC, winner LIMIT 2000 ) TO STDOUT WITH CSV HEADER",0,0,0,0,0,0,2,28.965412999999998,14.11831,14.847103,14.482706499999999,0.3643965000000011,114,5838,0,0,0,0,0,0,0,0,0,0,0,0,0,0,0,0,0,0,0,0,0,0,0,0,0,0,0,0,0,0,0,2026-08-15 13:41:16.77127+02,2026-08-15 13:41:16.77127+02
16384,18192,t,-4765660012982123563,"INSERT INTO jv_commit_property ( commit_fk, property_name, property_value ) VALUES  ( $1,$2,$3 )",133,0.744114,0.002381,0.018556,0.005594842105263158,0.002952075046527851,50660,523.3563630000012,0.005685,2.960953,0.01033076121200173,0.02828310978665315,50660,512301,147,799,654,0,0,0,0,0,0,19.070503,6.605337999999999,0,0,0,0,254049,147,16925074,0,0,0,0,0,0,0,0,0,0,0,0,0,2026-08-17 22:31:36.984085+02,2026-08-17 22:31:36.984085+02
10,18192,f,4099434695118529729,SELECT EXISTS(SELECT $1 FROM public.view_riksdagen_committee_ballot_decision_party_summary LIMIT $2),2,0.07788300000000001,0.037765,0.040118,0.038941500000000004,0.0011764999999999987,2,0.009786,0.004746,0.00504,0.004893,0.0001470000000000002,2,14,2,0,0,0,0,0,0,0,0,0.007788,0,0,0,0,0,0,0,0,0,0,0,0,0,0,0,0,0,0,0,0,0,2026-08-15 13:40:38.513156+02,2026-08-15 13:40:38.513156+02
10,18192,f,3863490624873599662,table_rec.row_count > $9,1,0.003116,0.003116,0.003116,0.003116,0,0,0,0,0,0,0,0,0,0,0,0,0,0,0,0,0,0,0,0,0,0,0,0,0,0,0,0,0,0,0,0,0,0,0,0,0,0,0,0,2026-08-30 00:11:54.267411+02,2026-08-30 00:11:54.267411+02
10,18192,f,-2897604635938648274,view_record.object_name,1,0.000645,0.000645,0.000645,0.000645,0,0,0,0,0,0,0,0,0,0,0,0,0,0,0,0,0,0,0,0,0,0,0,0,0,0,0,0,0,0,0,0,0,0,0,0,0,0,0,0,2026-08-30 00:11:54.260364+02,2026-08-30 00:11:54.260364+02
16384,18192,t,-3434563810949349424,SHOW SEARCH_PATH,0,0,0,0,0,0,6,0.023215,0.002933,0.004656,0.0038691666666666666,0.0006897415981526868,0,0,0,0,0,0,0,0,0,0,0,0,0,0,0,0,0,0,0,0,0,0,0,0,0,0,0,0,0,0,0,0,0,2026-08-17 22:31:29.957984+02,2026-08-17 22:31:29.957984+02
16384,18192,t,6268189918941988478,update committee_document_data set org=$1 where org=$2 or org=$3,11,1.2779390000000002,0.011901,0.242569,0.11617627272727271,0.09732517165301717,11,80.14240099999999,0.834275,9.085825,7.285672818181818,2.140766999894826,0,528,4097,0,0,0,0,0,0,0,0,67.70247599999999,0,0,0,0,0,0,0,0,0,0,0,0,0,0,0,0,0,0,0,0,0,2026-08-17 22:31:37.644413+02,2026-08-17 22:31:37.644413+02
10,18192,f,-3071773002790583291,"COPY  ( SELECT ballot_type AS value, COUNT ( * ) AS count FROM vote_meta_data WHERE ballot_type IS NOT NULL GROUP BY ballot_type ORDER BY count DESC, ballot_type LIMIT $1 ) TO STDOUT WITH CSV HEADER",2,11.497572,2.950633,8.546939,5.748786,2.798153,2,0.020188,0.008991,0.011197,0.010094,0.0011029999999999998,0,46,2,0,0,0,0,0,0,0,0,11.244845999999999,0,0,0,0,0,0,0,0,0,0,0,0,0,0,0,0,0,0,0,0,0,2026-08-15 13:41:17.968351+02,2026-08-15 13:41:17.968351+02
16384,18192,t,-1297486923049578854,SELECT * FROM QRTZ_JOB_DETAILS WHERE SCHED_NAME = $3 AND JOB_NAME = $1 AND JOB_GROUP = $2,104,7.503944,0.008137,4.268622,0.07215330769230767,0.41572076368836336,275,44.82955699999999,0.001736,8.655099,0.163016570909091,1.1351271065929356,275,849,11,0,0,0,0,0,0,0,0,47.21651799999999,0,0,0,0,0,0,0,0,0,0,0,0,0,0,0,0,0,0,0,0,0,2026-08-17 22:31:34.516519+02,2026-08-17 22:31:34.516519+02
16384,18192,t,-9088063463021536275,"select viewriksda0_.embedded_id_intressent_id as embedded1_155_, viewriksda0_.embedded_id_vote_date as embedded2_155_, viewriksda0_.absent_votes as absent_v3_155_, viewriksda0_.abstain_votes as abstain_4_155_, viewriksda0_.approved_percentage as approved5_155_, viewriksda0_.approved_total as approved6_155_, viewriksda0_.avg_absent_votes as avg_abse7_155_, viewriksda0_.avg_abstain_votes as avg_abst8_155_, viewriksda0_.avg_born_year as avg_born9_155_, viewriksda0_.avg_no_votes as avg_no_10_155_, viewriksda0_.avg_percentage_absent as avg_per11_155_, viewriksda0_.avg_percentage_abstain as avg_per12_155_, viewriksda0_.avg_percentage_male as avg_per13_155_, viewriksda0_.avg_percentage_no as avg_per14_155_, viewriksda0_.avg_percentage_yes as avg_per15_155_, viewriksda0_.avg_total_votes as avg_tot16_155_, viewriksda0_.avg_yes_votes as avg_yes17_155_, viewriksda0_.born_year as born_ye18_155_, viewriksda0_.first_name as first_n19_155_, viewriksda0_.gender as gender20_155_, viewriksda0_.last_name as last_na21_155_, viewriksda0_.no_votes as no_vote22_155_, viewriksda0_.number_ballots as number_23_155_, viewriksda0_.party as party24_155_, viewriksda0_.party_absent_votes as party_a25_155_, viewriksda0_.party_abstain_votes as party_a26_155_, viewriksda0_.party_avg_born_year as party_a27_155_, viewriksda0_.party_avg_percentage_male as party_a28_155_, viewriksda0_.party_no_votes as party_n29_155_, viewriksda0_.party_percentage_absent as party_p30_155_, viewriksda0_.party_percentage_abstain as party_p31_155_, viewriksda0_.party_percentage_no as party_p32_155_, viewriksda0_.party_percentage_yes as party_p33_155_, viewriksda0_.party_total_votes as party_t34_155_, viewriksda0_.party_won_percentage as party_w35_155_, viewriksda0_.party_won_total as party_w36_155_, viewriksda0_.party_yes_votes as party_y37_155_, viewriksda0_.percentage_absent as percent38_155_, viewriksda0_.percentage_abstain as percent39_155_, viewriksda0_.percentage_approved as percent40_155_, viewriksda0_.percentage_no as percent41_155_, viewriksda0_.percentage_yes as percent42_155_, viewriksda0_.politician_absent_votes as politic43_155_, viewriksda0_.politician_abstain_votes as politic44_155_, viewriksda0_.politician_no_votes as politic45_155_, viewriksda0_.politician_percentage_absent as politic46_155_, viewriksda0_.politician_percentage_abstain as politic47_155_, viewriksda0_.politician_percentage_no as politic48_155_, viewriksda0_.politician_percentage_yes as politic49_155_, viewriksda0_.politician_yes_votes as politic50_155_, viewriksda0_.rebel_percentage as rebel_p51_155_, viewriksda0_.rebel_total as rebel_t52_155_, viewriksda0_.total_votes as total_v53_155_, viewriksda0_.won_percentage as won_per54_155_, viewriksda0_.won_total as won_tot55_155_, viewriksda0_.yes_votes as yes_vot56_155_ from view_riksdagen_vote_data_ballot_politician_summary_daily viewriksda0_",11,3.630636,0.259271,0.479015,0.3300578181818181,0.07837212512090597,11,12731.549035,1119.604059,1327.42582,1157.4135486363637,59.930238998044345,5079063,251417,2083,1,0,0,0,0,0,0,0,0.44882,0,0,0,0,0,2,1,3590,0,0,0,0,0,0,0,0,0,0,0,0,0,2026-08-17 22:31:37.165239+02,2026-08-17 22:31:37.165239+02
16384,18192,t,-7716357573060946651,select documentco0_.id as col_0_0_ from document_content_data documentco0_,2,0.813558,0.089158,0.7244,0.406779,0.317621,2,135.870601,49.045564,86.825037,67.9353005,18.889736499999998,608844,9932,11594,0,0,0,0,0,0,0,0,55.630378,0,0,0,0,0,0,0,0,0,0,0,0,0,0,0,0,0,0,0,0,0,2026-08-29 13:39:20.972994+02,2026-08-29 13:39:20.972994+02
10,18192,f,-8997665129023946053,REFRESH MATERIALIZED VIEW public.view_riksdagen_org_document_daily_summary,0,0,0,0,0,0,2,257.292935,128.049794,129.243141,128.6464675,0.5966735000000085,178704,94863,9,1334,1410,0,0,0,0,0,0,0.432442,0.321635,0,0,0,0,179039,7,15656759,0,0,0,0,0,0,0,0,0,0,0,0,0,2026-08-15 13:40:42.859937+02,2026-08-15 13:40:42.859937+02
10,18192,t,-3986251444800779548,"COPY  ( SELECT process AS value, COUNT ( * ) AS count FROM document_activity_data WHERE process IS NOT NULL GROUP BY process ORDER BY count DESC, process LIMIT 1000 ) TO STDOUT WITH CSV HEADER",0,0,0,0,0,0,2,36.935575,17.767492,19.168083,18.4677875,0.7002954999999993,12,9244,0,0,0,0,0,0,0,0,0,0,0,0,0,0,0,0,0,0,0,0,0,0,0,0,0,0,0,0,0,0,0,2026-08-15 13:41:17.200341+02,2026-08-15 13:41:17.200341+02
10,18192,t,-8264541233641726263,COPY  ( SELECT * FROM public.assignment_data ORDER BY random ( ) LIMIT 5000 ) TO STDOUT CSV HEADER,0,0,0,0,0,0,1,10.012963,10.012963,10.012963,10.012963,0,5000,514,1,0,0,0,0,0,0,0,0,0.002757,0,0,0,0,0,1,0,70,0,0,0,0,0,0,0,0,0,0,0,0,0,2026-08-30 00:11:54.301812+02,2026-08-30 00:11:54.301812+02
10,18192,t,2532285740872385881,COPY  ( SELECT * FROM public.qrtz_simprop_triggers ORDER BY random ( ) LIMIT 0 ) TO STDOUT CSV HEADER,0,0,0,0,0,0,1,0.226841,0.226841,0.226841,0.226841,0,0,69,3,0,0,0,0,0,0,0,0,0.149833,0,0,0,0,0,0,0,0,0,0,0,0,0,0,0,0,0,0,0,0,0,2026-08-30 00:12:14.350963+02,2026-08-30 00:12:14.350963+02
10,18192,f,601599673059971200,"COPY  ( SELECT intressent_id AS value, COUNT ( * ) AS count FROM assignment_data WHERE intressent_id IS NOT NULL GROUP BY intressent_id ORDER BY count DESC, intressent_id LIMIT $1 ) TO STDOUT WITH CSV HEADER",2,0.651127,0.122445,0.528682,0.3255635,0.20311849999999998,2,25.116644,11.898337999999999,13.218306,12.558322,0.659984000000001,4000,11878,6,0,0,0,0,0,0,0,0,0.41890099999999997,0,0,0,0,0,0,0,0,0,0,0,0,0,0,0,0,0,0,0,4,4,2026-08-15 13:41:16.164544+02,2026-08-15 13:41:16.164544+02
10,18192,t,5002249264401586898,"DO $$
DECLARE
    view_record RECORD;
    view_count INTEGER := 0;
    total_views INTEGER;
    row_count BIGINT;
    extract_count INTEGER := 0;
BEGIN
    -- Get total view count (excluding coalition alignment matrix and intelligence dashboard)
    SELECT COUNT(*) INTO total_views
    FROM (
        SELECT viewname FROM pg_views 
        WHERE schemaname = 'public' 
          AND viewname != 'view_riksdagen_coalition_alignment_matrix'
          AND viewname != 'view_riksdagen_intelligence_dashboard'
        UNION ALL
        SELECT matviewname FROM pg_matviews 
        WHERE schemaname = 'public'
          AND matviewname NOT LIKE 'mv_%'
    ) v;
    
    RAISE NOTICE '';
    RAISE NOTICE 'Phase 1: Analyzing % views for row counts', total_views;
    RAISE NOTICE 'Excluding: view_riksdagen_coalition_alignment_matrix, view_riksdagen_intelligence_dashboard, mv_* intermediate matviews';
    RAISE NOTICE 'This may take several minutes for complex views...';
    RAISE NOTICE '';
    
    -- Process each view with progress BEFORE the slow operation
    FOR view_record IN 
        SELECT schemaname, viewname AS object_name, 'VIEW' AS object_type
        FROM pg_views
        WHERE schemaname = 'public'
          AND viewname != 'view_riksdagen_coalition_alignment_matrix'
          AND viewname != 'view_riksdagen_intelligence_dashboard'
        UNION ALL
        SELECT schemaname, matviewname AS object_name, 'MATERIALIZED VIEW' AS object_type
        FROM pg_matviews
        WHERE schemaname = 'public'
          AND matviewname NOT LIKE 'mv_%'
        ORDER BY object_name
    LOOP
        view_count := view_count + 1;
        
        -- Always show what we're about to analyze
        RAISE NOTICE '→ [%/%] Analyzing: %.% (%)', 
            view_count, total_views, 
            view_record.schemaname, view_record.object_name,
            view_record.object_type;
        
        -- Use fast pg_class statistics for materialized views, slow COUNT for regular views
        -- Wrap in exception handler to gracefully handle timeouts
        BEGIN
            IF view_record.object_type = 'MATERIALIZED VIEW' THEN
                -- Fast: use cached statistics from pg_class
                -- Note: reltuples can be -1 for unanalyzed matviews; normalize to 0 minimum
                SELECT GREATEST(COALESCE(c.reltuples, 0), 0)::BIGINT INTO row_count
                FROM pg_class c
                JOIN pg_namespace n ON n.oid = c.relnamespace
                WHERE n.nspname = view_record.schemaname
                  AND c.relname = view_record.object_name;
            ELSE
                -- Regular views need actual COUNT (no cached stats)
                row_count := cia_tmp_rowcount(view_record.schemaname, view_record.object_name);
            END IF;
            
            -- Cache result in temp table for Phase 2 reuse
            INSERT INTO cia_view_row_counts(schemaname, viewname, view_type, row_count)
            VALUES (view_record.schemaname, view_record.object_name, view_record.object_type, row_count);
            
            -- Show result immediately after
            IF row_count > 0 THEN
                RAISE NOTICE '  ✓ Contains % rows', row_count;
                extract_count := extract_count + 1;
            ELSE
                RAISE NOTICE '  ⚠️  EMPTY (0 rows)';
            END IF;
            
        EXCEPTION 
            WHEN query_canceled THEN
                -- Distinguish between statement timeout and user cancel (Ctrl+C)
                -- Re-raise if user-initiated cancel to allow script interruption
                IF SQLERRM LIKE '%statement timeout%' OR SQLERRM LIKE '%canceling statement due to statement timeout%' THEN
                    -- Handle statement timeout (SQLSTATE 57014)
                    RAISE WARNING '  ⏱️  TIMEOUT after % - skipping view and continuing with next',
                        current_setting('statement_timeout');
                    
                    -- Still cache with -1 to indicate timeout (so Phase 2 can skip it)
                    INSERT INTO cia_view_row_counts(schemaname, viewname, view_type, row_count)
                    VALUES (view_record.schemaname, view_record.object_name, view_record.object_type, -1);
                    
                    -- Track timeout in extraction tracking (use lowercase 'view' for consistency)
                    -- Store actual SQLERRM for complete diagnostic context
                    INSERT INTO cia_extraction_tracking(object_type, object_name, status, error_message, row_count)
                    VALUES ('view', view_record.object_name, 'timeout', SQLERRM, -1);
                ELSE
                    -- User-initiated cancel (Ctrl+C) - re-raise to stop script
                    RAISE;
                END IF;
                
            WHEN OTHERS THEN
                -- Handle any other errors
                RAISE WARNING '  ❌ ERROR: % - skipping view and continuing with next', SQLERRM;
                
                -- Cache with -2 to indicate error (so Phase 2 can skip it)
                INSERT INTO cia_view_row_counts(schemaname, viewname, view_type, row_count)
                VALUES (view_record.schemaname, view_record.object_name, view_record.object_type, -2);
                
                -- Track error in extraction tracking (use lowercase 'view' for consistency)
                INSERT INTO cia_extraction_tracking(object_type, object_name, status, error_message, row_count)
                VALUES ('view', view_record.object_name, 'error', SQLERRM, -2);
        END;
        
        RAISE NOTICE '';
    END LOOP;
    
    RAISE NOTICE '';
    RAISE NOTICE '✓ Phase 1 complete: % of % views have data', extract_count, total_views;
    RAISE NOTICE '';
END $$",0,0,0,0,0,0,1,205005.185695,205005.185695,205005.185695,205005.185695,0,0,141145123,448938,0,5295,106,0,2,5,957520,957703,952.495902,9.747201,0,0.029495,808.416652,1745.371607,5,0,527,0,0,0,0,0,0,0,0,0,0,0,0,0,2026-08-30 00:15:40.736774+02,2026-08-30 00:15:40.736774+02
16384,18192,t,-7676915344437841334,ROLLBACK,0,0,0,0,0,0,15,0.012501,0.000326,0.001836,0.0008334,0.00038412199451042455,0,0,0,0,0,0,0,0,0,0,0,0,0,0,0,0,0,0,0,0,0,0,0,0,0,0,0,0,0,0,0,0,0,2026-08-17 22:31:29.957094+02,2026-08-17 22:31:29.957094+02
10,18192,f,943558561053718073,COPY  ( SELECT * FROM public.sweden_county_data_container ORDER BY random ( ) LIMIT $1 ) TO STDOUT CSV HEADER,1,0.155425,0.155425,0.155425,0.155425,0,1,0.000374,0.000374,0.000374,0.000374,0,0,19,1,0,0,0,0,0,0,0,0,0.116186,0,0,0,0,0,0,0,0,0,0,0,0,0,0,0,0,0,0,0,0,0,2026-08-30 00:12:14.36031+02,2026-08-30 00:12:14.36031+02
10,18192,f,1542966401701209151,SELECT COUNT(*) FROM public.view_ministry_effectiveness_trends,1,0.632902,0.632902,0.632902,0.632902,0,1,46.176142000000006,46.176142000000006,46.176142000000006,46.176142000000006,0,1,8755,1,0,0,0,0,0,0,0,0,0.023736,0,0,0,0,0,0,0,0,0,65,2.6747,0,0,1,1.355788,1,16.772183,1,1.485949,3,3,2026-08-30 00:14:15.243216+02,2026-08-30 00:14:15.243216+02
10,18192,t,3209651568011073364,"COPY  ( SELECT document_name AS value, COUNT ( * ) AS count FROM document_element WHERE document_name IS NOT NULL GROUP BY document_name ORDER BY count DESC, document_name LIMIT 1000 ) TO STDOUT WITH CSV HEADER",0,0,0,0,0,0,2,71.218143,33.425983,37.79216,35.6090715,2.183088500000002,202,91075,1,0,0,0,0,0,0,0,0,0.006171,0,0,0,0,0,0,0,0,0,0,0,0,0,0,0,0,0,0,0,0,0,2026-08-15 13:41:17.449668+02,2026-08-15 13:41:17.449668+02
10,18192,f,-2834626883855060658,"COPY  ( SELECT code AS value, COUNT ( * ) AS count FROM document_detail_data WHERE code IS NOT NULL GROUP BY code ORDER BY count DESC, code LIMIT $1 ) TO STDOUT WITH CSV HEADER",2,0.819652,0.344343,0.475309,0.409826,0.065483,2,177.174852,86.66239,90.512462,88.587426,1.925035999999995,32,97,12227,0,0,0,0,0,0,0,0,536.478113,0,0,0,0,0,0,0,0,0,0,0,0,0,0,0,0,0,0,0,6,6,2026-08-15 13:41:17.265626+02,2026-08-15 13:41:17.265626+02
16384,18192,t,-3499623708753968467,"select documentac0_.document_activities_document_0 as document8_18_1_, documentac0_.hjid as hjid1_18_1_, documentac0_.hjid as hjid1_18_0_, documentac0_.activity_name as activity2_18_0_, documentac0_.code as code3_18_0_, documentac0_.created_date as created_4_18_0_, documentac0_.order_number as order_nu5_18_0_, documentac0_.process as process6_18_0_, documentac0_.status as status7_18_0_ from document_activity_data documentac0_ where documentac0_.document_activities_document_0=$1",70,2.6889579999999995,0.013507,0.54545,0.03841368571428571,0.06328862695202553,108973,1459119.4881560218,12.03549,73.810172,13.38973404564439,0.7264373211902695,396193,500726736,4598,0,0,0,0,0,0,0,0,53.219125999999996,0,0,0,0,0,1,0,88,0,0,0,0,0,0,0,0,0,0,0,0,0,2026-08-29 13:42:50.857565+02,2026-08-29 13:42:50.857565+02
10,18192,t,-5304580792682967806,"COPY  ( SELECT code AS value, COUNT ( * ) AS count FROM document_activity_data WHERE code IS NOT NULL GROUP BY code ORDER BY count DESC, code LIMIT 1000 ) TO STDOUT WITH CSV HEADER",0,0,0,0,0,0,2,136.663252,67.070383,69.592869,68.331626,1.2612429999999932,66,146,9192,0,0,0,0,0,0,0,0,387.578116,0,0,0,0,0,0,0,0,0,0,0,0,0,0,0,0,0,0,0,0,0,2026-08-15 13:41:17.182359+02,2026-08-15 13:41:17.182359+02
16384,18192,t,9023474339686819913,"select documentat0_.document_attachment_list_doc_0 as document6_19_1_, documentat0_.hjid as hjid1_19_1_, documentat0_.hjid as hjid1_19_0_, documentat0_.file_name as file_nam2_19_0_, documentat0_.file_size as file_siz3_19_0_, documentat0_.file_type as file_typ4_19_0_, documentat0_.file_url as file_url5_19_0_ from document_attachment documentat0_ where documentat0_.document_attachment_list_doc_0=$1",70,3.3524860000000003,0.013271,0.341895,0.04789265714285717,0.04616382903928316,89311,505014.76327400195,4.610887,41.946404,5.654563976150809,0.3610238363223138,163211,270788353,3033,0,0,0,0,0,0,0,0,32.816030000000005,0,0,0,0,0,0,0,0,0,0,0,0,0,0,0,0,0,0,0,0,0,2026-08-29 13:42:51.026029+02,2026-08-29 13:42:51.026029+02
10,18192,f,2193124096862654990,SELECT COUNT(*) FROM public.view_application_action_event_page_element_daily_summary,1,0.046051,0.046051,0.046051,0.046051,0,1,0.187082,0.187082,0.187082,0.187082,0,1,34,0,0,0,0,0,0,0,0,0,0,0,0,0,0,0,0,0,0,0,0,0,0,0,0,0,0,0,0,0,0,0,2026-08-30 00:12:15.736961+02,2026-08-30 00:12:15.736961+02
16384,18192,t,8150361541248982032,REFRESH MATERIALIZED VIEW public.mv_decision_temporal_trends,0,0,0,0,0,0,11,1849.496745,120.4908,182.108136,168.13606772727272,17.486678539740385,31108,4089209,47273,829,715,0,0,0,0,0,0,825.071563,0.7962760000000001,0,0,0,0,33718,356,7104672,0,0,0,0,0,0,0,0,0,0,0,0,0,2026-08-17 22:31:41.140847+02,2026-08-17 22:31:41.140847+02
10,18192,f,7285906956722108249,COPY  ( SELECT * FROM public.qrtz_simprop_triggers ORDER BY random ( ) LIMIT $1 ) TO STDOUT CSV HEADER,1,0.194685,0.194685,0.194685,0.194685,0,1,0.000265,0.000265,0.000265,0.000265,0,0,50,2,0,0,0,0,0,0,0,0,0.147372,0,0,0,0,0,0,0,0,0,0,0,0,0,0,0,0,0,0,0,0,0,2026-08-30 00:12:14.350757+02,2026-08-30 00:12:14.350757+02
10,18192,f,-2473302737759851200,SELECT COUNT(*) FROM public.view_riksdagen_party_coalition_evolution,1,4.356635,4.356635,4.356635,4.356635,0,1,18.571139,18.571139,18.571139,18.571139,0,1,10523,9,0,0,0,0,0,0,0,0,3.651695,0,0,0,0,0,0,0,0,0,0,0,0,0,0,0,0,0,0,0,0,0,2026-08-30 00:14:19.898329+02,2026-08-30 00:14:19.898329+02
16384,16385,t,3841181082167483790,SELECT MD5SUM FROM public.databasechangelog WHERE MD5SUM IS NOT NULL AND MD5SUM NOT LIKE $1,1,0.688014,0.688014,0.688014,0.688014,0,1,0.866805,0.866805,0.866805,0.866805,0,0,7,28,0,0,0,0,0,0,0,0,1.3887930000000002,0,0,0,0,0,0,0,0,0,0,0,0,0,0,0,0,0,0,0,0,0,2026-08-29 13:36:58.652697+02,2026-08-29 13:36:58.652697+02
16384,18192,t,-4549026693657523417,"select encryptedv0_.id as id1_35_, encryptedv0_.storage as storage2_35_, encryptedv0_.user_id as user_id3_35_, encryptedv0_.vault_name as vault_na4_35_ from encrypted_value encryptedv0_ where encryptedv0_.user_id=$1",1,0.095809,0.095809,0.095809,0.095809,0,1,0.601715,0.601715,0.601715,0.601715,0,0,14,1,0,0,0,0,0,0,0,0,0.577281,0,0,0,0,0,0,0,0,0,0,0,0,0,0,0,0,0,0,0,0,0,2026-08-29 13:42:12.375917+02,2026-08-29 13:42:12.375917+02
10,18192,f,8495646432806684127,REFRESH MATERIALIZED VIEW public.view_riksdagen_vote_data_ballot_party_summary_daily,0,0,0,0,0,0,2,310.49387,149.062183,161.431687,155.246935,6.184752000000003,21432,11440,24,721,770,0,0,0,0,120,112,10.763760000000001,0.21360800000000002,0,0,0.094718,0.269157,22008,61,6391952,0,0,0,0,0,0,0,0,0,0,0,0,0,2026-08-15 13:40:45.492029+02,2026-08-15 13:40:45.492029+02
10,18192,t,3926521764966760824,COPY  ( SELECT * FROM public.indicator_element ORDER BY random ( ) LIMIT 3000 ) TO STDOUT CSV HEADER,0,0,0,0,0,0,1,10.964044,10.964044,10.964044,10.964044,0,3000,118,1514,0,0,0,0,0,0,0,0,0.458572,0,0,0,0,0,1,0,62,0,0,0,0,0,0,0,0,0,0,0,0,0,2026-08-30 00:11:56.750401+02,2026-08-30 00:11:56.750401+02
16384,18192,t,-8462649372943994519,"select documentac0_.hjid as hjid1_17_0_ from document_activity_container documentac0_ where documentac0_.hjid in ($1 /*, ... */)",22,1.5442819999999997,0.01618,0.778809,0.07019463636363638,0.15537024027450907,178,14.942954000000002,0.025619999999999997,0.9186840000000001,0.08394917977528092,0.1169682966243573,17636,3121,321,0,0,0,0,0,0,0,0,7.154484999999999,0,0,0,0,0,0,0,0,0,0,0,0,0,0,0,0,0,0,0,0,0,2026-08-29 13:39:20.505646+02,2026-08-29 13:39:20.505646+02
10,18192,t,673541789569954426,COPY  ( SELECT * FROM public.document_proposal_data ORDER BY random ( ) LIMIT 3000 ) TO STDOUT CSV HEADER,0,0,0,0,0,0,1,23.533521,23.533521,23.533521,23.533521,0,3000,3425,14,0,0,0,0,0,0,0,0,0.554824,0,0,0,0,0,1,0,68,0,0,0,0,0,0,0,0,0,0,0,0,0,2026-08-30 00:11:56.669263+02,2026-08-30 00:11:56.669263+02
10,18192,f,6521923112666207120,total_mvs,8,0.012626,0.000618,0.004131,0.00157825,0.0013799814989701854,0,0,0,0,0,0,0,0,0,0,0,0,0,0,0,0,0,0,0,0,0,0,0,0,0,0,0,0,0,0,0,0,0,0,0,0,0,0,0,2026-08-15 13:40:34.265137+02,2026-08-15 13:40:34.265137+02
10,18192,t,2191361827764347420,"COPY  ( SELECT sub_type AS value, COUNT ( * ) AS count FROM document_element WHERE sub_type IS NOT NULL GROUP BY sub_type ORDER BY count DESC, sub_type LIMIT 2000 ) TO STDOUT WITH CSV HEADER",0,0,0,0,0,0,2,61.216135,28.822158,32.393977,30.6080675,1.785909499999999,212,91076,0,0,0,0,0,0,0,0,0,0,0,0,0,0,0,0,0,0,0,0,0,0,0,0,0,0,0,0,0,0,0,2026-08-15 13:41:16.966347+02,2026-08-15 13:41:16.966347+02
10,18192,t,-6803624002332724438,"COPY  ( SELECT assignment_type AS value, COUNT ( * ) AS count FROM assignment_data WHERE assignment_type IS NOT NULL GROUP BY assignment_type ORDER BY count DESC, assignment_type LIMIT 2000 ) TO STDOUT WITH CSV HEADER",0,0,0,0,0,0,2,36.522076,18.036851,18.485225,18.261038,0.22418700000000058,14,11327,374,0,0,0,0,0,0,0,0,11.607706,0,0,0,0,0,0,0,0,0,0,0,0,0,0,0,0,0,0,0,0,0,2026-08-15 13:41:16.164313+02,2026-08-15 13:41:16.164313+02
10,18192,t,4486216280147372495,"COPY  ( SELECT detail AS value, COUNT ( * ) AS count FROM assignment_data WHERE detail IS NOT NULL GROUP BY detail ORDER BY count DESC, detail LIMIT 2000 ) TO STDOUT WITH CSV HEADER",0,0,0,0,0,0,2,23.717688000000003,10.317201,13.400487,11.858844000000001,1.5416429999999992,2680,996,8,0,0,0,0,0,0,0,0,0.38810100000000003,0,0,0,0,0,0,0,0,0,0,0,0,0,0,0,0,0,0,0,0,0,2026-08-15 13:41:16.145643+02,2026-08-15 13:41:16.145643+02
10,18192,t,7828210280274642607,"COPY  ( SELECT outcome AS value, COUNT ( * ) AS count FROM vote_meta_data WHERE outcome IS NOT NULL GROUP BY outcome ORDER BY count DESC, outcome LIMIT 1000 ) TO STDOUT WITH CSV HEADER",0,0,0,0,0,0,2,0.051042000000000004,0.024448,0.026594,0.025521000000000002,0.0010730000000000002,0,6,0,0,0,0,0,0,0,0,0,0,0,0,0,0,0,0,0,0,0,0,0,0,0,0,0,0,0,0,0,0,0,2026-08-15 13:41:17.971639+02,2026-08-15 13:41:17.971639+02
10,18192,f,8460908696440404785,row_count,1,0.000844,0.000844,0.000844,0.000844,0,0,0,0,0,0,0,0,0,0,0,0,0,0,0,0,0,0,0,0,0,0,0,0,0,0,0,0,0,0,0,0,0,0,0,0,0,0,0,0,2026-08-30 00:12:15.735334+02,2026-08-30 00:12:15.735334+02
16384,16385,t,-8468742698656501570,select current_schema(),1,0.013017,0.013017,0.013017,0.013017,0,1,0.00928,0.00928,0.00928,0.00928,0,1,2,0,0,0,0,0,0,0,0,0,0,0,0,0,0,0,0,0,0,0,0,0,0,0,0,0,0,0,0,0,0,0,2026-08-29 13:36:58.182232+02,2026-08-29 13:36:58.182232+02
10,18192,f,6811592949287995423,COPY  ( SELECT * FROM public.document_detail_container ORDER BY random ( ) LIMIT $1 ) TO STDOUT CSV HEADER,1,2.13751,2.13751,2.13751,2.13751,0,1,23.944724,23.944724,23.944724,23.944724,0,3000,23,489,1,0,0,0,0,0,0,0,17.704522,0,0,0,0,0,1,1,1469,0,0,0,0,0,0,0,0,0,0,0,0,0,2026-08-30 00:11:56.204657+02,2026-08-30 00:11:56.204657+02
16384,18192,t,-6400460166458024260,select documentre0_.hjid as hjid1_31_0_ from document_reference_container documentre0_ where documentre0_.hjid=$1,70,2.7461879999999996,0.005984,0.103852,0.039231257142857155,0.016494656234832726,54498,222.37894499999916,0.0020700000000000002,1.394381,0.004080497357701254,0.010383166227646304,54498,163975,147,0,0,0,0,0,0,0,0,10.482434,0,0,0,0,0,0,0,0,0,0,0,0,0,0,0,0,0,0,0,0,0,2026-08-29 13:42:53.052335+02,2026-08-29 13:42:53.052335+02
16384,18192,t,-8468742698656501570,select current_schema(),3,0.038767,0.012321,0.014045,0.012922333333333334,0.0007945167643850498,3,0.026305999999999996,0.008424,0.009066,0.008768666666666666,0.0002642238108540225,3,6,0,0,0,0,0,0,0,0,0,0,0,0,0,0,0,0,0,0,0,0,0,0,0,0,0,0,0,0,0,0,0,2026-08-17 22:31:29.181989+02,2026-08-17 22:31:29.181989+02
16384,18192,t,-8323295173248980190,REFRESH MATERIALIZED VIEW public.view_riksdagen_committee_ballot_decision_party_summary,0,0,0,0,0,0,11,837.7189099999999,71.315737,97.958443,76.15626454545455,7.24685436822279,437921,138297,870,23018,23947,0,0,0,0,1133,1100,8.76064,4.337948,0,0,1.01927,2.7073930000000006,441354,442,194813795,0,0,0,0,0,0,0,0,0,0,0,0,0,2026-08-17 22:32:01.257378+02,2026-08-17 22:32:01.257378+02
10,18192,t,-6015307025746608479,COPY  ( SELECT * FROM public.committee_proposal_data ORDER BY random ( ) LIMIT 50000 ) TO STDOUT CSV HEADER,0,0,0,0,0,0,1,75.014409,75.014409,75.014409,75.014409,0,50000,3041,40,0,0,0,0,0,0,0,0,4.006163,0,0,0,0,0,3,0,208,0,0,0,0,0,0,0,0,0,0,0,0,0,2026-08-30 00:11:54.397122+02,2026-08-30 00:11:54.397122+02
10,18192,f,-8088798586817040733,COPY  ( SELECT * FROM public.view_riksdagen_vote_data_ballot_politician_summary_weekly ORDER BY random ( ) LIMIT $1 ) TO STDOUT WITH CSV HEADER,1,0.246504,0.246504,0.246504,0.246504,0,1,255.296128,255.296128,255.296128,255.296128,0,50000,283,9352,0,0,0,0,0,0,0,0,0.382072,0,0,0,0,0,0,0,0,0,0,0,0,0,0,0,0,0,0,0,0,0,2026-08-30 00:15:41.284237+02,2026-08-30 00:15:41.284237+02
10,18192,t,6517334971120499376,"COPY  ( SELECT assignment_type AS value, COUNT ( * ) AS count FROM assignment_element WHERE assignment_type IS NOT NULL GROUP BY assignment_type ORDER BY count DESC, assignment_type LIMIT 1000 ) TO STDOUT WITH CSV HEADER",0,0,0,0,0,0,2,0.693907,0.326646,0.367261,0.3469535,0.020307499999999992,0,98,2,0,0,0,0,0,0,0,0,0.30869599999999997,0,0,0,0,0,0,0,0,0,0,0,0,0,0,0,0,0,0,0,0,0,2026-08-15 13:41:17.078392+02,2026-08-15 13:41:17.078392+02
10,18192,t,5546263193142274336,"COPY  ( SELECT org_code AS value, COUNT ( * ) AS count FROM assignment_element WHERE org_code IS NOT NULL GROUP BY org_code ORDER BY count DESC, org_code LIMIT 1000 ) TO STDOUT WITH CSV HEADER",0,0,0,0,0,0,2,0.092999,0.04424,0.048759,0.0464995,0.0022594999999999976,0,6,0,0,0,0,0,0,0,0,0,0,0,0,0,0,0,0,0,0,0,0,0,0,0,0,0,0,0,0,0,0,0,2026-08-15 13:41:17.078545+02,2026-08-15 13:41:17.078545+02
10,18192,f,1522366282356678207,SELECT COUNT(*) FROM public.view_riksdagen_party_role_member,1,0.123014,0.123014,0.123014,0.123014,0,1,0.295859,0.295859,0.295859,0.295859,0,1,161,0,0,0,0,0,0,0,0,0,0,0,0,0,0,0,0,0,0,0,0,0,0,0,0,0,0,0,0,0,0,0,2026-08-30 00:14:24.65826+02,2026-08-30 00:14:24.65826+02
10,18192,f,-978159013319115682,mv_record.matviewname,4,0.002334,0.00053,0.000637,0.0005835,4.390045557850165e-05,0,0,0,0,0,0,0,0,0,0,0,0,0,0,0,0,0,0,0,0,0,0,0,0,0,0,0,0,0,0,0,0,0,0,0,0,0,0,0,2026-08-15 13:40:34.267775+02,2026-08-15 13:40:34.267775+02
10,18192,f,2039701954586957792,"SELECT schemaname, viewname AS object_name, $1 AS object_type
        FROM pg_views
        WHERE schemaname = $2
        UNION ALL
        SELECT schemaname, matviewname AS object_name, $3 AS object_type
        FROM pg_matviews
        WHERE schemaname = $4
        ORDER BY object_name",1,0.178318,0.178318,0.178318,0.178318,0,1,0.19558999999999999,0.19558999999999999,0.19558999999999999,0.19558999999999999,0,112,84,0,0,0,0,0,0,0,0,0,0,0,0,0,0,0,0,0,0,0,0,0,0,0,0,0,0,0,0,0,0,0,2026-08-30 00:11:54.259854+02,2026-08-30 00:11:54.259854+02
10,18192,f,5416141732891354850,SELECT EXISTS(SELECT $1 FROM public.view_riksdagen_vote_data_ballot_summary LIMIT $2),2,0.115392,0.054646,0.060746,0.057696,0.003049999999999999,2,0.010349,0.005156,0.005193,0.0051745,1.8499999999999637e-05,2,14,6,0,0,0,0,0,0,0,0,0.018739,0,0,0,0,0,0,0,0,0,0,0,0,0,0,0,0,0,0,0,0,0,2026-08-15 13:41:15.778131+02,2026-08-15 13:41:15.778131+02
10,18192,f,-9034864103106042840,SELECT COUNT(*) FROM public.view_riksdagen_goverment_role_member,1,0.238693,0.238693,0.238693,0.238693,0,1,12.474186,12.474186,12.474186,12.474186,0,1,542,0,0,0,0,0,0,0,0,0,0,0,0,0,0,0,0,0,0,0,0,0,0,0,0,0,0,0,0,0,1,1,2026-08-30 00:14:19.715229+02,2026-08-30 00:14:19.715229+02
10,18192,f,-7327018402368485351,"COPY  ( WITH temporal_buckets AS ( SELECT *, DATE_TRUNC ( $1 , assessment_period_end ) AS time_bucket, ROW_NUMBER ( ) OVER ( PARTITION BY DATE_TRUNC ( 'month' , assessment_period_end ) ORDER BY random ( ) ) AS rn FROM public.view_risk_score_evolution ) SELECT * FROM temporal_buckets WHERE rn = $2 ORDER BY time_bucket DESC LIMIT $3 ) TO STDOUT WITH CSV HEADER",1,1.6496,1.6496,1.6496,1.6496,0,1,1358.647432,1358.647432,1358.647432,1358.647432,0,30,42004,0,0,0,0,0,0,0,6561,6562,0,0,0,0,5.766381,11.163887,0,0,0,0,129,6.349937,0,0,1,2.664619,1,37.742494,1,3.270413,11,11,2026-08-30 00:16:32.602352+02,2026-08-30 00:16:32.602352+02
10,18192,f,-3168836214696284374,"COPY  ( WITH temporal_strata AS ( SELECT *, ROW_NUMBER ( ) OVER ( PARTITION BY DATE_TRUNC ( $1 , embedded_id_created_date ) ORDER BY random ( ) ) AS rn FROM public.view_application_action_event_page_annual_summary ) SELECT * FROM temporal_strata WHERE rn <= $2 LIMIT $3 ) TO STDOUT WITH CSV HEADER",1,0.135819,0.135819,0.135819,0.135819,0,1,0.34945499999999996,0.34945499999999996,0.34945499999999996,0.34945499999999996,0,2,39,0,0,0,0,0,0,0,0,0,0,0,0,0,0,0,0,0,0,0,0,0,0,0,0,0,0,0,0,0,0,0,2026-08-30 00:15:41.700141+02,2026-08-30 00:15:41.700141+02
10,18192,f,8101701647023489954,"COPY  ( SELECT intressent_id AS value, COUNT ( * ) AS count FROM assignment_data WHERE intressent_id IS NOT NULL GROUP BY intressent_id ORDER BY count DESC LIMIT $1 ) TO STDOUT WITH CSV HEADER",2,0.16247299999999998,0.080797,0.081676,0.08123649999999999,0.00043950000000000586,2,24.033611999999998,11.779608,12.254004,12.016805999999999,0.23719800000000069,1000,11828,0,0,0,0,0,0,0,0,0,0,0,0,0,0,0,0,0,0,0,0,0,0,0,0,0,0,0,0,0,4,4,2026-08-15 13:41:18.017257+02,2026-08-15 13:41:18.017257+02
16384,18192,t,-6588162292421605929,"select viewworldb0_.embedded_id_country_id as embedded1_165_, viewworldb0_.embedded_id_indicator_id as embedded2_165_, viewworldb0_.data_point as data_poi3_165_, viewworldb0_.end_year as end_year4_165_, viewworldb0_.indicator_name as indicato5_165_, viewworldb0_.source_note as source_n6_165_, viewworldb0_.source_organization as source_o7_165_, viewworldb0_.source_value as source_v8_165_, viewworldb0_.start_year as start_ye9_165_, viewworldb0_.topics as topics10_165_ from view_worldbank_indicator_data_country_summary viewworldb0_ where viewworldb0_.embedded_id_country_id=$1",3,0.47464399999999995,0.032867,0.24195,0.15821466666666667,0.09028700510532447,3,8.938455000000001,2.3294230000000002,4.0493760000000005,2.9794850000000004,0.7623436987269371,2049,586,916,0,0,0,0,0,0,0,0,0.245318,0,0,0,0,0,0,0,0,0,0,0,0,0,0,0,0,0,0,0,0,0,2026-08-17 22:31:37.025157+02,2026-08-17 22:31:37.025157+02
10,18192,t,6453847741984468740,"COPY  ( SELECT gender AS value, COUNT ( * ) AS count FROM person_element WHERE gender IS NOT NULL GROUP BY gender ORDER BY count DESC, gender LIMIT 1000 ) TO STDOUT WITH CSV HEADER",0,0,0,0,0,0,2,0.047133999999999995,0.022033,0.025101,0.023566999999999998,0.001533999999999998,0,6,0,0,0,0,0,0,0,0,0,0,0,0,0,0,0,0,0,0,0,0,0,0,0,0,0,0,0,0,0,0,0,2026-08-15 13:41:17.732636+02,2026-08-15 13:41:17.732636+02
10,18192,t,8013922508593704635,COPY  ( SELECT * FROM public.qrtz_triggers ORDER BY random ( ) LIMIT 4 ) TO STDOUT CSV HEADER,0,0,0,0,0,0,1,3.160062,3.160062,3.160062,3.160062,0,4,307,14,0,0,0,0,0,0,0,0,2.898506,0,0,0,0,0,0,0,0,0,0,0,0,0,0,0,0,0,0,0,0,0,2026-08-30 00:12:14.354194+02,2026-08-30 00:12:14.354194+02
10,18192,t,-4881400960665771521,COPY  ( SELECT * FROM public.quality_assurance_content ORDER BY random ( ) LIMIT 0 ) TO STDOUT CSV HEADER,0,0,0,0,0,0,1,0.216528,0.216528,0.216528,0.216528,0,0,41,2,0,0,0,0,0,0,0,0,0.148892,0,0,0,0,0,0,0,0,0,0,0,0,0,0,0,0,0,0,0,0,0,2026-08-30 00:12:14.354527+02,2026-08-30 00:12:14.354527+02
10,18192,f,7101292531349278781,SELECT COUNT(*) FROM public.pg_stat_statements_info,1,0.016654,0.016654,0.016654,0.016654,0,1,0.0044469999999999996,0.0044469999999999996,0.0044469999999999996,0.0044469999999999996,0,1,6,0,0,0,0,0,0,0,0,0,0,0,0,0,0,0,0,0,0,0,0,0,0,0,0,0,0,0,0,0,0,0,2026-08-30 00:12:15.735435+02,2026-08-30 00:12:15.735435+02
10,18192,f,1299463548337271609,"COPY  ( SELECT status AS value, COUNT ( * ) AS count FROM document_element WHERE status IS NOT NULL GROUP BY status ORDER BY count DESC, status LIMIT $1 ) TO STDOUT WITH CSV HEADER",2,0.475198,0.105694,0.369504,0.237599,0.131905,2,61.091517,28.608784,32.482733,30.5457585,1.9369745000000016,1010,91078,4,0,0,0,0,0,0,0,0,0.291413,0,0,0,0,0,0,0,0,0,0,0,0,0,0,0,0,0,0,0,8,8,2026-08-15 13:41:16.850203+02,2026-08-15 13:41:16.850203+02
16384,16385,t,-7676915344437841334,ROLLBACK,0,0,0,0,0,0,6,0.00698,0.000432,0.001771,0.0011633333333333335,0.00046866963014710296,0,0,0,0,0,0,0,0,0,0,0,0,0,0,0,0,0,0,0,0,0,0,0,0,0,0,0,0,0,0,0,0,0,2026-08-29 13:36:59.071993+02,2026-08-29 13:36:59.071993+02
16384,18192,t,-9003580563694420944,REFRESH MATERIALIZED VIEW public.view_riksdagen_politician_document_summary,0,0,0,0,0,0,11,32548.279242999997,149.885273,16233.155661,2958.934476636364,5955.644803302956,15169,98869,14,559,715,0,0,0,0,0,0,2.182895,1.1874870000000002,0,0,0,0,17589,30,4810095,0,0,0,0,0,0,0,0,0,0,0,0,0,2026-08-17 22:31:59.909044+02,2026-08-17 22:31:59.909044+02
10,18192,f,-48073780172536146,SELECT COUNT(*) FROM public.view_riksdagen_goverment_proposals,1,0.070669,0.070669,0.070669,0.070669,0,1,15.049419,15.049419,15.049419,15.049419,0,1,4652,0,0,0,0,0,0,0,0,0,0,0,0,0,0,0,0,0,0,0,0,0,0,0,0,0,0,0,0,0,3,3,2026-08-30 00:14:19.69958+02,2026-08-30 00:14:19.69958+02
10,18192,f,-6678397442087094844,SELECT COUNT(*) FROM public.view_riksdagen_politician_career_trajectory,1,1.15935,1.15935,1.15935,1.15935,0,1,1427.7659760000001,1427.7659760000001,1427.7659760000001,1427.7659760000001,0,1,98908,0,0,0,0,0,0,0,0,0,0,0,0,0,0,0,0,0,0,0,27,1.712714,1,9.940792,1,113.563609,1,77.461161,1,0.832297,4,4,2026-08-30 00:14:46.990759+02,2026-08-30 00:14:46.990759+02
10,18192,t,-896729706800514033,COPY  ( SELECT * FROM public.view_riksdagen_document_type_daily_summary ORDER BY random ( ) LIMIT 3000 ) TO STDOUT WITH CSV HEADER,0,0,0,0,0,0,1,6.483973,6.483973,6.483973,6.483973,0,3000,31,298,0,0,0,0,0,0,0,0,0.093488,0,0,0,0,0,0,0,0,0,0,0,0,0,0,0,0,0,0,0,0,0,2026-08-30 00:15:40.766788+02,2026-08-30 00:15:40.766788+02
10,18192,t,6695626721827947870,"COPY  ( SELECT org AS value, COUNT ( * ) AS count FROM document_data WHERE org IS NOT NULL GROUP BY org ORDER BY count DESC, org LIMIT 2000 ) TO STDOUT WITH CSV HEADER",0,0,0,0,0,0,2,39.951394,17.702848,22.248546,19.975697,2.272849000000001,156,24693,195,7,0,0,0,0,0,0,0,4.1346430000000005,0,0,0,0,0,7,7,23271,0,0,0,0,0,0,0,0,0,0,0,0,0,2026-08-15 13:41:16.713237+02,2026-08-15 13:41:16.713237+02
10,18192,f,-3406154894963527592,"COPY  ( SELECT election_region AS value, COUNT ( * ) AS count FROM person_data WHERE election_region IS NOT NULL GROUP BY election_region ORDER BY count DESC, election_region LIMIT $1 ) TO STDOUT WITH CSV HEADER",2,0.048823000000000005,0.022373,0.02645,0.024411500000000003,0.0020385000000000012,2,0.530052,0.259656,0.270396,0.265026,0.00537,126,364,2,0,0,0,0,0,0,0,0,0.005508000000000001,0,0,0,0,0,0,0,0,0,0,0,0,0,0,0,0,0,0,0,0,0,2026-08-15 13:41:16.179963+02,2026-08-15 13:41:16.179963+02
10,18192,t,-2926993511722401326,COPY  ( SELECT * FROM public.qrtz_simple_triggers ORDER BY random ( ) LIMIT 0 ) TO STDOUT CSV HEADER,0,0,0,0,0,0,1,0.722861,0.722861,0.722861,0.722861,0,0,49,1,0,0,0,0,0,0,0,0,0.633446,0,0,0,0,0,0,0,0,0,0,0,0,0,0,0,0,0,0,0,0,0,2026-08-30 00:12:14.350634+02,2026-08-30 00:12:14.350634+02
10,18192,f,466473901973023350,COPY  ( SELECT * FROM public.person_detail_data ORDER BY random ( ) LIMIT $1 ) TO STDOUT CSV HEADER,1,0.309691,0.309691,0.309691,0.309691,0,1,2.750784,2.750784,2.750784,2.750784,0,2492,20,13,0,0,0,0,0,0,0,0,2.438896,0,0,0,0,0,0,0,0,0,0,0,0,0,0,0,0,0,0,0,0,0,2026-08-30 00:12:14.339565+02,2026-08-30 00:12:14.339565+02
10,18192,t,391310960860413270,"COPY  ( SELECT sub_type AS value, COUNT ( * ) AS count FROM document_data WHERE sub_type IS NOT NULL GROUP BY sub_type ORDER BY count DESC, sub_type LIMIT 2000 ) TO STDOUT WITH CSV HEADER",0,0,0,0,0,0,2,28.98047,14.156571,14.823899,14.490235,0.3336640000000006,32,9334,0,0,0,0,0,0,0,0,0,0,0,0,0,0,0,0,0,0,0,0,0,0,0,0,0,0,0,0,0,0,0,2026-08-15 13:41:16.740378+02,2026-08-15 13:41:16.740378+02
16384,18192,t,8996149422666330076,"select againstpro0_.hjid as hjid1_0_0_ from against_proposal_container againstpro0_ where againstpro0_.hjid in ($1 /*, ... */)",1,0.901229,0.901229,0.901229,0.901229,0,1,1.22607,1.22607,1.22607,1.22607,0,38,58,19,0,0,0,0,0,0,0,0,1.485231,0,0,0,0,0,0,0,0,0,0,0,0,0,0,0,0,0,0,0,0,0,2026-08-29 13:39:21.63784+02,2026-08-29 13:39:21.63784+02
10,18192,f,-6995615991009394489,COPY  ( SELECT * FROM public.document_person_reference_da_0 ORDER BY random ( ) LIMIT $1 ) TO STDOUT CSV HEADER,1,0.103963,0.103963,0.103963,0.103963,0,1,77.973544,77.973544,77.973544,77.973544,0,50000,65,3213,0,0,0,0,0,0,0,0,0.208087,0,0,0,0,0,1,0,68,0,0,0,0,0,0,0,0,0,0,0,0,0,2026-08-30 00:11:56.556871+02,2026-08-30 00:11:56.556871+02
10,18192,f,-7891155411918642016,"COPY  ( WITH temporal_strata AS ( SELECT *, ROW_NUMBER ( ) OVER ( PARTITION BY DATE_TRUNC ( $1 , embedded_id_created_date ) ORDER BY random ( ) ) AS rn FROM public.view_application_action_event_page_element_annual_summary ) SELECT * FROM temporal_strata WHERE rn <= $2 LIMIT $3 ) TO STDOUT WITH CSV HEADER",1,0.128039,0.128039,0.128039,0.128039,0,1,0.43684300000000004,0.43684300000000004,0.43684300000000004,0.43684300000000004,0,2,39,0,0,0,0,0,0,0,0,0,0,0,0,0,0,0,0,0,0,0,0,0,0,0,0,0,0,0,0,0,0,0,2026-08-30 00:15:41.700856+02,2026-08-30 00:15:41.700856+02
10,18192,f,-4398428872486831452,COPY  ( SELECT * FROM public.user_account_address ORDER BY random ( ) LIMIT $1 ) TO STDOUT CSV HEADER,1,0.185601,0.185601,0.185601,0.185601,0,1,0.000658,0.000658,0.000658,0.000658,0,0,26,1,0,0,0,0,0,0,0,0,0.133374,0,0,0,0,0,0,0,0,0,0,0,0,0,0,0,0,0,0,0,0,0,2026-08-30 00:12:14.375029+02,2026-08-30 00:12:14.375029+02
10,18192,t,-5062593186404480772,"SELECT format(
    $1 || $2 ||
    $3 || $4,
    col, col, col, col, col, col
)
FROM unnest(ARRAY[$5]) AS col
WHERE EXISTS (SELECT $6 FROM information_schema.columns WHERE table_schema = $7 AND table_name = $8 AND column_name = col)",2,2.631714,1.296794,1.33492,1.315857,0.019063000000000052,2,0.403271,0.165153,0.238118,0.2016355,0.0364825,2,160,2,1,0,0,0,0,0,0,0,0.270619,0,0,0,0,0,3,1,1733,0,0,0,0,0,0,0,0,0,0,0,0,0,2026-08-15 13:41:16.042741+02,2026-08-15 13:41:16.042741+02
10,18192,f,-5862999722330772080,duration,2,0.0015600000000000002,0.000608,0.000952,0.0007800000000000001,0.00017200000000000003,0,0,0,0,0,0,0,0,0,0,0,0,0,0,0,0,0,0,0,0,0,0,0,0,0,0,0,0,0,0,0,0,0,0,0,0,0,0,0,2026-08-15 13:41:15.948333+02,2026-08-15 13:41:15.948333+02
10,18192,t,-5343464827860663851,"COPY  ( SELECT country_value AS value, COUNT ( * ) AS count FROM world_bank_data WHERE country_value IS NOT NULL GROUP BY country_value ORDER BY count DESC, country_value LIMIT 1000 ) TO STDOUT WITH CSV HEADER",0,0,0,0,0,0,2,44.719483,21.718747,23.000736,22.3597415,0.6409945000000006,12,20872,0,0,0,0,0,0,0,0,0,0,0,0,0,0,0,0,0,0,0,0,0,0,0,0,0,0,0,0,0,0,0,2026-08-15 13:41:17.993548+02,2026-08-15 13:41:17.993548+02
10,18192,f,6298638933493120732,"COPY  ( SELECT decision_type AS value, COUNT ( * ) AS count FROM document_proposal_data WHERE decision_type IS NOT NULL GROUP BY decision_type ORDER BY count DESC, decision_type LIMIT $1 ) TO STDOUT WITH CSV HEADER",2,0.15433000000000002,0.071914,0.082416,0.07716500000000001,0.005250999999999995,2,32.823194,15.762290000000002,17.060904,16.411597,0.649306999999999,8,504,172,1,0,0,0,0,0,0,0,5.607958,0,0,0,0,0,1,1,990,0,0,0,0,0,0,0,0,0,0,0,2,2,2026-08-15 13:41:17.611464+02,2026-08-15 13:41:17.611464+02
10,18192,t,5184509825202269587,"COPY  ( SELECT document_document_status_con_0 AS value, COUNT ( * ) AS count FROM document_status_container WHERE document_document_status_con_0 IS NOT NULL GROUP BY document_document_status_con_0 ORDER BY count DESC LIMIT 500 ) TO STDOUT WITH CSV HEADER",0,0,0,0,0,0,2,55.5379,27.295404,28.242496,27.76895,0.4735459999999989,1000,2752,0,0,0,0,0,0,0,0,0,0,0,0,0,0,0,0,0,0,0,0,0,0,0,0,0,0,0,0,0,0,0,2026-08-15 13:41:18.057626+02,2026-08-15 13:41:18.057626+02
10,18192,f,-6469819824713644855,COPY  ( SELECT * FROM public.document_activity_data ORDER BY random ( ) LIMIT $1 ) TO STDOUT CSV HEADER,1,0.062997,0.062997,0.062997,0.062997,0,1,66.507238,66.507238,66.507238,66.507238,0,3000,4624,1,0,0,0,0,0,0,0,0,0.002987,0,0,0,0,0,2,0,124,0,0,0,0,0,0,0,0,0,0,0,0,0,2026-08-30 00:11:54.443106+02,2026-08-30 00:11:54.443106+02
10,18192,t,-9224592811187267,COPY  ( SELECT * FROM public.topics ORDER BY random ( ) LIMIT 5000 ) TO STDOUT CSV HEADER,0,0,0,0,0,0,1,6.787163,6.787163,6.787163,6.787163,0,5000,43,145,0,0,0,0,0,0,0,0,2.598338,0,0,0,0,0,0,0,0,0,0,0,0,0,0,0,0,0,0,0,0,0,2026-08-30 00:12:14.372783+02,2026-08-30 00:12:14.372783+02
10,18192,f,-5596348114636061194,"COPY  ( SELECT person_person_container_data_0 AS value, COUNT ( * ) AS count FROM person_container_data WHERE person_person_container_data_0 IS NOT NULL GROUP BY person_person_container_data_0 ORDER BY count DESC, person_person_container_data_0 LIMIT $1 ) TO STDOUT WITH CSV HEADER",2,0.397471,0.173791,0.22368,0.1987355,0.0249445,2,0.0069619999999999994,0.003178,0.003784,0.0034809999999999997,0.0003030000000000002,0,48,2,0,0,0,0,0,0,0,0,0.295514,0,0,0,0,0,0,0,0,0,0,0,0,0,0,0,0,0,0,0,0,0,2026-08-15 13:41:17.731961+02,2026-08-15 13:41:17.731961+02
10,18192,f,5808680516072937851,"COPY  ( SELECT born_year AS value, COUNT ( * ) AS count FROM person_element WHERE born_year IS NOT NULL GROUP BY born_year ORDER BY count DESC, born_year LIMIT $1 ) TO STDOUT WITH CSV HEADER",2,0.613209,0.188687,0.424522,0.3066045,0.11791750000000001,2,0.0059039999999999995,0.002649,0.003255,0.0029519999999999998,0.0003030000000000002,0,50,2,0,0,0,0,0,0,0,0,0.306967,0,0,0,0,0,0,0,0,0,0,0,0,0,0,0,0,0,0,0,0,0,2026-08-15 13:41:17.732286+02,2026-08-15 13:41:17.732286+02
10,18192,t,5141892733749115926,"COPY  ( SELECT file_type AS value, COUNT ( * ) AS count FROM document_attachment WHERE file_type IS NOT NULL GROUP BY file_type ORDER BY count DESC, file_type LIMIT 1000 ) TO STDOUT WITH CSV HEADER",0,0,0,0,0,0,2,93.346896,46.614722,46.732174,46.673448,0.058726000000000056,8,146,6066,0,0,0,0,0,0,0,0,204.895518,0,0,0,0,0,0,0,0,0,0,0,0,0,0,0,0,0,0,0,0,0,2026-08-15 13:41:17.265222+02,2026-08-15 13:41:17.265222+02
10,18192,t,3482559863118459062,"SELECT $1 ||
       $2 ||
       $3 ||
       $4 ||
       $5",2,0.01199,0.004409,0.007581,0.005995,0.0015860000000000004,2,0.001483,0.000649,0.000834,0.0007415,9.250000000000003e-05,2,0,0,0,0,0,0,0,0,0,0,0,0,0,0,0,0,0,0,0,0,0,0,0,0,0,0,0,0,0,0,0,0,2026-08-15 13:41:16.10721+02,2026-08-15 13:41:16.10721+02
16384,18192,t,-2268915465990717034,"select viewriksda0_.person_id as person_i1_138_0_, viewriksda0_.absence_rate as absence_2_138_0_, viewriksda0_.analysis_comment as analysis3_138_0_, viewriksda0_.born_year as born_yea4_138_0_, viewriksda0_.election_region as election5_138_0_, viewriksda0_.first_name as first_na6_138_0_, viewriksda0_.first_vote_date as first_vo7_138_0_, viewriksda0_.gender as gender8_138_0_, viewriksda0_.last_name as last_nam9_138_0_, viewriksda0_.last_vote_date as last_vo10_138_0_, viewriksda0_.loyalty_rate as loyalty11_138_0_, viewriksda0_.no_percentage as no_perc12_138_0_, viewriksda0_.party as party13_138_0_, viewriksda0_.rebel_rate as rebel_r14_138_0_, viewriksda0_.status as status15_138_0_, viewriksda0_.success_rate as success16_138_0_, viewriksda0_.total_votes as total_v17_138_0_, viewriksda0_.voting_consistency_score as voting_18_138_0_, viewriksda0_.voting_days as voting_19_138_0_, viewriksda0_.voting_participation_rate as voting_20_138_0_, viewriksda0_.yes_percentage as yes_per21_138_0_ from view_riksdagen_politician_ballot_summary viewriksda0_ where viewriksda0_.person_id=$1",23,8.153391000000001,0.2398,0.977327,0.3544952608695652,0.17767629472729018,28,5.2086,0.098292,0.475258,0.18602142857142856,0.09266399556247312,28,2566,27,0,0,0,0,0,0,0,0,1.3902900000000005,0,0,0,0,0,1,0,56,0,0,0,0,0,0,0,0,0,0,0,0,0,2026-08-17 22:32:02.772057+02,2026-08-17 22:32:02.772057+02
10,18192,f,-2124437333444246439,view_record.schemaname,1,0.000669,0.000669,0.000669,0.000669,0,0,0,0,0,0,0,0,0,0,0,0,0,0,0,0,0,0,0,0,0,0,0,0,0,0,0,0,0,0,0,0,0,0,0,0,0,0,0,0,2026-08-30 00:12:15.732791+02,2026-08-30 00:12:15.732791+02
10,18192,f,-6096242835379470914,extract_count := extract_count + $7,1,0.001307,0.001307,0.001307,0.001307,0,0,0,0,0,0,0,0,0,0,0,0,0,0,0,0,0,0,0,0,0,0,0,0,0,0,0,0,0,0,0,0,0,0,0,0,0,0,0,0,2026-08-30 00:12:15.735349+02,2026-08-30 00:12:15.735349+02
10,18192,f,-1736432610282668217,ANALYZE public.view_riksdagen_vote_data_ballot_politician_summary_weekly,0,0,0,0,0,0,2,4707.304475999999,2322.235668,2385.068808,2353.6522379999997,31.416570000000206,0,21192,26,34,7,0,0,0,0,0,0,0.128898,0.04983,0,0,0,0,566,13,366212,0,0,0,0,0,0,0,0,0,0,0,0,0,2026-08-15 13:41:34.345764+02,2026-08-15 13:41:34.345764+02
16384,16385,t,3555707044766251394,"UPDATE public.databasechangeloglock SET LOCKED = $1, LOCKEDBY = $2, LOCKGRANTED = NOW() WHERE ID = $3 AND LOCKED = $4",1,0.043465,0.043465,0.043465,0.043465,0,1,0.024745,0.024745,0.024745,0.024745,0,1,3,0,0,0,0,0,0,0,0,0,0,0,0,0,0,0,1,0,134,0,0,0,0,0,0,0,0,0,0,0,0,0,2026-08-29 13:36:59.291269+02,2026-08-29 13:36:59.291269+02
16384,18192,t,-6117456929801885371,REFRESH MATERIALIZED VIEW public.view_riksdagen_vote_data_ballot_party_summary_monthly,0,0,0,0,0,0,10,182.568405,17.127974,22.546867,18.2568405,1.4563311390205353,18500,15058,4,576,650,0,0,0,0,0,0,0.017291,0.606409,0,0,0,0,21207,146,5045509,0,0,0,0,0,0,0,0,0,0,0,0,0,2026-08-17 22:32:23.721806+02,2026-08-17 22:32:23.721806+02
10,18192,f,-2727200909624775584,SELECT EXISTS(SELECT $1 FROM public.view_riksdagen_vote_data_ballot_summary_annual LIMIT $2),2,0.062776,0.031067,0.031709,0.031388,0.00032100000000000097,2,0.005776,0.002801,0.0029749999999999998,0.002888,8.699999999999984e-05,2,12,2,0,0,0,0,0,0,0,0,0.010501,0,0,0,0,0,0,0,0,0,0,0,0,0,0,0,0,0,0,0,0,0,2026-08-15 13:41:15.780851+02,2026-08-15 13:41:15.780851+02
10,18192,f,3207660570984573401,SELECT COUNT(*) FROM public.view_election_cycle_network_analysis,1,0.665331,0.665331,0.665331,0.665331,0,1,3147.345775,3147.345775,3147.345775,3147.345775,0,1,189797,1,0,0,0,0,0,0,4316,4317,0.002928,0,0,0,3.335729,7.233206,0,0,0,0,114,3.762334,1,17.702658,1,333.293676,1,223.918538,1,1.824154,8,8,2026-08-30 00:13:29.96212+02,2026-08-30 00:13:29.96212+02
10,18192,f,572570500499669995,SELECT COUNT(*) FROM public.view_riksdagen_politician_career_path_10level,1,3.337024,3.337024,3.337024,3.337024,0,1,21686.196754,21686.196754,21686.196754,21686.196754,0,1,69233345,498,0,0,0,0,0,0,279536,279597,21.937262,0,0,0,233.545692,543.342501,0,0,0,0,260,8.164656,1,19.921482,1,861.866361,1,626.537163,1,3.524265,12,12,2026-08-30 00:14:25.268765+02,2026-08-30 00:14:25.268765+02
16384,18192,t,6447327091701031339,"select documentre0_.document_reference_list_docu_0 as document5_32_1_, documentre0_.hjid as hjid1_32_1_, documentre0_.hjid as hjid1_32_0_, documentre0_.detail as detail2_32_0_, documentre0_.reference_document_id as referenc3_32_0_, documentre0_.reference_type as referenc4_32_0_ from document_reference_data documentre0_ where documentre0_.document_reference_list_docu_0=$1",70,4.069503999999999,0.024856,0.604998,0.0581357714285714,0.06915913575395131,56600,489629.6801559946,7.923603,64.46399799999999,8.650701062826936,0.43335483940971287,269243,182701917,3233,0,0,0,0,0,0,0,0,51.214284000000006,0,0,0,0,0,0,0,0,0,0,0,0,0,0,0,0,0,0,0,0,0,2026-08-29 13:42:53.103127+02,2026-08-29 13:42:53.103127+02
10,18192,t,-4817627706061985421,COPY  ( SELECT * FROM public.document_activity_data ORDER BY random ( ) LIMIT 3000 ) TO STDOUT CSV HEADER,0,0,0,0,0,0,1,66.606555,66.606555,66.606555,66.606555,0,3000,4624,1,0,0,0,0,0,0,0,0,0.002987,0,0,0,0,0,2,0,124,0,0,0,0,0,0,0,0,0,0,0,0,0,2026-08-30 00:11:54.50971+02,2026-08-30 00:11:54.50971+02
16384,18192,t,-6638236131011848862,SET application_name = $1,0,0,0,0,0,0,30,0.182797,0.003607,0.0104,0.006093233333333335,0.0018282612447046197,0,0,0,0,0,0,0,0,0,0,0,0,0,0,0,0,0,0,0,0,0,0,0,0,0,0,0,0,0,0,0,0,0,2026-08-17 22:31:28.809803+02,2026-08-17 22:31:28.809803+02
10,18192,f,-3226109252415941852,"COPY  ( SELECT document_document_status_con_0 AS value, COUNT ( * ) AS count FROM document_status_container WHERE document_document_status_con_0 IS NOT NULL GROUP BY document_document_status_con_0 ORDER BY count DESC, document_document_status_con_0 LIMIT $1 ) TO STDOUT WITH CSV HEADER",2,0.167331,0.083133,0.084198,0.0836655,0.0005325000000000017,2,65.416324,32.287425,33.128899000000004,32.708162,0.4207370000000026,2000,2764,0,0,0,0,0,0,0,0,0,0,0,0,0,0,0,0,0,0,0,0,0,0,0,0,0,0,0,0,0,0,0,2026-08-15 13:41:17.695792+02,2026-08-15 13:41:17.695792+02
10,18192,t,8601987573610811858,"COPY  ( SELECT target AS value, COUNT ( * ) AS count FROM vote_meta_data WHERE target IS NOT NULL GROUP BY target ORDER BY count DESC, target LIMIT 1000 ) TO STDOUT WITH CSV HEADER",0,0,0,0,0,0,2,0.042942,0.020988,0.021954,0.021471,0.0004830000000000008,0,6,0,0,0,0,0,0,0,0,0,0,0,0,0,0,0,0,0,0,0,0,0,0,0,0,0,0,0,0,0,0,0,2026-08-15 13:41:17.971778+02,2026-08-15 13:41:17.971778+02
10,18192,f,-3172767350287818995,COPY  ( SELECT * FROM public.document_content_data ORDER BY random ( ) LIMIT $1 ) TO STDOUT CSV HEADER,1,0.235069,0.235069,0.235069,0.235069,0,1,1553.173572,1553.173572,1553.173572,1553.173572,0,3000,5803,22066,2,0,0,0,0,0,0,0,1076.906916,0,0,0,0,0,4,1,2607,0,0,0,0,0,0,0,0,0,0,0,0,0,2026-08-30 00:11:54.54461+02,2026-08-30 00:11:54.54461+02
10,18192,f,-1189911133570157931,"SELECT pg_catalog.upper(object_type),
       object_identity,
       pg_catalog.upper(command_tag)
  FROM pg_catalog.pg_event_trigger_ddl_commands()",442,9.324621000000004,0.003006,1.673275,0.021096427601809936,0.07882959452877168,442,8.180787,0.00113,0.645243,0.018508567873303183,0.03966108948972989,433,1285,0,0,0,0,0,0,0,0,0,0,0,0,0,0,0,0,0,0,0,0,0,0,0,0,0,0,0,0,0,0,0,2026-08-15 13:40:34.233186+02,2026-08-15 13:40:34.233186+02
16384,18192,t,-7374778798247075180,SELECT TRIGGER_NAME FROM QRTZ_TRIGGERS WHERE SCHED_NAME = $3 AND TRIGGER_NAME = $1 AND TRIGGER_GROUP = $2,72,3.357542,0.022589,0.116117,0.046632527777777794,0.01953117434170037,171,0.9555220000000003,0.001772,0.026868,0.005587847953216374,0.0032051161824438817,171,171,0,0,0,0,0,0,0,0,0,0,0,0,0,0,0,0,0,0,0,0,0,0,0,0,0,0,0,0,0,0,0,2026-08-17 22:31:35.108259+02,2026-08-17 22:31:35.108259+02
16384,18192,t,3402701499526078828,"insert into document_data (committee_report_url_xml, document_status_url_www, document_status_url_xml, document_type, document_url_html, document_url_text, final_number, hangar_id, label, made_public_date, number_value, org, rm, status, sub_title, sub_type, temp_label, title, id) values ($1, $2, $3, $4, $5, $6, $7, $8, $9, $10, $11, $12, $13, $14, $15, $16, $17, $18, $19)",11,0.185375,0.012728,0.027993,0.01685227272727273,0.004080390602757827,11,5.45655,0.022500000000000003,1.8164660000000001,0.4960500000000001,0.60920849213594,11,96,30,28,1,0,0,0,0,0,0,4.285596,0.014155,0,0,0,0,58,27,67701,0,0,0,0,0,0,0,0,0,0,0,0,0,2026-08-29 14:13:31.811897+02,2026-08-29 14:13:31.811897+02
10,18192,f,910650504646685527,"EXISTS (
                    SELECT $18
                    FROM tmp_mv_refresh_state s
                    WHERE s.schemaname  = mv_record.schemaname
                      AND s.matviewname = mv_record.matviewname
                )",12,0.713367,0.017344,0.321662,0.05944725,0.09450025467525208,132,0.6084829999999999,0.001499,0.01188,0.004609719696969697,0.0023079049738669723,132,25,1,0,0,132,2,0,0,0,0,0.108677,0,0.011861,0,0,0,0,0,0,0,0,0,0,0,0,0,0,0,0,0,0,0,2026-08-15 13:40:34.267504+02,2026-08-15 13:40:34.267504+02
10,18192,t,-1433114230056387124,"COPY  ( SELECT committee_report AS value, COUNT ( * ) AS count FROM committee_proposal_data WHERE committee_report IS NOT NULL GROUP BY committee_report ORDER BY count DESC, committee_report LIMIT 2000 ) TO STDOUT WITH CSV HEADER",0,0,0,0,0,0,2,28.354436999999997,13.775913,14.578524,14.177218499999999,0.40130550000000076,1674,5802,0,0,0,0,0,0,0,0,0,0,0,0,0,0,0,0,0,0,0,0,0,0,0,0,0,0,0,0,0,0,0,2026-08-15 13:41:16.78523+02,2026-08-15 13:41:16.78523+02
10,18192,f,-9007140995908239275,"INSERT INTO cia_view_row_counts(schemaname, viewname, view_type, row_count)
            VALUES (view_record.schemaname, view_record.object_name, view_record.object_type, row_count)",6,0.03286699999999999,0.004264,0.006857,0.005477833333333333,0.0009762486733523492,106,0.7853909999999998,0.0007109999999999999,0.078414,0.007409349056603774,0.00836036433940492,106,0,0,0,0,106,0,2,5,0,0,0,0,0,0.029495,0,0,1,0,293,0,0,0,0,0,0,0,0,0,0,0,0,0,2026-08-30 00:12:15.735266+02,2026-08-30 00:12:15.735266+02
10,18192,f,-1943476877927522876,"COPY  ( SELECT domain_org AS value, COUNT ( * ) AS count FROM document_element WHERE domain_org IS NOT NULL GROUP BY domain_org ORDER BY count DESC, domain_org LIMIT $1 ) TO STDOUT WITH CSV HEADER",2,0.166241,0.081211,0.08503,0.0831205,0.0019094999999999945,2,64.737799,30.087755,34.650044,32.3688995,2.2811445000000017,2,91074,2,0,0,0,0,0,0,0,0,0.012199999999999999,0,0,0,0,0,0,0,0,0,0,0,0,0,0,0,0,0,0,0,8,8,2026-08-15 13:41:17.449977+02,2026-08-15 13:41:17.449977+02
10,18192,t,-8016035738485947041,COPY  ( SELECT * FROM public.sweden_political_party ORDER BY random ( ) LIMIT 40 ) TO STDOUT CSV HEADER,0,0,0,0,0,0,1,0.112372,0.112372,0.112372,0.112372,0,40,39,1,0,0,0,0,0,0,0,0,0.015552,0,0,0,0,0,0,0,0,0,0,0,0,0,0,0,0,0,0,0,0,0,2026-08-30 00:12:14.363343+02,2026-08-30 00:12:14.363343+02
10,18192,f,-7794092192692763889,SELECT COUNT(*) FROM public.view_riksdagen_crisis_resilience_indicators,1,0.437425,0.437425,0.437425,0.437425,0,1,2975.447772,2975.447772,2975.447772,2975.447772,0,1,222450,119462,0,0,0,0,0,0,6410,6411,1.836476,0,0,0,5.240005,10.603989,0,0,0,0,61,2.916653,1,18.413997,1,238.947559,1,161.94127,1,1.632584,8,8,2026-08-30 00:14:16.48734+02,2026-08-30 00:14:16.48734+02
10,18192,f,-4514398310576525202,"COPY  ( SELECT rm AS value, COUNT ( * ) AS count FROM vote_data WHERE rm IS NOT NULL GROUP BY rm ORDER BY count DESC, rm LIMIT $1 ) TO STDOUT WITH CSV HEADER",2,0.19168000000000002,0.087241,0.104439,0.09584000000000001,0.008599000000000006,2,254.36478699999998,122.53107,131.83371699999998,127.18239349999999,4.6513234999999895,48,189652,0,0,0,0,0,0,0,0,0,0,0,0,0,0,0,0,0,0,0,28,1.467343,0,0,2,0.5711489999999999,2,8.28623,2,0.8695649999999999,8,8,2026-08-15 13:41:17.844585+02,2026-08-15 13:41:17.844585+02
10,18192,f,5381766282082308661,"COPY  ( SELECT status AS value, COUNT ( * ) AS count FROM committee_document_data WHERE status IS NOT NULL GROUP BY status ORDER BY count DESC, status LIMIT $1 ) TO STDOUT WITH CSV HEADER",2,0.07578,0.034397,0.041383,0.03789,0.003493000000000003,2,2.199809,1.08301,1.1167989999999999,1.0999045,0.01689449999999998,230,823,1,0,0,0,0,0,0,0,0,0.005613,0,0,0,0,0,0,0,0,0,0,0,0,0,0,0,0,0,0,0,0,0,2026-08-15 13:41:16.742214+02,2026-08-15 13:41:16.742214+02
10,18192,t,-3332676257064422602,"COPY  ( SELECT indicator_value AS value, COUNT ( * ) AS count FROM world_bank_data WHERE indicator_value IS NOT NULL GROUP BY indicator_value ORDER BY count DESC, indicator_value LIMIT 1000 ) TO STDOUT WITH CSV HEADER",0,0,0,0,0,0,2,48.524626,23.265578,25.259048,24.262313,0.9967350000000001,2000,20716,4,0,0,0,0,0,0,0,0,0.399513,0,0,0,0,0,0,0,0,0,0,0,0,0,0,0,0,0,0,0,0,0,2026-08-15 13:41:18.017038+02,2026-08-15 13:41:18.017038+02
10,18192,f,4139312166990509371,SELECT COUNT(*) FROM public.view_riksdagen_goverment,1,0.256667,0.256667,0.256667,0.256667,0,1,187.79233000000002,187.79233000000002,187.79233000000002,187.79233000000002,0,1,3000,34,0,0,0,0,0,0,0,0,0.068784,0,0,0,0,0,0,0,0,0,27,1.549578,1,15.353665,1,102.951517,1,65.631775,1,0.686245,1,1,2026-08-30 00:14:19.509886+02,2026-08-30 00:14:19.509886+02
10,18192,t,-3408014266785746236,COPY  ( SELECT * FROM public.view_riksdagen_party_document_daily_summary ORDER BY random ( ) LIMIT 11283 ) TO STDOUT WITH CSV HEADER,0,0,0,0,0,0,1,4.677029,4.677029,4.677029,4.677029,0,11283,40,92,0,0,0,0,0,0,0,0,0.22602,0,0,0,0,0,0,0,0,0,0,0,0,0,0,0,0,0,0,0,0,0,2026-08-30 00:15:40.784221+02,2026-08-30 00:15:40.784221+02
10,18192,f,2031219855765919942,SELECT COUNT(*) FROM public.view_riksdagen_seasonal_quarterly_activity,1,0.274692,0.274692,0.274692,0.274692,0,1,3328.931453,3328.931453,3328.931453,3328.931453,0,1,99661,0,0,0,0,0,0,0,35888,35893,0,0,0,0,33.023288,68.999524,0,0,0,0,32,2.0694,1,12.977485,1,155.817051,1,101.365605,1,1.120824,7,7,2026-08-30 00:15:31.439718+02,2026-08-30 00:15:31.439718+02
10,18192,t,-3582675738806096537,COPY  ( SELECT * FROM public.view_riksdagen_vote_data_ballot_party_summary_weekly ORDER BY random ( ) LIMIT 5635 ) TO STDOUT WITH CSV HEADER,0,0,0,0,0,0,1,10.975157,10.975157,10.975157,10.975157,0,5635,200,153,0,0,0,0,0,0,0,0,0.094148,0,0,0,0,0,0,0,0,0,0,0,0,0,0,0,0,0,0,0,0,0,2026-08-30 00:15:41.283724+02,2026-08-30 00:15:41.283724+02
10,18192,f,6400448262764220422,SELECT COUNT(*) FROM public.view_election_cycle_decision_intelligence,1,0.45902,0.45902,0.45902,0.45902,0,1,64254.845683,64254.845683,64254.845683,64254.845683,0,1,135,283,0,0,0,0,0,0,0,0,0.314218,0,0,0,0,0,0,0,0,0,42,1.8844,1,16.484947,1,129.692958,1,93.265835,1,0.578205,1,1,2026-08-30 00:12:25.695033+02,2026-08-30 00:12:25.695033+02
16384,18192,t,7981566393886885653,update document_person_reference_da_0 set document_person_reference_li_1=$1 where hjid=$2,8,0.060291,0.004247,0.016325,0.007536375,0.0037966686692908823,8,0.19023700000000004,0.010917000000000001,0.046688,0.023779625,0.012554551186098807,8,104,0,0,0,0,0,0,0,0,0,0,0,0,0,0,0,9,0,741,0,0,0,0,0,0,0,0,0,0,0,0,0,2026-08-29 14:13:31.828386+02,2026-08-29 14:13:31.828386+02
16384,18192,t,1938571527526051137,"SET LOCAL SEARCH_PATH TO $1, ""$user"",""public""",0,0,0,0,0,0,6,0.04576,0.004481,0.016367,0.007626666666666665,0.004012717103853143,0,0,0,0,0,0,0,0,0,0,0,0,0,0,0,0,0,0,0,0,0,0,0,0,0,0,0,0,0,0,0,0,0,2026-08-17 22:31:29.959053+02,2026-08-17 22:31:29.959053+02
10,18192,f,2318570215268002333,ANALYZE public.view_riksdagen_vote_data_ballot_politician_summary_monthly,0,0,0,0,0,0,2,1986.61839,980.514223,1006.104167,993.309195,12.794972000000001,0,8922,35,37,0,0,0,0,0,0,0,0.97175,0,0,0,0,0,583,17,355731,0,0,0,0,0,0,0,0,0,0,0,0,0,2026-08-15 13:41:32.02344+02,2026-08-15 13:41:32.02344+02
10,18192,f,1923354856485401904,SELECT EXISTS(SELECT $1 FROM public.view_riksdagen_vote_data_ballot_politician_summary_annual LIMIT $2),2,0.104158,0.051951,0.052207,0.052079,0.0001280000000000031,2,0.009695,0.004706,0.004989,0.0048475,0.00014150000000000013,2,14,4,0,0,0,0,0,0,0,0,0.017402,0,0,0,0,0,0,0,0,0,0,0,0,0,0,0,0,0,0,0,0,0,2026-08-15 13:41:03.853432+02,2026-08-15 13:41:03.853432+02
10,18192,t,8335738450549507359,COPY  ( SELECT * FROM public.view_riksdagen_vote_data_ballot_summary_daily ORDER BY random ( ) LIMIT 1322 ) TO STDOUT WITH CSV HEADER,0,0,0,0,0,0,1,1.842639,1.842639,1.842639,1.842639,0,1322,117,33,0,0,0,0,0,0,0,0,0.17846,0,0,0,0,0,0,0,0,0,0,0,0,0,0,0,0,0,0,0,0,0,2026-08-30 00:15:41.264184+02,2026-08-30 00:15:41.264184+02
10,18192,t,2496151153312118395,"COPY  ( SELECT reference_type AS value, COUNT ( * ) AS count FROM document_reference_data WHERE reference_type IS NOT NULL GROUP BY reference_type ORDER BY count DESC, reference_type LIMIT 1000 ) TO STDOUT WITH CSV HEADER",0,0,0,0,0,0,2,100.512934,47.828035,52.684899,50.256467,2.428432000000001,4,144,6460,0,0,0,0,0,0,0,0,258.721011,0,0,0,0,0,0,0,0,0,0,0,0,0,0,0,0,0,0,0,0,0,2026-08-15 13:41:17.695547+02,2026-08-15 13:41:17.695547+02
10,18192,f,-900587731039532718,SELECT EXISTS(SELECT $1 FROM public.view_riksdagen_vote_data_ballot_party_summary_weekly LIMIT $2),2,0.080522,0.036985,0.043537,0.040261,0.003276000000000001,2,0.00851,0.0041849999999999995,0.004325,0.004255,6.999999999999997e-05,2,14,2,0,0,0,0,0,0,0,0,0.011866999999999999,0,0,0,0,0,0,0,0,0,0,0,0,0,0,0,0,0,0,0,0,0,2026-08-15 13:40:45.552287+02,2026-08-15 13:40:45.552287+02
10,18192,t,7376471409241869260,COPY  ( SELECT * FROM public.qrtz_blob_triggers ORDER BY random ( ) LIMIT 0 ) TO STDOUT CSV HEADER,0,0,0,0,0,0,1,0.221786,0.221786,0.221786,0.221786,0,0,46,2,0,0,0,0,0,0,0,0,0.150344,0,0,0,0,0,0,0,0,0,0,0,0,0,0,0,0,0,0,0,0,0,2026-08-30 00:12:14.343951+02,2026-08-30 00:12:14.343951+02
10,18192,f,2485936742962328533,"COPY  ( SELECT gender AS value, COUNT ( * ) AS count FROM vote_data WHERE gender IS NOT NULL GROUP BY gender ORDER BY count DESC, gender LIMIT $1 ) TO STDOUT WITH CSV HEADER",2,0.178065,0.087812,0.090253,0.0890325,0.0012204999999999994,2,230.812264,111.564205,119.248059,115.406132,3.8419269999999983,4,189650,2,0,0,0,0,0,0,0,0,0.010962,0,0,0,0,0,0,0,0,0,28,1.287261,0,0,2,0.513043,2,7.636751,2,0.700441,8,8,2026-08-15 13:41:16.556228+02,2026-08-15 13:41:16.556228+02
10,18192,f,-1855138385446046433,error_count,2,0.001323,0.000653,0.00067,0.0006615,8.499999999999963e-06,0,0,0,0,0,0,0,0,0,0,0,0,0,0,0,0,0,0,0,0,0,0,0,0,0,0,0,0,0,0,0,0,0,0,0,0,0,0,0,2026-08-15 13:41:34.406981+02,2026-08-15 13:41:34.406981+02
10,18192,f,-5264864465998451779,"COPY  ( SELECT role_description AS value, COUNT ( * ) AS count FROM document_person_reference_da_0 WHERE role_description IS NOT NULL GROUP BY role_description ORDER BY count DESC, role_description LIMIT $1 ) TO STDOUT WITH CSV HEADER",2,0.143868,0.071496,0.072372,0.071934,0.0004379999999999974,2,61.059712000000005,15.977864000000002,45.081848,30.529856000000002,14.551991999999998,2,114,6420,0,0,0,0,0,0,0,0,92.140765,0,0,0,0,0,0,0,0,0,0,0,0,0,0,0,0,0,0,0,6,6,2026-08-15 13:41:17.563801+02,2026-08-15 13:41:17.563801+02
10,18192,f,781598759138475562,SELECT EXISTS(SELECT $1 FROM public.view_riksdagen_committee_decision_type_org_summary LIMIT $2),2,0.084679,0.039654,0.045025,0.0423395,0.0026855000000000004,2,0.007757,0.0037570000000000004,0.004,0.0038785,0.00012149999999999975,2,14,2,0,0,0,0,0,0,0,0,0.015576,0,0,0,0,0,0,0,0,0,0,0,0,0,0,0,0,0,0,0,0,0,2026-08-15 13:40:41.934049+02,2026-08-15 13:40:41.934049+02
10,18192,f,2993478592393124114,"SELECT schemaname, matviewname
            FROM pg_matviews
            WHERE schemaname = $1
            ORDER BY matviewname",4,0.317292,0.062492,0.087273,0.079323,0.009843192647713446,6,0.7921909999999999,0.105598,0.16873300000000002,0.13203183333333335,0.024315326054546116,198,254,0,0,0,0,0,0,0,0,0,0,0,0,0,0,0,0,0,0,0,0,0,0,0,0,0,0,0,0,0,0,0,2026-08-15 13:40:34.267218+02,2026-08-15 13:40:34.267218+02
10,18192,f,-2157925874463444911,COPY  ( SELECT * FROM public.view_riksdagen_org_document_daily_summary ORDER BY random ( ) LIMIT $1 ) TO STDOUT WITH CSV HEADER,1,0.034359,0.034359,0.034359,0.034359,0,1,12.325219,12.325219,12.325219,12.325219,0,3000,26,704,0,0,0,0,0,0,0,0,0.085928,0,0,0,0,0,0,0,0,0,0,0,0,0,0,0,0,0,0,0,0,0,2026-08-30 00:15:40.766952+02,2026-08-30 00:15:40.766952+02
10,18192,f,-6434294239879449435,SELECT EXISTS(SELECT $1 FROM public.mv_party_decision_flow LIMIT $2),2,0.118486,0.058626,0.05986,0.059243,0.0006169999999999995,2,0.010357,0.004894,0.005463,0.0051785,0.00028450000000000003,2,16,6,0,0,0,0,0,0,0,0,0.029327,0,0,0,0,0,0,0,0,0,0,0,0,0,0,0,0,0,0,0,0,0,2026-08-15 13:40:38.436352+02,2026-08-15 13:40:38.436352+02
10,18192,t,-8682582384267575752,"CREATE OR REPLACE FUNCTION cia_tmp_rowcount(schema_name text, rel_name text)
RETURNS bigint
LANGUAGE plpgsql
AS $$
DECLARE
    result bigint;
BEGIN
    EXECUTE format('SELECT COUNT(*) FROM %I.%I', schema_name, rel_name) INTO result;
    RETURN COALESCE(result, 0);
EXCEPTION 
    WHEN query_canceled THEN
        -- Re-raise query_canceled (timeout or user cancel) so caller can handle it
        RAISE;
    WHEN OTHERS THEN
        -- Re-raise other errors so caller can capture full error details (SQLERRM)
        -- This allows the caller's EXCEPTION handler to properly log and track the error
        RAISE;
END;
$$",0,0,0,0,0,0,2,8.985532,4.06393,4.921602,4.492766,0.4288360000000002,0,148,33,14,0,0,0,0,0,0,0,4.280081,0,0,0,0,0,23,14,22339,0,0,0,0,0,0,0,0,0,0,0,0,0,2026-08-15 13:40:34.250243+02,2026-08-15 13:40:34.250243+02
16384,18192,t,6129245085509155477,"select documentde0_.hjid as hjid1_24_0_ from document_detail_container documentde0_ where documentde0_.hjid in ($1 /*, ... */)",22,1.16167,0.0191,0.529289,0.05280318181818181,0.10445676182283459,172,14.500121000000004,0.027424,1.288297,0.08430302906976744,0.13791793072606906,17096,2928,312,0,0,0,0,0,0,0,0,7.058197,0,0,0,0,0,0,0,0,0,0,0,0,0,0,0,0,0,0,0,0,0,2026-08-29 13:39:20.514018+02,2026-08-29 13:39:20.514018+02
10,18192,f,8509380944001777708,COPY  ( SELECT * FROM public.committee_document_data ORDER BY random ( ) LIMIT $1 ) TO STDOUT CSV HEADER,1,0.228044,0.228044,0.228044,0.228044,0,1,11.429635000000001,11.429635000000001,11.429635000000001,11.429635000000001,0,9158,490,6,0,0,0,0,0,0,0,0,0.14045,0,0,0,0,0,1,0,66,0,0,0,0,0,0,0,0,0,0,0,0,0,2026-08-30 00:11:54.302291+02,2026-08-30 00:11:54.302291+02
10,18192,f,1819770790961517622,COPY  ( SELECT * FROM public.sweden_parliament_electoral__0 ORDER BY random ( ) LIMIT $1 ) TO STDOUT CSV HEADER,1,0.141154,0.141154,0.141154,0.141154,0,1,0.000277,0.000277,0.000277,0.000277,0,0,19,1,0,0,0,0,0,0,0,0,0.113642,0,0,0,0,0,0,0,0,0,0,0,0,0,0,0,0,0,0,0,0,0,2026-08-30 00:12:14.362657+02,2026-08-30 00:12:14.362657+02
10,18192,f,5201308114388427682,SELECT COUNT(*) FROM public.view_application_action_event_page_element_hourly_summary,1,0.044537,0.044537,0.044537,0.044537,0,1,0.180884,0.180884,0.180884,0.180884,0,1,34,0,0,0,0,0,0,0,0,0,0,0,0,0,0,0,0,0,0,0,0,0,0,0,0,0,0,0,0,0,0,0,2026-08-30 00:12:15.737292+02,2026-08-30 00:12:15.737292+02
16384,18192,t,-5568692147700801439,"update application_session set created_date=$1, destroyed_date=$2, ip_information=$3, locale=$4, model_object_id=$5, model_object_version=$6, operating_system=$7, screen_size=$8, session_id=$9, session_type=$10, time_zone=$11, user_agent_information=$12, user_id=$13 where hjid=$14 and model_object_version=$15",15,0.568755,0.027596,0.055891,0.037917,0.008498379469051732,15,0.439436,0.015170000000000001,0.163976,0.029295733333333338,0.036112643703587,15,87,1,0,0,0,0,0,0,0,0,0.147652,0,0,0,0,0,15,0,1805,0,0,0,0,0,0,0,0,0,0,0,0,0,2026-08-17 22:31:37.09825+02,2026-08-17 22:31:37.09825+02
10,18192,t,7906737335448939268,COPY  ( SELECT * FROM public.person_element ORDER BY random ( ) LIMIT 0 ) TO STDOUT CSV HEADER,0,0,0,0,0,0,1,0.050909,0.050909,0.050909,0.050909,0,0,25,0,0,0,0,0,0,0,0,0,0,0,0,0,0,0,0,0,0,0,0,0,0,0,0,0,0,0,0,0,0,0,2026-08-30 00:12:14.343099+02,2026-08-30 00:12:14.343099+02
16384,18192,t,3285339962804434106,select * from jv_commit where $1<$2,3,0.031872,0.009355,0.011881,0.010624,0.0010312700907133877,3,0.0014529999999999999,0.000457,0.0005279999999999999,0.0004843333333333333,3.120185179689747e-05,0,0,0,0,0,0,0,0,0,0,0,0,0,0,0,0,0,0,0,0,0,0,0,0,0,0,0,0,0,0,0,0,0,2026-08-17 22:31:35.028359+02,2026-08-17 22:31:35.028359+02
10,18192,t,5664895054778442039,"COPY  ( SELECT rm AS value, COUNT ( * ) AS count FROM committee_document_data WHERE rm IS NOT NULL GROUP BY rm ORDER BY count DESC, rm LIMIT 2000 ) TO STDOUT WITH CSV HEADER",0,0,0,0,0,0,2,2.1271839999999997,1.05842,1.068764,1.0635919999999999,0.005172000000000121,56,824,0,0,0,0,0,0,0,0,0,0,0,0,0,0,0,0,0,0,0,0,0,0,0,0,0,0,0,0,0,0,0,2026-08-15 13:41:16.74456+02,2026-08-15 13:41:16.74456+02
10,18192,f,1551449049299299265,COPY  ( SELECT * FROM public.operational_information_cont_0 ORDER BY random ( ) LIMIT $1 ) TO STDOUT CSV HEADER,1,1.55133,1.55133,1.55133,1.55133,0,1,0.00084,0.00084,0.00084,0.00084,0,0,23,1,0,0,0,0,0,0,0,0,1.471077,0,0,0,0,0,0,0,0,0,0,0,0,0,0,0,0,0,0,0,0,0,2026-08-30 00:12:14.322332+02,2026-08-30 00:12:14.322332+02
10,18192,f,6590520186888809776,view_index := view_index + $13,2,0.004913,0.002273,0.00264,0.0024565,0.00018350000000000007,0,0,0,0,0,0,0,0,0,0,0,0,0,0,0,0,0,0,0,0,0,0,0,0,0,0,0,0,0,0,0,0,0,0,0,0,0,0,0,2026-08-15 13:40:34.267469+02,2026-08-15 13:40:34.267469+02
10,18192,f,-9003580563694420944,REFRESH MATERIALIZED VIEW public.view_riksdagen_politician_document_summary,0,0,0,0,0,0,2,308.124813,153.07254,155.052273,154.0624065,0.9898665000000051,2758,18016,8,98,130,0,0,0,0,0,0,1.9423110000000001,0.189806,0,0,0,0,3185,4,871970,0,0,0,0,0,0,0,0,0,0,0,0,0,2026-08-15 13:40:44.020159+02,2026-08-15 13:40:44.020159+02
10,18192,t,-995806953491439613,COPY  ( SELECT * FROM public.document_content_data ORDER BY random ( ) LIMIT 3000 ) TO STDOUT CSV HEADER,0,0,0,0,0,0,1,1553.473132,1553.473132,1553.473132,1553.473132,0,3000,5819,22066,2,0,0,0,0,0,0,0,1076.906916,0,0,0,0,0,4,1,2607,0,0,0,0,0,0,0,0,0,0,0,0,0,2026-08-30 00:11:56.098057+02,2026-08-30 00:11:56.098057+02
10,18192,t,-6123922660656031766,"DO $$
DECLARE
    table_count INTEGER;
    empty_count INTEGER := 0;
    non_empty_count INTEGER := 0;
    table_rec RECORD;
    row_count BIGINT;
BEGIN
    SELECT COUNT(*) INTO table_count 
    FROM pg_tables 
    WHERE schemaname = 'public';
    
    RAISE NOTICE 'Found % tables in public schema', table_count;
    RAISE NOTICE '';
    RAISE NOTICE 'Getting row counts from statistics (fast)...';
    RAISE NOTICE '';
    
    -- Count empty vs non-empty tables using pg_class statistics (fast)
    FOR table_rec IN 
        SELECT t.tablename,
               COALESCE(c.reltuples, 0)::BIGINT AS row_count
        FROM pg_tables t
        JOIN pg_class c ON c.relname = t.tablename
        JOIN pg_namespace n ON n.oid = c.relnamespace AND n.nspname = t.schemaname
        WHERE t.schemaname = 'public'
        ORDER BY t.tablename
    LOOP
        IF table_rec.row_count > 0 THEN
            non_empty_count := non_empty_count + 1;
        ELSE
            empty_count := empty_count + 1;
        END IF;
    END LOOP;
    
    RAISE NOTICE '✓ Row count analysis complete';
    RAISE NOTICE '  Tables with data: %', non_empty_count;
    RAISE NOTICE '  Empty tables: %', empty_count;
    RAISE NOTICE '';
END $$",0,0,0,0,0,0,1,1.151094,1.151094,1.151094,1.151094,0,0,443,1,0,0,0,0,0,0,0,0,0.004089,0,0,0,0,0,1,0,58,0,0,0,0,0,0,0,0,0,0,0,0,0,2026-08-30 00:11:54.267492+02,2026-08-30 00:11:54.267492+02
10,18192,t,-835784313992779882,"COPY  ( SELECT lending_type_value AS value, COUNT ( * ) AS count FROM country_element WHERE lending_type_value IS NOT NULL GROUP BY lending_type_value ORDER BY count DESC, lending_type_value LIMIT 1000 ) TO STDOUT WITH CSV HEADER",0,0,0,0,0,0,2,0.104422,0.05169,0.052732,0.052211,0.0005210000000000006,2,14,0,0,0,0,0,0,0,0,0,0,0,0,0,0,0,0,0,0,0,0,0,0,0,0,0,0,0,0,0,0,0,2026-08-15 13:41:17.114902+02,2026-08-15 13:41:17.114902+02
10,18192,f,4746152856132811952,ANALYZE public.view_riksdagen_vote_data_ballot_party_summary_monthly,0,0,0,0,0,0,2,31.098036,15.408394,15.689642,15.549018,0.14062399999999942,0,1018,148,24,0,0,0,0,0,0,0,0.864858,0,0,0,0,0,216,20,165688,0,0,0,0,0,0,0,0,0,0,0,0,0,2026-08-15 13:41:24.180147+02,2026-08-15 13:41:24.180147+02
10,18192,f,8617053751213741110,REFRESH MATERIALIZED VIEW public.view_riksdagen_vote_data_ballot_politician_summary,0,0,0,0,0,0,2,35750.440194,17869.062986,17881.377208,17875.220097,6.157111000000441,7586562,1378980,871686,303719,603403,0,0,0,0,345734,345742,34.591173999999995,524.949175,0,0,302.95662000000004,589.1992660000001,7587789,19657,2661575387,0,0,0,0,0,0,0,0,0,0,0,0,0,2026-08-15 13:41:03.421478+02,2026-08-15 13:41:03.421478+02
16384,18192,t,-6040643754116862877,"select viewriksda0_.embedded_id_party as embedded1_150_, viewriksda0_.embedded_id_vote_date as embedded2_150_, viewriksda0_.absent_votes as absent_v3_150_, viewriksda0_.abstain_votes as abstain_4_150_, viewriksda0_.approved_percentage as approved5_150_, viewriksda0_.approved_total as approved6_150_, viewriksda0_.avg_absent_votes as avg_abse7_150_, viewriksda0_.avg_abstain_votes as avg_abst8_150_, viewriksda0_.avg_born_year as avg_born9_150_, viewriksda0_.avg_no_votes as avg_no_10_150_, viewriksda0_.avg_percentage_absent as avg_per11_150_, viewriksda0_.avg_percentage_abstain as avg_per12_150_, viewriksda0_.avg_percentage_male as avg_per13_150_, viewriksda0_.avg_percentage_no as avg_per14_150_, viewriksda0_.avg_percentage_yes as avg_per15_150_, viewriksda0_.avg_total_votes as avg_tot16_150_, viewriksda0_.avg_yes_votes as avg_yes17_150_, viewriksda0_.no_votes as no_vote18_150_, viewriksda0_.number_ballots as number_19_150_, viewriksda0_.party_absent_votes as party_a20_150_, viewriksda0_.party_abstain_votes as party_a21_150_, viewriksda0_.party_avg_born_year as party_a22_150_, viewriksda0_.party_avg_percentage_male as party_a23_150_, viewriksda0_.party_no_votes as party_n24_150_, viewriksda0_.party_percentage_absent as party_p25_150_, viewriksda0_.party_percentage_abstain as party_p26_150_, viewriksda0_.party_percentage_no as party_p27_150_, viewriksda0_.party_percentage_yes as party_p28_150_, viewriksda0_.party_total_votes as party_t29_150_, viewriksda0_.party_won_percentage as party_w30_150_, viewriksda0_.party_won_total as party_w31_150_, viewriksda0_.party_yes_votes as party_y32_150_, viewriksda0_.percentage_absent as percent33_150_, viewriksda0_.percentage_abstain as percent34_150_, viewriksda0_.percentage_approved as percent35_150_, viewriksda0_.percentage_no as percent36_150_, viewriksda0_.percentage_yes as percent37_150_, viewriksda0_.total_votes as total_v38_150_, viewriksda0_.yes_votes as yes_vot39_150_ from view_riksdagen_vote_data_ballot_party_summary_daily viewriksda0_",11,15.399999000000001,0.194888,12.856918,1.3999999090909092,3.6239069160267663,11,217.033996,18.772904,21.932845999999998,19.73036327272727,1.026642219990895,117876,5737,741,1,0,0,0,0,0,0,0,12.978423000000001,0,0,0,0,0,2,1,4024,0,0,0,0,0,0,0,0,0,0,0,0,0,2026-08-17 22:31:48.147746+02,2026-08-17 22:31:48.147746+02
10,18192,t,4537761254107676526,"COPY  ( SELECT iso_2code AS value, COUNT ( * ) AS count FROM country_element WHERE iso_2code IS NOT NULL GROUP BY iso_2code ORDER BY count DESC, iso_2code LIMIT 1000 ) TO STDOUT WITH CSV HEADER",0,0,0,0,0,0,2,0.34036299999999997,0.158553,0.18181,0.17018149999999999,0.011628500000000007,422,12,2,0,0,0,0,0,0,0,0,0.006304000000000001,0,0,0,0,0,0,0,0,0,0,0,0,0,0,0,0,0,0,0,0,0,2026-08-15 13:41:17.1148+02,2026-08-15 13:41:17.1148+02
16384,18192,t,-4086605645328417436,SELECT COUNT(*) FROM public.databasechangeloglock,6,8.687372,0.008955,8.435695,1.4478953333333335,3.1252687053282675,6,0.353589,0.0027530000000000002,0.267194,0.0589315,0.09480889933044259,6,64,5,0,0,0,0,0,0,0,0,8.602693,0,0,0,0,0,0,0,0,0,0,0,0,0,0,0,0,0,0,0,0,0,2026-08-17 22:31:29.948249+02,2026-08-17 22:31:29.948249+02
10,18192,f,-5478344712384786993,COPY  ( SELECT * FROM public.against_proposal_container ORDER BY random ( ) LIMIT $1 ) TO STDOUT CSV HEADER,1,0.249491,0.249491,0.249491,0.249491,0,1,2.372139,2.372139,2.372139,2.372139,0,5741,38,33,0,0,0,0,0,0,0,0,1.297692,0,0,0,0,0,1,0,72,0,0,0,0,0,0,0,0,0,0,0,0,0,2026-08-30 00:11:54.270171+02,2026-08-30 00:11:54.270171+02
10,18192,t,4652717538151226739,COPY  ( SELECT * FROM public.government_body_data ORDER BY random ( ) LIMIT 6520 ) TO STDOUT CSV HEADER,0,0,0,0,0,0,1,5.006138,5.006138,5.006138,5.006138,0,6520,183,1,0,0,0,0,0,0,0,0,0.005184,0,0,0,0,0,5,0,324,0,0,0,0,0,0,0,0,0,0,0,0,0,2026-08-30 00:11:56.739192+02,2026-08-30 00:11:56.739192+02
16384,18192,f,4910648932442771049,"SELECT $2 FROM ONLY ""public"".""jv_commit"" x WHERE ""commit_pk"" OPERATOR(pg_catalog.=) $1 FOR KEY SHARE OF x",389,5.563048999999995,0.002889,0.069134,0.014300897172236515,0.010057981227613748,152619,266.2870869999994,0.000875,0.257285,0.0017447833297295576,0.001851031981558853,152619,765381,5,70,0,0,0,0,0,0,0,0.726433,0,0,0,0,0,101639,71,5556645,0,0,0,0,0,0,0,0,0,0,0,0,0,2026-08-17 22:31:36.984565+02,2026-08-17 22:31:36.984565+02
10,18192,f,8795975679992272384,SELECT COUNT(*) FROM public.view_riksdagen_election_proximity_trends,1,1.30926,1.30926,1.30926,1.30926,0,1,37.495090000000005,37.495090000000005,37.495090000000005,37.495090000000005,0,1,2501,3,0,0,0,0,0,0,0,0,0.012755,0,0,0,0,0,0,0,0,0,0,0,0,0,0,0,0,0,0,0,0,0,2026-08-30 00:14:19.471215+02,2026-08-30 00:14:19.471215+02
16384,18192,t,-4784905478842379071,"select viewriksda0_.embedded_id_party as embedded1_151_, viewriksda0_.embedded_id_vote_date as embedded2_151_, viewriksda0_.absent_votes as absent_v3_151_, viewriksda0_.abstain_votes as abstain_4_151_, viewriksda0_.approved_percentage as approved5_151_, viewriksda0_.approved_total as approved6_151_, viewriksda0_.avg_born_year as avg_born7_151_, viewriksda0_.avg_percentage_absent as avg_perc8_151_, viewriksda0_.avg_percentage_abstain as avg_perc9_151_, viewriksda0_.avg_percentage_male as avg_per10_151_, viewriksda0_.avg_percentage_no as avg_per11_151_, viewriksda0_.avg_percentage_yes as avg_per12_151_, viewriksda0_.no_votes as no_vote13_151_, viewriksda0_.number_ballots as number_14_151_, viewriksda0_.party_absent_votes as party_a15_151_, viewriksda0_.party_abstain_votes as party_a16_151_, viewriksda0_.party_avg_born_year as party_a17_151_, viewriksda0_.party_avg_percentage_male as party_a18_151_, viewriksda0_.party_no_votes as party_n19_151_, viewriksda0_.party_percentage_absent as party_p20_151_, viewriksda0_.party_percentage_abstain as party_p21_151_, viewriksda0_.party_percentage_no as party_p22_151_, viewriksda0_.party_percentage_yes as party_p23_151_, viewriksda0_.party_total_votes as party_t24_151_, viewriksda0_.party_won_percentage as party_w25_151_, viewriksda0_.party_won_total as party_w26_151_, viewriksda0_.party_yes_votes as party_y27_151_, viewriksda0_.percentage_absent as percent28_151_, viewriksda0_.percentage_abstain as percent29_151_, viewriksda0_.percentage_no as percent30_151_, viewriksda0_.percentage_yes as percent31_151_, viewriksda0_.total_votes as total_v32_151_, viewriksda0_.yes_votes as yes_vot33_151_ from view_riksdagen_vote_data_ballot_party_summary_monthly viewriksda0_",22,14.549657999999999,0.137577,9.370707,0.661348090909091,1.9206357069961333,22,38.765418999999994,0.347914,3.2726669999999998,1.7620645000000001,1.3400977896321173,22660,3434,91,0,0,0,0,0,0,0,0,11.799222,0,0,0,0,0,0,0,0,0,0,0,0,0,0,0,0,0,0,0,0,0,2026-08-17 22:31:49.702715+02,2026-08-17 22:31:49.702715+02
10,18192,f,7118543245989047214,SELECT COUNT(*) FROM public.view_committee_productivity_matrix,1,0.890886,0.890886,0.890886,0.890886,0,1,209.955847,209.955847,209.955847,209.955847,0,1,13330,50,0,0,0,0,0,0,0,0,1.487778,0,0,0,0,0,0,0,0,0,59,3.721673,0,0,1,0.779046,1,15.382609,1,1.183674,8,8,2026-08-30 00:12:16.094605+02,2026-08-30 00:12:16.094605+02
10,18192,f,-2234094116163591790,COPY  ( SELECT * FROM public.view_riksdagen_vote_data_ballot_politician_summary_monthly ORDER BY random ( ) LIMIT $1 ) TO STDOUT WITH CSV HEADER,1,0.249373,0.249373,0.249373,0.249373,0,1,139.817174,139.817174,139.817174,139.817174,0,50000,287,3209,0,0,0,0,0,0,0,0,0.277883,0,0,0,0,0,0,0,0,0,0,0,0,0,0,0,0,0,0,0,0,0,2026-08-30 00:15:41.549326+02,2026-08-30 00:15:41.549326+02
10,18192,f,866726924031945621,"COPY  ( SELECT chamber AS value, COUNT ( * ) AS count FROM document_proposal_data WHERE chamber IS NOT NULL GROUP BY chamber ORDER BY count DESC, chamber LIMIT $1 ) TO STDOUT WITH CSV HEADER",2,0.260797,0.124005,0.136792,0.1303985,0.006393499999999996,2,36.21376,12.920218,23.293542000000002,18.10688,5.186662000000001,52,684,6202,0,0,0,0,0,0,0,0,30.442745,0,0,0,0,0,0,0,0,0,0,0,0,0,0,0,0,0,0,0,6,6,2026-08-15 13:41:17.580197+02,2026-08-15 13:41:17.580197+02
16384,18192,t,-4332860477371375721,"SELECT current_database() AS ""TABLE_CAT"", n.nspname AS ""TABLE_SCHEM"", c.relname AS ""TABLE_NAME"",  CASE n.nspname ~ $3 OR n.nspname = $4  WHEN $5 THEN CASE  WHEN n.nspname = $6 OR n.nspname = $7 THEN CASE c.relkind   WHEN $8 THEN $9   WHEN $10 THEN $11   WHEN $12 THEN $13   ELSE $14   END  WHEN n.nspname = $15 THEN CASE c.relkind   WHEN $16 THEN $17   WHEN $18 THEN $19   ELSE $20   END  ELSE CASE c.relkind   WHEN $21 THEN $22   WHEN $23 THEN $24   WHEN $25 THEN $26   WHEN $27 THEN $28   WHEN $29 THEN $30   ELSE $31   END  END  WHEN $32 THEN CASE c.relkind  WHEN $33 THEN $34  WHEN $35 THEN $36  WHEN $37 THEN $38  WHEN $39 then $40  WHEN $41 THEN $42  WHEN $43 THEN $44  WHEN $45 THEN $46  WHEN $47 THEN $48  WHEN $49 THEN $50  ELSE $51  END  ELSE $52  END  AS ""TABLE_TYPE"", d.description AS ""REMARKS"",  $53 as ""TYPE_CAT"", $54 as ""TYPE_SCHEM"", $55 as ""TYPE_NAME"", $56 AS ""SELF_REFERENCING_COL_NAME"", $57 AS ""REF_GENERATION""  FROM pg_catalog.pg_namespace n, pg_catalog.pg_class c  LEFT JOIN pg_catalog.pg_description d ON (c.oid = d.objoid AND d.objsubid = $58  and d.classoid = $59::regclass)  WHERE c.relnamespace = n.oid  AND n.nspname LIKE $1 AND c.relname LIKE $2 AND ($60  OR ( c.relkind = $61 AND n.nspname !~ $62 AND n.nspname <> $63 )  OR ( c.relkind = $64 AND n.nspname !~ $65 AND n.nspname <> $66 ) )  ORDER BY ""TABLE_TYPE"",""TABLE_SCHEM"",""TABLE_NAME""",3,3.557621,0.611359,2.05382,1.1858736666666667,0.6243663675451743,3,0.303737,0.040431,0.218809,0.10124566666666668,0.08314640139470192,3,1099,26,0,0,0,0,0,0,0,0,1.608261,0,0,0,0,0,2,0,124,0,0,0,0,0,0,0,0,0,0,0,0,0,2026-08-17 22:31:29.530272+02,2026-08-17 22:31:29.530272+02
10,18192,f,5627374898639770313,"COPY  ( SELECT income_level_value AS value, COUNT ( * ) AS count FROM country_element WHERE income_level_value IS NOT NULL GROUP BY income_level_value ORDER BY count DESC, income_level_value LIMIT $1 ) TO STDOUT WITH CSV HEADER",2,0.59806,0.296427,0.301633,0.29903,0.0026029999999999803,2,0.840234,0.379039,0.461195,0.420117,0.041078,6,49,11,0,0,0,0,0,0,0,0,1.177551,0,0,0,0,0,0,0,0,0,0,0,0,0,0,0,0,0,0,0,0,0,2026-08-15 13:41:17.113885+02,2026-08-15 13:41:17.113885+02
10,18192,f,-633700744251991631,COPY  ( SELECT * FROM public.person_assignment_data ORDER BY random ( ) LIMIT $1 ) TO STDOUT CSV HEADER,1,2.059888,2.059888,2.059888,2.059888,0,1,6.553861,6.553861,6.553861,6.553861,0,2492,20,13,0,0,0,0,0,0,0,0,8.001915,0,0,0,0,0,0,0,0,0,0,0,0,0,0,0,0,0,0,0,0,0,2026-08-30 00:12:14.326152+02,2026-08-30 00:12:14.326152+02
10,18192,f,-178532974523131574,"format($3, schema_name, rel_name)",1,0.001482,0.001482,0.001482,0.001482,0,0,0,0,0,0,0,0,0,0,0,0,0,0,0,0,0,0,0,0,0,0,0,0,0,0,0,0,0,0,0,0,0,0,0,0,0,0,0,0,2026-08-30 00:12:15.732956+02,2026-08-30 00:12:15.732956+02
10,18192,f,-6294234757071337138,"COPY  ( SELECT parties AS value, COUNT ( * ) AS count FROM against_proposal_data WHERE parties IS NOT NULL GROUP BY parties ORDER BY count DESC, parties LIMIT $1 ) TO STDOUT WITH CSV HEADER",2,0.551812,0.267688,0.284124,0.275906,0.008218000000000003,2,24.309412000000002,11.343857,12.965555,12.154706000000001,0.8108489999999997,442,66,1378,0,0,0,0,0,0,0,0,11.094927,0,0,0,0,0,1,0,108,0,0,0,0,0,0,0,0,0,0,0,2,2,2026-08-15 13:41:17.054992+02,2026-08-15 13:41:17.054992+02
16384,18192,t,530565088247385269,"select applicatio0_.hjid as hjid1_5_, applicatio0_.created_date as created_2_5_, applicatio0_.destroyed_date as destroye3_5_, applicatio0_.ip_information as ip_infor4_5_, applicatio0_.locale as locale5_5_, applicatio0_.model_object_id as model_ob6_5_, applicatio0_.model_object_version as model_ob7_5_, applicatio0_.operating_system as operatin8_5_, applicatio0_.screen_size as screen_s9_5_, applicatio0_.session_id as session10_5_, applicatio0_.session_type as session11_5_, applicatio0_.time_zone as time_zo12_5_, applicatio0_.user_agent_information as user_ag13_5_, applicatio0_.user_id as user_id14_5_ from application_session applicatio0_ where applicatio0_.session_id=$1",15,2.1151120000000003,0.027257,0.771749,0.1410074666666667,0.18616108771916384,15,12.630513,0.043255,9.117308,0.8420341999999998,2.258304531230312,15,727,68,4,0,0,0,0,0,0,0,12.113276,0,0,0,0,0,4,4,6516,0,0,0,0,0,0,0,0,0,0,0,0,0,2026-08-17 22:31:37.071761+02,2026-08-17 22:31:37.071761+02
10,18192,f,-9145552901533907182,COPY  ( SELECT * FROM public.data_source_content ORDER BY random ( ) LIMIT $1 ) TO STDOUT CSV HEADER,1,2.679064,2.679064,2.679064,2.679064,0,1,0.000537,0.000537,0.000537,0.000537,0,0,23,1,0,0,0,0,0,0,0,0,2.617749,0,0,0,0,0,0,0,0,0,0,0,0,0,0,0,0,0,0,0,0,0,2026-08-30 00:11:54.400794+02,2026-08-30 00:11:54.400794+02
10,18192,t,7116831626291254689,"COPY  ( SELECT doc_type AS value, COUNT ( * ) AS count FROM document_element WHERE doc_type IS NOT NULL GROUP BY doc_type ORDER BY count DESC, doc_type LIMIT 2000 ) TO STDOUT WITH CSV HEADER",0,0,0,0,0,0,2,71.439099,33.925868,37.513231,35.7195495,1.7936814999999982,192,91076,0,0,0,0,0,0,0,0,0,0,0,0,0,0,0,0,0,0,0,0,0,0,0,0,0,0,0,0,0,0,0,2026-08-15 13:41:17.000537+02,2026-08-15 13:41:17.000537+02
10,18192,t,7457001764464109258,"WITH categorical_columns AS (
    SELECT 
        c.table_name,
        c.column_name,
        c.data_type,
        c.character_maximum_length
    FROM information_schema.columns c
    JOIN information_schema.tables t 
        ON t.table_schema = c.table_schema 
        AND t.table_name = c.table_name
    WHERE c.table_schema = $1
      AND t.table_type = $2
      AND c.data_type IN ($3 /*, ... */)
      -- Exclude large text fields and known non-categorical columns
      AND (c.character_maximum_length IS NULL OR c.character_maximum_length <= $4)
      -- ========================================================================
      -- EXCLUDE CONTENT/TEXT FIELDS (long text, descriptions, etc.)
      -- ========================================================================
      AND c.column_name NOT IN ($5 /*, ... */)
      -- ========================================================================
      -- EXCLUDE URL FIELDS
      -- ========================================================================
      AND c.column_name NOT IN ($6 /*, ... */)
      -- ========================================================================
      -- EXCLUDE NAME FIELDS (person names, full names, etc.)
      -- ========================================================================
      AND c.column_name NOT IN ($7 /*, ... */)
      -- ========================================================================
      -- EXCLUDE ID FIELDS (unique identifiers, foreign keys, etc.)
      -- ========================================================================
      AND c.column_name NOT LIKE $8
      AND c.column_name NOT LIKE $9
      AND c.column_name NOT LIKE $10
      AND c.column_name != $11
      AND c.column_name NOT LIKE $12
      AND c.column_name NOT LIKE $13
      AND c.column_name NOT LIKE $14
      AND c.column_name NOT LIKE $15
      AND c.column_name NOT LIKE $16
      AND c.column_name NOT LIKE $17
      AND c.column_name NOT LIKE $18
      -- ========================================================================
      -- EXCLUDE SESSION/USER TRACKING FIELDS
      -- ========================================================================
      AND c.column_name NOT IN ($19 /*, ... */)
      -- ========================================================================
      -- EXCLUDE DATE/TIME STRING FIELDS
      -- ========================================================================
      AND c.column_name NOT LIKE $20
      AND c.column_name NOT LIKE $21
      AND c.column_name NOT IN ($22 /*, ... */)
      -- ========================================================================
      -- EXCLUDE TECHNICAL/INFRASTRUCTURE TABLES (not domain data)
      -- ========================================================================
      -- Javers audit tables (jv_*)
      AND c.table_name NOT LIKE $23
      -- Quartz scheduler tables (qrtz_*)
      AND c.table_name NOT LIKE $24
      -- Liquibase migration tables
      AND c.table_name NOT IN ($25 /*, ... */)
      -- Hibernate sequence table
      AND c.table_name != $26
      -- Encrypted value storage (sensitive)
      AND c.table_name != $27
      -- Application session/event tables (user tracking, not political data)
      AND c.table_name NOT IN ($28 /*, ... */)
      -- User account tables (sensitive)
      AND c.table_name NOT IN ($29 /*, ... */)
      -- Portal configuration tables
      AND c.table_name NOT IN ($30 /*, ... */)
      -- Rule violation tracking
      AND c.table_name != $31
      -- Data source metadata
      AND c.table_name != $32
      -- Language/translation tables (not political data)
      AND c.table_name NOT IN ($33 /*, ... */)
      -- ========================================================================
      -- EXCLUDE OTHER HIGH-CARDINALITY OR NON-CATEGORICAL COLUMNS
      -- ========================================================================
      AND c.column_name NOT IN ($34 /*, ... */)
      -- ========================================================================
      -- Skip columns already extracted above (critical columns)
      -- ========================================================================
      AND NOT (c.table_name = $35 AND c.column_name IN ($36 /*, ... */))
      AND NOT (c.table_name = $37 AND c.column_name IN ($38 /*, ... */))
      AND NOT (c.table_name = $39 AND c.column_name IN ($40 /*, ... */))
      AND NOT (c.table_name = $41 AND c.column_name IN ($42 /*, ... */))
      AND NOT (c.table_name = $43 AND c.column_name IN ($44 /*, ... */))
      AND NOT (c.table_name = $45 AND c.column_name IN ($46 /*, ... */))
      AND NOT (c.table_name = $47 AND c.column_name IN ($48))
      AND NOT (c.table_name = $49 AND c.column_name IN ($50 /*, ... */))
      AND NOT (c.table_name = $51 AND c.column_name IN ($52 /*, ... */))
    ORDER BY c.table_name, c.column_name
)
SELECT format(
    $53 || $54 ||
    $55 || $56,
    table_name, column_name,
    column_name, table_name, column_name, column_name, column_name,
    table_name, column_name
)
FROM categorical_columns",2,8.250274000000001,4.08134,4.168934,4.1251370000000005,0.04379700000000031,2,100.88548899999999,49.783812,51.101676999999995,50.442744499999996,0.6589324999999988,108,161174,140,56,0,0,0,0,0,0,0,2.523395,0,0,0,0,0,134,56,79521,0,0,0,0,0,0,0,0,0,0,0,0,0,2026-08-15 13:41:16.049476+02,2026-08-15 13:41:16.049476+02
10,18192,f,5702433058611368879,COPY  ( SELECT * FROM public.document_status_container ORDER BY random ( ) LIMIT $1 ) TO STDOUT CSV HEADER,1,0.082081,0.082081,0.082081,0.082081,0,1,17.70984,17.70984,17.70984,17.70984,0,3000,1415,3,0,0,0,0,0,0,0,0,0.008745,0,0,0,0,0,0,0,0,0,0,0,0,0,0,0,0,0,0,0,0,0,2026-08-30 00:11:56.714353+02,2026-08-30 00:11:56.714353+02
16384,18192,t,7872817844098627836,"update document_data set committee_report_url_xml=$1, document_status_url_www=$2, document_status_url_xml=$3, document_type=$4, document_url_html=$5, document_url_text=$6, final_number=$7, hangar_id=$8, label=$9, made_public_date=$10, number_value=$11, org=$12, rm=$13, status=$14, sub_title=$15, sub_type=$16, temp_label=$17, title=$18 where id=$19",20,0.9273849999999999,0.024359,0.063275,0.04636925,0.010746180097481151,20,2.5416090000000002,0.017376000000000003,0.893763,0.12708045,0.24541064893265635,20,175,5,21,0,0,0,0,0,0,0,0.8401320000000001,0,0,0,0,0,35,21,37476,0,0,0,0,0,0,0,0,0,0,0,0,0,2026-08-29 14:14:38.286156+02,2026-08-29 14:14:38.286156+02
10,18192,f,8914998608830689407,COPY  ( SELECT * FROM public.qrtz_scheduler_state ORDER BY random ( ) LIMIT $1 ) TO STDOUT CSV HEADER,1,1.554583,1.554583,1.554583,1.554583,0,1,0.024616,0.024616,0.024616,0.024616,0,1,32,2,0,0,0,0,0,0,0,0,1.51366,0,0,0,0,0,0,0,0,0,0,0,0,0,0,0,0,0,0,0,0,0,2026-08-30 00:12:14.348209+02,2026-08-30 00:12:14.348209+02
10,18192,f,6379566355240695450,COPY  ( SELECT * FROM public.document_proposal_container ORDER BY random ( ) LIMIT $1 ) TO STDOUT CSV HEADER,1,0.101805,0.101805,0.101805,0.101805,0,1,9.379532,9.379532,9.379532,9.379532,0,3000,29,545,0,0,0,0,0,0,0,0,0.752338,0,0,0,0,0,0,0,0,0,0,0,0,0,0,0,0,0,0,0,0,0,2026-08-30 00:11:56.635941+02,2026-08-30 00:11:56.635941+02
10,18192,f,8150361541248982032,REFRESH MATERIALIZED VIEW public.mv_decision_temporal_trends,0,0,0,0,0,0,2,284.883893,126.622189,158.261704,142.4419465,15.819757500000005,5658,745016,7940,159,130,0,0,0,0,0,0,60.840902,0.577181,0,0,0,0,6135,73,1306973,0,0,0,0,0,0,0,0,0,0,0,0,0,2026-08-15 13:40:38.051684+02,2026-08-15 13:40:38.051684+02
10,18192,t,543464344302829214,COPY  ( SELECT * FROM public.committee_proposal_component_0 ORDER BY random ( ) LIMIT 9157 ) TO STDOUT CSV HEADER,0,0,0,0,0,0,1,3.766311,3.766311,3.766311,3.766311,0,9157,96,0,0,0,0,0,0,0,0,0,0,0,0,0,0,0,0,0,0,0,0,0,0,0,0,0,0,0,0,0,0,0,2026-08-30 00:11:54.318273+02,2026-08-30 00:11:54.318273+02
10,18192,f,5965364741379016687,"COPY  ( SELECT $1 AS info, COUNT ( * ) AS file_count FROM ( SELECT $2 ) x ) TO STDOUT WITH CSV HEADER",2,0.060162999999999994,0.029206,0.030957,0.030081499999999997,0.0008755000000000004,2,0.006793,0.003355,0.003438,0.0033965,4.149999999999998e-05,2,0,0,0,0,0,0,0,0,0,0,0,0,0,0,0,0,0,0,0,0,0,0,0,0,0,0,0,0,0,0,0,0,2026-08-15 13:41:18.059304+02,2026-08-15 13:41:18.059304+02
10,18192,f,302421049038273984,"COPY  ( SELECT committee AS value, COUNT ( * ) AS count FROM document_proposal_data WHERE committee IS NOT NULL GROUP BY committee ORDER BY count DESC, committee LIMIT $1 ) TO STDOUT WITH CSV HEADER",2,0.167545,0.077423,0.090122,0.0837725,0.006349499999999994,2,33.508942,15.920928,17.588013999999998,16.754471,0.8335429999999988,144,734,175,1,0,0,0,0,0,0,0,2.414025,0,0,0,0,0,1,1,2806,0,0,0,0,0,0,0,0,0,0,0,2,2,2026-08-15 13:41:17.593542+02,2026-08-15 13:41:17.593542+02
16384,18192,t,3282862115305710468,select distinct committeed0_.id as col_0_0_ from committee_document_data committeed0_,1,0.113242,0.113242,0.113242,0.113242,0,1,2.891356,2.891356,2.891356,2.891356,0,9227,1554,38,0,0,0,0,0,0,0,0,0.8552,0,0,0,0,0,0,0,0,0,0,0,0,0,0,0,0,0,0,0,0,0,2026-08-29 13:39:21.621429+02,2026-08-29 13:39:21.621429+02
10,18192,f,-7689238351770706770,"COPY  ( SELECT party AS value, COUNT ( * ) AS count FROM person_element WHERE party IS NOT NULL GROUP BY party ORDER BY count DESC, party LIMIT $1 ) TO STDOUT WITH CSV HEADER",2,0.044431000000000005,0.00803,0.036401,0.022215500000000003,0.014185500000000002,2,0.005488,0.0015609999999999999,0.003927,0.002744,0.001183,0,6,0,0,0,0,0,0,0,0,0,0,0,0,0,0,0,0,0,0,0,0,0,0,0,0,0,0,0,0,0,0,0,2026-08-15 13:41:17.73281+02,2026-08-15 13:41:17.73281+02
16384,18192,t,8193507626244347446,"select committeep0_.hjid as hjid1_9_, committeep0_.against_proposal_container_c_0 as against_2_9_, committeep0_.committee_proposal_container_0 as committe3_9_, committeep0_.document_committee_proposal__0 as document4_9_ from committee_proposal_component_0 committeep0_ inner join committee_document_data committeed1_ on committeep0_.document_committee_proposal__0=committeed1_.id where committeed1_.status=$1",1,0.708545,0.708545,0.708545,0.708545,0,1,3.491566,3.491566,3.491566,3.491566,0,94,562,82,0,0,0,0,0,0,0,0,2.300784,0,0,0,0,0,0,0,0,0,0,0,0,0,0,0,0,0,0,0,0,0,2026-08-29 13:39:21.63238+02,2026-08-29 13:39:21.63238+02
10,18192,t,-5899370593139606780,COPY  ( SELECT * FROM public.sweden_election_type ORDER BY random ( ) LIMIT 0 ) TO STDOUT CSV HEADER,0,0,0,0,0,0,1,0.032912,0.032912,0.032912,0.032912,0,0,6,1,0,0,0,0,0,0,0,0,0.002691,0,0,0,0,0,0,0,0,0,0,0,0,0,0,0,0,0,0,0,0,0,2026-08-30 00:12:14.361841+02,2026-08-30 00:12:14.361841+02
10,18192,t,-627036377369207057,"COPY  ( SELECT status AS value, COUNT ( * ) AS count FROM assignment_data WHERE status IS NOT NULL GROUP BY status ORDER BY count DESC, status LIMIT 2000 ) TO STDOUT WITH CSV HEADER",0,0,0,0,0,0,2,24.063319999999997,12.015025,12.048295,12.031659999999999,0.01663499999999951,12,1002,2,0,0,0,0,0,0,0,0,0.00879,0,0,0,0,0,0,0,0,0,0,0,0,0,0,0,0,0,0,0,0,0,2026-08-15 13:41:16.135131+02,2026-08-15 13:41:16.135131+02
16384,18192,t,1722660475971542848,REFRESH MATERIALIZED VIEW public.view_riksdagen_vote_data_ballot_summary_daily,0,0,0,0,0,0,11,95.97052799999999,7.909187,11.380178,8.724593454545456,1.0425561904666958,14542,14022,201,354,363,0,0,0,0,0,0,6.559845,0.508136,0,0,0,0,17109,101,3327444,0,0,0,0,0,0,0,0,0,0,0,0,0,2026-08-17 22:32:01.179789+02,2026-08-17 22:32:01.179789+02
10,18192,t,7207523887185009983,"CREATE TEMP TABLE cia_extraction_tracking (
    object_type TEXT,
    object_name TEXT,
    status TEXT,  -- 'success', 'timeout', 'error', 'empty', 'skipped'
    error_message TEXT,
    row_count BIGINT,
    extraction_time TIMESTAMP DEFAULT CURRENT_TIMESTAMP
) ON COMMIT PRESERVE ROWS",0,0,0,0,0,0,2,16.13157,6.147097,9.984473,8.065785,1.9186879999999997,0,1025,87,72,0,0,0,0,0,0,0,8.696029,0,0,0,0,0,229,70,81542,0,0,0,0,0,0,0,0,0,0,0,0,0,2026-08-15 13:40:34.239691+02,2026-08-15 13:40:34.239691+02
10,18192,t,4802874287881619678,"COPY  ( SELECT intressent_id AS value, COUNT ( * ) AS count FROM assignment_data WHERE intressent_id IS NOT NULL GROUP BY intressent_id ORDER BY count DESC, intressent_id LIMIT 2000 ) TO STDOUT WITH CSV HEADER",0,0,0,0,0,0,2,25.936116,12.497539,13.438577,12.968058,0.4705189999999999,4000,11878,6,0,0,0,0,0,0,0,0,0.41890099999999997,0,0,0,0,0,0,0,0,0,0,0,0,0,0,0,0,0,0,0,0,0,2026-08-15 13:41:16.177957+02,2026-08-15 13:41:16.177957+02
10,18192,t,-8267850597507213386,"COPY  ( SELECT party AS value, COUNT ( * ) AS count FROM vote_data WHERE party IS NOT NULL GROUP BY party ORDER BY count DESC, party LIMIT 2000 ) TO STDOUT WITH CSV HEADER",0,0,0,0,0,0,2,291.208614,139.067667,152.140947,145.604307,6.536640000000006,18,20640,6504,0,0,0,0,0,0,0,0,199.072169,0,0,0,0,0,0,0,0,0,0,0,0,0,0,0,0,0,0,0,0,0,2026-08-15 13:41:16.556007+02,2026-08-15 13:41:16.556007+02
10,18192,f,-2463722212225400965,SELECT COUNT(*) FROM public.view_audit_data_summary,1,0.332599,0.332599,0.332599,0.332599,0,1,0.24263200000000001,0.24263200000000001,0.24263200000000001,0.24263200000000001,0,1,103,1,0,0,0,0,0,0,0,0,0.003036,0,0,0,0,0,0,0,0,0,0,0,0,0,0,0,0,0,0,0,0,0,2026-08-30 00:12:15.853435+02,2026-08-30 00:12:15.853435+02
10,18192,f,1426145831800239183,COPY  ( SELECT * FROM public.application_action_event ORDER BY random ( ) LIMIT $1 ) TO STDOUT CSV HEADER,1,1.619942,1.619942,1.619942,1.619942,0,1,0.836412,0.836412,0.836412,0.836412,0,836,179,42,0,0,0,0,0,0,0,0,1.508443,0,0,0,0,0,8,0,574,0,0,0,0,0,0,0,0,0,0,0,0,0,2026-08-30 00:11:54.28724+02,2026-08-30 00:11:54.28724+02
10,18192,t,5433015174000049519,COPY  ( SELECT * FROM public.sweden_county_electoral_regi_1 ORDER BY random ( ) LIMIT 0 ) TO STDOUT CSV HEADER,0,0,0,0,0,0,1,0.180949,0.180949,0.180949,0.180949,0,0,47,1,0,0,0,0,0,0,0,0,0.110707,0,0,0,0,0,0,0,0,0,0,0,0,0,0,0,0,0,0,0,0,0,2026-08-30 00:12:14.361482+02,2026-08-30 00:12:14.361482+02
16384,18192,t,-4196952899606292384,select nextval ($1),134,1.2209729999999999,0.000776,0.018836,0.00911173880597015,0.00478001850825291,26368,25.965210999999908,0.00035600000000000003,0.761243,0.0009847243249393224,0.00899648819952502,26368,26741,35,41,0,0,0,0,0,0,0,6.230482,0,0,0,0,0,820,0,81180,0,0,0,0,0,0,0,0,0,0,0,0,0,2026-08-17 22:31:36.950613+02,2026-08-17 22:31:36.950613+02
10,18192,f,3419977691008851619,SELECT COUNT(*) FROM public.view_riksdagen_party_electoral_trends,1,0.646556,0.646556,0.646556,0.646556,0,1,23.412038,23.412038,23.412038,23.412038,0,1,172,368,0,0,0,0,0,0,0,0,1.044318,0,0,0,0,0,0,0,0,0,0,0,0,0,0,0,0,0,0,0,3,3,2026-08-30 00:14:23.001244+02,2026-08-30 00:14:23.001244+02
16384,16385,t,6097083398544187049,COMMIT,0,0,0,0,0,0,4,0.00348,0.000552,0.001093,0.00087,0.0002321475823694919,0,0,0,0,0,0,0,0,0,0,0,0,0,0,0,0,0,0,0,0,0,0,0,0,0,0,0,0,0,0,0,0,0,2026-08-29 13:36:59.054658+02,2026-08-29 13:36:59.054658+02
16384,18192,t,1701986297995508329,"select documentst0_.hjid as hjid1_33_, documentst0_.document_document_status_con_0 as document3_33_, documentst0_.document_activity_container__0 as document4_33_, documentst0_.document_attachment_containe_0 as document5_33_, documentst0_.document_category as document2_33_, documentst0_.document_detail_container_do_0 as document6_33_, documentst0_.document_person_reference_co_1 as document7_33_, documentst0_.document_proposal_document_s_0 as document8_33_, documentst0_.document_reference_container_0 as document9_33_ from document_status_container documentst0_ inner join document_data documentda1_ on documentst0_.document_document_status_con_0=documentda1_.id where documentda1_.id=$1",70,6.998406999999999,0.053861,0.371363,0.09997724285714286,0.06789495501885578,109969,413139.01872399927,2.8886950000000002,25.246063999999997,3.7568680148405016,0.5160070653188115,109958,151784973,1058,3,0,0,0,0,0,0,0,264.922158,0,0,0,0,0,9,3,7035,0,0,0,0,0,0,0,0,0,0,0,0,0,2026-08-29 13:42:50.834164+02,2026-08-29 13:42:50.834164+02
10,18192,t,-2937788438858982728,"COPY  ( SELECT rm AS value, COUNT ( * ) AS count FROM document_data WHERE rm IS NOT NULL GROUP BY rm ORDER BY count DESC, rm LIMIT 2000 ) TO STDOUT WITH CSV HEADER",0,0,0,0,0,0,2,26.948432,12.596396,14.352036,13.474216,0.8778199999999998,58,9334,0,0,0,0,0,0,0,0,0,0,0,0,0,0,0,0,0,0,0,0,0,0,0,0,0,0,0,0,0,0,0,2026-08-15 13:41:16.726028+02,2026-08-15 13:41:16.726028+02
16384,18192,t,4684034902659494254,"SELECT state, type, version, changed_properties, managed_type, commit_pk, author, commit_date, commit_date_instant, commit_id, g.local_id, g.fragment, g.owner_id_fk, o.local_id owner_local_id, o.fragment owner_fragment, o.type_name owner_type_name FROM jv_snapshot INNER JOIN jv_commit ON commit_pk = commit_fk INNER JOIN jv_global_id g ON g.global_id_pk = global_id_fk LEFT OUTER JOIN jv_global_id o ON o.global_id_pk = g.owner_id_fk WHERE $4 = $5 AND snapshot_pk = $1 ORDER BY snapshot_pk DESC LIMIT $2 OFFSET $3",143,81.89369999999997,0.245891,5.313877,0.5726832167832169,0.8362287492318738,2376473,15302.1842319985,0.003434,8.342152,0.006439031384745261,0.02727841248082224,2376473,28503319,22942,148,0,0,0,0,0,0,0,2349.2813479999995,0,0,0,0,0,149,148,231796,0,0,0,0,0,0,0,0,0,0,0,0,0,2026-08-17 22:31:37.083351+02,2026-08-17 22:31:37.083351+02
10,18192,f,7278236749163930185,SELECT COUNT(*) FROM public.view_audit_author_summary,1,0.036229,0.036229,0.036229,0.036229,0,1,111.97982300000001,111.97982300000001,111.97982300000001,111.97982300000001,0,1,978,68710,0,4243,0,0,0,0,0,0,2.060381,8.406189,0,0,0,0,0,0,0,0,13,0.391118,0,0,1,0.211311,1,2.910073,1,0.118497,4,4,2026-08-30 00:12:15.740193+02,2026-08-30 00:12:15.740193+02
10,18192,f,3356206470160704556,pass_number,6,0.006772,0.000574,0.002285,0.0011286666666666667,0.0007244705346358508,0,0,0,0,0,0,0,0,0,0,0,0,0,0,0,0,0,0,0,0,0,0,0,0,0,0,0,0,0,0,0,0,0,0,0,0,0,0,0,2026-08-15 13:40:34.267136+02,2026-08-15 13:40:34.267136+02
16384,18192,t,1381724699467716920,"insert into document_proposal_data (chamber, committee, decision_type, designation, processed_in, proposal_number, wording, wording_2, wording_3, wording_4, hjid) values ($1, $2, $3, $4, $5, $6, $7, $8, $9, $10, $11)",4,0.020971,0.004272,0.005972,0.00524275,0.0006136234085332797,4,3.098485,0.274036,1.542407,0.77462125,0.4996501701087347,4,26,17,16,0,0,0,0,0,0,0,2.56069,0,0,0,0,0,17,16,35781,0,0,0,0,0,0,0,0,0,0,0,0,0,2026-08-29 14:13:31.821964+02,2026-08-29 14:13:31.821964+02
16384,18192,t,1718023161601691550,SELECT DISTINCT INSTANCE_NAME FROM QRTZ_FIRED_TRIGGERS WHERE SCHED_NAME = $1,3,1.3139880000000002,0.174793,0.936009,0.437996,0.3523390902137693,3,0.098126,0.015838,0.057819,0.032708666666666664,0.01810193673493407,1,401,16,1,0,0,0,0,0,0,0,0.870274,0,0,0,0,0,2,1,616,0,0,0,0,0,0,0,0,0,0,0,0,0,2026-08-17 22:31:35.096013+02,2026-08-17 22:31:35.096013+02
10,18192,f,9096473086992190970,SELECT COUNT(*) FROM public.view_application_action_event_page_modes_weekly_summary,1,0.036961,0.036961,0.036961,0.036961,0,1,0.254744,0.254744,0.254744,0.254744,0,1,34,0,0,0,0,0,0,0,0,0,0,0,0,0,0,0,0,0,0,0,0,0,0,0,0,0,0,0,0,0,0,0,2026-08-30 00:12:15.739528+02,2026-08-30 00:12:15.739528+02
16384,18192,t,-8610585069949485300,insert into document_person_reference_co_0 (hjid) values ($1),5,0.006965,0.001191,0.001759,0.001393,0.00021300140844604753,5,0.7020230000000001,0.007757,0.383528,0.1404046,0.15090529717753448,5,17,3,6,0,0,0,0,0,0,0,0.516918,0,0,0,0,0,10,6,13360,0,0,0,0,0,0,0,0,0,0,0,0,0,2026-08-29 14:13:31.819015+02,2026-08-29 14:13:31.819015+02
10,18192,f,-7324845122658702160,COPY  ( SELECT * FROM public.committee_proposal_data ORDER BY random ( ) LIMIT $1 ) TO STDOUT CSV HEADER,1,0.396254,0.396254,0.396254,0.396254,0,1,74.578334,74.578334,74.578334,74.578334,0,50000,3041,40,0,0,0,0,0,0,0,0,4.006163,0,0,0,0,0,3,0,208,0,0,0,0,0,0,0,0,0,0,0,0,0,2026-08-30 00:11:54.322107+02,2026-08-30 00:11:54.322107+02
16384,18192,t,-5432105829246838125,"select string_agg(word, $1) from pg_catalog.pg_get_keywords() where word <> ALL ($2::text[])",3,0.715957,0.191902,0.327901,0.2386523333333333,0.0631322065316551,3,0.580595,0.165268,0.246709,0.19353166666666666,0.03762691598960629,3,248,10,0,0,0,0,0,0,0,0,0.045995,0,0,0,0,0,0,0,0,0,0,0,0,0,0,0,0,0,0,0,0,0,2026-08-17 22:31:29.007924+02,2026-08-17 22:31:29.007924+02
10,18192,f,878070510459709908,"SELECT GREATEST(COALESCE(c.reltuples, $10), $11)::BIGINT                                FROM pg_class c
                JOIN pg_namespace n ON n.oid = c.relnamespace
                WHERE n.nspname = view_record.schemaname
                  AND c.relname = view_record.object_name",6,0.36787400000000003,0.03448,0.115402,0.061312333333333344,0.03047410949022502,28,0.20747499999999997,0.00203,0.026232,0.007409821428571428,0.007899329044986629,28,148,0,0,0,0,0,0,0,0,0,0,0,0,0,0,0,0,0,0,0,0,0,0,0,0,0,0,0,0,0,0,0,2026-08-30 00:14:16.226935+02,2026-08-30 00:14:16.226935+02
16384,18192,t,6900183813250401408,REFRESH MATERIALIZED VIEW public.mv_ministry_decision_impact,0,0,0,0,0,0,11,338.842789,24.369095,33.573404,30.80388990909091,2.6171489226772024,14597,302187,3899,322,363,0,0,0,0,0,0,158.49194400000002,0.741269,0,0,0,0,17025,112,2944443,0,0,0,0,0,0,0,0,0,0,0,0,0,2026-08-17 22:31:41.172096+02,2026-08-17 22:31:41.172096+02
10,18192,t,-2522589517448953948,COPY  ( SELECT * FROM public.application_action_event ORDER BY random ( ) LIMIT 836 ) TO STDOUT CSV HEADER,0,0,0,0,0,0,1,2.500085,2.500085,2.500085,2.500085,0,836,199,42,0,0,0,0,0,0,0,0,1.508443,0,0,0,0,0,8,0,574,0,0,0,0,0,0,0,0,0,0,0,0,0,2026-08-30 00:11:54.289715+02,2026-08-30 00:11:54.289715+02
10,18192,f,4530110287198009899,"COPY  ( SELECT target AS value, COUNT ( * ) AS count FROM vote_meta_data WHERE target IS NOT NULL GROUP BY target ORDER BY count DESC, target LIMIT $1 ) TO STDOUT WITH CSV HEADER",2,0.018804,0.008282,0.010522,0.009402,0.00112,2,0.002682,0.001174,0.001508,0.001341,0.00016700000000000005,0,6,0,0,0,0,0,0,0,0,0,0,0,0,0,0,0,0,0,0,0,0,0,0,0,0,0,0,0,0,0,0,0,2026-08-15 13:41:17.971762+02,2026-08-15 13:41:17.971762+02
10,18192,t,-6237131159933300901,"COPY  ( SELECT org_code AS value, COUNT ( * ) AS count FROM assignment_data WHERE org_code IS NOT NULL GROUP BY org_code ORDER BY count DESC, org_code LIMIT 2000 ) TO STDOUT WITH CSV HEADER",0,0,0,0,0,0,2,18.904656,3.036533,15.868123,9.452328,6.415795,182,5689,339,1,0,0,0,0,0,0,0,14.00687,0,0,0,0,0,2,1,1430,0,0,0,0,0,0,0,0,0,0,0,0,0,2026-08-15 13:41:16.110366+02,2026-08-15 13:41:16.110366+02
16384,18192,t,3244637184222724019,"select applicatio0_.hjid as hjid1_4_, applicatio0_.component as componen2_4_, applicatio0_.component_description as componen3_4_, applicatio0_.component_title as componen4_4_, applicatio0_.config_description as config_d5_4_, applicatio0_.config_title as config_t6_4_, applicatio0_.configuration_group as configur7_4_, applicatio0_.created_date as created_8_4_, applicatio0_.model_object_id as model_ob9_4_, applicatio0_.model_object_version as model_o10_4_, applicatio0_.property_id as propert11_4_, applicatio0_.property_value as propert12_4_, applicatio0_.updated_date as updated13_4_ from application_configuration applicatio0_ where upper(applicatio0_.component)=$1 and applicatio0_.configuration_group=$2 and upper(applicatio0_.property_id)=$3",33,1.781467,0.010487,0.29177,0.053983848484848475,0.055819021615108516,36,1.019688,0.006926,0.309125,0.028324666666666665,0.050678836331242726,36,350,7,0,0,0,0,0,0,0,0,0.5334490000000001,0,0,0,0,0,2,0,144,0,0,0,0,0,0,0,0,0,0,0,0,0,2026-08-17 22:31:32.981453+02,2026-08-17 22:31:32.981453+02
10,18192,f,-107211105619997506,REFRESH MATERIALIZED VIEW public.view_riksdagen_vote_data_ballot_politician_summary_daily,0,0,0,0,0,0,2,12718.009609,6320.620173,6397.389436,6359.0048045,38.38463150000007,923466,102942,351555,45414,87186,0,0,0,0,4074,4064,847.790765,84.849345,0,0,3.5856000000000003,7.573695000000001,924276,4594,400229747,0,0,0,0,0,0,0,0,0,0,0,0,0,2026-08-15 13:41:10.250969+02,2026-08-15 13:41:10.250969+02
16384,18192,t,-5813229033434663035,"select committeep0_.hjid as hjid1_10_0_ from committee_proposal_container committeep0_ where committeep0_.hjid in ($1 /*, ... */)",1,0.440209,0.440209,0.440209,0.440209,0,1,1.6096750000000002,1.6096750000000002,1.6096750000000002,1.6096750000000002,0,53,41,22,0,0,0,0,0,0,0,0,1.747849,0,0,0,0,0,0,0,0,0,0,0,0,0,0,0,0,0,0,0,0,0,2026-08-29 13:39:21.641351+02,2026-08-29 13:39:21.641351+02
16384,18192,t,-3938258118727719296,select documentda0_.id as col_0_0_ from document_data documentda0_ where documentda0_.committee_report_url_xml is not null,1,0.300033,0.300033,0.300033,0.300033,0,1,11.115556,11.115556,11.115556,11.115556,0,9228,4743,0,0,0,0,0,0,0,0,0,0,0,0,0,0,0,0,0,0,0,0,0,0,0,0,0,0,0,0,0,0,0,2026-08-29 13:39:21.602334+02,2026-08-29 13:39:21.602334+02
10,18192,t,5179592855306802276,COPY  ( SELECT * FROM public.person_data ORDER BY random ( ) LIMIT 2500 ) TO STDOUT CSV HEADER,0,0,0,0,0,0,1,3.694456,3.694456,3.694456,3.694456,0,2500,251,11,1,0,0,0,0,0,0,0,0.12621,0,0,0,0,0,6,0,350,0,0,0,0,0,0,0,0,0,0,0,0,0,2026-08-30 00:12:14.339368+02,2026-08-30 00:12:14.339368+02
16384,16385,t,-6638236131011848862,SET application_name = $1,0,0,0,0,0,0,9,0.21359400000000003,0.004875,0.159165,0.02373266666666667,0.04797518542607904,0,0,0,0,0,0,0,0,0,0,0,0,0,0,0,0,0,0,0,0,0,0,0,0,0,0,0,0,0,0,0,0,0,2026-08-29 13:36:57.890073+02,2026-08-29 13:36:57.890073+02
16384,18192,t,6987972007725108411,"select documentel0_.id as id1_26_0_, documentel0_.committee_report_url_xml as committe2_26_0_, documentel0_.created_date as created_3_26_0_, documentel0_.database_source as database4_26_0_, documentel0_.debate_name as debate_n5_26_0_, documentel0_.doc_type as doc_type6_26_0_, documentel0_.document_format as document7_26_0_, documentel0_.document_name as document8_26_0_, documentel0_.document_status_url_xml as document9_26_0_, documentel0_.document_type as documen10_26_0_, documentel0_.document_url_html as documen11_26_0_, documentel0_.document_url_text as documen12_26_0_, documentel0_.domain_org as domain_13_26_0_, documentel0_.hit as hit14_26_0_, documentel0_.kall_id as kall_id15_26_0_, documentel0_.label as label16_26_0_, documentel0_.lang as lang17_26_0_, documentel0_.made_public_date as made_pu18_26_0_, documentel0_.note as note19_26_0_, documentel0_.note_title as note_ti20_26_0_, documentel0_.number_value as number_21_26_0_, documentel0_.org as org22_26_0_, documentel0_.origin as origin23_26_0_, documentel0_.related_id as related24_26_0_, documentel0_.rm as rm25_26_0_, documentel0_.status as status26_26_0_, documentel0_.sub_title as sub_tit27_26_0_, documentel0_.sub_type as sub_typ28_26_0_, documentel0_.summary as summary29_26_0_, documentel0_.system_date as system_30_26_0_, documentel0_.temp_label as temp_la31_26_0_, documentel0_.title as title32_26_0_ from document_element documentel0_ where documentel0_.id=$1",5,1.171566,0.043295,0.642492,0.2343132,0.24225937771190614,5,0.9081229999999999,0.018698,0.498939,0.1816246,0.1749205399243897,5,515,5,0,0,0,0,0,0,0,0,0.790265,0,0,0,0,0,0,0,0,0,0,0,0,0,0,0,0,0,0,0,0,0,2026-08-29 13:42:51.711313+02,2026-08-29 13:42:51.711313+02
10,18192,f,968210006032507077,mv_record.schemaname,4,0.0023150000000000002,0.000547,0.000605,0.00057875,2.526237320601531e-05,0,0,0,0,0,0,0,0,0,0,0,0,0,0,0,0,0,0,0,0,0,0,0,0,0,0,0,0,0,0,0,0,0,0,0,0,0,0,0,2026-08-15 13:40:34.267769+02,2026-08-15 13:40:34.267769+02
10,18192,f,-1976543597030756226,SELECT COUNT(*) FROM public.view_riksdagen_person_signed_document_summary,1,0.065461,0.065461,0.065461,0.065461,0,1,20.417087000000002,20.417087000000002,20.417087000000002,20.417087000000002,0,1,3243,0,0,0,0,0,0,0,0,0,0,0,0,0,0,0,0,0,0,0,0,0,0,0,0,0,0,0,0,0,3,3,2026-08-30 00:14:25.218947+02,2026-08-30 00:14:25.218947+02
10,18192,f,1315195779518246384,"COPY  ( SELECT processed_in AS value, COUNT ( * ) AS count FROM document_proposal_data WHERE processed_in IS NOT NULL GROUP BY processed_in ORDER BY count DESC, processed_in LIMIT $1 ) TO STDOUT WITH CSV HEADER",2,0.177103,0.084445,0.092658,0.0885515,0.004106499999999999,2,27.596957,13.724406,13.872551,13.7984785,0.07407249999999976,2000,6749,3,0,0,0,0,0,0,0,0,0.009466,0,0,0,0,0,0,0,0,0,0,0,0,0,0,0,0,0,0,0,6,6,2026-08-15 13:41:17.628827+02,2026-08-15 13:41:17.628827+02
16384,18192,t,4995151116310175813,update document_attachment set document_attachment_list_doc_0=$1 where hjid=$2,5,0.0288,0.003419,0.008908,0.00576,0.0017846543642957868,5,0.140147,0.011275,0.050487,0.028029399999999996,0.01263857296691363,5,65,0,0,0,0,0,0,0,0,0,0,0,0,0,0,0,6,0,473,0,0,0,0,0,0,0,0,0,0,0,0,0,2026-08-29 14:13:31.828017+02,2026-08-29 14:13:31.828017+02
16384,18192,t,5767251227565421767,"select applicatio0_.hjid as hjid1_3_, applicatio0_.action_name as action_n2_3_, applicatio0_.application_message as applicat3_3_, applicatio0_.application_operation as applicat4_3_, applicatio0_.created_date as created_5_3_, applicatio0_.element_id as element_6_3_, applicatio0_.error_message as error_me7_3_, applicatio0_.event_group as event_gr8_3_, applicatio0_.model_object_id as model_ob9_3_, applicatio0_.model_object_version as model_o10_3_, applicatio0_.page as page11_3_, applicatio0_.page_mode as page_mo12_3_, applicatio0_.session_id as session13_3_, applicatio0_.user_id as user_id14_3_ from application_action_event applicatio0_ where upper(applicatio0_.element_id)=$1 and applicatio0_.application_operation=$2 and upper(applicatio0_.application_message)=$3 and applicatio0_.created_date>$4",1,0.413787,0.413787,0.413787,0.413787,0,1,0.008053000000000001,0.008053000000000001,0.008053000000000001,0.008053000000000001,0,0,188,0,0,0,0,0,0,0,0,0,0,0,0,0,0,0,0,0,0,0,0,0,0,0,0,0,0,0,0,0,0,0,2026-08-29 13:42:12.296351+02,2026-08-29 13:42:12.296351+02
10,18192,t,3334804862867095108,"COPY  ( WITH temporal_buckets AS ( SELECT *, DATE_TRUNC ( 'month' , role_end ) AS time_bucket, ROW_NUMBER ( ) OVER ( PARTITION BY DATE_TRUNC ( 'month' , role_end ) ORDER BY random ( ) ) AS rn FROM public.view_riksdagen_politician_role_evolution ) SELECT * FROM temporal_buckets WHERE rn = 1 ORDER BY time_bucket DESC LIMIT 19627 ) TO STDOUT WITH CSV HEADER",0,0,0,0,0,0,1,80.882058,80.882058,80.882058,80.882058,0,468,871,0,0,0,0,0,0,0,0,0,0,0,0,0,0,0,0,0,0,0,0,0,0,0,0,0,0,0,0,0,0,0,2026-08-30 00:16:32.601993+02,2026-08-30 00:16:32.601993+02
16384,18192,t,845494370599079193,SELECT TRIGGER_GROUP FROM QRTZ_PAUSED_TRIGGER_GRPS WHERE SCHED_NAME = $2 AND TRIGGER_GROUP = $1,46,1.2012449999999995,0.004698,0.25646,0.02611402173913043,0.048604083027399145,254,0.5326560000000002,0.000547,0.005917,0.002097070866141733,0.001116082516642192,0,188,2,0,0,0,0,0,0,0,0,0.315568,0,0,0,0,0,0,0,0,0,0,0,0,0,0,0,0,0,0,0,0,0,2026-08-17 22:31:35.108587+02,2026-08-17 22:31:35.108587+02
10,18192,t,295380866588949118,"COPY  ( SELECT election_region AS value, COUNT ( * ) AS count FROM person_element WHERE election_region IS NOT NULL GROUP BY election_region ORDER BY count DESC, election_region LIMIT 1000 ) TO STDOUT WITH CSV HEADER",0,0,0,0,0,0,2,0.065704,0.032177,0.033527,0.032852,0.000675000000000002,0,6,0,0,0,0,0,0,0,0,0,0,0,0,0,0,0,0,0,0,0,0,0,0,0,0,0,0,0,0,0,0,0,2026-08-15 13:41:17.732567+02,2026-08-15 13:41:17.732567+02
10,18192,t,4511544801965900571,COPY  ( SELECT * FROM public.document_attachment ORDER BY random ( ) LIMIT 3000 ) TO STDOUT CSV HEADER,0,0,0,0,0,0,1,22.418728,22.418728,22.418728,22.418728,0,3000,3070,3,0,0,0,0,0,0,0,0,0.011504,0,0,0,0,0,3,0,180,0,0,0,0,0,0,0,0,0,0,0,0,0,2026-08-30 00:11:54.532393+02,2026-08-30 00:11:54.532393+02
10,18192,t,4675180709499711961,"COPY  ( WITH temporal_strata AS ( SELECT *, ROW_NUMBER ( ) OVER ( PARTITION BY DATE_TRUNC ( 'year' , embedded_id_created_date ) ORDER BY random ( ) ) AS rn FROM public.view_application_action_event_page_element_annual_summary ) SELECT * FROM temporal_strata WHERE rn <= 2 LIMIT 87 ) TO STDOUT WITH CSV HEADER",0,0,0,0,0,0,1,0.628159,0.628159,0.628159,0.628159,0,2,39,0,0,0,0,0,0,0,0,0,0,0,0,0,0,0,0,0,0,0,0,0,0,0,0,0,0,0,0,0,0,0,2026-08-30 00:15:41.701463+02,2026-08-30 00:15:41.701463+02
16384,18192,t,-7886831915414105777,DELETE FROM QRTZ_FIRED_TRIGGERS WHERE SCHED_NAME = $2 AND ENTRY_ID = $1,43,3.567910999999999,0.020551,1.390079,0.08297467441860466,0.2055261837070798,43,0.7582489999999997,0.004116,0.172209,0.01763369767441861,0.02564595979290494,43,551,9,11,0,0,0,0,0,0,0,1.278054,0,0,0,0,0,54,11,11459,0,0,0,0,0,0,0,0,0,0,0,0,0,2026-08-17 22:31:36.124397+02,2026-08-17 22:31:36.124397+02
10,18192,t,3852500541406393962,"SELECT $1 ||
       $2",2,0.040711,0.017267,0.023444,0.0203555,0.0030885,2,0.006561,0.002803,0.003758,0.0032805,0.00047750000000000006,2,0,0,0,0,0,0,0,0,0,0,0,0,0,0,0,0,0,0,0,0,0,0,0,0,0,0,0,0,0,0,0,0,2026-08-15 13:41:16.028021+02,2026-08-15 13:41:16.028021+02
10,18192,t,6121507265582999025,COPY  ( SELECT * FROM public.sweden_parliament_electoral__1 ORDER BY random ( ) LIMIT 0 ) TO STDOUT CSV HEADER,0,0,0,0,0,0,1,0.176069,0.176069,0.176069,0.176069,0,0,54,1,0,0,0,0,0,0,0,0,0.115282,0,0,0,0,0,0,0,0,0,0,0,0,0,0,0,0,0,0,0,0,0,2026-08-30 00:12:14.363155+02,2026-08-30 00:12:14.363155+02
10,18192,f,-5059423996846618731,"COPY  ( SELECT org AS value, COUNT ( * ) AS count FROM committee_document_data WHERE org IS NOT NULL GROUP BY org ORDER BY count DESC, org LIMIT $1 ) TO STDOUT WITH CSV HEADER",2,0.184806,0.090686,0.09412,0.092403,0.0017169999999999963,2,2.776683,1.2910249999999999,1.485658,1.3883415,0.09731650000000003,68,47,821,0,0,0,0,0,0,0,0,0.28098,0,0,0,0,0,0,0,0,0,0,0,0,0,0,0,0,0,0,0,0,0,2026-08-15 13:41:16.740657+02,2026-08-15 13:41:16.740657+02
16384,18192,t,5382357482756723625,"select countryele0_.hjid as hjid1_13_, countryele0_.adminregion_id as adminreg2_13_, countryele0_.adminregion_value as adminreg3_13_, countryele0_.capital_city as capital_4_13_, countryele0_.country_name as country_5_13_, countryele0_.id as id6_13_, countryele0_.income_level_id as income_l7_13_, countryele0_.income_level_value as income_l8_13_, countryele0_.iso_2code as iso_9_13_, countryele0_.latitude as latitud10_13_, countryele0_.lending_type_id as lending11_13_, countryele0_.lending_type_value as lending12_13_, countryele0_.longitude as longitu13_13_, countryele0_.region_id as region_14_13_, countryele0_.region_value as region_15_13_ from country_element countryele0_",1,0.697446,0.697446,0.697446,0.697446,0,1,0.694325,0.694325,0.694325,0.694325,0,211,96,7,0,0,0,0,0,0,0,0,0.980426,0,0,0,0,0,1,0,56,0,0,0,0,0,0,0,0,0,0,0,0,0,2026-08-29 13:39:20.918424+02,2026-08-29 13:39:20.918424+02
10,18192,t,-6216558894629002652,COPY  ( SELECT * FROM public.sweden_county_electoral_area ORDER BY random ( ) LIMIT 0 ) TO STDOUT CSV HEADER,0,0,0,0,0,0,1,0.232458,0.232458,0.232458,0.232458,0,0,55,1,0,0,0,0,0,0,0,0,0.116778,0,0,0,0,0,0,0,0,0,0,0,0,0,0,0,0,0,0,0,0,0,2026-08-30 00:12:14.360826+02,2026-08-30 00:12:14.360826+02
16384,18192,t,8059139300575196028,SELECT * FROM QRTZ_FIRED_TRIGGERS WHERE SCHED_NAME = $2 AND INSTANCE_NAME = $1,3,0.19884,0.050786,0.075447,0.06627999999999999,0.01101709057177378,3,0.014449,0.002182,0.008127,0.004816333333333334,0.0024737052281053125,1,101,1,0,0,0,0,0,0,0,0,0.004721,0,0,0,0,0,0,0,0,0,0,0,0,0,0,0,0,0,0,0,0,0,2026-08-17 22:31:35.098148+02,2026-08-17 22:31:35.098148+02
10,18192,t,2753724737596808457,"COPY  ( SELECT party_short_code AS value, COUNT ( * ) AS count FROM document_person_reference_da_0 WHERE party_short_code IS NOT NULL GROUP BY party_short_code ORDER BY count DESC, party_short_code LIMIT 1000 ) TO STDOUT WITH CSV HEADER",0,0,0,0,0,0,2,48.892714,24.241988,24.650726,24.446357,0.2043689999999998,32,492,544,2,0,0,0,0,0,0,0,16.098871,0,0,0,0,0,2,2,1268,0,0,0,0,0,0,0,0,0,0,0,0,0,2026-08-15 13:41:17.563513+02,2026-08-15 13:41:17.563513+02
10,18192,f,7184455326519211822,COPY  ( SELECT * FROM public.document_reference_container ORDER BY random ( ) LIMIT $1 ) TO STDOUT CSV HEADER,1,0.222355,0.222355,0.222355,0.222355,0,1,7.37211,7.37211,7.37211,7.37211,0,3000,23,258,2,0,0,0,0,0,0,0,2.014158,0,0,0,0,0,3,2,3279,0,0,0,0,0,0,0,0,0,0,0,0,0,2026-08-30 00:11:56.669548+02,2026-08-30 00:11:56.669548+02
10,18192,f,-3168196046220411505,COPY  ( SELECT * FROM public.document_attachment ORDER BY random ( ) LIMIT $1 ) TO STDOUT CSV HEADER,1,0.159781,0.159781,0.159781,0.159781,0,1,22.225388,22.225388,22.225388,22.225388,0,3000,3070,3,0,0,0,0,0,0,0,0,0.011504,0,0,0,0,0,3,0,180,0,0,0,0,0,0,0,0,0,0,0,0,0,2026-08-30 00:11:54.509981+02,2026-08-30 00:11:54.509981+02
10,18192,f,8719533718129011792,"COPY  ( SELECT status AS value, COUNT ( * ) AS count FROM person_data WHERE status IS NOT NULL GROUP BY status ORDER BY count DESC, status LIMIT $1 ) TO STDOUT WITH CSV HEADER",2,0.301779,0.053081,0.248698,0.1508895,0.09780849999999999,2,0.908513,0.44473100000000004,0.46378199999999997,0.4542565,0.009525499999999965,500,367,5,0,0,0,0,0,0,0,0,0.202181,0,0,0,0,0,0,0,0,0,0,0,0,0,0,0,0,0,0,0,0,0,2026-08-15 13:41:16.178924+02,2026-08-15 13:41:16.178924+02
10,18192,t,-7438364570740207366,COPY  ( SELECT * FROM public.view_riksdagen_vote_data_ballot_politician_summary_monthly ORDER BY random ( ) LIMIT 50000 ) TO STDOUT WITH CSV HEADER,0,0,0,0,0,0,1,140.134332,140.134332,140.134332,140.134332,0,50000,287,3209,0,0,0,0,0,0,0,0,0.277883,0,0,0,0,0,0,0,0,0,0,0,0,0,0,0,0,0,0,0,0,0,2026-08-30 00:15:41.689447+02,2026-08-30 00:15:41.689447+02
10,18192,t,4969792621149162288,"COPY  ( SELECT status AS value, COUNT ( * ) AS count FROM document_element WHERE status IS NOT NULL GROUP BY status ORDER BY count DESC, status LIMIT 2000 ) TO STDOUT WITH CSV HEADER",0,0,0,0,0,0,2,61.735937,28.797334,32.938603,30.8679685,2.0706345000000006,1010,91078,4,0,0,0,0,0,0,0,0,0.291413,0,0,0,0,0,0,0,0,0,0,0,0,0,0,0,0,0,0,0,0,0,2026-08-15 13:41:16.878975+02,2026-08-15 13:41:16.878975+02
16384,18192,t,2180718679579330111,REFRESH MATERIALIZED VIEW public.view_riksdagen_vote_data_ballot_summary,0,0,0,0,0,0,11,6077.681705,493.206289,932.002894,552.5165186363637,121.24714725634217,119559,1133349,609198,2980,44798,0,0,0,0,1694,1628,2848.361932,71.92327799999998,0,0,1.5943870000000002,3.803368999999999,122267,1518,30288551,0,0,0,0,0,0,0,0,0,0,0,0,0,2026-08-17 22:31:43.231855+02,2026-08-17 22:31:43.231855+02
10,18192,t,-34982861480535403,COPY  ( SELECT * FROM public.document_container_element ORDER BY random ( ) LIMIT 0 ) TO STDOUT CSV HEADER,0,0,0,0,0,0,1,0.37961,0.37961,0.37961,0.37961,0,0,61,1,0,0,0,0,0,0,0,0,0.20835,0,0,0,0,0,0,0,0,0,0,0,0,0,0,0,0,0,0,0,0,0,2026-08-30 00:11:54.543939+02,2026-08-30 00:11:54.543939+02
16384,18192,t,8495646432806684127,REFRESH MATERIALIZED VIEW public.view_riksdagen_vote_data_ballot_party_summary_daily,0,0,0,0,0,0,11,1690.860259,142.891288,157.837674,153.71456899999998,4.037174761920744,117876,63254,42,3964,4235,0,0,0,0,660,616,3.654044,1.2971239999999997,0,0,0.605898,1.487344,121078,334,35179235,0,0,0,0,0,0,0,0,0,0,0,0,0,2026-08-17 22:32:01.426479+02,2026-08-17 22:32:01.426479+02
10,18192,f,-2452394019121487831,COPY  ( SELECT * FROM public.encrypted_value ORDER BY random ( ) LIMIT $1 ) TO STDOUT CSV HEADER,1,0.039353,0.039353,0.039353,0.039353,0,1,0.421404,0.421404,0.421404,0.421404,0,2,14,1,0,0,0,0,0,0,0,0,0.394461,0,0,0,0,0,0,0,0,0,0,0,0,0,0,0,0,0,0,0,0,0,2026-08-30 00:11:56.733282+02,2026-08-30 00:11:56.733282+02
10,18192,f,8016680046615414162,SELECT COUNT(*) FROM public.view_riksdagen_pre_election_quarterly_activity,1,2.284041,2.284041,2.284041,2.284041,0,1,504.879113,504.879113,504.879113,504.879113,0,1,45241,0,0,0,0,0,0,0,0,0,0,0,0,0,0,0,0,0,0,0,201,7.873655,0,0,1,3.202151,1,56.052161,1,3.350316,11,11,2026-08-30 00:15:16.593317+02,2026-08-30 00:15:16.593317+02
10,18192,t,-1313019236464654800,"COPY  ( SELECT intressent_id AS value, COUNT ( * ) AS count FROM assignment_data WHERE intressent_id IS NOT NULL GROUP BY intressent_id ORDER BY count DESC LIMIT 500 ) TO STDOUT WITH CSV HEADER",0,0,0,0,0,0,2,24.352134,11.945215,12.406919,12.176067,0.2308520000000005,1000,11828,0,0,0,0,0,0,0,0,0,0,0,0,0,0,0,0,0,0,0,0,0,0,0,0,0,0,0,0,0,0,0,2026-08-15 13:41:18.029177+02,2026-08-15 13:41:18.029177+02
10,18192,f,901424858764974669,"COPY  ( SELECT status AS value, COUNT ( * ) AS count FROM person_element WHERE status IS NOT NULL GROUP BY status ORDER BY count DESC, status LIMIT $1 ) TO STDOUT WITH CSV HEADER",2,0.022939,0.007535,0.015404,0.0114695,0.0039345,2,0.003005,0.001112,0.001893,0.0015025,0.0003905,0,6,0,0,0,0,0,0,0,0,0,0,0,0,0,0,0,0,0,0,0,0,0,0,0,0,0,0,0,0,0,0,0,2026-08-15 13:41:17.732934+02,2026-08-15 13:41:17.732934+02
10,18192,t,3711577258474283974,"COPY  ( WITH temporal_strata AS ( SELECT *, ROW_NUMBER ( ) OVER ( PARTITION BY DATE ( embedded_id_created_date ) ORDER BY random ( ) ) AS rn FROM public.view_application_action_event_page_daily_summary WHERE embedded_id_created_date >= CURRENT_DATE - INTERVAL '30 days' ) SELECT * FROM temporal_strata WHERE rn <= 2 LIMIT 195 ) TO STDOUT WITH CSV HEADER",0,0,0,0,0,0,1,0.534027,0.534027,0.534027,0.534027,0,8,57,1,0,0,0,0,0,0,0,0,0.188436,0,0,0,0,0,0,0,0,0,0,0,0,0,0,0,0,0,0,0,0,0,2026-08-30 00:15:40.759316+02,2026-08-30 00:15:40.759316+02
10,18192,f,-7521984638404556752,"COPY  ( SELECT proffessional_behavior AS value, COUNT ( * ) AS count FROM vote_meta_data WHERE proffessional_behavior IS NOT NULL GROUP BY proffessional_behavior ORDER BY count DESC, proffessional_behavior LIMIT $1 ) TO STDOUT WITH CSV HEADER",2,0.020801,0.010398,0.010403,0.0104005,2.5000000000007655e-06,2,0.003129,0.0014089999999999999,0.00172,0.0015645,0.00015550000000000004,0,6,0,0,0,0,0,0,0,0,0,0,0,0,0,0,0,0,0,0,0,0,0,0,0,0,0,0,0,0,0,0,0,2026-08-15 13:41:17.971701+02,2026-08-15 13:41:17.971701+02
10,18192,f,-3603695691114493388,"COPY  ( WITH temporal_strata AS ( SELECT *, ROW_NUMBER ( ) OVER ( PARTITION BY DATE_TRUNC ( $1 , embedded_id_created_date ) ORDER BY random ( ) ) AS rn FROM public.view_application_action_event_page_weekly_summary WHERE embedded_id_created_date >= CURRENT_DATE - INTERVAL $2 ) SELECT * FROM temporal_strata WHERE rn <= $3 LIMIT $4 ) TO STDOUT WITH CSV HEADER",1,0.077002,0.077002,0.077002,0.077002,0,1,0.269811,0.269811,0.269811,0.269811,0,24,39,0,0,0,0,0,0,0,0,0,0,0,0,0,0,0,0,0,0,0,0,0,0,0,0,0,0,0,0,0,0,0,2026-08-30 00:15:41.272157+02,2026-08-30 00:15:41.272157+02
10,18192,t,-5740130308969357404,COPY  ( SELECT * FROM public.view_riksdagen_vote_data_ballot_party_summary_monthly ORDER BY random ( ) LIMIT 1850 ) TO STDOUT WITH CSV HEADER,0,0,0,0,0,0,1,2.987102,2.987102,2.987102,2.987102,0,1850,163,0,0,0,0,0,0,0,0,0,0,0,0,0,0,0,0,0,0,0,0,0,0,0,0,0,0,0,0,0,0,0,2026-08-30 00:15:41.548737+02,2026-08-30 00:15:41.548737+02
10,18192,f,-3734975327161515945,"COPY  ( SELECT org_number AS value, COUNT ( * ) AS count FROM government_body_data WHERE org_number IS NOT NULL GROUP BY org_number ORDER BY count DESC, org_number LIMIT $1 ) TO STDOUT WITH CSV HEADER",2,0.09137999999999999,0.04538,0.046,0.045689999999999995,0.0003099999999999995,2,1.7309169999999998,0.7530479999999999,0.9778689999999999,0.8654584999999999,0.11241049999999997,734,6,18,0,0,0,0,0,0,0,0,0.841903,0,0,0,0,0,0,0,0,0,0,0,0,0,0,0,0,0,0,0,0,0,2026-08-15 13:41:17.730016+02,2026-08-15 13:41:17.730016+02
10,18192,t,3607912473494165581,"COPY  ( SELECT rm AS value, COUNT ( * ) AS count FROM document_element WHERE rm IS NOT NULL GROUP BY rm ORDER BY count DESC, rm LIMIT 2000 ) TO STDOUT WITH CSV HEADER",0,0,0,0,0,0,2,62.362949,29.857741,32.505208,31.1814745,1.3237335000000021,128,91075,1,0,0,0,0,0,0,0,0,0.010606,0,0,0,0,0,0,0,0,0,0,0,0,0,0,0,0,0,0,0,0,0,2026-08-15 13:41:16.937318+02,2026-08-15 13:41:16.937318+02
10,18192,f,-585670238428416951,views_refreshed_this_pass,2,0.001385,0.000681,0.000704,0.0006925,1.1500000000000008e-05,0,0,0,0,0,0,0,0,0,0,0,0,0,0,0,0,0,0,0,0,0,0,0,0,0,0,0,0,0,0,0,0,0,0,0,0,0,0,0,2026-08-15 13:41:15.947609+02,2026-08-15 13:41:15.947609+02
10,18192,f,826479827369185566,SELECT COUNT(*) FROM public.view_application_action_event_page_modes_annual_summary,1,0.034302,0.034302,0.034302,0.034302,0,1,0.190201,0.190201,0.190201,0.190201,0,1,34,0,0,0,0,0,0,0,0,0,0,0,0,0,0,0,0,0,0,0,0,0,0,0,0,0,0,0,0,0,0,0,2026-08-30 00:12:15.738227+02,2026-08-30 00:12:15.738227+02
10,18192,t,6690137399896080805,"COPY  ( SELECT rm AS value, COUNT ( * ) AS count FROM committee_proposal_data WHERE rm IS NOT NULL GROUP BY rm ORDER BY count DESC, rm LIMIT 2000 ) TO STDOUT WITH CSV HEADER",0,0,0,0,0,0,2,25.048498000000002,12.287357,12.761141,12.524249000000001,0.23689200000000055,52,5836,2,0,0,0,0,0,0,0,0,0.014023999999999998,0,0,0,0,0,0,0,0,0,0,0,0,0,0,0,0,0,0,0,0,0,2026-08-15 13:41:16.798164+02,2026-08-15 13:41:16.798164+02
16384,18192,t,7971208802958364698,insert into document_reference_container (hjid) values ($1),5,0.014391,0.001821,0.004677,0.0028782,0.0009926190407200538,5,0.9132790000000001,0.009565,0.312441,0.1826558,0.12281740375598241,5,18,3,7,1,0,0,0,0,0,0,0.655454,0.014047,0,0,0,0,10,6,19092,0,0,0,0,0,0,0,0,0,0,0,0,0,2026-08-29 14:13:31.824495+02,2026-08-29 14:13:31.824495+02
10,18192,f,2806151965247553145,COPY  ( SELECT * FROM public.view_riksdagen_vote_data_ballot_summary_daily ORDER BY random ( ) LIMIT $1 ) TO STDOUT WITH CSV HEADER,1,0.155993,0.155993,0.155993,0.155993,0,1,1.6173870000000001,1.6173870000000001,1.6173870000000001,1.6173870000000001,0,1322,117,33,0,0,0,0,0,0,0,0,0.17845999999999998,0,0,0,0,0,0,0,0,0,0,0,0,0,0,0,0,0,0,0,0,0,2026-08-30 00:15:41.262383+02,2026-08-30 00:15:41.262383+02
10,18192,t,-6627036990391753713,"COPY  ( SELECT election_type AS value, COUNT ( * ) AS count FROM sweden_election_type WHERE election_type IS NOT NULL GROUP BY election_type ORDER BY count DESC, election_type LIMIT 1000 ) TO STDOUT WITH CSV HEADER",0,0,0,0,0,0,2,0.055220000000000005,0.024149,0.031071,0.027610000000000003,0.0034610000000000014,0,6,0,0,0,0,0,0,0,0,0,0,0,0,0,0,0,0,0,0,0,0,0,0,0,0,0,0,0,0,0,0,0,2026-08-15 13:41:17.733306+02,2026-08-15 13:41:17.733306+02
16384,18192,t,-1127450156841983488,"select viewriksda0_.role_id as role_id1_133_, viewriksda0_.active as active2_133_, viewriksda0_.activity_level as activity3_133_, viewriksda0_.detail as detail4_133_, viewriksda0_.documents_last_year as document5_133_, viewriksda0_.first_name as first_na6_133_, viewriksda0_.from_date as from_dat7_133_, viewriksda0_.last_name as last_nam8_133_, viewriksda0_.party as party9_133_, viewriksda0_.person_id as person_10_133_, viewriksda0_.role_code as role_co11_133_, viewriksda0_.role_type as role_ty12_133_, viewriksda0_.to_date as to_date13_133_, viewriksda0_.total_days_served as total_d14_133_, viewriksda0_.total_documents as total_d15_133_, viewriksda0_.total_interpellations as total_i16_133_, viewriksda0_.total_motions as total_m17_133_, viewriksda0_.total_written_questions as total_w18_133_ from view_riksdagen_party_role_member viewriksda0_ where upper(viewriksda0_.person_id)=$1 and viewriksda0_.active=$2",20,13.681403999999999,0.45203,1.727132,0.6840701999999999,0.24976568893036527,412,1109.3385969999997,0.40863,24.17519,2.6925694101941735,6.176962364623659,46,437184,6,0,0,0,0,0,0,0,0,0.023759,0,0,0,0,0,1,0,66,0,0,0,0,0,0,0,0,0,0,0,180,180,2026-08-17 22:31:59.978885+02,2026-08-17 22:31:59.978885+02
16384,18192,t,-8174376399313679814,SELECT TRIGGER_STATE FROM QRTZ_TRIGGERS WHERE SCHED_NAME = $3 AND TRIGGER_NAME = $1 AND TRIGGER_GROUP = $2,70,3.355945999999999,0.021083,0.183314,0.04794208571428572,0.025499211302504942,93,0.4527419999999998,0.001624,0.016382999999999998,0.004868193548387098,0.002927300838502623,93,93,0,0,0,0,0,0,0,0,0,0,0,0,0,0,0,0,0,0,0,0,0,0,0,0,0,0,0,0,0,0,0,2026-08-17 22:31:35.504064+02,2026-08-17 22:31:35.504064+02
10,18192,f,7750431745487769490,"COPY  ( SELECT election_region AS value, COUNT ( * ) AS count FROM person_element WHERE election_region IS NOT NULL GROUP BY election_region ORDER BY count DESC, election_region LIMIT $1 ) TO STDOUT WITH CSV HEADER",2,0.027509,0.013404,0.014105,0.0137545,0.0003505000000000001,2,0.0037329999999999998,0.001768,0.0019649999999999997,0.0018664999999999999,9.849999999999985e-05,0,6,0,0,0,0,0,0,0,0,0,0,0,0,0,0,0,0,0,0,0,0,0,0,0,0,0,0,0,0,0,0,0,2026-08-15 13:41:17.732543+02,2026-08-15 13:41:17.732543+02
10,18192,t,8708305095051643955,COPY  ( SELECT * FROM public.person_detail_element ORDER BY random ( ) LIMIT 0 ) TO STDOUT CSV HEADER,0,0,0,0,0,0,1,0.228718,0.228718,0.228718,0.228718,0,0,42,1,0,0,0,0,0,0,0,0,0.152782,0,0,0,0,0,0,0,0,0,0,0,0,0,0,0,0,0,0,0,0,0,2026-08-30 00:12:14.342973+02,2026-08-30 00:12:14.342973+02
10,18192,f,-6303911769570885728,COPY  ( SELECT * FROM public.committee_proposal_component_0 ORDER BY random ( ) LIMIT $1 ) TO STDOUT CSV HEADER,1,0.072669,0.072669,0.072669,0.072669,0,1,3.651579,3.651579,3.651579,3.651579,0,9157,96,0,0,0,0,0,0,0,0,0,0,0,0,0,0,0,0,0,0,0,0,0,0,0,0,0,0,0,0,0,0,0,2026-08-30 00:11:54.314526+02,2026-08-30 00:11:54.314526+02
16384,18192,t,-2009659903980438264,"SELECT c.oid, a.attnum, a.attname, c.relname, n.nspname, a.attnotnull OR (t.typtype = $1 AND t.typnotnull), a.attidentity != $2 OR pg_catalog.pg_get_expr(d.adbin, d.adrelid) LIKE $3 FROM pg_catalog.pg_class c JOIN pg_catalog.pg_namespace n ON (c.relnamespace = n.oid) JOIN pg_catalog.pg_attribute a ON (c.oid = a.attrelid) JOIN pg_catalog.pg_type t ON (a.atttypid = t.oid) LEFT JOIN pg_catalog.pg_attrdef d ON (d.adrelid = a.attrelid AND d.adnum = a.attnum) JOIN (SELECT $4 AS oid , $5 AS attnum) vals ON (c.oid = vals.oid AND a.attnum = vals.attnum) where c.oid in ($6)",6,1.245656,0.14968,0.389853,0.20760933333333334,0.08223993257063275,6,0.9138459999999999,0.019864000000000003,0.277038,0.15230766666666665,0.11700841561424355,6,129,0,2,0,0,0,0,0,0,0,0,0,0,0,0,0,2,2,1452,0,0,0,0,0,0,0,0,0,0,0,0,0,2026-08-17 22:31:35.024576+02,2026-08-17 22:31:35.024576+02
10,18192,f,7718891065394976231,COPY  ( SELECT * FROM public.performance_indicator_content ORDER BY random ( ) LIMIT $1 ) TO STDOUT CSV HEADER,1,1.811978,1.811978,1.811978,1.811978,0,1,0.000522,0.000522,0.000522,0.000522,0,0,23,1,0,0,0,0,0,0,0,0,1.750544,0,0,0,0,0,0,0,0,0,0,0,0,0,0,0,0,0,0,0,0,0,2026-08-30 00:12:14.324129+02,2026-08-30 00:12:14.324129+02
10,18192,f,-2251011005015538554,"COPY  ( SELECT org_code AS value, COUNT ( * ) AS count FROM assignment_data WHERE org_code IS NOT NULL GROUP BY org_code ORDER BY count DESC, org_code LIMIT $1 ) TO STDOUT WITH CSV HEADER",2,2.267436,0.180388,2.087048,1.133718,0.9533299999999999,2,16.267535,2.663644,13.603890999999999,8.1337675,5.4701235,182,5307,335,1,0,0,0,0,0,0,0,13.989023,0,0,0,0,0,2,1,1430,0,0,0,0,0,0,0,0,0,0,0,0,0,2026-08-15 13:41:16.107495+02,2026-08-15 13:41:16.107495+02
16384,18192,t,99674154865918995,REFRESH MATERIALIZED VIEW public.view_riksdagen_committee_decision_type_summary,0,0,0,0,0,0,11,210.33477600000003,17.668249,22.205562,19.121343272727273,1.3845005694309935,52316,30488,23,473,715,0,0,0,0,0,0,3.117639,0.829171,0,0,0,0,54287,194,5422239,0,0,0,0,0,0,0,0,0,0,0,0,0,2026-08-17 22:31:43.426525+02,2026-08-17 22:31:43.426525+02
16384,18192,t,-6189441862209685065,"insert into document_detail_data (code, detail_name, text, hjid) values ($1, $2, $3, $4)",17,0.052965,0.002203,0.005418,0.003115588235294118,0.000967364099518926,17,1.9937050000000003,0.001779,1.023949,0.11727676470588236,0.29868845680870926,17,102,13,8,0,0,0,0,0,0,0,1.70411,0,0,0,0,0,34,7,16811,0,0,0,0,0,0,0,0,0,0,0,0,0,2026-08-29 14:13:31.817969+02,2026-08-29 14:13:31.817969+02
10,18192,t,-8865342909922080031,COPY  ( SELECT * FROM public.view_riksdagen_org_document_daily_summary ORDER BY random ( ) LIMIT 3000 ) TO STDOUT WITH CSV HEADER,0,0,0,0,0,0,1,12.421614,12.421614,12.421614,12.421614,0,3000,38,704,0,0,0,0,0,0,0,0,0.085928,0,0,0,0,0,0,0,0,0,0,0,0,0,0,0,0,0,0,0,0,0,2026-08-30 00:15:40.779327+02,2026-08-30 00:15:40.779327+02
10,18192,f,3643624305334579083,"COPY  ( WITH temporal_buckets AS ( SELECT *, DATE_TRUNC ( $1 , assessment_period ) AS time_bucket, ROW_NUMBER ( ) OVER ( PARTITION BY DATE_TRUNC ( 'month' , assessment_period ) ORDER BY random ( ) ) AS rn FROM public.view_ministry_risk_evolution ) SELECT * FROM temporal_buckets WHERE rn = $2 ORDER BY time_bucket DESC LIMIT $3 ) TO STDOUT WITH CSV HEADER",1,0.740828,0.740828,0.740828,0.740828,0,1,27.254383999999998,27.254383999999998,27.254383999999998,27.254383999999998,0,8,23745,0,0,0,0,0,0,0,0,0,0,0,0,0,0,0,0,0,0,0,0,0,0,0,0,0,0,0,0,0,3,3,2026-08-30 00:16:07.217528+02,2026-08-30 00:16:07.217528+02
10,18192,t,-8771593614166858661,"COPY  ( SELECT ballot_type AS value, COUNT ( * ) AS count FROM vote_data WHERE ballot_type IS NOT NULL GROUP BY ballot_type ORDER BY count DESC, ballot_type LIMIT 2000 ) TO STDOUT WITH CSV HEADER",0,0,0,0,0,0,2,206.16578800000002,98.832632,107.333156,103.08289400000001,4.250261999999996,2,189090,568,0,0,0,0,0,0,0,0,2.721898,0,0,0,0,0,0,0,0,0,0,0,0,0,0,0,0,0,0,0,0,0,2026-08-15 13:41:16.4167+02,2026-08-15 13:41:16.4167+02
10,18192,f,7345887050858040662,COPY  ( SELECT * FROM public.agency ORDER BY random ( ) LIMIT $1 ) TO STDOUT CSV HEADER,1,0.2047,0.2047,0.2047,0.2047,0,1,0.16773,0.16773,0.16773,0.16773,0,1,32,2,0,0,0,0,0,0,0,0,0.312802,0,0,0,0,0,1,0,74,0,0,0,0,0,0,0,0,0,0,0,0,0,2026-08-30 00:11:54.286725+02,2026-08-30 00:11:54.286725+02
10,18192,f,4237648336244879493,REFRESH MATERIALIZED VIEW public.view_riksdagen_vote_data_ballot_politician_summary_weekly,0,0,0,0,0,0,2,6498.989515,3244.479197,3254.510318,3249.4947575,5.015560499999992,481002,127631,14688,18627,33283,0,0,0,0,4985,4955,7.056781,27.017246999999998,0,0,4.39189,10.147604000000001,481759,3247,169414744,0,0,0,0,0,0,0,0,0,0,0,0,0,2026-08-15 13:41:15.28796+02,2026-08-15 13:41:15.28796+02
10,18192,t,-7283480287687422867,"COPY  ( SELECT code AS value, COUNT ( * ) AS count FROM detail_element WHERE code IS NOT NULL GROUP BY code ORDER BY count DESC, code LIMIT 1000 ) TO STDOUT WITH CSV HEADER",0,0,0,0,0,0,2,0.481847,0.203522,0.278325,0.2409235,0.03740149999999998,0,92,2,0,0,0,0,0,0,0,0,0.302035,0,0,0,0,0,0,0,0,0,0,0,0,0,0,0,0,0,0,0,0,0,2026-08-15 13:41:17.115146+02,2026-08-15 13:41:17.115146+02
10,18192,f,-2880679435900226508,"format($18, 
                    mv_record.schemaname, mv_record.matviewname)",4,0.009112,0.001687,0.002762,0.002278,0.00047740601169235405,0,0,0,0,0,0,0,0,0,0,0,0,0,0,0,0,0,0,0,0,0,0,0,0,0,0,0,0,0,0,0,0,0,0,0,0,0,0,0,2026-08-15 13:40:34.267811+02,2026-08-15 13:40:34.267811+02
16384,18192,t,-8850922097969287310,"insert into document_content_data (content, id, hjid) values ($1, $2, $3)",44,3.7346500000000002,0.00419,1.519788,0.08487840909090907,0.2587431576190881,52,296.85828499999997,0.038405,62.729623,5.708813173076924,14.00739845810843,52,10153,18,1008,975,0,0,0,0,0,0,3.367665,2.613485,0,0,0,0,7826,37,8306931,0,0,0,0,0,0,0,0,0,0,0,0,0,2026-08-29 13:44:19.241446+02,2026-08-29 13:44:19.241446+02
10,18192,t,-3087425579773757650,"COPY  ( SELECT ballot_summary_item AS value, COUNT ( * ) AS count FROM committee_proposal_data WHERE ballot_summary_item IS NOT NULL GROUP BY ballot_summary_item ORDER BY count DESC, ballot_summary_item LIMIT 1000 ) TO STDOUT WITH CSV HEADER",0,0,0,0,0,0,2,36.355861000000004,17.675439,18.680422,18.177930500000002,0.5024914999999988,2000,5792,4,0,0,0,0,0,0,0,0,0.019236999999999997,0,0,0,0,0,0,0,0,0,0,0,0,0,0,0,0,0,0,0,0,0,2026-08-15 13:41:17.113697+02,2026-08-15 13:41:17.113697+02
10,18192,f,5932366022551277802,COPY  ( SELECT * FROM public.data_element ORDER BY random ( ) LIMIT $1 ) TO STDOUT CSV HEADER,1,0.254699,0.254699,0.254699,0.254699,0,1,0.00049,0.00049,0.00049,0.00049,0,0,27,1,0,0,0,0,0,0,0,0,0.180272,0,0,0,0,0,0,0,0,0,0,0,0,0,0,0,0,0,0,0,0,0,2026-08-30 00:11:54.400351+02,2026-08-30 00:11:54.400351+02
10,18192,f,5216899482198551725,"COPY  ( SELECT doc_type AS value, COUNT ( * ) AS count FROM document_element WHERE doc_type IS NOT NULL GROUP BY doc_type ORDER BY count DESC, doc_type LIMIT $1 ) TO STDOUT WITH CSV HEADER",2,0.161987,0.073488,0.088499,0.0809935,0.007505499999999998,2,71.118999,33.760368,37.358631,35.5594995,1.7991315000000014,192,91076,0,0,0,0,0,0,0,0,0,0,0,0,0,0,0,0,0,0,0,0,0,0,0,0,0,0,0,0,0,8,8,2026-08-15 13:41:16.966632+02,2026-08-15 13:41:16.966632+02
10,18192,f,-3237102852922441373,"COPY  ( WITH temporal_buckets AS ( SELECT *, DATE_TRUNC ( $1 , period_end ) AS time_bucket, ROW_NUMBER ( ) OVER ( PARTITION BY DATE_TRUNC ( 'month' , period_end ) ORDER BY random ( ) ) AS rn FROM public.view_politician_behavioral_trends ) SELECT * FROM temporal_buckets WHERE rn = $2 ORDER BY time_bucket DESC LIMIT $3 ) TO STDOUT WITH CSV HEADER",1,0.352604,0.352604,0.352604,0.352604,0,1,94.632814,94.632814,94.632814,94.632814,0,26,3032,0,0,0,0,0,0,0,0,0,0,0,0,0,0,0,0,0,0,0,0,0,0,0,0,0,0,0,0,0,2,2,2026-08-30 00:16:07.320781+02,2026-08-30 00:16:07.320781+02
16384,18192,t,-107211105619997506,REFRESH MATERIALIZED VIEW public.view_riksdagen_vote_data_ballot_politician_summary_daily,0,0,0,0,0,0,10,75654.110726,6424.98769,9786.260617,7565.4110726,1103.3300248218648,4617330,514965,1757861,227109,433084,0,0,0,0,20369,20319,19632.430522000002,426.089712,0,0,17.3309,39.112087,4621489,23011,2001246341,0,0,0,0,0,0,0,0,0,0,0,0,0,2026-08-17 22:32:30.993754+02,2026-08-17 22:32:30.993754+02
16384,18192,t,-4192498741992884779,REFRESH MATERIALIZED VIEW public.mv_annual_document_metrics,0,0,0,0,0,0,11,882.243087,58.582801,138.028811,80.203917,28.27612649929832,275,49414,8487,341,22,0,0,0,0,0,0,250.123851,0.314182,0,0,0,0,1229,334,442034,0,0,0,0,0,0,0,0,0,0,0,0,0,2026-08-17 22:31:37.720251+02,2026-08-17 22:31:37.720251+02
10,18192,t,-1718698397371701738,COPY  ( SELECT * FROM public.document_attachment_container ORDER BY random ( ) LIMIT 3000 ) TO STDOUT CSV HEADER,0,0,0,0,0,0,1,10.501662,10.501662,10.501662,10.501662,0,3000,43,401,3,0,0,0,0,0,0,0,3.260062,0,0,0,0,0,4,3,4466,0,0,0,0,0,0,0,0,0,0,0,0,0,2026-08-30 00:11:54.543219+02,2026-08-30 00:11:54.543219+02
10,18192,f,8309865241804072126,"COPY  ( SELECT electoral_region AS value, COUNT ( * ) AS count FROM vote_data WHERE electoral_region IS NOT NULL GROUP BY electoral_region ORDER BY count DESC, electoral_region LIMIT $1 ) TO STDOUT WITH CSV HEADER",2,0.058788,0.028739,0.030049,0.029394,0.0006549999999999993,2,228.219018,110.143048,118.07597,114.109509,3.966460999999999,60,189652,0,0,0,0,0,0,0,0,0,0,0,0,0,0,0,0,0,0,0,28,1.1357590000000002,0,0,2,0.440418,2,6.643514,2,0.514131,8,8,2026-08-15 13:41:17.733508+02,2026-08-15 13:41:17.733508+02
10,18192,f,1425455575102470258,ANALYZE public.view_riksdagen_party_document_daily_summary,0,0,0,0,0,0,2,18.643016,9.277057,9.365959,9.321508,0.04445100000000046,0,242,265,8,0,0,0,0,0,0,0,0.770046,0,0,0,0,0,51,6,32873,0,0,0,0,0,0,0,0,0,0,0,0,0,2026-08-15 13:41:22.435195+02,2026-08-15 13:41:22.435195+02
16384,18192,t,-5755798639126696234,"SELECT * FROM (SELECT current_database() AS current_database, n.nspname,c.relname,a.attname,a.atttypid,a.attnotnull  OR (t.typtype = $1 AND t.typnotnull) AS attnotnull,a.atttypmod,a.attlen,t.typtypmod,row_number() OVER (PARTITION BY a.attrelid ORDER BY a.attnum) AS attnum, nullif(a.attidentity, $2) as attidentity,nullif(a.attgenerated, $3) as attgenerated,pg_catalog.pg_get_expr(def.adbin, def.adrelid) AS adsrc,dsc.description,t.typbasetype,t.typtype  FROM pg_catalog.pg_namespace n  JOIN pg_catalog.pg_class c ON (c.relnamespace = n.oid)  JOIN pg_catalog.pg_attribute a ON (a.attrelid=c.oid)  JOIN pg_catalog.pg_type t ON (a.atttypid = t.oid)  LEFT JOIN pg_catalog.pg_attrdef def ON (a.attrelid=def.adrelid AND a.attnum = def.adnum)  LEFT JOIN pg_catalog.pg_description dsc ON (c.oid=dsc.objoid AND a.attnum = dsc.objsubid)  LEFT JOIN pg_catalog.pg_class dc ON (dc.oid=dsc.classoid AND dc.relname=$4)  LEFT JOIN pg_catalog.pg_namespace dn ON (dc.relnamespace=dn.oid AND dn.nspname=$5)  WHERE c.relkind in ($6 /*, ... */) and a.attnum > $7 AND NOT a.attisdropped  AND n.nspname LIKE $8 AND c.relname LIKE $9) c WHERE $10  AND attname LIKE $11 ORDER BY nspname,c.relname,attnum",3,5.390506,1.641076,2.02204,1.7968353333333333,0.1630958472092067,3,0.564624,0.10013799999999999,0.328569,0.188208,0.10031929675125653,42,1297,14,4,0,0,0,0,0,0,0,0.562746,0,0,0,0,0,9,4,9692,0,0,0,0,0,0,0,0,0,0,0,0,0,2026-08-17 22:31:29.535427+02,2026-08-17 22:31:29.535427+02
10,18192,f,-1147230164019118365,error_count > $5,2,0.0026030000000000003,0.001092,0.001511,0.0013015000000000001,0.0002095,0,0,0,0,0,0,0,0,0,0,0,0,0,0,0,0,0,0,0,0,0,0,0,0,0,0,0,0,0,0,0,0,0,0,0,0,0,0,0,2026-08-15 13:41:15.948369+02,2026-08-15 13:41:15.948369+02
10,18192,f,4791971265431157771,COPY  ( SELECT * FROM public.view_riksdagen_party_coalition_evolution ORDER BY random ( ) LIMIT $1 ) TO STDOUT WITH CSV HEADER,1,0.671636,0.671636,0.671636,0.671636,0,1,33.028296999999995,33.028296999999995,33.028296999999995,33.028296999999995,0,1413,10494,0,0,0,0,0,0,0,0,0,0,0,0,0,0,0,0,0,0,0,0,0,0,0,0,0,0,0,0,0,0,0,2026-08-30 00:16:30.205041+02,2026-08-30 00:16:30.205041+02
10,18192,f,8084037743218816170,SELECT EXISTS(SELECT $1 FROM public.mv_annual_voting_metrics LIMIT $2),2,0.07147200000000001,0.033646,0.037826,0.035736000000000004,0.0020899999999999964,2,0.007442000000000001,0.003538,0.0039040000000000004,0.0037210000000000003,0.0001830000000000001,2,12,2,0,0,0,0,0,0,0,0,0.012176,0,0,0,0,0,0,0,0,0,0,0,0,0,0,0,0,0,0,0,0,0,2026-08-15 13:40:37.924948+02,2026-08-15 13:40:37.924948+02
10,18192,f,2916302238453946712,"COPY  ( SELECT party AS value, COUNT ( * ) AS count FROM vote_data WHERE party IS NOT NULL GROUP BY party ORDER BY count DESC, party LIMIT $1 ) TO STDOUT WITH CSV HEADER",2,0.19594,0.097459,0.098481,0.09797,0.0005109999999999976,2,290.84250699999996,138.887842,151.95466499999998,145.42125349999998,6.533411499999993,18,20640,6504,0,0,0,0,0,0,0,0,199.072169,0,0,0,0,0,0,0,0,0,0,0,0,0,0,0,0,0,0,0,8,8,2026-08-15 13:41:16.416967+02,2026-08-15 13:41:16.416967+02
10,18192,f,-6041418078312232322,COPY  ( SELECT * FROM public.document_reference_data ORDER BY random ( ) LIMIT $1 ) TO STDOUT CSV HEADER,1,0.113191,0.113191,0.113191,0.113191,0,1,35.991544,35.991544,35.991544,35.991544,0,3000,27,3230,0,0,0,0,0,0,0,0,0.156414,0,0,0,0,0,0,0,0,0,0,0,0,0,0,0,0,0,0,0,0,0,2026-08-30 00:11:56.677748+02,2026-08-30 00:11:56.677748+02
10,18192,t,-8809702476138595485,COPY  ( SELECT * FROM public.document_detail_data ORDER BY random ( ) LIMIT 3000 ) TO STDOUT CSV HEADER,0,0,0,0,0,0,1,57.943721,57.943721,57.943721,57.943721,0,3000,27,6118,0,0,0,0,0,0,0,0,0.168519,0,0,0,0,0,1,0,56,0,0,0,0,0,0,0,0,0,0,0,0,0,2026-08-30 00:11:56.289885+02,2026-08-30 00:11:56.289885+02
10,18192,f,-8290084733202006187,view_record.object_type,1,0.00064,0.00064,0.00064,0.00064,0,0,0,0,0,0,0,0,0,0,0,0,0,0,0,0,0,0,0,0,0,0,0,0,0,0,0,0,0,0,0,0,0,0,0,0,0,0,0,0,2026-08-30 00:12:15.732803+02,2026-08-30 00:12:15.732803+02
10,18192,t,-4794700969290415753,"COPY  ( WITH temporal_buckets AS ( SELECT *, DATE_TRUNC ( 'month' , period_end ) AS time_bucket, ROW_NUMBER ( ) OVER ( PARTITION BY DATE_TRUNC ( 'month' , period_end ) ORDER BY random ( ) ) AS rn FROM public.view_politician_behavioral_trends ) SELECT * FROM temporal_buckets WHERE rn = 1 ORDER BY time_bucket DESC LIMIT 9113 ) TO STDOUT WITH CSV HEADER",0,0,0,0,0,0,1,95.138326,95.138326,95.138326,95.138326,0,26,3032,0,0,0,0,0,0,0,0,0,0,0,0,0,0,0,0,0,0,0,0,0,0,0,0,0,0,0,0,0,0,0,2026-08-30 00:16:07.415896+02,2026-08-30 00:16:07.415896+02
16384,18192,t,-8223465336005409197,"UPDATE QRTZ_TRIGGERS SET JOB_NAME = $1, JOB_GROUP = $2, DESCRIPTION = $3, NEXT_FIRE_TIME = $4, PREV_FIRE_TIME = $5, TRIGGER_STATE = $6, TRIGGER_TYPE = $7, START_TIME = $8, END_TIME = $9, CALENDAR_NAME = $10, MISFIRE_INSTR = $11, PRIORITY = $12 WHERE SCHED_NAME = $15 AND TRIGGER_NAME = $13 AND TRIGGER_GROUP = $14",72,3.442437999999999,0.026919,0.127842,0.04781163888888888,0.022332485054353715,171,12.894967,0.019031000000000003,1.9249720000000001,0.07540916374269002,0.15026619749131706,171,3577,19,41,0,0,0,0,0,0,0,1.595659,0,0,0,0,0,2396,28,226339,0,0,0,0,0,0,0,0,0,0,0,0,0,2026-08-17 22:31:35.111271+02,2026-08-17 22:31:35.111271+02
16384,18192,t,5239415541983065510,REFRESH MATERIALIZED VIEW public.view_riksdagen_vote_data_ballot_party_summary,0,0,0,0,0,0,11,13497.723171000001,1187.469507,1257.831371,1227.0657428181821,19.880670011567155,992321,2959601,13161,34095,46475,0,0,0,0,18324,18104,21.714261999999998,34.532528,0,0,15.16558,34.571672,995788,5516,310650086,0,0,0,0,0,0,0,0,0,0,0,0,0,2026-08-17 22:32:01.162243+02,2026-08-17 22:32:01.162243+02
10,18192,t,-2340099709521502606,COPY  ( SELECT * FROM public.jv_snapshot ORDER BY random ( ) LIMIT 5000 ) TO STDOUT CSV HEADER,0,0,0,0,0,0,1,13354.318507,13354.318507,13354.318507,13354.318507,0,5000,328,1062128,1375,0,0,0,0,0,0,0,9335.567163,0,0,0,0,0,1381,1375,2026438,0,0,0,0,0,0,0,0,0,0,0,0,0,2026-08-30 00:12:14.317545+02,2026-08-30 00:12:14.317545+02
10,18192,f,-3688696628780506391,$1,25,0.05746199999999999,0.000505,0.010516,0.0022984799999999994,0.002789589319165099,0,0,0,0,0,0,0,0,0,0,0,0,0,0,0,0,0,0,0,0,0,0,0,0,0,0,0,0,0,0,0,0,0,0,0,0,0,0,0,2026-08-15 13:40:34.26287+02,2026-08-15 13:40:34.26287+02
16384,16385,t,-86323926068950410,select version(),2,0.049287,0.018847,0.03044,0.0246435,0.0057965,2,0.010280000000000001,0.004337000000000001,0.0059429999999999995,0.0051400000000000005,0.0008029999999999997,2,0,0,0,0,0,0,0,0,0,0,0,0,0,0,0,0,0,0,0,0,0,0,0,0,0,0,0,0,0,0,0,0,2026-08-29 13:36:58.111798+02,2026-08-29 13:36:58.111798+02
16384,18192,t,-4847700865456574551,"INSERT INTO jv_commit ( author, commit_date, commit_date_instant, commit_id, commit_pk ) VALUES  ( $1,$2,$3,$4,$5 )",133,1.7656310000000004,0.003684,0.03494,0.013275421052631575,0.0052425923984034265,50660,218.19273500000037,0.0018909999999999999,0.8781909999999999,0.0043070022700355225,0.010954556657792523,50660,154902,48,973,858,0,0,0,0,0,0,6.180728,9.083618999999997,0,0,0,0,152279,114,12756385,0,0,0,0,0,0,0,0,0,0,0,0,0,2026-08-17 22:31:36.983486+02,2026-08-17 22:31:36.983486+02
10,18192,t,4506311602741120955,"COPY  ( SELECT party AS value, COUNT ( * ) AS count FROM person_element WHERE party IS NOT NULL GROUP BY party ORDER BY count DESC, party LIMIT 1000 ) TO STDOUT WITH CSV HEADER",0,0,0,0,0,0,2,0.10306499999999999,0.019033,0.084032,0.051532499999999995,0.032499499999999994,0,6,0,0,0,0,0,0,0,0,0,0,0,0,0,0,0,0,0,0,0,0,0,0,0,0,0,0,0,0,0,0,0,2026-08-15 13:41:17.732868+02,2026-08-15 13:41:17.732868+02
10,18192,t,7145005377560458887,"COPY  ( WITH temporal_buckets AS ( SELECT *, DATE_TRUNC ( 'month' , assessment_period_end ) AS time_bucket, ROW_NUMBER ( ) OVER ( PARTITION BY DATE_TRUNC ( 'month' , assessment_period_end ) ORDER BY random ( ) ) AS rn FROM public.view_risk_score_evolution ) SELECT * FROM temporal_buckets WHERE rn = 1 ORDER BY time_bucket DESC LIMIT 9059 ) TO STDOUT WITH CSV HEADER",0,0,0,0,0,0,1,1373.181721,1373.181721,1373.181721,1373.181721,0,30,42004,0,0,0,0,0,0,0,6561,6562,0,0,0,0,5.766381,11.163887,0,0,0,0,0,0,0,0,0,0,0,0,0,0,0,0,2026-08-30 00:16:33.975507+02,2026-08-30 00:16:33.975507+02
10,18192,t,-1110693437282911730,"COPY  ( SELECT group_behavior AS value, COUNT ( * ) AS count FROM vote_meta_data WHERE group_behavior IS NOT NULL GROUP BY group_behavior ORDER BY count DESC, group_behavior LIMIT 1000 ) TO STDOUT WITH CSV HEADER",0,0,0,0,0,0,2,0.0998,0.046636,0.053164,0.0499,0.003264000000000003,0,6,0,0,0,0,0,0,0,0,0,0,0,0,0,0,0,0,0,0,0,0,0,0,0,0,0,0,0,0,0,0,0,2026-08-15 13:41:17.971567+02,2026-08-15 13:41:17.971567+02
16384,18192,t,-3871404206398353903,"SELECT     tmp.TABLE_CAT AS ""TABLE_CAT"",     tmp.TABLE_SCHEM AS ""TABLE_SCHEM"",     tmp.TABLE_NAME AS ""TABLE_NAME"",     tmp.NON_UNIQUE AS ""NON_UNIQUE"",     tmp.INDEX_QUALIFIER AS ""INDEX_QUALIFIER"",     tmp.INDEX_NAME AS ""INDEX_NAME"",     tmp.TYPE AS ""TYPE"",     tmp.ORDINAL_POSITION AS ""ORDINAL_POSITION"",     trim(both $2 from pg_catalog.pg_get_indexdef(tmp.CI_OID, tmp.ORDINAL_POSITION, $3)) AS ""COLUMN_NAME"",   CASE tmp.AM_NAME     WHEN $4 THEN CASE tmp.I_INDOPTION[tmp.ORDINAL_POSITION - $5] & $6::smallint       WHEN $7 THEN $8       ELSE $9     END     ELSE $10   END AS ""ASC_OR_DESC"",     tmp.CARDINALITY AS ""CARDINALITY"",     tmp.PAGES AS ""PAGES"",     tmp.FILTER_CONDITION AS ""FILTER_CONDITION"",     tmp.REMARKS AS ""REMARKS""FROM (SELECT current_database() AS TABLE_CAT,  n.nspname AS TABLE_SCHEM,   ct.relname AS TABLE_NAME, NOT i.indisunique AS NON_UNIQUE,   $11 AS INDEX_QUALIFIER, ci.relname AS INDEX_NAME,   CASE i.indisclustered     WHEN $12 THEN $13    ELSE CASE am.amname       WHEN $14 THEN $15      ELSE $16    END   END AS TYPE,   (information_schema._pg_expandarray(i.indkey)).n AS ORDINAL_POSITION,   ci.reltuples AS CARDINALITY,   ci.relpages AS PAGES,   pg_catalog.pg_get_expr(i.indpred, i.indrelid) AS FILTER_CONDITION,   ci.oid AS CI_OID,   i.indoption AS I_INDOPTION,   am.amname AS AM_NAME,   d.description AS REMARKS FROM pg_catalog.pg_class ct   JOIN pg_catalog.pg_namespace n ON (ct.relnamespace = n.oid)   JOIN pg_catalog.pg_index i ON (ct.oid = i.indrelid)   JOIN pg_catalog.pg_class ci ON (ci.oid = i.indexrelid)   JOIN pg_catalog.pg_am am ON (ci.relam = am.oid)   LEFT JOIN pg_catalog.pg_description d ON (ci.oid = d.objoid) WHERE $17  AND ct.relname = $1) AS tmp ORDER BY ""NON_UNIQUE"", ""TYPE"", ""INDEX_NAME"", ""ORDINAL_POSITION""",3,2.0877179999999997,0.502821,1.078328,0.695906,0.2704175184648115,3,2.342784,0.16133999999999998,1.277275,0.7809280000000001,0.4638383260842798,9,641,22,1,0,0,0,0,0,0,0,0.9565540000000001,0,0,0,0,0,1,1,815,0,0,0,0,0,0,0,0,0,0,0,0,0,2026-08-17 22:31:35.026368+02,2026-08-17 22:31:35.026368+02
10,18192,f,315404340437276834,SELECT COUNT(*) FROM public.view_riksdagen_voting_anomaly_detection,1,0.446538,0.446538,0.446538,0.446538,0,1,5128.427195,5128.427195,5128.427195,5128.427195,0,1,1683605,0,0,0,0,0,0,0,0,0,0,0,0,0,0,0,0,0,0,0,59,3.112865,1,16.694771,1,241.21035,1,161.344997,1,1.548719,8,8,2026-08-30 00:15:34.776392+02,2026-08-30 00:15:34.776392+02
16384,18192,t,-1608469594690913474,"select useraccoun0_.hjid as hjid1_66_, useraccoun0_.country as country2_66_, useraccoun0_.created_date as created_3_66_, useraccoun0_.email as email4_66_, useraccoun0_.model_object_id as model_ob5_66_, useraccoun0_.model_object_version as model_ob6_66_, useraccoun0_.number_of_visits as number_o7_66_, useraccoun0_.user_email_status as user_ema8_66_, useraccoun0_.user_id as user_id9_66_, useraccoun0_.user_lock_status as user_lo10_66_, useraccoun0_.user_role as user_ro11_66_, useraccoun0_.user_type as user_ty12_66_, useraccoun0_.username as usernam13_66_, useraccoun0_.userpassword as userpas14_66_ from user_account useraccoun0_ where useraccoun0_.user_id=$1",1,8.413582,8.413582,8.413582,8.413582,0,1,0.37135999999999997,0.37135999999999997,0.37135999999999997,0.37135999999999997,0,0,59,2,0,0,0,0,0,0,0,0,8.561871,0,0,0,0,0,0,0,0,0,0,0,0,0,0,0,0,0,0,0,0,0,2026-08-29 13:42:12.280068+02,2026-08-29 13:42:12.280068+02
16384,18192,t,-5288652775795578424,"select useraccoun0_.hjid as hjid1_66_, useraccoun0_.country as country2_66_, useraccoun0_.created_date as created_3_66_, useraccoun0_.email as email4_66_, useraccoun0_.model_object_id as model_ob5_66_, useraccoun0_.model_object_version as model_ob6_66_, useraccoun0_.number_of_visits as number_o7_66_, useraccoun0_.user_email_status as user_ema8_66_, useraccoun0_.user_id as user_id9_66_, useraccoun0_.user_lock_status as user_lo10_66_, useraccoun0_.user_role as user_ro11_66_, useraccoun0_.user_type as user_ty12_66_, useraccoun0_.username as usernam13_66_, useraccoun0_.userpassword as userpas14_66_ from user_account useraccoun0_ where useraccoun0_.email=$1",1,0.04254,0.04254,0.04254,0.04254,0,1,0.015776,0.015776,0.015776,0.015776,0,1,1,0,0,0,0,0,0,0,0,0,0,0,0,0,0,0,0,0,0,0,0,0,0,0,0,0,0,0,0,0,0,0,2026-08-29 13:42:12.290633+02,2026-08-29 13:42:12.290633+02
10,18192,f,-7101502006291079135,"COPY  ( SELECT code AS value, COUNT ( * ) AS count FROM detail_data WHERE code IS NOT NULL GROUP BY code ORDER BY count DESC, code LIMIT $1 ) TO STDOUT WITH CSV HEADER",2,0.677365,0.333244,0.344121,0.3386825,0.005438500000000013,2,26.769309,13.120829,13.64848,13.3846545,0.2638254999999994,34,65,1075,0,0,0,0,0,0,0,0,14.245894,0,0,0,0,0,0,0,0,0,0,0,0,0,0,0,0,0,0,0,2,2,2026-08-15 13:41:17.030406+02,2026-08-15 13:41:17.030406+02
10,18192,t,3907523176289458908,"COPY  ( SELECT database_source AS value, COUNT ( * ) AS count FROM document_element WHERE database_source IS NOT NULL GROUP BY database_source ORDER BY count DESC, database_source LIMIT 2000 ) TO STDOUT WITH CSV HEADER",0,0,0,0,0,0,2,62.684723,29.307718,33.377005,31.3423615,2.034643499999998,10,91076,0,0,0,0,0,0,0,0,0,0,0,0,0,0,0,0,0,0,0,0,0,0,0,0,0,0,0,0,0,0,0,2026-08-15 13:41:17.030091+02,2026-08-15 13:41:17.030091+02
10,18192,f,3884779886015364640,ANALYZE public.view_riksdagen_vote_data_ballot_summary_daily,0,0,0,0,0,0,2,13.635137,6.802684,6.832453,6.8175685,0.014884499999999967,0,1046,4,8,4,0,0,0,0,0,0,0.010499,0.017058,0,0,0,0,212,0,98143,0,0,0,0,0,0,0,0,0,0,0,0,0,2026-08-15 13:41:34.387419+02,2026-08-15 13:41:34.387419+02
10,18192,f,-997393841297264865,REFRESH MATERIALIZED VIEW public.view_riksdagen_vote_data_ballot_party_summary_weekly,0,0,0,0,0,0,2,83.595366,41.796473,41.798893,41.797683,0.0012100000000003774,11270,3919,39,312,386,0,0,0,0,0,0,0.492571,0.171102,0,0,0,0,11800,44,2875119,0,0,0,0,0,0,0,0,0,0,0,0,0,2026-08-15 13:40:45.552233+02,2026-08-15 13:40:45.552233+02
16384,18192,t,7034974130818208975,update application_action_event set events_application_session_h_0=$1 where hjid=$2,13,0.304173,0.014917,0.04645,0.023397923076923077,0.00851460726282996,13,0.7077409999999998,0.029530999999999998,0.09308,0.05444161538461538,0.0213133610659838,13,143,0,0,0,0,0,0,0,0,0,0,0,0,0,0,0,31,0,2254,0,0,0,0,0,0,0,0,0,0,0,0,0,2026-08-17 22:31:37.09965+02,2026-08-17 22:31:37.09965+02
10,18192,f,1751961328176560177,SELECT COUNT(*) FROM public.view_riksdagen_politician,1,0.634327,0.634327,0.634327,0.634327,0,1,12.9806,12.9806,12.9806,12.9806,0,1,6118,0,0,0,0,0,0,0,0,0,0,0,0,0,0,0,0,0,0,0,0,0,0,0,0,0,0,0,0,0,2,2,2026-08-30 00:14:25.24034+02,2026-08-30 00:14:25.24034+02
10,18192,t,-4661591794535762973,"COPY  ( SELECT debate_name AS value, COUNT ( * ) AS count FROM document_element WHERE debate_name IS NOT NULL GROUP BY debate_name ORDER BY count DESC, debate_name LIMIT 1000 ) TO STDOUT WITH CSV HEADER",0,0,0,0,0,0,2,70.402549,33.568812,36.833737,35.2012745,1.6324625000000008,188,91074,2,0,0,0,0,0,0,0,0,0.011643,0,0,0,0,0,0,0,0,0,0,0,0,0,0,0,0,0,0,0,0,0,2026-08-15 13:41:17.390569+02,2026-08-15 13:41:17.390569+02
10,18192,f,1764577246872488836,"COPY  ( SELECT org AS value, COUNT ( * ) AS count FROM document_element WHERE org IS NOT NULL GROUP BY org ORDER BY count DESC, org LIMIT $1 ) TO STDOUT WITH CSV HEADER",2,0.209266,0.096621,0.112645,0.104633,0.008012000000000002,2,59.34746799999999,27.869585999999998,31.477881999999997,29.673733999999996,1.8041480000000005,656,91080,2,0,0,0,0,0,0,0,0,0.017516,0,0,0,0,0,0,0,0,0,0,0,0,0,0,0,0,0,0,0,8,8,2026-08-15 13:41:16.879231+02,2026-08-15 13:41:16.879231+02
10,18192,f,-9068437965660859748,COPY  ( SELECT * FROM public.view_riksdagen_vote_data_ballot_party_summary_daily ORDER BY random ( ) LIMIT $1 ) TO STDOUT WITH CSV HEADER,1,0.254751,0.254751,0.254751,0.254751,0,1,18.9238,18.9238,18.9238,18.9238,0,10716,215,359,0,0,0,0,0,0,0,0,0.228199,0,0,0,0,0,0,0,0,0,0,0,0,0,0,0,0,0,0,0,0,0,2026-08-30 00:15:40.80807+02,2026-08-30 00:15:40.80807+02
10,18192,f,1435757256676439647,SELECT COUNT(*) FROM public.view_riksdagen_party_switcher_outcomes,1,0.741768,0.741768,0.741768,0.741768,0,1,219.681237,219.681237,219.681237,219.681237,0,1,101305,0,0,0,0,0,0,0,0,0,0,0,0,0,0,0,0,0,0,0,168,5.070665,0,0,1,2.098926,1,37.161377,1,2.468085,5,5,2026-08-30 00:14:24.781261+02,2026-08-30 00:14:24.781261+02
10,18192,f,3494751474581512354,COPY  ( SELECT * FROM public.view_riksdagen_politician_document_daily_summary ORDER BY random ( ) LIMIT $1 ) TO STDOUT WITH CSV HEADER,1,0.049536,0.049536,0.049536,0.049536,0,1,23.265708,23.265708,23.265708,23.265708,0,50000,28,576,0,0,0,0,0,0,0,0,0.061766,0,0,0,0,0,0,0,0,0,0,0,0,0,0,0,0,0,0,0,0,0,2026-08-30 00:15:40.784383+02,2026-08-30 00:15:40.784383+02
16384,18192,t,3404988488314100818,UPDATE QRTZ_TRIGGERS SET TRIGGER_STATE = $1 WHERE SCHED_NAME = $5 AND TRIGGER_NAME = $2 AND TRIGGER_GROUP = $3 AND TRIGGER_STATE = $4,43,2.6771550000000013,0.033165,0.137722,0.062259418604651166,0.02456150046192311,44,18.052158999999996,0.039026000000000005,9.734164,0.4102763409090909,1.429920187416654,44,801,88,507,0,0,0,0,0,0,0,1.1264310000000002,0,0,0,0,0,640,505,175532,0,0,0,0,0,0,0,0,0,0,0,0,0,2026-08-17 22:31:35.497348+02,2026-08-17 22:31:35.497348+02
10,18192,t,-7212041664247011035,"COPY  ( SELECT org AS value, COUNT ( * ) AS count FROM committee_document_data WHERE org IS NOT NULL GROUP BY org ORDER BY count DESC, org LIMIT 2000 ) TO STDOUT WITH CSV HEADER",0,0,0,0,0,0,2,3.158132,1.485105,1.673027,1.579066,0.09396100000000002,68,93,821,0,0,0,0,0,0,0,0,0.28098,0,0,0,0,0,0,0,0,0,0,0,0,0,0,0,0,0,0,0,0,0,2026-08-15 13:41:16.742066+02,2026-08-15 13:41:16.742066+02
10,18192,f,-777422000392761876,ANALYZE public.mv_ministry_decision_impact,0,0,0,0,0,0,2,6.508081000000001,3.171768,3.336313,3.2540405000000003,0.08227250000000008,0,583,76,22,0,0,0,0,0,0,0,0.272771,0,0,0,0,0,75,22,82337,0,0,0,0,0,0,0,0,0,0,0,0,0,2026-08-15 13:41:18.080872+02,2026-08-15 13:41:18.080872+02
10,18192,t,-8823929451937611052,"COPY  ( SELECT status AS value, COUNT ( * ) AS count FROM assignment_element WHERE status IS NOT NULL GROUP BY status ORDER BY count DESC, status LIMIT 1000 ) TO STDOUT WITH CSV HEADER",0,0,0,0,0,0,2,0.05147,0.021495,0.029975,0.025735,0.004240000000000001,0,6,0,0,0,0,0,0,0,0,0,0,0,0,0,0,0,0,0,0,0,0,0,0,0,0,0,0,0,0,0,0,0,2026-08-15 13:41:17.078692+02,2026-08-15 13:41:17.078692+02
10,18192,f,6877228199701808145,SELECT COUNT(*) FROM public.view_riksdagen_committee_roles,1,0.100582,0.100582,0.100582,0.100582,0,1,3.7094720000000003,3.7094720000000003,3.7094720000000003,3.7094720000000003,0,1,528,0,0,0,0,0,0,0,0,0,0,0,0,0,0,0,0,0,0,0,0,0,0,0,0,0,0,0,0,0,0,0,2026-08-30 00:14:16.482195+02,2026-08-30 00:14:16.482195+02
10,18192,f,360630543058823630,ANALYZE public.view_riksdagen_vote_data_ballot_party_summary_annual,0,0,0,0,0,0,2,4.5137540000000005,2.162118,2.351636,2.2568770000000002,0.09475900000000015,0,670,31,18,0,0,0,0,0,0,0,0.445592,0,0,0,0,0,124,18,64829,0,0,0,0,0,0,0,0,0,0,0,0,0,2026-08-15 13:41:24.081943+02,2026-08-15 13:41:24.081943+02
10,18192,f,-2408721401270578246,SELECT COUNT(*) FROM public.view_riksdagen_seasonal_anomaly_detection,1,0.381347,0.381347,0.381347,0.381347,0,1,3331.1261980000004,3331.1261980000004,3331.1261980000004,3331.1261980000004,0,1,99680,0,0,0,0,0,0,0,35885,35890,0,0,0,0,32.703859,67.773632,0,0,0,0,54,3.321194,1,13.855321,1,276.975912,1,201.73427,1,1.625699,7,7,2026-08-30 00:15:28.100164+02,2026-08-30 00:15:28.100164+02
10,18192,f,2997362440311814134,SELECT EXISTS(SELECT $1 FROM public.view_riksdagen_vote_data_ballot_party_summary LIMIT $2),2,0.147224,0.072405,0.074819,0.073612,0.0012069999999999997,2,0.010238,0.005057,0.005181,0.005119,6.199999999999977e-05,2,14,10,0,0,0,0,0,0,0,0,0.032389,0,0,0,0,0,0,0,0,0,0,0,0,0,0,0,0,0,0,0,0,0,2026-08-15 13:40:45.332117+02,2026-08-15 13:40:45.332117+02
10,18192,f,2628005766536551854,ANALYZE public.mv_party_decision_flow,0,0,0,0,0,0,2,72.161108,35.681976,36.479132,36.080554,0.39857800000000054,0,591,655,30,0,0,0,0,0,0,0,0.335828,0,0,0,0,0,111,27,116866,0,0,0,0,0,0,0,0,0,0,0,0,0,2026-08-15 13:41:18.117412+02,2026-08-15 13:41:18.117412+02
10,18192,f,2161422967620150408,SELECT COUNT(*) FROM public.view_application_action_event_page_modes_daily_summary,1,0.030025,0.030025,0.030025,0.030025,0,1,0.250839,0.250839,0.250839,0.250839,0,1,34,0,0,0,0,0,0,0,0,0,0,0,0,0,0,0,0,0,0,0,0,0,0,0,0,0,0,0,0,0,0,0,2026-08-30 00:12:15.738525+02,2026-08-30 00:12:15.738525+02
10,18192,f,-947784252113963129,"CREATE TEMP TABLE IF NOT EXISTS tmp_mv_refresh_state (
        schemaname  text NOT NULL,
        matviewname text NOT NULL,
        PRIMARY KEY (schemaname, matviewname)
    ) ON COMMIT PRESERVE ROWS",0,0,0,0,0,0,2,5.220288,1.929219,3.291069,2.610144,0.6809249999999998,0,1185,30,38,0,0,0,0,0,0,0,3.029198,0,0,0,0,0,283,38,73879,0,0,0,0,0,0,0,0,0,0,0,0,0,2026-08-15 13:40:34.267102+02,2026-08-15 13:40:34.267102+02
10,18192,f,-5426551410865883644,"COPY  ( WITH temporal_strata AS ( SELECT *, ROW_NUMBER ( ) OVER ( PARTITION BY DATE ( embedded_id_created_date ) ORDER BY random ( ) ) AS rn FROM public.view_application_action_event_page_modes_daily_summary WHERE embedded_id_created_date >= CURRENT_DATE - INTERVAL $1 ) SELECT * FROM temporal_strata WHERE rn <= $2 LIMIT $3 ) TO STDOUT WITH CSV HEADER",1,0.082424,0.082424,0.082424,0.082424,0,1,0.14741200000000002,0.14741200000000002,0.14741200000000002,0.14741200000000002,0,8,39,0,0,0,0,0,0,0,0,0,0,0,0,0,0,0,0,0,0,0,0,0,0,0,0,0,0,0,0,0,0,0,2026-08-30 00:15:40.759933+02,2026-08-30 00:15:40.759933+02
10,18192,f,-2169692323094962018,"COPY  ( SELECT iso_2code AS value, COUNT ( * ) AS count FROM country_element WHERE iso_2code IS NOT NULL GROUP BY iso_2code ORDER BY count DESC, iso_2code LIMIT $1 ) TO STDOUT WITH CSV HEADER",2,0.063625,0.024724,0.038901,0.0318125,0.0070884999999999984,2,0.223283,0.105652,0.117631,0.1116415,0.005989499999999998,422,12,2,0,0,0,0,0,0,0,0,0.006304000000000001,0,0,0,0,0,0,0,0,0,0,0,0,0,0,0,0,0,0,0,0,0,2026-08-15 13:41:17.114658+02,2026-08-15 13:41:17.114658+02
16384,16385,t,4780889282940906016,"UPDATE public.databasechangeloglock SET LOCKED = $1, LOCKEDBY = $2, LOCKGRANTED = $3 WHERE ID = $4",1,0.039741,0.039741,0.039741,0.039741,0,1,0.027132,0.027132,0.027132,0.027132,0,1,3,0,0,0,0,0,0,0,0,0,0,0,0,0,0,0,1,0,69,0,0,0,0,0,0,0,0,0,0,0,0,0,2026-08-29 13:36:59.372852+02,2026-08-29 13:36:59.372852+02
16384,18192,t,-4511808443748019319,"SELECT * FROM public.databasechangelog ORDER BY DATEEXECUTED ASC, ORDEREXECUTED ASC",6,0.847037,0.017998,0.597364,0.14117283333333333,0.20644482835810046,6,5.676204,0.8436939999999999,1.239771,0.9460339999999999,0.13961018013024692,4134,407,7,0,0,0,0,0,0,0,0,0.510057,0,0,0,0,0,0,0,0,0,0,0,0,0,0,0,0,0,0,0,0,0,2026-08-17 22:31:29.551948+02,2026-08-17 22:31:29.551948+02
16384,18192,t,-7679650776868077536,SELECT COUNT(*) FROM public.databasechangelog,6,0.174662,0.024428,0.03818,0.029110333333333335,0.004467549315775808,6,0.24874400000000002,0.03122,0.058392,0.04145733333333334,0.00875739446918368,6,194,1,0,0,0,0,0,0,0,0,0.003341,0,0,0,0,0,0,0,0,0,0,0,0,0,0,0,0,0,0,0,0,0,2026-08-17 22:31:29.550467+02,2026-08-17 22:31:29.550467+02
10,18192,f,7298675410022531842,COPY  ( SELECT * FROM public.quality_assurance_content ORDER BY random ( ) LIMIT $1 ) TO STDOUT CSV HEADER,1,0.183736,0.183736,0.183736,0.183736,0,1,0.000375,0.000375,0.000375,0.000375,0,0,23,1,0,0,0,0,0,0,0,0,0.146203,0,0,0,0,0,0,0,0,0,0,0,0,0,0,0,0,0,0,0,0,0,2026-08-30 00:12:14.354334+02,2026-08-30 00:12:14.354334+02
16384,18192,t,1701482734148626691,"INSERT INTO jv_global_id ( type_name, local_id, global_id_pk ) VALUES  ( $1,$2,$3 )",133,0.7364919999999999,0.002256,0.017829,0.005537533834586465,0.003281031163670275,25567,152.2395839999995,0.0031030000000000003,1.223404,0.005954534517151002,0.020897666233741684,25567,207417,148,749,536,0,0,0,0,0,0,13.949315000000006,5.244234999999997,0,0,0,0,102895,215,9368994,0,0,0,0,0,0,0,0,0,0,0,0,0,2026-08-17 22:31:36.986086+02,2026-08-17 22:31:36.986086+02
16384,18192,t,1747425977644202956,"select events0_.events_application_session_h_0 as events_15_3_1_, events0_.hjid as hjid1_3_1_, events0_.hjid as hjid1_3_0_, events0_.action_name as action_n2_3_0_, events0_.application_message as applicat3_3_0_, events0_.application_operation as applicat4_3_0_, events0_.created_date as created_5_3_0_, events0_.element_id as element_6_3_0_, events0_.error_message as error_me7_3_0_, events0_.event_group as event_gr8_3_0_, events0_.model_object_id as model_ob9_3_0_, events0_.model_object_version as model_o10_3_0_, events0_.page as page11_3_0_, events0_.page_mode as page_mo12_3_0_, events0_.session_id as session13_3_0_, events0_.user_id as user_id14_3_0_ from application_action_event events0_ where events0_.events_application_session_h_0=$1",15,3.063255,0.024022,1.70883,0.20421699999999998,0.41499041843878764,15,3.705215,0.061233,1.219415,0.24701433333333334,0.3826602868800936,51,1241,108,5,0,0,0,0,0,0,0,3.7835460000000003,0,0,0,0,0,5,5,5605,0,0,0,0,0,0,0,0,0,0,0,0,0,2026-08-17 22:31:37.074358+02,2026-08-17 22:31:37.074358+02
10,18192,t,7824221199086257665,COPY  ( SELECT * FROM public.view_riksdagen_politician_document_daily_summary ORDER BY random ( ) LIMIT 50000 ) TO STDOUT WITH CSV HEADER,0,0,0,0,0,0,1,23.342752,23.342752,23.342752,23.342752,0,50000,28,576,0,0,0,0,0,0,0,0,0.061766,0,0,0,0,0,0,0,0,0,0,0,0,0,0,0,0,0,0,0,0,0,2026-08-30 00:15:40.807728+02,2026-08-30 00:15:40.807728+02
10,18192,f,-7473518747848160156,REFRESH MATERIALIZED VIEW public.view_riksdagen_vote_data_ballot_summary_monthly,0,0,0,0,0,0,2,6.070469,2.972553,3.097916,3.0352345,0.06268150000000006,450,1797,36,16,18,0,0,0,0,0,0,0.288964,0.051777000000000004,0,0,0,0,899,11,126403,0,0,0,0,0,0,0,0,0,0,0,0,0,2026-08-15 13:41:15.792665+02,2026-08-15 13:41:15.792665+02
10,18192,f,505775416922559565,SELECT EXISTS(SELECT $1 FROM public.view_worldbank_indicator_data_country_summary LIMIT $2),2,0.943341,0.142486,0.800855,0.4716705,0.3291845,2,0.009577,0.004379,0.005198,0.0047885,0.00040950000000000014,2,100,32,0,0,0,0,0,0,0,0,0.737708,0,0,0,0,0,0,0,0,0,0,0,0,0,0,0,0,0,0,0,0,0,2026-08-15 13:41:15.947372+02,2026-08-15 13:41:15.947372+02
10,18192,t,-8892599961090700096,COPY  ( SELECT * FROM public.application_configuration ORDER BY random ( ) LIMIT 14 ) TO STDOUT CSV HEADER,0,0,0,0,0,0,1,0.412722,0.412722,0.412722,0.412722,0,14,72,2,0,0,0,0,0,0,0,0,0.288011,0,0,0,0,0,4,0,282,0,0,0,0,0,0,0,0,0,0,0,0,0,2026-08-30 00:11:54.290246+02,2026-08-30 00:11:54.290246+02
10,18192,t,2925620138039469569,"COPY  ( SELECT role_code AS value, COUNT ( * ) AS count FROM assignment_data WHERE role_code IS NOT NULL GROUP BY role_code ORDER BY count DESC, role_code LIMIT 2000 ) TO STDOUT WITH CSV HEADER",0,0,0,0,0,0,2,25.192511,12.361835,12.830676,12.5962555,0.2344205000000006,152,284,720,0,0,0,0,0,0,0,0,2.99912,0,0,0,0,0,0,0,0,0,0,0,0,0,0,0,0,0,0,0,0,0,2026-08-15 13:41:16.122859+02,2026-08-15 13:41:16.122859+02
16384,18192,t,-7473518747848160156,REFRESH MATERIALIZED VIEW public.view_riksdagen_vote_data_ballot_summary_monthly,0,0,0,0,0,0,10,29.695473,2.69678,3.551695,2.9695473,0.3150916439152426,2250,8997,5,67,90,0,0,0,0,0,0,0.659948,0.233208,0,0,0,0,4574,46,631505,0,0,0,0,0,0,0,0,0,0,0,0,0,2026-08-17 22:32:19.820558+02,2026-08-17 22:32:19.820558+02
10,18192,f,5026709310191020150,COPY  ( SELECT * FROM public.qrtz_blob_triggers ORDER BY random ( ) LIMIT $1 ) TO STDOUT CSV HEADER,1,0.185747,0.185747,0.185747,0.185747,0,1,0.000346,0.000346,0.000346,0.000346,0,0,31,1,0,0,0,0,0,0,0,0,0.14309,0,0,0,0,0,0,0,0,0,0,0,0,0,0,0,0,0,0,0,0,0,2026-08-30 00:12:14.343755+02,2026-08-30 00:12:14.343755+02
10,18192,f,2068934209754216731,SELECT COUNT(*) FROM public.view_party_effectiveness_trends,1,0.234131,0.234131,0.234131,0.234131,0,1,11.294311,11.294311,11.294311,11.294311,0,1,2402,0,0,0,0,0,0,0,0,0,0,0,0,0,0,0,0,0,0,0,0,0,0,0,0,0,0,0,0,0,0,0,2026-08-30 00:14:15.384011+02,2026-08-30 00:14:15.384011+02
10,18192,t,6197106729433318212,"COPY  ( SELECT party AS value, COUNT ( * ) AS count FROM person_data WHERE party IS NOT NULL GROUP BY party ORDER BY count DESC, party LIMIT 2000 ) TO STDOUT WITH CSV HEADER",0,0,0,0,0,0,2,6.7353,0.692443,6.042857,3.36765,2.675207,32,142,366,0,0,0,0,0,0,0,0,5.418435000000001,0,0,0,0,0,0,0,0,0,0,0,0,0,0,0,0,0,0,0,0,0,2026-08-15 13:41:16.178813+02,2026-08-15 13:41:16.178813+02
10,18192,t,-3402504838850317499,"CREATE OR REPLACE FUNCTION cia_classify_temporal_view(p_viewname text)
RETURNS TABLE (temporal_granularity text, samples_per_bucket integer)
LANGUAGE sql
IMMUTABLE
AS $$
    SELECT
        CASE 
            -- Daily granularity: 2 samples per day over last 30 days (60 samples max)
            WHEN p_viewname LIKE '%_daily%' THEN 'daily'
            -- Weekly granularity: 2 samples per week over last 6 months (52 samples max)
            WHEN p_viewname LIKE '%_weekly%' THEN 'weekly'
            -- Monthly granularity: 2 samples per month over last 3 years (72 samples max)
            WHEN p_viewname LIKE '%_monthly%' THEN 'monthly'
            -- Annual granularity: 2 samples per year over full history
            WHEN p_viewname LIKE '%_annual%' THEN 'annual'
            -- Temporal trend views: mixed strategy (all available time periods)
            WHEN p_viewname LIKE '%_temporal%' OR p_viewname LIKE '%_trend%' 
                 OR p_viewname LIKE '%_evolution%' OR p_viewname LIKE '%_momentum%' THEN 'temporal_trend'
            -- Non-temporal views: use random sampling
            ELSE 'non_temporal'
        END AS temporal_granularity,
        CASE 
            WHEN p_viewname LIKE '%_daily%' THEN 2
            WHEN p_viewname LIKE '%_weekly%' THEN 2
            WHEN p_viewname LIKE '%_monthly%' THEN 2
            WHEN p_viewname LIKE '%_annual%' THEN 2
            WHEN p_viewname LIKE '%_temporal%' OR p_viewname LIKE '%_trend%' 
                 OR p_viewname LIKE '%_evolution%' OR p_viewname LIKE '%_momentum%' THEN 1
            ELSE 0
        END AS samples_per_bucket;
$$",0,0,0,0,0,0,2,1.206722,0.328717,0.878005,0.603361,0.274644,0,106,4,2,1,0,0,0,0,0,0,0.347159,0.01011,0,0,0,0,20,1,5283,0,0,0,0,0,0,0,0,0,0,0,0,0,2026-08-15 13:40:34.252709+02,2026-08-15 13:40:34.252709+02
10,18192,f,8620707278657580706,COPY  ( SELECT * FROM public.language_data ORDER BY random ( ) LIMIT $1 ) TO STDOUT CSV HEADER,1,0.870116,0.870116,0.870116,0.870116,0,1,0.764347,0.764347,0.764347,0.764347,0,135,46,4,0,0,0,0,0,0,0,0,1.383327,0,0,0,0,0,0,0,0,0,0,0,0,0,0,0,0,0,0,0,0,0,2026-08-30 00:12:14.320369+02,2026-08-30 00:12:14.320369+02
10,18192,t,8690198603623622366,"WITH table_counts AS (
    SELECT t.schemaname,
           t.tablename,
           COALESCE(c.reltuples, $1)::BIGINT AS row_count
    FROM pg_tables t
    JOIN pg_class c ON c.relname = t.tablename
    JOIN pg_namespace n ON n.oid = c.relnamespace AND n.nspname = t.schemaname
    WHERE t.schemaname = $2
),
table_extract AS (
    SELECT schemaname,
           tablename,
           row_count,
           -- Smart sample size calculation:
           -- 1. Complete extraction for small tables (< threshold)
           -- 2. Extended samples for party/committee/person data
           -- 3. Extended samples for document/voting/worldbank data
           -- 4. Default sample size for others
           CASE 
               -- Complete extraction for small tables
               WHEN row_count <= $3::int THEN row_count
               -- Extended samples for party-related tables
               WHEN tablename ILIKE $4 OR tablename ILIKE $5 THEN 
                   LEAST($6::int, row_count)
               -- Extended samples for committee-related tables
               WHEN tablename ILIKE $7 OR tablename ILIKE $8 THEN 
                   LEAST($9::int, row_count)
               -- Extended samples for person/politician data
               WHEN tablename ILIKE $10 OR tablename ILIKE $11 
                   OR tablename ILIKE $12 THEN 
                   LEAST($13::int, row_count)
               -- Extended samples for document-related tables
               WHEN tablename ILIKE $14 OR tablename ILIKE $15 THEN 
                   LEAST($16::int, row_count)
               -- Extended samples for voting-related tables
               WHEN tablename ILIKE $17 OR tablename ILIKE $18 THEN 
                   LEAST($19::int, row_count)
               -- Extended samples for worldbank data
               WHEN tablename ILIKE $20 OR tablename ILIKE $21 
                   OR tablename ILIKE $22 THEN 
                   LEAST($23::int, row_count)
               -- Default sample size
               ELSE LEAST($24::int, row_count)
           END AS sample_rows,
           -- Extraction type for logging
           CASE 
               WHEN row_count <= $25::int THEN $26
               WHEN tablename ILIKE $27 OR tablename ILIKE $28 THEN $29
               WHEN tablename ILIKE $30 OR tablename ILIKE $31 THEN $32
               WHEN tablename ILIKE $33 OR tablename ILIKE $34 
                   OR tablename ILIKE $35 THEN $36
               WHEN tablename ILIKE $37 OR tablename ILIKE $38 THEN $39
               WHEN tablename ILIKE $40 OR tablename ILIKE $41 THEN $42
               WHEN tablename ILIKE $43 OR tablename ILIKE $44 
                   OR tablename ILIKE $45 THEN $46
               ELSE $47
           END AS extraction_type,
           CASE WHEN tablename LIKE $48 THEN tablename ELSE $49 || tablename END AS file_prefix
    FROM table_counts
    -- CHANGED: Include ALL tables, even empty ones (for header-only CSV files)
    -- WHERE row_count > 0  -- REMOVED: No longer skip empty tables
)
SELECT format(
    $50 || $51 ||
    $52 || $53 ||
    $54 || $55 || $56 || $57 ||
    CASE 
        WHEN row_count = $58 THEN $59 || $60
        ELSE $61 || $62
    END,
    extraction_type,
    schemaname,
    tablename,
    sample_rows,
    row_count,
    schemaname,
    tablename,
    sample_rows,
    file_prefix,
    tablename,
    row_count,
    row_count,
    file_prefix,
    file_prefix
)
FROM table_extract
ORDER BY tablename",1,0.424225,0.424225,0.424225,0.424225,0,1,0.41552,0.41552,0.41552,0.41552,0,94,343,0,0,0,0,0,0,0,0,0,0,0,0,0,0,0,0,0,0,0,0,0,0,0,0,0,0,0,0,0,0,0,2026-08-30 00:11:54.269028+02,2026-08-30 00:11:54.269028+02
16384,16385,t,8927094299761399389,select current_catalog,1,0.012491,0.012491,0.012491,0.012491,0,1,0.003482,0.003482,0.003482,0.003482,0,1,0,0,0,0,0,0,0,0,0,0,0,0,0,0,0,0,0,0,0,0,0,0,0,0,0,0,0,0,0,0,0,0,2026-08-29 13:36:58.134582+02,2026-08-29 13:36:58.134582+02
10,18192,f,7517166585814994923,COPY  ( SELECT * FROM public.sweden_municipality_data ORDER BY random ( ) LIMIT $1 ) TO STDOUT CSV HEADER,1,0.15901,0.15901,0.15901,0.15901,0,1,0.000288,0.000288,0.000288,0.000288,0,0,25,1,0,0,0,0,0,0,0,0,0.123766,0,0,0,0,0,0,0,0,0,0,0,0,0,0,0,0,0,0,0,0,0,2026-08-30 00:12:14.362162+02,2026-08-30 00:12:14.362162+02
16384,18192,t,-3357053102885865394,"select committeed0_.id as id1_8_0_, committeed0_.committee_proposal_url_xml as committe2_8_0_, committeed0_.created_date as created_3_8_0_, committeed0_.document_status_url_www as document4_8_0_, committeed0_.document_status_url_xml as document5_8_0_, committeed0_.document_url_html as document6_8_0_, committeed0_.document_url_text as document7_8_0_, committeed0_.end_number as end_numb8_8_0_, committeed0_.hangar_id as hangar_i9_8_0_, committeed0_.label as label10_8_0_, committeed0_.org as org11_8_0_, committeed0_.public_date as public_12_8_0_, committeed0_.rm as rm13_8_0_, committeed0_.status as status14_8_0_, committeed0_.sub_title as sub_tit15_8_0_, committeed0_.sub_type as sub_typ16_8_0_, committeed0_.temp_label as temp_la17_8_0_, committeed0_.title as title18_8_0_ from committee_document_data committeed0_ where committeed0_.id in ($1 /*, ... */)",1,0.442549,0.442549,0.442549,0.442549,0,1,0.471947,0.471947,0.471947,0.471947,0,94,199,1,0,0,0,0,0,0,0,0,0.148748,0,0,0,0,0,0,0,0,0,0,0,0,0,0,0,0,0,0,0,0,0,2026-08-29 13:39:21.644593+02,2026-08-29 13:39:21.644593+02
10,18192,f,3132980507494761812,COPY  ( SELECT * FROM public.sweden_election_region ORDER BY random ( ) LIMIT $1 ) TO STDOUT CSV HEADER,1,0.145386,0.145386,0.145386,0.145386,0,1,0.00041600000000000003,0.00041600000000000003,0.00041600000000000003,0.00041600000000000003,0,0,25,1,0,0,0,0,0,0,0,0,0.112441,0,0,0,0,0,0,0,0,0,0,0,0,0,0,0,0,0,0,0,0,0,2026-08-30 00:12:14.36158+02,2026-08-30 00:12:14.36158+02
16384,16385,t,-7679650776868077536,SELECT COUNT(*) FROM public.databasechangelog,2,0.177599,0.02593,0.151669,0.0887995,0.0628695,2,0.055283,0.024593999999999998,0.030688999999999998,0.0276415,0.003047499999999999,2,46,1,0,0,0,0,0,0,0,0,0.13154,0,0,0,0,0,0,0,0,0,0,0,0,0,0,0,0,0,0,0,0,0,2026-08-29 13:36:58.656402+02,2026-08-29 13:36:58.656402+02
16384,16385,t,-5432105829246838125,"select string_agg(word, $1) from pg_catalog.pg_get_keywords() where word <> ALL ($2::text[])",1,3.284431,3.284431,3.284431,3.284431,0,1,0.668934,0.668934,0.668934,0.668934,0,1,62,17,0,0,0,0,0,0,0,0,1.7331,0,0,0,0,0,0,0,0,0,0,0,0,0,0,0,0,0,0,0,0,0,2026-08-29 13:36:58.122292+02,2026-08-29 13:36:58.122292+02
10,18192,t,-3196240313249406044,COPY  ( SELECT * FROM public.databasechangeloglock ORDER BY random ( ) LIMIT 1 ) TO STDOUT CSV HEADER,0,0,0,0,0,0,1,0.570478,0.570478,0.570478,0.570478,0,1,45,2,0,0,0,0,0,0,0,0,0.415881,0,0,0,0,0,0,0,0,0,0,0,0,0,0,0,0,0,0,0,0,0,2026-08-30 00:11:54.414068+02,2026-08-30 00:11:54.414068+02
10,18192,f,7639561945983849349,ANALYZE public.view_riksdagen_politician_document,0,0,0,0,0,0,2,1970.0848310000001,980.611292,989.473539,985.0424155000001,4.431123499999984,0,1489,16066,72,0,0,0,0,0,0,0,1.505272,0,0,0,0,0,413,54,492002,0,0,0,0,0,0,0,0,0,0,0,0,0,2026-08-15 13:41:23.424717+02,2026-08-15 13:41:23.424717+02
16384,18192,t,-8071642087556703646,select documentde0_.hjid as hjid1_24_0_ from document_detail_container documentde0_ where documentde0_.hjid=$1,70,1.0036659999999997,0.005355,0.072134,0.014338085714285714,0.013438555185672583,106564,470.6519499999998,0.0016849999999999999,1.522076,0.004416613021282979,0.00812146124312153,106564,426697,268,0,0,0,0,0,0,0,0,10.024928999999993,0,0,0,0,0,0,0,0,0,0,0,0,0,0,0,0,0,0,0,0,0,2026-08-29 13:42:50.840365+02,2026-08-29 13:42:50.840365+02
10,18192,f,94746264708033331,SELECT EXISTS(SELECT $1 FROM public.view_riksdagen_vote_data_ballot_party_summary_monthly LIMIT $2),2,0.07297999999999999,0.035049,0.037931,0.036489999999999995,0.0014409999999999996,2,0.006924,0.003421,0.003503,0.003462,4.100000000000013e-05,2,14,2,0,0,0,0,0,0,0,0,0.009153,0,0,0,0,0,0,0,0,0,0,0,0,0,0,0,0,0,0,0,0,0,2026-08-15 13:40:45.510307+02,2026-08-15 13:40:45.510307+02
10,18192,f,-856881767314942345,"COPY  ( WITH temporal_strata AS ( SELECT *, ROW_NUMBER ( ) OVER ( PARTITION BY DATE_TRUNC ( $1 , embedded_id_created_date ) ORDER BY random ( ) ) AS rn FROM public.view_application_action_event_page_modes_weekly_summary WHERE embedded_id_created_date >= CURRENT_DATE - INTERVAL $2 ) SELECT * FROM temporal_strata WHERE rn <= $3 LIMIT $4 ) TO STDOUT WITH CSV HEADER",1,0.083217,0.083217,0.083217,0.083217,0,1,0.381203,0.381203,0.381203,0.381203,0,24,39,0,0,0,0,0,0,0,0,0,0,0,0,0,0,0,0,0,0,0,0,0,0,0,0,0,0,0,0,0,0,0,2026-08-30 00:15:41.271479+02,2026-08-30 00:15:41.271479+02
10,18192,t,1821149643692095175,"COPY  ( SELECT decision_type AS value, COUNT ( * ) AS count FROM committee_proposal_data WHERE decision_type IS NOT NULL GROUP BY decision_type ORDER BY count DESC, decision_type LIMIT 2000 ) TO STDOUT WITH CSV HEADER",0,0,0,0,0,0,2,23.972771,11.173656,12.799115,11.9863855,0.8127295000000001,14,146,5786,0,0,0,0,0,0,0,0,0.317208,0,0,0,0,0,0,0,0,0,0,0,0,0,0,0,0,0,0,0,0,0,2026-08-15 13:41:16.756958+02,2026-08-15 13:41:16.756958+02
10,18192,f,6067827940198642845,"COPY  ( SELECT rm AS value, COUNT ( * ) AS count FROM document_element WHERE rm IS NOT NULL GROUP BY rm ORDER BY count DESC, rm LIMIT $1 ) TO STDOUT WITH CSV HEADER",2,0.161033,0.076882,0.084151,0.0805165,0.003634499999999999,2,62.024533000000005,29.687803,32.33673,31.012266500000003,1.3244635000000011,128,91075,1,0,0,0,0,0,0,0,0,0.010606,0,0,0,0,0,0,0,0,0,0,0,0,0,0,0,0,0,0,0,8,8,2026-08-15 13:41:16.907479+02,2026-08-15 13:41:16.907479+02
10,18192,t,-5131676469900706396,"CREATE OR REPLACE FUNCTION cia_percentile_sample(
    p_table_name text,
    p_column_name text,
    p_order_by text DEFAULT NULL
)
RETURNS TABLE (
    percentile_label text,
    percentile_value numeric,
    row_data jsonb
)
LANGUAGE plpgsql
AS $$
DECLARE
    v_sql text;
    v_order_by text;
BEGIN
    -- Default to column name if no order_by specified
    v_order_by := COALESCE(p_order_by, p_column_name);
    
    -- Build dynamic SQL to extract percentile samples using PERCENT_RANK()
    -- Design decision: PERCENT_RANK() directly calculates a continuous percentile
    -- position for each row, allowing precise matching of specific percentiles
    -- (P1, P10, P25, etc.) without relying on fixed NTILE(100) buckets
    v_sql := format('
        WITH ranked_data AS (
            SELECT 
                %I AS column_value,
                row_to_json(t.*)::jsonb AS row_data,
                PERCENT_RANK() OVER (ORDER BY %I) AS pct_rank
            FROM %I AS t
            WHERE %I IS NOT NULL
        ),
        target_percentiles AS (
            SELECT unnest(ARRAY[0.01, 0.10, 0.25, 0.50, 0.75, 0.90, 0.99]) AS target_pct,
                   unnest(ARRAY[''P1'', ''P10'', ''P25'', ''P50'', ''P75'', ''P90'', ''P99'']) AS percentile_label
        ),
        closest_rows AS (
            SELECT DISTINCT ON (tp.percentile_label)
                tp.percentile_label,
                rd.column_value AS percentile_value,
                rd.row_data
            FROM target_percentiles tp
            CROSS JOIN LATERAL (
                SELECT column_value, row_data, pct_rank
                FROM ranked_data
                WHERE pct_rank >= tp.target_pct
                ORDER BY pct_rank, %I
                LIMIT 1
            ) rd
        )
        SELECT percentile_label, percentile_value, row_data
        FROM closest_rows
        ORDER BY percentile_value
    ', p_column_name, p_column_name, p_table_name, p_column_name, v_order_by);
    
    RETURN QUERY EXECUTE v_sql;
EXCEPTION WHEN OTHERS THEN
    RAISE NOTICE 'ERROR in cia_percentile_sample for %.%: %', p_table_name, p_column_name, SQLERRM;
    RETURN;
END;
$$",0,0,0,0,0,0,2,0.363496,0.17636,0.187136,0.181748,0.005388000000000004,0,104,0,0,0,0,0,0,0,0,0,0,0,0,0,0,0,22,0,4886,0,0,0,0,0,0,0,0,0,0,0,0,0,2026-08-15 13:40:34.255078+02,2026-08-15 13:40:34.255078+02
10,18192,f,1722660475971542848,REFRESH MATERIALIZED VIEW public.view_riksdagen_vote_data_ballot_summary_daily,0,0,0,0,0,0,2,17.157400000000003,8.403506,8.753894,8.578700000000001,0.17519399999999985,2644,2392,45,74,67,0,0,0,0,0,0,0.807326,0.10044,0,0,0,0,3111,25,612815,0,0,0,0,0,0,0,0,0,0,0,0,0,2026-08-15 13:41:15.789381+02,2026-08-15 13:41:15.789381+02
10,18192,f,8285735208319686601,COPY  ( SELECT * FROM public.world_bank_data ORDER BY random ( ) LIMIT $1 ) TO STDOUT CSV HEADER,1,0.056045,0.056045,0.056045,0.056045,0,1,119.529149,119.529149,119.529149,119.529149,0,5000,27,10354,0,3989,0,0,0,0,0,0,0.265988,4.599189,0,0,0,0,1,0,56,0,3,0.238561,0,0,1,0.117047,1,1.332256,1,0.121709,0,0,2026-08-30 00:12:15.603834+02,2026-08-30 00:12:15.603834+02
16384,18192,t,4953141181454156269,"select indicatore0_.hjid as hjid1_37_, indicatore0_.id as id2_37_, indicatore0_.indicator_name as indicato3_37_, indicatore0_.source_id as source_i4_37_, indicatore0_.source_value as source_v5_37_, indicatore0_.source_note as source_n6_37_, indicatore0_.source_organization as source_o7_37_, indicatore0_.topics_indicator_element_hjid as topics_i8_37_ from indicator_element indicatore0_",1,0.21372,0.21372,0.21372,0.21372,0,1,43.683918000000006,43.683918000000006,43.683918000000006,43.683918000000006,0,30661,1624,5,0,0,0,0,0,0,0,0,8.577003,0,0,0,0,0,0,0,0,0,0,0,0,0,0,0,0,0,0,0,0,0,2026-08-29 13:39:27.654733+02,2026-08-29 13:39:27.654733+02
10,18192,f,-9094712217005381266,REFRESH MATERIALIZED VIEW public.view_riksdagen_vote_data_ballot_summary_weekly,0,0,0,0,0,0,2,8.906429,4.39077,4.515659,4.4532145,0.06244450000000046,1376,1880,38,33,36,0,0,0,0,0,0,0.31049,0.07184399999999999,0,0,0,0,1819,14,289626,0,0,0,0,0,0,0,0,0,0,0,0,0,2026-08-15 13:41:15.797217+02,2026-08-15 13:41:15.797217+02
10,18192,f,5150244277491975573,SELECT EXISTS(SELECT $1 FROM public.view_riksdagen_document_type_daily_summary LIMIT $2),2,0.5785610000000001,0.049672,0.528889,0.28928050000000005,0.2396085,2,0.009756999999999998,0.004804999999999999,0.004952,0.004878499999999999,7.350000000000043e-05,2,35,3,0,0,0,0,0,0,0,0,0.483214,0,0,0,0,0,0,0,0,0,0,0,0,0,0,0,0,0,0,0,0,0,2026-08-15 13:40:42.73175+02,2026-08-15 13:40:42.73175+02
10,18192,t,7343790880646849070,COPY  ( SELECT * FROM public.person_detail_data ORDER BY random ( ) LIMIT 2492 ) TO STDOUT CSV HEADER,0,0,0,0,0,0,1,3.104121,3.104121,3.104121,3.104121,0,2492,40,13,0,0,0,0,0,0,0,0,2.438896,0,0,0,0,0,0,0,0,0,0,0,0,0,0,0,0,0,0,0,0,0,2026-08-30 00:12:14.342642+02,2026-08-30 00:12:14.342642+02
16384,18192,t,-3593101044536734372,REFRESH MATERIALIZED VIEW public.view_riksdagen_vote_data_ballot_politician_summary_monthly,0,0,0,0,0,0,10,18505.929903999997,1782.113506,1896.136437,1850.5929904000002,42.18536965616291,790760,357977,11623,31728,43530,0,0,0,0,4782,4702,15.464685,26.026705999999997,0,0,3.915303,9.421196,794163,1505,276354335,0,0,0,0,0,0,0,0,0,0,0,0,0,2026-08-17 22:32:33.260704+02,2026-08-17 22:32:33.260704+02
16384,18192,t,-9179467057682131526,select setting from pg_settings where name = $1,3,0.256103,0.025129,0.170749,0.08536766666666668,0.06205057810814946,3,1.665346,0.39273399999999997,0.636512,0.5551153333333334,0.11482106513276313,0,16,2,0,0,0,0,0,0,0,0,0.13656800000000002,0,0,0,0,0,0,0,0,0,0,0,0,0,0,0,0,0,0,0,0,0,2026-08-17 22:31:29.009293+02,2026-08-17 22:31:29.009293+02
10,18192,f,1970686942779861827,COPY  ( SELECT * FROM public.application_configuration ORDER BY random ( ) LIMIT $1 ) TO STDOUT CSV HEADER,1,0.211089,0.211089,0.211089,0.211089,0,1,0.163536,0.163536,0.163536,0.163536,0,14,56,2,0,0,0,0,0,0,0,0,0.288011,0,0,0,0,0,4,0,282,0,0,0,0,0,0,0,0,0,0,0,0,0,2026-08-30 00:11:54.289856+02,2026-08-30 00:11:54.289856+02
10,18192,f,6677027767032459587,"COPY  ( SELECT short_code AS value, COUNT ( * ) AS count FROM sweden_political_party WHERE short_code IS NOT NULL GROUP BY short_code ORDER BY count DESC, short_code LIMIT $1 ) TO STDOUT WITH CSV HEADER",2,0.217455,0.037191,0.180264,0.1087275,0.0715365,2,0.217665,0.041643,0.17602199999999998,0.10883249999999998,0.06718949999999999,60,49,5,0,0,0,0,0,0,0,0,0.31626,0,0,0,0,0,0,0,0,0,0,0,0,0,0,0,0,0,0,0,0,0,2026-08-15 13:41:17.733368+02,2026-08-15 13:41:17.733368+02
10,18192,t,6606718860388773704,COPY  ( SELECT * FROM public.view_riksdagen_vote_data_ballot_party_summary_daily ORDER BY random ( ) LIMIT 10716 ) TO STDOUT WITH CSV HEADER,0,0,0,0,0,0,1,19.24248,19.24248,19.24248,19.24248,0,10716,215,359,0,0,0,0,0,0,0,0,0.228199,0,0,0,0,0,0,0,0,0,0,0,0,0,0,0,0,0,0,0,0,0,2026-08-30 00:15:40.827292+02,2026-08-30 00:15:40.827292+02
10,18192,f,-1885381440201473756,"COPY  ( SELECT group_behavior AS value, COUNT ( * ) AS count FROM vote_meta_data WHERE group_behavior IS NOT NULL GROUP BY group_behavior ORDER BY count DESC, group_behavior LIMIT $1 ) TO STDOUT WITH CSV HEADER",2,0.045491000000000004,0.019511,0.02598,0.022745500000000002,0.0032344999999999987,2,0.004372000000000001,0.0020320000000000004,0.00234,0.0021860000000000004,0.00015399999999999973,0,6,0,0,0,0,0,0,0,0,0,0,0,0,0,0,0,0,0,0,0,0,0,0,0,0,0,0,0,0,0,0,0,2026-08-15 13:41:17.971534+02,2026-08-15 13:41:17.971534+02
10,18192,f,-8323295173248980190,REFRESH MATERIALIZED VIEW public.view_riksdagen_committee_ballot_decision_party_summary,0,0,0,0,0,0,2,214.09413,76.587023,137.507107,107.047065,30.46004199999999,79622,18979,7423,4200,4354,0,0,0,0,206,200,105.103713,0.794068,0,0,0.16570400000000002,0.44271499999999997,80234,96,35424840,0,0,0,0,0,0,0,0,0,0,0,0,0,2026-08-15 13:40:38.513091+02,2026-08-15 13:40:38.513091+02
10,18192,f,-4762764375187779215,COPY  ( SELECT * FROM public.view_riksdagen_party_coalation_against_annual_summary ORDER BY random ( ) LIMIT $1 ) TO STDOUT WITH CSV HEADER,1,0.098466,0.098466,0.098466,0.098466,0,1,11.886551,11.886551,11.886551,11.886551,0,353,3015,0,0,0,0,0,0,0,0,0,0,0,0,0,0,0,0,0,0,0,0,0,0,0,0,0,0,0,0,0,3,3,2026-08-30 00:15:41.818644+02,2026-08-30 00:15:41.818644+02
10,18192,f,1186844720270310412,"COALESCE(result, $5)",1,0.003784,0.003784,0.003784,0.003784,0,0,0,0,0,0,0,0,0,0,0,0,0,0,0,0,0,0,0,0,0,0,0,0,0,0,0,0,0,0,0,0,0,0,0,0,0,0,0,0,2026-08-30 00:12:15.735222+02,2026-08-30 00:12:15.735222+02
10,18192,f,7389566949314228802,COPY  ( SELECT * FROM public.view_riksdagen_party_document_daily_summary ORDER BY random ( ) LIMIT $1 ) TO STDOUT WITH CSV HEADER,1,0.039429,0.039429,0.039429,0.039429,0,1,4.566993999999999,4.566993999999999,4.566993999999999,4.566993999999999,0,11283,29,92,0,0,0,0,0,0,0,0,0.22602,0,0,0,0,0,0,0,0,0,0,0,0,0,0,0,0,0,0,0,0,0,2026-08-30 00:15:40.779594+02,2026-08-30 00:15:40.779594+02
16384,16385,t,-9179467057682131526,select setting from pg_settings where name = $1,1,0.312546,0.312546,0.312546,0.312546,0,1,0.46759900000000004,0.46759900000000004,0.46759900000000004,0.46759900000000004,0,0,4,2,0,0,0,0,0,0,0,0,0.141632,0,0,0,0,0,0,0,0,0,0,0,0,0,0,0,0,0,0,0,0,0,2026-08-29 13:36:58.128346+02,2026-08-29 13:36:58.128346+02
10,18192,t,668921188379276366,"COPY  ( SELECT role_description AS value, COUNT ( * ) AS count FROM document_person_reference_da_0 WHERE role_description IS NOT NULL GROUP BY role_description ORDER BY count DESC, role_description LIMIT 1000 ) TO STDOUT WITH CSV HEADER",0,0,0,0,0,0,2,61.326994,16.112483,45.214511,30.663497,14.551014,2,114,6420,0,0,0,0,0,0,0,0,92.140765,0,0,0,0,0,0,0,0,0,0,0,0,0,0,0,0,0,0,0,0,0,2026-08-15 13:41:17.579902+02,2026-08-15 13:41:17.579902+02
10,18192,t,7314026257843811161,COPY  ( SELECT * FROM public.agency ORDER BY random ( ) LIMIT 1 ) TO STDOUT CSV HEADER,0,0,0,0,0,0,1,0.417207,0.417207,0.417207,0.417207,0,1,51,2,0,0,0,0,0,0,0,0,0.312802,0,0,0,0,0,1,0,74,0,0,0,0,0,0,0,0,0,0,0,0,0,2026-08-30 00:11:54.287113+02,2026-08-30 00:11:54.287113+02
10,18192,f,-6266289956035028213,SELECT COUNT(*) FROM public.view_riksdagen_politician_decision_pattern,1,1.2557,1.2557,1.2557,1.2557,0,1,437.183534,437.183534,437.183534,437.183534,0,1,1308505,1,0,0,0,0,0,0,0,0,0.021844,0,0,0,0,0,0,0,0,0,0,0,0,0,0,0,0,0,0,0,3,3,2026-08-30 00:14:48.424815+02,2026-08-30 00:14:48.424815+02
10,18192,f,-5493273584050537930,"COPY  ( SELECT detail_type AS value, COUNT ( * ) AS count FROM detail_element WHERE detail_type IS NOT NULL GROUP BY detail_type ORDER BY count DESC, detail_type LIMIT $1 ) TO STDOUT WITH CSV HEADER",2,0.02814,0.013496,0.014644,0.01407,0.0005740000000000012,2,0.003365,0.0016640000000000001,0.001701,0.0016825,1.8500000000000016e-05,0,6,0,0,0,0,0,0,0,0,0,0,0,0,0,0,0,0,0,0,0,0,0,0,0,0,0,0,0,0,0,0,0,2026-08-15 13:41:17.115196+02,2026-08-15 13:41:17.115196+02
16384,18192,t,8617053751213741110,REFRESH MATERIALIZED VIEW public.view_riksdagen_vote_data_ballot_politician_summary,0,0,0,0,0,0,11,212817.65965900006,18237.654501,21196.830993,19347.059969,790.0002719865603,41726091,7589276,4792930,1670249,3318711,0,0,0,0,1901541,1901585,2506.613105,3319.155788000001,0,0,8729.65538,3692.5410260000003,41732876,107899,14638356720,0,0,0,0,0,0,0,0,0,0,0,0,0,2026-08-17 22:32:19.755123+02,2026-08-17 22:32:19.755123+02
10,18192,f,3391589807021477934,COPY  ( SELECT * FROM public.portal ORDER BY random ( ) LIMIT $1 ) TO STDOUT CSV HEADER,1,0.286219,0.286219,0.286219,0.286219,0,1,0.160911,0.160911,0.160911,0.160911,0,2,41,2,0,0,0,0,0,0,0,0,0.39898500000000003,0,0,0,0,0,0,0,0,0,0,0,0,0,0,0,0,0,0,0,0,0,2026-08-30 00:12:14.343189+02,2026-08-30 00:12:14.343189+02
10,18192,f,3212139900178716757,SELECT EXISTS(SELECT $1 FROM public.view_riksdagen_vote_data_ballot_party_summary_annual LIMIT $2),2,0.086439,0.037626,0.048813,0.0432195,0.005593500000000001,2,0.007476,0.0031709999999999998,0.004305000000000001,0.003738,0.0005670000000000003,2,14,2,0,0,0,0,0,0,0,0,0.01026,0,0,0,0,0,0,0,0,0,0,0,0,0,0,0,0,0,0,0,0,0,2026-08-15 13:40:45.342814+02,2026-08-15 13:40:45.342814+02
16384,18192,t,-8060614678195444001,"select documentco0_.hjid as hjid1_22_, documentco0_.content as content2_22_, documentco0_.id as id3_22_ from document_content_data documentco0_ where documentco0_.id=$1",70,3.3272679999999997,0.021267,0.172882,0.04753239999999999,0.030542284849696497,4480,70670.20269499999,13.196767999999999,34.934746000000004,15.774598815848195,1.582873055328366,4425,48055055,8834,0,0,0,0,0,0,0,0,1937.5882549999978,0,0,0,0,0,0,0,0,0,0,0,0,0,0,0,0,0,0,0,0,0,2026-08-29 13:42:51.447623+02,2026-08-29 13:42:51.447623+02
10,18192,f,-5312209469118816254,COPY  ( SELECT * FROM public.vote_meta_data ORDER BY random ( ) LIMIT $1 ) TO STDOUT CSV HEADER,1,0.048465,0.048465,0.048465,0.048465,0,1,0.000836,0.000836,0.000836,0.000836,0,0,3,0,0,0,0,0,0,0,0,0,0,0,0,0,0,0,0,0,0,0,0,0,0,0,0,0,0,0,0,0,0,0,2026-08-30 00:12:15.603669+02,2026-08-30 00:12:15.603669+02
10,18192,f,-503107671251397602,COPY  ( SELECT * FROM public.qrtz_triggers ORDER BY random ( ) LIMIT $1 ) TO STDOUT CSV HEADER,1,2.939142,2.939142,2.939142,2.939142,0,1,0.182762,0.182762,0.182762,0.182762,0,4,287,14,0,0,0,0,0,0,0,0,2.898506,0,0,0,0,0,0,0,0,0,0,0,0,0,0,0,0,0,0,0,0,0,2026-08-30 00:12:14.351057+02,2026-08-30 00:12:14.351057+02
16384,18192,t,-5621520482186529740,REFRESH MATERIALIZED VIEW public.view_riksdagen_committee_ballot_decision_politician_summary,0,0,0,0,0,0,10,40735.142777999994,3698.25117,5386.866278,4073.5142778,465.9618482258535,18085180,2300222,2389344,1051047,2080987,0,0,0,0,1382737,1384299,526.6822629999999,2183.20287,0,0,1442.539847,3717.685112,18089181,16188,8830976485,0,0,0,0,0,0,0,0,0,0,0,0,0,2026-08-17 22:32:23.676011+02,2026-08-17 22:32:23.676011+02
10,18192,f,-5868217100728325566,"COPY  ( SELECT org AS value, COUNT ( * ) AS count FROM document_data WHERE org IS NOT NULL GROUP BY org ORDER BY count DESC, org LIMIT $1 ) TO STDOUT WITH CSV HEADER",2,0.18998199999999998,0.091346,0.098636,0.09499099999999999,0.003644999999999999,2,39.602073000000004,17.525584000000002,22.076489000000002,19.801036500000002,2.2754525,156,24693,195,7,0,0,0,0,0,0,0,4.1346430000000005,0,0,0,0,0,7,7,23271,0,0,0,0,0,0,0,0,0,0,0,4,4,2026-08-15 13:41:16.695565+02,2026-08-15 13:41:16.695565+02
10,18192,f,6286743942375019142,"COPY  ( WITH temporal_strata AS ( SELECT *, ROW_NUMBER ( ) OVER ( PARTITION BY DATE ( embedded_id_created_date ) ORDER BY random ( ) ) AS rn FROM public.view_application_action_event_page_element_daily_summary WHERE embedded_id_created_date >= CURRENT_DATE - INTERVAL $1 ) SELECT * FROM temporal_strata WHERE rn <= $2 LIMIT $3 ) TO STDOUT WITH CSV HEADER",1,0.098657,0.098657,0.098657,0.098657,0,1,0.125721,0.125721,0.125721,0.125721,0,8,39,0,0,0,0,0,0,0,0,0,0,0,0,0,0,0,0,0,0,0,0,0,0,0,0,0,0,0,0,0,0,0,2026-08-30 00:15:40.759494+02,2026-08-30 00:15:40.759494+02
10,18192,f,8085114347054180435,SELECT COUNT(*) FROM public.view_decision_temporal_trends,1,2.419012,2.419012,2.419012,2.419012,0,1,92.761817,92.761817,92.761817,92.761817,0,1,374281,409,0,0,0,0,0,0,0,0,32.414825,0,0,0,0,0,0,0,0,0,0,0,0,0,0,0,0,0,0,0,2,2,2026-08-30 00:12:16.311598+02,2026-08-30 00:12:16.311598+02
10,18192,f,-8788024061079916758,COPY  ( SELECT * FROM public.view_riksdagen_party_ballot_support_annual_summary ORDER BY random ( ) LIMIT $1 ) TO STDOUT WITH CSV HEADER,1,0.480452,0.480452,0.480452,0.480452,0,1,115.019054,115.019054,115.019054,115.019054,0,13504,6301,0,0,0,0,0,0,0,0,0,0,0,0,0,0,0,0,0,0,0,0,0,0,0,0,0,0,0,0,0,3,3,2026-08-30 00:15:41.70258+02,2026-08-30 00:15:41.70258+02
10,18192,f,3818008853605400092,views_refreshed_this_pass := views_refreshed_this_pass + $12,2,0.001558,0.000768,0.00079,0.000779,1.1000000000000023e-05,0,0,0,0,0,0,0,0,0,0,0,0,0,0,0,0,0,0,0,0,0,0,0,0,0,0,0,0,0,0,0,0,0,0,0,0,0,0,0,2026-08-15 13:40:34.315019+02,2026-08-15 13:40:34.315019+02
